ACK,STOP
EVT,SAFE
TM,SUN_L,3652,SUN_R,3699,SUN_NDV,-0.0064,SUN_ANGLE,-8.02
TM,MAG_X,-18.21,MAG_Y,28.64,MAG_Z,-10.03,MAG_HEADING,122.45
TM,GYRO_X,-0.858,GYRO_Y,-2.450,GYRO_Z,0.003,BODY_RATE,-0.003
TM,ADCS_MODE,MANUAL,ADCS_REFERENCE,SUN,TARGET,0.00,POINTING_ERROR,7.84,SUN_ERROR,8.02,MAG_ERROR,-122.45,GYRO_Z,0.038,RW_CMD,0
TM,EST_RAW,-8.02,EST_FILTERED,-8.02,EST_ANGLE,-7.84,EST_FILTER,ON,EST_FILTER_TYPE,MOVING_AVERAGE,EST_MA_WINDOW,1,EST_FILTER_STRENGTH,0.35
TM,EST_FUSION,ON,EST_GYRO_WEIGHT,0.98,EST_VALID,1
TM,SUN_L,3654,SUN_R,3699,SUN_NDV,-0.0061,SUN_ANGLE,-7.94
TM,MAG_X,-18.30,MAG_Y,28.53,MAG_Z,-9.81,MAG_HEADING,122.68
TM,GYRO_X,-0.796,GYRO_Y,-2.520,GYRO_Z,-0.181,BODY_RATE,0.181
ACK,TEAM_CDUMP,1519
TM,TEAM_CR_AUTO,ON,TGT,0.00,EST,47.15,ANG,47.15,LIT,1,ERR,-47.15,KP,4,KD,2,KI,1,SIGN,1,RSIGN,-1,MAX,60,DB,0.5,WRAP,1,SYNC,1,STRAT,RW
TM,TEAM_CR_HEAD,N,1519,DIV,2,COLS,i;t;tgt;ang;est;err;gz;u;I;K;rw;fl
TM,ADCS_MODE,MANUAL,ADCS_REFERENCE,SUN,TARGET,0.00,POINTING_ERROR,7.84,SUN_ERROR,7.92,MAG_ERROR,-122.43,GYRO_Z,0.108,RW_CMD,0
TM,EST_RAW,-7.92,EST_FILTERED,-7.92,EST_ANGLE,-7.84,EST_FILTER,ON,EST_FILTER_TYPE,MOVING_AVERAGE,EST_MA_WINDOW,1,EST_FILTER_STRENGTH,0.35
TM,EST_FUSION,ON,EST_GYRO_WEIGHT,0.98,EST_VALID,1
TM,TEAM_CR,0,212387,0.0,47.1,47.1,-47.1,0.2,-189.9,-0.9,0.0,-2,17
TM,TEAM_CR,1,212427,0.0,47.2,47.2,-47.2,0.3,-190.1,-0.9,0.0,-22,17
TM,TEAM_CR,2,212466,0.0,47.1,47.1,-47.1,-0.6,-188.3,-0.9,0.0,-42,17
TM,TEAM_CR,3,212506,0.0,47.1,47.0,-47.0,-3.3,-182.4,-0.9,0.0,-60,17
TM,TEAM_CR,4,212546,0.0,47.1,46.8,-46.8,-6.8,-174.5,-0.9,0.0,-60,17
TM,TEAM_CR,5,212586,0.0,47.1,46.5,-46.5,-9.5,-167.9,-0.9,0.0,-60,17
TM,TEAM_CR,6,212626,0.0,47.0,46.0,-46.0,-13.7,-157.6,-0.9,0.0,-60,17
TM,TEAM_CR,7,212672,0.0,46.8,45.4,-45.4,-15.7,-150.9,-0.9,0.0,-60,17
TM,TEAM_CR,8,212712,0.0,46.6,44.8,-44.8,-17.6,-144.8,-0.9,0.0,-60,17
TM,TEAM_CR,9,212752,0.0,46.4,44.1,-44.1,-19.5,-138.2,-0.9,0.0,-60,17
TM,TEAM_CR,10,212806,0.0,46.2,43.0,-43.0,-23.0,-126.9,-0.9,0.0,-60,17
TM,TEAM_CR,11,212846,0.0,46.1,42.2,-42.2,-25.2,-119.2,-0.9,0.0,-60,17
TM,SUN_L,3652,SUN_R,3699,SUN_NDV,-0.0064,SUN_ANGLE,-8.19
TM,MAG_X,-18.18,MAG_Y,28.74,MAG_Z,-10.06,MAG_HEADING,122.31
TM,GYRO_X,-1.015,GYRO_Y,-2.485,GYRO_Z,0.029,BODY_RATE,-0.029
TM,TEAM_CR,12,212885,0.0,46.0,41.2,-41.2,-29.7,-106.5,-0.9,0.0,-60,17
TM,TEAM_CR,13,212925,0.0,45.4,40.2,-40.2,-31.4,-98.9,-0.9,0.0,-60,17
TM,TEAM_CR,14,212965,0.0,44.2,39.1,-39.1,-34.2,-88.9,-0.9,0.0,-60,17
TM,TEAM_CR,15,213005,0.0,42.8,37.8,-37.8,-37.4,-77.4,-0.9,0.0,-60,17
TM,TEAM_CR,16,213045,0.0,41.0,36.5,-36.5,-40.0,-66.8,-0.9,0.0,-60,17
TM,TEAM_CR,17,213085,0.0,38.5,34.9,-34.9,-42.8,-55.0,-0.9,0.0,-59,1
TM,TEAM_CR,18,213125,0.0,36.0,33.2,-33.2,-46.0,-43.2,-2.3,0.0,-49,1
TM,TEAM_CR,19,213172,0.0,33.9,31.1,-31.1,-48.1,-31.9,-3.6,0.0,-37,1
TM,TEAM_CR,20,213225,0.0,31.2,28.7,-28.7,-47.0,-25.5,-4.7,0.0,-26,1
TM,TEAM_CR,21,213265,0.0,29.6,26.9,-26.9,-46.4,-20.8,-5.8,0.0,-22,1
TM,TEAM_CR,22,213305,0.0,27.6,25.2,-25.2,-46.1,-15.4,-6.8,0.0,-17,1
TM,ADCS_MODE,MANUAL,ADCS_REFERENCE,SUN,TARGET,0.00,POINTING_ERROR,7.85,SUN_ERROR,8.70,MAG_ERROR,-122.31,GYRO_Z,0.029,RW_CMD,0
TM,EST_RAW,-8.70,EST_FILTERED,-8.70,EST_ANGLE,-7.85,EST_FILTER,ON,EST_FILTER_TYPE,MOVING_AVERAGE,EST_MA_WINDOW,1,EST_FILTER_STRENGTH,0.35
TM,EST_FUSION,ON,EST_GYRO_WEIGHT,0.98,EST_VALID,1
TM,TEAM_CR,23,213346,0.0,26.0,23.5,-23.5,-43.7,-14.4,-7.8,0.0,-14,1
TM,TEAM_CR,24,213385,0.0,24.8,21.9,-21.9,-42.1,-12.3,-8.7,0.0,-12,1
TM,TEAM_CR,25,213426,0.0,23.5,20.4,-20.4,-39.4,-12.4,-9.5,0.0,-12,1
TM,TEAM_CR,26,213466,0.0,22.5,19.1,-19.1,-33.5,-19.9,-10.3,0.0,-17,1
TM,TEAM_CR,27,213506,0.0,21.3,18.0,-18.0,-31.9,-19.1,-11.0,0.0,-19,1
TM,TEAM_CR,28,213546,0.0,20.2,16.9,-16.9,-30.3,-18.7,-11.7,0.0,-19,1
TM,TEAM_CR,29,213586,0.0,19.3,16.0,-16.0,-25.9,-24.4,-12.4,0.0,-24,1
TM,SUN_L,3651,SUN_R,3699,SUN_NDV,-0.0065,SUN_ANGLE,-8.01
TM,MAG_X,-18.13,MAG_Y,28.61,MAG_Z,-10.29,MAG_HEADING,122.36
TM,GYRO_X,-1.111,GYRO_Y,-2.319,GYRO_Z,0.038,BODY_RATE,-0.038
TM,TEAM_CR,30,213626,0.0,17.9,15.1,-15.1,-24.5,-24.3,-13.0,0.0,-24,1
TM,TEAM_CR,31,213672,0.0,16.8,14.1,-14.1,-23.4,-23.2,-13.6,0.0,-23,1
TM,TEAM_CR,32,213711,0.0,15.8,13.3,-13.3,-23.4,-20.6,-14.1,0.0,-21,1
TM,TEAM_CR,33,213751,0.0,14.5,12.5,-12.5,-23.4,-17.7,-14.6,0.0,-18,1
TM,TEAM_CR,34,213806,0.0,14.2,11.3,-11.3,-22.0,-16.5,-15.1,0.0,-16,1
TM,TEAM_CR,35,213845,0.0,12.9,10.6,-10.6,-21.9,-14.1,-15.5,0.0,-14,1
TM,TEAM_CR,36,213885,0.0,11.7,9.8,-9.8,-20.7,-13.8,-15.9,0.0,-14,1
TM,TEAM_CR,37,213925,0.0,10.9,9.1,-9.1,-19.8,-13.1,-16.3,0.0,-13,1
TM,TEAM_CR,38,213965,0.0,10.1,8.4,-8.4,-19.0,-12.2,-16.6,0.0,-12,1
TM,TEAM_CR,39,214005,0.0,9.6,7.8,-7.8,-17.0,-14.1,-16.9,0.0,-14,1
TM,TEAM_CR,40,214045,0.0,8.5,7.2,-7.2,-15.5,-15.2,-17.2,0.0,-15,1
TM,TEAM_CR,41,214085,0.0,7.9,6.7,-6.7,-14.0,-16.2,-17.5,0.0,-16,1
TM,TEAM_CR,42,214125,0.0,7.2,6.3,-6.3,-8.5,-26.2,-17.8,0.0,-25,1
TM,TEAM_CR,43,214172,0.0,7.0,6.0,-6.0,-7.9,-26.1,-18.0,0.0,-26,1
TM,TEAM_CR,44,214226,0.0,6.1,5.7,-5.7,-4.6,-31.9,-18.2,0.0,-32,1
TM,TEAM_CR,45,214265,0.0,5.9,5.6,-5.6,-4.6,-31.4,-18.5,0.0,-31,1
TM,ADCS_MODE,MANUAL,ADCS_REFERENCE,SUN,TARGET,0.00,POINTING_ERROR,7.85,SUN_ERROR,8.11,MAG_ERROR,-122.48,GYRO_Z,-0.015,RW_CMD,0
TM,EST_RAW,-8.11,EST_FILTERED,-8.11,EST_ANGLE,-7.85,EST_FILTER,ON,EST_FILTER_TYPE,MOVING_AVERAGE,EST_MA_WINDOW,1,EST_FILTER_STRENGTH,0.35
TM,EST_FUSION,ON,EST_GYRO_WEIGHT,0.98,EST_VALID,1
TM,TEAM_CR,46,214305,0.0,5.5,5.4,-5.4,-4.8,-30.5,-18.7,0.0,-31,1
TM,TEAM_CR,47,214345,0.0,5.2,5.2,-5.2,-6.4,-26.8,-18.9,0.0,-28,1
TM,SUN_L,3652,SUN_R,3697,SUN_NDV,-0.0061,SUN_ANGLE,-7.86
TM,MAG_X,-18.21,MAG_Y,28.61,MAG_Z,-9.97,MAG_HEADING,122.48
TM,GYRO_X,-1.033,GYRO_Y,-2.170,GYRO_Z,-0.260,BODY_RATE,0.260
TM,TEAM_CR,48,214385,0.0,4.9,4.9,-4.9,-7.7,-23.1,-19.1,0.0,-24,1
TM,TEAM_CR,49,214425,0.0,4.9,4.6,-4.6,-8.2,-21.2,-19.3,0.0,-22,1
TM,TEAM_CR,50,214465,0.0,4.6,4.2,-4.2,-8.8,-18.8,-19.4,0.0,-19,1
TM,TEAM_CR,51,214505,0.0,4.1,3.9,-3.9,-7.6,-20.1,-19.6,0.0,-20,1
TM,TEAM_CR,52,214545,0.0,3.9,3.6,-3.6,-10.0,-14.0,-19.8,0.0,-18,1
TM,TEAM_CR,53,214585,0.0,3.7,3.3,-3.3,-7.3,-18.4,-19.9,0.0,-18,1
TM,TEAM_CR,54,214625,0.0,3.4,3.0,-3.0,-6.5,-19.2,-20.0,0.0,-19,1
TM,TEAM_CR,55,214672,0.0,3.4,2.8,-2.8,-4.3,-22.8,-20.1,0.0,-21,1
TM,TEAM_CR,56,214712,0.0,3.2,2.7,-2.7,-2.3,-26.6,-20.2,0.0,-27,1
TM,TEAM_CR,57,214753,0.0,2.9,2.6,-2.6,-2.3,-26.3,-20.3,0.0,-26,1
TM,TEAM_CR,58,214805,0.0,2.9,2.6,-2.6,-0.5,-29.9,-20.4,0.0,-30,1
TM,TEAM_CR,59,214845,0.0,2.9,2.6,-2.6,-1.1,-28.8,-20.6,0.0,-29,1
TM,TEAM_CR,60,214885,0.0,2.9,2.5,-2.5,-2.6,-25.6,-20.7,0.0,-27,1
TM,TEAM_CR,61,214925,0.0,2.7,2.4,-2.4,-2.9,-24.6,-20.7,0.0,-25,1
TM,TEAM_CR,62,214965,0.0,2.6,2.3,-2.3,-3.9,-22.3,-20.8,0.0,-23,1
TM,TEAM_CR,63,215005,0.0,2.3,2.1,-2.1,-4.0,-21.3,-20.9,0.0,-21,1
TM,TEAM_CR,64,215045,0.0,2.3,2.0,-2.0,-4.3,-20.2,-21.0,0.0,-20,1
TM,TEAM_CR,65,215086,0.0,2.1,1.8,-1.8,-4.1,-20.1,-21.1,0.0,-20,1
TM,TEAM_CR,66,215125,0.0,1.9,1.7,-1.7,-3.3,-21.2,-21.2,0.0,-21,1
TM,SUN_L,3653,SUN_R,3699,SUN_NDV,-0.0063,SUN_ANGLE,-8.27
TM,MAG_X,-18.22,MAG_Y,28.59,MAG_Z,-10.02,MAG_HEADING,122.51
TM,GYRO_X,-0.901,GYRO_Y,-2.433,GYRO_Z,-0.023,BODY_RATE,0.023
TM,TEAM_CR,67,215173,0.0,2.0,1.6,-1.6,-1.1,-25.4,-21.2,0.0,-24,1
TM,ADCS_MODE,MANUAL,ADCS_REFERENCE,SUN,TARGET,0.00,POINTING_ERROR,7.87,SUN_ERROR,7.95,MAG_ERROR,-122.23,GYRO_Z,-0.076,RW_CMD,0
TM,EST_RAW,-7.95,EST_FILTERED,-7.95,EST_ANGLE,-7.87,EST_FILTER,ON,EST_FILTER_TYPE,MOVING_AVERAGE,EST_MA_WINDOW,1,EST_FILTER_STRENGTH,0.35
TM,EST_FUSION,ON,EST_GYRO_WEIGHT,0.98,EST_VALID,1
TM,TEAM_CR,68,215225,0.0,1.7,1.6,-1.6,-0.1,-27.4,-21.3,0.0,-27,1
TM,TEAM_CR,69,215265,0.0,1.5,1.6,-1.6,0.4,-28.6,-21.3,0.0,-29,1
TM,TEAM_CR,70,215305,0.0,1.6,1.6,-1.6,0.0,-27.9,-21.4,0.0,-28,1
TM,TEAM_CR,71,215345,0.0,1.9,1.6,-1.6,-0.3,-27.5,-21.5,0.0,-27,1
TM,TEAM_CR,72,215385,0.0,1.6,1.6,-1.6,-1.2,-25.5,-21.5,0.0,-26,1
TM,TEAM_CR,73,215425,0.0,1.8,1.6,-1.6,-1.1,-25.7,-21.6,0.0,-26,1
TM,TEAM_CR,74,215465,0.0,1.6,1.5,-1.5,-1.1,-25.5,-21.7,0.0,-26,1
TM,TEAM_CR,75,215506,0.0,1.5,1.5,-1.5,-1.5,-24.7,-21.7,0.0,-25,1
TM,TEAM_CR,76,215545,0.0,1.6,1.4,-1.4,-1.3,-24.8,-21.8,0.0,-25,1
TM,TEAM_CR,77,215585,0.0,1.5,1.4,-1.4,-1.3,-24.8,-21.8,0.0,-25,1
TM,TEAM_CR,78,215626,0.0,1.8,1.4,-1.4,0.3,-28.0,-21.9,0.0,-28,1
TM,TEAM_CR,79,215673,0.0,1.3,1.4,-1.4,-0.5,-26.5,-21.9,0.0,-28,1
TM,TEAM_CR,80,215712,0.0,1.5,1.4,-1.4,0.4,-28.3,-22.0,0.0,-28,1
TM,TEAM_CR,81,215752,0.0,1.4,1.4,-1.4,-0.2,-27.3,-22.1,0.0,-27,1
TM,TEAM_CR,82,215805,0.0,1.5,1.4,-1.4,-0.9,-25.7,-22.1,0.0,-26,1
TM,TEAM_CR,83,215845,0.0,1.3,1.3,-1.3,-0.6,-26.2,-22.2,0.0,-26,1
TM,TEAM_CR,84,215886,0.0,1.2,1.3,-1.3,-1.4,-24.5,-22.2,0.0,-24,1
TM,SUN_L,3653,SUN_R,3699,SUN_NDV,-0.0063,SUN_ANGLE,-7.60
TM,MAG_X,-18.22,MAG_Y,28.67,MAG_Z,-10.08,MAG_HEADING,122.44
TM,GYRO_X,-1.207,GYRO_Y,-2.354,GYRO_Z,-0.015,BODY_RATE,0.015
TM,TEAM_CR,85,215925,0.0,1.3,1.2,-1.2,-1.2,-24.8,-22.3,0.0,-25,1
TM,TEAM_CR,86,215965,0.0,1.4,1.2,-1.2,-0.7,-25.8,-22.3,0.0,-26,1
TM,TEAM_CR,87,216008,0.0,1.3,1.2,-1.2,-0.5,-22.3,-22.3,0.0,-22,3
TM,TEAM_CR,88,216047,0.0,1.2,1.2,-1.2,0.7,-22.3,-22.3,0.0,-22,3
TM,TEAM_CR,89,216087,0.0,1.2,1.2,-1.2,0.6,-22.3,-22.3,0.0,-22,3
TM,TEAM_CR,90,216127,0.0,1.2,1.2,-1.2,0.0,-22.3,-22.3,0.0,-22,3
TM,ADCS_MODE,MANUAL,ADCS_REFERENCE,SUN,TARGET,0.00,POINTING_ERROR,7.86,SUN_ERROR,7.92,MAG_ERROR,-122.44,GYRO_Z,-0.321,RW_CMD,0
TM,EST_RAW,-7.92,EST_FILTERED,-7.92,EST_ANGLE,-7.86,EST_FILTER,ON,EST_FILTER_TYPE,MOVING_AVERAGE,EST_MA_WINDOW,1,EST_FILTER_STRENGTH,0.35
TM,EST_FUSION,ON,EST_GYRO_WEIGHT,0.98,EST_VALID,1
TM,TEAM_CR,91,216172,0.0,1.1,1.2,-1.2,-0.3,-22.3,-22.3,0.0,-22,3
TM,TEAM_CR,92,216212,0.0,1.2,1.2,-1.2,-0.7,-22.3,-22.3,0.0,-22,3
TM,TEAM_CR,93,216252,0.0,1.3,1.2,-1.2,-0.8,-22.3,-22.3,0.0,-22,3
TM,TEAM_CR,94,216292,0.0,1.2,1.1,-1.1,-0.4,-22.3,-22.3,0.0,-22,3
TM,TEAM_CR,95,216332,0.0,1.2,1.1,-1.1,-0.2,-22.3,-22.3,0.0,-22,3
TM,TEAM_CR,96,216372,0.0,1.0,1.1,-1.1,-0.2,-22.3,-22.3,0.0,-22,3
TM,TEAM_CR,97,216422,0.0,1.1,1.1,-1.1,0.7,-22.3,-22.3,0.0,-22,3
TM,TEAM_CR,98,216462,0.0,1.2,1.2,-1.2,0.1,-22.3,-22.3,0.0,-22,3
TM,TEAM_CR,99,216502,0.0,1.2,1.2,-1.2,0.1,-22.3,-22.3,0.0,-22,3
TM,TEAM_CR,100,216542,0.0,1.3,1.1,-1.1,-0.8,-22.3,-22.3,0.0,-22,3
TM,TEAM_CR,101,216582,0.0,1.2,1.1,-1.1,-1.2,-22.3,-22.3,0.0,-22,3
TM,TEAM_CR,102,216630,0.0,1.3,1.0,-1.0,-1.6,-22.3,-22.3,0.0,-22,3
TM,SUN_L,3652,SUN_R,3697,SUN_NDV,-0.0061,SUN_ANGLE,-7.85
TM,MAG_X,-18.10,MAG_Y,28.61,MAG_Z,-10.11,MAG_HEADING,122.32
TM,GYRO_X,-0.674,GYRO_Y,-2.249,GYRO_Z,-0.015,BODY_RATE,0.015
TM,TEAM_CR,103,216672,0.0,1.3,1.0,-1.0,-1.6,-22.3,-22.3,0.0,-22,3
TM,TEAM_CR,104,216711,0.0,0.9,0.9,-0.9,-1.6,-22.3,-22.3,0.0,-22,3
TM,TEAM_CR,105,216751,0.0,1.1,0.9,-0.9,-0.4,-22.3,-22.3,0.0,-22,3
TM,TEAM_CR,106,216791,0.0,1.2,0.9,-0.9,-0.1,-22.3,-22.3,0.0,-22,3
TM,TEAM_CR,107,216831,0.0,1.0,0.9,-0.9,0.6,-22.3,-22.3,0.0,-22,3
TM,TEAM_CR,108,216871,0.0,0.9,0.9,-0.9,0.0,-22.3,-22.3,0.0,-22,3
TM,TEAM_CR,109,216922,0.0,1.0,0.9,-0.9,-1.5,-22.3,-22.3,0.0,-22,3
TM,TEAM_CR,110,216961,0.0,0.9,0.8,-0.8,-1.9,-22.3,-22.3,0.0,-22,3
TM,TEAM_CR,111,217010,0.0,0.8,0.7,-0.7,-2.4,-22.3,-22.3,0.0,-22,3
TM,TEAM_CR,112,217050,0.0,0.8,0.6,-0.6,-2.4,-22.3,-22.3,0.0,-22,3
TM,TEAM_CR,113,217090,0.0,0.7,0.6,-0.6,-0.5,-22.3,-22.3,0.0,-22,3
TM,ADCS_MODE,MANUAL,ADCS_REFERENCE,SUN,TARGET,0.00,POINTING_ERROR,7.84,SUN_ERROR,7.89,MAG_ERROR,-122.49,GYRO_Z,-0.190,RW_CMD,0
TM,EST_RAW,-7.89,EST_FILTERED,-7.89,EST_ANGLE,-7.84,EST_FILTER,ON,EST_FILTER_TYPE,MOVING_AVERAGE,EST_MA_WINDOW,1,EST_FILTER_STRENGTH,0.35
TM,EST_FUSION,ON,EST_GYRO_WEIGHT,0.98,EST_VALID,1
TM,TEAM_CR,114,217130,0.0,0.9,0.6,-0.6,-0.4,-22.3,-22.3,0.0,-22,3
TM,TEAM_CR,115,217172,0.0,0.7,0.6,-0.6,0.3,-22.3,-22.3,0.0,-22,3
TM,TEAM_CR,116,217212,0.0,0.7,0.6,-0.6,-0.8,-22.3,-22.3,0.0,-22,3
TM,TEAM_CR,117,217252,0.0,0.7,0.5,-0.5,-1.0,-22.3,-22.3,0.0,-22,3
TM,TEAM_CR,118,217292,0.0,0.7,0.5,-0.5,-1.6,-22.3,-22.3,0.0,-22,3
TM,TEAM_CR,119,217332,0.0,0.6,0.4,-0.4,-2.2,-22.3,-22.3,0.0,-22,3
TM,TEAM_CR,120,217373,0.0,0.5,0.3,-0.3,-2.1,-22.3,-22.3,0.0,-22,3
TM,SUN_L,3654,SUN_R,3699,SUN_NDV,-0.0061,SUN_ANGLE,-7.25
TM,MAG_X,-18.29,MAG_Y,28.72,MAG_Z,-9.89,MAG_HEADING,122.49
TM,GYRO_X,-1.059,GYRO_Y,-2.152,GYRO_Z,0.003,BODY_RATE,-0.003
TM,TEAM_CR,121,217421,0.0,0.7,0.3,-0.3,-0.5,-22.3,-22.3,0.0,-22,3
TM,TEAM_CR,122,217461,0.0,0.6,0.3,-0.3,0.3,-22.3,-22.3,0.0,-22,3
TM,TEAM_CR,123,217501,0.0,0.5,0.3,-0.3,-0.2,-22.3,-22.3,0.0,-22,3
TM,TEAM_CR,124,217541,0.0,0.4,0.3,-0.3,-1.0,-22.3,-22.3,0.0,-22,3
TM,TEAM_CR,125,217581,0.0,0.6,0.3,-0.3,-1.5,-22.3,-22.3,0.0,-22,3
TM,TEAM_CR,126,217630,0.0,0.4,0.2,-0.2,-1.8,-22.3,-22.3,0.0,-22,3
TM,TEAM_CR,127,217672,0.0,0.3,0.1,-0.1,-1.7,-22.3,-22.3,0.0,-22,3
TM,TEAM_CR,128,217712,0.0,0.3,0.1,-0.1,-0.8,-22.3,-22.3,0.0,-22,3
TM,TEAM_CR,129,217752,0.0,0.3,0.1,-0.1,-0.2,-22.3,-22.3,0.0,-22,3
TM,TEAM_CR,130,217792,0.0,0.4,0.1,-0.1,0.4,-22.3,-22.3,0.0,-22,3
TM,TEAM_CR,131,217833,0.0,0.3,0.1,-0.1,-0.6,-22.3,-22.3,0.0,-22,3
TM,TEAM_CR,132,217872,0.0,0.4,0.1,-0.1,-1.1,-22.3,-22.3,0.0,-22,3
TM,TEAM_CR,133,217922,0.0,0.3,0.0,0.0,-1.3,-22.3,-22.3,0.0,-22,3
TM,TEAM_CR,134,217962,0.0,0.1,0.0,0.0,-1.2,-22.3,-22.3,0.0,-22,3
TM,TEAM_CR,135,218010,0.0,0.3,0.0,0.0,0.4,-22.3,-22.3,0.0,-22,3
TM,TEAM_CR,136,218050,0.0,0.1,0.0,0.0,0.2,-22.3,-22.3,0.0,-22,3
TM,ADCS_MODE,MANUAL,ADCS_REFERENCE,SUN,TARGET,0.00,POINTING_ERROR,7.79,SUN_ERROR,7.79,MAG_ERROR,-122.32,GYRO_Z,-0.198,RW_CMD,0
TM,EST_RAW,-7.79,EST_FILTERED,-7.79,EST_ANGLE,-7.79,EST_FILTER,ON,EST_FILTER_TYPE,MOVING_AVERAGE,EST_MA_WINDOW,1,EST_FILTER_STRENGTH,0.35
TM,EST_FUSION,ON,EST_GYRO_WEIGHT,0.98,EST_VALID,1
TM,TEAM_CR,137,218090,0.0,0.2,0.0,0.0,0.3,-22.3,-22.3,0.0,-22,3
TM,TEAM_CR,138,218130,0.0,0.2,0.0,0.0,-1.1,-22.3,-22.3,0.0,-22,3
TM,SUN_L,3653,SUN_R,3697,SUN_NDV,-0.0060,SUN_ANGLE,-7.66
TM,MAG_X,-18.08,MAG_Y,28.74,MAG_Z,-10.03,MAG_HEADING,122.18
TM,GYRO_X,-0.875,GYRO_Y,-2.441,GYRO_Z,-0.032,BODY_RATE,0.032
TM,TEAM_CR,139,218172,0.0,0.1,0.0,0.0,-1.0,-22.3,-22.3,0.0,-22,3
TM,TEAM_CR,140,218212,0.0,0.2,-0.1,0.1,-1.4,-22.3,-22.3,0.0,-22,3
TM,TEAM_CR,141,218253,0.0,-0.1,-0.1,0.1,-1.7,-22.3,-22.3,0.0,-22,3
TM,TEAM_CR,142,218292,0.0,0.0,-0.2,0.2,-1.4,-22.3,-22.3,0.0,-22,3
TM,TEAM_CR,143,218332,0.0,0.0,-0.2,0.2,-0.3,-22.3,-22.3,0.0,-22,3
TM,TEAM_CR,144,218372,0.0,0.0,-0.2,0.2,0.1,-22.3,-22.3,0.0,-22,3
TM,TEAM_CR,145,218422,0.0,0.2,-0.2,0.2,-1.1,-22.3,-22.3,0.0,-22,3
TM,TEAM_CR,146,218463,0.0,0.0,-0.3,0.3,-1.8,-22.3,-22.3,0.0,-22,3
TM,TEAM_CR,147,218502,0.0,-0.1,-0.3,0.3,-2.5,-22.3,-22.3,0.0,-22,3
TM,TEAM_CR,148,218542,0.0,0.0,-0.4,0.4,-2.9,-22.3,-22.3,0.0,-22,3
TM,TEAM_CR,149,218582,0.0,-0.4,-0.5,0.5,-1.3,-22.3,-22.3,0.0,-22,3
TM,TEAM_CR,150,218630,0.0,-0.2,-0.5,0.5,-0.3,-22.3,-22.3,0.0,-22,3
TM,TEAM_CR,151,218672,0.0,-0.3,-0.5,0.5,-0.2,-22.3,-22.3,0.0,-22,3
TM,TEAM_CR,152,218711,0.0,-0.4,-0.6,0.6,-1.2,-22.3,-22.3,0.0,-22,3
TM,TEAM_CR,153,218751,0.0,-0.4,-0.6,0.6,-1.7,-22.3,-22.3,0.0,-22,3
TM,TEAM_CR,154,218791,0.0,-0.4,-0.7,0.7,-2.4,-22.3,-22.3,0.0,-22,3
TM,TEAM_CR,155,218831,0.0,-0.6,-0.8,0.8,-2.4,-22.3,-22.3,0.0,-22,3
TM,TEAM_CR,156,218871,0.0,-0.2,-0.8,0.8,-0.9,-22.3,-22.3,0.0,-22,3
TM,TEAM_CR,157,218923,0.0,-0.8,-0.8,0.8,0.0,-22.3,-22.3,0.0,-22,3
TM,SUN_L,3649,SUN_R,3697,SUN_NDV,-0.0065,SUN_ANGLE,-8.10
TM,MAG_X,-18.27,MAG_Y,28.77,MAG_Z,-10.08,MAG_HEADING,122.42
TM,GYRO_X,-1.129,GYRO_Y,-2.467,GYRO_Z,-0.067,BODY_RATE,0.067
TM,TEAM_CR,158,218963,0.0,-0.7,-0.8,0.8,-0.9,-22.3,-22.3,0.0,-22,3
TM,ADCS_MODE,MANUAL,ADCS_REFERENCE,SUN,TARGET,0.00,POINTING_ERROR,7.80,SUN_ERROR,7.88,MAG_ERROR,-122.42,GYRO_Z,-0.111,RW_CMD,0
TM,EST_RAW,-7.88,EST_FILTERED,-7.88,EST_ANGLE,-7.80,EST_FILTER,ON,EST_FILTER_TYPE,MOVING_AVERAGE,EST_MA_WINDOW,1,EST_FILTER_STRENGTH,0.35
TM,EST_FUSION,ON,EST_GYRO_WEIGHT,0.98,EST_VALID,1
TM,TEAM_CR,159,219010,0.0,-0.9,-0.9,0.9,-1.5,-22.3,-22.3,0.0,-22,3
TM,TEAM_CR,160,219050,0.0,-0.7,-1.0,1.0,-2.2,-22.3,-22.3,0.0,-22,3
TM,TEAM_CR,161,219091,0.0,-0.8,-1.0,1.0,-2.2,-22.3,-22.3,0.0,-22,3
TM,TEAM_CR,162,219130,0.0,-0.7,-1.1,1.1,-0.7,-22.3,-22.3,0.0,-22,3
TM,TEAM_CR,163,219172,0.0,-0.9,-1.1,1.1,0.0,-22.3,-22.3,0.0,-22,3
TM,TEAM_CR,164,219213,0.0,-0.8,-1.1,1.1,-0.8,-22.3,-22.3,0.0,-22,3
TM,TEAM_CR,165,219252,0.0,-1.1,-1.1,1.1,-1.5,-22.3,-22.3,0.0,-22,3
TM,TEAM_CR,166,219292,0.0,-0.9,-1.2,1.2,-2.0,-22.3,-22.3,0.0,-22,3
TM,TEAM_CR,167,219332,0.0,-1.1,-1.3,1.3,-2.2,-22.3,-22.3,0.0,-22,3
TM,TEAM_CR,168,219372,0.0,-1.3,-1.3,1.3,-1.1,-22.3,-22.3,0.0,-22,3
TM,TEAM_CR,169,219421,0.0,-1.3,-1.4,1.4,-0.2,-22.3,-22.3,0.0,-22,3
TM,TEAM_CR,170,219461,0.0,-1.3,-1.4,1.4,-0.3,-22.3,-22.3,0.0,-22,3
TM,TEAM_CR,171,219501,0.0,-1.2,-1.4,1.4,-1.4,-22.3,-22.3,0.0,-22,3
TM,TEAM_CR,172,219541,0.0,-1.4,-1.5,1.5,-1.8,-22.3,-22.3,0.0,-22,3
TM,TEAM_CR,173,219581,0.0,-1.5,-1.6,1.6,-2.0,-17.2,-22.3,0.0,-17,3
TM,TEAM_CR,174,219630,0.0,-1.8,-1.6,1.6,0.0,-19.0,-22.3,0.0,-19,3
TM,TEAM_CR,175,219672,0.0,-1.8,-1.6,1.6,0.6,-19.7,-22.2,0.0,-20,3
TM,SUN_L,3653,SUN_R,3698,SUN_NDV,-0.0061,SUN_ANGLE,-7.65
TM,MAG_X,-18.30,MAG_Y,28.80,MAG_Z,-10.19,MAG_HEADING,122.44
TM,GYRO_X,-1.006,GYRO_Y,-2.328,GYRO_Z,-0.120,BODY_RATE,0.120
TM,TEAM_CR,176,219711,0.0,-1.7,-1.6,1.6,0.2,-19.3,-22.2,0.0,-19,3
TM,TEAM_CR,177,219751,0.0,-1.4,-1.6,1.6,-0.9,-18.1,-22.2,0.0,-18,3
TM,TEAM_CR,178,219791,0.0,-1.6,-1.6,1.6,-1.0,-17.8,-22.1,0.0,-18,3
TM,TEAM_CR,179,219831,0.0,-1.3,-1.6,1.6,-0.6,-18.2,-22.1,0.0,-18,3
TM,TEAM_CR,180,219871,0.0,-1.6,-1.6,1.6,0.9,-19.7,-22.1,0.0,-20,3
TM,TEAM_CR,181,219922,0.0,-1.6,-1.6,1.6,1.0,-19.9,-22.0,0.0,-20,3
TM,ADCS_MODE,MANUAL,ADCS_REFERENCE,SUN,TARGET,0.00,POINTING_ERROR,7.81,SUN_ERROR,7.90,MAG_ERROR,-122.08,GYRO_Z,-0.137,RW_CMD,0
TM,EST_RAW,-7.90,EST_FILTERED,-7.90,EST_ANGLE,-7.81,EST_FILTER,ON,EST_FILTER_TYPE,MOVING_AVERAGE,EST_MA_WINDOW,1,EST_FILTER_STRENGTH,0.35
TM,EST_FUSION,ON,EST_GYRO_WEIGHT,0.98,EST_VALID,1
TM,TEAM_CR,182,219962,0.0,-1.9,-1.6,1.6,-0.2,-18.6,-22.0,0.0,-19,3
TM,TEAM_CR,183,220010,0.0,-2.1,-1.6,1.6,-0.8,-17.9,-22.0,0.0,-18,3
TM,TEAM_CR,184,220051,0.0,-2.1,-1.7,1.7,-1.1,-17.4,-21.9,0.0,-17,3
TM,TEAM_CR,185,220090,0.0,-1.9,-1.7,1.7,-0.6,-17.9,-21.9,0.0,-18,3
TM,TEAM_CR,186,220130,0.0,-1.8,-1.7,1.7,0.3,-18.8,-21.9,0.0,-19,3
TM,TEAM_CR,187,220172,0.0,-1.6,-1.7,1.7,1.0,-19.5,-21.8,0.0,-20,3
TM,TEAM_CR,188,220212,0.0,-1.7,-1.7,1.7,-0.3,-18.2,-21.8,0.0,-18,3
TM,TEAM_CR,189,220252,0.0,-1.7,-1.7,1.7,-1.1,-17.2,-21.8,0.0,-17,3
TM,TEAM_CR,190,220292,0.0,-1.7,-1.7,1.7,-1.2,-17.0,-21.7,0.0,-17,3
TM,TEAM_CR,191,220332,0.0,-1.9,-1.8,1.8,-0.4,-17.7,-21.7,0.0,-18,3
TM,TEAM_CR,192,220372,0.0,-1.9,-1.7,1.7,1.0,-19.2,-21.7,0.0,-19,3
TM,TEAM_CR,193,220423,0.0,-1.5,-1.7,1.7,1.0,-19.3,-21.6,0.0,-19,3
TM,SUN_L,3653,SUN_R,3697,SUN_NDV,-0.0060,SUN_ANGLE,-7.88
TM,MAG_X,-18.06,MAG_Y,28.82,MAG_Z,-10.14,MAG_HEADING,122.08
TM,GYRO_X,-1.085,GYRO_Y,-2.284,GYRO_Z,-0.102,BODY_RATE,0.102
TM,TEAM_CR,194,220463,0.0,-1.6,-1.7,1.7,-0.4,-17.9,-21.6,0.0,-18,3
TM,TEAM_CR,195,220503,0.0,-1.5,-1.7,1.7,-0.7,-17.5,-21.6,0.0,-17,3
TM,TEAM_CR,196,220543,0.0,-1.8,-1.7,1.7,-1.3,-16.7,-21.5,0.0,-17,3
TM,TEAM_CR,197,220583,0.0,-1.8,-1.7,1.7,0.9,-18.9,-21.5,0.0,-19,3
TM,TEAM_CR,198,220630,0.0,-1.8,-1.7,1.7,1.0,-19.1,-21.5,0.0,-19,3
TM,TEAM_CR,199,220672,0.0,-1.5,-1.7,1.7,0.5,-18.6,-21.4,0.0,-19,3
TM,TEAM_CR,200,220711,0.0,-1.6,-1.7,1.7,-0.4,-17.7,-21.4,0.0,-18,3
TM,TEAM_CR,201,220751,0.0,-1.9,-1.7,1.7,-0.6,-17.3,-21.4,0.0,-17,3
TM,TEAM_CR,202,220791,0.0,-1.8,-1.7,1.7,-0.7,-17.2,-21.3,0.0,-17,3
TM,TEAM_CR,203,220831,0.0,-1.5,-1.7,1.7,0.5,-18.4,-21.3,0.0,-18,3
TM,TEAM_CR,204,220871,0.0,-1.7,-1.7,1.7,1.6,-19.5,-21.2,0.0,-19,3
TM,ADCS_MODE,MANUAL,ADCS_REFERENCE,SUN,TARGET,0.00,POINTING_ERROR,7.81,SUN_ERROR,8.01,MAG_ERROR,-122.24,GYRO_Z,-0.102,RW_CMD,0
TM,EST_RAW,-8.01,EST_FILTERED,-8.01,EST_ANGLE,-7.81,EST_FILTER,ON,EST_FILTER_TYPE,MOVING_AVERAGE,EST_MA_WINDOW,1,EST_FILTER_STRENGTH,0.35
TM,EST_FUSION,ON,EST_GYRO_WEIGHT,0.98,EST_VALID,1
TM,TEAM_CR,205,220922,0.0,-1.7,-1.6,1.6,0.0,-18.0,-21.2,0.0,-18,3
TM,TEAM_CR,206,220961,0.0,-1.7,-1.7,1.7,-0.7,-17.1,-21.2,0.0,-17,3
TM,TEAM_CR,207,221010,0.0,-1.8,-1.7,1.7,-0.9,-16.8,-21.1,0.0,-17,3
TM,TEAM_CR,208,221050,0.0,-2.0,-1.7,1.7,0.5,-18.2,-21.1,0.0,-18,3
TM,TEAM_CR,209,221090,0.0,-1.6,-1.7,1.7,1.2,-18.9,-21.1,0.0,-19,3
TM,TEAM_CR,210,221130,0.0,-1.6,-1.6,1.6,1.1,-18.8,-21.0,0.0,-19,3
TM,TEAM_CR,211,221172,0.0,-1.7,-1.7,1.7,-0.4,-17.3,-21.0,0.0,-17,3
TM,SUN_L,3652,SUN_R,3699,SUN_NDV,-0.0064,SUN_ANGLE,-7.89
TM,MAG_X,-18.32,MAG_Y,28.78,MAG_Z,-10.29,MAG_HEADING,122.48
TM,GYRO_X,-1.041,GYRO_Y,-2.144,GYRO_Z,-0.032,BODY_RATE,0.032
TM,TEAM_CR,212,221212,0.0,-2.0,-1.7,1.7,-0.9,-16.7,-21.0,0.0,-17,3
TM,TEAM_CR,213,221252,0.0,-1.8,-1.7,1.7,-1.0,-16.5,-20.9,0.0,-16,3
TM,TEAM_CR,214,221293,0.0,-1.7,-1.7,1.7,0.7,-18.2,-20.9,0.0,-18,3
TM,TEAM_CR,215,221332,0.0,-1.8,-1.7,1.7,1.4,-19.0,-20.9,0.0,-19,3
TM,TEAM_CR,216,221372,0.0,-1.8,-1.6,1.6,0.3,-17.8,-20.8,0.0,-18,3
TM,TEAM_CR,217,221422,0.0,-1.9,-1.7,1.7,-0.3,-17.2,-20.8,0.0,-17,3
TM,TEAM_CR,218,221462,0.0,-1.8,-1.7,1.7,-0.8,-16.6,-20.8,0.0,-17,3
TM,TEAM_CR,219,221503,0.0,-1.8,-1.7,1.7,0.0,-17.4,-20.7,0.0,-17,3
TM,TEAM_CR,220,221542,0.0,-2.0,-1.7,1.7,1.1,-18.4,-20.7,0.0,-18,3
TM,TEAM_CR,221,221582,0.0,-1.8,-1.6,1.6,0.9,-18.3,-20.7,0.0,-18,3
TM,TEAM_CR,222,221630,0.0,-1.7,-1.7,1.7,-0.5,-16.8,-20.6,0.0,-17,3
TM,TEAM_CR,223,221673,0.0,-1.9,-1.7,1.7,-0.9,-16.3,-20.6,0.0,-16,3
TM,TEAM_CR,224,221713,0.0,-2.1,-1.7,1.7,-0.7,-16.4,-20.6,0.0,-16,3
TM,TEAM_CR,225,221754,0.0,-1.8,-1.7,1.7,0.7,-17.8,-20.5,0.0,-18,3
TM,TEAM_CR,226,221793,0.0,-1.6,-1.7,1.7,1.4,-18.6,-20.5,0.0,-19,3
TM,TEAM_CR,227,221833,0.0,-2.0,-1.7,1.7,0.0,-17.1,-20.5,0.0,-17,3
TM,ADCS_MODE,MANUAL,ADCS_REFERENCE,SUN,TARGET,0.00,POINTING_ERROR,7.85,SUN_ERROR,8.11,MAG_ERROR,-122.13,GYRO_Z,0.152,RW_CMD,0
TM,EST_RAW,-8.11,EST_FILTERED,-8.11,EST_ANGLE,-7.85,EST_FILTER,ON,EST_FILTER_TYPE,MOVING_AVERAGE,EST_MA_WINDOW,1,EST_FILTER_STRENGTH,0.35
TM,EST_FUSION,ON,EST_GYRO_WEIGHT,0.98,EST_VALID,1
TM,TEAM_CR,228,221873,0.0,-1.7,-1.7,1.7,-0.7,-16.4,-20.4,0.0,-16,3
TM,TEAM_CR,229,221923,0.0,-1.8,-1.7,1.7,-0.5,-16.5,-20.4,0.0,-16,3
TM,SUN_L,3650,SUN_R,3698,SUN_NDV,-0.0065,SUN_ANGLE,-7.75
TM,MAG_X,-18.18,MAG_Y,28.94,MAG_Z,-10.32,MAG_HEADING,122.13
TM,GYRO_X,-1.173,GYRO_Y,-2.433,GYRO_Z,-0.032,BODY_RATE,0.032
TM,TEAM_CR,230,221964,0.0,-2.0,-1.7,1.7,0.5,-17.5,-20.4,0.0,-17,3
TM,TEAM_CR,231,222011,0.0,-1.6,-1.7,1.7,1.4,-18.4,-20.3,0.0,-18,3
TM,TEAM_CR,232,222051,0.0,-1.6,-1.6,1.6,0.2,-17.3,-20.3,0.0,-17,3
TM,TEAM_CR,233,222091,0.0,-1.6,-1.7,1.7,-0.8,-16.2,-20.3,0.0,-16,3
TM,TEAM_CR,234,222132,0.0,-1.7,-1.7,1.7,-1.0,-15.8,-20.2,0.0,-16,3
TM,TEAM_CR,235,222174,0.0,-1.8,-1.7,1.7,0.7,-17.5,-20.2,0.0,-17,3
TM,TEAM_CR,236,222213,0.0,-1.9,-1.7,1.7,1.0,-17.8,-20.2,0.0,-18,3
TM,TEAM_CR,237,222253,0.0,-1.8,-1.6,1.6,1.2,-18.1,-20.1,0.0,-18,3
TM,TEAM_CR,238,222293,0.0,-1.8,-1.6,1.6,-0.4,-16.4,-20.1,0.0,-16,3
TM,TEAM_CR,239,222333,0.0,-1.6,-1.7,1.7,-0.4,-16.3,-20.1,0.0,-16,3
TM,TEAM_CR,240,222373,0.0,-1.7,-1.7,1.7,-0.6,-16.1,-20.0,0.0,-16,3
TM,TEAM_CR,241,222423,0.0,-1.9,-1.7,1.7,0.7,-17.4,-20.0,0.0,-17,3
TM,TEAM_CR,242,222464,0.0,-1.6,-1.6,1.6,1.6,-18.3,-20.0,0.0,-18,3
TM,TEAM_CR,243,222503,0.0,-1.7,-1.6,1.6,-0.1,-16.7,-19.9,0.0,-17,3
TM,TEAM_CR,244,222543,0.0,-1.8,-1.6,1.6,-0.3,-16.3,-19.9,0.0,-16,3
TM,TEAM_CR,245,222583,0.0,-1.9,-1.7,1.7,-0.9,-15.6,-19.9,0.0,-16,3
TM,TEAM_CR,246,222632,0.0,-1.7,-1.6,1.6,0.8,-17.4,-19.8,0.0,-17,3
TM,TEAM_CR,247,222674,0.0,-2.0,-1.6,1.6,1.4,-18.0,-19.8,0.0,-18,3
TM,TEAM_CR,248,222715,0.0,-1.5,-1.6,1.6,0.3,-16.9,-19.8,0.0,-17,3
TM,SUN_L,3650,SUN_R,3697,SUN_NDV,-0.0064,SUN_ANGLE,-7.70
TM,MAG_X,-18.14,MAG_Y,28.78,MAG_Z,-10.32,MAG_HEADING,122.23
TM,GYRO_X,-0.892,GYRO_Y,-2.433,GYRO_Z,0.029,BODY_RATE,-0.029
TM,TEAM_CR,249,222754,0.0,-1.6,-1.6,1.6,-0.3,-16.3,-19.7,0.0,-16,3
TM,ADCS_MODE,MANUAL,ADCS_REFERENCE,SUN,TARGET,0.00,POINTING_ERROR,7.82,SUN_ERROR,7.87,MAG_ERROR,-122.23,GYRO_Z,0.125,RW_CMD,0
TM,EST_RAW,-7.87,EST_FILTERED,-7.87,EST_ANGLE,-7.82,EST_FILTER,ON,EST_FILTER_TYPE,MOVING_AVERAGE,EST_MA_WINDOW,1,EST_FILTER_STRENGTH,0.35
TM,EST_FUSION,ON,EST_GYRO_WEIGHT,0.98,EST_VALID,1
TM,TEAM_CR,250,222794,0.0,-1.6,-1.6,1.6,-0.5,-16.0,-19.7,0.0,-16,3
TM,TEAM_CR,251,222834,0.0,-1.7,-1.6,1.6,0.6,-17.1,-19.7,0.0,-17,3
TM,TEAM_CR,252,222874,0.0,-1.9,-1.6,1.6,1.8,-18.3,-19.7,0.0,-18,3
TM,TEAM_CR,253,222924,0.0,-1.5,-1.5,1.5,0.7,-17.3,-19.6,0.0,-17,3
TM,TEAM_CR,254,222963,0.0,-1.6,-1.5,1.5,-0.6,-16.0,-19.6,0.0,-16,3
TM,TEAM_CR,255,223012,0.0,-1.8,-1.6,1.6,-0.7,-15.8,-19.6,0.0,-16,3
TM,TEAM_CR,256,223053,0.0,-1.6,-1.6,1.6,0.7,-17.1,-19.5,0.0,-17,3
TM,TEAM_CR,257,223093,0.0,-1.3,-1.5,1.5,1.6,-18.1,-19.5,0.0,-18,3
TM,TEAM_CR,258,223132,0.0,-1.3,-1.5,1.5,1.1,-19.5,-19.5,0.0,-20,3
TM,TEAM_CR,259,223174,0.0,-1.5,-1.5,1.5,-0.4,-19.5,-19.5,0.0,-20,3
TM,TEAM_CR,260,223214,0.0,-1.7,-1.5,1.5,-1.4,-15.1,-19.5,0.0,-19,3
TM,TEAM_CR,261,223254,0.0,-2.1,-1.6,1.6,-0.9,-15.4,-19.5,0.0,-15,3
TM,TEAM_CR,262,223294,0.0,-1.7,-1.6,1.6,0.4,-16.6,-19.4,0.0,-17,3
TM,TEAM_CR,263,223334,0.0,-1.9,-1.5,1.5,1.1,-17.5,-19.4,0.0,-17,3
TM,TEAM_CR,264,223374,0.0,-1.4,-1.5,1.5,0.1,-16.4,-19.4,0.0,-16,3
TM,TEAM_CR,265,223423,0.0,-1.7,-1.6,1.6,-0.5,-15.7,-19.3,0.0,-16,3
TM,TEAM_CR,266,223463,0.0,-1.6,-1.6,1.6,-0.3,-15.9,-19.3,0.0,-16,3
TM,SUN_L,3650,SUN_R,3698,SUN_NDV,-0.0065,SUN_ANGLE,-7.77
TM,MAG_X,-18.14,MAG_Y,29.06,MAG_Z,-10.34,MAG_HEADING,121.98
TM,GYRO_X,-1.033,GYRO_Y,-2.266,GYRO_Z,0.020,BODY_RATE,-0.020
TM,TEAM_CR,267,223503,0.0,-1.7,-1.6,1.6,0.7,-16.8,-19.3,0.0,-17,3
TM,TEAM_CR,268,223543,0.0,-1.6,-1.5,1.5,1.6,-17.9,-19.2,0.0,-18,3
TM,TEAM_CR,269,223583,0.0,-1.4,-1.5,1.5,0.4,-19.2,-19.2,0.0,-19,3
TM,TEAM_CR,270,223632,0.0,-1.6,-1.5,1.5,-0.6,-19.2,-19.2,0.0,-19,3
TM,TEAM_CR,271,223673,0.0,-1.6,-1.5,1.5,-1.0,-15.1,-19.2,0.0,-15,3
TM,TEAM_CR,272,223713,0.0,-1.6,-1.5,1.5,0.5,-16.6,-19.2,0.0,-17,3
TM,ADCS_MODE,MANUAL,ADCS_REFERENCE,SUN,TARGET,0.00,POINTING_ERROR,7.83,SUN_ERROR,8.11,MAG_ERROR,-121.98,GYRO_Z,0.169,RW_CMD,0
TM,EST_RAW,-8.11,EST_FILTERED,-8.11,EST_ANGLE,-7.83,EST_FILTER,ON,EST_FILTER_TYPE,MOVING_AVERAGE,EST_MA_WINDOW,1,EST_FILTER_STRENGTH,0.35
TM,EST_FUSION,ON,EST_GYRO_WEIGHT,0.98,EST_VALID,1
TM,TEAM_CR,273,223753,0.0,-1.7,-1.5,1.5,1.0,-19.2,-19.2,0.0,-19,3
TM,TEAM_CR,274,223793,0.0,-1.3,-1.5,1.5,0.0,-19.2,-19.2,0.0,-19,3
TM,TEAM_CR,275,223833,0.0,-1.6,-1.5,1.5,-0.5,-19.2,-19.2,0.0,-19,3
TM,TEAM_CR,276,223873,0.0,-1.7,-1.5,1.5,-1.1,-14.9,-19.1,0.0,-15,3
TM,TEAM_CR,277,223924,0.0,-1.7,-1.5,1.5,0.6,-16.6,-19.1,0.0,-17,3
TM,TEAM_CR,278,223963,0.0,-1.4,-1.5,1.5,1.5,-19.1,-19.1,0.0,-19,3
TM,TEAM_CR,279,224012,0.0,-1.7,-1.5,1.5,0.0,-19.1,-19.1,0.0,-19,3
TM,TEAM_CR,280,224052,0.0,-1.7,-1.5,1.5,-0.9,-15.2,-19.1,0.0,-18,3
TM,TEAM_CR,281,224092,0.0,-1.9,-1.5,1.5,-0.8,-15.1,-19.0,0.0,-15,3
TM,TEAM_CR,282,224132,0.0,-1.7,-1.5,1.5,1.2,-17.2,-19.0,0.0,-17,3
TM,TEAM_CR,283,224174,0.0,-1.5,-1.5,1.5,1.4,-19.0,-19.0,0.0,-19,3
TM,TEAM_CR,284,224213,0.0,-1.7,-1.5,1.5,0.4,-19.0,-19.0,0.0,-19,3
TM,SUN_L,3651,SUN_R,3697,SUN_NDV,-0.0063,SUN_ANGLE,-7.90
TM,MAG_X,-18.03,MAG_Y,28.99,MAG_Z,-10.46,MAG_HEADING,121.88
TM,GYRO_X,-0.928,GYRO_Y,-2.476,GYRO_Z,0.117,BODY_RATE,-0.117
TM,TEAM_CR,285,224253,0.0,-1.5,-1.5,1.5,-0.7,-19.0,-19.0,0.0,-19,3
TM,TEAM_CR,286,224293,0.0,-1.4,-1.5,1.5,-1.1,-14.9,-19.0,0.0,-18,3
TM,TEAM_CR,287,224333,0.0,-1.6,-1.5,1.5,0.3,-16.2,-18.9,0.0,-16,3
TM,TEAM_CR,288,224373,0.0,-1.5,-1.5,1.5,1.3,-18.9,-18.9,0.0,-19,3
TM,TEAM_CR,289,224423,0.0,-1.3,-1.5,1.5,-0.2,-18.9,-18.9,0.0,-19,3
TM,TEAM_CR,290,224463,0.0,-1.5,-1.5,1.5,-0.4,-18.9,-18.9,0.0,-19,3
TM,TEAM_CR,291,224503,0.0,-1.6,-1.5,1.5,-1.0,-14.9,-18.9,0.0,-15,3
TM,TEAM_CR,292,224543,0.0,-1.4,-1.5,1.5,0.5,-16.3,-18.9,0.0,-16,3
TM,TEAM_CR,293,224583,0.0,-1.7,-1.5,1.5,1.3,-18.9,-18.9,0.0,-19,3
TM,TEAM_CR,294,224632,0.0,-1.6,-1.5,1.5,0.2,-18.9,-18.9,0.0,-19,3
TM,TEAM_CR,295,224674,0.0,-1.6,-1.5,1.5,-0.6,-18.9,-18.9,0.0,-19,3
TM,ADCS_MODE,MANUAL,ADCS_REFERENCE,SUN,TARGET,0.00,POINTING_ERROR,7.83,SUN_ERROR,7.99,MAG_ERROR,-121.99,GYRO_Z,-0.137,RW_CMD,0
TM,EST_RAW,-7.99,EST_FILTERED,-7.99,EST_ANGLE,-7.83,EST_FILTER,ON,EST_FILTER_TYPE,MOVING_AVERAGE,EST_MA_WINDOW,1,EST_FILTER_STRENGTH,0.35
TM,EST_FUSION,ON,EST_GYRO_WEIGHT,0.98,EST_VALID,1
TM,TEAM_CR,296,224714,0.0,-1.5,-1.5,1.5,-1.3,-14.4,-18.8,0.0,-14,3
TM,TEAM_CR,297,224754,0.0,-1.8,-1.5,1.5,0.7,-16.4,-18.8,0.0,-16,3
TM,TEAM_CR,298,224794,0.0,-1.4,-1.5,1.5,1.6,-18.8,-18.8,0.0,-19,3
TM,TEAM_CR,299,224835,0.0,-1.4,-1.4,1.4,0.3,-18.8,-18.8,0.0,-19,3
TM,TEAM_CR,300,224874,0.0,-1.7,-1.5,1.5,-0.5,-18.8,-18.8,0.0,-19,3
TM,TEAM_CR,301,224924,0.0,-1.5,-1.5,1.5,-0.9,-14.8,-18.8,0.0,-18,3
TM,TEAM_CR,302,224964,0.0,-1.5,-1.5,1.5,0.3,-16.1,-18.7,0.0,-16,3
TM,SUN_L,3653,SUN_R,3699,SUN_NDV,-0.0063,SUN_ANGLE,-7.77
TM,MAG_X,-18.10,MAG_Y,28.98,MAG_Z,-10.34,MAG_HEADING,121.99
TM,GYRO_X,-1.155,GYRO_Y,-2.467,GYRO_Z,0.178,BODY_RATE,-0.178
TM,TEAM_CR,303,225012,0.0,-1.4,-1.5,1.5,1.0,-18.7,-18.7,0.0,-19,3
TM,TEAM_CR,304,225052,0.0,-1.6,-1.5,1.5,-0.4,-18.7,-18.7,0.0,-19,3
TM,TEAM_CR,305,225092,0.0,-1.6,-1.5,1.5,-1.0,-14.7,-18.7,0.0,-18,3
TM,TEAM_CR,306,225132,0.0,-1.6,-1.5,1.5,-0.6,-15.0,-18.7,0.0,-15,3
TM,TEAM_CR,307,225174,0.0,-1.5,-1.5,1.5,0.9,-16.5,-18.7,0.0,-17,3
TM,TEAM_CR,308,225214,0.0,-1.3,-1.5,1.5,1.5,-18.7,-18.7,0.0,-19,3
TM,TEAM_CR,309,225255,0.0,-1.5,-1.5,1.5,-0.1,-18.7,-18.7,0.0,-19,3
TM,TEAM_CR,310,225294,0.0,-1.5,-1.5,1.5,-0.7,-18.7,-18.7,0.0,-19,3
TM,TEAM_CR,311,225334,0.0,-1.6,-1.5,1.5,-0.8,-14.8,-18.6,0.0,-15,3
TM,TEAM_CR,312,225374,0.0,-1.6,-1.5,1.5,0.6,-16.2,-18.6,0.0,-16,3
TM,TEAM_CR,313,225424,0.0,-1.6,-1.4,1.4,1.2,-18.6,-18.6,0.0,-19,3
TM,TEAM_CR,314,225465,0.0,-1.6,-1.4,1.4,-0.4,-18.6,-18.6,0.0,-19,3
TM,TEAM_CR,315,225505,0.0,-1.7,-1.5,1.5,-1.0,-18.6,-18.6,0.0,-19,3
TM,TEAM_CR,316,225544,0.0,-1.4,-1.5,1.5,-0.5,-15.0,-18.6,0.0,-15,3
TM,TEAM_CR,317,225584,0.0,-1.8,-1.5,1.5,1.0,-18.6,-18.6,0.0,-18,3
TM,TEAM_CR,318,225632,0.0,-1.6,-1.5,1.5,0.3,-18.6,-18.6,0.0,-19,3
TM,ADCS_MODE,MANUAL,ADCS_REFERENCE,SUN,TARGET,0.00,POINTING_ERROR,7.86,SUN_ERROR,7.99,MAG_ERROR,-121.78,GYRO_Z,-0.120,RW_CMD,0
TM,EST_RAW,-7.99,EST_FILTERED,-7.99,EST_ANGLE,-7.86,EST_FILTER,ON,EST_FILTER_TYPE,MOVING_AVERAGE,EST_MA_WINDOW,1,EST_FILTER_STRENGTH,0.35
TM,EST_FUSION,ON,EST_GYRO_WEIGHT,0.98,EST_VALID,1
TM,TEAM_CR,319,225675,0.0,-1.6,-1.5,1.5,-0.4,-18.6,-18.6,0.0,-19,3
TM,TEAM_CR,320,225714,0.0,-1.5,-1.5,1.5,-0.9,-14.5,-18.5,0.0,-15,3
TM,SUN_L,3650,SUN_R,3697,SUN_NDV,-0.0064,SUN_ANGLE,-7.81
TM,MAG_X,-18.03,MAG_Y,29.10,MAG_Z,-10.29,MAG_HEADING,121.78
TM,GYRO_X,-0.971,GYRO_Y,-2.188,GYRO_Z,-0.225,BODY_RATE,0.225
TM,TEAM_CR,321,225754,0.0,-1.7,-1.5,1.5,0.2,-15.6,-18.5,0.0,-16,3
TM,TEAM_CR,322,225794,0.0,-1.7,-1.5,1.5,1.3,-16.7,-18.5,0.0,-17,3
TM,TEAM_CR,323,225834,0.0,-1.7,-1.5,1.5,0.7,-18.5,-18.5,0.0,-18,3
TM,TEAM_CR,324,225874,0.0,-1.5,-1.5,1.5,-0.2,-18.5,-18.5,0.0,-18,3
TM,TEAM_CR,325,225924,0.0,-1.2,-1.5,1.5,-0.7,-14.8,-18.5,0.0,-17,3
TM,TEAM_CR,326,225964,0.0,-1.5,-1.5,1.5,0.5,-18.5,-18.5,0.0,-18,3
TM,TEAM_CR,327,226012,0.0,-1.4,-1.4,1.4,1.2,-18.5,-18.5,0.0,-18,3
TM,TEAM_CR,328,226052,0.0,-1.5,-1.4,1.4,-0.1,-18.5,-18.5,0.0,-18,3
TM,TEAM_CR,329,226093,0.0,-1.7,-1.5,1.5,-0.8,-18.5,-18.5,0.0,-18,3
TM,TEAM_CR,330,226132,0.0,-1.6,-1.5,1.5,-0.5,-18.5,-18.5,0.0,-18,3
TM,TEAM_CR,331,226176,0.0,-1.4,-1.5,1.5,0.5,-18.5,-18.5,0.0,-18,3
TM,TEAM_CR,332,226215,0.0,-1.5,-1.5,1.5,0.6,-18.5,-18.5,0.0,-18,3
TM,TEAM_CR,333,226255,0.0,-1.8,-1.5,1.5,-0.2,-18.5,-18.5,0.0,-18,3
TM,TEAM_CR,334,226295,0.0,-1.6,-1.5,1.5,-0.5,-18.5,-18.5,0.0,-18,3
TM,TEAM_CR,335,226335,0.0,-1.4,-1.5,1.5,0.0,-15.4,-18.4,0.0,-15,3
TM,TEAM_CR,336,226375,0.0,-1.8,-1.5,1.5,1.2,-18.4,-18.4,0.0,-18,3
TM,TEAM_CR,337,226425,0.0,-1.4,-1.4,1.4,0.5,-18.4,-18.4,0.0,-18,3
TM,TEAM_CR,338,226466,0.0,-1.5,-1.4,1.4,-0.1,-18.4,-18.4,0.0,-18,3
TM,TEAM_CR,339,226505,0.0,-1.3,-1.5,1.5,-0.6,-18.4,-18.4,0.0,-18,3
TM,SUN_L,3652,SUN_R,3697,SUN_NDV,-0.0061,SUN_ANGLE,-7.70
TM,MAG_X,-18.11,MAG_Y,29.04,MAG_Z,-10.50,MAG_HEADING,121.95
TM,GYRO_X,-1.006,GYRO_Y,-2.406,GYRO_Z,-0.050,BODY_RATE,0.050
TM,TEAM_CR,340,226545,0.0,-1.3,-1.5,1.5,0.1,-18.4,-18.4,0.0,-18,3
TM,ADCS_MODE,MANUAL,ADCS_REFERENCE,SUN,TARGET,0.00,POINTING_ERROR,7.86,SUN_ERROR,7.53,MAG_ERROR,-121.95,GYRO_Z,-0.032,RW_CMD,0
TM,EST_RAW,-7.53,EST_FILTERED,-7.53,EST_ANGLE,-7.86,EST_FILTER,ON,EST_FILTER_TYPE,MOVING_AVERAGE,EST_MA_WINDOW,1,EST_FILTER_STRENGTH,0.35
TM,EST_FUSION,ON,EST_GYRO_WEIGHT,0.98,EST_VALID,1
TM,TEAM_CR,341,226585,0.0,-1.5,-1.4,1.4,1.1,-18.4,-18.4,0.0,-18,3
TM,TEAM_CR,342,226634,0.0,-1.7,-1.4,1.4,-0.1,-18.4,-18.4,0.0,-18,3
TM,TEAM_CR,343,226676,0.0,-1.5,-1.5,1.5,-0.4,-18.4,-18.4,0.0,-18,3
TM,TEAM_CR,344,226717,0.0,-1.4,-1.5,1.5,-0.7,-18.4,-18.4,0.0,-18,3
TM,TEAM_CR,345,226756,0.0,-1.7,-1.5,1.5,0.3,-18.4,-18.4,0.0,-18,3
TM,TEAM_CR,346,226796,0.0,-1.6,-1.5,1.5,0.7,-18.4,-18.4,0.0,-18,3
TM,TEAM_CR,347,226836,0.0,-1.4,-1.5,1.5,-0.4,-18.4,-18.4,0.0,-18,3
TM,TEAM_CR,348,226876,0.0,-1.7,-1.5,1.5,-0.7,-18.4,-18.4,0.0,-18,3
TM,TEAM_CR,349,226925,0.0,-1.7,-1.5,1.5,0.5,-18.4,-18.4,0.0,-18,3
TM,TEAM_CR,350,226965,0.0,-1.2,-1.5,1.5,0.9,-18.4,-18.4,0.0,-18,3
TM,TEAM_CR,351,227014,0.0,-1.7,-1.4,1.4,0.4,-18.4,-18.4,0.0,-18,3
TM,TEAM_CR,352,227053,0.0,-1.7,-1.4,1.4,-0.1,-18.4,-18.4,0.0,-18,3
TM,TEAM_CR,353,227093,0.0,-1.7,-1.5,1.5,-0.8,-18.4,-18.4,0.0,-18,3
TM,TEAM_CR,354,227133,0.0,-1.6,-1.5,1.5,0.4,-18.4,-18.4,0.0,-18,3
TM,TEAM_CR,355,227176,0.0,-1.5,-1.4,1.4,1.1,-18.4,-18.4,0.0,-18,3
TM,TEAM_CR,356,227215,0.0,-1.7,-1.4,1.4,0.1,-18.4,-18.4,0.0,-18,3
TM,TEAM_CR,357,227255,0.0,-1.3,-1.5,1.5,-0.7,-18.4,-18.4,0.0,-18,3
TM,SUN_L,3651,SUN_R,3697,SUN_NDV,-0.0063,SUN_ANGLE,-8.09
TM,MAG_X,-18.05,MAG_Y,29.15,MAG_Z,-10.43,MAG_HEADING,121.76
TM,GYRO_X,-0.954,GYRO_Y,-2.257,GYRO_Z,-0.085,BODY_RATE,0.085
TM,TEAM_CR,358,227295,0.0,-1.5,-1.5,1.5,-0.5,-18.4,-18.4,0.0,-18,3
TM,TEAM_CR,359,227335,0.0,-1.6,-1.5,1.5,0.5,-18.4,-18.4,0.0,-18,3
TM,TEAM_CR,360,227375,0.0,-1.4,-1.5,1.5,0.3,-18.4,-18.4,0.0,-18,3
TM,TEAM_CR,361,227425,0.0,-1.3,-1.5,1.5,-0.3,-18.4,-18.4,0.0,-18,3
TM,TEAM_CR,362,227465,0.0,-1.6,-1.5,1.5,-0.6,-18.4,-18.4,0.0,-18,3
TM,TEAM_CR,363,227505,0.0,-1.4,-1.5,1.5,0.2,-18.4,-18.4,0.0,-18,3
TM,ADCS_MODE,MANUAL,ADCS_REFERENCE,SUN,TARGET,0.00,POINTING_ERROR,7.87,SUN_ERROR,7.84,MAG_ERROR,-121.76,GYRO_Z,0.064,RW_CMD,0
TM,EST_RAW,-7.84,EST_FILTERED,-7.84,EST_ANGLE,-7.87,EST_FILTER,ON,EST_FILTER_TYPE,MOVING_AVERAGE,EST_MA_WINDOW,1,EST_FILTER_STRENGTH,0.35
TM,EST_FUSION,ON,EST_GYRO_WEIGHT,0.98,EST_VALID,1
TM,TEAM_CR,364,227545,0.0,-1.5,-1.5,1.5,1.0,-18.4,-18.4,0.0,-18,3
TM,TEAM_CR,365,227585,0.0,-1.6,-1.5,1.5,0.1,-18.4,-18.4,0.0,-18,3
TM,TEAM_CR,366,227634,0.0,-1.6,-1.5,1.5,-0.6,-18.4,-18.4,0.0,-18,3
TM,TEAM_CR,367,227676,0.0,-1.6,-1.5,1.5,-0.2,-15.2,-18.4,0.0,-16,3
TM,TEAM_CR,368,227715,0.0,-1.6,-1.5,1.5,1.2,-18.4,-18.4,0.0,-18,3
TM,TEAM_CR,369,227755,0.0,-1.6,-1.4,1.4,0.7,-18.4,-18.4,0.0,-18,3
TM,TEAM_CR,370,227795,0.0,-1.7,-1.5,1.5,-0.5,-18.4,-18.4,0.0,-18,3
TM,TEAM_CR,371,227835,0.0,-1.6,-1.5,1.5,-0.7,-18.4,-18.4,0.0,-18,3
TM,TEAM_CR,372,227875,0.0,-1.7,-1.5,1.5,0.2,-18.4,-18.4,0.0,-18,3
TM,TEAM_CR,373,227926,0.0,-1.6,-1.5,1.5,1.2,-18.4,-18.4,0.0,-18,3
TM,TEAM_CR,374,227965,0.0,-1.7,-1.4,1.4,-0.1,-18.4,-18.4,0.0,-18,3
TM,TEAM_CR,375,228014,0.0,-1.6,-1.5,1.5,-0.6,-18.4,-18.4,0.0,-18,3
TM,SUN_L,3649,SUN_R,3695,SUN_NDV,-0.0063,SUN_ANGLE,-7.91
TM,MAG_X,-18.13,MAG_Y,29.01,MAG_Z,-10.51,MAG_HEADING,122.00
TM,GYRO_X,-1.173,GYRO_Y,-2.170,GYRO_Z,-0.128,BODY_RATE,0.128
TM,TEAM_CR,376,228054,0.0,-1.4,-1.5,1.5,-0.1,-15.3,-18.4,0.0,-15,3
TM,TEAM_CR,377,228094,0.0,-1.6,-1.5,1.5,0.8,-18.4,-18.4,0.0,-18,3
TM,TEAM_CR,378,228134,0.0,-1.4,-1.4,1.4,0.9,-18.4,-18.4,0.0,-18,3
TM,TEAM_CR,379,228176,0.0,-1.6,-1.4,1.4,-0.2,-18.4,-18.4,0.0,-18,3
TM,TEAM_CR,380,228215,0.0,-1.4,-1.5,1.5,-0.5,-18.4,-18.4,0.0,-18,3
TM,TEAM_CR,381,228255,0.0,-1.7,-1.5,1.5,0.5,-18.4,-18.4,0.0,-18,3
TM,TEAM_CR,382,228295,0.0,-1.7,-1.5,1.5,1.0,-18.4,-18.4,0.0,-18,3
TM,TEAM_CR,383,228335,0.0,-1.4,-1.5,1.5,-0.3,-18.4,-18.4,0.0,-18,3
TM,TEAM_CR,384,228375,0.0,-1.5,-1.5,1.5,-0.4,-18.4,-18.4,0.0,-18,3
TM,TEAM_CR,385,228426,0.0,-1.7,-1.5,1.5,0.2,-18.4,-18.4,0.0,-16,3
TM,TEAM_CR,386,228466,0.0,-1.6,-1.5,1.5,1.3,-18.4,-18.4,0.0,-18,3
TM,ADCS_MODE,MANUAL,ADCS_REFERENCE,SUN,TARGET,0.00,POINTING_ERROR,7.90,SUN_ERROR,8.00,MAG_ERROR,-122.12,GYRO_Z,-0.058,RW_CMD,0
TM,EST_RAW,-8.00,EST_FILTERED,-8.00,EST_ANGLE,-7.90,EST_FILTER,ON,EST_FILTER_TYPE,MOVING_AVERAGE,EST_MA_WINDOW,1,EST_FILTER_STRENGTH,0.35
TM,EST_FUSION,ON,EST_GYRO_WEIGHT,0.98,EST_VALID,1
TM,TEAM_CR,387,228506,0.0,-1.3,-1.4,1.4,0.3,-18.4,-18.4,0.0,-18,3
TM,TEAM_CR,388,228546,0.0,-1.7,-1.5,1.5,-0.4,-18.4,-18.4,0.0,-18,3
TM,TEAM_CR,389,228586,0.0,-1.5,-1.5,1.5,-0.5,-18.4,-18.4,0.0,-18,3
TM,TEAM_CR,390,228634,0.0,-1.9,-1.5,1.5,0.4,-18.4,-18.4,0.0,-18,3
TM,TEAM_CR,391,228676,0.0,-1.6,-1.4,1.4,0.8,-18.4,-18.4,0.0,-18,3
TM,TEAM_CR,392,228716,0.0,-1.3,-1.4,1.4,-0.3,-18.4,-18.4,0.0,-18,3
TM,TEAM_CR,393,228756,0.0,-1.7,-1.5,1.5,-0.7,-18.4,-18.4,0.0,-18,3
TM,SUN_L,3650,SUN_R,3697,SUN_NDV,-0.0064,SUN_ANGLE,-8.55
TM,MAG_X,-18.08,MAG_Y,29.04,MAG_Z,-10.83,MAG_HEADING,121.91
TM,GYRO_X,-1.102,GYRO_Y,-2.161,GYRO_Z,-0.242,BODY_RATE,0.242
TM,TEAM_CR,394,228796,0.0,-1.8,-1.5,1.5,0.4,-18.4,-18.4,0.0,-18,3
TM,TEAM_CR,395,228837,0.0,-1.6,-1.5,1.5,0.8,-18.4,-18.4,0.0,-18,3
TM,TEAM_CR,396,228876,0.0,-1.8,-1.5,1.5,0.0,-18.4,-18.4,0.0,-18,3
TM,TEAM_CR,397,228926,0.0,-1.6,-1.5,1.5,-0.8,-14.6,-18.4,0.0,-17,3
TM,TEAM_CR,398,228966,0.0,-1.7,-1.5,1.5,-0.4,-14.8,-18.3,0.0,-15,3
TM,TEAM_CR,399,229014,0.0,-1.8,-1.5,1.5,1.4,-18.3,-18.3,0.0,-18,3
TM,TEAM_CR,400,229054,0.0,-1.7,-1.4,1.4,0.8,-18.3,-18.3,0.0,-18,3
TM,TEAM_CR,401,229094,0.0,-1.5,-1.4,1.4,-0.3,-18.3,-18.3,0.0,-18,3
TM,TEAM_CR,402,229134,0.0,-1.4,-1.4,1.4,-0.6,-18.3,-18.3,0.0,-18,3
TM,TEAM_CR,403,229176,0.0,-1.5,-1.4,1.4,0.2,-18.3,-18.3,0.0,-18,3
TM,TEAM_CR,404,229216,0.0,-1.3,-1.4,1.4,1.0,-18.3,-18.3,0.0,-18,3
TM,TEAM_CR,405,229256,0.0,-1.7,-1.4,1.4,-0.1,-18.3,-18.3,0.0,-18,3
TM,TEAM_CR,406,229296,0.0,-1.4,-1.4,1.4,-0.7,-18.3,-18.3,0.0,-18,3
TM,TEAM_CR,407,229336,0.0,-1.5,-1.5,1.5,-0.3,-18.3,-18.3,0.0,-18,3
TM,TEAM_CR,408,229376,0.0,-1.4,-1.4,1.4,0.9,-18.3,-18.3,0.0,-18,3
TM,TEAM_CR,409,229426,0.0,-1.3,-1.4,1.4,-0.1,-18.3,-18.3,0.0,-18,3
TM,ADCS_MODE,MANUAL,ADCS_REFERENCE,SUN,TARGET,0.00,POINTING_ERROR,7.93,SUN_ERROR,7.53,MAG_ERROR,-121.70,GYRO_Z,0.047,RW_CMD,0
TM,EST_RAW,-7.53,EST_FILTERED,-7.53,EST_ANGLE,-7.93,EST_FILTER,ON,EST_FILTER_TYPE,MOVING_AVERAGE,EST_MA_WINDOW,1,EST_FILTER_STRENGTH,0.35
TM,EST_FUSION,ON,EST_GYRO_WEIGHT,0.98,EST_VALID,1
TM,TEAM_CR,410,229467,0.0,-1.0,-1.4,1.4,-0.6,-18.3,-18.3,0.0,-18,3
TM,TEAM_CR,411,229506,0.0,-1.3,-1.5,1.5,-0.3,-18.3,-18.3,0.0,-18,3
TM,SUN_L,3652,SUN_R,3697,SUN_NDV,-0.0061,SUN_ANGLE,-8.52
TM,MAG_X,-18.02,MAG_Y,29.17,MAG_Z,-10.61,MAG_HEADING,121.70
TM,GYRO_X,-0.945,GYRO_Y,-2.205,GYRO_Z,0.125,BODY_RATE,-0.125
TM,TEAM_CR,412,229546,0.0,-1.6,-1.5,1.5,0.5,-18.3,-18.3,0.0,-18,3
TM,TEAM_CR,413,229586,0.0,-1.6,-1.4,1.4,0.8,-18.3,-18.3,0.0,-18,3
TM,TEAM_CR,414,229633,0.0,-1.4,-1.5,1.5,-0.6,-18.3,-18.3,0.0,-18,3
TM,TEAM_CR,415,229677,0.0,-1.5,-1.5,1.5,-0.6,-18.3,-18.3,0.0,-18,3
TM,TEAM_CR,416,229716,0.0,-1.8,-1.5,1.5,0.6,-18.3,-18.3,0.0,-18,3
TM,TEAM_CR,417,229756,0.0,-1.4,-1.5,1.5,0.8,-18.3,-18.3,0.0,-18,3
TM,TEAM_CR,418,229796,0.0,-1.3,-1.4,1.4,0.0,-18.3,-18.3,0.0,-18,3
TM,TEAM_CR,419,229836,0.0,-1.6,-1.5,1.5,-0.6,-18.3,-18.3,0.0,-18,3
TM,TEAM_CR,420,229876,0.0,-1.6,-1.5,1.5,0.2,-18.3,-18.3,0.0,-18,3
TM,TEAM_CR,421,229926,0.0,-1.5,-1.4,1.4,1.0,-18.3,-18.3,0.0,-18,3
TM,TEAM_CR,422,229966,0.0,-1.7,-1.4,1.4,0.2,-18.3,-18.3,0.0,-18,3
TM,TEAM_CR,423,230014,0.0,-1.7,-1.5,1.5,-0.5,-18.3,-18.3,0.0,-18,3
TM,TEAM_CR,424,230054,0.0,-1.4,-1.5,1.5,0.5,-18.3,-18.3,0.0,-18,3
TM,TEAM_CR,425,230095,0.0,-1.4,-1.4,1.4,0.6,-18.3,-18.3,0.0,-18,3
TM,TEAM_CR,426,230134,0.0,-1.2,-1.4,1.4,0.3,-18.3,-18.3,0.0,-18,3
TM,TEAM_CR,427,230175,0.0,-1.6,-1.4,1.4,-0.1,-18.3,-18.3,0.0,-18,3
TM,TEAM_CR,428,230216,0.0,-1.6,-1.4,1.4,-0.1,-18.3,-18.3,0.0,-18,3
TM,TEAM_CR,429,230255,0.0,-1.3,-1.4,1.4,0.5,-18.3,-18.3,0.0,-18,3
TM,TEAM_CR,430,230295,0.0,-1.8,-1.4,1.4,0.7,-18.3,-18.3,0.0,-18,3
TM,SUN_L,3652,SUN_R,3697,SUN_NDV,-0.0061,SUN_ANGLE,-8.40
TM,MAG_X,-18.10,MAG_Y,29.14,MAG_Z,-10.56,MAG_HEADING,121.84
TM,GYRO_X,-0.919,GYRO_Y,-2.380,GYRO_Z,0.003,BODY_RATE,-0.003
TM,TEAM_CR,431,230335,0.0,-1.4,-1.4,1.4,-0.3,-18.3,-18.3,0.0,-18,3
TM,ADCS_MODE,MANUAL,ADCS_REFERENCE,SUN,TARGET,0.00,POINTING_ERROR,7.95,SUN_ERROR,7.88,MAG_ERROR,-121.84,GYRO_Z,0.117,RW_CMD,0
TM,EST_RAW,-7.88,EST_FILTERED,-7.88,EST_ANGLE,-7.95,EST_FILTER,ON,EST_FILTER_TYPE,MOVING_AVERAGE,EST_MA_WINDOW,1,EST_FILTER_STRENGTH,0.35
TM,EST_FUSION,ON,EST_GYRO_WEIGHT,0.98,EST_VALID,1
TM,TEAM_CR,432,230375,0.0,-1.3,-1.4,1.4,-0.6,-18.3,-18.3,0.0,-18,3
TM,TEAM_CR,433,230425,0.0,-1.6,-1.4,1.4,0.4,-18.3,-18.3,0.0,-18,3
TM,TEAM_CR,434,230465,0.0,-1.4,-1.4,1.4,0.9,-18.3,-18.3,0.0,-18,3
TM,TEAM_CR,435,230505,0.0,-1.4,-1.4,1.4,0.0,-18.3,-18.3,0.0,-18,3
TM,TEAM_CR,436,230545,0.0,-1.2,-1.4,1.4,-0.7,-18.3,-18.3,0.0,-18,3
TM,TEAM_CR,437,230585,0.0,-1.4,-1.4,1.4,0.0,-18.3,-18.3,0.0,-18,3
TM,TEAM_CR,438,230634,0.0,-1.4,-1.4,1.4,0.7,-18.3,-18.3,0.0,-18,3
TM,TEAM_CR,439,230676,0.0,-1.4,-1.4,1.4,-0.1,-18.3,-18.3,0.0,-18,3
TM,TEAM_CR,440,230715,0.0,-1.5,-1.4,1.4,-0.3,-18.3,-18.3,0.0,-18,3
TM,TEAM_CR,441,230755,0.0,-1.9,-1.4,1.4,-0.1,-18.3,-18.3,0.0,-18,3
TM,TEAM_CR,442,230795,0.0,-1.6,-1.4,1.4,0.9,-18.3,-18.3,0.0,-18,3
TM,TEAM_CR,443,230835,0.0,-1.5,-1.4,1.4,0.4,-18.3,-18.3,0.0,-18,3
TM,TEAM_CR,444,230875,0.0,-1.5,-1.4,1.4,-0.3,-18.3,-18.3,0.0,-18,3
TM,TEAM_CR,445,230926,0.0,-1.3,-1.4,1.4,-0.2,-18.3,-18.3,0.0,-18,3
TM,TEAM_CR,446,230966,0.0,-1.5,-1.4,1.4,0.8,-18.3,-18.3,0.0,-18,3
TM,TEAM_CR,447,231014,0.0,-1.7,-1.4,1.4,0.3,-18.3,-18.3,0.0,-18,3
TM,TEAM_CR,448,231054,0.0,-1.4,-1.4,1.4,-0.3,-18.3,-18.3,0.0,-18,3
TM,SUN_L,3652,SUN_R,3695,SUN_NDV,-0.0059,SUN_ANGLE,-8.25
TM,MAG_X,-17.87,MAG_Y,29.18,MAG_Z,-10.51,MAG_HEADING,121.48
TM,GYRO_X,-1.173,GYRO_Y,-2.188,GYRO_Z,0.169,BODY_RATE,-0.169
TM,TEAM_CR,449,231094,0.0,-1.5,-1.4,1.4,-0.7,-18.3,-18.3,0.0,-18,3
TM,TEAM_CR,450,231134,0.0,-1.3,-1.4,1.4,0.6,-18.3,-18.3,0.0,-18,3
TM,TEAM_CR,451,231176,0.0,-1.3,-1.4,1.4,0.1,-18.3,-18.3,0.0,-18,3
TM,TEAM_CR,452,231215,0.0,-1.3,-1.4,1.4,-0.3,-18.3,-18.3,0.0,-18,3
TM,TEAM_CR,453,231255,0.0,-1.2,-1.4,1.4,-0.4,-18.3,-18.3,0.0,-18,3
TM,TEAM_CR,454,231295,0.0,-1.3,-1.4,1.4,0.3,-18.3,-18.3,0.0,-18,3
TM,ADCS_MODE,MANUAL,ADCS_REFERENCE,SUN,TARGET,0.00,POINTING_ERROR,7.98,SUN_ERROR,7.85,MAG_ERROR,-121.79,GYRO_Z,0.064,RW_CMD,0
TM,EST_RAW,-7.85,EST_FILTERED,-7.85,EST_ANGLE,-7.98,EST_FILTER,ON,EST_FILTER_TYPE,MOVING_AVERAGE,EST_MA_WINDOW,1,EST_FILTER_STRENGTH,0.35
TM,EST_FUSION,ON,EST_GYRO_WEIGHT,0.98,EST_VALID,1
TM,TEAM_CR,455,231335,0.0,-1.2,-1.4,1.4,0.6,-18.3,-18.3,0.0,-18,3
TM,TEAM_CR,456,231375,0.0,-1.1,-1.4,1.4,-0.2,-18.3,-18.3,0.0,-18,3
TM,TEAM_CR,457,231427,0.0,-1.5,-1.4,1.4,-0.5,-18.3,-18.3,0.0,-18,3
TM,TEAM_CR,458,231467,0.0,-1.4,-1.4,1.4,0.4,-18.3,-18.3,0.0,-18,3
TM,TEAM_CR,459,231507,0.0,-1.7,-1.4,1.4,0.8,-18.3,-18.3,0.0,-18,3
TM,TEAM_CR,460,231547,0.0,-1.2,-1.4,1.4,-0.3,-18.3,-18.3,0.0,-18,3
TM,TEAM_CR,461,231587,0.0,-1.7,-1.4,1.4,-0.6,-18.3,-18.3,0.0,-18,3
TM,TEAM_CR,462,231634,0.0,-1.5,-1.4,1.4,0.6,-18.3,-18.3,0.0,-18,3
TM,TEAM_CR,463,231676,0.0,-1.5,-1.4,1.4,0.7,-18.3,-18.3,0.0,-18,3
TM,TEAM_CR,464,231715,0.0,-1.6,-1.4,1.4,-0.1,-18.3,-18.3,0.0,-18,3
TM,TEAM_CR,465,231755,0.0,-1.4,-1.4,1.4,-0.5,-18.3,-18.3,0.0,-18,3
TM,TEAM_CR,466,231795,0.0,-1.6,-1.4,1.4,0.1,-18.3,-18.3,0.0,-18,3
TM,TEAM_CR,467,231835,0.0,-1.3,-1.4,1.4,0.9,-18.3,-18.3,0.0,-18,3
TM,SUN_L,3652,SUN_R,3697,SUN_NDV,-0.0061,SUN_ANGLE,-8.21
TM,MAG_X,-17.97,MAG_Y,29.18,MAG_Z,-10.61,MAG_HEADING,121.62
TM,GYRO_X,-1.102,GYRO_Y,-2.231,GYRO_Z,-0.076,BODY_RATE,0.076
TM,TEAM_CR,468,231875,0.0,-1.9,-1.4,1.4,0.3,-18.3,-18.3,0.0,-18,3
TM,TEAM_CR,469,231926,0.0,-1.6,-1.4,1.4,-0.6,-18.3,-18.3,0.0,-18,3
TM,TEAM_CR,470,231965,0.0,-1.4,-1.4,1.4,0.4,-18.3,-18.3,0.0,-18,3
TM,TEAM_CR,471,232014,0.0,-1.6,-1.4,1.4,0.9,-18.3,-18.3,0.0,-18,3
TM,TEAM_CR,472,232054,0.0,-1.2,-1.4,1.4,0.0,-18.3,-18.3,0.0,-18,3
TM,TEAM_CR,473,232094,0.0,-1.3,-1.4,1.4,-0.7,-18.3,-18.3,0.0,-18,3
TM,TEAM_CR,474,232134,0.0,-1.2,-1.4,1.4,0.0,-18.3,-18.3,0.0,-18,3
TM,TEAM_CR,475,232176,0.0,-1.5,-1.4,1.4,0.9,-18.3,-18.3,0.0,-18,3
TM,TEAM_CR,476,232216,0.0,-1.3,-1.4,1.4,0.1,-18.3,-18.3,0.0,-18,3
TM,TEAM_CR,477,232256,0.0,-1.4,-1.4,1.4,-0.3,-18.3,-18.3,0.0,-18,3
TM,ADCS_MODE,MANUAL,ADCS_REFERENCE,SUN,TARGET,0.00,POINTING_ERROR,7.98,SUN_ERROR,8.13,MAG_ERROR,-121.62,GYRO_Z,-0.041,RW_CMD,0
TM,EST_RAW,-8.13,EST_FILTERED,-8.13,EST_ANGLE,-7.98,EST_FILTER,ON,EST_FILTER_TYPE,MOVING_AVERAGE,EST_MA_WINDOW,1,EST_FILTER_STRENGTH,0.35
TM,EST_FUSION,ON,EST_GYRO_WEIGHT,0.98,EST_VALID,1
TM,TEAM_CR,478,232297,0.0,-1.7,-1.4,1.4,-0.2,-18.3,-18.3,0.0,-18,3
TM,TEAM_CR,479,232336,0.0,-1.3,-1.4,1.4,0.7,-18.3,-18.3,0.0,-18,3
TM,TEAM_CR,480,232376,0.0,-1.6,-1.4,1.4,0.4,-18.3,-18.3,0.0,-18,3
TM,TEAM_CR,481,232426,0.0,-1.5,-1.4,1.4,-0.3,-18.3,-18.3,0.0,-18,3
TM,TEAM_CR,482,232466,0.0,-1.3,-1.4,1.4,0.0,-18.3,-18.3,0.0,-18,3
TM,TEAM_CR,483,232507,0.0,-1.5,-1.4,1.4,0.6,-18.3,-18.3,0.0,-18,3
TM,TEAM_CR,484,232546,0.0,-1.6,-1.4,1.4,0.1,-18.3,-18.3,0.0,-18,3
TM,TEAM_CR,485,232586,0.0,-1.4,-1.4,1.4,-0.2,-18.3,-18.3,0.0,-18,3
TM,SUN_L,3651,SUN_R,3696,SUN_NDV,-0.0061,SUN_ANGLE,-7.42
TM,MAG_X,-18.10,MAG_Y,29.26,MAG_Z,-10.62,MAG_HEADING,121.73
TM,GYRO_X,-0.849,GYRO_Y,-2.380,GYRO_Z,0.169,BODY_RATE,-0.169
TM,TEAM_CR,486,232634,0.0,-1.9,-1.4,1.4,-0.2,-18.3,-18.3,0.0,-18,3
TM,TEAM_CR,487,232675,0.0,-1.5,-1.4,1.4,0.7,-18.3,-18.3,0.0,-18,3
TM,TEAM_CR,488,232716,0.0,-1.2,-1.4,1.4,0.3,-18.3,-18.3,0.0,-18,3
TM,TEAM_CR,489,232755,0.0,-1.6,-1.4,1.4,-0.3,-18.3,-18.3,0.0,-18,3
TM,TEAM_CR,490,232795,0.0,-1.6,-1.4,1.4,-0.3,-18.3,-18.3,0.0,-18,3
TM,TEAM_CR,491,232835,0.0,-1.4,-1.4,1.4,0.3,-18.3,-18.3,0.0,-18,3
TM,TEAM_CR,492,232875,0.0,-1.6,-1.4,1.4,0.4,-18.3,-18.3,0.0,-18,3
TM,TEAM_CR,493,232926,0.0,-1.5,-1.4,1.4,-0.4,-18.3,-18.3,0.0,-18,3
TM,TEAM_CR,494,232966,0.0,-1.7,-1.4,1.4,-0.4,-18.3,-18.3,0.0,-18,3
TM,TEAM_CR,495,233013,0.0,-1.4,-1.4,1.4,0.9,-18.3,-18.3,0.0,-18,3
TM,TEAM_CR,496,233053,0.0,-1.6,-1.4,1.4,0.3,-18.3,-18.3,0.0,-18,3
TM,TEAM_CR,497,233094,0.0,-1.5,-1.4,1.4,-0.4,-18.3,-18.3,0.0,-18,3
TM,TEAM_CR,498,233133,0.0,-1.4,-1.4,1.4,-0.1,-18.3,-18.3,0.0,-18,3
TM,TEAM_CR,499,233176,0.0,-1.6,-1.4,1.4,0.7,-18.3,-18.3,0.0,-18,3
TM,TEAM_CR,500,233216,0.0,-1.6,-1.4,1.4,0.1,-18.3,-18.3,0.0,-18,3
TM,ADCS_MODE,MANUAL,ADCS_REFERENCE,SUN,TARGET,0.00,POINTING_ERROR,7.95,SUN_ERROR,8.00,MAG_ERROR,-121.69,GYRO_Z,-0.137,RW_CMD,0
TM,EST_RAW,-8.00,EST_FILTERED,-8.00,EST_ANGLE,-7.95,EST_FILTER,ON,EST_FILTER_TYPE,MOVING_AVERAGE,EST_MA_WINDOW,1,EST_FILTER_STRENGTH,0.35
TM,EST_FUSION,ON,EST_GYRO_WEIGHT,0.98,EST_VALID,1
TM,TEAM_CR,501,233255,0.0,-1.2,-1.4,1.4,-0.5,-18.3,-18.3,0.0,-18,3
TM,TEAM_CR,502,233295,0.0,-1.4,-1.4,1.4,-0.1,-18.3,-18.3,0.0,-18,3
TM,TEAM_CR,503,233335,0.0,-1.2,-1.4,1.4,0.4,-18.3,-18.3,0.0,-18,3
TM,SUN_L,3651,SUN_R,3698,SUN_NDV,-0.0064,SUN_ANGLE,-8.06
TM,MAG_X,-18.10,MAG_Y,29.31,MAG_Z,-10.61,MAG_HEADING,121.69
TM,GYRO_X,-1.059,GYRO_Y,-2.293,GYRO_Z,-0.093,BODY_RATE,0.093
TM,TEAM_CR,504,233375,0.0,-1.4,-1.4,1.4,0.5,-18.3,-18.3,0.0,-18,3
TM,TEAM_CR,505,233425,0.0,-1.6,-1.4,1.4,-0.4,-18.3,-18.3,0.0,-18,3
TM,TEAM_CR,506,233465,0.0,-1.5,-1.4,1.4,-0.3,-18.3,-18.3,0.0,-18,3
TM,TEAM_CR,507,233505,0.0,-1.5,-1.4,1.4,0.7,-18.3,-18.3,0.0,-18,3
TM,TEAM_CR,508,233545,0.0,-1.3,-1.4,1.4,0.1,-18.3,-18.3,0.0,-18,3
TM,TEAM_CR,509,233585,0.0,-1.5,-1.4,1.4,-0.2,-18.3,-18.3,0.0,-18,3
TM,TEAM_CR,510,233634,0.0,-1.5,-1.4,1.4,0.5,-18.3,-18.3,0.0,-18,3
TM,TEAM_CR,511,233676,0.0,-1.5,-1.4,1.4,0.7,-18.3,-18.3,0.0,-18,3
TM,TEAM_CR,512,233715,0.0,-1.5,-1.4,1.4,0.1,-18.3,-18.3,0.0,-18,3
TM,TEAM_CR,513,233755,0.0,-1.8,-1.4,1.4,-0.3,-18.3,-18.3,0.0,-18,3
TM,TEAM_CR,514,233795,0.0,-1.6,-1.4,1.4,-0.1,-18.3,-18.3,0.0,-18,3
TM,TEAM_CR,515,233835,0.0,-1.5,-1.4,1.4,0.8,-18.3,-18.3,0.0,-18,3
TM,TEAM_CR,516,233875,0.0,-1.3,-1.4,1.4,0.1,-18.3,-18.3,0.0,-18,3
TM,TEAM_CR,517,233926,0.0,-1.4,-1.4,1.4,-0.4,-18.3,-18.3,0.0,-18,3
TM,TEAM_CR,518,233966,0.0,-1.5,-1.4,1.4,0.1,-18.3,-18.3,0.0,-18,3
TM,TEAM_CR,519,234014,0.0,-1.6,-1.4,1.4,0.8,-18.3,-18.3,0.0,-18,3
TM,TEAM_CR,520,234054,0.0,-1.4,-1.4,1.4,0.0,-18.3,-18.3,0.0,-18,3
TM,TEAM_CR,521,234094,0.0,-1.5,-1.4,1.4,-0.3,-18.3,-18.3,0.0,-18,3
TM,TEAM_CR,522,234134,0.0,-1.7,-1.4,1.4,0.3,-18.3,-18.3,0.0,-18,3
TM,SUN_L,3652,SUN_R,3698,SUN_NDV,-0.0063,SUN_ANGLE,-7.92
TM,MAG_X,-17.98,MAG_Y,29.34,MAG_Z,-10.74,MAG_HEADING,121.50
TM,GYRO_X,-1.094,GYRO_Y,-2.293,GYRO_Z,-0.400,BODY_RATE,0.400
TM,TEAM_CR,523,234176,0.0,-1.4,-1.4,1.4,0.9,-18.3,-18.3,0.0,-18,3
TM,ADCS_MODE,MANUAL,ADCS_REFERENCE,SUN,TARGET,0.00,POINTING_ERROR,7.93,SUN_ERROR,7.98,MAG_ERROR,-121.50,GYRO_Z,0.108,RW_CMD,0
TM,EST_RAW,-7.98,EST_FILTERED,-7.98,EST_ANGLE,-7.93,EST_FILTER,ON,EST_FILTER_TYPE,MOVING_AVERAGE,EST_MA_WINDOW,1,EST_FILTER_STRENGTH,0.35
TM,EST_FUSION,ON,EST_GYRO_WEIGHT,0.98,EST_VALID,1
TM,TEAM_CR,524,234215,0.0,-1.4,-1.4,1.4,-0.4,-18.3,-18.3,0.0,-18,3
TM,TEAM_CR,525,234255,0.0,-1.6,-1.4,1.4,-0.3,-18.3,-18.3,0.0,-18,3
TM,TEAM_CR,526,234295,0.0,-1.6,-1.4,1.4,0.3,-18.3,-18.3,0.0,-18,3
TM,TEAM_CR,527,234335,0.0,-1.4,-1.4,1.4,0.7,-18.3,-18.3,0.0,-18,3
TM,TEAM_CR,528,234375,0.0,-1.6,-1.4,1.4,-0.1,-18.3,-18.3,0.0,-18,3
TM,TEAM_CR,529,234427,0.0,-1.5,-1.4,1.4,-0.3,-18.3,-18.3,0.0,-18,3
TM,TEAM_CR,530,234467,0.0,-1.1,-1.4,1.4,0.3,-18.3,-18.3,0.0,-18,3
TM,TEAM_CR,531,234507,0.0,-1.4,-1.4,1.4,0.6,-18.3,-18.3,0.0,-18,3
TM,TEAM_CR,532,234547,0.0,-1.7,-1.4,1.4,-0.4,-18.3,-18.3,0.0,-18,3
TM,TEAM_CR,533,234587,0.0,-1.5,-1.4,1.4,-0.2,-18.3,-18.3,0.0,-18,3
TM,TEAM_CR,534,234634,0.0,-1.8,-1.4,1.4,0.5,-18.3,-18.3,0.0,-18,3
TM,TEAM_CR,535,234676,0.0,-1.5,-1.4,1.4,-0.1,-18.3,-18.3,0.0,-18,3
TM,TEAM_CR,536,234715,0.0,-1.3,-1.4,1.4,-0.1,-18.3,-18.3,0.0,-18,3
TM,TEAM_CR,537,234755,0.0,-1.2,-1.4,1.4,-0.1,-18.3,-18.3,0.0,-18,3
TM,TEAM_CR,538,234795,0.0,-1.2,-1.4,1.4,0.5,-18.3,-18.3,0.0,-18,3
TM,TEAM_CR,539,234835,0.0,-1.5,-1.4,1.4,0.5,-18.3,-18.3,0.0,-18,3
TM,TEAM_CR,540,234875,0.0,-1.5,-1.4,1.4,-0.5,-18.3,-18.3,0.0,-18,3
TM,SUN_L,3652,SUN_R,3697,SUN_NDV,-0.0061,SUN_ANGLE,-7.83
TM,MAG_X,-18.08,MAG_Y,29.31,MAG_Z,-10.74,MAG_HEADING,121.67
TM,GYRO_X,-0.858,GYRO_Y,-2.398,GYRO_Z,-0.006,BODY_RATE,0.006
TM,TEAM_CR,541,234926,0.0,-1.3,-1.4,1.4,0.2,-18.3,-18.3,0.0,-18,3
TM,TEAM_CR,542,234965,0.0,-1.3,-1.4,1.4,0.6,-18.3,-18.3,0.0,-18,3
TM,TEAM_CR,543,235014,0.0,-1.5,-1.4,1.4,-0.1,-18.3,-18.3,0.0,-18,3
TM,TEAM_CR,544,235054,0.0,-1.4,-1.4,1.4,-0.3,-18.3,-18.3,0.0,-18,3
TM,TEAM_CR,545,235094,0.0,-1.5,-1.4,1.4,0.6,-18.3,-18.3,0.0,-18,3
TM,TEAM_CR,546,235134,0.0,-1.3,-1.4,1.4,0.6,-18.3,-18.3,0.0,-18,3
TM,ADCS_MODE,MANUAL,ADCS_REFERENCE,SUN,TARGET,0.00,POINTING_ERROR,7.87,SUN_ERROR,7.91,MAG_ERROR,-121.67,GYRO_Z,0.020,RW_CMD,0
TM,EST_RAW,-7.91,EST_FILTERED,-7.91,EST_ANGLE,-7.87,EST_FILTER,ON,EST_FILTER_TYPE,MOVING_AVERAGE,EST_MA_WINDOW,1,EST_FILTER_STRENGTH,0.35
TM,EST_FUSION,ON,EST_GYRO_WEIGHT,0.98,EST_VALID,1
TM,TEAM_CR,547,235176,0.0,-1.7,-1.4,1.4,-0.1,-18.3,-18.3,0.0,-18,3
TM,TEAM_CR,548,235216,0.0,-1.4,-1.4,1.4,-0.4,-18.3,-18.3,0.0,-18,3
TM,TEAM_CR,549,235256,0.0,-1.4,-1.4,1.4,0.4,-18.3,-18.3,0.0,-18,3
TM,TEAM_CR,550,235296,0.0,-1.8,-1.4,1.4,0.7,-18.3,-18.3,0.0,-18,3
TM,TEAM_CR,551,235336,0.0,-1.6,-1.4,1.4,0.1,-18.3,-18.3,0.0,-18,3
TM,TEAM_CR,552,235376,0.0,-1.3,-1.4,1.4,-0.4,-18.3,-18.3,0.0,-18,3
TM,TEAM_CR,553,235426,0.0,-1.5,-1.4,1.4,0.6,-18.3,-18.3,0.0,-18,3
TM,TEAM_CR,554,235466,0.0,-1.6,-1.4,1.4,0.3,-18.3,-18.3,0.0,-18,3
TM,TEAM_CR,555,235506,0.0,-1.6,-1.4,1.4,-0.1,-18.3,-18.3,0.0,-18,3
TM,TEAM_CR,556,235546,0.0,-1.5,-1.4,1.4,-0.4,-18.3,-18.3,0.0,-18,3
TM,TEAM_CR,557,235586,0.0,-1.6,-1.4,1.4,0.5,-18.3,-18.3,0.0,-18,3
TM,TEAM_CR,558,235634,0.0,-1.2,-1.4,1.4,0.1,-18.3,-18.3,0.0,-18,3
TM,SUN_L,3651,SUN_R,3697,SUN_NDV,-0.0063,SUN_ANGLE,-7.47
TM,MAG_X,-18.03,MAG_Y,29.22,MAG_Z,-10.66,MAG_HEADING,121.68
TM,GYRO_X,-1.129,GYRO_Y,-2.223,GYRO_Z,0.082,BODY_RATE,-0.082
TM,TEAM_CR,559,235675,0.0,-1.8,-1.4,1.4,-0.1,-18.3,-18.3,0.0,-18,3
TM,TEAM_CR,560,235716,0.0,-1.1,-1.4,1.4,-0.2,-18.3,-18.3,0.0,-18,3
TM,TEAM_CR,561,235755,0.0,-1.7,-1.4,1.4,0.6,-18.3,-18.3,0.0,-18,3
TM,TEAM_CR,562,235795,0.0,-1.4,-1.4,1.4,0.0,-18.3,-18.3,0.0,-18,3
TM,TEAM_CR,563,235835,0.0,-1.3,-1.4,1.4,0.0,-18.3,-18.3,0.0,-18,3
TM,TEAM_CR,564,235875,0.0,-1.3,-1.4,1.4,0.5,-18.3,-18.3,0.0,-18,3
TM,TEAM_CR,565,235926,0.0,-1.6,-1.4,1.4,0.7,-18.3,-18.3,0.0,-18,3
TM,TEAM_CR,566,235966,0.0,-1.5,-1.3,1.3,-0.2,-18.3,-18.3,0.0,-18,3
TM,TEAM_CR,567,236014,0.0,-1.5,-1.4,1.4,-0.5,-18.3,-18.3,0.0,-18,3
TM,TEAM_CR,568,236054,0.0,-1.5,-1.4,1.4,0.5,-18.3,-18.3,0.0,-18,3
TM,TEAM_CR,569,236094,0.0,-1.7,-1.4,1.4,0.2,-18.3,-18.3,0.0,-18,3
TM,ADCS_MODE,MANUAL,ADCS_REFERENCE,SUN,TARGET,0.00,POINTING_ERROR,7.85,SUN_ERROR,8.14,MAG_ERROR,-121.52,GYRO_Z,-0.076,RW_CMD,0
TM,EST_RAW,-8.14,EST_FILTERED,-8.14,EST_ANGLE,-7.85,EST_FILTER,ON,EST_FILTER_TYPE,MOVING_AVERAGE,EST_MA_WINDOW,1,EST_FILTER_STRENGTH,0.35
TM,EST_FUSION,ON,EST_GYRO_WEIGHT,0.98,EST_VALID,1
TM,TEAM_CR,570,236135,0.0,-1.3,-1.4,1.4,-0.3,-18.3,-18.3,0.0,-18,3
TM,TEAM_CR,571,236177,0.0,-1.5,-1.4,1.4,-0.3,-18.3,-18.3,0.0,-18,3
TM,TEAM_CR,572,236216,0.0,-1.5,-1.4,1.4,0.6,-18.3,-18.3,0.0,-18,3
TM,TEAM_CR,573,236256,0.0,-1.5,-1.4,1.4,0.4,-18.3,-18.3,0.0,-18,3
TM,TEAM_CR,574,236296,0.0,-1.6,-1.4,1.4,-0.2,-18.3,-18.3,0.0,-18,3
TM,TEAM_CR,575,236336,0.0,-1.5,-1.4,1.4,-0.2,-18.3,-18.3,0.0,-18,3
TM,TEAM_CR,576,236376,0.0,-1.4,-1.4,1.4,0.6,-18.3,-18.3,0.0,-18,3
TM,SUN_L,3651,SUN_R,3695,SUN_NDV,-0.0060,SUN_ANGLE,-7.86
TM,MAG_X,-17.97,MAG_Y,29.30,MAG_Z,-10.46,MAG_HEADING,121.52
TM,GYRO_X,-1.085,GYRO_Y,-2.354,GYRO_Z,0.108,BODY_RATE,-0.108
TM,TEAM_CR,577,236426,0.0,-1.5,-1.4,1.4,0.0,-18.3,-18.3,0.0,-18,3
TM,TEAM_CR,578,236466,0.0,-1.7,-1.4,1.4,-0.4,-18.3,-18.3,0.0,-18,3
TM,TEAM_CR,579,236506,0.0,-1.3,-1.4,1.4,0.5,-18.3,-18.3,0.0,-18,3
TM,TEAM_CR,580,236546,0.0,-1.4,-1.3,1.3,0.5,-18.3,-18.3,0.0,-18,3
TM,TEAM_CR,581,236586,0.0,-1.4,-1.4,1.4,-0.2,-18.3,-18.3,0.0,-18,3
TM,TEAM_CR,582,236635,0.0,-1.6,-1.4,1.4,-0.2,-18.3,-18.3,0.0,-18,3
TM,TEAM_CR,583,236677,0.0,-1.6,-1.4,1.4,0.6,-18.3,-18.3,0.0,-18,3
TM,TEAM_CR,584,236717,0.0,-1.3,-1.4,1.4,0.1,-18.3,-18.3,0.0,-18,3
TM,TEAM_CR,585,236757,0.0,-1.9,-1.4,1.4,-0.2,-18.3,-18.3,0.0,-18,3
TM,TEAM_CR,586,236797,0.0,-1.8,-1.4,1.4,-0.2,-18.3,-18.3,0.0,-18,3
TM,TEAM_CR,587,236837,0.0,-1.5,-1.4,1.4,0.5,-18.3,-18.3,0.0,-18,3
TM,TEAM_CR,588,236877,0.0,-1.3,-1.4,1.4,0.0,-18.3,-18.3,0.0,-18,3
TM,TEAM_CR,589,236926,0.0,-1.4,-1.4,1.4,-0.5,-18.3,-18.3,0.0,-18,3
TM,TEAM_CR,590,236966,0.0,-1.6,-1.4,1.4,0.2,-18.3,-18.3,0.0,-18,3
TM,TEAM_CR,591,237015,0.0,-1.6,-1.4,1.4,0.5,-18.3,-18.3,0.0,-18,3
TM,TEAM_CR,592,237054,0.0,-1.3,-1.4,1.4,-0.5,-18.3,-18.3,0.0,-18,3
TM,ADCS_MODE,MANUAL,ADCS_REFERENCE,SUN,TARGET,0.00,POINTING_ERROR,7.90,SUN_ERROR,7.69,MAG_ERROR,-121.52,GYRO_Z,-0.058,RW_CMD,0
TM,EST_RAW,-7.69,EST_FILTERED,-7.69,EST_ANGLE,-7.90,EST_FILTER,ON,EST_FILTER_TYPE,MOVING_AVERAGE,EST_MA_WINDOW,1,EST_FILTER_STRENGTH,0.35
TM,EST_FUSION,ON,EST_GYRO_WEIGHT,0.98,EST_VALID,1
TM,TEAM_CR,593,237094,0.0,-1.6,-1.4,1.4,-0.3,-18.3,-18.3,0.0,-18,3
TM,TEAM_CR,594,237134,0.0,-1.4,-1.4,1.4,0.7,-18.3,-18.3,0.0,-18,3
TM,SUN_L,3651,SUN_R,3695,SUN_NDV,-0.0060,SUN_ANGLE,-7.67
TM,MAG_X,-18.08,MAG_Y,29.20,MAG_Z,-10.53,MAG_HEADING,121.76
TM,GYRO_X,-1.050,GYRO_Y,-2.161,GYRO_Z,0.029,BODY_RATE,-0.029
TM,TEAM_CR,595,237177,0.0,-1.7,-1.4,1.4,-0.2,-18.3,-18.3,0.0,-18,3
TM,TEAM_CR,596,237216,0.0,-1.3,-1.4,1.4,-0.4,-18.3,-18.3,0.0,-18,3
TM,TEAM_CR,597,237256,0.0,-1.4,-1.4,1.4,-0.3,-18.3,-18.3,0.0,-18,3
TM,TEAM_CR,598,237296,0.0,-1.5,-1.4,1.4,0.5,-18.3,-18.3,0.0,-18,3
TM,TEAM_CR,599,237336,0.0,-1.4,-1.4,1.4,-0.1,-18.3,-18.3,0.0,-18,3
TM,TEAM_CR,600,237376,0.0,-1.2,-1.4,1.4,-0.3,-18.3,-18.3,0.0,-18,3
TM,TEAM_CR,601,237426,0.0,-1.6,-1.4,1.4,0.4,-18.3,-18.3,0.0,-18,3
TM,TEAM_CR,602,237466,0.0,-1.7,-1.4,1.4,0.5,-18.3,-18.3,0.0,-18,3
TM,TEAM_CR,603,237506,0.0,-1.6,-1.4,1.4,-0.5,-18.3,-18.3,0.0,-18,3
TM,TEAM_CR,604,237546,0.0,-1.4,-1.4,1.4,0.0,-18.3,-18.3,0.0,-18,3
TM,TEAM_CR,605,237586,0.0,-1.6,-1.4,1.4,0.4,-18.3,-18.3,0.0,-18,3
TM,TEAM_CR,606,237636,0.0,-1.6,-1.4,1.4,0.2,-18.3,-18.3,0.0,-18,3
TM,TEAM_CR,607,237677,0.0,-1.3,-1.4,1.4,-0.3,-18.3,-18.3,0.0,-18,3
TM,TEAM_CR,608,237717,0.0,-1.5,-1.4,1.4,0.0,-18.3,-18.3,0.0,-18,3
TM,TEAM_CR,609,237757,0.0,-1.4,-1.4,1.4,0.6,-18.3,-18.3,0.0,-18,3
TM,TEAM_CR,610,237797,0.0,-1.4,-1.4,1.4,-0.2,-18.3,-18.3,0.0,-18,3
TM,TEAM_CR,611,237837,0.0,-1.6,-1.4,1.4,-0.7,-18.3,-18.3,0.0,-18,3
TM,TEAM_CR,612,237877,0.0,-1.4,-1.4,1.4,0.4,-18.3,-18.3,0.0,-18,3
TM,TEAM_CR,613,237927,0.0,-1.4,-1.4,1.4,0.6,-18.3,-18.3,0.0,-18,3
TM,SUN_L,3652,SUN_R,3698,SUN_NDV,-0.0063,SUN_ANGLE,-7.88
TM,MAG_X,-18.14,MAG_Y,29.23,MAG_Z,-10.69,MAG_HEADING,121.83
TM,GYRO_X,-1.006,GYRO_Y,-2.021,GYRO_Z,-0.225,BODY_RATE,0.225
TM,TEAM_CR,614,237966,0.0,-1.4,-1.4,1.4,-0.3,-18.3,-18.3,0.0,-18,3
TM,ADCS_MODE,MANUAL,ADCS_REFERENCE,SUN,TARGET,0.00,POINTING_ERROR,7.95,SUN_ERROR,8.56,MAG_ERROR,-121.83,GYRO_Z,-0.242,RW_CMD,0
TM,EST_RAW,-8.56,EST_FILTERED,-8.56,EST_ANGLE,-7.95,EST_FILTER,ON,EST_FILTER_TYPE,MOVING_AVERAGE,EST_MA_WINDOW,1,EST_FILTER_STRENGTH,0.35
TM,EST_FUSION,ON,EST_GYRO_WEIGHT,0.98,EST_VALID,1
TM,TEAM_CR,615,238015,0.0,-1.2,-1.4,1.4,-0.1,-18.3,-18.3,0.0,-18,3
TM,TEAM_CR,616,238055,0.0,-1.4,-1.4,1.4,0.5,-18.3,-18.3,0.0,-18,3
TM,TEAM_CR,617,238095,0.0,-1.4,-1.4,1.4,-0.1,-18.3,-18.3,0.0,-18,3
TM,TEAM_CR,618,238135,0.0,-1.4,-1.4,1.4,-0.3,-18.3,-18.3,0.0,-18,3
TM,TEAM_CR,619,238177,0.0,-1.5,-1.4,1.4,0.5,-18.3,-18.3,0.0,-18,3
TM,TEAM_CR,620,238216,0.0,-1.3,-1.3,1.3,0.4,-18.3,-18.3,0.0,-18,3
TM,TEAM_CR,621,238256,0.0,-1.4,-1.4,1.4,-0.1,-18.3,-18.3,0.0,-18,3
TM,TEAM_CR,622,238296,0.0,-1.5,-1.4,1.4,-0.3,-18.3,-18.3,0.0,-18,3
TM,TEAM_CR,623,238336,0.0,-1.6,-1.4,1.4,0.2,-18.3,-18.3,0.0,-18,3
TM,TEAM_CR,624,238376,0.0,-1.6,-1.4,1.4,-0.2,-18.3,-18.3,0.0,-18,3
TM,TEAM_CR,625,238427,0.0,-1.4,-1.4,1.4,-0.4,-18.3,-18.3,0.0,-18,3
TM,TEAM_CR,626,238467,0.0,-1.4,-1.4,1.4,0.4,-18.3,-18.3,0.0,-18,3
TM,TEAM_CR,627,238507,0.0,-1.5,-1.4,1.4,0.3,-18.3,-18.3,0.0,-18,3
TM,TEAM_CR,628,238547,0.0,-1.5,-1.4,1.4,0.1,-18.3,-18.3,0.0,-18,3
TM,TEAM_CR,629,238587,0.0,-1.4,-1.4,1.4,-0.4,-18.3,-18.3,0.0,-18,3
TM,TEAM_CR,630,238635,0.0,-1.4,-1.4,1.4,0.3,-18.3,-18.3,0.0,-18,3
TM,TEAM_CR,631,238677,0.0,-1.6,-1.4,1.4,0.2,-18.3,-18.3,0.0,-18,3
TM,SUN_L,3652,SUN_R,3697,SUN_NDV,-0.0061,SUN_ANGLE,-7.58
TM,MAG_X,-18.13,MAG_Y,29.25,MAG_Z,-10.59,MAG_HEADING,121.79
TM,GYRO_X,-1.085,GYRO_Y,-2.284,GYRO_Z,-0.076,BODY_RATE,0.076
TM,TEAM_CR,632,238717,0.0,-1.6,-1.4,1.4,-0.1,-18.3,-18.3,0.0,-18,3
TM,TEAM_CR,633,238757,0.0,-1.3,-1.4,1.4,0.2,-18.3,-18.3,0.0,-18,3
TM,TEAM_CR,634,238797,0.0,-1.6,-1.4,1.4,0.7,-18.3,-18.3,0.0,-18,3
TM,TEAM_CR,635,238838,0.0,-1.7,-1.4,1.4,0.3,-18.3,-18.3,0.0,-18,3
TM,TEAM_CR,636,238877,0.0,-1.5,-1.4,1.4,-0.1,-18.3,-18.3,0.0,-18,3
TM,TEAM_CR,637,238927,0.0,-1.5,-1.4,1.4,0.5,-18.3,-18.3,0.0,-18,3
TM,ADCS_MODE,MANUAL,ADCS_REFERENCE,SUN,TARGET,0.00,POINTING_ERROR,7.92,SUN_ERROR,7.92,MAG_ERROR,-121.80,GYRO_Z,-0.102,RW_CMD,0
TM,EST_RAW,-7.92,EST_FILTERED,-7.92,EST_ANGLE,-7.92,EST_FILTER,ON,EST_FILTER_TYPE,MOVING_AVERAGE,EST_MA_WINDOW,1,EST_FILTER_STRENGTH,0.35
TM,EST_FUSION,ON,EST_GYRO_WEIGHT,0.98,EST_VALID,1
TM,TEAM_CR,638,238967,0.0,-1.5,-1.4,1.4,0.1,-18.3,-18.3,0.0,-18,3
TM,TEAM_CR,639,239015,0.0,-1.6,-1.4,1.4,-0.2,-18.3,-18.3,0.0,-18,3
TM,TEAM_CR,640,239055,0.0,-1.6,-1.4,1.4,0.2,-18.3,-18.3,0.0,-18,3
TM,TEAM_CR,641,239095,0.0,-1.5,-1.4,1.4,0.6,-18.3,-18.3,0.0,-18,3
TM,TEAM_CR,642,239135,0.0,-1.5,-1.4,1.4,0.0,-18.3,-18.3,0.0,-18,3
TM,TEAM_CR,643,239177,0.0,-1.8,-1.4,1.4,-0.2,-18.3,-18.3,0.0,-18,3
TM,TEAM_CR,644,239217,0.0,-1.3,-1.4,1.4,0.3,-18.3,-18.3,0.0,-18,3
TM,TEAM_CR,645,239258,0.0,-1.5,-1.3,1.3,0.6,-18.3,-18.3,0.0,-18,3
TM,TEAM_CR,646,239297,0.0,-1.4,-1.4,1.4,-0.2,-18.3,-18.3,0.0,-18,3
TM,TEAM_CR,647,239337,0.0,-1.4,-1.4,1.4,-0.2,-18.3,-18.3,0.0,-18,3
TM,TEAM_CR,648,239377,0.0,-1.5,-1.4,1.4,0.2,-18.3,-18.3,0.0,-18,3
TM,TEAM_CR,649,239427,0.0,-1.5,-1.4,1.4,0.0,-18.3,-18.3,0.0,-18,3
TM,SUN_L,3653,SUN_R,3699,SUN_NDV,-0.0063,SUN_ANGLE,-7.85
TM,MAG_X,-18.02,MAG_Y,29.10,MAG_Z,-10.69,MAG_HEADING,121.76
TM,GYRO_X,-0.840,GYRO_Y,-2.433,GYRO_Z,-0.163,BODY_RATE,0.163
TM,TEAM_CR,650,239468,0.0,-1.3,-1.4,1.4,-0.1,-18.3,-18.3,0.0,-18,3
TM,TEAM_CR,651,239507,0.0,-1.6,-1.4,1.4,0.4,-18.3,-18.3,0.0,-18,3
TM,TEAM_CR,652,239547,0.0,-1.6,-1.4,1.4,0.4,-18.3,-18.3,0.0,-18,3
TM,TEAM_CR,653,239587,0.0,-1.3,-1.4,1.4,-0.2,-18.3,-18.3,0.0,-18,3
TM,TEAM_CR,654,239634,0.0,-1.3,-1.4,1.4,-0.1,-18.3,-18.3,0.0,-18,3
TM,TEAM_CR,655,239678,0.0,-1.7,-1.4,1.4,0.4,-18.3,-18.3,0.0,-18,3
TM,TEAM_CR,656,239718,0.0,-1.2,-1.4,1.4,-0.1,-18.3,-18.3,0.0,-18,3
TM,TEAM_CR,657,239757,0.0,-1.3,-1.4,1.4,0.0,-18.3,-18.3,0.0,-18,3
TM,TEAM_CR,658,239797,0.0,-1.3,-1.3,1.3,0.7,-18.3,-18.3,0.0,-18,3
TM,TEAM_CR,659,239837,0.0,-1.3,-1.3,1.3,0.1,-18.3,-18.3,0.0,-18,3
TM,TEAM_CR,660,239877,0.0,-1.1,-1.3,1.3,-0.5,-18.3,-18.3,0.0,-18,3
TM,ADCS_MODE,MANUAL,ADCS_REFERENCE,SUN,TARGET,0.00,POINTING_ERROR,7.86,SUN_ERROR,7.37,MAG_ERROR,-121.76,GYRO_Z,0.012,RW_CMD,0
TM,EST_RAW,-7.37,EST_FILTERED,-7.37,EST_ANGLE,-7.86,EST_FILTER,ON,EST_FILTER_TYPE,MOVING_AVERAGE,EST_MA_WINDOW,1,EST_FILTER_STRENGTH,0.35
TM,EST_FUSION,ON,EST_GYRO_WEIGHT,0.98,EST_VALID,1
TM,TEAM_CR,661,239927,0.0,-1.7,-1.4,1.4,-0.3,-18.3,-18.3,0.0,-18,3
TM,TEAM_CR,662,239968,0.0,-1.4,-1.3,1.3,0.5,-18.3,-18.3,0.0,-18,3
TM,TEAM_CR,663,240015,0.0,-1.4,-1.4,1.4,-0.2,-18.3,-18.3,0.0,-18,3
TM,TEAM_CR,664,240055,0.0,-1.4,-1.4,1.4,-0.4,-18.3,-18.3,0.0,-18,3
TM,TEAM_CR,665,240096,0.0,-1.2,-1.4,1.4,0.4,-18.3,-18.3,0.0,-18,3
TM,TEAM_CR,666,240135,0.0,-1.8,-1.4,1.4,0.2,-18.3,-18.3,0.0,-18,3
TM,TEAM_CR,667,240176,0.0,-1.4,-1.4,1.4,-0.2,-18.3,-18.3,0.0,-18,3
TM,SUN_L,3654,SUN_R,3696,SUN_NDV,-0.0057,SUN_ANGLE,-8.02
TM,MAG_X,-18.02,MAG_Y,29.28,MAG_Z,-10.67,MAG_HEADING,121.60
TM,GYRO_X,-0.840,GYRO_Y,-2.354,GYRO_Z,-0.146,BODY_RATE,0.146
TM,TEAM_CR,668,240217,0.0,-1.5,-1.4,1.4,0.0,-18.3,-18.3,0.0,-18,3
TM,TEAM_CR,669,240256,0.0,-1.6,-1.4,1.4,0.5,-18.3,-18.3,0.0,-18,3
TM,TEAM_CR,670,240296,0.0,-1.6,-1.4,1.4,0.0,-18.3,-18.3,0.0,-18,3
TM,TEAM_CR,671,240336,0.0,-1.8,-1.4,1.4,-0.4,-18.3,-18.3,0.0,-18,3
TM,TEAM_CR,672,240376,0.0,-1.4,-1.4,1.4,0.4,-18.3,-18.3,0.0,-18,3
TM,TEAM_CR,673,240426,0.0,-1.7,-1.4,1.4,0.2,-18.3,-18.3,0.0,-18,3
TM,TEAM_CR,674,240466,0.0,-1.6,-1.4,1.4,-0.1,-18.3,-18.3,0.0,-18,3
TM,TEAM_CR,675,240506,0.0,-1.3,-1.4,1.4,-0.1,-18.3,-18.3,0.0,-18,3
TM,TEAM_CR,676,240546,0.0,-1.5,-1.4,1.4,0.4,-18.3,-18.3,0.0,-18,3
TM,TEAM_CR,677,240586,0.0,-1.7,-1.4,1.4,0.1,-18.3,-18.3,0.0,-18,3
TM,TEAM_CR,678,240635,0.0,-1.4,-1.4,1.4,-0.2,-18.3,-18.3,0.0,-18,3
TM,TEAM_CR,679,240676,0.0,-1.6,-1.4,1.4,0.3,-18.3,-18.3,0.0,-18,3
TM,TEAM_CR,680,240716,0.0,-1.9,-1.4,1.4,0.2,-18.3,-18.3,0.0,-18,3
TM,TEAM_CR,681,240756,0.0,-1.6,-1.4,1.4,-0.2,-18.3,-18.3,0.0,-18,3
TM,TEAM_CR,682,240796,0.0,-1.6,-1.4,1.4,0.0,-18.3,-18.3,0.0,-18,3
TM,TEAM_CR,683,240836,0.0,-1.9,-1.4,1.4,0.3,-18.3,-18.3,0.0,-18,3
TM,ADCS_MODE,MANUAL,ADCS_REFERENCE,SUN,TARGET,0.00,POINTING_ERROR,7.87,SUN_ERROR,8.08,MAG_ERROR,-121.86,GYRO_Z,0.134,RW_CMD,0
TM,EST_RAW,-8.08,EST_FILTERED,-8.08,EST_ANGLE,-7.87,EST_FILTER,ON,EST_FILTER_TYPE,MOVING_AVERAGE,EST_MA_WINDOW,1,EST_FILTER_STRENGTH,0.35
TM,EST_FUSION,ON,EST_GYRO_WEIGHT,0.98,EST_VALID,1
TM,TEAM_CR,684,240876,0.0,-1.5,-1.4,1.4,0.2,-18.3,-18.3,0.0,-18,3
TM,TEAM_CR,685,240927,0.0,-1.8,-1.5,1.5,-0.2,-18.3,-18.3,0.0,-18,3
TM,SUN_L,3650,SUN_R,3697,SUN_NDV,-0.0064,SUN_ANGLE,-7.67
TM,MAG_X,-18.10,MAG_Y,29.12,MAG_Z,-10.59,MAG_HEADING,121.86
TM,GYRO_X,-1.024,GYRO_Y,-1.942,GYRO_Z,-0.216,BODY_RATE,0.216
TM,TEAM_CR,686,240967,0.0,-2.0,-1.5,1.5,0.3,-18.3,-18.3,0.0,-18,3
TM,TEAM_CR,687,241015,0.0,-1.9,-1.5,1.5,-0.1,-18.3,-18.3,0.0,-18,3
TM,TEAM_CR,688,241056,0.0,-1.8,-1.5,1.5,-0.3,-15.0,-18.3,0.0,-17,3
TM,TEAM_CR,689,241095,0.0,-1.8,-1.5,1.5,0.5,-15.7,-18.3,0.0,-16,3
TM,TEAM_CR,690,241135,0.0,-1.6,-1.5,1.5,0.5,-18.3,-18.3,0.0,-18,3
TM,TEAM_CR,691,241177,0.0,-1.7,-1.5,1.5,0.1,-18.3,-18.3,0.0,-18,3
TM,TEAM_CR,692,241216,0.0,-1.6,-1.5,1.5,-0.2,-18.3,-18.3,0.0,-18,3
TM,TEAM_CR,693,241256,0.0,-1.4,-1.5,1.5,0.5,-18.3,-18.3,0.0,-18,3
TM,TEAM_CR,694,241296,0.0,-2.0,-1.5,1.5,-0.4,-14.9,-18.3,0.0,-17,3
TM,TEAM_CR,695,241336,0.0,-1.6,-1.5,1.5,0.1,-15.2,-18.2,0.0,-15,3
TM,TEAM_CR,696,241376,0.0,-1.7,-1.5,1.5,0.4,-15.6,-18.2,0.0,-16,3
TM,TEAM_CR,697,241428,0.0,-1.6,-1.5,1.5,0.4,-15.6,-18.2,0.0,-16,3
TM,TEAM_CR,698,241468,0.0,-1.5,-1.5,1.5,0.2,-18.1,-18.1,0.0,-17,3
TM,TEAM_CR,699,241508,0.0,-1.9,-1.5,1.5,0.4,-18.1,-18.1,0.0,-18,3
TM,TEAM_CR,700,241548,0.0,-1.7,-1.5,1.5,0.4,-18.1,-18.1,0.0,-18,3
TM,TEAM_CR,701,241588,0.0,-1.6,-1.5,1.5,-0.3,-14.8,-18.1,0.0,-16,3
TM,TEAM_CR,702,241635,0.0,-1.7,-1.5,1.5,0.2,-15.3,-18.1,0.0,-15,3
TM,TEAM_CR,703,241677,0.0,-1.7,-1.5,1.5,0.6,-18.1,-18.1,0.0,-18,3
TM,TEAM_CR,704,241716,0.0,-1.7,-1.5,1.5,0.0,-18.1,-18.1,0.0,-18,3
TM,SUN_L,3652,SUN_R,3699,SUN_NDV,-0.0064,SUN_ANGLE,-8.48
TM,MAG_X,-18.03,MAG_Y,29.17,MAG_Z,-10.43,MAG_HEADING,121.72
TM,GYRO_X,-1.024,GYRO_Y,-2.362,GYRO_Z,0.055,BODY_RATE,-0.055
TM,TEAM_CR,705,241756,0.0,-1.5,-1.5,1.5,-0.4,-14.7,-18.1,0.0,-17,3
TM,ADCS_MODE,MANUAL,ADCS_REFERENCE,SUN,TARGET,0.00,POINTING_ERROR,7.89,SUN_ERROR,8.24,MAG_ERROR,-121.72,GYRO_Z,0.344,RW_CMD,0
TM,EST_RAW,-8.24,EST_FILTERED,-8.24,EST_ANGLE,-7.89,EST_FILTER,ON,EST_FILTER_TYPE,MOVING_AVERAGE,EST_MA_WINDOW,1,EST_FILTER_STRENGTH,0.35
TM,EST_FUSION,ON,EST_GYRO_WEIGHT,0.98,EST_VALID,1
TM,TEAM_CR,706,241796,0.0,-1.6,-1.5,1.5,0.5,-18.1,-18.1,0.0,-17,3
TM,TEAM_CR,707,241836,0.0,-1.7,-1.5,1.5,0.4,-18.1,-18.1,0.0,-18,3
TM,TEAM_CR,708,241876,0.0,-1.7,-1.5,1.5,-0.4,-18.1,-18.1,0.0,-18,3
TM,TEAM_CR,709,241925,0.0,-1.5,-1.5,1.5,-0.3,-14.7,-18.0,0.0,-15,3
TM,TEAM_CR,710,241965,0.0,-1.5,-1.5,1.5,0.5,-18.0,-18.0,0.0,-18,3
TM,TEAM_CR,711,242015,0.0,-1.4,-1.5,1.5,0.1,-18.0,-18.0,0.0,-18,3
TM,TEAM_CR,712,242055,0.0,-1.5,-1.5,1.5,-0.1,-18.0,-18.0,0.0,-18,3
TM,TEAM_CR,713,242095,0.0,-1.5,-1.5,1.5,0.1,-18.0,-18.0,0.0,-18,3
TM,TEAM_CR,714,242135,0.0,-1.8,-1.5,1.5,-0.1,-18.0,-18.0,0.0,-18,3
TM,TEAM_CR,715,242177,0.0,-1.6,-1.5,1.5,-0.6,-14.4,-18.0,0.0,-14,3
TM,TEAM_CR,716,242217,0.0,-1.8,-1.5,1.5,0.6,-15.6,-18.0,0.0,-16,3
TM,TEAM_CR,717,242257,0.0,-1.8,-1.5,1.5,0.5,-17.9,-17.9,0.0,-18,3
TM,TEAM_CR,718,242297,0.0,-1.8,-1.5,1.5,-0.1,-14.9,-17.9,0.0,-17,3
TM,TEAM_CR,719,242337,0.0,-1.6,-1.5,1.5,0.0,-14.8,-17.9,0.0,-15,3
TM,TEAM_CR,720,242378,0.0,-1.8,-1.5,1.5,0.8,-17.9,-17.9,0.0,-17,3
TM,TEAM_CR,721,242428,0.0,-1.7,-1.5,1.5,0.2,-17.9,-17.9,0.0,-18,3
TM,TEAM_CR,722,242468,0.0,-1.8,-1.5,1.5,-0.5,-14.4,-17.9,0.0,-17,3
TM,SUN_L,3652,SUN_R,3697,SUN_NDV,-0.0061,SUN_ANGLE,-7.64
TM,MAG_X,-18.18,MAG_Y,29.18,MAG_Z,-10.32,MAG_HEADING,121.91
TM,GYRO_X,-0.683,GYRO_Y,-2.424,GYRO_Z,0.020,BODY_RATE,-0.020
TM,TEAM_CR,723,242508,0.0,-1.5,-1.5,1.5,0.4,-15.2,-17.8,0.0,-15,3
TM,TEAM_CR,724,242548,0.0,-1.7,-1.5,1.5,0.1,-14.9,-17.8,0.0,-15,3
TM,TEAM_CR,725,242589,0.0,-1.5,-1.5,1.5,0.3,-15.1,-17.8,0.0,-15,3
TM,TEAM_CR,726,242635,0.0,-1.8,-1.5,1.5,0.7,-17.8,-17.8,0.0,-17,3
TM,TEAM_CR,727,242678,0.0,-1.7,-1.5,1.5,0.2,-17.8,-17.8,0.0,-18,3
TM,TEAM_CR,728,242718,0.0,-1.9,-1.5,1.5,-0.3,-14.4,-17.8,0.0,-17,3
TM,ADCS_MODE,MANUAL,ADCS_REFERENCE,SUN,TARGET,0.00,POINTING_ERROR,7.85,SUN_ERROR,7.97,MAG_ERROR,-121.91,GYRO_Z,-0.146,RW_CMD,0
TM,EST_RAW,-7.97,EST_FILTERED,-7.97,EST_ANGLE,-7.85,EST_FILTER,ON,EST_FILTER_TYPE,MOVING_AVERAGE,EST_MA_WINDOW,1,EST_FILTER_STRENGTH,0.35
TM,EST_FUSION,ON,EST_GYRO_WEIGHT,0.98,EST_VALID,1
TM,TEAM_CR,729,242758,0.0,-1.7,-1.5,1.5,0.4,-15.1,-17.7,0.0,-15,3
TM,TEAM_CR,730,242799,0.0,-1.8,-1.5,1.5,0.7,-17.7,-17.7,0.0,-17,3
TM,TEAM_CR,731,242838,0.0,-1.8,-1.5,1.5,0.2,-17.7,-17.7,0.0,-18,3
TM,TEAM_CR,732,242878,0.0,-1.7,-1.5,1.5,-0.1,-14.5,-17.7,0.0,-17,3
TM,TEAM_CR,733,242928,0.0,-1.7,-1.5,1.5,0.5,-15.2,-17.7,0.0,-15,3
TM,TEAM_CR,734,242968,0.0,-1.8,-1.5,1.5,0.2,-17.7,-17.7,0.0,-18,3
TM,TEAM_CR,735,243016,0.0,-1.7,-1.5,1.5,-0.2,-14.4,-17.6,0.0,-14,3
TM,TEAM_CR,736,243056,0.0,-1.8,-1.5,1.5,0.4,-14.9,-17.6,0.0,-15,3
TM,TEAM_CR,737,243096,0.0,-1.6,-1.5,1.5,0.7,-17.6,-17.6,0.0,-17,3
TM,TEAM_CR,738,243136,0.0,-1.6,-1.5,1.5,0.0,-17.6,-17.6,0.0,-18,3
TM,TEAM_CR,739,243178,0.0,-2.1,-1.5,1.5,0.0,-14.5,-17.6,0.0,-17,3
TM,TEAM_CR,740,243219,0.0,-1.9,-1.5,1.5,0.0,-14.5,-17.5,0.0,-14,3
TM,TEAM_CR,741,243258,0.0,-1.8,-1.5,1.5,0.1,-14.6,-17.5,0.0,-15,3
TM,SUN_L,3650,SUN_R,3700,SUN_NDV,-0.0068,SUN_ANGLE,-8.35
TM,MAG_X,-18.00,MAG_Y,29.06,MAG_Z,-10.54,MAG_HEADING,121.78
TM,GYRO_X,-1.059,GYRO_Y,-2.240,GYRO_Z,-0.076,BODY_RATE,0.076
TM,TEAM_CR,742,243298,0.0,-1.6,-1.5,1.5,0.1,-14.6,-17.5,0.0,-15,3
TM,TEAM_CR,743,243338,0.0,-1.4,-1.5,1.5,0.4,-14.8,-17.5,0.0,-15,3
TM,TEAM_CR,744,243378,0.0,-1.5,-1.5,1.5,0.4,-17.5,-17.5,0.0,-17,3
TM,TEAM_CR,745,243429,0.0,-1.5,-1.5,1.5,-0.1,-17.5,-17.5,0.0,-17,3
TM,TEAM_CR,746,243469,0.0,-1.6,-1.5,1.5,-0.1,-14.3,-17.4,0.0,-15,3
TM,TEAM_CR,747,243508,0.0,-1.5,-1.5,1.5,0.2,-14.6,-17.4,0.0,-15,3
TM,TEAM_CR,748,243548,0.0,-1.6,-1.5,1.5,0.0,-14.4,-17.4,0.0,-14,3
TM,TEAM_CR,749,243588,0.0,-1.7,-1.5,1.5,0.3,-14.6,-17.3,0.0,-15,3
TM,TEAM_CR,750,243637,0.0,-1.5,-1.5,1.5,0.6,-17.3,-17.3,0.0,-17,3
TM,TEAM_CR,751,243678,0.0,-1.5,-1.5,1.5,-0.2,-17.3,-17.3,0.0,-17,3
TM,ADCS_MODE,MANUAL,ADCS_REFERENCE,SUN,TARGET,0.00,POINTING_ERROR,7.87,SUN_ERROR,8.27,MAG_ERROR,-121.79,GYRO_Z,0.064,RW_CMD,0
TM,EST_RAW,-8.27,EST_FILTERED,-8.27,EST_ANGLE,-7.87,EST_FILTER,ON,EST_FILTER_TYPE,MOVING_AVERAGE,EST_MA_WINDOW,1,EST_FILTER_STRENGTH,0.35
TM,EST_FUSION,ON,EST_GYRO_WEIGHT,0.98,EST_VALID,1
TM,TEAM_CR,752,243718,0.0,-1.7,-1.5,1.5,-0.4,-13.8,-17.3,0.0,-14,3
TM,TEAM_CR,753,243758,0.0,-1.6,-1.5,1.5,0.3,-14.6,-17.3,0.0,-15,3
TM,TEAM_CR,754,243798,0.0,-1.5,-1.5,1.5,0.2,-14.4,-17.3,0.0,-14,3
TM,TEAM_CR,755,243838,0.0,-1.7,-1.5,1.5,-0.2,-14.0,-17.2,0.0,-14,3
TM,TEAM_CR,756,243878,0.0,-1.4,-1.5,1.5,0.4,-14.6,-17.2,0.0,-15,3
TM,TEAM_CR,757,243929,0.0,-1.4,-1.5,1.5,0.2,-17.2,-17.2,0.0,-17,3
TM,TEAM_CR,758,243969,0.0,-1.8,-1.5,1.5,-0.1,-17.2,-17.2,0.0,-17,3
TM,TEAM_CR,759,244017,0.0,-1.6,-1.5,1.5,0.3,-17.2,-17.2,0.0,-16,3
TM,SUN_L,3651,SUN_R,3695,SUN_NDV,-0.0060,SUN_ANGLE,-7.36
TM,MAG_X,-18.00,MAG_Y,29.04,MAG_Z,-10.45,MAG_HEADING,121.79
TM,GYRO_X,-1.041,GYRO_Y,-2.389,GYRO_Z,-0.111,BODY_RATE,0.111
TM,TEAM_CR,760,244057,0.0,-1.5,-1.5,1.5,0.0,-17.2,-17.2,0.0,-17,3
TM,TEAM_CR,761,244098,0.0,-1.5,-1.5,1.5,-0.2,-13.9,-17.1,0.0,-14,3
TM,TEAM_CR,762,244137,0.0,-1.5,-1.5,1.5,0.1,-14.2,-17.1,0.0,-14,3
TM,TEAM_CR,763,244179,0.0,-1.8,-1.5,1.5,0.6,-17.1,-17.1,0.0,-17,3
TM,TEAM_CR,764,244220,0.0,-1.4,-1.5,1.5,-0.1,-17.1,-17.1,0.0,-17,3
TM,TEAM_CR,765,244259,0.0,-1.8,-1.5,1.5,-0.2,-17.1,-17.1,0.0,-17,3
TM,TEAM_CR,766,244299,0.0,-1.5,-1.5,1.5,0.0,-14.1,-17.1,0.0,-14,3
TM,TEAM_CR,767,244339,0.0,-1.6,-1.5,1.5,0.2,-14.2,-17.1,0.0,-14,3
TM,TEAM_CR,768,244379,0.0,-1.6,-1.5,1.5,0.3,-14.3,-17.0,0.0,-14,3
TM,TEAM_CR,769,244428,0.0,-1.5,-1.5,1.5,0.5,-17.0,-17.0,0.0,-17,3
TM,TEAM_CR,770,244468,0.0,-1.7,-1.5,1.5,0.3,-17.0,-17.0,0.0,-17,3
TM,TEAM_CR,771,244508,0.0,-1.6,-1.5,1.5,-0.2,-17.0,-17.0,0.0,-17,3
TM,TEAM_CR,772,244548,0.0,-1.6,-1.5,1.5,-0.5,-13.5,-17.0,0.0,-16,3
TM,TEAM_CR,773,244588,0.0,-1.7,-1.5,1.5,0.1,-14.1,-17.0,0.0,-14,3
TM,TEAM_CR,774,244637,0.0,-1.6,-1.5,1.5,0.2,-14.2,-17.0,0.0,-14,3
TM,TEAM_CR,775,244679,0.0,-1.5,-1.5,1.5,0.2,-17.0,-17.0,0.0,-17,3
TM,ADCS_MODE,MANUAL,ADCS_REFERENCE,SUN,TARGET,0.00,POINTING_ERROR,7.85,SUN_ERROR,7.96,MAG_ERROR,-121.68,GYRO_Z,-0.242,RW_CMD,0
TM,EST_RAW,-7.96,EST_FILTERED,-7.96,EST_ANGLE,-7.85,EST_FILTER,ON,EST_FILTER_TYPE,MOVING_AVERAGE,EST_MA_WINDOW,1,EST_FILTER_STRENGTH,0.35
TM,EST_FUSION,ON,EST_GYRO_WEIGHT,0.98,EST_VALID,1
TM,TEAM_CR,776,244718,0.0,-1.5,-1.5,1.5,0.4,-17.0,-17.0,0.0,-17,3
TM,TEAM_CR,777,244758,0.0,-1.7,-1.5,1.5,-0.2,-17.0,-17.0,0.0,-17,3
TM,TEAM_CR,778,244798,0.0,-1.6,-1.5,1.5,-0.2,-17.0,-17.0,0.0,-17,3
TM,SUN_L,3648,SUN_R,3697,SUN_NDV,-0.0067,SUN_ANGLE,-8.23
TM,MAG_X,-18.05,MAG_Y,29.09,MAG_Z,-10.24,MAG_HEADING,121.82
TM,GYRO_X,-0.989,GYRO_Y,-2.520,GYRO_Z,0.055,BODY_RATE,-0.055
TM,TEAM_CR,779,244838,0.0,-1.6,-1.5,1.5,-0.1,-13.8,-16.9,0.0,-14,3
TM,TEAM_CR,780,244878,0.0,-1.6,-1.5,1.5,0.2,-14.1,-16.9,0.0,-14,3
TM,TEAM_CR,781,244929,0.0,-1.6,-1.5,1.5,0.2,-14.1,-16.9,0.0,-14,3
TM,TEAM_CR,782,244969,0.0,-1.8,-1.5,1.5,0.4,-16.9,-16.9,0.0,-17,3
TM,TEAM_CR,783,245017,0.0,-1.4,-1.5,1.5,0.0,-16.9,-16.9,0.0,-17,3
TM,TEAM_CR,784,245058,0.0,-1.7,-1.5,1.5,-0.6,-13.2,-16.8,0.0,-16,3
TM,TEAM_CR,785,245097,0.0,-1.8,-1.5,1.5,-0.2,-13.5,-16.8,0.0,-14,3
TM,TEAM_CR,786,245137,0.0,-1.8,-1.5,1.5,0.4,-14.1,-16.8,0.0,-14,3
TM,TEAM_CR,787,245179,0.0,-1.5,-1.5,1.5,0.3,-14.0,-16.8,0.0,-14,3
TM,TEAM_CR,788,245218,0.0,-1.5,-1.5,1.5,0.4,-14.1,-16.7,0.0,-14,3
TM,TEAM_CR,789,245258,0.0,-1.7,-1.5,1.5,0.7,-16.7,-16.7,0.0,-16,3
TM,TEAM_CR,790,245298,0.0,-1.6,-1.5,1.5,0.5,-16.7,-16.7,0.0,-17,3
TM,TEAM_CR,791,245338,0.0,-1.6,-1.5,1.5,-0.2,-16.7,-16.7,0.0,-17,3
TM,TEAM_CR,792,245378,0.0,-1.6,-1.5,1.5,-0.3,-16.7,-16.7,0.0,-17,3
TM,TEAM_CR,793,245430,0.0,-1.7,-1.5,1.5,-0.2,-13.5,-16.7,0.0,-16,3
TM,TEAM_CR,794,245470,0.0,-1.7,-1.5,1.5,-0.2,-13.4,-16.7,0.0,-13,3
TM,TEAM_CR,795,245510,0.0,-1.6,-1.5,1.5,-0.1,-13.4,-16.6,0.0,-13,3
TM,TEAM_CR,796,245550,0.0,-1.7,-1.5,1.5,0.7,-14.3,-16.6,0.0,-14,3
TM,TEAM_CR,797,245590,0.0,-1.5,-1.5,1.5,0.2,-13.8,-16.6,0.0,-14,3
TM,SUN_L,3652,SUN_R,3697,SUN_NDV,-0.0061,SUN_ANGLE,-8.49
TM,MAG_X,-18.19,MAG_Y,28.94,MAG_Z,-10.43,MAG_HEADING,122.15
TM,GYRO_X,-1.006,GYRO_Y,-2.371,GYRO_Z,0.020,BODY_RATE,-0.020
TM,TEAM_CR,798,245637,0.0,-1.7,-1.5,1.5,0.3,-13.8,-16.5,0.0,-14,3
TM,ADCS_MODE,MANUAL,ADCS_REFERENCE,SUN,TARGET,0.00,POINTING_ERROR,7.89,SUN_ERROR,8.45,MAG_ERROR,-122.15,GYRO_Z,0.038,RW_CMD,0
TM,EST_RAW,-8.45,EST_FILTERED,-8.45,EST_ANGLE,-7.89,EST_FILTER,ON,EST_FILTER_TYPE,MOVING_AVERAGE,EST_MA_WINDOW,1,EST_FILTER_STRENGTH,0.35
TM,EST_FUSION,ON,EST_GYRO_WEIGHT,0.98,EST_VALID,1
TM,TEAM_CR,799,245679,0.0,-1.9,-1.5,1.5,0.6,-14.1,-16.5,0.0,-14,3
TM,TEAM_CR,800,245718,0.0,-1.6,-1.5,1.5,0.3,-16.5,-16.5,0.0,-16,3
TM,TEAM_CR,801,245758,0.0,-1.7,-1.5,1.5,0.4,-16.5,-16.5,0.0,-16,3
TM,TEAM_CR,802,245798,0.0,-1.5,-1.5,1.5,0.2,-16.5,-16.5,0.0,-16,3
TM,TEAM_CR,803,245838,0.0,-1.7,-1.5,1.5,0.2,-16.5,-16.5,0.0,-16,3
TM,TEAM_CR,804,245878,0.0,-1.6,-1.5,1.5,0.1,-16.5,-16.5,0.0,-16,3
TM,TEAM_CR,805,245929,0.0,-1.8,-1.5,1.5,0.0,-13.4,-16.5,0.0,-14,3
TM,TEAM_CR,806,245968,0.0,-1.5,-1.5,1.5,0.3,-13.8,-16.5,0.0,-14,3
TM,TEAM_CR,807,246017,0.0,-1.7,-1.5,1.5,0.1,-13.5,-16.4,0.0,-13,3
TM,TEAM_CR,808,246057,0.0,-1.7,-1.5,1.5,0.2,-16.4,-16.4,0.0,-16,3
TM,TEAM_CR,809,246097,0.0,-1.6,-1.5,1.5,0.5,-16.4,-16.4,0.0,-16,3
TM,TEAM_CR,810,246137,0.0,-1.7,-1.5,1.5,-0.2,-16.4,-16.4,0.0,-16,3
TM,TEAM_CR,811,246179,0.0,-1.6,-1.5,1.5,-0.2,-13.2,-16.4,0.0,-15,3
TM,TEAM_CR,812,246219,0.0,-1.6,-1.5,1.5,0.5,-16.4,-16.4,0.0,-15,3
TM,TEAM_CR,813,246259,0.0,-1.6,-1.5,1.5,0.5,-16.4,-16.4,0.0,-16,3
TM,TEAM_CR,814,246300,0.0,-1.6,-1.5,1.5,-0.1,-16.4,-16.4,0.0,-16,3
TM,TEAM_CR,815,246339,0.0,-1.5,-1.5,1.5,0.1,-16.4,-16.4,0.0,-16,3
TM,SUN_L,3651,SUN_R,3696,SUN_NDV,-0.0061,SUN_ANGLE,-7.56
TM,MAG_X,-18.18,MAG_Y,28.94,MAG_Z,-10.30,MAG_HEADING,122.13
TM,GYRO_X,-0.962,GYRO_Y,-2.572,GYRO_Z,-0.067,BODY_RATE,0.067
TM,TEAM_CR,816,246379,0.0,-1.2,-1.5,1.5,0.4,-16.4,-16.4,0.0,-16,3
TM,TEAM_CR,817,246430,0.0,-1.7,-1.5,1.5,-0.1,-16.4,-16.4,0.0,-16,3
TM,TEAM_CR,818,246470,0.0,-1.2,-1.5,1.5,0.0,-16.4,-16.4,0.0,-16,3
TM,TEAM_CR,819,246510,0.0,-1.3,-1.5,1.5,0.3,-16.4,-16.4,0.0,-16,3
TM,TEAM_CR,820,246551,0.0,-1.5,-1.5,1.5,-0.1,-16.4,-16.4,0.0,-16,3
TM,TEAM_CR,821,246590,0.0,-1.4,-1.5,1.5,0.1,-16.4,-16.4,0.0,-16,3
TM,ADCS_MODE,MANUAL,ADCS_REFERENCE,SUN,TARGET,0.00,POINTING_ERROR,7.93,SUN_ERROR,8.35,MAG_ERROR,-122.13,GYRO_Z,-0.058,RW_CMD,0
TM,EST_RAW,-8.35,EST_FILTERED,-8.35,EST_ANGLE,-7.93,EST_FILTER,ON,EST_FILTER_TYPE,MOVING_AVERAGE,EST_MA_WINDOW,1,EST_FILTER_STRENGTH,0.35
TM,EST_FUSION,ON,EST_GYRO_WEIGHT,0.98,EST_VALID,1
TM,TEAM_CR,822,246637,0.0,-1.4,-1.4,1.4,0.4,-16.4,-16.4,0.0,-16,3
TM,TEAM_CR,823,246680,0.0,-1.3,-1.4,1.4,0.1,-16.4,-16.4,0.0,-16,3
TM,TEAM_CR,824,246720,0.0,-1.3,-1.4,1.4,-0.1,-16.4,-16.4,0.0,-16,3
TM,TEAM_CR,825,246761,0.0,-1.4,-1.4,1.4,0.3,-16.4,-16.4,0.0,-16,3
TM,TEAM_CR,826,246800,0.0,-1.4,-1.4,1.4,0.2,-16.4,-16.4,0.0,-16,3
TM,TEAM_CR,827,246840,0.0,-1.3,-1.4,1.4,0.0,-16.4,-16.4,0.0,-16,3
TM,TEAM_CR,828,246880,0.0,-1.4,-1.4,1.4,-0.3,-16.4,-16.4,0.0,-16,3
TM,TEAM_CR,829,246930,0.0,-1.8,-1.4,1.4,0.4,-16.4,-16.4,0.0,-16,3
TM,TEAM_CR,830,246971,0.0,-1.5,-1.4,1.4,-0.2,-16.4,-16.4,0.0,-16,3
TM,TEAM_CR,831,247018,0.0,-1.4,-1.4,1.4,-0.1,-16.4,-16.4,0.0,-16,3
TM,TEAM_CR,832,247058,0.0,-1.7,-1.4,1.4,0.4,-16.4,-16.4,0.0,-16,3
TM,TEAM_CR,833,247098,0.0,-1.5,-1.4,1.4,0.0,-16.4,-16.4,0.0,-16,3
TM,SUN_L,3651,SUN_R,3696,SUN_NDV,-0.0061,SUN_ANGLE,-8.02
TM,MAG_X,-18.08,MAG_Y,28.96,MAG_Z,-10.32,MAG_HEADING,121.98
TM,GYRO_X,-1.190,GYRO_Y,-2.091,GYRO_Z,-0.006,BODY_RATE,0.006
TM,TEAM_CR,834,247139,0.0,-1.7,-1.4,1.4,-0.2,-16.4,-16.4,0.0,-16,3
TM,TEAM_CR,835,247181,0.0,-1.3,-1.4,1.4,0.4,-16.4,-16.4,0.0,-16,3
TM,TEAM_CR,836,247220,0.0,-1.6,-1.4,1.4,0.3,-16.4,-16.4,0.0,-16,3
TM,TEAM_CR,837,247260,0.0,-1.3,-1.4,1.4,-0.2,-16.4,-16.4,0.0,-16,3
TM,TEAM_CR,838,247300,0.0,-1.5,-1.4,1.4,-0.1,-16.4,-16.4,0.0,-16,3
TM,TEAM_CR,839,247340,0.0,-1.6,-1.4,1.4,0.0,-16.4,-16.4,0.0,-16,3
TM,TEAM_CR,840,247380,0.0,-1.6,-1.4,1.4,0.1,-16.4,-16.4,0.0,-16,3
TM,TEAM_CR,841,247430,0.0,-1.6,-1.4,1.4,0.2,-16.4,-16.4,0.0,-16,3
TM,TEAM_CR,842,247471,0.0,-1.7,-1.4,1.4,0.7,-16.4,-16.4,0.0,-16,3
TM,TEAM_CR,843,247510,0.0,-1.7,-1.4,1.4,-0.3,-16.4,-16.4,0.0,-16,3
TM,TEAM_CR,844,247550,0.0,-1.6,-1.4,1.4,-0.2,-16.4,-16.4,0.0,-16,3
TM,ADCS_MODE,MANUAL,ADCS_REFERENCE,SUN,TARGET,0.00,POINTING_ERROR,7.96,SUN_ERROR,8.26,MAG_ERROR,-121.92,GYRO_Z,0.108,RW_CMD,0
TM,EST_RAW,-8.26,EST_FILTERED,-8.26,EST_ANGLE,-7.96,EST_FILTER,ON,EST_FILTER_TYPE,MOVING_AVERAGE,EST_MA_WINDOW,1,EST_FILTER_STRENGTH,0.35
TM,EST_FUSION,ON,EST_GYRO_WEIGHT,0.98,EST_VALID,1
TM,TEAM_CR,845,247590,0.0,-1.6,-1.4,1.4,0.3,-16.4,-16.4,0.0,-16,3
TM,TEAM_CR,846,247639,0.0,-1.9,-1.4,1.4,-0.2,-16.4,-16.4,0.0,-16,3
TM,TEAM_CR,847,247681,0.0,-1.5,-1.4,1.4,-0.1,-16.4,-16.4,0.0,-16,3
TM,TEAM_CR,848,247722,0.0,-1.6,-1.4,1.4,0.5,-16.4,-16.4,0.0,-16,3
TM,TEAM_CR,849,247761,0.0,-1.6,-1.4,1.4,0.3,-16.4,-16.4,0.0,-16,3
TM,TEAM_CR,850,247801,0.0,-1.7,-1.5,1.5,0.0,-16.4,-16.4,0.0,-16,3
TM,TEAM_CR,851,247841,0.0,-1.6,-1.5,1.5,0.0,-16.4,-16.4,0.0,-16,3
TM,SUN_L,3652,SUN_R,3698,SUN_NDV,-0.0063,SUN_ANGLE,-7.70
TM,MAG_X,-18.14,MAG_Y,29.02,MAG_Z,-10.22,MAG_HEADING,122.01
TM,GYRO_X,-1.111,GYRO_Y,-2.240,GYRO_Z,-0.172,BODY_RATE,0.172
TM,TEAM_CR,852,247881,0.0,-1.6,-1.5,1.5,0.5,-16.4,-16.4,0.0,-16,3
TM,TEAM_CR,853,247930,0.0,-1.7,-1.5,1.5,0.0,-16.4,-16.4,0.0,-16,3
TM,TEAM_CR,854,247970,0.0,-1.6,-1.5,1.5,0.0,-16.4,-16.4,0.0,-16,3
TM,TEAM_CR,855,248019,0.0,-1.6,-1.5,1.5,0.1,-16.4,-16.4,0.0,-16,3
TM,TEAM_CR,856,248058,0.0,-1.5,-1.5,1.5,-0.2,-16.4,-16.4,0.0,-16,3
TM,TEAM_CR,857,248098,0.0,-1.7,-1.5,1.5,-0.3,-16.4,-16.4,0.0,-16,3
TM,TEAM_CR,858,248138,0.0,-1.6,-1.5,1.5,0.3,-16.4,-16.4,0.0,-16,3
TM,TEAM_CR,859,248181,0.0,-1.7,-1.5,1.5,0.1,-16.4,-16.4,0.0,-16,3
TM,TEAM_CR,860,248220,0.0,-1.9,-1.5,1.5,-0.2,-16.4,-16.4,0.0,-16,3
TM,TEAM_CR,861,248260,0.0,-1.6,-1.5,1.5,0.5,-16.4,-16.4,0.0,-15,3
TM,TEAM_CR,862,248300,0.0,-1.7,-1.5,1.5,0.5,-16.4,-16.4,0.0,-16,3
TM,TEAM_CR,863,248340,0.0,-1.5,-1.5,1.5,-0.4,-16.4,-16.4,0.0,-16,3
TM,TEAM_CR,864,248380,0.0,-1.7,-1.5,1.5,-0.3,-13.0,-16.3,0.0,-13,3
TM,TEAM_CR,865,248431,0.0,-1.7,-1.5,1.5,0.6,-16.3,-16.3,0.0,-16,3
TM,TEAM_CR,866,248471,0.0,-1.8,-1.5,1.5,0.0,-16.3,-16.3,0.0,-16,3
TM,TEAM_CR,867,248511,0.0,-1.7,-1.5,1.5,-0.1,-13.2,-16.3,0.0,-13,3
TM,ADCS_MODE,MANUAL,ADCS_REFERENCE,SUN,TARGET,0.00,POINTING_ERROR,7.94,SUN_ERROR,8.12,MAG_ERROR,-122.05,GYRO_Z,-0.085,RW_CMD,0
TM,EST_RAW,-8.12,EST_FILTERED,-8.12,EST_ANGLE,-7.94,EST_FILTER,ON,EST_FILTER_TYPE,MOVING_AVERAGE,EST_MA_WINDOW,1,EST_FILTER_STRENGTH,0.35
TM,EST_FUSION,ON,EST_GYRO_WEIGHT,0.98,EST_VALID,1
TM,TEAM_CR,868,248551,0.0,-1.5,-1.5,1.5,0.8,-16.3,-16.3,0.0,-16,3
TM,TEAM_CR,869,248591,0.0,-1.6,-1.5,1.5,0.3,-16.3,-16.3,0.0,-16,3
TM,SUN_L,3649,SUN_R,3696,SUN_NDV,-0.0064,SUN_ANGLE,-8.28
TM,MAG_X,-18.13,MAG_Y,28.96,MAG_Z,-10.42,MAG_HEADING,122.05
TM,GYRO_X,-0.866,GYRO_Y,-2.266,GYRO_Z,-0.120,BODY_RATE,0.120
TM,TEAM_CR,870,248639,0.0,-2.0,-1.5,1.5,-0.2,-13.0,-16.3,0.0,-15,3
TM,TEAM_CR,871,248680,0.0,-1.7,-1.5,1.5,0.5,-13.7,-16.2,0.0,-14,3
TM,TEAM_CR,872,248720,0.0,-1.6,-1.5,1.5,0.5,-16.2,-16.2,0.0,-16,3
TM,TEAM_CR,873,248760,0.0,-1.5,-1.5,1.5,-0.3,-16.2,-16.2,0.0,-16,3
TM,TEAM_CR,874,248800,0.0,-1.6,-1.5,1.5,0.3,-16.2,-16.2,0.0,-16,3
TM,TEAM_CR,875,248840,0.0,-1.8,-1.5,1.5,0.2,-16.2,-16.2,0.0,-16,3
TM,TEAM_CR,876,248880,0.0,-1.7,-1.5,1.5,-0.1,-13.1,-16.2,0.0,-13,3
TM,TEAM_CR,877,248930,0.0,-1.8,-1.5,1.5,0.1,-13.3,-16.2,0.0,-13,3
TM,TEAM_CR,878,248970,0.0,-1.5,-1.5,1.5,0.8,-16.2,-16.2,0.0,-16,3
TM,TEAM_CR,879,249019,0.0,-1.8,-1.5,1.5,-0.2,-16.2,-16.2,0.0,-16,3
TM,TEAM_CR,880,249059,0.0,-1.6,-1.5,1.5,-0.1,-13.0,-16.1,0.0,-13,3
TM,TEAM_CR,881,249099,0.0,-1.6,-1.5,1.5,0.4,-16.1,-16.1,0.0,-15,3
TM,TEAM_CR,882,249139,0.0,-1.6,-1.5,1.5,-0.2,-12.9,-16.1,0.0,-15,3
TM,TEAM_CR,883,249181,0.0,-1.6,-1.5,1.5,-0.1,-13.0,-16.1,0.0,-13,3
TM,TEAM_CR,884,249220,0.0,-1.8,-1.5,1.5,0.3,-13.3,-16.0,0.0,-13,3
TM,TEAM_CR,885,249260,0.0,-1.6,-1.5,1.5,0.3,-13.3,-16.0,0.0,-13,3
TM,TEAM_CR,886,249300,0.0,-1.6,-1.5,1.5,0.1,-13.1,-16.0,0.0,-13,3
TM,TEAM_CR,887,249340,0.0,-1.5,-1.5,1.5,0.5,-16.0,-16.0,0.0,-15,3
TM,TEAM_CR,888,249380,0.0,-1.5,-1.5,1.5,0.2,-16.0,-16.0,0.0,-16,3
TM,SUN_L,3651,SUN_R,3696,SUN_NDV,-0.0061,SUN_ANGLE,-8.09
TM,MAG_X,-18.27,MAG_Y,28.91,MAG_Z,-10.24,MAG_HEADING,122.29
TM,GYRO_X,-1.015,GYRO_Y,-2.345,GYRO_Z,-0.032,BODY_RATE,0.032
TM,TEAM_CR,889,249430,0.0,-1.5,-1.5,1.5,-0.5,-16.0,-16.0,0.0,-16,3
TM,ADCS_MODE,MANUAL,ADCS_REFERENCE,SUN,TARGET,0.00,POINTING_ERROR,7.94,SUN_ERROR,8.33,MAG_ERROR,-122.29,GYRO_Z,-0.023,RW_CMD,0
TM,EST_RAW,-8.33,EST_FILTERED,-8.33,EST_ANGLE,-7.94,EST_FILTER,ON,EST_FILTER_TYPE,MOVING_AVERAGE,EST_MA_WINDOW,1,EST_FILTER_STRENGTH,0.35
TM,EST_FUSION,ON,EST_GYRO_WEIGHT,0.98,EST_VALID,1
TM,TEAM_CR,890,249470,0.0,-1.6,-1.5,1.5,-0.1,-12.8,-15.9,0.0,-13,3
TM,TEAM_CR,891,249510,0.0,-1.5,-1.5,1.5,0.5,-15.9,-15.9,0.0,-15,3
TM,TEAM_CR,892,249550,0.0,-1.6,-1.5,1.5,-0.2,-15.9,-15.9,0.0,-16,3
TM,TEAM_CR,893,249590,0.0,-1.6,-1.5,1.5,-0.2,-12.7,-15.9,0.0,-13,3
TM,TEAM_CR,894,249639,0.0,-1.7,-1.5,1.5,0.5,-15.9,-15.9,0.0,-16,3
TM,TEAM_CR,895,249681,0.0,-1.4,-1.5,1.5,0.0,-15.9,-15.9,0.0,-16,3
TM,TEAM_CR,896,249721,0.0,-1.6,-1.5,1.5,-0.2,-15.9,-15.9,0.0,-16,3
TM,TEAM_CR,897,249761,0.0,-1.6,-1.5,1.5,0.3,-15.9,-15.9,0.0,-16,3
TM,TEAM_CR,898,249801,0.0,-1.7,-1.5,1.5,-0.3,-15.9,-15.9,0.0,-16,3
TM,TEAM_CR,899,249841,0.0,-1.5,-1.5,1.5,-0.2,-15.9,-15.9,0.0,-16,3
TM,TEAM_CR,900,249881,0.0,-1.6,-1.5,1.5,0.2,-13.1,-15.9,0.0,-13,3
TM,TEAM_CR,901,249931,0.0,-1.6,-1.5,1.5,0.4,-15.8,-15.8,0.0,-15,3
TM,TEAM_CR,902,249971,0.0,-1.6,-1.5,1.5,0.1,-15.8,-15.8,0.0,-16,3
TM,TEAM_CR,903,250019,0.0,-1.6,-1.5,1.5,0.4,-15.8,-15.8,0.0,-16,3
TM,TEAM_CR,904,250059,0.0,-1.8,-1.5,1.5,0.1,-15.8,-15.8,0.0,-16,3
TM,TEAM_CR,905,250099,0.0,-1.8,-1.5,1.5,-0.4,-12.5,-15.8,0.0,-15,3
TM,TEAM_CR,906,250139,0.0,-1.7,-1.5,1.5,-0.1,-12.7,-15.8,0.0,-13,3
TM,SUN_L,3648,SUN_R,3696,SUN_NDV,-0.0065,SUN_ANGLE,-8.13
TM,MAG_X,-18.16,MAG_Y,29.01,MAG_Z,-10.29,MAG_HEADING,122.05
TM,GYRO_X,-1.024,GYRO_Y,-2.345,GYRO_Z,-0.050,BODY_RATE,0.050
TM,TEAM_CR,907,250181,0.0,-1.7,-1.5,1.5,0.9,-13.7,-15.8,0.0,-14,3
TM,TEAM_CR,908,250221,0.0,-1.6,-1.5,1.5,0.3,-15.8,-15.8,0.0,-16,3
TM,TEAM_CR,909,250262,0.0,-1.6,-1.5,1.5,-0.2,-15.8,-15.8,0.0,-16,3
TM,TEAM_CR,910,250301,0.0,-1.6,-1.5,1.5,0.1,-15.8,-15.8,0.0,-16,3
TM,TEAM_CR,911,250341,0.0,-1.5,-1.5,1.5,-0.6,-15.8,-15.8,0.0,-16,3
TM,TEAM_CR,912,250381,0.0,-1.3,-1.5,1.5,-0.3,-15.8,-15.8,0.0,-16,3
TM,ADCS_MODE,MANUAL,ADCS_REFERENCE,SUN,TARGET,0.00,POINTING_ERROR,7.96,SUN_ERROR,8.40,MAG_ERROR,-122.05,GYRO_Z,-0.023,RW_CMD,0
TM,EST_RAW,-8.40,EST_FILTERED,-8.40,EST_ANGLE,-7.96,EST_FILTER,ON,EST_FILTER_TYPE,MOVING_AVERAGE,EST_MA_WINDOW,1,EST_FILTER_STRENGTH,0.35
TM,EST_FUSION,ON,EST_GYRO_WEIGHT,0.98,EST_VALID,1
TM,TEAM_CR,913,250431,0.0,-1.4,-1.5,1.5,0.1,-15.8,-15.8,0.0,-16,3
TM,TEAM_CR,914,250472,0.0,-1.3,-1.5,1.5,0.0,-15.8,-15.8,0.0,-16,3
TM,TEAM_CR,915,250511,0.0,-1.1,-1.5,1.5,0.3,-15.8,-15.8,0.0,-16,3
TM,TEAM_CR,916,250551,0.0,-1.6,-1.5,1.5,-0.1,-15.8,-15.8,0.0,-16,3
TM,TEAM_CR,917,250591,0.0,-1.1,-1.5,1.5,0.3,-15.8,-15.8,0.0,-16,3
TM,TEAM_CR,918,250638,0.0,-1.2,-1.5,1.5,-0.2,-15.8,-15.8,0.0,-16,3
TM,TEAM_CR,919,250682,0.0,-1.4,-1.5,1.5,0.1,-15.8,-15.8,0.0,-16,3
TM,TEAM_CR,920,250721,0.0,-1.2,-1.5,1.5,0.4,-15.8,-15.8,0.0,-16,3
TM,TEAM_CR,921,250761,0.0,-1.1,-1.4,1.4,-0.3,-15.8,-15.8,0.0,-16,3
TM,TEAM_CR,922,250801,0.0,-1.3,-1.4,1.4,-0.2,-15.8,-15.8,0.0,-16,3
TM,TEAM_CR,923,250841,0.0,-1.4,-1.4,1.4,0.5,-15.8,-15.8,0.0,-16,3
TM,TEAM_CR,924,250881,0.0,-1.3,-1.4,1.4,-0.1,-15.8,-15.8,0.0,-16,3
TM,SUN_L,3649,SUN_R,3699,SUN_NDV,-0.0068,SUN_ANGLE,-8.01
TM,MAG_X,-18.19,MAG_Y,28.91,MAG_Z,-10.19,MAG_HEADING,122.18
TM,GYRO_X,-1.190,GYRO_Y,-2.476,GYRO_Z,-0.155,BODY_RATE,0.155
TM,TEAM_CR,925,250931,0.0,-1.4,-1.4,1.4,-0.1,-15.8,-15.8,0.0,-16,3
TM,TEAM_CR,926,250971,0.0,-1.5,-1.4,1.4,0.4,-15.8,-15.8,0.0,-16,3
TM,TEAM_CR,927,251019,0.0,-1.1,-1.4,1.4,-0.2,-15.8,-15.8,0.0,-16,3
TM,TEAM_CR,928,251059,0.0,-1.4,-1.4,1.4,-0.3,-15.8,-15.8,0.0,-16,3
TM,TEAM_CR,929,251100,0.0,-1.4,-1.4,1.4,0.1,-15.8,-15.8,0.0,-16,3
TM,TEAM_CR,930,251139,0.0,-1.3,-1.4,1.4,0.0,-15.8,-15.8,0.0,-16,3
TM,TEAM_CR,931,251181,0.0,-1.1,-1.4,1.4,-0.2,-15.8,-15.8,0.0,-16,3
TM,TEAM_CR,932,251222,0.0,-1.1,-1.4,1.4,-0.3,-15.8,-15.8,0.0,-16,3
TM,TEAM_CR,933,251261,0.0,-1.3,-1.4,1.4,0.5,-15.8,-15.8,0.0,-16,3
TM,TEAM_CR,934,251301,0.0,-1.4,-1.4,1.4,-0.1,-15.8,-15.8,0.0,-16,3
TM,TEAM_CR,935,251341,0.0,-1.3,-1.4,1.4,0.0,-15.8,-15.8,0.0,-16,3
TM,ADCS_MODE,MANUAL,ADCS_REFERENCE,SUN,TARGET,0.00,POINTING_ERROR,7.96,SUN_ERROR,7.96,MAG_ERROR,-122.05,GYRO_Z,-0.216,RW_CMD,0
TM,EST_RAW,-7.96,EST_FILTERED,-7.96,EST_ANGLE,-7.96,EST_FILTER,ON,EST_FILTER_TYPE,MOVING_AVERAGE,EST_MA_WINDOW,1,EST_FILTER_STRENGTH,0.35
TM,EST_FUSION,ON,EST_GYRO_WEIGHT,0.98,EST_VALID,1
TM,TEAM_CR,936,251381,0.0,-1.4,-1.4,1.4,0.6,-15.8,-15.8,0.0,-16,3
TM,TEAM_CR,937,251432,0.0,-1.6,-1.4,1.4,-0.3,-15.8,-15.8,0.0,-16,3
TM,TEAM_CR,938,251471,0.0,-1.4,-1.4,1.4,-0.3,-15.8,-15.8,0.0,-16,3
TM,TEAM_CR,939,251511,0.0,-1.3,-1.4,1.4,0.3,-15.8,-15.8,0.0,-16,3
TM,TEAM_CR,940,251551,0.0,-1.3,-1.4,1.4,0.2,-15.8,-15.8,0.0,-16,3
TM,TEAM_CR,941,251591,0.0,-1.3,-1.4,1.4,-0.1,-15.8,-15.8,0.0,-16,3
TM,TEAM_CR,942,251639,0.0,-1.7,-1.4,1.4,0.5,-15.8,-15.8,0.0,-16,3
TM,SUN_L,3652,SUN_R,3699,SUN_NDV,-0.0064,SUN_ANGLE,-7.58
TM,MAG_X,-18.06,MAG_Y,28.85,MAG_Z,-10.24,MAG_HEADING,122.05
TM,GYRO_X,-0.928,GYRO_Y,-2.608,GYRO_Z,0.248,BODY_RATE,-0.248
TM,TEAM_CR,943,251681,0.0,-1.6,-1.4,1.4,0.5,-15.8,-15.8,0.0,-16,3
TM,TEAM_CR,944,251720,0.0,-1.4,-1.4,1.4,-0.1,-15.8,-15.8,0.0,-16,3
TM,TEAM_CR,945,251760,0.0,-1.4,-1.4,1.4,-0.2,-15.8,-15.8,0.0,-16,3
TM,TEAM_CR,946,251800,0.0,-1.4,-1.4,1.4,0.3,-15.8,-15.8,0.0,-16,3
TM,TEAM_CR,947,251840,0.0,-1.3,-1.4,1.4,-0.1,-15.8,-15.8,0.0,-16,3
TM,TEAM_CR,948,251880,0.0,-1.3,-1.4,1.4,0.4,-15.8,-15.8,0.0,-16,3
TM,TEAM_CR,949,251931,0.0,-1.4,-1.4,1.4,0.1,-15.8,-15.8,0.0,-16,3
TM,TEAM_CR,950,251971,0.0,-1.4,-1.4,1.4,-0.2,-15.8,-15.8,0.0,-16,3
TM,TEAM_CR,951,252019,0.0,-1.4,-1.4,1.4,-0.2,-15.8,-15.8,0.0,-16,3
TM,TEAM_CR,952,252059,0.0,-1.5,-1.4,1.4,0.4,-15.8,-15.8,0.0,-16,3
TM,TEAM_CR,953,252099,0.0,-1.4,-1.4,1.4,0.0,-15.8,-15.8,0.0,-16,3
TM,TEAM_CR,954,252139,0.0,-1.3,-1.4,1.4,-0.2,-15.8,-15.8,0.0,-16,3
TM,TEAM_CR,955,252181,0.0,-1.4,-1.4,1.4,0.1,-15.8,-15.8,0.0,-16,3
TM,TEAM_CR,956,252220,0.0,-1.6,-1.4,1.4,0.1,-15.8,-15.8,0.0,-16,3
TM,TEAM_CR,957,252260,0.0,-1.6,-1.4,1.4,-0.1,-15.8,-15.8,0.0,-16,3
TM,TEAM_CR,958,252300,0.0,-1.6,-1.4,1.4,0.2,-15.8,-15.8,0.0,-16,3
TM,ADCS_MODE,MANUAL,ADCS_REFERENCE,SUN,TARGET,0.00,POINTING_ERROR,7.92,SUN_ERROR,7.65,MAG_ERROR,-122.07,GYRO_Z,-0.058,RW_CMD,0
TM,EST_RAW,-7.65,EST_FILTERED,-7.65,EST_ANGLE,-7.92,EST_FILTER,ON,EST_FILTER_TYPE,MOVING_AVERAGE,EST_MA_WINDOW,1,EST_FILTER_STRENGTH,0.35
TM,EST_FUSION,ON,EST_GYRO_WEIGHT,0.98,EST_VALID,1
TM,TEAM_CR,959,252340,0.0,-1.5,-1.4,1.4,0.3,-15.8,-15.8,0.0,-16,3
TM,TEAM_CR,960,252380,0.0,-1.4,-1.4,1.4,-0.2,-15.8,-15.8,0.0,-16,3
TM,SUN_L,3651,SUN_R,3699,SUN_NDV,-0.0065,SUN_ANGLE,-8.00
TM,MAG_X,-18.10,MAG_Y,28.88,MAG_Z,-10.45,MAG_HEADING,122.07
TM,GYRO_X,-0.840,GYRO_Y,-2.231,GYRO_Z,-0.198,BODY_RATE,0.198
TM,TEAM_CR,961,252432,0.0,-1.5,-1.4,1.4,0.2,-15.8,-15.8,0.0,-16,3
TM,TEAM_CR,962,252472,0.0,-1.5,-1.4,1.4,0.4,-15.8,-15.8,0.0,-16,3
TM,TEAM_CR,963,252512,0.0,-1.4,-1.4,1.4,-0.1,-15.8,-15.8,0.0,-16,3
TM,TEAM_CR,964,252552,0.0,-1.5,-1.4,1.4,-0.1,-15.8,-15.8,0.0,-16,3
TM,TEAM_CR,965,252592,0.0,-1.4,-1.4,1.4,0.4,-15.8,-15.8,0.0,-16,3
TM,TEAM_CR,966,252639,0.0,-1.4,-1.4,1.4,0.2,-15.8,-15.8,0.0,-16,3
TM,TEAM_CR,967,252681,0.0,-1.5,-1.4,1.4,-0.3,-15.8,-15.8,0.0,-16,3
TM,TEAM_CR,968,252720,0.0,-1.5,-1.4,1.4,0.4,-15.8,-15.8,0.0,-16,3
TM,TEAM_CR,969,252760,0.0,-1.5,-1.4,1.4,0.0,-15.8,-15.8,0.0,-16,3
TM,TEAM_CR,970,252800,0.0,-1.5,-1.4,1.4,0.0,-15.8,-15.8,0.0,-16,3
TM,TEAM_CR,971,252840,0.0,-1.4,-1.4,1.4,0.5,-15.8,-15.8,0.0,-16,3
TM,TEAM_CR,972,252880,0.0,-1.5,-1.4,1.4,0.2,-15.8,-15.8,0.0,-16,3
TM,TEAM_CR,973,252931,0.0,-1.3,-1.4,1.4,-0.2,-15.8,-15.8,0.0,-16,3
TM,TEAM_CR,974,252970,0.0,-1.4,-1.4,1.4,0.4,-15.8,-15.8,0.0,-16,3
TM,TEAM_CR,975,253019,0.0,-1.5,-1.4,1.4,-0.4,-15.8,-15.8,0.0,-16,3
TM,TEAM_CR,976,253059,0.0,-1.4,-1.4,1.4,-0.1,-15.8,-15.8,0.0,-16,3
TM,TEAM_CR,977,253099,0.0,-1.4,-1.4,1.4,0.2,-15.8,-15.8,0.0,-16,3
TM,TEAM_CR,978,253139,0.0,-1.6,-1.4,1.4,0.1,-15.8,-15.8,0.0,-16,3
TM,TEAM_CR,979,253181,0.0,-1.6,-1.4,1.4,-0.1,-15.8,-15.8,0.0,-16,3
TM,SUN_L,3652,SUN_R,3697,SUN_NDV,-0.0061,SUN_ANGLE,-8.12
TM,MAG_X,-18.32,MAG_Y,28.93,MAG_Z,-9.98,MAG_HEADING,122.35
TM,GYRO_X,-1.199,GYRO_Y,-2.179,GYRO_Z,-0.137,BODY_RATE,0.137
TM,TEAM_CR,980,253221,0.0,-1.5,-1.4,1.4,-0.1,-15.8,-15.8,0.0,-16,3
TM,ADCS_MODE,MANUAL,ADCS_REFERENCE,SUN,TARGET,0.00,POINTING_ERROR,7.96,SUN_ERROR,8.07,MAG_ERROR,-122.35,GYRO_Z,-0.015,RW_CMD,0
TM,EST_RAW,-8.07,EST_FILTERED,-8.07,EST_ANGLE,-7.96,EST_FILTER,ON,EST_FILTER_TYPE,MOVING_AVERAGE,EST_MA_WINDOW,1,EST_FILTER_STRENGTH,0.35
TM,EST_FUSION,ON,EST_GYRO_WEIGHT,0.98,EST_VALID,1
TM,TEAM_CR,981,253261,0.0,-1.5,-1.4,1.4,0.3,-15.8,-15.8,0.0,-16,3
TM,TEAM_CR,982,253302,0.0,-1.5,-1.4,1.4,0.0,-15.8,-15.8,0.0,-16,3
TM,TEAM_CR,983,253341,0.0,-1.4,-1.4,1.4,0.0,-15.8,-15.8,0.0,-16,3
TM,TEAM_CR,984,253381,0.0,-1.6,-1.4,1.4,0.2,-15.8,-15.8,0.0,-16,3
TM,TEAM_CR,985,253431,0.0,-1.6,-1.4,1.4,-0.4,-15.8,-15.8,0.0,-16,3
TM,TEAM_CR,986,253471,0.0,-1.6,-1.4,1.4,-0.1,-15.8,-15.8,0.0,-16,3
TM,TEAM_CR,987,253512,0.0,-1.5,-1.4,1.4,0.3,-15.8,-15.8,0.0,-16,3
TM,TEAM_CR,988,253551,0.0,-1.5,-1.4,1.4,0.0,-15.8,-15.8,0.0,-16,3
TM,TEAM_CR,989,253591,0.0,-1.4,-1.4,1.4,0.2,-15.8,-15.8,0.0,-16,3
TM,TEAM_CR,990,253639,0.0,-1.3,-1.4,1.4,0.3,-15.8,-15.8,0.0,-16,3
TM,TEAM_CR,991,253680,0.0,-1.6,-1.4,1.4,0.0,-15.8,-15.8,0.0,-16,3
TM,TEAM_CR,992,253721,0.0,-1.6,-1.4,1.4,-0.3,-15.8,-15.8,0.0,-16,3
TM,TEAM_CR,993,253760,0.0,-1.2,-1.4,1.4,0.2,-15.8,-15.8,0.0,-16,3
TM,TEAM_CR,994,253800,0.0,-1.3,-1.4,1.4,0.2,-15.8,-15.8,0.0,-16,3
TM,TEAM_CR,995,253840,0.0,-1.6,-1.4,1.4,-0.3,-15.8,-15.8,0.0,-16,3
TM,TEAM_CR,996,253880,0.0,-1.3,-1.4,1.4,-0.4,-15.8,-15.8,0.0,-16,3
TM,TEAM_CR,997,253931,0.0,-1.2,-1.4,1.4,0.4,-15.8,-15.8,0.0,-16,3
TM,SUN_L,3652,SUN_R,3696,SUN_NDV,-0.0060,SUN_ANGLE,-7.65
TM,MAG_X,-18.22,MAG_Y,28.83,MAG_Z,-10.21,MAG_HEADING,122.30
TM,GYRO_X,-1.251,GYRO_Y,-2.328,GYRO_Z,0.047,BODY_RATE,-0.047
TM,TEAM_CR,998,253971,0.0,-1.2,-1.4,1.4,-0.3,-15.8,-15.8,0.0,-16,3
TM,TEAM_CR,999,254018,0.0,-1.1,-1.4,1.4,0.0,-15.8,-15.8,0.0,-16,3
TM,TEAM_CR,1000,254058,0.0,-1.1,-1.4,1.4,0.0,-15.8,-15.8,0.0,-16,3
TM,TEAM_CR,1001,254098,0.0,-1.1,-1.4,1.4,0.0,-15.8,-15.8,0.0,-16,3
TM,TEAM_CR,1002,254138,0.0,-1.3,-1.4,1.4,-0.2,-15.8,-15.8,0.0,-16,3
TM,TEAM_CR,1003,254181,0.0,-1.2,-1.3,1.3,0.4,-15.8,-15.8,0.0,-16,3
TM,ADCS_MODE,MANUAL,ADCS_REFERENCE,SUN,TARGET,0.00,POINTING_ERROR,7.96,SUN_ERROR,8.10,MAG_ERROR,-122.30,GYRO_Z,0.020,RW_CMD,0
TM,EST_RAW,-8.10,EST_FILTERED,-8.10,EST_ANGLE,-7.96,EST_FILTER,ON,EST_FILTER_TYPE,MOVING_AVERAGE,EST_MA_WINDOW,1,EST_FILTER_STRENGTH,0.35
TM,EST_FUSION,ON,EST_GYRO_WEIGHT,0.98,EST_VALID,1
TM,TEAM_CR,1004,254221,0.0,-1.0,-1.3,1.3,-0.1,-15.8,-15.8,0.0,-16,3
TM,TEAM_CR,1005,254260,0.0,-1.2,-1.3,1.3,-0.1,-15.8,-15.8,0.0,-16,3
TM,TEAM_CR,1006,254300,0.0,-1.0,-1.3,1.3,0.4,-15.8,-15.8,0.0,-16,3
TM,TEAM_CR,1007,254340,0.0,-1.1,-1.3,1.3,-0.2,-15.8,-15.8,0.0,-16,3
TM,TEAM_CR,1008,254380,0.0,-1.0,-1.3,1.3,0.2,-15.8,-15.8,0.0,-16,3
TM,TEAM_CR,1009,254430,0.0,-1.0,-1.3,1.3,0.2,-15.8,-15.8,0.0,-16,3
TM,TEAM_CR,1010,254470,0.0,-1.0,-1.2,1.2,0.4,-15.8,-15.8,0.0,-16,3
TM,TEAM_CR,1011,254510,0.0,-1.0,-1.2,1.2,0.1,-15.8,-15.8,0.0,-16,3
TM,TEAM_CR,1012,254550,0.0,-1.2,-1.2,1.2,0.0,-15.8,-15.8,0.0,-16,3
TM,TEAM_CR,1013,254590,0.0,-1.0,-1.2,1.2,0.4,-15.8,-15.8,0.0,-16,3
TM,TEAM_CR,1014,254639,0.0,-1.1,-1.2,1.2,-0.3,-15.8,-15.8,0.0,-16,3
TM,TEAM_CR,1015,254680,0.0,-1.0,-1.2,1.2,0.1,-15.8,-15.8,0.0,-16,3
TM,SUN_L,3651,SUN_R,3697,SUN_NDV,-0.0063,SUN_ANGLE,-8.10
TM,MAG_X,-18.18,MAG_Y,28.78,MAG_Z,-10.18,MAG_HEADING,122.27
TM,GYRO_X,-0.910,GYRO_Y,-2.380,GYRO_Z,-0.041,BODY_RATE,0.041
TM,TEAM_CR,1016,254720,0.0,-1.1,-1.2,1.2,0.3,-15.8,-15.8,0.0,-16,3
TM,TEAM_CR,1017,254760,0.0,-1.2,-1.2,1.2,-0.1,-15.8,-15.8,0.0,-16,3
TM,TEAM_CR,1018,254800,0.0,-0.8,-1.2,1.2,-0.1,-15.8,-15.8,0.0,-16,3
TM,TEAM_CR,1019,254840,0.0,-0.9,-1.2,1.2,0.2,-15.8,-15.8,0.0,-16,3
TM,TEAM_CR,1020,254880,0.0,-1.0,-1.1,1.1,0.1,-15.8,-15.8,0.0,-16,3
TM,TEAM_CR,1021,254931,0.0,-1.0,-1.1,1.1,-0.1,-15.8,-15.8,0.0,-16,3
TM,TEAM_CR,1022,254971,0.0,-1.0,-1.1,1.1,0.3,-15.8,-15.8,0.0,-16,3
TM,TEAM_CR,1023,255019,0.0,-0.7,-1.1,1.1,-0.2,-15.8,-15.8,0.0,-16,3
TM,TEAM_CR,1024,255059,0.0,-1.0,-1.1,1.1,-0.1,-15.8,-15.8,0.0,-16,3
TM,TEAM_CR,1025,255099,0.0,-1.1,-1.1,1.1,0.2,-15.8,-15.8,0.0,-16,3
TM,TEAM_CR,1026,255139,0.0,-0.9,-1.1,1.1,0.0,-15.8,-15.8,0.0,-16,3
TM,ADCS_MODE,MANUAL,ADCS_REFERENCE,SUN,TARGET,0.00,POINTING_ERROR,7.96,SUN_ERROR,8.31,MAG_ERROR,-122.21,GYRO_Z,0.073,RW_CMD,0
TM,EST_RAW,-8.31,EST_FILTERED,-8.31,EST_ANGLE,-7.96,EST_FILTER,ON,EST_FILTER_TYPE,MOVING_AVERAGE,EST_MA_WINDOW,1,EST_FILTER_STRENGTH,0.35
TM,EST_FUSION,ON,EST_GYRO_WEIGHT,0.98,EST_VALID,1
TM,TEAM_CR,1027,255181,0.0,-0.8,-1.1,1.1,0.2,-15.8,-15.8,0.0,-16,3
TM,TEAM_CR,1028,255220,0.0,-0.7,-1.1,1.1,0.1,-15.8,-15.8,0.0,-16,3
TM,TEAM_CR,1029,255260,0.0,-0.8,-1.0,1.0,0.4,-15.8,-15.8,0.0,-16,3
TM,TEAM_CR,1030,255300,0.0,-0.8,-1.0,1.0,-0.2,-15.8,-15.8,0.0,-16,3
TM,TEAM_CR,1031,255340,0.0,-1.0,-1.0,1.0,0.2,-15.8,-15.8,0.0,-16,3
TM,TEAM_CR,1032,255380,0.0,-0.8,-1.0,1.0,0.2,-15.8,-15.8,0.0,-16,3
TM,TEAM_CR,1033,255432,0.0,-0.7,-1.0,1.0,-0.2,-15.8,-15.8,0.0,-16,3
TM,SUN_L,3654,SUN_R,3697,SUN_NDV,-0.0058,SUN_ANGLE,-7.57
TM,MAG_X,-18.26,MAG_Y,28.77,MAG_Z,-10.10,MAG_HEADING,122.40
TM,GYRO_X,-1.033,GYRO_Y,-2.223,GYRO_Z,0.090,BODY_RATE,-0.090
TM,TEAM_CR,1034,255472,0.0,-0.8,-1.0,1.0,0.0,-15.8,-15.8,0.0,-16,3
TM,TEAM_CR,1035,255512,0.0,-0.7,-1.0,1.0,0.1,-15.8,-15.8,0.0,-16,3
TM,TEAM_CR,1036,255552,0.0,-1.0,-1.0,1.0,-0.2,-15.8,-15.8,0.0,-16,3
TM,TEAM_CR,1037,255592,0.0,-0.7,-1.0,1.0,0.0,-15.8,-15.8,0.0,-16,3
TM,TEAM_CR,1038,255639,0.0,-0.7,-1.0,1.0,0.3,-15.8,-15.8,0.0,-16,3
TM,TEAM_CR,1039,255681,0.0,-0.9,-1.0,1.0,-0.1,-15.8,-15.8,0.0,-16,3
TM,TEAM_CR,1040,255720,0.0,-0.9,-1.0,1.0,-0.1,-15.8,-15.8,0.0,-16,3
TM,TEAM_CR,1041,255760,0.0,-1.1,-1.0,1.0,0.4,-15.8,-15.8,0.0,-16,3
TM,TEAM_CR,1042,255800,0.0,-0.9,-1.0,1.0,0.1,-15.8,-15.8,0.0,-16,3
TM,TEAM_CR,1043,255840,0.0,-1.0,-1.0,1.0,-0.1,-15.8,-15.8,0.0,-16,3
TM,TEAM_CR,1044,255880,0.0,-0.8,-1.0,1.0,0.4,-15.8,-15.8,0.0,-16,3
TM,TEAM_CR,1045,255931,0.0,-0.8,-1.0,1.0,-0.1,-15.8,-15.8,0.0,-16,3
TM,TEAM_CR,1046,255970,0.0,-0.8,-1.0,1.0,0.1,-15.8,-15.8,0.0,-16,3
TM,TEAM_CR,1047,256019,0.0,-0.9,-0.9,0.9,0.3,-15.8,-15.8,0.0,-16,3
TM,TEAM_CR,1048,256059,0.0,-1.0,-0.9,0.9,-0.1,-15.8,-15.8,0.0,-16,3
TM,TEAM_CR,1049,256099,0.0,-0.9,-0.9,0.9,-0.2,-15.8,-15.8,0.0,-16,3
TM,ADCS_MODE,MANUAL,ADCS_REFERENCE,SUN,TARGET,0.00,POINTING_ERROR,7.89,SUN_ERROR,7.85,MAG_ERROR,-122.37,GYRO_Z,-0.181,RW_CMD,0
TM,EST_RAW,-7.85,EST_FILTERED,-7.85,EST_ANGLE,-7.89,EST_FILTER,ON,EST_FILTER_TYPE,MOVING_AVERAGE,EST_MA_WINDOW,1,EST_FILTER_STRENGTH,0.35
TM,EST_FUSION,ON,EST_GYRO_WEIGHT,0.98,EST_VALID,1
TM,TEAM_CR,1050,256139,0.0,-1.0,-0.9,0.9,0.4,-15.8,-15.8,0.0,-16,3
TM,TEAM_CR,1051,256181,0.0,-0.7,-0.9,0.9,0.0,-15.8,-15.8,0.0,-16,3
TM,SUN_L,3650,SUN_R,3699,SUN_NDV,-0.0067,SUN_ANGLE,-8.17
TM,MAG_X,-18.21,MAG_Y,28.72,MAG_Z,-10.06,MAG_HEADING,122.37
TM,GYRO_X,-0.866,GYRO_Y,-2.406,GYRO_Z,-0.041,BODY_RATE,0.041
TM,TEAM_CR,1052,256221,0.0,-0.9,-0.9,0.9,0.0,-15.8,-15.8,0.0,-16,3
TM,TEAM_CR,1053,256261,0.0,-0.9,-0.9,0.9,0.2,-15.8,-15.8,0.0,-16,3
TM,TEAM_CR,1054,256302,0.0,-1.0,-0.9,0.9,0.2,-15.8,-15.8,0.0,-16,3
TM,TEAM_CR,1055,256341,0.0,-0.9,-0.9,0.9,-0.3,-15.8,-15.8,0.0,-16,3
TM,TEAM_CR,1056,256381,0.0,-1.1,-0.9,0.9,-0.3,-15.8,-15.8,0.0,-16,3
TM,TEAM_CR,1057,256431,0.0,-0.9,-0.9,0.9,0.4,-15.8,-15.8,0.0,-16,3
TM,TEAM_CR,1058,256471,0.0,-0.6,-0.9,0.9,-0.1,-15.8,-15.8,0.0,-16,3
TM,TEAM_CR,1059,256511,0.0,-0.8,-0.9,0.9,-0.1,-15.8,-15.8,0.0,-16,3
TM,TEAM_CR,1060,256551,0.0,-0.9,-0.9,0.9,0.4,-15.8,-15.8,0.0,-16,3
TM,TEAM_CR,1061,256591,0.0,-1.0,-0.9,0.9,0.0,-15.8,-15.8,0.0,-16,3
TM,TEAM_CR,1062,256639,0.0,-0.9,-0.9,0.9,0.0,-15.8,-15.8,0.0,-16,3
TM,TEAM_CR,1063,256682,0.0,-1.1,-0.9,0.9,0.0,-15.8,-15.8,0.0,-16,3
TM,TEAM_CR,1064,256722,0.0,-1.0,-0.9,0.9,-0.1,-15.8,-15.8,0.0,-16,3
TM,TEAM_CR,1065,256763,0.0,-1.0,-0.9,0.9,0.1,-15.8,-15.8,0.0,-16,3
TM,TEAM_CR,1066,256802,0.0,-1.0,-0.9,0.9,0.6,-15.8,-15.8,0.0,-16,3
TM,TEAM_CR,1067,256842,0.0,-0.9,-0.9,0.9,-0.1,-15.8,-15.8,0.0,-16,3
TM,TEAM_CR,1068,256882,0.0,-0.8,-0.9,0.9,0.0,-15.8,-15.8,0.0,-16,3
TM,TEAM_CR,1069,256932,0.0,-1.0,-0.9,0.9,0.4,-15.8,-15.8,0.0,-16,3
TM,TEAM_CR,1070,256972,0.0,-1.1,-0.9,0.9,-0.1,-15.8,-15.8,0.0,-16,3
TM,SUN_L,3653,SUN_R,3697,SUN_NDV,-0.0060,SUN_ANGLE,-7.49
TM,MAG_X,-18.40,MAG_Y,28.51,MAG_Z,-10.08,MAG_HEADING,122.84
TM,GYRO_X,-1.164,GYRO_Y,-2.467,GYRO_Z,-0.137,BODY_RATE,0.137
TM,TEAM_CR,1071,257020,0.0,-1.0,-0.9,0.9,0.1,-15.8,-15.8,0.0,-16,3
TM,ADCS_MODE,MANUAL,ADCS_REFERENCE,SUN,TARGET,0.00,POINTING_ERROR,7.89,SUN_ERROR,7.46,MAG_ERROR,-122.84,GYRO_Z,-0.067,RW_CMD,0
TM,EST_RAW,-7.46,EST_FILTERED,-7.46,EST_ANGLE,-7.89,EST_FILTER,ON,EST_FILTER_TYPE,MOVING_AVERAGE,EST_MA_WINDOW,1,EST_FILTER_STRENGTH,0.35
TM,EST_FUSION,ON,EST_GYRO_WEIGHT,0.98,EST_VALID,1
TM,TEAM_CR,1072,257060,0.0,-0.9,-0.9,0.9,0.4,-15.8,-15.8,0.0,-16,3
TM,TEAM_CR,1073,257100,0.0,-1.0,-0.9,0.9,0.1,-15.8,-15.8,0.0,-16,3
TM,TEAM_CR,1074,257140,0.0,-0.6,-0.9,0.9,-0.1,-15.8,-15.8,0.0,-16,3
TM,TEAM_CR,1075,257183,0.0,-0.9,-0.9,0.9,0.2,-15.8,-15.8,0.0,-16,3
TM,TEAM_CR,1076,257223,0.0,-0.9,-0.9,0.9,-0.1,-15.8,-15.8,0.0,-16,3
TM,TEAM_CR,1077,257262,0.0,-0.9,-0.9,0.9,0.2,-15.8,-15.8,0.0,-16,3
TM,TEAM_CR,1078,257302,0.0,-1.1,-0.9,0.9,0.5,-15.8,-15.8,0.0,-16,3
TM,TEAM_CR,1079,257342,0.0,-1.0,-0.8,0.8,0.3,-15.8,-15.8,0.0,-16,3
TM,TEAM_CR,1080,257382,0.0,-1.0,-0.9,0.9,0.1,-15.8,-15.8,0.0,-16,3
TM,TEAM_CR,1081,257434,0.0,-1.2,-0.9,0.9,0.3,-15.8,-15.8,0.0,-16,3
TM,TEAM_CR,1082,257473,0.0,-0.8,-0.9,0.9,0.3,-15.8,-15.8,0.0,-16,3
TM,TEAM_CR,1083,257513,0.0,-0.9,-0.9,0.9,0.0,-15.8,-15.8,0.0,-16,3
TM,TEAM_CR,1084,257553,0.0,-1.1,-0.9,0.9,-0.1,-15.8,-15.8,0.0,-16,3
TM,TEAM_CR,1085,257593,0.0,-0.8,-0.8,0.8,0.8,-15.8,-15.8,0.0,-16,3
TM,TEAM_CR,1086,257641,0.0,-1.2,-0.9,0.9,0.0,-15.8,-15.8,0.0,-16,3
TM,TEAM_CR,1087,257683,0.0,-0.7,-0.9,0.9,-0.1,-15.8,-15.8,0.0,-16,3
TM,TEAM_CR,1088,257724,0.0,-1.0,-0.8,0.8,0.2,-15.8,-15.8,0.0,-16,3
TM,SUN_L,3652,SUN_R,3699,SUN_NDV,-0.0064,SUN_ANGLE,-7.87
TM,MAG_X,-18.27,MAG_Y,28.78,MAG_Z,-10.13,MAG_HEADING,122.41
TM,GYRO_X,-0.901,GYRO_Y,-2.441,GYRO_Z,0.055,BODY_RATE,-0.055
TM,TEAM_CR,1089,257763,0.0,-1.1,-0.9,0.9,-0.3,-15.8,-15.8,0.0,-16,3
TM,TEAM_CR,1090,257803,0.0,-0.9,-0.9,0.9,-0.2,-15.8,-15.8,0.0,-16,3
TM,TEAM_CR,1091,257843,0.0,-0.8,-0.9,0.9,0.3,-15.8,-15.8,0.0,-16,3
TM,TEAM_CR,1092,257883,0.0,-0.9,-0.9,0.9,-0.1,-15.8,-15.8,0.0,-16,3
TM,TEAM_CR,1093,257932,0.0,-1.0,-0.9,0.9,-0.1,-15.8,-15.8,0.0,-16,3
TM,TEAM_CR,1094,257972,0.0,-1.0,-0.9,0.9,0.3,-15.8,-15.8,0.0,-16,3
TM,ADCS_MODE,MANUAL,ADCS_REFERENCE,SUN,TARGET,0.00,POINTING_ERROR,7.93,SUN_ERROR,7.97,MAG_ERROR,-122.34,GYRO_Z,0.117,RW_CMD,0
TM,EST_RAW,-7.97,EST_FILTERED,-7.97,EST_ANGLE,-7.93,EST_FILTER,ON,EST_FILTER_TYPE,MOVING_AVERAGE,EST_MA_WINDOW,1,EST_FILTER_STRENGTH,0.35
TM,EST_FUSION,ON,EST_GYRO_WEIGHT,0.98,EST_VALID,1
TM,TEAM_CR,1095,258021,0.0,-1.0,-0.9,0.9,-0.1,-15.8,-15.8,0.0,-16,3
TM,TEAM_CR,1096,258060,0.0,-0.8,-0.9,0.9,-0.1,-15.8,-15.8,0.0,-16,3
TM,TEAM_CR,1097,258100,0.0,-0.9,-0.9,0.9,0.3,-15.8,-15.8,0.0,-16,3
TM,TEAM_CR,1098,258140,0.0,-0.9,-0.9,0.9,-0.4,-15.8,-15.8,0.0,-16,3
TM,TEAM_CR,1099,258182,0.0,-1.0,-0.9,0.9,0.0,-15.8,-15.8,0.0,-16,3
TM,TEAM_CR,1100,258222,0.0,-1.1,-0.9,0.9,0.6,-15.8,-15.8,0.0,-16,3
TM,TEAM_CR,1101,258262,0.0,-1.0,-0.9,0.9,0.2,-15.8,-15.8,0.0,-16,3
TM,TEAM_CR,1102,258302,0.0,-0.9,-0.9,0.9,0.1,-15.8,-15.8,0.0,-16,3
TM,TEAM_CR,1103,258342,0.0,-1.0,-0.9,0.9,0.3,-15.8,-15.8,0.0,-16,3
TM,TEAM_CR,1104,258382,0.0,-1.0,-0.9,0.9,0.2,-15.8,-15.8,0.0,-16,3
TM,TEAM_CR,1105,258432,0.0,-0.8,-0.9,0.9,-0.3,-15.8,-15.8,0.0,-16,3
TM,TEAM_CR,1106,258472,0.0,-1.0,-0.9,0.9,0.5,-15.8,-15.8,0.0,-16,3
TM,SUN_L,3652,SUN_R,3697,SUN_NDV,-0.0061,SUN_ANGLE,-7.70
TM,MAG_X,-18.16,MAG_Y,28.75,MAG_Z,-10.02,MAG_HEADING,122.28
TM,GYRO_X,-1.278,GYRO_Y,-2.319,GYRO_Z,0.073,BODY_RATE,-0.073
TM,TEAM_CR,1107,258512,0.0,-1.0,-0.9,0.9,0.2,-15.8,-15.8,0.0,-16,3
TM,TEAM_CR,1108,258552,0.0,-0.9,-0.9,0.9,0.0,-15.8,-15.8,0.0,-16,3
TM,TEAM_CR,1109,258592,0.0,-0.9,-0.9,0.9,0.3,-15.8,-15.8,0.0,-16,3
TM,TEAM_CR,1110,258641,0.0,-0.9,-0.9,0.9,0.4,-15.8,-15.8,0.0,-16,3
TM,TEAM_CR,1111,258683,0.0,-1.0,-0.9,0.9,-0.1,-15.8,-15.8,0.0,-16,3
TM,TEAM_CR,1112,258722,0.0,-1.1,-0.9,0.9,0.3,-15.8,-15.8,0.0,-16,3
TM,TEAM_CR,1113,258762,0.0,-1.0,-0.9,0.9,0.2,-15.8,-15.8,0.0,-16,3
TM,TEAM_CR,1114,258802,0.0,-1.0,-0.9,0.9,0.0,-15.8,-15.8,0.0,-16,3
TM,TEAM_CR,1115,258842,0.0,-1.0,-0.9,0.9,0.0,-15.8,-15.8,0.0,-16,3
TM,TEAM_CR,1116,258882,0.0,-0.7,-0.9,0.9,0.3,-15.8,-15.8,0.0,-16,3
TM,TEAM_CR,1117,258933,0.0,-0.9,-0.9,0.9,-0.3,-15.8,-15.8,0.0,-16,3
TM,ADCS_MODE,MANUAL,ADCS_REFERENCE,SUN,TARGET,0.00,POINTING_ERROR,7.91,SUN_ERROR,7.91,MAG_ERROR,-122.28,GYRO_Z,0.003,RW_CMD,0
TM,EST_RAW,-7.91,EST_FILTERED,-7.91,EST_ANGLE,-7.91,EST_FILTER,ON,EST_FILTER_TYPE,MOVING_AVERAGE,EST_MA_WINDOW,1,EST_FILTER_STRENGTH,0.35
TM,EST_FUSION,ON,EST_GYRO_WEIGHT,0.98,EST_VALID,1
TM,TEAM_CR,1118,258973,0.0,-0.9,-0.9,0.9,0.1,-15.8,-15.8,0.0,-16,3
TM,TEAM_CR,1119,259021,0.0,-0.9,-0.9,0.9,0.3,-15.8,-15.8,0.0,-16,3
TM,TEAM_CR,1120,259061,0.0,-0.8,-0.9,0.9,-0.2,-15.8,-15.8,0.0,-16,3
TM,TEAM_CR,1121,259101,0.0,-1.0,-0.9,0.9,-0.3,-15.8,-15.8,0.0,-16,3
TM,TEAM_CR,1122,259141,0.0,-1.1,-0.9,0.9,0.2,-15.8,-15.8,0.0,-16,3
TM,TEAM_CR,1123,259183,0.0,-0.9,-0.9,0.9,0.0,-15.8,-15.8,0.0,-16,3
TM,TEAM_CR,1124,259222,0.0,-0.9,-0.9,0.9,-0.1,-15.8,-15.8,0.0,-16,3
TM,SUN_L,3653,SUN_R,3701,SUN_NDV,-0.0065,SUN_ANGLE,-8.15
TM,MAG_X,-18.14,MAG_Y,28.70,MAG_Z,-10.03,MAG_HEADING,122.30
TM,GYRO_X,-0.647,GYRO_Y,-2.152,GYRO_Z,-0.006,BODY_RATE,0.006
TM,TEAM_CR,1125,259262,0.0,-1.1,-0.9,0.9,0.1,-15.8,-15.8,0.0,-16,3
TM,TEAM_CR,1126,259302,0.0,-1.2,-0.9,0.9,0.0,-15.8,-15.8,0.0,-16,3
TM,TEAM_CR,1127,259342,0.0,-1.0,-0.9,0.9,0.1,-15.8,-15.8,0.0,-16,3
TM,TEAM_CR,1128,259382,0.0,-1.1,-0.9,0.9,0.3,-15.8,-15.8,0.0,-16,3
TM,TEAM_CR,1129,259431,0.0,-0.8,-0.9,0.9,0.0,-15.8,-15.8,0.0,-16,3
TM,TEAM_CR,1130,259471,0.0,-0.9,-0.9,0.9,-0.2,-15.8,-15.8,0.0,-16,3
TM,TEAM_CR,1131,259511,0.0,-0.9,-0.9,0.9,-0.1,-15.8,-15.8,0.0,-16,3
TM,TEAM_CR,1132,259551,0.0,-1.1,-0.9,0.9,0.2,-15.8,-15.8,0.0,-16,3
TM,TEAM_CR,1133,259591,0.0,-0.8,-0.9,0.9,-0.3,-15.8,-15.8,0.0,-16,3
TM,TEAM_CR,1134,259641,0.0,-0.9,-0.9,0.9,0.2,-15.8,-15.8,0.0,-16,3
TM,TEAM_CR,1135,259683,0.0,-0.9,-0.9,0.9,-0.1,-15.8,-15.8,0.0,-16,3
TM,TEAM_CR,1136,259723,0.0,-1.0,-0.9,0.9,-0.2,-15.8,-15.8,0.0,-16,3
TM,TEAM_CR,1137,259763,0.0,-1.0,-0.9,0.9,0.5,-15.8,-15.8,0.0,-16,3
TM,TEAM_CR,1138,259803,0.0,-0.9,-0.9,0.9,0.4,-15.8,-15.8,0.0,-16,3
TM,TEAM_CR,1139,259844,0.0,-1.0,-0.9,0.9,0.2,-15.8,-15.8,0.0,-16,3
TM,TEAM_CR,1140,259883,0.0,-1.0,-0.9,0.9,0.3,-15.8,-15.8,0.0,-16,3
TM,ADCS_MODE,MANUAL,ADCS_REFERENCE,SUN,TARGET,0.00,POINTING_ERROR,7.88,SUN_ERROR,7.51,MAG_ERROR,-122.16,GYRO_Z,0.257,RW_CMD,0
TM,EST_RAW,-7.51,EST_FILTERED,-7.51,EST_ANGLE,-7.88,EST_FILTER,ON,EST_FILTER_TYPE,MOVING_AVERAGE,EST_MA_WINDOW,1,EST_FILTER_STRENGTH,0.35
TM,EST_FUSION,ON,EST_GYRO_WEIGHT,0.98,EST_VALID,1
TM,TEAM_CR,1141,259933,0.0,-1.0,-0.9,0.9,0.4,-15.8,-15.8,0.0,-16,3
TM,TEAM_CR,1142,259973,0.0,-1.1,-0.9,0.9,-0.1,-15.8,-15.8,0.0,-16,3
TM,TEAM_CR,1143,260021,0.0,-1.1,-0.9,0.9,0.3,-15.8,-15.8,0.0,-16,3
TM,SUN_L,3651,SUN_R,3698,SUN_NDV,-0.0064,SUN_ANGLE,-7.87
TM,MAG_X,-18.08,MAG_Y,28.75,MAG_Z,-10.32,MAG_HEADING,122.16
TM,GYRO_X,-1.146,GYRO_Y,-2.398,GYRO_Z,0.090,BODY_RATE,-0.090
TM,TEAM_CR,1144,260061,0.0,-0.9,-0.9,0.9,-0.2,-15.8,-15.8,0.0,-16,3
TM,TEAM_CR,1145,260101,0.0,-0.9,-0.9,0.9,-0.2,-15.8,-15.8,0.0,-16,3
TM,TEAM_CR,1146,260141,0.0,-0.8,-0.9,0.9,0.3,-15.8,-15.8,0.0,-16,3
TM,TEAM_CR,1147,260183,0.0,-1.0,-0.9,0.9,0.3,-15.8,-15.8,0.0,-16,3
TM,TEAM_CR,1148,260223,0.0,-0.7,-0.9,0.9,-0.1,-15.8,-15.8,0.0,-16,3
TM,TEAM_CR,1149,260264,0.0,-0.6,-0.9,0.9,0.1,-15.8,-15.8,0.0,-16,3
TM,TEAM_CR,1150,260303,0.0,-1.1,-0.9,0.9,0.0,-15.8,-15.8,0.0,-16,3
TM,TEAM_CR,1151,260343,0.0,-0.9,-0.9,0.9,-0.1,-15.8,-15.8,0.0,-16,3
TM,TEAM_CR,1152,260383,0.0,-0.9,-0.9,0.9,0.0,-15.8,-15.8,0.0,-16,3
TM,TEAM_CR,1153,260433,0.0,-0.8,-0.9,0.9,0.2,-15.8,-15.8,0.0,-16,3
TM,TEAM_CR,1154,260474,0.0,-0.9,-0.9,0.9,-0.1,-15.8,-15.8,0.0,-16,3
TM,TEAM_CR,1155,260513,0.0,-1.1,-0.9,0.9,0.1,-15.8,-15.8,0.0,-16,3
TM,TEAM_CR,1156,260553,0.0,-1.2,-0.9,0.9,0.2,-15.8,-15.8,0.0,-16,3
TM,TEAM_CR,1157,260593,0.0,-0.9,-0.9,0.9,0.0,-15.8,-15.8,0.0,-16,3
TM,TEAM_CR,1158,260640,0.0,-0.9,-0.9,0.9,0.1,-15.8,-15.8,0.0,-16,3
TM,TEAM_CR,1159,260684,0.0,-0.9,-0.9,0.9,0.3,-15.8,-15.8,0.0,-16,3
TM,TEAM_CR,1160,260723,0.0,-0.9,-0.9,0.9,-0.2,-15.8,-15.8,0.0,-16,3
TM,TEAM_CR,1161,260763,0.0,-1.2,-0.9,0.9,-0.2,-15.8,-15.8,0.0,-16,3
TM,TEAM_CR,1162,260803,0.0,-1.0,-0.9,0.9,0.4,-15.8,-15.8,0.0,-16,3
TM,SUN_L,3652,SUN_R,3699,SUN_NDV,-0.0064,SUN_ANGLE,-7.72
TM,MAG_X,-18.18,MAG_Y,28.78,MAG_Z,-10.03,MAG_HEADING,122.27
TM,GYRO_X,-1.015,GYRO_Y,-2.196,GYRO_Z,0.055,BODY_RATE,-0.055
TM,TEAM_CR,1163,260843,0.0,-0.8,-0.9,0.9,0.0,-15.8,-15.8,0.0,-16,3
TM,ADCS_MODE,MANUAL,ADCS_REFERENCE,SUN,TARGET,0.00,POINTING_ERROR,7.90,SUN_ERROR,8.19,MAG_ERROR,-122.27,GYRO_Z,0.318,RW_CMD,0
TM,EST_RAW,-8.19,EST_FILTERED,-8.19,EST_ANGLE,-7.90,EST_FILTER,ON,EST_FILTER_TYPE,MOVING_AVERAGE,EST_MA_WINDOW,1,EST_FILTER_STRENGTH,0.35
TM,EST_FUSION,ON,EST_GYRO_WEIGHT,0.98,EST_VALID,1
TM,TEAM_CR,1164,260883,0.0,-0.9,-0.9,0.9,0.0,-15.8,-15.8,0.0,-16,3
TM,TEAM_CR,1165,260933,0.0,-1.0,-0.9,0.9,0.4,-15.8,-15.8,0.0,-16,3
TM,TEAM_CR,1166,260974,0.0,-1.0,-0.9,0.9,-0.1,-15.8,-15.8,0.0,-16,3
TM,TEAM_CR,1167,261021,0.0,-0.9,-0.9,0.9,0.2,-15.8,-15.8,0.0,-16,3
TM,TEAM_CR,1168,261061,0.0,-0.8,-0.9,0.9,0.0,-15.8,-15.8,0.0,-16,3
TM,TEAM_CR,1169,261102,0.0,-0.9,-0.9,0.9,0.1,-15.8,-15.8,0.0,-16,3
TM,TEAM_CR,1170,261141,0.0,-1.1,-0.9,0.9,0.0,-15.8,-15.8,0.0,-16,3
TM,TEAM_CR,1171,261183,0.0,-1.0,-0.9,0.9,0.5,-15.8,-15.8,0.0,-16,3
TM,TEAM_CR,1172,261224,0.0,-1.1,-0.9,0.9,0.0,-15.8,-15.8,0.0,-16,3
TM,TEAM_CR,1173,261263,0.0,-0.8,-0.9,0.9,-0.2,-15.8,-15.8,0.0,-16,3
TM,TEAM_CR,1174,261303,0.0,-1.2,-0.9,0.9,0.2,-15.8,-15.8,0.0,-16,3
TM,TEAM_CR,1175,261343,0.0,-1.0,-0.9,0.9,0.1,-15.8,-15.8,0.0,-16,3
TM,TEAM_CR,1176,261383,0.0,-0.8,-0.9,0.9,0.1,-15.8,-15.8,0.0,-16,3
TM,TEAM_CR,1177,261432,0.0,-0.8,-0.9,0.9,0.5,-15.8,-15.8,0.0,-16,3
TM,TEAM_CR,1178,261472,0.0,-1.2,-0.9,0.9,0.2,-15.8,-15.8,0.0,-16,3
TM,TEAM_CR,1179,261512,0.0,-1.0,-0.9,0.9,-0.1,-15.8,-15.8,0.0,-16,3
TM,TEAM_CR,1180,261552,0.0,-1.0,-0.9,0.9,0.3,-15.8,-15.8,0.0,-16,3
TM,SUN_L,3652,SUN_R,3698,SUN_NDV,-0.0063,SUN_ANGLE,-8.05
TM,MAG_X,-18.18,MAG_Y,28.77,MAG_Z,-10.10,MAG_HEADING,122.29
TM,GYRO_X,-0.840,GYRO_Y,-2.590,GYRO_Z,0.055,BODY_RATE,-0.055
TM,TEAM_CR,1181,261592,0.0,-0.7,-0.9,0.9,0.0,-15.8,-15.8,0.0,-16,3
TM,TEAM_CR,1182,261641,0.0,-1.0,-0.9,0.9,0.1,-15.8,-15.8,0.0,-16,3
TM,TEAM_CR,1183,261683,0.0,-1.1,-0.9,0.9,0.3,-15.8,-15.8,0.0,-16,3
TM,TEAM_CR,1184,261722,0.0,-0.9,-0.9,0.9,-0.1,-15.8,-15.8,0.0,-16,3
TM,TEAM_CR,1185,261762,0.0,-0.9,-0.9,0.9,0.2,-15.8,-15.8,0.0,-16,3
TM,TEAM_CR,1186,261802,0.0,-1.0,-0.9,0.9,0.3,-15.8,-15.8,0.0,-16,3
TM,ADCS_MODE,MANUAL,ADCS_REFERENCE,SUN,TARGET,0.00,POINTING_ERROR,7.90,SUN_ERROR,7.70,MAG_ERROR,-122.29,GYRO_Z,0.082,RW_CMD,0
TM,EST_RAW,-7.70,EST_FILTERED,-7.70,EST_ANGLE,-7.90,EST_FILTER,ON,EST_FILTER_TYPE,MOVING_AVERAGE,EST_MA_WINDOW,1,EST_FILTER_STRENGTH,0.35
TM,EST_FUSION,ON,EST_GYRO_WEIGHT,0.98,EST_VALID,1
TM,TEAM_CR,1187,261842,0.0,-0.9,-0.9,0.9,0.1,-15.8,-15.8,0.0,-16,3
TM,TEAM_CR,1188,261882,0.0,-0.9,-0.9,0.9,-0.1,-15.8,-15.8,0.0,-16,3
TM,TEAM_CR,1189,261933,0.0,-1.0,-0.9,0.9,0.2,-15.8,-15.8,0.0,-16,3
TM,TEAM_CR,1190,261973,0.0,-0.8,-0.9,0.9,0.3,-15.8,-15.8,0.0,-16,3
TM,TEAM_CR,1191,262021,0.0,-0.9,-0.9,0.9,-0.2,-15.8,-15.8,0.0,-16,3
TM,TEAM_CR,1192,262062,0.0,-0.5,-0.9,0.9,0.1,-15.8,-15.8,0.0,-16,3
TM,TEAM_CR,1193,262101,0.0,-0.8,-0.8,0.8,0.1,-15.8,-15.8,0.0,-16,3
TM,TEAM_CR,1194,262141,0.0,-1.1,-0.9,0.9,-0.2,-15.8,-15.8,0.0,-16,3
TM,TEAM_CR,1195,262182,0.0,-1.2,-0.9,0.9,0.3,-15.8,-15.8,0.0,-16,3
TM,TEAM_CR,1196,262222,0.0,-1.2,-0.9,0.9,0.3,-15.8,-15.8,0.0,-16,3
TM,TEAM_CR,1197,262262,0.0,-1.0,-0.9,0.9,-0.3,-15.8,-15.8,0.0,-16,3
TM,TEAM_CR,1198,262302,0.0,-0.9,-0.9,0.9,0.2,-15.8,-15.8,0.0,-16,3
TM,SUN_L,3651,SUN_R,3699,SUN_NDV,-0.0065,SUN_ANGLE,-8.37
TM,MAG_X,-18.26,MAG_Y,28.83,MAG_Z,-10.05,MAG_HEADING,122.34
TM,GYRO_X,-1.102,GYRO_Y,-2.467,GYRO_Z,-0.023,BODY_RATE,0.023
TM,TEAM_CR,1199,262342,0.0,-1.0,-0.9,0.9,0.3,-15.8,-15.8,0.0,-16,3
TM,TEAM_CR,1200,262382,0.0,-0.9,-0.9,0.9,0.1,-15.8,-15.8,0.0,-16,3
TM,TEAM_CR,1201,262434,0.0,-1.0,-0.9,0.9,0.4,-15.8,-15.8,0.0,-16,3
TM,TEAM_CR,1202,262474,0.0,-1.0,-0.9,0.9,0.3,-15.8,-15.8,0.0,-16,3
TM,TEAM_CR,1203,262514,0.0,-0.8,-0.9,0.9,0.1,-15.8,-15.8,0.0,-16,3
TM,TEAM_CR,1204,262554,0.0,-1.0,-0.9,0.9,-0.1,-15.8,-15.8,0.0,-16,3
TM,TEAM_CR,1205,262594,0.0,-0.9,-0.8,0.8,0.4,-15.8,-15.8,0.0,-16,3
TM,TEAM_CR,1206,262641,0.0,-0.9,-0.8,0.8,-0.1,-15.8,-15.8,0.0,-16,3
TM,TEAM_CR,1207,262683,0.0,-1.1,-0.8,0.8,0.4,-15.8,-15.8,0.0,-16,3
TM,TEAM_CR,1208,262722,0.0,-1.1,-0.8,0.8,0.0,-15.8,-15.8,0.0,-16,3
TM,TEAM_CR,1209,262762,0.0,-1.0,-0.9,0.9,0.0,-15.8,-15.8,0.0,-16,3
TM,ADCS_MODE,MANUAL,ADCS_REFERENCE,SUN,TARGET,0.00,POINTING_ERROR,7.89,SUN_ERROR,7.41,MAG_ERROR,-121.91,GYRO_Z,-0.023,RW_CMD,0
TM,EST_RAW,-7.41,EST_FILTERED,-7.41,EST_ANGLE,-7.89,EST_FILTER,ON,EST_FILTER_TYPE,MOVING_AVERAGE,EST_MA_WINDOW,1,EST_FILTER_STRENGTH,0.35
TM,EST_FUSION,ON,EST_GYRO_WEIGHT,0.98,EST_VALID,1
TM,TEAM_CR,1210,262802,0.0,-1.0,-0.9,0.9,0.1,-15.8,-15.8,0.0,-16,3
TM,TEAM_CR,1211,262842,0.0,-0.7,-0.8,0.8,0.6,-15.8,-15.8,0.0,-16,3
TM,TEAM_CR,1212,262882,0.0,-0.9,-0.9,0.9,0.1,-15.8,-15.8,0.0,-16,3
TM,TEAM_CR,1213,262933,0.0,-1.0,-0.9,0.9,0.2,-15.8,-15.8,0.0,-16,3
TM,TEAM_CR,1214,262972,0.0,-0.9,-0.9,0.9,0.4,-15.8,-15.8,0.0,-16,3
TM,TEAM_CR,1215,263021,0.0,-1.1,-0.9,0.9,-0.2,-15.8,-15.8,0.0,-16,3
TM,TEAM_CR,1216,263061,0.0,-0.9,-0.9,0.9,0.5,-15.8,-15.8,0.0,-16,3
TM,SUN_L,3654,SUN_R,3699,SUN_NDV,-0.0061,SUN_ANGLE,-7.89
TM,MAG_X,-17.98,MAG_Y,28.88,MAG_Z,-10.06,MAG_HEADING,121.91
TM,GYRO_X,-1.033,GYRO_Y,-2.293,GYRO_Z,-0.067,BODY_RATE,0.067
TM,TEAM_CR,1217,263101,0.0,-1.0,-0.9,0.9,0.2,-15.8,-15.8,0.0,-16,3
TM,TEAM_CR,1218,263141,0.0,-1.1,-0.9,0.9,-0.1,-15.8,-15.8,0.0,-16,3
TM,TEAM_CR,1219,263183,0.0,-1.1,-0.9,0.9,0.2,-15.8,-15.8,0.0,-16,3
TM,TEAM_CR,1220,263223,0.0,-0.8,-0.8,0.8,0.5,-15.8,-15.8,0.0,-16,3
TM,TEAM_CR,1221,263263,0.0,-1.0,-0.9,0.9,-0.1,-15.8,-15.8,0.0,-16,3
TM,TEAM_CR,1222,263304,0.0,-0.9,-0.9,0.9,-0.1,-15.8,-15.8,0.0,-16,3
TM,TEAM_CR,1223,263343,0.0,-1.0,-0.9,0.9,0.5,-15.8,-15.8,0.0,-16,3
TM,TEAM_CR,1224,263383,0.0,-1.2,-0.9,0.9,-0.1,-15.8,-15.8,0.0,-16,3
TM,TEAM_CR,1225,263433,0.0,-1.0,-0.9,0.9,0.0,-15.8,-15.8,0.0,-16,3
TM,TEAM_CR,1226,263473,0.0,-1.0,-0.9,0.9,0.2,-15.8,-15.8,0.0,-16,3
TM,TEAM_CR,1227,263514,0.0,-0.8,-0.9,0.9,-0.2,-15.8,-15.8,0.0,-16,3
TM,TEAM_CR,1228,263553,0.0,-1.0,-0.9,0.9,0.1,-15.8,-15.8,0.0,-16,3
TM,TEAM_CR,1229,263593,0.0,-0.9,-0.9,0.9,0.2,-15.8,-15.8,0.0,-16,3
TM,TEAM_CR,1230,263641,0.0,-0.7,-0.8,0.8,0.0,-15.8,-15.8,0.0,-16,3
TM,TEAM_CR,1231,263682,0.0,-0.7,-0.8,0.8,-0.1,-15.8,-15.8,0.0,-16,3
TM,TEAM_CR,1232,263723,0.0,-1.1,-0.8,0.8,0.2,-15.8,-15.8,0.0,-16,3
TM,ADCS_MODE,MANUAL,ADCS_REFERENCE,SUN,TARGET,0.00,POINTING_ERROR,7.91,SUN_ERROR,8.13,MAG_ERROR,-122.07,GYRO_Z,0.012,RW_CMD,0
TM,EST_RAW,-8.13,EST_FILTERED,-8.13,EST_ANGLE,-7.91,EST_FILTER,ON,EST_FILTER_TYPE,MOVING_AVERAGE,EST_MA_WINDOW,1,EST_FILTER_STRENGTH,0.35
TM,EST_FUSION,ON,EST_GYRO_WEIGHT,0.98,EST_VALID,1
TM,TEAM_CR,1233,263762,0.0,-0.9,-0.9,0.9,-0.3,-15.8,-15.8,0.0,-16,3
TM,TEAM_CR,1234,263802,0.0,-1.0,-0.9,0.9,0.0,-15.8,-15.8,0.0,-16,3
TM,SUN_L,3650,SUN_R,3696,SUN_NDV,-0.0063,SUN_ANGLE,-8.15
TM,MAG_X,-18.24,MAG_Y,28.85,MAG_Z,-10.22,MAG_HEADING,122.30
TM,GYRO_X,-1.260,GYRO_Y,-2.188,GYRO_Z,-0.067,BODY_RATE,0.067
TM,TEAM_CR,1235,263842,0.0,-1.0,-0.9,0.9,0.3,-15.8,-15.8,0.0,-16,3
TM,TEAM_CR,1236,263882,0.0,-1.0,-0.9,0.9,-0.2,-15.8,-15.8,0.0,-16,3
TM,TEAM_CR,1237,263933,0.0,-1.0,-0.9,0.9,0.1,-15.8,-15.8,0.0,-16,3
TM,TEAM_CR,1238,263973,0.0,-0.9,-0.8,0.8,0.6,-15.8,-15.8,0.0,-16,3
TM,TEAM_CR,1239,264020,0.0,-0.8,-0.8,0.8,0.0,-15.8,-15.8,0.0,-16,3
TM,TEAM_CR,1240,264060,0.0,-1.1,-0.8,0.8,-0.2,-15.8,-15.8,0.0,-16,3
TM,TEAM_CR,1241,264101,0.0,-1.4,-0.8,0.8,0.4,-15.8,-15.8,0.0,-16,3
TM,TEAM_CR,1242,264141,0.0,-1.1,-0.9,0.9,-0.4,-15.8,-15.8,0.0,-16,3
TM,TEAM_CR,1243,264183,0.0,-0.9,-0.9,0.9,-0.1,-15.8,-15.8,0.0,-16,3
TM,TEAM_CR,1244,264223,0.0,-1.5,-0.9,0.9,0.2,-15.8,-15.8,0.0,-16,3
TM,TEAM_CR,1245,264262,0.0,-0.9,-0.9,0.9,0.0,-15.8,-15.8,0.0,-16,3
TM,TEAM_CR,1246,264302,0.0,-0.9,-0.9,0.9,-0.2,-15.8,-15.8,0.0,-16,3
TM,TEAM_CR,1247,264342,0.0,-1.0,-0.9,0.9,0.3,-15.8,-15.8,0.0,-16,3
TM,TEAM_CR,1248,264382,0.0,-1.0,-0.9,0.9,-0.2,-15.8,-15.8,0.0,-16,3
TM,TEAM_CR,1249,264432,0.0,-1.1,-0.9,0.9,0.0,-15.8,-15.8,0.0,-16,3
TM,TEAM_CR,1250,264472,0.0,-1.0,-0.9,0.9,0.1,-15.8,-15.8,0.0,-16,3
TM,TEAM_CR,1251,264512,0.0,-0.8,-0.9,0.9,0.1,-15.8,-15.8,0.0,-16,3
TM,TEAM_CR,1252,264552,0.0,-1.1,-0.9,0.9,-0.6,-15.8,-15.8,0.0,-16,3
TM,TEAM_CR,1253,264592,0.0,-1.4,-0.9,0.9,0.4,-15.8,-15.8,0.0,-16,3
TM,SUN_L,3649,SUN_R,3699,SUN_NDV,-0.0068,SUN_ANGLE,-8.25
TM,MAG_X,-18.22,MAG_Y,28.91,MAG_Z,-10.21,MAG_HEADING,122.22
TM,GYRO_X,-0.735,GYRO_Y,-2.590,GYRO_Z,-0.041,BODY_RATE,0.041
TM,TEAM_CR,1254,264641,0.0,-0.9,-0.9,0.9,0.2,-15.8,-15.8,0.0,-16,3
TM,ADCS_MODE,MANUAL,ADCS_REFERENCE,SUN,TARGET,0.00,POINTING_ERROR,7.93,SUN_ERROR,7.70,MAG_ERROR,-122.22,GYRO_Z,0.012,RW_CMD,0
TM,EST_RAW,-7.70,EST_FILTERED,-7.70,EST_ANGLE,-7.93,EST_FILTER,ON,EST_FILTER_TYPE,MOVING_AVERAGE,EST_MA_WINDOW,1,EST_FILTER_STRENGTH,0.35
TM,EST_FUSION,ON,EST_GYRO_WEIGHT,0.98,EST_VALID,1
TM,TEAM_CR,1255,264683,0.0,-0.8,-0.9,0.9,0.0,-15.8,-15.8,0.0,-16,3
TM,TEAM_CR,1256,264723,0.0,-0.8,-0.9,0.9,0.1,-15.8,-15.8,0.0,-16,3
TM,TEAM_CR,1257,264763,0.0,-1.0,-0.9,0.9,-0.4,-15.8,-15.8,0.0,-16,3
TM,TEAM_CR,1258,264803,0.0,-1.0,-0.9,0.9,-0.1,-15.8,-15.8,0.0,-16,3
TM,TEAM_CR,1259,264843,0.0,-1.2,-0.9,0.9,0.1,-15.8,-15.8,0.0,-16,3
TM,TEAM_CR,1260,264883,0.0,-0.9,-0.9,0.9,0.0,-15.8,-15.8,0.0,-16,3
TM,TEAM_CR,1261,264934,0.0,-0.8,-0.9,0.9,0.0,-15.8,-15.8,0.0,-16,3
TM,TEAM_CR,1262,264973,0.0,-1.0,-0.9,0.9,0.3,-15.8,-15.8,0.0,-16,3
TM,TEAM_CR,1263,265021,0.0,-1.0,-0.9,0.9,-0.2,-15.8,-15.8,0.0,-16,3
TM,TEAM_CR,1264,265060,0.0,-0.9,-0.9,0.9,-0.1,-15.8,-15.8,0.0,-16,3
TM,TEAM_CR,1265,265100,0.0,-1.0,-0.9,0.9,0.1,-15.8,-15.8,0.0,-16,3
TM,TEAM_CR,1266,265140,0.0,-1.2,-0.9,0.9,-0.3,-15.8,-15.8,0.0,-16,3
TM,TEAM_CR,1267,265182,0.0,-1.0,-0.9,0.9,-0.2,-15.8,-15.8,0.0,-16,3
TM,TEAM_CR,1268,265222,0.0,-1.0,-0.9,0.9,0.2,-15.8,-15.8,0.0,-16,3
TM,TEAM_CR,1269,265262,0.0,-0.8,-0.9,0.9,0.1,-15.8,-15.8,0.0,-16,3
TM,TEAM_CR,1270,265302,0.0,-0.8,-0.9,0.9,-0.2,-15.8,-15.8,0.0,-16,3
TM,TEAM_CR,1271,265342,0.0,-0.9,-0.9,0.9,0.4,-15.8,-15.8,0.0,-16,3
TM,SUN_L,3653,SUN_R,3698,SUN_NDV,-0.0061,SUN_ANGLE,-7.68
TM,MAG_X,-18.19,MAG_Y,28.88,MAG_Z,-10.30,MAG_HEADING,122.21
TM,GYRO_X,-1.146,GYRO_Y,-4.454,GYRO_Z,-0.163,BODY_RATE,0.163
TM,TEAM_CR,1272,265382,0.0,-0.9,-0.9,0.9,0.2,-15.8,-15.8,0.0,-16,3
TM,TEAM_CR,1273,265432,0.0,-0.9,-0.9,0.9,0.1,-15.8,-15.8,0.0,-16,3
TM,TEAM_CR,1274,265472,0.0,-1.1,-0.9,0.9,0.4,-15.8,-15.8,0.0,-16,3
TM,TEAM_CR,1275,265512,0.0,-1.0,-0.9,0.9,-0.2,-15.8,-15.8,0.0,-16,3
TM,TEAM_CR,1276,265552,0.0,-1.0,-0.9,0.9,-0.2,-15.8,-15.8,0.0,-16,3
TM,TEAM_CR,1277,265592,0.0,-0.8,-0.9,0.9,0.5,-15.8,-15.8,0.0,-16,3
TM,ADCS_MODE,MANUAL,ADCS_REFERENCE,SUN,TARGET,0.00,POINTING_ERROR,7.91,SUN_ERROR,7.60,MAG_ERROR,-121.93,GYRO_Z,-0.347,RW_CMD,0
TM,EST_RAW,-7.60,EST_FILTERED,-7.60,EST_ANGLE,-7.91,EST_FILTER,ON,EST_FILTER_TYPE,MOVING_AVERAGE,EST_MA_WINDOW,1,EST_FILTER_STRENGTH,0.35
TM,EST_FUSION,ON,EST_GYRO_WEIGHT,0.98,EST_VALID,1
TM,TEAM_CR,1278,265641,0.0,-0.9,-0.9,0.9,-0.2,-15.8,-15.8,0.0,-16,3
TM,TEAM_CR,1279,265683,0.0,-1.0,-0.9,0.9,0.0,-15.8,-15.8,0.0,-16,3
TM,TEAM_CR,1280,265722,0.0,-0.9,-0.9,0.9,0.2,-15.8,-15.8,0.0,-16,3
TM,TEAM_CR,1281,265762,0.0,-1.0,-0.9,0.9,-0.1,-15.8,-15.8,0.0,-16,3
TM,TEAM_CR,1282,265802,0.0,-0.9,-0.9,0.9,0.0,-15.8,-15.8,0.0,-16,3
TM,TEAM_CR,1283,265842,0.0,-1.0,-0.9,0.9,0.4,-15.8,-15.8,0.0,-16,3
TM,TEAM_CR,1284,265882,0.0,-1.1,-0.9,0.9,0.1,-15.8,-15.8,0.0,-16,3
TM,TEAM_CR,1285,265932,0.0,-0.6,-0.9,0.9,-0.2,-15.8,-15.8,0.0,-16,3
TM,TEAM_CR,1286,265972,0.0,-1.2,-0.9,0.9,0.3,-15.8,-15.8,0.0,-16,3
TM,TEAM_CR,1287,266021,0.0,-0.8,-0.9,0.9,-0.2,-15.8,-15.8,0.0,-16,3
TM,TEAM_CR,1288,266061,0.0,-0.9,-0.9,0.9,-0.3,-15.8,-15.8,0.0,-16,3
TM,TEAM_CR,1289,266101,0.0,-1.0,-0.9,0.9,0.2,-15.8,-15.8,0.0,-16,3
TM,SUN_L,3652,SUN_R,3699,SUN_NDV,-0.0064,SUN_ANGLE,-7.56
TM,MAG_X,-18.08,MAG_Y,29.01,MAG_Z,-10.43,MAG_HEADING,121.93
TM,GYRO_X,-1.146,GYRO_Y,-2.301,GYRO_Z,-0.295,BODY_RATE,0.295
TM,TEAM_CR,1290,266141,0.0,-0.9,-0.9,0.9,0.1,-15.8,-15.8,0.0,-16,3
TM,TEAM_CR,1291,266183,0.0,-0.9,-0.9,0.9,-0.1,-15.8,-15.8,0.0,-16,3
TM,TEAM_CR,1292,266222,0.0,-1.1,-0.9,0.9,0.2,-15.8,-15.8,0.0,-16,3
TM,TEAM_CR,1293,266262,0.0,-1.1,-0.9,0.9,-0.1,-15.8,-15.8,0.0,-16,3
TM,TEAM_CR,1294,266302,0.0,-1.0,-0.9,0.9,0.0,-15.8,-15.8,0.0,-16,3
TM,TEAM_CR,1295,266342,0.0,-1.1,-0.9,0.9,0.2,-15.8,-15.8,0.0,-16,3
TM,TEAM_CR,1296,266382,0.0,-1.0,-0.9,0.9,-0.3,-15.8,-15.8,0.0,-16,3
TM,TEAM_CR,1297,266433,0.0,-1.1,-0.9,0.9,0.0,-15.8,-15.8,0.0,-16,3
TM,TEAM_CR,1298,266473,0.0,-0.8,-0.9,0.9,0.4,-15.8,-15.8,0.0,-16,3
TM,TEAM_CR,1299,266513,0.0,-1.0,-0.9,0.9,-0.2,-15.8,-15.8,0.0,-16,3
TM,TEAM_CR,1300,266553,0.0,-1.0,-0.9,0.9,-0.2,-15.8,-15.8,0.0,-16,3
TM,ADCS_MODE,MANUAL,ADCS_REFERENCE,SUN,TARGET,0.00,POINTING_ERROR,7.91,SUN_ERROR,7.78,MAG_ERROR,-122.16,GYRO_Z,-0.128,RW_CMD,0
TM,EST_RAW,-7.78,EST_FILTERED,-7.78,EST_ANGLE,-7.91,EST_FILTER,ON,EST_FILTER_TYPE,MOVING_AVERAGE,EST_MA_WINDOW,1,EST_FILTER_STRENGTH,0.35
TM,EST_FUSION,ON,EST_GYRO_WEIGHT,0.98,EST_VALID,1
TM,TEAM_CR,1301,266593,0.0,-0.8,-0.9,0.9,0.3,-15.8,-15.8,0.0,-16,3
TM,TEAM_CR,1302,266641,0.0,-1.0,-0.9,0.9,0.0,-15.8,-15.8,0.0,-16,3
TM,TEAM_CR,1303,266683,0.0,-0.9,-0.9,0.9,-0.1,-15.8,-15.8,0.0,-16,3
TM,TEAM_CR,1304,266723,0.0,-1.0,-0.9,0.9,0.2,-15.8,-15.8,0.0,-16,3
TM,TEAM_CR,1305,266763,0.0,-1.1,-0.9,0.9,0.2,-15.8,-15.8,0.0,-16,3
TM,TEAM_CR,1306,266803,0.0,-1.2,-0.9,0.9,0.1,-15.8,-15.8,0.0,-16,3
TM,TEAM_CR,1307,266844,0.0,-1.0,-0.9,0.9,0.1,-15.8,-15.8,0.0,-16,3
TM,SUN_L,3653,SUN_R,3700,SUN_NDV,-0.0064,SUN_ANGLE,-7.42
TM,MAG_X,-18.50,MAG_Y,28.85,MAG_Z,-10.11,MAG_HEADING,122.67
TM,GYRO_X,-0.884,GYRO_Y,-2.030,GYRO_Z,-0.198,BODY_RATE,0.198
TM,TEAM_CR,1308,266883,0.0,-1.1,-0.9,0.9,-0.1,-15.8,-15.8,0.0,-16,3
TM,TEAM_CR,1309,266933,0.0,-0.9,-0.9,0.9,-0.2,-15.8,-15.8,0.0,-16,3
TM,TEAM_CR,1310,266973,0.0,-1.0,-0.9,0.9,0.3,-15.8,-15.8,0.0,-16,3
TM,TEAM_CR,1311,267021,0.0,-1.0,-0.9,0.9,-0.2,-15.8,-15.8,0.0,-16,3
TM,TEAM_CR,1312,267061,0.0,-1.1,-0.9,0.9,-0.1,-15.8,-15.8,0.0,-16,3
TM,TEAM_CR,1313,267101,0.0,-0.8,-0.9,0.9,0.1,-15.8,-15.8,0.0,-16,3
TM,TEAM_CR,1314,267141,0.0,-0.9,-0.9,0.9,-0.1,-15.8,-15.8,0.0,-16,3
TM,TEAM_CR,1315,267183,0.0,-1.0,-0.9,0.9,0.2,-15.8,-15.8,0.0,-16,3
TM,TEAM_CR,1316,267223,0.0,-0.9,-0.9,0.9,0.3,-15.8,-15.8,0.0,-16,3
TM,TEAM_CR,1317,267264,0.0,-0.9,-0.9,0.9,0.0,-15.8,-15.8,0.0,-16,3
TM,TEAM_CR,1318,267303,0.0,-0.6,-0.9,0.9,-0.1,-15.8,-15.8,0.0,-16,3
TM,TEAM_CR,1319,267343,0.0,-1.1,-0.9,0.9,0.2,-15.8,-15.8,0.0,-16,3
TM,TEAM_CR,1320,267383,0.0,-0.7,-0.9,0.9,0.1,-15.8,-15.8,0.0,-16,3
TM,TEAM_CR,1321,267433,0.0,-0.8,-0.9,0.9,0.2,-15.8,-15.8,0.0,-16,3
TM,TEAM_CR,1322,267474,0.0,-1.0,-0.9,0.9,0.1,-15.8,-15.8,0.0,-16,3
TM,TEAM_CR,1323,267513,0.0,-1.0,-0.9,0.9,0.2,-15.8,-15.8,0.0,-16,3
TM,ADCS_MODE,MANUAL,ADCS_REFERENCE,SUN,TARGET,0.00,POINTING_ERROR,7.90,SUN_ERROR,7.62,MAG_ERROR,-122.02,GYRO_Z,-0.093,RW_CMD,0
TM,EST_RAW,-7.62,EST_FILTERED,-7.62,EST_ANGLE,-7.90,EST_FILTER,ON,EST_FILTER_TYPE,MOVING_AVERAGE,EST_MA_WINDOW,1,EST_FILTER_STRENGTH,0.35
TM,EST_FUSION,ON,EST_GYRO_WEIGHT,0.98,EST_VALID,1
TM,TEAM_CR,1324,267553,0.0,-1.1,-0.9,0.9,-0.3,-15.8,-15.8,0.0,-16,3
TM,TEAM_CR,1325,267593,0.0,-1.0,-0.9,0.9,0.4,-15.8,-15.8,0.0,-16,3
TM,SUN_L,3652,SUN_R,3697,SUN_NDV,-0.0061,SUN_ANGLE,-8.44
TM,MAG_X,-18.13,MAG_Y,28.99,MAG_Z,-10.37,MAG_HEADING,122.02
TM,GYRO_X,-0.998,GYRO_Y,-2.354,GYRO_Z,0.073,BODY_RATE,-0.073
TM,TEAM_CR,1326,267641,0.0,-1.0,-0.9,0.9,0.1,-15.8,-15.8,0.0,-16,3
TM,TEAM_CR,1327,267684,0.0,-1.0,-0.9,0.9,-0.2,-15.8,-15.8,0.0,-16,3
TM,TEAM_CR,1328,267723,0.0,-0.9,-0.9,0.9,0.5,-15.8,-15.8,0.0,-16,3
TM,TEAM_CR,1329,267763,0.0,-0.8,-0.9,0.9,0.1,-15.8,-15.8,0.0,-16,3
TM,TEAM_CR,1330,267803,0.0,-0.8,-0.9,0.9,0.0,-15.8,-15.8,0.0,-16,3
TM,TEAM_CR,1331,267843,0.0,-0.9,-0.9,0.9,0.2,-15.8,-15.8,0.0,-16,3
TM,TEAM_CR,1332,267883,0.0,-0.5,-0.9,0.9,0.1,-15.8,-15.8,0.0,-16,3
TM,TEAM_CR,1333,267933,0.0,-1.1,-0.9,0.9,-0.1,-15.8,-15.8,0.0,-16,3
TM,TEAM_CR,1334,267973,0.0,-0.9,-0.9,0.9,0.0,-15.8,-15.8,0.0,-16,3
TM,TEAM_CR,1335,268021,0.0,-0.8,-0.9,0.9,-0.2,-15.8,-15.8,0.0,-16,3
TM,TEAM_CR,1336,268061,0.0,-0.9,-0.9,0.9,0.0,-15.8,-15.8,0.0,-16,3
TM,TEAM_CR,1337,268102,0.0,-0.9,-0.9,0.9,0.5,-15.8,-15.8,0.0,-16,3
TM,TEAM_CR,1338,268141,0.0,-1.0,-0.9,0.9,0.0,-15.8,-15.8,0.0,-16,3
TM,TEAM_CR,1339,268183,0.0,-0.8,-0.9,0.9,-0.1,-15.8,-15.8,0.0,-16,3
TM,TEAM_CR,1340,268224,0.0,-1.2,-0.9,0.9,0.3,-15.8,-15.8,0.0,-16,3
TM,TEAM_CR,1341,268263,0.0,-1.3,-0.9,0.9,0.0,-15.8,-15.8,0.0,-16,3
TM,TEAM_CR,1342,268303,0.0,-1.1,-0.9,0.9,-0.4,-15.8,-15.8,0.0,-16,3
TM,TEAM_CR,1343,268343,0.0,-0.8,-0.9,0.9,0.4,-15.8,-15.8,0.0,-16,3
TM,TEAM_CR,1344,268383,0.0,-0.8,-0.9,0.9,0.1,-15.8,-15.8,0.0,-16,3
TM,SUN_L,3649,SUN_R,3696,SUN_NDV,-0.0064,SUN_ANGLE,-7.73
TM,MAG_X,-18.19,MAG_Y,29.01,MAG_Z,-10.40,MAG_HEADING,122.09
TM,GYRO_X,-1.085,GYRO_Y,-2.065,GYRO_Z,-0.067,BODY_RATE,0.067
TM,TEAM_CR,1345,268432,0.0,-0.9,-0.9,0.9,-0.3,-15.8,-15.8,0.0,-16,3
TM,ADCS_MODE,MANUAL,ADCS_REFERENCE,SUN,TARGET,0.00,POINTING_ERROR,7.95,SUN_ERROR,8.15,MAG_ERROR,-122.09,GYRO_Z,0.178,RW_CMD,0
TM,EST_RAW,-8.15,EST_FILTERED,-8.15,EST_ANGLE,-7.95,EST_FILTER,ON,EST_FILTER_TYPE,MOVING_AVERAGE,EST_MA_WINDOW,1,EST_FILTER_STRENGTH,0.35
TM,EST_FUSION,ON,EST_GYRO_WEIGHT,0.98,EST_VALID,1
TM,TEAM_CR,1346,268472,0.0,-1.1,-0.9,0.9,0.1,-15.8,-15.8,0.0,-16,3
TM,TEAM_CR,1347,268512,0.0,-1.2,-0.9,0.9,-0.2,-15.8,-15.8,0.0,-16,3
TM,TEAM_CR,1348,268552,0.0,-1.0,-0.9,0.9,0.2,-15.8,-15.8,0.0,-16,3
TM,TEAM_CR,1349,268592,0.0,-1.0,-0.9,0.9,0.3,-15.8,-15.8,0.0,-16,3
TM,TEAM_CR,1350,268641,0.0,-0.9,-0.9,0.9,-0.2,-15.8,-15.8,0.0,-16,3
TM,TEAM_CR,1351,268683,0.0,-0.9,-0.9,0.9,-0.1,-15.8,-15.8,0.0,-16,3
TM,TEAM_CR,1352,268722,0.0,-1.0,-0.9,0.9,0.2,-15.8,-15.8,0.0,-16,3
TM,TEAM_CR,1353,268762,0.0,-1.0,-0.9,0.9,0.0,-15.8,-15.8,0.0,-16,3
TM,TEAM_CR,1354,268802,0.0,-0.9,-0.9,0.9,-0.3,-15.8,-15.8,0.0,-16,3
TM,TEAM_CR,1355,268842,0.0,-1.3,-0.9,0.9,0.4,-15.8,-15.8,0.0,-16,3
TM,TEAM_CR,1356,268882,0.0,-0.9,-0.9,0.9,0.2,-15.8,-15.8,0.0,-16,3
TM,TEAM_CR,1357,268933,0.0,-0.8,-0.9,0.9,-0.2,-15.8,-15.8,0.0,-16,3
TM,TEAM_CR,1358,268973,0.0,-1.0,-0.9,0.9,0.3,-15.8,-15.8,0.0,-16,3
TM,TEAM_CR,1359,269021,0.0,-0.9,-0.9,0.9,0.0,-15.8,-15.8,0.0,-16,3
TM,TEAM_CR,1360,269061,0.0,-0.8,-0.9,0.9,0.1,-15.8,-15.8,0.0,-16,3
TM,TEAM_CR,1361,269101,0.0,-1.2,-0.9,0.9,0.3,-15.8,-15.8,0.0,-16,3
TM,TEAM_CR,1362,269141,0.0,-0.8,-0.9,0.9,0.0,-15.8,-15.8,0.0,-16,3
TM,SUN_L,3651,SUN_R,3697,SUN_NDV,-0.0063,SUN_ANGLE,-8.22
TM,MAG_X,-18.18,MAG_Y,28.99,MAG_Z,-10.19,MAG_HEADING,122.08
TM,GYRO_X,-1.059,GYRO_Y,-2.362,GYRO_Z,0.038,BODY_RATE,-0.038
TM,TEAM_CR,1363,269183,0.0,-1.0,-0.9,0.9,0.0,-15.8,-15.8,0.0,-16,3
TM,TEAM_CR,1364,269222,0.0,-1.1,-0.9,0.9,0.3,-15.8,-15.8,0.0,-16,3
TM,TEAM_CR,1365,269262,0.0,-1.1,-0.9,0.9,-0.3,-15.8,-15.8,0.0,-16,3
TM,TEAM_CR,1366,269302,0.0,-1.0,-0.9,0.9,0.3,-15.8,-15.8,0.0,-16,3
TM,TEAM_CR,1367,269342,0.0,-0.9,-0.9,0.9,0.2,-15.8,-15.8,0.0,-16,3
TM,TEAM_CR,1368,269382,0.0,-0.8,-0.9,0.9,-0.4,-15.8,-15.8,0.0,-16,3
TM,ADCS_MODE,MANUAL,ADCS_REFERENCE,SUN,TARGET,0.00,POINTING_ERROR,7.95,SUN_ERROR,8.55,MAG_ERROR,-122.08,GYRO_Z,0.082,RW_CMD,0
TM,EST_RAW,-8.55,EST_FILTERED,-8.55,EST_ANGLE,-7.95,EST_FILTER,ON,EST_FILTER_TYPE,MOVING_AVERAGE,EST_MA_WINDOW,1,EST_FILTER_STRENGTH,0.35
TM,EST_FUSION,ON,EST_GYRO_WEIGHT,0.98,EST_VALID,1
TM,TEAM_CR,1369,269434,0.0,-0.7,-0.9,0.9,0.1,-15.8,-15.8,0.0,-16,3
TM,TEAM_CR,1370,269474,0.0,-1.0,-0.9,0.9,0.1,-15.8,-15.8,0.0,-16,3
TM,TEAM_CR,1371,269514,0.0,-1.0,-0.9,0.9,-0.1,-15.8,-15.8,0.0,-16,3
TM,TEAM_CR,1372,269554,0.0,-0.9,-0.9,0.9,-0.3,-15.8,-15.8,0.0,-16,3
TM,TEAM_CR,1373,269594,0.0,-0.7,-0.9,0.9,0.1,-15.8,-15.8,0.0,-16,3
TM,TEAM_CR,1374,269641,0.0,-0.8,-0.9,0.9,-0.1,-15.8,-15.8,0.0,-16,3
TM,TEAM_CR,1375,269683,0.0,-1.4,-0.9,0.9,-0.1,-15.8,-15.8,0.0,-16,3
TM,TEAM_CR,1376,269722,0.0,-0.9,-0.9,0.9,0.2,-15.8,-15.8,0.0,-16,3
TM,TEAM_CR,1377,269762,0.0,-1.1,-0.9,0.9,0.1,-15.8,-15.8,0.0,-16,3
TM,TEAM_CR,1378,269802,0.0,-0.9,-0.9,0.9,-0.1,-15.8,-15.8,0.0,-16,3
TM,TEAM_CR,1379,269842,0.0,-0.8,-0.9,0.9,0.5,-15.8,-15.8,0.0,-16,3
TM,TEAM_CR,1380,269882,0.0,-1.1,-0.9,0.9,0.2,-15.8,-15.8,0.0,-16,3
TM,SUN_L,3651,SUN_R,3697,SUN_NDV,-0.0063,SUN_ANGLE,-8.27
TM,MAG_X,-18.19,MAG_Y,28.91,MAG_Z,-10.32,MAG_HEADING,122.18
TM,GYRO_X,-1.059,GYRO_Y,-2.433,GYRO_Z,-0.093,BODY_RATE,0.093
TM,TEAM_CR,1381,269933,0.0,-0.9,-0.9,0.9,0.1,-15.8,-15.8,0.0,-16,3
TM,TEAM_CR,1382,269972,0.0,-1.2,-0.9,0.9,0.3,-15.8,-15.8,0.0,-16,3
TM,TEAM_CR,1383,270021,0.0,-0.9,-0.9,0.9,-0.1,-15.8,-15.8,0.0,-16,3
TM,TEAM_CR,1384,270061,0.0,-0.9,-0.9,0.9,0.1,-15.8,-15.8,0.0,-16,3
TM,TEAM_CR,1385,270101,0.0,-1.0,-0.9,0.9,0.1,-15.8,-15.8,0.0,-16,3
TM,TEAM_CR,1386,270141,0.0,-1.0,-0.9,0.9,-0.1,-15.8,-15.8,0.0,-16,3
TM,TEAM_CR,1387,270183,0.0,-0.7,-0.9,0.9,0.2,-15.8,-15.8,0.0,-16,3
TM,TEAM_CR,1388,270223,0.0,-1.1,-0.9,0.9,-0.1,-15.8,-15.8,0.0,-16,3
TM,TEAM_CR,1389,270263,0.0,-1.2,-0.9,0.9,-0.1,-15.8,-15.8,0.0,-16,3
TM,TEAM_CR,1390,270303,0.0,-0.8,-0.9,0.9,-0.2,-15.8,-15.8,0.0,-16,3
TM,TEAM_CR,1391,270343,0.0,-1.2,-0.9,0.9,0.1,-15.8,-15.8,0.0,-16,3
TM,ADCS_MODE,MANUAL,ADCS_REFERENCE,SUN,TARGET,0.00,POINTING_ERROR,7.92,SUN_ERROR,7.96,MAG_ERROR,-121.77,GYRO_Z,-0.050,RW_CMD,0
TM,EST_RAW,-7.96,EST_FILTERED,-7.96,EST_ANGLE,-7.92,EST_FILTER,ON,EST_FILTER_TYPE,MOVING_AVERAGE,EST_MA_WINDOW,1,EST_FILTER_STRENGTH,0.35
TM,EST_FUSION,ON,EST_GYRO_WEIGHT,0.98,EST_VALID,1
TM,TEAM_CR,1392,270383,0.0,-0.8,-0.9,0.9,-0.1,-15.8,-15.8,0.0,-16,3
TM,TEAM_CR,1393,270434,0.0,-0.9,-0.9,0.9,0.2,-15.8,-15.8,0.0,-16,3
TM,TEAM_CR,1394,270474,0.0,-1.0,-0.9,0.9,0.2,-15.8,-15.8,0.0,-16,3
TM,TEAM_CR,1395,270514,0.0,-1.0,-0.9,0.9,0.0,-15.8,-15.8,0.0,-16,3
TM,TEAM_CR,1396,270554,0.0,-0.8,-0.9,0.9,0.0,-15.8,-15.8,0.0,-16,3
TM,TEAM_CR,1397,270594,0.0,-1.0,-0.9,0.9,0.1,-15.8,-15.8,0.0,-16,3
TM,TEAM_CR,1398,270640,0.0,-0.8,-0.9,0.9,-0.1,-15.8,-15.8,0.0,-16,3
TM,SUN_L,3650,SUN_R,3697,SUN_NDV,-0.0064,SUN_ANGLE,-7.81
TM,MAG_X,-17.97,MAG_Y,29.01,MAG_Z,-10.24,MAG_HEADING,121.77
TM,GYRO_X,-1.041,GYRO_Y,-2.310,GYRO_Z,-0.093,BODY_RATE,0.093
TM,TEAM_CR,1399,270683,0.0,-0.8,-0.9,0.9,0.0,-15.8,-15.8,0.0,-16,3
TM,TEAM_CR,1400,270723,0.0,-1.1,-0.9,0.9,0.1,-15.8,-15.8,0.0,-16,3
TM,TEAM_CR,1401,270764,0.0,-1.2,-0.9,0.9,0.1,-15.8,-15.8,0.0,-16,3
TM,TEAM_CR,1402,270803,0.0,-1.0,-0.9,0.9,-0.2,-15.8,-15.8,0.0,-16,3
TM,TEAM_CR,1403,270843,0.0,-1.0,-0.9,0.9,0.1,-15.8,-15.8,0.0,-16,3
TM,TEAM_CR,1404,270883,0.0,-1.4,-0.9,0.9,0.1,-15.8,-15.8,0.0,-16,3
TM,TEAM_CR,1405,270934,0.0,-1.0,-0.9,0.9,0.1,-15.8,-15.8,0.0,-16,3
TM,TEAM_CR,1406,270974,0.0,-0.9,-0.9,0.9,0.2,-15.8,-15.8,0.0,-16,3
TM,TEAM_CR,1407,271021,0.0,-0.9,-0.9,0.9,0.1,-15.8,-15.8,0.0,-16,3
TM,TEAM_CR,1408,271061,0.0,-1.1,-0.9,0.9,0.3,-15.8,-15.8,0.0,-16,3
TM,TEAM_CR,1409,271101,0.0,-0.9,-0.9,0.9,0.1,-15.8,-15.8,0.0,-16,3
TM,TEAM_CR,1410,271141,0.0,-0.8,-0.9,0.9,0.0,-15.8,-15.8,0.0,-16,3
TM,TEAM_CR,1411,271183,0.0,-1.2,-0.9,0.9,0.6,-15.8,-15.8,0.0,-16,3
TM,TEAM_CR,1412,271224,0.0,-0.9,-0.9,0.9,0.2,-15.8,-15.8,0.0,-16,3
TM,TEAM_CR,1413,271263,0.0,-0.9,-0.9,0.9,0.0,-15.8,-15.8,0.0,-16,3
TM,TEAM_CR,1414,271303,0.0,-0.9,-0.9,0.9,0.2,-15.8,-15.8,0.0,-16,3
TM,ADCS_MODE,MANUAL,ADCS_REFERENCE,SUN,TARGET,0.00,POINTING_ERROR,7.94,SUN_ERROR,8.07,MAG_ERROR,-122.07,GYRO_Z,0.134,RW_CMD,0
TM,EST_RAW,-8.07,EST_FILTERED,-8.07,EST_ANGLE,-7.94,EST_FILTER,ON,EST_FILTER_TYPE,MOVING_AVERAGE,EST_MA_WINDOW,1,EST_FILTER_STRENGTH,0.35
TM,EST_FUSION,ON,EST_GYRO_WEIGHT,0.98,EST_VALID,1
TM,TEAM_CR,1415,271343,0.0,-0.9,-0.9,0.9,0.2,-15.8,-15.8,0.0,-16,3
TM,TEAM_CR,1416,271383,0.0,-0.9,-0.9,0.9,-0.2,-15.8,-15.8,0.0,-16,3
TM,SUN_L,3653,SUN_R,3696,SUN_NDV,-0.0059,SUN_ANGLE,-8.09
TM,MAG_X,-18.14,MAG_Y,28.96,MAG_Z,-10.19,MAG_HEADING,122.07
TM,GYRO_X,-0.840,GYRO_Y,-2.564,GYRO_Z,-0.347,BODY_RATE,0.347
TM,TEAM_CR,1417,271434,0.0,-1.2,-0.9,0.9,0.2,-15.8,-15.8,0.0,-16,3
TM,TEAM_CR,1418,271474,0.0,-0.5,-0.9,0.9,0.0,-15.8,-15.8,0.0,-16,3
TM,TEAM_CR,1419,271513,0.0,-1.0,-0.9,0.9,-0.1,-15.8,-15.8,0.0,-16,3
TM,TEAM_CR,1420,271553,0.0,-0.9,-0.9,0.9,0.3,-15.8,-15.8,0.0,-16,3
TM,TEAM_CR,1421,271593,0.0,-1.0,-0.9,0.9,-0.4,-15.8,-15.8,0.0,-16,3
TM,TEAM_CR,1422,271641,0.0,-0.9,-0.9,0.9,-0.2,-15.8,-15.8,0.0,-16,3
TM,TEAM_CR,1423,271684,0.0,-0.8,-0.9,0.9,0.2,-15.8,-15.8,0.0,-16,3
TM,TEAM_CR,1424,271724,0.0,-1.1,-0.9,0.9,0.1,-15.8,-15.8,0.0,-16,3
TM,TEAM_CR,1425,271763,0.0,-0.7,-0.9,0.9,0.2,-15.8,-15.8,0.0,-16,3
TM,TEAM_CR,1426,271803,0.0,-1.0,-0.9,0.9,0.4,-15.8,-15.8,0.0,-16,3
TM,TEAM_CR,1427,271843,0.0,-0.6,-0.8,0.8,0.0,-15.8,-15.8,0.0,-16,3
TM,TEAM_CR,1428,271883,0.0,-1.0,-0.9,0.9,-0.1,-15.8,-15.8,0.0,-16,3
TM,TEAM_CR,1429,271934,0.0,-1.0,-0.8,0.8,0.3,-15.8,-15.8,0.0,-16,3
TM,TEAM_CR,1430,271974,0.0,-0.9,-0.8,0.8,0.4,-15.8,-15.8,0.0,-16,3
TM,TEAM_CR,1431,272021,0.0,-0.7,-0.8,0.8,0.1,-15.8,-15.8,0.0,-16,3
TM,TEAM_CR,1432,272061,0.0,-0.9,-0.8,0.8,0.2,-15.8,-15.8,0.0,-16,3
TM,TEAM_CR,1433,272101,0.0,-0.7,-0.8,0.8,0.0,-15.8,-15.8,0.0,-16,3
TM,TEAM_CR,1434,272141,0.0,-1.0,-0.8,0.8,-0.1,-15.8,-15.8,0.0,-16,3
TM,TEAM_CR,1435,272184,0.0,-1.1,-0.8,0.8,0.4,-15.8,-15.8,0.0,-16,3
TM,SUN_L,3654,SUN_R,3699,SUN_NDV,-0.0061,SUN_ANGLE,-8.14
TM,MAG_X,-18.16,MAG_Y,28.85,MAG_Z,-10.08,MAG_HEADING,122.19
TM,GYRO_X,-1.120,GYRO_Y,-2.354,GYRO_Z,-0.076,BODY_RATE,0.076
TM,TEAM_CR,1436,272223,0.0,-0.8,-0.8,0.8,-0.3,-15.8,-15.8,0.0,-16,3
TM,ADCS_MODE,MANUAL,ADCS_REFERENCE,SUN,TARGET,0.00,POINTING_ERROR,7.93,SUN_ERROR,8.26,MAG_ERROR,-122.19,GYRO_Z,0.047,RW_CMD,0
TM,EST_RAW,-8.26,EST_FILTERED,-8.26,EST_ANGLE,-7.93,EST_FILTER,ON,EST_FILTER_TYPE,MOVING_AVERAGE,EST_MA_WINDOW,1,EST_FILTER_STRENGTH,0.35
TM,EST_FUSION,ON,EST_GYRO_WEIGHT,0.98,EST_VALID,1
TM,TEAM_CR,1437,272263,0.0,-0.9,-0.8,0.8,-0.2,-15.8,-15.8,0.0,-16,3
TM,TEAM_CR,1438,272303,0.0,-0.9,-0.8,0.8,0.4,-15.8,-15.8,0.0,-16,3
TM,TEAM_CR,1439,272343,0.0,-0.9,-0.8,0.8,-0.1,-15.8,-15.8,0.0,-16,3
TM,TEAM_CR,1440,272383,0.0,-0.8,-0.9,0.9,0.0,-15.8,-15.8,0.0,-16,3
TM,TEAM_CR,1441,272434,0.0,-0.9,-0.8,0.8,0.2,-15.8,-15.8,0.0,-16,3
TM,TEAM_CR,1442,272474,0.0,-1.1,-0.9,0.9,-0.1,-15.8,-15.8,0.0,-16,3
TM,TEAM_CR,1443,272514,0.0,-1.0,-0.9,0.9,-0.1,-15.8,-15.8,0.0,-16,3
TM,TEAM_CR,1444,272554,0.0,-0.9,-0.9,0.9,0.1,-15.8,-15.8,0.0,-16,3
TM,TEAM_CR,1445,272594,0.0,-0.7,-0.9,0.9,0.1,-15.8,-15.8,0.0,-16,3
TM,TEAM_CR,1446,272641,0.0,-0.9,-0.9,0.9,-0.1,-15.8,-15.8,0.0,-16,3
TM,TEAM_CR,1447,272684,0.0,-0.6,-0.8,0.8,0.0,-15.8,-15.8,0.0,-16,3
TM,TEAM_CR,1448,272724,0.0,-1.0,-0.8,0.8,-0.1,-15.8,-15.8,0.0,-16,3
TM,TEAM_CR,1449,272764,0.0,-0.8,-0.9,0.9,0.1,-15.8,-15.8,0.0,-16,3
TM,TEAM_CR,1450,272804,0.0,-1.3,-0.9,0.9,0.3,-15.8,-15.8,0.0,-16,3
TM,TEAM_CR,1451,272844,0.0,-1.1,-0.9,0.9,-0.1,-15.8,-15.8,0.0,-16,3
TM,TEAM_CR,1452,272884,0.0,-1.0,-0.9,0.9,0.1,-15.8,-15.8,0.0,-16,3
TM,TEAM_CR,1453,272934,0.0,-0.8,-0.9,0.9,0.1,-15.8,-15.8,0.0,-16,3
TM,SUN_L,3652,SUN_R,3698,SUN_NDV,-0.0063,SUN_ANGLE,-7.82
TM,MAG_X,-18.06,MAG_Y,28.78,MAG_Z,-10.13,MAG_HEADING,122.11
TM,GYRO_X,-1.094,GYRO_Y,-2.433,GYRO_Z,0.379,BODY_RATE,-0.379
TM,TEAM_CR,1454,272974,0.0,-0.9,-0.9,0.9,-0.4,-15.8,-15.8,0.0,-16,3
TM,TEAM_CR,1455,273022,0.0,-1.0,-0.9,0.9,0.1,-15.8,-15.8,0.0,-16,3
TM,TEAM_CR,1456,273062,0.0,-0.9,-0.9,0.9,0.2,-15.8,-15.8,0.0,-16,3
TM,TEAM_CR,1457,273102,0.0,-1.2,-0.9,0.9,-0.1,-15.8,-15.8,0.0,-16,3
TM,TEAM_CR,1458,273142,0.0,-1.0,-0.9,0.9,0.0,-15.8,-15.8,0.0,-16,3
TM,TEAM_CR,1459,273184,0.0,-1.0,-0.9,0.9,0.3,-15.8,-15.8,0.0,-16,3
TM,ADCS_MODE,MANUAL,ADCS_REFERENCE,SUN,TARGET,0.00,POINTING_ERROR,7.92,SUN_ERROR,7.53,MAG_ERROR,-122.11,GYRO_Z,-0.032,RW_CMD,0
TM,EST_RAW,-7.53,EST_FILTERED,-7.53,EST_ANGLE,-7.92,EST_FILTER,ON,EST_FILTER_TYPE,MOVING_AVERAGE,EST_MA_WINDOW,1,EST_FILTER_STRENGTH,0.35
TM,EST_FUSION,ON,EST_GYRO_WEIGHT,0.98,EST_VALID,1
TM,TEAM_CR,1460,273223,0.0,-0.7,-0.9,0.9,-0.2,-15.8,-15.8,0.0,-16,3
TM,TEAM_CR,1461,273263,0.0,-0.9,-0.9,0.9,-0.1,-15.8,-15.8,0.0,-16,3
TM,TEAM_CR,1462,273303,0.0,-0.9,-0.9,0.9,0.4,-15.8,-15.8,0.0,-16,3
TM,TEAM_CR,1463,273343,0.0,-0.8,-0.9,0.9,0.0,-15.8,-15.8,0.0,-16,3
TM,TEAM_CR,1464,273383,0.0,-0.8,-0.9,0.9,-0.3,-15.8,-15.8,0.0,-16,3
TM,TEAM_CR,1465,273433,0.0,-0.8,-0.9,0.9,0.2,-15.8,-15.8,0.0,-16,3
TM,TEAM_CR,1466,273473,0.0,-0.9,-0.9,0.9,0.0,-15.8,-15.8,0.0,-16,3
TM,TEAM_CR,1467,273513,0.0,-0.9,-0.9,0.9,0.0,-15.8,-15.8,0.0,-16,3
TM,TEAM_CR,1468,273553,0.0,-1.1,-0.9,0.9,0.2,-15.8,-15.8,0.0,-16,3
TM,TEAM_CR,1469,273593,0.0,-0.8,-0.9,0.9,-0.1,-15.8,-15.8,0.0,-16,3
TM,TEAM_CR,1470,273641,0.0,-1.1,-0.9,0.9,0.2,-15.8,-15.8,0.0,-16,3
TM,TEAM_CR,1471,273684,0.0,-1.1,-0.9,0.9,0.1,-15.8,-15.8,0.0,-16,3
TM,SUN_L,3654,SUN_R,3697,SUN_NDV,-0.0058,SUN_ANGLE,-7.60
TM,MAG_X,-18.13,MAG_Y,28.91,MAG_Z,-10.14,MAG_HEADING,122.09
TM,GYRO_X,-1.347,GYRO_Y,-2.485,GYRO_Z,0.187,BODY_RATE,-0.187
TM,TEAM_CR,1472,273723,0.0,-0.9,-0.9,0.9,-0.2,-15.8,-15.8,0.0,-16,3
TM,TEAM_CR,1473,273763,0.0,-0.7,-0.9,0.9,0.0,-15.8,-15.8,0.0,-16,3
TM,TEAM_CR,1474,273803,0.0,-0.9,-0.9,0.9,0.2,-15.8,-15.8,0.0,-16,3
TM,TEAM_CR,1475,273843,0.0,-0.9,-0.9,0.9,0.1,-15.8,-15.8,0.0,-16,3
TM,TEAM_CR,1476,273883,0.0,-1.1,-0.9,0.9,0.0,-15.8,-15.8,0.0,-16,3
TM,TEAM_CR,1477,273934,0.0,-1.5,-0.9,0.9,0.0,-15.8,-15.8,0.0,-16,3
TM,TEAM_CR,1478,273974,0.0,-0.8,-0.9,0.9,0.4,-15.8,-15.8,0.0,-16,3
TM,TEAM_CR,1479,274022,0.0,-0.8,-0.9,0.9,0.1,-15.8,-15.8,0.0,-16,3
TM,TEAM_CR,1480,274062,0.0,-1.0,-0.9,0.9,-0.1,-15.8,-15.8,0.0,-16,3
TM,TEAM_CR,1481,274102,0.0,-1.2,-0.9,0.9,-0.2,-15.8,-15.8,0.0,-16,3
TM,TEAM_CR,1482,274142,0.0,-1.0,-0.9,0.9,0.4,-15.8,-15.8,0.0,-16,3
TM,ADCS_MODE,MANUAL,ADCS_REFERENCE,SUN,TARGET,0.00,POINTING_ERROR,7.91,SUN_ERROR,7.89,MAG_ERROR,-122.22,GYRO_Z,0.204,RW_CMD,0
TM,EST_RAW,-7.89,EST_FILTERED,-7.89,EST_ANGLE,-7.91,EST_FILTER,ON,EST_FILTER_TYPE,MOVING_AVERAGE,EST_MA_WINDOW,1,EST_FILTER_STRENGTH,0.35
TM,EST_FUSION,ON,EST_GYRO_WEIGHT,0.98,EST_VALID,1
TM,TEAM_CR,1483,274184,0.0,-1.0,-0.9,0.9,-0.2,-15.8,-15.8,0.0,-16,3
TM,TEAM_CR,1484,274224,0.0,-0.6,-0.9,0.9,0.0,-15.8,-15.8,0.0,-16,3
TM,TEAM_CR,1485,274264,0.0,-1.1,-0.9,0.9,0.2,-15.8,-15.8,0.0,-16,3
TM,TEAM_CR,1486,274304,0.0,-0.9,-0.9,0.9,-0.1,-15.8,-15.8,0.0,-16,3
TM,TEAM_CR,1487,274344,0.0,-1.0,-0.9,0.9,0.1,-15.8,-15.8,0.0,-16,3
TM,TEAM_CR,1488,274384,0.0,-0.8,-0.9,0.9,0.0,-15.8,-15.8,0.0,-16,3
TM,TEAM_CR,1489,274433,0.0,-1.0,-0.9,0.9,0.2,-15.8,-15.8,0.0,-16,3
TM,SUN_L,3654,SUN_R,3700,SUN_NDV,-0.0063,SUN_ANGLE,-8.14
TM,MAG_X,-18.27,MAG_Y,28.85,MAG_Z,-10.10,MAG_HEADING,122.35
TM,GYRO_X,-1.199,GYRO_Y,-2.091,GYRO_Z,-0.225,BODY_RATE,0.225
TM,TEAM_CR,1490,274474,0.0,-0.9,-0.9,0.9,0.0,-15.8,-15.8,0.0,-16,3
TM,TEAM_CR,1491,274513,0.0,-0.9,-0.9,0.9,0.3,-15.8,-15.8,0.0,-16,3
TM,TEAM_CR,1492,274553,0.0,-0.7,-0.9,0.9,0.1,-15.8,-15.8,0.0,-16,3
TM,TEAM_CR,1493,274593,0.0,-0.7,-0.9,0.9,0.0,-15.8,-15.8,0.0,-16,3
TM,TEAM_CR,1494,274642,0.0,-0.9,-0.9,0.9,0.1,-15.8,-15.8,0.0,-16,3
TM,TEAM_CR,1495,274684,0.0,-0.9,-0.9,0.9,-0.2,-15.8,-15.8,0.0,-16,3
TM,TEAM_CR,1496,274724,0.0,-0.9,-0.9,0.9,-0.1,-15.8,-15.8,0.0,-16,3
TM,TEAM_CR,1497,274764,0.0,-1.1,-0.9,0.9,0.2,-15.8,-15.8,0.0,-16,3
TM,TEAM_CR,1498,274804,0.0,-0.8,-0.9,0.9,-0.1,-15.8,-15.8,0.0,-16,3
TM,TEAM_CR,1499,274844,0.0,-1.3,-0.9,0.9,0.2,-15.8,-15.8,0.0,-16,3
TM,TEAM_CR,1500,274884,0.0,-1.0,-0.9,0.9,0.3,-15.8,-15.8,0.0,-16,3
TM,TEAM_CR,1501,274934,0.0,-1.1,-0.9,0.9,-0.1,-15.8,-15.8,0.0,-16,3
TM,TEAM_CR,1502,274973,0.0,-1.0,-0.9,0.9,-0.1,-15.8,-15.8,0.0,-16,3
TM,TEAM_CR,1503,275022,0.0,-1.0,-0.9,0.9,0.1,-15.8,-15.8,0.0,-16,3
TM,TEAM_CR,1504,275062,0.0,-0.9,-0.9,0.9,0.0,-15.8,-15.8,0.0,-16,3
TM,TEAM_CR,1505,275102,0.0,-0.9,-0.9,0.9,0.1,-15.8,-15.8,0.0,-16,3
TM,ADCS_MODE,MANUAL,ADCS_REFERENCE,SUN,TARGET,0.00,POINTING_ERROR,7.91,SUN_ERROR,8.18,MAG_ERROR,-122.07,GYRO_Z,0.099,RW_CMD,0
TM,EST_RAW,-8.18,EST_FILTERED,-8.18,EST_ANGLE,-7.91,EST_FILTER,ON,EST_FILTER_TYPE,MOVING_AVERAGE,EST_MA_WINDOW,1,EST_FILTER_STRENGTH,0.35
TM,EST_FUSION,ON,EST_GYRO_WEIGHT,0.98,EST_VALID,1
TM,TEAM_CR,1506,275142,0.0,-0.9,-0.9,0.9,0.2,-15.8,-15.8,0.0,-16,3
TM,TEAM_CR,1507,275183,0.0,-1.1,-0.9,0.9,-0.2,-15.8,-15.8,0.0,-16,3
TM,SUN_L,3654,SUN_R,3700,SUN_NDV,-0.0063,SUN_ANGLE,-7.71
TM,MAG_X,-18.06,MAG_Y,28.83,MAG_Z,-10.35,MAG_HEADING,122.07
TM,GYRO_X,-1.111,GYRO_Y,-2.301,GYRO_Z,-0.207,BODY_RATE,0.207
TM,TEAM_CR,1508,275224,0.0,-1.1,-0.9,0.9,0.2,-15.8,-15.8,0.0,-16,3
TM,TEAM_CR,1509,275263,0.0,-1.2,-0.9,0.9,0.3,-15.8,-15.8,0.0,-16,3
TM,TEAM_CR,1510,275303,0.0,-1.2,-0.9,0.9,-0.1,-15.8,-15.8,0.0,-16,3
TM,TEAM_CR,1511,275343,0.0,-1.0,-0.9,0.9,0.2,-15.8,-15.8,0.0,-16,3
TM,TEAM_CR,1512,275383,0.0,-0.9,-0.9,0.9,0.4,-15.8,-15.8,0.0,-16,3
TM,TEAM_CR,1513,275435,0.0,-0.9,-0.9,0.9,0.0,-15.8,-15.8,0.0,-16,3
TM,TEAM_CR,1514,275474,0.0,-0.9,-0.9,0.9,0.3,-15.8,-15.8,0.0,-16,3
TM,TEAM_CR,1515,275514,0.0,-1.1,-0.9,0.9,0.2,-15.8,-15.8,0.0,-16,3
TM,TEAM_CR,1516,275554,0.0,-0.8,-0.9,0.9,-0.1,-15.8,-15.8,0.0,-16,3
TM,TEAM_CR,1517,275594,0.0,-1.0,-0.9,0.9,-0.1,-15.8,-15.8,0.0,-16,3
TM,TEAM_CR,1518,275642,0.0,-1.0,-0.9,0.9,-0.1,-15.8,-15.8,0.0,-16,3
EVT,TEAM_CDUMP,END,1519
TM,SUN_L,3651,SUN_R,3699,SUN_NDV,-0.0065,SUN_ANGLE,-8.05
TM,MAG_X,-18.19,MAG_Y,28.78,MAG_Z,-10.10,MAG_HEADING,122.29
TM,GYRO_X,-1.155,GYRO_Y,-2.047,GYRO_Z,0.038,BODY_RATE,-0.038
TM,ADCS_MODE,MANUAL,ADCS_REFERENCE,SUN,TARGET,0.00,POINTING_ERROR,7.92,SUN_ERROR,8.05,MAG_ERROR,-122.29,GYRO_Z,0.038,RW_CMD,0
TM,EST_RAW,-8.05,EST_FILTERED,-8.05,EST_ANGLE,-7.92,EST_FILTER,ON,EST_FILTER_TYPE,MOVING_AVERAGE,EST_MA_WINDOW,1,EST_FILTER_STRENGTH,0.35
TM,EST_FUSION,ON,EST_GYRO_WEIGHT,0.98,EST_VALID,1
TM,SUN_L,3654,SUN_R,3699,SUN_NDV,-0.0061,SUN_ANGLE,-8.10
TM,MAG_X,-18.22,MAG_Y,29.02,MAG_Z,-10.11,MAG_HEADING,122.12
TM,GYRO_X,-0.831,GYRO_Y,-2.389,GYRO_Z,0.117,BODY_RATE,-0.117
TM,ADCS_MODE,MANUAL,ADCS_REFERENCE,SUN,TARGET,0.00,POINTING_ERROR,7.92,SUN_ERROR,8.03,MAG_ERROR,-122.18,GYRO_Z,0.082,RW_CMD,0
TM,EST_RAW,-8.03,EST_FILTERED,-8.03,EST_ANGLE,-7.92,EST_FILTER,ON,EST_FILTER_TYPE,MOVING_AVERAGE,EST_MA_WINDOW,1,EST_FILTER_STRENGTH,0.35
TM,EST_FUSION,ON,EST_GYRO_WEIGHT,0.98,EST_VALID,1
TM,SUN_L,3653,SUN_R,3700,SUN_NDV,-0.0064,SUN_ANGLE,-8.13
TM,MAG_X,-18.10,MAG_Y,28.90,MAG_Z,-10.32,MAG_HEADING,122.06
TM,GYRO_X,-1.076,GYRO_Y,-2.293,GYRO_Z,-0.006,BODY_RATE,0.006
TM,ADCS_MODE,MANUAL,ADCS_REFERENCE,SUN,TARGET,0.00,POINTING_ERROR,7.93,SUN_ERROR,8.14,MAG_ERROR,-122.06,GYRO_Z,-0.128,RW_CMD,0
TM,EST_RAW,-8.14,EST_FILTERED,-8.14,EST_ANGLE,-7.93,EST_FILTER,ON,EST_FILTER_TYPE,MOVING_AVERAGE,EST_MA_WINDOW,1,EST_FILTER_STRENGTH,0.35
TM,EST_FUSION,ON,EST_GYRO_WEIGHT,0.98,EST_VALID,1
TM,SUN_L,3653,SUN_R,3698,SUN_NDV,-0.0061,SUN_ANGLE,-8.30
TM,MAG_X,-18.06,MAG_Y,28.85,MAG_Z,-10.26,MAG_HEADING,122.05
TM,GYRO_X,-0.770,GYRO_Y,-2.503,GYRO_Z,-0.198,BODY_RATE,0.198
TM,ADCS_MODE,MANUAL,ADCS_REFERENCE,SUN,TARGET,0.00,POINTING_ERROR,7.95,SUN_ERROR,8.15,MAG_ERROR,-121.86,GYRO_Z,-0.102,RW_CMD,0
TM,EST_RAW,-8.15,EST_FILTERED,-8.15,EST_ANGLE,-7.95,EST_FILTER,ON,EST_FILTER_TYPE,MOVING_AVERAGE,EST_MA_WINDOW,1,EST_FILTER_STRENGTH,0.35
TM,EST_FUSION,ON,EST_GYRO_WEIGHT,0.98,EST_VALID,1
TM,SUN_L,3651,SUN_R,3696,SUN_NDV,-0.0061,SUN_ANGLE,-8.21
TM,MAG_X,-18.08,MAG_Y,29.09,MAG_Z,-10.21,MAG_HEADING,121.86
TM,GYRO_X,-0.954,GYRO_Y,-2.537,GYRO_Z,-0.198,BODY_RATE,0.198
TM,SUN_L,3652,SUN_R,3698,SUN_NDV,-0.0063,SUN_ANGLE,-8.29
TM,MAG_X,-18.13,MAG_Y,28.94,MAG_Z,-10.37,MAG_HEADING,122.06
TM,GYRO_X,-0.761,GYRO_Y,-2.537,GYRO_Z,-0.330,BODY_RATE,0.330
TM,ADCS_MODE,MANUAL,ADCS_REFERENCE,SUN,TARGET,0.00,POINTING_ERROR,7.93,SUN_ERROR,8.29,MAG_ERROR,-122.06,GYRO_Z,-0.330,RW_CMD,0
TM,EST_RAW,-8.29,EST_FILTERED,-8.29,EST_ANGLE,-7.93,EST_FILTER,ON,EST_FILTER_TYPE,MOVING_AVERAGE,EST_MA_WINDOW,1,EST_FILTER_STRENGTH,0.35
TM,EST_FUSION,ON,EST_GYRO_WEIGHT,0.98,EST_VALID,1
TM,SUN_L,3653,SUN_R,3700,SUN_NDV,-0.0064,SUN_ANGLE,-7.74
TM,MAG_X,-18.08,MAG_Y,28.88,MAG_Z,-10.29,MAG_HEADING,122.05
TM,GYRO_X,-1.129,GYRO_Y,-2.275,GYRO_Z,0.230,BODY_RATE,-0.230
TM,ADCS_MODE,MANUAL,ADCS_REFERENCE,SUN,TARGET,0.00,POINTING_ERROR,7.90,SUN_ERROR,8.04,MAG_ERROR,-122.05,GYRO_Z,-0.163,RW_CMD,0
TM,EST_RAW,-8.04,EST_FILTERED,-8.04,EST_ANGLE,-7.90,EST_FILTER,ON,EST_FILTER_TYPE,MOVING_AVERAGE,EST_MA_WINDOW,1,EST_FILTER_STRENGTH,0.35
TM,EST_FUSION,ON,EST_GYRO_WEIGHT,0.98,EST_VALID,1
TM,SUN_L,3652,SUN_R,3697,SUN_NDV,-0.0061,SUN_ANGLE,-7.99
TM,MAG_X,-18.10,MAG_Y,29.09,MAG_Z,-10.35,MAG_HEADING,121.89
TM,GYRO_X,-1.050,GYRO_Y,-2.188,GYRO_Z,-0.041,BODY_RATE,0.041
TM,ADCS_MODE,MANUAL,ADCS_REFERENCE,SUN,TARGET,0.00,POINTING_ERROR,7.91,SUN_ERROR,7.83,MAG_ERROR,-121.89,GYRO_Z,-0.050,RW_CMD,0
TM,EST_RAW,-7.83,EST_FILTERED,-7.83,EST_ANGLE,-7.91,EST_FILTER,ON,EST_FILTER_TYPE,MOVING_AVERAGE,EST_MA_WINDOW,1,EST_FILTER_STRENGTH,0.35
TM,EST_FUSION,ON,EST_GYRO_WEIGHT,0.98,EST_VALID,1
TM,SUN_L,3651,SUN_R,3699,SUN_NDV,-0.0065,SUN_ANGLE,-8.31
TM,MAG_X,-18.10,MAG_Y,29.09,MAG_Z,-10.42,MAG_HEADING,121.89
TM,GYRO_X,-0.928,GYRO_Y,-2.424,GYRO_Z,-0.041,BODY_RATE,0.041
TM,ADCS_MODE,MANUAL,ADCS_REFERENCE,SUN,TARGET,0.00,POINTING_ERROR,7.92,SUN_ERROR,8.08,MAG_ERROR,-122.10,GYRO_Z,-0.093,RW_CMD,0
TM,EST_RAW,-8.08,EST_FILTERED,-8.08,EST_ANGLE,-7.92,EST_FILTER,ON,EST_FILTER_TYPE,MOVING_AVERAGE,EST_MA_WINDOW,1,EST_FILTER_STRENGTH,0.35
TM,EST_FUSION,ON,EST_GYRO_WEIGHT,0.98,EST_VALID,1
TM,SUN_L,3652,SUN_R,3699,SUN_NDV,-0.0064,SUN_ANGLE,-8.07
TM,MAG_X,-18.03,MAG_Y,29.10,MAG_Z,-10.22,MAG_HEADING,121.78
TM,GYRO_X,-0.822,GYRO_Y,-2.467,GYRO_Z,-0.120,BODY_RATE,0.120
TM,SUN_L,3652,SUN_R,3698,SUN_NDV,-0.0063,SUN_ANGLE,-8.05
TM,MAG_X,-18.14,MAG_Y,29.18,MAG_Z,-10.50,MAG_HEADING,121.87
TM,GYRO_X,-0.919,GYRO_Y,-2.398,GYRO_Z,-0.155,BODY_RATE,0.155
TM,ADCS_MODE,MANUAL,ADCS_REFERENCE,SUN,TARGET,0.00,POINTING_ERROR,7.94,SUN_ERROR,8.05,MAG_ERROR,-121.87,GYRO_Z,-0.128,RW_CMD,0
TM,EST_RAW,-8.05,EST_FILTERED,-8.05,EST_ANGLE,-7.94,EST_FILTER,ON,EST_FILTER_TYPE,MOVING_AVERAGE,EST_MA_WINDOW,1,EST_FILTER_STRENGTH,0.35
TM,EST_FUSION,ON,EST_GYRO_WEIGHT,0.98,EST_VALID,1
TM,SUN_L,3653,SUN_R,3699,SUN_NDV,-0.0063,SUN_ANGLE,-8.12
TM,MAG_X,-18.14,MAG_Y,29.06,MAG_Z,-10.35,MAG_HEADING,121.98
TM,GYRO_X,-0.875,GYRO_Y,-2.424,GYRO_Z,0.020,BODY_RATE,-0.020
TM,ADCS_MODE,MANUAL,ADCS_REFERENCE,SUN,TARGET,0.00,POINTING_ERROR,7.92,SUN_ERROR,7.76,MAG_ERROR,-122.24,GYRO_Z,-0.146,RW_CMD,0
TM,EST_RAW,-7.76,EST_FILTERED,-7.76,EST_ANGLE,-7.92,EST_FILTER,ON,EST_FILTER_TYPE,MOVING_AVERAGE,EST_MA_WINDOW,1,EST_FILTER_STRENGTH,0.35
TM,EST_FUSION,ON,EST_GYRO_WEIGHT,0.98,EST_VALID,1
TM,SUN_L,3652,SUN_R,3699,SUN_NDV,-0.0064,SUN_ANGLE,-7.80
TM,MAG_X,-18.29,MAG_Y,28.99,MAG_Z,-10.37,MAG_HEADING,122.24
TM,GYRO_X,-0.796,GYRO_Y,-2.503,GYRO_Z,-0.242,BODY_RATE,0.242
TM,ADCS_MODE,MANUAL,ADCS_REFERENCE,SUN,TARGET,0.00,POINTING_ERROR,7.91,SUN_ERROR,7.98,MAG_ERROR,-121.72,GYRO_Z,-0.172,RW_CMD,0
TM,EST_RAW,-7.98,EST_FILTERED,-7.98,EST_ANGLE,-7.91,EST_FILTER,ON,EST_FILTER_TYPE,MOVING_AVERAGE,EST_MA_WINDOW,1,EST_FILTER_STRENGTH,0.35
TM,EST_FUSION,ON,EST_GYRO_WEIGHT,0.98,EST_VALID,1
TM,SUN_L,3655,SUN_R,3700,SUN_NDV,-0.0061,SUN_ANGLE,-7.91
TM,MAG_X,-18.16,MAG_Y,28.98,MAG_Z,-10.46,MAG_HEADING,122.08
TM,GYRO_X,-1.067,GYRO_Y,-2.257,GYRO_Z,0.047,BODY_RATE,-0.047
TM,ADCS_MODE,MANUAL,ADCS_REFERENCE,SUN,TARGET,0.00,POINTING_ERROR,7.92,SUN_ERROR,7.86,MAG_ERROR,-122.00,GYRO_Z,-0.242,RW_CMD,0
TM,EST_RAW,-7.86,EST_FILTERED,-7.86,EST_ANGLE,-7.92,EST_FILTER,ON,EST_FILTER_TYPE,MOVING_AVERAGE,EST_MA_WINDOW,1,EST_FILTER_STRENGTH,0.35
TM,EST_FUSION,ON,EST_GYRO_WEIGHT,0.98,EST_VALID,1
TM,SUN_L,3652,SUN_R,3697,SUN_NDV,-0.0061,SUN_ANGLE,-7.90
TM,MAG_X,-18.21,MAG_Y,29.14,MAG_Z,-10.32,MAG_HEADING,122.00
TM,GYRO_X,-0.980,GYRO_Y,-2.205,GYRO_Z,0.090,BODY_RATE,-0.090
TM,SUN_L,3653,SUN_R,3698,SUN_NDV,-0.0061,SUN_ANGLE,-8.09
TM,MAG_X,-18.06,MAG_Y,28.96,MAG_Z,-10.48,MAG_HEADING,121.95
TM,GYRO_X,-1.067,GYRO_Y,-2.240,GYRO_Z,-0.198,BODY_RATE,0.198
TM,ADCS_MODE,MANUAL,ADCS_REFERENCE,SUN,TARGET,0.00,POINTING_ERROR,7.91,SUN_ERROR,8.09,MAG_ERROR,-121.95,GYRO_Z,-0.198,RW_CMD,0
TM,EST_RAW,-8.09,EST_FILTERED,-8.09,EST_ANGLE,-7.91,EST_FILTER,ON,EST_FILTER_TYPE,MOVING_AVERAGE,EST_MA_WINDOW,1,EST_FILTER_STRENGTH,0.35
TM,EST_FUSION,ON,EST_GYRO_WEIGHT,0.98,EST_VALID,1
TM,SUN_L,3655,SUN_R,3699,SUN_NDV,-0.0060,SUN_ANGLE,-7.70
TM,MAG_X,-18.16,MAG_Y,29.02,MAG_Z,-10.10,MAG_HEADING,122.03
TM,GYRO_X,-1.173,GYRO_Y,-2.354,GYRO_Z,-0.006,BODY_RATE,0.006
TM,ADCS_MODE,MANUAL,ADCS_REFERENCE,SUN,TARGET,0.00,POINTING_ERROR,7.95,SUN_ERROR,8.35,MAG_ERROR,-122.03,GYRO_Z,0.449,RW_CMD,0
TM,EST_RAW,-8.35,EST_FILTERED,-8.35,EST_ANGLE,-7.95,EST_FILTER,ON,EST_FILTER_TYPE,MOVING_AVERAGE,EST_MA_WINDOW,1,EST_FILTER_STRENGTH,0.35
TM,EST_FUSION,ON,EST_GYRO_WEIGHT,0.98,EST_VALID,1
TM,SUN_L,3651,SUN_R,3699,SUN_NDV,-0.0065,SUN_ANGLE,-7.46
TM,MAG_X,-18.21,MAG_Y,28.98,MAG_Z,-10.29,MAG_HEADING,122.14
TM,GYRO_X,-1.181,GYRO_Y,-2.100,GYRO_Z,0.195,BODY_RATE,-0.195
TM,ADCS_MODE,MANUAL,ADCS_REFERENCE,SUN,TARGET,0.00,POINTING_ERROR,7.93,SUN_ERROR,7.82,MAG_ERROR,-122.14,GYRO_Z,-0.023,RW_CMD,0
TM,EST_RAW,-7.82,EST_FILTERED,-7.82,EST_ANGLE,-7.93,EST_FILTER,ON,EST_FILTER_TYPE,MOVING_AVERAGE,EST_MA_WINDOW,1,EST_FILTER_STRENGTH,0.35
TM,EST_FUSION,ON,EST_GYRO_WEIGHT,0.98,EST_VALID,1
TM,SUN_L,3651,SUN_R,3697,SUN_NDV,-0.0063,SUN_ANGLE,-7.63
TM,MAG_X,-18.10,MAG_Y,28.90,MAG_Z,-10.10,MAG_HEADING,122.06
TM,GYRO_X,-0.989,GYRO_Y,-2.100,GYRO_Z,-0.128,BODY_RATE,0.128
TM,ADCS_MODE,MANUAL,ADCS_REFERENCE,SUN,TARGET,0.00,POINTING_ERROR,7.98,SUN_ERROR,9.02,MAG_ERROR,-122.20,GYRO_Z,0.012,RW_CMD,0
TM,EST_RAW,-9.02,EST_FILTERED,-9.02,EST_ANGLE,-7.98,EST_FILTER,ON,EST_FILTER_TYPE,MOVING_AVERAGE,EST_MA_WINDOW,1,EST_FILTER_STRENGTH,0.35
TM,EST_FUSION,ON,EST_GYRO_WEIGHT,0.98,EST_VALID,1
TM,SUN_L,3650,SUN_R,3696,SUN_NDV,-0.0063,SUN_ANGLE,-7.69
TM,MAG_X,-18.32,MAG_Y,29.09,MAG_Z,-10.13,MAG_HEADING,122.20
TM,GYRO_X,-0.989,GYRO_Y,-2.389,GYRO_Z,-0.137,BODY_RATE,0.137
TM,SUN_L,3652,SUN_R,3698,SUN_NDV,-0.0063,SUN_ANGLE,-8.15
TM,MAG_X,-18.14,MAG_Y,28.82,MAG_Z,-10.24,MAG_HEADING,122.20
TM,GYRO_X,-1.041,GYRO_Y,-2.660,GYRO_Z,-0.198,BODY_RATE,0.198
TM,ADCS_MODE,MANUAL,ADCS_REFERENCE,SUN,TARGET,0.00,POINTING_ERROR,7.99,SUN_ERROR,8.15,MAG_ERROR,-122.20,GYRO_Z,-0.050,RW_CMD,0
TM,EST_RAW,-8.15,EST_FILTERED,-8.15,EST_ANGLE,-7.99,EST_FILTER,ON,EST_FILTER_TYPE,MOVING_AVERAGE,EST_MA_WINDOW,1,EST_FILTER_STRENGTH,0.35
TM,EST_FUSION,ON,EST_GYRO_WEIGHT,0.98,EST_VALID,1
TM,SUN_L,3652,SUN_R,3697,SUN_NDV,-0.0061,SUN_ANGLE,-8.26
TM,MAG_X,-18.10,MAG_Y,28.98,MAG_Z,-10.11,MAG_HEADING,121.99
TM,GYRO_X,-1.120,GYRO_Y,-2.196,GYRO_Z,0.020,BODY_RATE,-0.020
TM,ADCS_MODE,MANUAL,ADCS_REFERENCE,SUN,TARGET,0.00,POINTING_ERROR,7.97,SUN_ERROR,8.04,MAG_ERROR,-121.99,GYRO_Z,-0.120,RW_CMD,0
TM,EST_RAW,-8.04,EST_FILTERED,-8.04,EST_ANGLE,-7.97,EST_FILTER,ON,EST_FILTER_TYPE,MOVING_AVERAGE,EST_MA_WINDOW,1,EST_FILTER_STRENGTH,0.35
TM,EST_FUSION,ON,EST_GYRO_WEIGHT,0.98,EST_VALID,1
TM,SUN_L,3652,SUN_R,3697,SUN_NDV,-0.0061,SUN_ANGLE,-8.23
TM,MAG_X,-18.03,MAG_Y,29.01,MAG_Z,-10.29,MAG_HEADING,121.87
TM,GYRO_X,-1.024,GYRO_Y,-2.608,GYRO_Z,-0.076,BODY_RATE,0.076
TM,ADCS_MODE,MANUAL,ADCS_REFERENCE,SUN,TARGET,0.00,POINTING_ERROR,7.92,SUN_ERROR,8.16,MAG_ERROR,-122.09,GYRO_Z,-0.277,RW_CMD,0
TM,EST_RAW,-8.16,EST_FILTERED,-8.16,EST_ANGLE,-7.92,EST_FILTER,ON,EST_FILTER_TYPE,MOVING_AVERAGE,EST_MA_WINDOW,1,EST_FILTER_STRENGTH,0.35
TM,EST_FUSION,ON,EST_GYRO_WEIGHT,0.98,EST_VALID,1
TM,SUN_L,3652,SUN_R,3696,SUN_NDV,-0.0060,SUN_ANGLE,-7.49
TM,MAG_X,-18.10,MAG_Y,28.85,MAG_Z,-10.21,MAG_HEADING,122.10
TM,GYRO_X,-0.656,GYRO_Y,-2.809,GYRO_Z,-0.303,BODY_RATE,0.303
TM,ADCS_MODE,MANUAL,ADCS_REFERENCE,SUN,TARGET,0.00,POINTING_ERROR,7.92,SUN_ERROR,7.87,MAG_ERROR,-122.10,GYRO_Z,-0.111,RW_CMD,0
TM,EST_RAW,-7.87,EST_FILTERED,-7.87,EST_ANGLE,-7.92,EST_FILTER,ON,EST_FILTER_TYPE,MOVING_AVERAGE,EST_MA_WINDOW,1,EST_FILTER_STRENGTH,0.35
TM,EST_FUSION,ON,EST_GYRO_WEIGHT,0.98,EST_VALID,1
TM,SUN_L,3652,SUN_R,3697,SUN_NDV,-0.0061,SUN_ANGLE,-8.49
TM,MAG_X,-18.13,MAG_Y,28.99,MAG_Z,-10.43,MAG_HEADING,122.02
TM,GYRO_X,-0.919,GYRO_Y,-2.389,GYRO_Z,-0.233,BODY_RATE,0.233
TM,SUN_L,3653,SUN_R,3698,SUN_NDV,-0.0061,SUN_ANGLE,-8.07
TM,MAG_X,-18.02,MAG_Y,28.93,MAG_Z,-10.37,MAG_HEADING,121.91
TM,GYRO_X,-1.006,GYRO_Y,-2.608,GYRO_Z,0.055,BODY_RATE,-0.055
TM,ADCS_MODE,MANUAL,ADCS_REFERENCE,SUN,TARGET,0.00,POINTING_ERROR,7.92,SUN_ERROR,7.64,MAG_ERROR,-121.91,GYRO_Z,0.003,RW_CMD,0
TM,EST_RAW,-7.64,EST_FILTERED,-7.64,EST_ANGLE,-7.92,EST_FILTER,ON,EST_FILTER_TYPE,MOVING_AVERAGE,EST_MA_WINDOW,1,EST_FILTER_STRENGTH,0.35
TM,EST_FUSION,ON,EST_GYRO_WEIGHT,0.98,EST_VALID,1
TM,SUN_L,3652,SUN_R,3699,SUN_NDV,-0.0064,SUN_ANGLE,-8.40
TM,MAG_X,-18.06,MAG_Y,29.06,MAG_Z,-10.34,MAG_HEADING,121.87
TM,GYRO_X,-0.875,GYRO_Y,-2.345,GYRO_Z,-0.067,BODY_RATE,0.067
TM,ADCS_MODE,MANUAL,ADCS_REFERENCE,SUN,TARGET,0.00,POINTING_ERROR,7.92,SUN_ERROR,8.61,MAG_ERROR,-122.12,GYRO_Z,-0.128,RW_CMD,0
TM,EST_RAW,-8.61,EST_FILTERED,-8.61,EST_ANGLE,-7.92,EST_FILTER,ON,EST_FILTER_TYPE,MOVING_AVERAGE,EST_MA_WINDOW,1,EST_FILTER_STRENGTH,0.35
TM,EST_FUSION,ON,EST_GYRO_WEIGHT,0.98,EST_VALID,1
TM,SUN_L,3654,SUN_R,3699,SUN_NDV,-0.0061,SUN_ANGLE,-8.19
TM,MAG_X,-18.06,MAG_Y,29.02,MAG_Z,-10.35,MAG_HEADING,121.90
TM,GYRO_X,-0.849,GYRO_Y,-2.144,GYRO_Z,0.064,BODY_RATE,-0.064
TM,ADCS_MODE,MANUAL,ADCS_REFERENCE,SUN,TARGET,0.00,POINTING_ERROR,7.89,SUN_ERROR,8.32,MAG_ERROR,-121.90,GYRO_Z,0.082,RW_CMD,0
TM,EST_RAW,-8.32,EST_FILTERED,-8.32,EST_ANGLE,-7.89,EST_FILTER,ON,EST_FILTER_TYPE,MOVING_AVERAGE,EST_MA_WINDOW,1,EST_FILTER_STRENGTH,0.35
TM,EST_FUSION,ON,EST_GYRO_WEIGHT,0.98,EST_VALID,1
TM,SUN_L,3654,SUN_R,3699,SUN_NDV,-0.0061,SUN_ANGLE,-8.05
TM,MAG_X,-18.03,MAG_Y,29.09,MAG_Z,-10.34,MAG_HEADING,121.80
TM,GYRO_X,-1.006,GYRO_Y,-1.986,GYRO_Z,-0.120,BODY_RATE,0.120
TM,ADCS_MODE,MANUAL,ADCS_REFERENCE,SUN,TARGET,0.00,POINTING_ERROR,7.90,SUN_ERROR,7.68,MAG_ERROR,-121.99,GYRO_Z,-0.102,RW_CMD,0
TM,EST_RAW,-7.68,EST_FILTERED,-7.68,EST_ANGLE,-7.90,EST_FILTER,ON,EST_FILTER_TYPE,MOVING_AVERAGE,EST_MA_WINDOW,1,EST_FILTER_STRENGTH,0.35
TM,EST_FUSION,ON,EST_GYRO_WEIGHT,0.98,EST_VALID,1
TM,SUN_L,3650,SUN_R,3696,SUN_NDV,-0.0063,SUN_ANGLE,-8.02
TM,MAG_X,-18.10,MAG_Y,28.98,MAG_Z,-10.42,MAG_HEADING,121.99
TM,GYRO_X,-0.936,GYRO_Y,-2.433,GYRO_Z,-0.207,BODY_RATE,0.207
TM,SUN_L,3652,SUN_R,3698,SUN_NDV,-0.0063,SUN_ANGLE,-7.56
TM,MAG_X,-17.98,MAG_Y,29.06,MAG_Z,-10.58,MAG_HEADING,121.76
TM,GYRO_X,-1.024,GYRO_Y,-2.249,GYRO_Z,-0.050,BODY_RATE,0.050
TM,ADCS_MODE,MANUAL,ADCS_REFERENCE,SUN,TARGET,0.00,POINTING_ERROR,7.90,SUN_ERROR,7.56,MAG_ERROR,-121.76,GYRO_Z,-0.050,RW_CMD,0
TM,EST_RAW,-7.56,EST_FILTERED,-7.56,EST_ANGLE,-7.90,EST_FILTER,ON,EST_FILTER_TYPE,MOVING_AVERAGE,EST_MA_WINDOW,1,EST_FILTER_STRENGTH,0.35
TM,EST_FUSION,ON,EST_GYRO_WEIGHT,0.98,EST_VALID,1
TM,SUN_L,3653,SUN_R,3699,SUN_NDV,-0.0063,SUN_ANGLE,-7.95
TM,MAG_X,-18.00,MAG_Y,28.96,MAG_Z,-10.21,MAG_HEADING,121.86
TM,GYRO_X,-0.928,GYRO_Y,-2.284,GYRO_Z,-0.006,BODY_RATE,0.006
TM,ADCS_MODE,MANUAL,ADCS_REFERENCE,SUN,TARGET,0.00,POINTING_ERROR,7.90,SUN_ERROR,8.19,MAG_ERROR,-121.86,GYRO_Z,-0.015,RW_CMD,0
TM,EST_RAW,-8.19,EST_FILTERED,-8.19,EST_ANGLE,-7.90,EST_FILTER,ON,EST_FILTER_TYPE,MOVING_AVERAGE,EST_MA_WINDOW,1,EST_FILTER_STRENGTH,0.35
TM,EST_FUSION,ON,EST_GYRO_WEIGHT,0.98,EST_VALID,1
TM,SUN_L,3650,SUN_R,3697,SUN_NDV,-0.0064,SUN_ANGLE,-7.80
TM,MAG_X,-18.02,MAG_Y,28.99,MAG_Z,-10.14,MAG_HEADING,121.86
TM,GYRO_X,-0.875,GYRO_Y,-2.424,GYRO_Z,0.038,BODY_RATE,-0.038
TM,ADCS_MODE,MANUAL,ADCS_REFERENCE,SUN,TARGET,0.00,POINTING_ERROR,7.88,SUN_ERROR,8.33,MAG_ERROR,-121.99,GYRO_Z,-0.347,RW_CMD,0
TM,EST_RAW,-8.33,EST_FILTERED,-8.33,EST_ANGLE,-7.88,EST_FILTER,ON,EST_FILTER_TYPE,MOVING_AVERAGE,EST_MA_WINDOW,1,EST_FILTER_STRENGTH,0.35
TM,EST_FUSION,ON,EST_GYRO_WEIGHT,0.98,EST_VALID,1
TM,SUN_L,3655,SUN_R,3699,SUN_NDV,-0.0060,SUN_ANGLE,-7.77
TM,MAG_X,-18.13,MAG_Y,29.02,MAG_Z,-10.19,MAG_HEADING,121.99
TM,GYRO_X,-0.796,GYRO_Y,-2.459,GYRO_Z,-0.155,BODY_RATE,0.155
TM,ADCS_MODE,MANUAL,ADCS_REFERENCE,SUN,TARGET,0.00,POINTING_ERROR,7.88,SUN_ERROR,7.95,MAG_ERROR,-121.98,GYRO_Z,0.038,RW_CMD,0
TM,EST_RAW,-7.95,EST_FILTERED,-7.95,EST_ANGLE,-7.88,EST_FILTER,ON,EST_FILTER_TYPE,MOVING_AVERAGE,EST_MA_WINDOW,1,EST_FILTER_STRENGTH,0.35
TM,EST_FUSION,ON,EST_GYRO_WEIGHT,0.98,EST_VALID,1
TM,SUN_L,3651,SUN_R,3698,SUN_NDV,-0.0064,SUN_ANGLE,-7.82
TM,MAG_X,-18.05,MAG_Y,28.78,MAG_Z,-10.26,MAG_HEADING,122.09
TM,GYRO_X,-0.998,GYRO_Y,-2.494,GYRO_Z,0.125,BODY_RATE,-0.125
TM,SUN_L,3653,SUN_R,3697,SUN_NDV,-0.0060,SUN_ANGLE,-8.06
TM,MAG_X,-18.35,MAG_Y,28.75,MAG_Z,-10.40,MAG_HEADING,122.55
TM,GYRO_X,-0.936,GYRO_Y,-2.380,GYRO_Z,-0.216,BODY_RATE,0.216
TM,ADCS_MODE,MANUAL,ADCS_REFERENCE,SUN,TARGET,0.00,POINTING_ERROR,7.89,SUN_ERROR,8.06,MAG_ERROR,-122.55,GYRO_Z,-0.023,RW_CMD,0
TM,EST_RAW,-8.06,EST_FILTERED,-8.06,EST_ANGLE,-7.89,EST_FILTER,ON,EST_FILTER_TYPE,MOVING_AVERAGE,EST_MA_WINDOW,1,EST_FILTER_STRENGTH,0.35
TM,EST_FUSION,ON,EST_GYRO_WEIGHT,0.98,EST_VALID,1
TM,SUN_L,3653,SUN_R,3699,SUN_NDV,-0.0063,SUN_ANGLE,-7.75
TM,MAG_X,-18.08,MAG_Y,28.86,MAG_Z,-10.05,MAG_HEADING,122.06
TM,GYRO_X,-0.892,GYRO_Y,-2.503,GYRO_Z,0.003,BODY_RATE,-0.003
TM,ADCS_MODE,MANUAL,ADCS_REFERENCE,SUN,TARGET,0.00,POINTING_ERROR,7.89,SUN_ERROR,8.22,MAG_ERROR,-122.06,GYRO_Z,-0.050,RW_CMD,0
TM,EST_RAW,-8.22,EST_FILTERED,-8.22,EST_ANGLE,-7.89,EST_FILTER,ON,EST_FILTER_TYPE,MOVING_AVERAGE,EST_MA_WINDOW,1,EST_FILTER_STRENGTH,0.35
TM,EST_FUSION,ON,EST_GYRO_WEIGHT,0.98,EST_VALID,1
TM,SUN_L,3654,SUN_R,3700,SUN_NDV,-0.0063,SUN_ANGLE,-8.37
TM,MAG_X,-18.26,MAG_Y,28.93,MAG_Z,-10.19,MAG_HEADING,122.26
TM,GYRO_X,-1.138,GYRO_Y,-2.118,GYRO_Z,-0.006,BODY_RATE,0.006
TM,ADCS_MODE,MANUAL,ADCS_REFERENCE,SUN,TARGET,0.00,POINTING_ERROR,7.94,SUN_ERROR,7.93,MAG_ERROR,-121.94,GYRO_Z,-0.155,RW_CMD,0
TM,EST_RAW,-7.93,EST_FILTERED,-7.93,EST_ANGLE,-7.94,EST_FILTER,ON,EST_FILTER_TYPE,MOVING_AVERAGE,EST_MA_WINDOW,1,EST_FILTER_STRENGTH,0.35
TM,EST_FUSION,ON,EST_GYRO_WEIGHT,0.98,EST_VALID,1
TM,SUN_L,3653,SUN_R,3698,SUN_NDV,-0.0061,SUN_ANGLE,-7.91
TM,MAG_X,-18.13,MAG_Y,29.06,MAG_Z,-10.35,MAG_HEADING,121.96
TM,GYRO_X,-1.059,GYRO_Y,-4.270,GYRO_Z,-0.015,BODY_RATE,0.015
TM,ADCS_MODE,MANUAL,ADCS_REFERENCE,SUN,TARGET,0.00,POINTING_ERROR,7.92,SUN_ERROR,7.84,MAG_ERROR,-121.98,GYRO_Z,0.003,RW_CMD,0
TM,EST_RAW,-7.84,EST_FILTERED,-7.84,EST_ANGLE,-7.92,EST_FILTER,ON,EST_FILTER_TYPE,MOVING_AVERAGE,EST_MA_WINDOW,1,EST_FILTER_STRENGTH,0.35
TM,EST_FUSION,ON,EST_GYRO_WEIGHT,0.98,EST_VALID,1
TM,SUN_L,3654,SUN_R,3697,SUN_NDV,-0.0058,SUN_ANGLE,-7.97
TM,MAG_X,-18.06,MAG_Y,28.93,MAG_Z,-10.27,MAG_HEADING,121.98
TM,GYRO_X,-1.067,GYRO_Y,-2.196,GYRO_Z,0.029,BODY_RATE,-0.029
TM,SUN_L,3652,SUN_R,3699,SUN_NDV,-0.0064,SUN_ANGLE,-7.64
TM,MAG_X,-18.06,MAG_Y,28.99,MAG_Z,-10.32,MAG_HEADING,121.93
TM,GYRO_X,-0.980,GYRO_Y,-2.030,GYRO_Z,0.020,BODY_RATE,-0.020
TM,ADCS_MODE,MANUAL,ADCS_REFERENCE,SUN,TARGET,0.00,POINTING_ERROR,7.92,SUN_ERROR,7.64,MAG_ERROR,-121.93,GYRO_Z,0.020,RW_CMD,0
TM,EST_RAW,-7.64,EST_FILTERED,-7.64,EST_ANGLE,-7.92,EST_FILTER,ON,EST_FILTER_TYPE,MOVING_AVERAGE,EST_MA_WINDOW,1,EST_FILTER_STRENGTH,0.35
TM,EST_FUSION,ON,EST_GYRO_WEIGHT,0.98,EST_VALID,1
TM,SUN_L,3652,SUN_R,3699,SUN_NDV,-0.0064,SUN_ANGLE,-7.82
TM,MAG_X,-18.08,MAG_Y,29.09,MAG_Z,-10.21,MAG_HEADING,121.86
TM,GYRO_X,-0.796,GYRO_Y,-2.704,GYRO_Z,-0.128,BODY_RATE,0.128
TM,ADCS_MODE,MANUAL,ADCS_REFERENCE,SUN,TARGET,0.00,POINTING_ERROR,7.92,SUN_ERROR,7.80,MAG_ERROR,-122.09,GYRO_Z,-0.085,RW_CMD,0
TM,EST_RAW,-7.80,EST_FILTERED,-7.80,EST_ANGLE,-7.92,EST_FILTER,ON,EST_FILTER_TYPE,MOVING_AVERAGE,EST_MA_WINDOW,1,EST_FILTER_STRENGTH,0.35
TM,EST_FUSION,ON,EST_GYRO_WEIGHT,0.98,EST_VALID,1
TM,SUN_L,3650,SUN_R,3698,SUN_NDV,-0.0065,SUN_ANGLE,-8.63
TM,MAG_X,-18.08,MAG_Y,28.88,MAG_Z,-10.35,MAG_HEADING,122.05
TM,GYRO_X,-1.260,GYRO_Y,-2.398,GYRO_Z,-0.146,BODY_RATE,0.146
TM,ADCS_MODE,MANUAL,ADCS_REFERENCE,SUN,TARGET,0.00,POINTING_ERROR,7.92,SUN_ERROR,8.09,MAG_ERROR,-122.05,GYRO_Z,-0.120,RW_CMD,0
TM,EST_RAW,-8.09,EST_FILTERED,-8.09,EST_ANGLE,-7.92,EST_FILTER,ON,EST_FILTER_TYPE,MOVING_AVERAGE,EST_MA_WINDOW,1,EST_FILTER_STRENGTH,0.35
TM,EST_FUSION,ON,EST_GYRO_WEIGHT,0.98,EST_VALID,1
TM,SUN_L,3654,SUN_R,3697,SUN_NDV,-0.0058,SUN_ANGLE,-7.97
TM,MAG_X,-18.11,MAG_Y,28.94,MAG_Z,-10.22,MAG_HEADING,122.04
TM,GYRO_X,-0.884,GYRO_Y,-2.485,GYRO_Z,-0.137,BODY_RATE,0.137
TM,ADCS_MODE,MANUAL,ADCS_REFERENCE,SUN,TARGET,0.00,POINTING_ERROR,7.93,SUN_ERROR,7.97,MAG_ERROR,-121.82,GYRO_Z,-0.268,RW_CMD,0
TM,EST_RAW,-7.97,EST_FILTERED,-7.97,EST_ANGLE,-7.93,EST_FILTER,ON,EST_FILTER_TYPE,MOVING_AVERAGE,EST_MA_WINDOW,1,EST_FILTER_STRENGTH,0.35
TM,EST_FUSION,ON,EST_GYRO_WEIGHT,0.98,EST_VALID,1
TM,SUN_L,3652,SUN_R,3697,SUN_NDV,-0.0061,SUN_ANGLE,-7.79
TM,MAG_X,-18.03,MAG_Y,29.06,MAG_Z,-10.32,MAG_HEADING,121.82
TM,GYRO_X,-1.015,GYRO_Y,-2.223,GYRO_Z,-0.067,BODY_RATE,0.067
TM,SUN_L,3652,SUN_R,3699,SUN_NDV,-0.0064,SUN_ANGLE,-8.13
TM,MAG_X,-18.06,MAG_Y,29.01,MAG_Z,-10.40,MAG_HEADING,121.91
TM,GYRO_X,-0.998,GYRO_Y,-2.415,GYRO_Z,-0.163,BODY_RATE,0.163
TM,ADCS_MODE,MANUAL,ADCS_REFERENCE,SUN,TARGET,0.00,POINTING_ERROR,7.94,SUN_ERROR,8.11,MAG_ERROR,-121.91,GYRO_Z,-0.356,RW_CMD,0
TM,EST_RAW,-8.11,EST_FILTERED,-8.11,EST_ANGLE,-7.94,EST_FILTER,ON,EST_FILTER_TYPE,MOVING_AVERAGE,EST_MA_WINDOW,1,EST_FILTER_STRENGTH,0.35
TM,EST_FUSION,ON,EST_GYRO_WEIGHT,0.98,EST_VALID,1
TM,SUN_L,3651,SUN_R,3697,SUN_NDV,-0.0063,SUN_ANGLE,-8.02
TM,MAG_X,-18.13,MAG_Y,28.86,MAG_Z,-10.35,MAG_HEADING,122.13
TM,GYRO_X,-1.234,GYRO_Y,-2.441,GYRO_Z,0.003,BODY_RATE,-0.003
TM,ADCS_MODE,MANUAL,ADCS_REFERENCE,SUN,TARGET,0.00,POINTING_ERROR,7.97,SUN_ERROR,8.50,MAG_ERROR,-122.13,GYRO_Z,-0.120,RW_CMD,0
TM,EST_RAW,-8.50,EST_FILTERED,-8.50,EST_ANGLE,-7.97,EST_FILTER,ON,EST_FILTER_TYPE,MOVING_AVERAGE,EST_MA_WINDOW,1,EST_FILTER_STRENGTH,0.35
TM,EST_FUSION,ON,EST_GYRO_WEIGHT,0.98,EST_VALID,1
TM,SUN_L,3650,SUN_R,3698,SUN_NDV,-0.0065,SUN_ANGLE,-7.36
TM,MAG_X,-18.19,MAG_Y,29.07,MAG_Z,-10.34,MAG_HEADING,122.04
TM,GYRO_X,-0.945,GYRO_Y,-2.231,GYRO_Z,-0.216,BODY_RATE,0.216
TM,ADCS_MODE,MANUAL,ADCS_REFERENCE,SUN,TARGET,0.00,POINTING_ERROR,7.97,SUN_ERROR,7.97,MAG_ERROR,-121.99,GYRO_Z,0.038,RW_CMD,0
TM,EST_RAW,-7.97,EST_FILTERED,-7.97,EST_ANGLE,-7.97,EST_FILTER,ON,EST_FILTER_TYPE,MOVING_AVERAGE,EST_MA_WINDOW,1,EST_FILTER_STRENGTH,0.35
TM,EST_FUSION,ON,EST_GYRO_WEIGHT,0.98,EST_VALID,1
TM,SUN_L,3649,SUN_R,3695,SUN_NDV,-0.0063,SUN_ANGLE,-8.09
TM,MAG_X,-18.05,MAG_Y,28.90,MAG_Z,-10.35,MAG_HEADING,121.99
TM,GYRO_X,-1.207,GYRO_Y,-2.328,GYRO_Z,0.195,BODY_RATE,-0.195
TM,ADCS_MODE,MANUAL,ADCS_REFERENCE,SUN,TARGET,0.00,POINTING_ERROR,7.98,SUN_ERROR,8.13,MAG_ERROR,-122.05,GYRO_Z,0.012,RW_CMD,0
TM,EST_RAW,-8.13,EST_FILTERED,-8.13,EST_ANGLE,-7.98,EST_FILTER,ON,EST_FILTER_TYPE,MOVING_AVERAGE,EST_MA_WINDOW,1,EST_FILTER_STRENGTH,0.35
TM,EST_FUSION,ON,EST_GYRO_WEIGHT,0.98,EST_VALID,1
TM,SUN_L,3650,SUN_R,3698,SUN_NDV,-0.0065,SUN_ANGLE,-7.79
TM,MAG_X,-18.06,MAG_Y,28.93,MAG_Z,-10.22,MAG_HEADING,121.98
TM,GYRO_X,-0.998,GYRO_Y,-2.371,GYRO_Z,0.090,BODY_RATE,-0.090
TM,SUN_L,3650,SUN_R,3697,SUN_NDV,-0.0064,SUN_ANGLE,-7.64
TM,MAG_X,-18.10,MAG_Y,28.88,MAG_Z,-10.45,MAG_HEADING,122.07
TM,GYRO_X,-1.041,GYRO_Y,-2.257,GYRO_Z,-0.076,BODY_RATE,0.076
TM,ADCS_MODE,MANUAL,ADCS_REFERENCE,SUN,TARGET,0.00,POINTING_ERROR,7.96,SUN_ERROR,7.64,MAG_ERROR,-122.07,GYRO_Z,-0.076,RW_CMD,0
TM,EST_RAW,-7.64,EST_FILTERED,-7.64,EST_ANGLE,-7.96,EST_FILTER,ON,EST_FILTER_TYPE,MOVING_AVERAGE,EST_MA_WINDOW,1,EST_FILTER_STRENGTH,0.35
TM,EST_FUSION,ON,EST_GYRO_WEIGHT,0.98,EST_VALID,1
TM,SUN_L,3650,SUN_R,3698,SUN_NDV,-0.0065,SUN_ANGLE,-8.14
TM,MAG_X,-18.06,MAG_Y,29.06,MAG_Z,-10.26,MAG_HEADING,121.87
TM,GYRO_X,-1.181,GYRO_Y,-2.336,GYRO_Z,0.160,BODY_RATE,-0.160
TM,ADCS_MODE,MANUAL,ADCS_REFERENCE,SUN,TARGET,0.00,POINTING_ERROR,7.95,SUN_ERROR,7.39,MAG_ERROR,-121.69,GYRO_Z,0.055,RW_CMD,0
TM,EST_RAW,-7.39,EST_FILTERED,-7.39,EST_ANGLE,-7.95,EST_FILTER,ON,EST_FILTER_TYPE,MOVING_AVERAGE,EST_MA_WINDOW,1,EST_FILTER_STRENGTH,0.35
TM,EST_FUSION,ON,EST_GYRO_WEIGHT,0.98,EST_VALID,1
TM,SUN_L,3650,SUN_R,3698,SUN_NDV,-0.0065,SUN_ANGLE,-7.28
TM,MAG_X,-18.21,MAG_Y,28.91,MAG_Z,-9.98,MAG_HEADING,122.20
TM,GYRO_X,-1.102,GYRO_Y,-2.415,GYRO_Z,-0.207,BODY_RATE,0.207
TM,ADCS_MODE,MANUAL,ADCS_REFERENCE,SUN,TARGET,0.00,POINTING_ERROR,7.90,SUN_ERROR,7.86,MAG_ERROR,-122.20,GYRO_Z,-0.251,RW_CMD,0
TM,EST_RAW,-7.86,EST_FILTERED,-7.86,EST_ANGLE,-7.90,EST_FILTER,ON,EST_FILTER_TYPE,MOVING_AVERAGE,EST_MA_WINDOW,1,EST_FILTER_STRENGTH,0.35
TM,EST_FUSION,ON,EST_GYRO_WEIGHT,0.98,EST_VALID,1
TM,SUN_L,3651,SUN_R,3697,SUN_NDV,-0.0063,SUN_ANGLE,-7.94
TM,MAG_X,-18.02,MAG_Y,29.02,MAG_Z,-10.18,MAG_HEADING,121.83
TM,GYRO_X,-0.901,GYRO_Y,-2.529,GYRO_Z,0.038,BODY_RATE,-0.038
TM,ADCS_MODE,MANUAL,ADCS_REFERENCE,SUN,TARGET,0.00,POINTING_ERROR,7.89,SUN_ERROR,8.06,MAG_ERROR,-122.17,GYRO_Z,-0.076,RW_CMD,0
TM,EST_RAW,-8.06,EST_FILTERED,-8.06,EST_ANGLE,-7.89,EST_FILTER,ON,EST_FILTER_TYPE,MOVING_AVERAGE,EST_MA_WINDOW,1,EST_FILTER_STRENGTH,0.35
TM,EST_FUSION,ON,EST_GYRO_WEIGHT,0.98,EST_VALID,1
TM,SUN_L,3652,SUN_R,3699,SUN_NDV,-0.0064,SUN_ANGLE,-8.07
TM,MAG_X,-18.10,MAG_Y,28.77,MAG_Z,-10.27,MAG_HEADING,122.17
TM,GYRO_X,-1.120,GYRO_Y,-2.345,GYRO_Z,-0.128,BODY_RATE,0.128
TM,SUN_L,3653,SUN_R,3699,SUN_NDV,-0.0063,SUN_ANGLE,-7.89
TM,MAG_X,-18.02,MAG_Y,28.75,MAG_Z,-10.21,MAG_HEADING,122.07
TM,GYRO_X,-0.980,GYRO_Y,-2.284,GYRO_Z,-0.050,BODY_RATE,0.050
TM,ADCS_MODE,MANUAL,ADCS_REFERENCE,SUN,TARGET,0.00,POINTING_ERROR,7.90,SUN_ERROR,7.89,MAG_ERROR,-122.07,GYRO_Z,-0.050,RW_CMD,0
TM,EST_RAW,-7.89,EST_FILTERED,-7.89,EST_ANGLE,-7.90,EST_FILTER,ON,EST_FILTER_TYPE,MOVING_AVERAGE,EST_MA_WINDOW,1,EST_FILTER_STRENGTH,0.35
TM,EST_FUSION,ON,EST_GYRO_WEIGHT,0.98,EST_VALID,1
TM,SUN_L,3651,SUN_R,3700,SUN_NDV,-0.0067,SUN_ANGLE,-8.03
TM,MAG_X,-17.92,MAG_Y,28.83,MAG_Z,-10.24,MAG_HEADING,121.86
TM,GYRO_X,-0.971,GYRO_Y,-2.310,GYRO_Z,-0.093,BODY_RATE,0.093
TM,ADCS_MODE,MANUAL,ADCS_REFERENCE,SUN,TARGET,0.00,POINTING_ERROR,7.90,SUN_ERROR,8.18,MAG_ERROR,-121.86,GYRO_Z,-0.032,RW_CMD,0
TM,EST_RAW,-8.18,EST_FILTERED,-8.18,EST_ANGLE,-7.90,EST_FILTER,ON,EST_FILTER_TYPE,MOVING_AVERAGE,EST_MA_WINDOW,1,EST_FILTER_STRENGTH,0.35
TM,EST_FUSION,ON,EST_GYRO_WEIGHT,0.98,EST_VALID,1
TM,SUN_L,3653,SUN_R,3697,SUN_NDV,-0.0060,SUN_ANGLE,-8.17
TM,MAG_X,-18.03,MAG_Y,28.88,MAG_Z,-10.14,MAG_HEADING,121.98
TM,GYRO_X,-0.945,GYRO_Y,-2.467,GYRO_Z,0.047,BODY_RATE,-0.047
TM,ADCS_MODE,MANUAL,ADCS_REFERENCE,SUN,TARGET,0.00,POINTING_ERROR,7.92,SUN_ERROR,8.11,MAG_ERROR,-122.08,GYRO_Z,-0.015,RW_CMD,0
TM,EST_RAW,-8.11,EST_FILTERED,-8.11,EST_ANGLE,-7.92,EST_FILTER,ON,EST_FILTER_TYPE,MOVING_AVERAGE,EST_MA_WINDOW,1,EST_FILTER_STRENGTH,0.35
TM,EST_FUSION,ON,EST_GYRO_WEIGHT,0.98,EST_VALID,1
TM,SUN_L,3652,SUN_R,3698,SUN_NDV,-0.0063,SUN_ANGLE,-8.14
TM,MAG_X,-18.06,MAG_Y,28.82,MAG_Z,-10.29,MAG_HEADING,122.08
TM,GYRO_X,-1.094,GYRO_Y,-2.328,GYRO_Z,-0.137,BODY_RATE,0.137
TM,ADCS_MODE,MANUAL,ADCS_REFERENCE,SUN,TARGET,0.00,POINTING_ERROR,7.91,SUN_ERROR,7.99,MAG_ERROR,-122.20,GYRO_Z,-0.093,RW_CMD,0
TM,EST_RAW,-7.99,EST_FILTERED,-7.99,EST_ANGLE,-7.91,EST_FILTER,ON,EST_FILTER_TYPE,MOVING_AVERAGE,EST_MA_WINDOW,1,EST_FILTER_STRENGTH,0.35
TM,EST_FUSION,ON,EST_GYRO_WEIGHT,0.98,EST_VALID,1
TM,SUN_L,3653,SUN_R,3695,SUN_NDV,-0.0057,SUN_ANGLE,-8.14
TM,MAG_X,-18.14,MAG_Y,28.82,MAG_Z,-10.34,MAG_HEADING,122.20
TM,GYRO_X,-0.936,GYRO_Y,-2.328,GYRO_Z,-0.050,BODY_RATE,0.050
TM,SUN_L,3650,SUN_R,3698,SUN_NDV,-0.0065,SUN_ANGLE,-8.23
TM,MAG_X,-18.00,MAG_Y,28.70,MAG_Z,-10.30,MAG_HEADING,122.09
TM,GYRO_X,-0.971,GYRO_Y,-2.319,GYRO_Z,-0.155,BODY_RATE,0.155
TM,ADCS_MODE,MANUAL,ADCS_REFERENCE,SUN,TARGET,0.00,POINTING_ERROR,7.94,SUN_ERROR,8.23,MAG_ERROR,-122.09,GYRO_Z,-0.216,RW_CMD,0
TM,EST_RAW,-8.23,EST_FILTERED,-8.23,EST_ANGLE,-7.94,EST_FILTER,ON,EST_FILTER_TYPE,MOVING_AVERAGE,EST_MA_WINDOW,1,EST_FILTER_STRENGTH,0.35
TM,EST_FUSION,ON,EST_GYRO_WEIGHT,0.98,EST_VALID,1
TM,SUN_L,3651,SUN_R,3696,SUN_NDV,-0.0061,SUN_ANGLE,-8.01
TM,MAG_X,-18.08,MAG_Y,28.91,MAG_Z,-10.32,MAG_HEADING,122.02
TM,GYRO_X,-1.067,GYRO_Y,-2.266,GYRO_Z,0.204,BODY_RATE,-0.204
TM,ADCS_MODE,MANUAL,ADCS_REFERENCE,SUN,TARGET,0.00,POINTING_ERROR,7.98,SUN_ERROR,7.67,MAG_ERROR,-122.02,GYRO_Z,0.082,RW_CMD,0
TM,EST_RAW,-7.67,EST_FILTERED,-7.67,EST_ANGLE,-7.98,EST_FILTER,ON,EST_FILTER_TYPE,MOVING_AVERAGE,EST_MA_WINDOW,1,EST_FILTER_STRENGTH,0.35
TM,EST_FUSION,ON,EST_GYRO_WEIGHT,0.98,EST_VALID,1
TM,SUN_L,3652,SUN_R,3698,SUN_NDV,-0.0063,SUN_ANGLE,-8.15
TM,MAG_X,-18.10,MAG_Y,28.86,MAG_Z,-10.27,MAG_HEADING,122.09
TM,GYRO_X,-0.892,GYRO_Y,-2.336,GYRO_Z,-0.085,BODY_RATE,0.085
TM,ADCS_MODE,MANUAL,ADCS_REFERENCE,SUN,TARGET,0.00,POINTING_ERROR,7.98,SUN_ERROR,8.22,MAG_ERROR,-122.01,GYRO_Z,0.003,RW_CMD,0
TM,EST_RAW,-8.22,EST_FILTERED,-8.22,EST_ANGLE,-7.98,EST_FILTER,ON,EST_FILTER_TYPE,MOVING_AVERAGE,EST_MA_WINDOW,1,EST_FILTER_STRENGTH,0.35
TM,EST_FUSION,ON,EST_GYRO_WEIGHT,0.98,EST_VALID,1
TM,SUN_L,3651,SUN_R,3698,SUN_NDV,-0.0064,SUN_ANGLE,-7.78
TM,MAG_X,-17.97,MAG_Y,28.94,MAG_Z,-10.46,MAG_HEADING,121.83
TM,GYRO_X,-0.840,GYRO_Y,-2.275,GYRO_Z,-0.190,BODY_RATE,0.190
TM,ADCS_MODE,MANUAL,ADCS_REFERENCE,SUN,TARGET,0.00,POINTING_ERROR,7.97,SUN_ERROR,8.27,MAG_ERROR,-121.78,GYRO_Z,-0.163,RW_CMD,0
TM,EST_RAW,-8.27,EST_FILTERED,-8.27,EST_ANGLE,-7.97,EST_FILTER,ON,EST_FILTER_TYPE,MOVING_AVERAGE,EST_MA_WINDOW,1,EST_FILTER_STRENGTH,0.35
TM,EST_FUSION,ON,EST_GYRO_WEIGHT,0.98,EST_VALID,1
TM,SUN_L,3649,SUN_R,3697,SUN_NDV,-0.0065,SUN_ANGLE,-8.16
TM,MAG_X,-17.92,MAG_Y,28.93,MAG_Z,-10.30,MAG_HEADING,121.78
TM,GYRO_X,-1.059,GYRO_Y,-2.196,GYRO_Z,0.178,BODY_RATE,-0.178
TM,SUN_L,3651,SUN_R,3698,SUN_NDV,-0.0064,SUN_ANGLE,-7.55
TM,MAG_X,-18.06,MAG_Y,28.96,MAG_Z,-10.34,MAG_HEADING,121.95
TM,GYRO_X,-0.971,GYRO_Y,-2.625,GYRO_Z,0.012,BODY_RATE,-0.012
TM,ADCS_MODE,MANUAL,ADCS_REFERENCE,SUN,TARGET,0.00,POINTING_ERROR,7.94,SUN_ERROR,7.55,MAG_ERROR,-121.95,GYRO_Z,0.012,RW_CMD,0
TM,EST_RAW,-7.55,EST_FILTERED,-7.55,EST_ANGLE,-7.94,EST_FILTER,ON,EST_FILTER_TYPE,MOVING_AVERAGE,EST_MA_WINDOW,1,EST_FILTER_STRENGTH,0.35
TM,EST_FUSION,ON,EST_GYRO_WEIGHT,0.98,EST_VALID,1
TM,SUN_L,3647,SUN_R,3695,SUN_NDV,-0.0065,SUN_ANGLE,-8.00
TM,MAG_X,-18.08,MAG_Y,28.91,MAG_Z,-10.38,MAG_HEADING,122.02
TM,GYRO_X,-1.102,GYRO_Y,-2.249,GYRO_Z,-0.093,BODY_RATE,0.093
TM,ADCS_MODE,MANUAL,ADCS_REFERENCE,SUN,TARGET,0.00,POINTING_ERROR,7.92,SUN_ERROR,7.33,MAG_ERROR,-122.03,GYRO_Z,-0.111,RW_CMD,0
TM,EST_RAW,-7.33,EST_FILTERED,-7.33,EST_ANGLE,-7.92,EST_FILTER,ON,EST_FILTER_TYPE,MOVING_AVERAGE,EST_MA_WINDOW,1,EST_FILTER_STRENGTH,0.35
TM,EST_FUSION,ON,EST_GYRO_WEIGHT,0.98,EST_VALID,1
TM,SUN_L,3650,SUN_R,3697,SUN_NDV,-0.0064,SUN_ANGLE,-8.15
TM,MAG_X,-18.06,MAG_Y,28.88,MAG_Z,-10.18,MAG_HEADING,122.03
TM,GYRO_X,-0.945,GYRO_Y,-2.310,GYRO_Z,-0.058,BODY_RATE,0.058
TM,ADCS_MODE,MANUAL,ADCS_REFERENCE,SUN,TARGET,0.00,POINTING_ERROR,7.94,SUN_ERROR,8.38,MAG_ERROR,-122.03,GYRO_Z,0.038,RW_CMD,0
TM,EST_RAW,-8.38,EST_FILTERED,-8.38,EST_ANGLE,-7.94,EST_FILTER,ON,EST_FILTER_TYPE,MOVING_AVERAGE,EST_MA_WINDOW,1,EST_FILTER_STRENGTH,0.35
TM,EST_FUSION,ON,EST_GYRO_WEIGHT,0.98,EST_VALID,1
TM,SUN_L,3649,SUN_R,3696,SUN_NDV,-0.0064,SUN_ANGLE,-8.66
TM,MAG_X,-18.14,MAG_Y,28.77,MAG_Z,-10.37,MAG_HEADING,122.24
TM,GYRO_X,-0.866,GYRO_Y,-2.223,GYRO_Z,0.108,BODY_RATE,-0.108
TM,ADCS_MODE,MANUAL,ADCS_REFERENCE,SUN,TARGET,0.00,POINTING_ERROR,7.98,SUN_ERROR,7.37,MAG_ERROR,-122.38,GYRO_Z,0.003,RW_CMD,0
TM,EST_RAW,-7.37,EST_FILTERED,-7.37,EST_ANGLE,-7.98,EST_FILTER,ON,EST_FILTER_TYPE,MOVING_AVERAGE,EST_MA_WINDOW,1,EST_FILTER_STRENGTH,0.35
TM,EST_FUSION,ON,EST_GYRO_WEIGHT,0.98,EST_VALID,1
TM,SUN_L,3652,SUN_R,3697,SUN_NDV,-0.0061,SUN_ANGLE,-7.78
TM,MAG_X,-18.27,MAG_Y,28.82,MAG_Z,-10.29,MAG_HEADING,122.38
TM,GYRO_X,-1.146,GYRO_Y,-2.319,GYRO_Z,0.169,BODY_RATE,-0.169
TM,SUN_L,3652,SUN_R,3697,SUN_NDV,-0.0061,SUN_ANGLE,-8.16
TM,MAG_X,-18.02,MAG_Y,28.75,MAG_Z,-10.29,MAG_HEADING,122.07
TM,GYRO_X,-1.033,GYRO_Y,-2.266,GYRO_Z,-0.347,BODY_RATE,0.347
TM,ADCS_MODE,MANUAL,ADCS_REFERENCE,SUN,TARGET,0.00,POINTING_ERROR,7.99,SUN_ERROR,8.16,MAG_ERROR,-122.07,GYRO_Z,-0.111,RW_CMD,0
TM,EST_RAW,-8.16,EST_FILTERED,-8.16,EST_ANGLE,-7.99,EST_FILTER,ON,EST_FILTER_TYPE,MOVING_AVERAGE,EST_MA_WINDOW,1,EST_FILTER_STRENGTH,0.35
TM,EST_FUSION,ON,EST_GYRO_WEIGHT,0.98,EST_VALID,1
TM,SUN_L,3650,SUN_R,3698,SUN_NDV,-0.0065,SUN_ANGLE,-8.11
TM,MAG_X,-18.14,MAG_Y,28.80,MAG_Z,-10.19,MAG_HEADING,122.21
TM,GYRO_X,-0.892,GYRO_Y,-2.398,GYRO_Z,-0.093,BODY_RATE,0.093
TM,ADCS_MODE,MANUAL,ADCS_REFERENCE,SUN,TARGET,0.00,POINTING_ERROR,8.00,SUN_ERROR,7.98,MAG_ERROR,-122.21,GYRO_Z,-0.067,RW_CMD,0
TM,EST_RAW,-7.98,EST_FILTERED,-7.98,EST_ANGLE,-8.00,EST_FILTER,ON,EST_FILTER_TYPE,MOVING_AVERAGE,EST_MA_WINDOW,1,EST_FILTER_STRENGTH,0.35
TM,EST_FUSION,ON,EST_GYRO_WEIGHT,0.98,EST_VALID,1
TM,SUN_L,3651,SUN_R,3697,SUN_NDV,-0.0063,SUN_ANGLE,-8.35
TM,MAG_X,-18.48,MAG_Y,28.59,MAG_Z,-10.11,MAG_HEADING,122.88
TM,GYRO_X,-1.015,GYRO_Y,-2.520,GYRO_Z,-0.277,BODY_RATE,0.277
TM,ADCS_MODE,MANUAL,ADCS_REFERENCE,SUN,TARGET,0.00,POINTING_ERROR,8.06,SUN_ERROR,8.23,MAG_ERROR,-122.20,GYRO_Z,0.020,RW_CMD,0
TM,EST_RAW,-8.23,EST_FILTERED,-8.23,EST_ANGLE,-8.06,EST_FILTER,ON,EST_FILTER_TYPE,MOVING_AVERAGE,EST_MA_WINDOW,1,EST_FILTER_STRENGTH,0.35
TM,EST_FUSION,ON,EST_GYRO_WEIGHT,0.98,EST_VALID,1
TM,SUN_L,3651,SUN_R,3697,SUN_NDV,-0.0063,SUN_ANGLE,-8.42
TM,MAG_X,-18.05,MAG_Y,28.66,MAG_Z,-10.06,MAG_HEADING,122.20
TM,GYRO_X,-1.146,GYRO_Y,-2.214,GYRO_Z,-0.006,BODY_RATE,0.006
TM,ADCS_MODE,MANUAL,ADCS_REFERENCE,SUN,TARGET,0.00,POINTING_ERROR,8.10,SUN_ERROR,8.44,MAG_ERROR,-122.30,GYRO_Z,-0.032,RW_CMD,0
TM,EST_RAW,-8.44,EST_FILTERED,-8.44,EST_ANGLE,-8.10,EST_FILTER,ON,EST_FILTER_TYPE,MOVING_AVERAGE,EST_MA_WINDOW,1,EST_FILTER_STRENGTH,0.35
TM,EST_FUSION,ON,EST_GYRO_WEIGHT,0.98,EST_VALID,1
TM,SUN_L,3651,SUN_R,3696,SUN_NDV,-0.0061,SUN_ANGLE,-8.30
TM,MAG_X,-18.13,MAG_Y,28.80,MAG_Z,-10.30,MAG_HEADING,122.19
TM,GYRO_X,-0.936,GYRO_Y,-2.196,GYRO_Z,-0.093,BODY_RATE,0.093
TM,SUN_L,3650,SUN_R,3698,SUN_NDV,-0.0065,SUN_ANGLE,-7.76
TM,MAG_X,-18.05,MAG_Y,28.67,MAG_Z,-10.14,MAG_HEADING,122.19
TM,GYRO_X,-0.989,GYRO_Y,-2.415,GYRO_Z,-0.058,BODY_RATE,0.058
TM,ADCS_MODE,MANUAL,ADCS_REFERENCE,SUN,TARGET,0.00,POINTING_ERROR,8.08,SUN_ERROR,7.76,MAG_ERROR,-122.19,GYRO_Z,-0.058,RW_CMD,0
TM,EST_RAW,-7.76,EST_FILTERED,-7.76,EST_ANGLE,-8.08,EST_FILTER,ON,EST_FILTER_TYPE,MOVING_AVERAGE,EST_MA_WINDOW,1,EST_FILTER_STRENGTH,0.35
TM,EST_FUSION,ON,EST_GYRO_WEIGHT,0.98,EST_VALID,1
TM,SUN_L,3652,SUN_R,3699,SUN_NDV,-0.0064,SUN_ANGLE,-7.69
TM,MAG_X,-18.13,MAG_Y,28.72,MAG_Z,-10.32,MAG_HEADING,122.26
TM,GYRO_X,-0.735,GYRO_Y,-2.503,GYRO_Z,-0.102,BODY_RATE,0.102
TM,ADCS_MODE,MANUAL,ADCS_REFERENCE,SUN,TARGET,0.00,POINTING_ERROR,8.07,SUN_ERROR,8.34,MAG_ERROR,-122.26,GYRO_Z,0.152,RW_CMD,0
TM,EST_RAW,-8.34,EST_FILTERED,-8.34,EST_ANGLE,-8.07,EST_FILTER,ON,EST_FILTER_TYPE,MOVING_AVERAGE,EST_MA_WINDOW,1,EST_FILTER_STRENGTH,0.35
TM,EST_FUSION,ON,EST_GYRO_WEIGHT,0.98,EST_VALID,1
TM,SUN_L,3650,SUN_R,3699,SUN_NDV,-0.0067,SUN_ANGLE,-8.41
TM,MAG_X,-18.06,MAG_Y,28.78,MAG_Z,-10.10,MAG_HEADING,122.11
TM,GYRO_X,-1.129,GYRO_Y,-2.406,GYRO_Z,0.187,BODY_RATE,-0.187
TM,ADCS_MODE,MANUAL,ADCS_REFERENCE,SUN,TARGET,0.00,POINTING_ERROR,8.06,SUN_ERROR,7.69,MAG_ERROR,-122.19,GYRO_Z,0.038,RW_CMD,0
TM,EST_RAW,-7.69,EST_FILTERED,-7.69,EST_ANGLE,-8.06,EST_FILTER,ON,EST_FILTER_TYPE,MOVING_AVERAGE,EST_MA_WINDOW,1,EST_FILTER_STRENGTH,0.35
TM,EST_FUSION,ON,EST_GYRO_WEIGHT,0.98,EST_VALID,1
TM,SUN_L,3654,SUN_R,3698,SUN_NDV,-0.0060,SUN_ANGLE,-8.22
TM,MAG_X,-18.11,MAG_Y,28.74,MAG_Z,-10.22,MAG_HEADING,122.22
TM,GYRO_X,-0.998,GYRO_Y,-2.170,GYRO_Z,0.064,BODY_RATE,-0.064
TM,ADCS_MODE,MANUAL,ADCS_REFERENCE,SUN,TARGET,0.00,POINTING_ERROR,8.02,SUN_ERROR,7.83,MAG_ERROR,-122.32,GYRO_Z,0.020,RW_CMD,0
TM,EST_RAW,-7.83,EST_FILTERED,-7.83,EST_ANGLE,-8.02,EST_FILTER,ON,EST_FILTER_TYPE,MOVING_AVERAGE,EST_MA_WINDOW,1,EST_FILTER_STRENGTH,0.35
TM,EST_FUSION,ON,EST_GYRO_WEIGHT,0.98,EST_VALID,1
TM,SUN_L,3650,SUN_R,3698,SUN_NDV,-0.0065,SUN_ANGLE,-8.01
TM,MAG_X,-18.13,MAG_Y,28.66,MAG_Z,-10.03,MAG_HEADING,122.32
TM,GYRO_X,-1.006,GYRO_Y,-2.293,GYRO_Z,-0.050,BODY_RATE,0.050
TM,SUN_L,3651,SUN_R,3698,SUN_NDV,-0.0064,SUN_ANGLE,-8.11
TM,MAG_X,-18.05,MAG_Y,28.70,MAG_Z,-10.22,MAG_HEADING,122.16
TM,GYRO_X,-1.041,GYRO_Y,-2.380,GYRO_Z,-0.067,BODY_RATE,0.067
TM,ADCS_MODE,MANUAL,ADCS_REFERENCE,SUN,TARGET,0.00,POINTING_ERROR,8.02,SUN_ERROR,8.12,MAG_ERROR,-122.16,GYRO_Z,0.020,RW_CMD,0
TM,EST_RAW,-8.12,EST_FILTERED,-8.12,EST_ANGLE,-8.02,EST_FILTER,ON,EST_FILTER_TYPE,MOVING_AVERAGE,EST_MA_WINDOW,1,EST_FILTER_STRENGTH,0.35
TM,EST_FUSION,ON,EST_GYRO_WEIGHT,0.98,EST_VALID,1
TM,SUN_L,3649,SUN_R,3698,SUN_NDV,-0.0067,SUN_ANGLE,-7.66
TM,MAG_X,-17.94,MAG_Y,28.66,MAG_Z,-10.32,MAG_HEADING,122.04
TM,GYRO_X,-0.726,GYRO_Y,-2.564,GYRO_Z,0.020,BODY_RATE,-0.020
TM,ADCS_MODE,MANUAL,ADCS_REFERENCE,SUN,TARGET,0.00,POINTING_ERROR,8.00,SUN_ERROR,8.19,MAG_ERROR,-122.03,GYRO_Z,0.230,RW_CMD,0
TM,EST_RAW,-8.19,EST_FILTERED,-8.19,EST_ANGLE,-8.00,EST_FILTER,ON,EST_FILTER_TYPE,MOVING_AVERAGE,EST_MA_WINDOW,1,EST_FILTER_STRENGTH,0.35
TM,EST_FUSION,ON,EST_GYRO_WEIGHT,0.98,EST_VALID,1
TM,SUN_L,3652,SUN_R,3699,SUN_NDV,-0.0064,SUN_ANGLE,-7.82
TM,MAG_X,-18.11,MAG_Y,28.66,MAG_Z,-10.14,MAG_HEADING,122.29
TM,GYRO_X,-1.120,GYRO_Y,-2.284,GYRO_Z,0.353,BODY_RATE,-0.353
TM,ADCS_MODE,MANUAL,ADCS_REFERENCE,SUN,TARGET,0.00,POINTING_ERROR,8.00,SUN_ERROR,8.43,MAG_ERROR,-122.29,GYRO_Z,-0.111,RW_CMD,0
TM,EST_RAW,-8.43,EST_FILTERED,-8.43,EST_ANGLE,-8.00,EST_FILTER,ON,EST_FILTER_TYPE,MOVING_AVERAGE,EST_MA_WINDOW,1,EST_FILTER_STRENGTH,0.35
TM,EST_FUSION,ON,EST_GYRO_WEIGHT,0.98,EST_VALID,1
TM,SUN_L,3651,SUN_R,3696,SUN_NDV,-0.0061,SUN_ANGLE,-7.75
TM,MAG_X,-18.16,MAG_Y,28.78,MAG_Z,-10.19,MAG_HEADING,122.25
TM,GYRO_X,-0.858,GYRO_Y,-2.459,GYRO_Z,0.248,BODY_RATE,-0.248
TM,ADCS_MODE,MANUAL,ADCS_REFERENCE,SUN,TARGET,0.00,POINTING_ERROR,7.95,SUN_ERROR,7.97,MAG_ERROR,-122.78,GYRO_Z,-0.058,RW_CMD,0
TM,EST_RAW,-7.97,EST_FILTERED,-7.97,EST_ANGLE,-7.95,EST_FILTER,ON,EST_FILTER_TYPE,MOVING_AVERAGE,EST_MA_WINDOW,1,EST_FILTER_STRENGTH,0.35
TM,EST_FUSION,ON,EST_GYRO_WEIGHT,0.98,EST_VALID,1
TM,SUN_L,3654,SUN_R,3697,SUN_NDV,-0.0058,SUN_ANGLE,-8.03
TM,MAG_X,-18.35,MAG_Y,28.50,MAG_Z,-10.21,MAG_HEADING,122.78
TM,GYRO_X,-0.919,GYRO_Y,-2.188,GYRO_Z,-0.076,BODY_RATE,0.076
TM,SUN_L,3651,SUN_R,3698,SUN_NDV,-0.0064,SUN_ANGLE,-8.50
TM,MAG_X,-18.16,MAG_Y,28.66,MAG_Z,-10.21,MAG_HEADING,122.36
TM,GYRO_X,-1.102,GYRO_Y,-2.328,GYRO_Z,-0.321,BODY_RATE,0.321
TM,ADCS_MODE,MANUAL,ADCS_REFERENCE,SUN,TARGET,0.00,POINTING_ERROR,7.96,SUN_ERROR,8.50,MAG_ERROR,-122.36,GYRO_Z,0.064,RW_CMD,0
TM,EST_RAW,-8.50,EST_FILTERED,-8.50,EST_ANGLE,-7.96,EST_FILTER,ON,EST_FILTER_TYPE,MOVING_AVERAGE,EST_MA_WINDOW,1,EST_FILTER_STRENGTH,0.35
TM,EST_FUSION,ON,EST_GYRO_WEIGHT,0.98,EST_VALID,1
TM,SUN_L,3653,SUN_R,3700,SUN_NDV,-0.0064,SUN_ANGLE,-8.07
TM,MAG_X,-18.14,MAG_Y,28.74,MAG_Z,-10.24,MAG_HEADING,122.27
TM,GYRO_X,-0.849,GYRO_Y,-2.599,GYRO_Z,-0.093,BODY_RATE,0.093
TM,ADCS_MODE,MANUAL,ADCS_REFERENCE,SUN,TARGET,0.00,POINTING_ERROR,7.93,SUN_ERROR,7.61,MAG_ERROR,-122.27,GYRO_Z,0.038,RW_CMD,0
TM,EST_RAW,-7.61,EST_FILTERED,-7.61,EST_ANGLE,-7.93,EST_FILTER,ON,EST_FILTER_TYPE,MOVING_AVERAGE,EST_MA_WINDOW,1,EST_FILTER_STRENGTH,0.35
TM,EST_FUSION,ON,EST_GYRO_WEIGHT,0.98,EST_VALID,1
TM,SUN_L,3653,SUN_R,3698,SUN_NDV,-0.0061,SUN_ANGLE,-8.09
TM,MAG_X,-18.08,MAG_Y,28.62,MAG_Z,-10.22,MAG_HEADING,122.28
TM,GYRO_X,-0.998,GYRO_Y,-2.170,GYRO_Z,0.292,BODY_RATE,-0.292
TM,ADCS_MODE,MANUAL,ADCS_REFERENCE,SUN,TARGET,0.00,POINTING_ERROR,7.92,SUN_ERROR,7.91,MAG_ERROR,-122.26,GYRO_Z,0.003,RW_CMD,0
TM,EST_RAW,-7.91,EST_FILTERED,-7.91,EST_ANGLE,-7.92,EST_FILTER,ON,EST_FILTER_TYPE,MOVING_AVERAGE,EST_MA_WINDOW,1,EST_FILTER_STRENGTH,0.35
TM,EST_FUSION,ON,EST_GYRO_WEIGHT,0.98,EST_VALID,1
TM,SUN_L,3653,SUN_R,3698,SUN_NDV,-0.0061,SUN_ANGLE,-7.64
TM,MAG_X,-18.10,MAG_Y,28.67,MAG_Z,-10.22,MAG_HEADING,122.26
TM,GYRO_X,-1.321,GYRO_Y,-2.503,GYRO_Z,-0.093,BODY_RATE,0.093
TM,ADCS_MODE,MANUAL,ADCS_REFERENCE,SUN,TARGET,0.00,POINTING_ERROR,7.95,SUN_ERROR,8.04,MAG_ERROR,-121.99,GYRO_Z,0.029,RW_CMD,0
TM,EST_RAW,-8.04,EST_FILTERED,-8.04,EST_ANGLE,-7.95,EST_FILTER,ON,EST_FILTER_TYPE,MOVING_AVERAGE,EST_MA_WINDOW,1,EST_FILTER_STRENGTH,0.35
TM,EST_FUSION,ON,EST_GYRO_WEIGHT,0.98,EST_VALID,1
TM,SUN_L,3652,SUN_R,3698,SUN_NDV,-0.0063,SUN_ANGLE,-7.96
TM,MAG_X,-18.14,MAG_Y,28.74,MAG_Z,-10.08,MAG_HEADING,122.27
TM,GYRO_X,-0.892,GYRO_Y,-2.345,GYRO_Z,-0.155,BODY_RATE,0.155
TM,SUN_L,3654,SUN_R,3699,SUN_NDV,-0.0061,SUN_ANGLE,-8.19
TM,MAG_X,-18.13,MAG_Y,28.72,MAG_Z,-10.21,MAG_HEADING,122.26
TM,GYRO_X,-1.059,GYRO_Y,-2.249,GYRO_Z,-0.181,BODY_RATE,0.181
TM,ADCS_MODE,MANUAL,ADCS_REFERENCE,SUN,TARGET,0.00,POINTING_ERROR,7.93,SUN_ERROR,8.19,MAG_ERROR,-122.26,GYRO_Z,-0.181,RW_CMD,0
TM,EST_RAW,-8.19,EST_FILTERED,-8.19,EST_ANGLE,-7.93,EST_FILTER,ON,EST_FILTER_TYPE,MOVING_AVERAGE,EST_MA_WINDOW,1,EST_FILTER_STRENGTH,0.35
TM,EST_FUSION,ON,EST_GYRO_WEIGHT,0.98,EST_VALID,1
TM,SUN_L,3652,SUN_R,3699,SUN_NDV,-0.0064,SUN_ANGLE,-7.98
TM,MAG_X,-18.03,MAG_Y,28.61,MAG_Z,-10.34,MAG_HEADING,122.22
TM,GYRO_X,-0.735,GYRO_Y,-2.467,GYRO_Z,0.300,BODY_RATE,-0.300
TM,ADCS_MODE,MANUAL,ADCS_REFERENCE,SUN,TARGET,0.00,POINTING_ERROR,7.94,SUN_ERROR,7.99,MAG_ERROR,-122.37,GYRO_Z,0.047,RW_CMD,0
TM,EST_RAW,-7.99,EST_FILTERED,-7.99,EST_ANGLE,-7.94,EST_FILTER,ON,EST_FILTER_TYPE,MOVING_AVERAGE,EST_MA_WINDOW,1,EST_FILTER_STRENGTH,0.35
TM,EST_FUSION,ON,EST_GYRO_WEIGHT,0.98,EST_VALID,1
TM,SUN_L,3653,SUN_R,3698,SUN_NDV,-0.0061,SUN_ANGLE,-7.54
TM,MAG_X,-18.11,MAG_Y,28.74,MAG_Z,-10.08,MAG_HEADING,122.22
TM,GYRO_X,-0.962,GYRO_Y,-2.152,GYRO_Z,0.047,BODY_RATE,-0.047
TM,ADCS_MODE,MANUAL,ADCS_REFERENCE,SUN,TARGET,0.00,POINTING_ERROR,7.92,SUN_ERROR,7.77,MAG_ERROR,-122.22,GYRO_Z,-0.260,RW_CMD,0
TM,EST_RAW,-7.77,EST_FILTERED,-7.77,EST_ANGLE,-7.92,EST_FILTER,ON,EST_FILTER_TYPE,MOVING_AVERAGE,EST_MA_WINDOW,1,EST_FILTER_STRENGTH,0.35
TM,EST_FUSION,ON,EST_GYRO_WEIGHT,0.98,EST_VALID,1
TM,SUN_L,3652,SUN_R,3699,SUN_NDV,-0.0064,SUN_ANGLE,-8.46
TM,MAG_X,-18.02,MAG_Y,28.70,MAG_Z,-10.24,MAG_HEADING,122.11
TM,GYRO_X,-0.980,GYRO_Y,-2.266,GYRO_Z,-0.321,BODY_RATE,0.321
TM,ADCS_MODE,MANUAL,ADCS_REFERENCE,SUN,TARGET,0.00,POINTING_ERROR,7.92,SUN_ERROR,8.29,MAG_ERROR,-122.24,GYRO_Z,0.239,RW_CMD,0
TM,EST_RAW,-8.29,EST_FILTERED,-8.29,EST_ANGLE,-7.92,EST_FILTER,ON,EST_FILTER_TYPE,MOVING_AVERAGE,EST_MA_WINDOW,1,EST_FILTER_STRENGTH,0.35
TM,EST_FUSION,ON,EST_GYRO_WEIGHT,0.98,EST_VALID,1
TM,SUN_L,3654,SUN_R,3699,SUN_NDV,-0.0061,SUN_ANGLE,-8.43
TM,MAG_X,-18.11,MAG_Y,28.72,MAG_Z,-10.40,MAG_HEADING,122.24
TM,GYRO_X,-0.936,GYRO_Y,-2.257,GYRO_Z,0.152,BODY_RATE,-0.152
TM,SUN_L,3653,SUN_R,3699,SUN_NDV,-0.0063,SUN_ANGLE,-7.88
TM,MAG_X,-18.10,MAG_Y,28.78,MAG_Z,-10.40,MAG_HEADING,122.16
TM,GYRO_X,-0.980,GYRO_Y,-2.362,GYRO_Z,-0.076,BODY_RATE,0.076
TM,ADCS_MODE,MANUAL,ADCS_REFERENCE,SUN,TARGET,0.00,POINTING_ERROR,7.94,SUN_ERROR,7.88,MAG_ERROR,-122.16,GYRO_Z,-0.050,RW_CMD,0
TM,EST_RAW,-7.88,EST_FILTERED,-7.88,EST_ANGLE,-7.94,EST_FILTER,ON,EST_FILTER_TYPE,MOVING_AVERAGE,EST_MA_WINDOW,1,EST_FILTER_STRENGTH,0.35
TM,EST_FUSION,ON,EST_GYRO_WEIGHT,0.98,EST_VALID,1
TM,SUN_L,3651,SUN_R,3699,SUN_NDV,-0.0065,SUN_ANGLE,-7.96
TM,MAG_X,-18.02,MAG_Y,28.74,MAG_Z,-10.29,MAG_HEADING,122.09
TM,GYRO_X,-1.067,GYRO_Y,-2.223,GYRO_Z,0.020,BODY_RATE,-0.020
TM,ADCS_MODE,MANUAL,ADCS_REFERENCE,SUN,TARGET,0.00,POINTING_ERROR,7.93,SUN_ERROR,7.81,MAG_ERROR,-122.09,GYRO_Z,0.047,RW_CMD,0
TM,EST_RAW,-7.81,EST_FILTERED,-7.81,EST_ANGLE,-7.93,EST_FILTER,ON,EST_FILTER_TYPE,MOVING_AVERAGE,EST_MA_WINDOW,1,EST_FILTER_STRENGTH,0.35
TM,EST_FUSION,ON,EST_GYRO_WEIGHT,0.98,EST_VALID,1
TM,SUN_L,3653,SUN_R,3697,SUN_NDV,-0.0060,SUN_ANGLE,-8.63
TM,MAG_X,-18.00,MAG_Y,28.72,MAG_Z,-10.21,MAG_HEADING,122.08
TM,GYRO_X,-1.033,GYRO_Y,-2.266,GYRO_Z,-0.233,BODY_RATE,0.233
TM,ADCS_MODE,MANUAL,ADCS_REFERENCE,SUN,TARGET,0.00,POINTING_ERROR,7.94,SUN_ERROR,8.06,MAG_ERROR,-122.26,GYRO_Z,-0.041,RW_CMD,0
TM,EST_RAW,-8.06,EST_FILTERED,-8.06,EST_ANGLE,-7.94,EST_FILTER,ON,EST_FILTER_TYPE,MOVING_AVERAGE,EST_MA_WINDOW,1,EST_FILTER_STRENGTH,0.35
TM,EST_FUSION,ON,EST_GYRO_WEIGHT,0.98,EST_VALID,1
TM,SUN_L,3652,SUN_R,3699,SUN_NDV,-0.0064,SUN_ANGLE,-7.88
TM,MAG_X,-18.18,MAG_Y,28.80,MAG_Z,-10.27,MAG_HEADING,122.26
TM,GYRO_X,-0.884,GYRO_Y,-2.529,GYRO_Z,-0.050,BODY_RATE,0.050
TM,ADCS_MODE,MANUAL,ADCS_REFERENCE,SUN,TARGET,0.00,POINTING_ERROR,7.93,SUN_ERROR,8.12,MAG_ERROR,-122.22,GYRO_Z,0.467,RW_CMD,0
TM,EST_RAW,-8.12,EST_FILTERED,-8.12,EST_ANGLE,-7.93,EST_FILTER,ON,EST_FILTER_TYPE,MOVING_AVERAGE,EST_MA_WINDOW,1,EST_FILTER_STRENGTH,0.35
TM,EST_FUSION,ON,EST_GYRO_WEIGHT,0.98,EST_VALID,1
TM,SUN_L,3652,SUN_R,3699,SUN_NDV,-0.0064,SUN_ANGLE,-8.02
TM,MAG_X,-18.13,MAG_Y,28.77,MAG_Z,-10.24,MAG_HEADING,122.22
TM,GYRO_X,-1.190,GYRO_Y,-2.249,GYRO_Z,0.082,BODY_RATE,-0.082
TM,SUN_L,3653,SUN_R,3698,SUN_NDV,-0.0061,SUN_ANGLE,-8.09
TM,MAG_X,-18.03,MAG_Y,28.75,MAG_Z,-10.19,MAG_HEADING,122.09
TM,GYRO_X,-1.138,GYRO_Y,-2.170,GYRO_Z,0.020,BODY_RATE,-0.020
TM,ADCS_MODE,MANUAL,ADCS_REFERENCE,SUN,TARGET,0.00,POINTING_ERROR,7.91,SUN_ERROR,8.10,MAG_ERROR,-122.09,GYRO_Z,-0.365,RW_CMD,0
TM,EST_RAW,-8.10,EST_FILTERED,-8.10,EST_ANGLE,-7.91,EST_FILTER,ON,EST_FILTER_TYPE,MOVING_AVERAGE,EST_MA_WINDOW,1,EST_FILTER_STRENGTH,0.35
TM,EST_FUSION,ON,EST_GYRO_WEIGHT,0.98,EST_VALID,1
TM,SUN_L,3653,SUN_R,3699,SUN_NDV,-0.0063,SUN_ANGLE,-7.89
TM,MAG_X,-18.10,MAG_Y,28.85,MAG_Z,-10.22,MAG_HEADING,122.10
TM,GYRO_X,-1.076,GYRO_Y,-2.660,GYRO_Z,-0.400,BODY_RATE,0.400
TM,ADCS_MODE,MANUAL,ADCS_REFERENCE,SUN,TARGET,0.00,POINTING_ERROR,7.91,SUN_ERROR,8.02,MAG_ERROR,-122.10,GYRO_Z,-0.067,RW_CMD,0
TM,EST_RAW,-8.02,EST_FILTERED,-8.02,EST_ANGLE,-7.91,EST_FILTER,ON,EST_FILTER_TYPE,MOVING_AVERAGE,EST_MA_WINDOW,1,EST_FILTER_STRENGTH,0.35
TM,EST_FUSION,ON,EST_GYRO_WEIGHT,0.98,EST_VALID,1
TM,SUN_L,3653,SUN_R,3697,SUN_NDV,-0.0060,SUN_ANGLE,-7.78
TM,MAG_X,-18.08,MAG_Y,28.75,MAG_Z,-10.22,MAG_HEADING,122.16
TM,GYRO_X,-0.901,GYRO_Y,-2.362,GYRO_Z,-0.181,BODY_RATE,0.181
TM,ADCS_MODE,MANUAL,ADCS_REFERENCE,SUN,TARGET,0.00,POINTING_ERROR,7.87,SUN_ERROR,7.92,MAG_ERROR,-122.31,GYRO_Z,-0.050,RW_CMD,0
TM,EST_RAW,-7.92,EST_FILTERED,-7.92,EST_ANGLE,-7.87,EST_FILTER,ON,EST_FILTER_TYPE,MOVING_AVERAGE,EST_MA_WINDOW,1,EST_FILTER_STRENGTH,0.35
TM,EST_FUSION,ON,EST_GYRO_WEIGHT,0.98,EST_VALID,1
TM,SUN_L,3652,SUN_R,3699,SUN_NDV,-0.0064,SUN_ANGLE,-7.84
TM,MAG_X,-18.05,MAG_Y,28.67,MAG_Z,-10.27,MAG_HEADING,122.19
TM,GYRO_X,-1.199,GYRO_Y,-2.345,GYRO_Z,0.108,BODY_RATE,-0.108
TM,ADCS_MODE,MANUAL,ADCS_REFERENCE,SUN,TARGET,0.00,POINTING_ERROR,7.84,SUN_ERROR,7.38,MAG_ERROR,-122.09,GYRO_Z,-0.050,RW_CMD,0
TM,EST_RAW,-7.38,EST_FILTERED,-7.38,EST_ANGLE,-7.84,EST_FILTER,ON,EST_FILTER_TYPE,MOVING_AVERAGE,EST_MA_WINDOW,1,EST_FILTER_STRENGTH,0.35
TM,EST_FUSION,ON,EST_GYRO_WEIGHT,0.98,EST_VALID,1
TM,SUN_L,3651,SUN_R,3695,SUN_NDV,-0.0060,SUN_ANGLE,-8.19
TM,MAG_X,-18.10,MAG_Y,28.86,MAG_Z,-10.42,MAG_HEADING,122.09
TM,GYRO_X,-0.779,GYRO_Y,-2.389,GYRO_Z,-0.155,BODY_RATE,0.155
TM,SUN_L,3652,SUN_R,3698,SUN_NDV,-0.0063,SUN_ANGLE,-8.26
TM,MAG_X,-18.05,MAG_Y,28.82,MAG_Z,-10.22,MAG_HEADING,122.06
TM,GYRO_X,-0.998,GYRO_Y,-2.293,GYRO_Z,0.125,BODY_RATE,-0.125
TM,ADCS_MODE,MANUAL,ADCS_REFERENCE,SUN,TARGET,0.00,POINTING_ERROR,7.86,SUN_ERROR,8.26,MAG_ERROR,-122.06,GYRO_Z,0.125,RW_CMD,0
TM,EST_RAW,-8.26,EST_FILTERED,-8.26,EST_ANGLE,-7.86,EST_FILTER,ON,EST_FILTER_TYPE,MOVING_AVERAGE,EST_MA_WINDOW,1,EST_FILTER_STRENGTH,0.35
TM,EST_FUSION,ON,EST_GYRO_WEIGHT,0.98,EST_VALID,1
TM,SUN_L,3652,SUN_R,3697,SUN_NDV,-0.0061,SUN_ANGLE,-8.14
TM,MAG_X,-17.90,MAG_Y,28.78,MAG_Z,-10.24,MAG_HEADING,121.88
TM,GYRO_X,-0.919,GYRO_Y,-2.476,GYRO_Z,-0.050,BODY_RATE,0.050
TM,ADCS_MODE,MANUAL,ADCS_REFERENCE,SUN,TARGET,0.00,POINTING_ERROR,7.87,SUN_ERROR,8.11,MAG_ERROR,-122.03,GYRO_Z,0.117,RW_CMD,0
TM,EST_RAW,-8.11,EST_FILTERED,-8.11,EST_ANGLE,-7.87,EST_FILTER,ON,EST_FILTER_TYPE,MOVING_AVERAGE,EST_MA_WINDOW,1,EST_FILTER_STRENGTH,0.35
TM,EST_FUSION,ON,EST_GYRO_WEIGHT,0.98,EST_VALID,1
TM,SUN_L,3654,SUN_R,3699,SUN_NDV,-0.0061,SUN_ANGLE,-7.17
TM,MAG_X,-17.98,MAG_Y,28.75,MAG_Z,-10.32,MAG_HEADING,122.03
TM,GYRO_X,-0.822,GYRO_Y,-2.459,GYRO_Z,0.064,BODY_RATE,-0.064
TM,ADCS_MODE,MANUAL,ADCS_REFERENCE,SUN,TARGET,0.00,POINTING_ERROR,7.85,SUN_ERROR,7.70,MAG_ERROR,-122.03,GYRO_Z,-0.120,RW_CMD,0
TM,EST_RAW,-7.70,EST_FILTERED,-7.70,EST_ANGLE,-7.85,EST_FILTER,ON,EST_FILTER_TYPE,MOVING_AVERAGE,EST_MA_WINDOW,1,EST_FILTER_STRENGTH,0.35
TM,EST_FUSION,ON,EST_GYRO_WEIGHT,0.98,EST_VALID,1
TM,SUN_L,3654,SUN_R,3698,SUN_NDV,-0.0060,SUN_ANGLE,-7.55
TM,MAG_X,-18.16,MAG_Y,28.88,MAG_Z,-10.16,MAG_HEADING,122.16
TM,GYRO_X,-1.129,GYRO_Y,-2.415,GYRO_Z,0.029,BODY_RATE,-0.029
TM,ADCS_MODE,MANUAL,ADCS_REFERENCE,SUN,TARGET,0.00,POINTING_ERROR,7.93,SUN_ERROR,8.37,MAG_ERROR,-122.29,GYRO_Z,0.012,RW_CMD,0
TM,EST_RAW,-8.37,EST_FILTERED,-8.37,EST_ANGLE,-7.93,EST_FILTER,ON,EST_FILTER_TYPE,MOVING_AVERAGE,EST_MA_WINDOW,1,EST_FILTER_STRENGTH,0.35
TM,EST_FUSION,ON,EST_GYRO_WEIGHT,0.98,EST_VALID,1
TM,SUN_L,3652,SUN_R,3698,SUN_NDV,-0.0063,SUN_ANGLE,-7.69
TM,MAG_X,-18.13,MAG_Y,28.69,MAG_Z,-10.32,MAG_HEADING,122.29
TM,GYRO_X,-0.840,GYRO_Y,-2.572,GYRO_Z,-0.041,BODY_RATE,0.041
TM,SUN_L,3654,SUN_R,3698,SUN_NDV,-0.0060,SUN_ANGLE,-7.85
TM,MAG_X,-18.08,MAG_Y,28.69,MAG_Z,-10.19,MAG_HEADING,122.22
TM,GYRO_X,-1.111,GYRO_Y,-2.293,GYRO_Z,-0.163,BODY_RATE,0.163
TM,ADCS_MODE,MANUAL,ADCS_REFERENCE,SUN,TARGET,0.00,POINTING_ERROR,7.91,SUN_ERROR,7.85,MAG_ERROR,-122.22,GYRO_Z,0.003,RW_CMD,0
TM,EST_RAW,-7.85,EST_FILTERED,-7.85,EST_ANGLE,-7.91,EST_FILTER,ON,EST_FILTER_TYPE,MOVING_AVERAGE,EST_MA_WINDOW,1,EST_FILTER_STRENGTH,0.35
TM,EST_FUSION,ON,EST_GYRO_WEIGHT,0.98,EST_VALID,1
TM,SUN_L,3653,SUN_R,3699,SUN_NDV,-0.0063,SUN_ANGLE,-7.75
TM,MAG_X,-18.05,MAG_Y,28.74,MAG_Z,-10.32,MAG_HEADING,122.13
TM,GYRO_X,-0.928,GYRO_Y,-2.371,GYRO_Z,0.195,BODY_RATE,-0.195
TM,ADCS_MODE,MANUAL,ADCS_REFERENCE,SUN,TARGET,0.00,POINTING_ERROR,7.90,SUN_ERROR,8.09,MAG_ERROR,-122.13,GYRO_Z,0.134,RW_CMD,0
TM,EST_RAW,-8.09,EST_FILTERED,-8.09,EST_ANGLE,-7.90,EST_FILTER,ON,EST_FILTER_TYPE,MOVING_AVERAGE,EST_MA_WINDOW,1,EST_FILTER_STRENGTH,0.35
TM,EST_FUSION,ON,EST_GYRO_WEIGHT,0.98,EST_VALID,1
TM,SUN_L,3653,SUN_R,3698,SUN_NDV,-0.0061,SUN_ANGLE,-8.29
TM,MAG_X,-18.16,MAG_Y,28.78,MAG_Z,-10.18,MAG_HEADING,122.25
TM,GYRO_X,-1.164,GYRO_Y,-2.205,GYRO_Z,-0.146,BODY_RATE,0.146
TM,ADCS_MODE,MANUAL,ADCS_REFERENCE,SUN,TARGET,0.00,POINTING_ERROR,7.88,SUN_ERROR,8.25,MAG_ERROR,-122.01,GYRO_Z,-0.233,RW_CMD,0
TM,EST_RAW,-8.25,EST_FILTERED,-8.25,EST_ANGLE,-7.88,EST_FILTER,ON,EST_FILTER_TYPE,MOVING_AVERAGE,EST_MA_WINDOW,1,EST_FILTER_STRENGTH,0.35
TM,EST_FUSION,ON,EST_GYRO_WEIGHT,0.98,EST_VALID,1
TM,SUN_L,3654,SUN_R,3699,SUN_NDV,-0.0061,SUN_ANGLE,-8.18
TM,MAG_X,-18.02,MAG_Y,28.82,MAG_Z,-10.19,MAG_HEADING,122.01
TM,GYRO_X,-0.788,GYRO_Y,-2.555,GYRO_Z,-0.015,BODY_RATE,0.015
TM,ADCS_MODE,MANUAL,ADCS_REFERENCE,SUN,TARGET,0.00,POINTING_ERROR,7.89,SUN_ERROR,8.29,MAG_ERROR,-122.25,GYRO_Z,-0.172,RW_CMD,0
TM,EST_RAW,-8.29,EST_FILTERED,-8.29,EST_ANGLE,-7.89,EST_FILTER,ON,EST_FILTER_TYPE,MOVING_AVERAGE,EST_MA_WINDOW,1,EST_FILTER_STRENGTH,0.35
TM,EST_FUSION,ON,EST_GYRO_WEIGHT,0.98,EST_VALID,1
TM,SUN_L,3652,SUN_R,3699,SUN_NDV,-0.0064,SUN_ANGLE,-8.15
TM,MAG_X,-18.11,MAG_Y,28.62,MAG_Z,-10.24,MAG_HEADING,122.32
TM,GYRO_X,-1.076,GYRO_Y,-2.152,GYRO_Z,0.012,BODY_RATE,-0.012
TM,SUN_L,3653,SUN_R,3701,SUN_NDV,-0.0065,SUN_ANGLE,-8.16
TM,MAG_X,-18.18,MAG_Y,28.70,MAG_Z,-10.10,MAG_HEADING,122.34
TM,GYRO_X,-0.875,GYRO_Y,-2.441,GYRO_Z,-0.006,BODY_RATE,0.006
TM,ADCS_MODE,MANUAL,ADCS_REFERENCE,SUN,TARGET,0.00,POINTING_ERROR,7.89,SUN_ERROR,7.70,MAG_ERROR,-122.34,GYRO_Z,-0.006,RW_CMD,0
TM,EST_RAW,-7.70,EST_FILTERED,-7.70,EST_ANGLE,-7.89,EST_FILTER,ON,EST_FILTER_TYPE,MOVING_AVERAGE,EST_MA_WINDOW,1,EST_FILTER_STRENGTH,0.35
TM,EST_FUSION,ON,EST_GYRO_WEIGHT,0.98,EST_VALID,1
TM,SUN_L,3652,SUN_R,3697,SUN_NDV,-0.0061,SUN_ANGLE,-7.87
TM,MAG_X,-18.10,MAG_Y,28.66,MAG_Z,-10.16,MAG_HEADING,122.27
TM,GYRO_X,-1.006,GYRO_Y,-2.362,GYRO_Z,0.090,BODY_RATE,-0.090
TM,ADCS_MODE,MANUAL,ADCS_REFERENCE,SUN,TARGET,0.00,POINTING_ERROR,7.89,SUN_ERROR,7.67,MAG_ERROR,-122.27,GYRO_Z,0.020,RW_CMD,0
TM,EST_RAW,-7.67,EST_FILTERED,-7.67,EST_ANGLE,-7.89,EST_FILTER,ON,EST_FILTER_TYPE,MOVING_AVERAGE,EST_MA_WINDOW,1,EST_FILTER_STRENGTH,0.35
TM,EST_FUSION,ON,EST_GYRO_WEIGHT,0.98,EST_VALID,1
TM,SUN_L,3653,SUN_R,3699,SUN_NDV,-0.0063,SUN_ANGLE,-7.59
TM,MAG_X,-18.27,MAG_Y,28.54,MAG_Z,-9.95,MAG_HEADING,122.62
TM,GYRO_X,-0.980,GYRO_Y,-2.328,GYRO_Z,0.108,BODY_RATE,-0.108
TM,ADCS_MODE,MANUAL,ADCS_REFERENCE,SUN,TARGET,0.00,POINTING_ERROR,7.90,SUN_ERROR,8.06,MAG_ERROR,-122.25,GYRO_Z,-0.050,RW_CMD,0
TM,EST_RAW,-8.06,EST_FILTERED,-8.06,EST_ANGLE,-7.90,EST_FILTER,ON,EST_FILTER_TYPE,MOVING_AVERAGE,EST_MA_WINDOW,1,EST_FILTER_STRENGTH,0.35
TM,EST_FUSION,ON,EST_GYRO_WEIGHT,0.98,EST_VALID,1
TM,SUN_L,3650,SUN_R,3697,SUN_NDV,-0.0064,SUN_ANGLE,-7.93
TM,MAG_X,-18.24,MAG_Y,28.54,MAG_Z,-9.86,MAG_HEADING,122.58
TM,GYRO_X,-1.076,GYRO_Y,-1.960,GYRO_Z,-0.198,BODY_RATE,0.198
TM,ADCS_MODE,MANUAL,ADCS_REFERENCE,SUN,TARGET,0.00,POINTING_ERROR,7.91,SUN_ERROR,8.10,MAG_ERROR,-122.44,GYRO_Z,0.125,RW_CMD,0
TM,EST_RAW,-8.10,EST_FILTERED,-8.10,EST_ANGLE,-7.91,EST_FILTER,ON,EST_FILTER_TYPE,MOVING_AVERAGE,EST_MA_WINDOW,1,EST_FILTER_STRENGTH,0.35
TM,EST_FUSION,ON,EST_GYRO_WEIGHT,0.98,EST_VALID,1
TM,SUN_L,3650,SUN_R,3698,SUN_NDV,-0.0065,SUN_ANGLE,-7.97
TM,MAG_X,-18.18,MAG_Y,28.59,MAG_Z,-10.02,MAG_HEADING,122.44
TM,GYRO_X,-1.059,GYRO_Y,-2.275,GYRO_Z,-0.111,BODY_RATE,0.111
TM,SUN_L,3653,SUN_R,3698,SUN_NDV,-0.0061,SUN_ANGLE,-7.98
TM,MAG_X,-18.19,MAG_Y,28.70,MAG_Z,-10.00,MAG_HEADING,122.37
TM,GYRO_X,-1.102,GYRO_Y,-2.284,GYRO_Z,-0.102,BODY_RATE,0.102
TM,ADCS_MODE,MANUAL,ADCS_REFERENCE,SUN,TARGET,0.00,POINTING_ERROR,7.90,SUN_ERROR,7.98,MAG_ERROR,-122.37,GYRO_Z,0.160,RW_CMD,0
TM,EST_RAW,-7.98,EST_FILTERED,-7.98,EST_ANGLE,-7.90,EST_FILTER,ON,EST_FILTER_TYPE,MOVING_AVERAGE,EST_MA_WINDOW,1,EST_FILTER_STRENGTH,0.35
TM,EST_FUSION,ON,EST_GYRO_WEIGHT,0.98,EST_VALID,1
TM,SUN_L,3651,SUN_R,3699,SUN_NDV,-0.0065,SUN_ANGLE,-8.17
TM,MAG_X,-18.19,MAG_Y,28.53,MAG_Z,-9.95,MAG_HEADING,122.53
TM,GYRO_X,-0.752,GYRO_Y,-2.415,GYRO_Z,-0.155,BODY_RATE,0.155
TM,ADCS_MODE,MANUAL,ADCS_REFERENCE,SUN,TARGET,0.00,POINTING_ERROR,7.89,SUN_ERROR,8.26,MAG_ERROR,-122.53,GYRO_Z,0.099,RW_CMD,0
TM,EST_RAW,-8.26,EST_FILTERED,-8.26,EST_ANGLE,-7.89,EST_FILTER,ON,EST_FILTER_TYPE,MOVING_AVERAGE,EST_MA_WINDOW,1,EST_FILTER_STRENGTH,0.35
TM,EST_FUSION,ON,EST_GYRO_WEIGHT,0.98,EST_VALID,1
TM,SUN_L,3651,SUN_R,3697,SUN_NDV,-0.0063,SUN_ANGLE,-7.74
TM,MAG_X,-18.16,MAG_Y,28.64,MAG_Z,-10.00,MAG_HEADING,122.38
TM,GYRO_X,-1.033,GYRO_Y,-2.485,GYRO_Z,-0.181,BODY_RATE,0.181
TM,ADCS_MODE,MANUAL,ADCS_REFERENCE,SUN,TARGET,0.00,POINTING_ERROR,7.88,SUN_ERROR,7.71,MAG_ERROR,-122.38,GYRO_Z,-0.120,RW_CMD,0
TM,EST_RAW,-7.71,EST_FILTERED,-7.71,EST_ANGLE,-7.88,EST_FILTER,ON,EST_FILTER_TYPE,MOVING_AVERAGE,EST_MA_WINDOW,1,EST_FILTER_STRENGTH,0.35
TM,EST_FUSION,ON,EST_GYRO_WEIGHT,0.98,EST_VALID,1
TM,SUN_L,3654,SUN_R,3697,SUN_NDV,-0.0058,SUN_ANGLE,-8.43
TM,MAG_X,-18.24,MAG_Y,28.64,MAG_Z,-10.03,MAG_HEADING,122.49
TM,GYRO_X,-1.234,GYRO_Y,-2.371,GYRO_Z,-0.085,BODY_RATE,0.085
TM,ADCS_MODE,MANUAL,ADCS_REFERENCE,SUN,TARGET,0.00,POINTING_ERROR,7.89,SUN_ERROR,8.21,MAG_ERROR,-122.45,GYRO_Z,-0.242,RW_CMD,0
TM,EST_RAW,-8.21,EST_FILTERED,-8.21,EST_ANGLE,-7.89,EST_FILTER,ON,EST_FILTER_TYPE,MOVING_AVERAGE,EST_MA_WINDOW,1,EST_FILTER_STRENGTH,0.35
TM,EST_FUSION,ON,EST_GYRO_WEIGHT,0.98,EST_VALID,1
TM,SUN_L,3650,SUN_R,3696,SUN_NDV,-0.0063,SUN_ANGLE,-7.77
TM,MAG_X,-18.22,MAG_Y,28.66,MAG_Z,-9.98,MAG_HEADING,122.45
TM,GYRO_X,-1.067,GYRO_Y,-2.450,GYRO_Z,-0.155,BODY_RATE,0.155
TM,SUN_L,3652,SUN_R,3700,SUN_NDV,-0.0065,SUN_ANGLE,-7.93
TM,MAG_X,-18.21,MAG_Y,28.67,MAG_Z,-9.94,MAG_HEADING,122.42
TM,GYRO_X,-0.962,GYRO_Y,-2.249,GYRO_Z,-0.233,BODY_RATE,0.233
TM,ADCS_MODE,MANUAL,ADCS_REFERENCE,SUN,TARGET,0.00,POINTING_ERROR,7.88,SUN_ERROR,7.93,MAG_ERROR,-122.42,GYRO_Z,-0.233,RW_CMD,0
TM,EST_RAW,-7.93,EST_FILTERED,-7.93,EST_ANGLE,-7.88,EST_FILTER,ON,EST_FILTER_TYPE,MOVING_AVERAGE,EST_MA_WINDOW,1,EST_FILTER_STRENGTH,0.35
TM,EST_FUSION,ON,EST_GYRO_WEIGHT,0.98,EST_VALID,1
TM,SUN_L,3654,SUN_R,3698,SUN_NDV,-0.0060,SUN_ANGLE,-7.55
TM,MAG_X,-18.14,MAG_Y,28.70,MAG_Z,-10.06,MAG_HEADING,122.30
TM,GYRO_X,-1.024,GYRO_Y,-2.301,GYRO_Z,0.073,BODY_RATE,-0.073
TM,ADCS_MODE,MANUAL,ADCS_REFERENCE,SUN,TARGET,0.00,POINTING_ERROR,7.89,SUN_ERROR,8.23,MAG_ERROR,-122.30,GYRO_Z,-0.015,RW_CMD,0
TM,EST_RAW,-8.23,EST_FILTERED,-8.23,EST_ANGLE,-7.89,EST_FILTER,ON,EST_FILTER_TYPE,MOVING_AVERAGE,EST_MA_WINDOW,1,EST_FILTER_STRENGTH,0.35
TM,EST_FUSION,ON,EST_GYRO_WEIGHT,0.98,EST_VALID,1
TM,SUN_L,3653,SUN_R,3699,SUN_NDV,-0.0063,SUN_ANGLE,-8.19
TM,MAG_X,-18.19,MAG_Y,28.75,MAG_Z,-9.95,MAG_HEADING,122.32
TM,GYRO_X,-1.024,GYRO_Y,-2.398,GYRO_Z,-0.076,BODY_RATE,0.076
TM,ADCS_MODE,MANUAL,ADCS_REFERENCE,SUN,TARGET,0.00,POINTING_ERROR,7.91,SUN_ERROR,7.81,MAG_ERROR,-122.33,GYRO_Z,0.108,RW_CMD,0
TM,EST_RAW,-7.81,EST_FILTERED,-7.81,EST_ANGLE,-7.91,EST_FILTER,ON,EST_FILTER_TYPE,MOVING_AVERAGE,EST_MA_WINDOW,1,EST_FILTER_STRENGTH,0.35
TM,EST_FUSION,ON,EST_GYRO_WEIGHT,0.98,EST_VALID,1
TM,SUN_L,3652,SUN_R,3701,SUN_NDV,-0.0067,SUN_ANGLE,-8.15
TM,MAG_X,-18.18,MAG_Y,28.72,MAG_Z,-9.90,MAG_HEADING,122.33
TM,GYRO_X,-0.814,GYRO_Y,-2.389,GYRO_Z,0.143,BODY_RATE,-0.143
TM,ADCS_MODE,MANUAL,ADCS_REFERENCE,SUN,TARGET,0.00,POINTING_ERROR,7.92,SUN_ERROR,7.63,MAG_ERROR,-122.42,GYRO_Z,0.029,RW_CMD,0
TM,EST_RAW,-7.63,EST_FILTERED,-7.63,EST_ANGLE,-7.92,EST_FILTER,ON,EST_FILTER_TYPE,MOVING_AVERAGE,EST_MA_WINDOW,1,EST_FILTER_STRENGTH,0.35
TM,EST_FUSION,ON,EST_GYRO_WEIGHT,0.98,EST_VALID,1
TM,SUN_L,3652,SUN_R,3698,SUN_NDV,-0.0063,SUN_ANGLE,-8.38
TM,MAG_X,-18.14,MAG_Y,28.67,MAG_Z,-10.06,MAG_HEADING,122.33
TM,GYRO_X,-0.989,GYRO_Y,-2.398,GYRO_Z,-0.128,BODY_RATE,0.128
TM,SUN_L,3652,SUN_R,3698,SUN_NDV,-0.0063,SUN_ANGLE,-8.15
TM,MAG_X,-18.16,MAG_Y,28.72,MAG_Z,-9.92,MAG_HEADING,122.31
TM,GYRO_X,-0.910,GYRO_Y,-2.231,GYRO_Z,0.020,BODY_RATE,-0.020
TM,ADCS_MODE,MANUAL,ADCS_REFERENCE,SUN,TARGET,0.00,POINTING_ERROR,7.97,SUN_ERROR,8.15,MAG_ERROR,-122.31,GYRO_Z,0.047,RW_CMD,0
TM,EST_RAW,-8.15,EST_FILTERED,-8.15,EST_ANGLE,-7.97,EST_FILTER,ON,EST_FILTER_TYPE,MOVING_AVERAGE,EST_MA_WINDOW,1,EST_FILTER_STRENGTH,0.35
TM,EST_FUSION,ON,EST_GYRO_WEIGHT,0.98,EST_VALID,1
TM,SUN_L,3652,SUN_R,3699,SUN_NDV,-0.0064,SUN_ANGLE,-7.94
TM,MAG_X,-18.16,MAG_Y,28.66,MAG_Z,-10.13,MAG_HEADING,122.36
TM,GYRO_X,-1.094,GYRO_Y,-2.301,GYRO_Z,-0.155,BODY_RATE,0.155
TM,ADCS_MODE,MANUAL,ADCS_REFERENCE,SUN,TARGET,0.00,POINTING_ERROR,7.95,SUN_ERROR,7.66,MAG_ERROR,-122.57,GYRO_Z,0.152,RW_CMD,0
TM,EST_RAW,-7.66,EST_FILTERED,-7.66,EST_ANGLE,-7.95,EST_FILTER,ON,EST_FILTER_TYPE,MOVING_AVERAGE,EST_MA_WINDOW,1,EST_FILTER_STRENGTH,0.35
TM,EST_FUSION,ON,EST_GYRO_WEIGHT,0.98,EST_VALID,1
TM,SUN_L,3653,SUN_R,3699,SUN_NDV,-0.0063,SUN_ANGLE,-8.09
TM,MAG_X,-18.40,MAG_Y,28.62,MAG_Z,-10.08,MAG_HEADING,122.73
TM,GYRO_X,-0.945,GYRO_Y,-2.275,GYRO_Z,-0.085,BODY_RATE,0.085
TM,ADCS_MODE,MANUAL,ADCS_REFERENCE,SUN,TARGET,0.00,POINTING_ERROR,7.99,SUN_ERROR,7.99,MAG_ERROR,-122.73,GYRO_Z,-0.076,RW_CMD,0
TM,EST_RAW,-7.99,EST_FILTERED,-7.99,EST_ANGLE,-7.99,EST_FILTER,ON,EST_FILTER_TYPE,MOVING_AVERAGE,EST_MA_WINDOW,1,EST_FILTER_STRENGTH,0.35
TM,EST_FUSION,ON,EST_GYRO_WEIGHT,0.98,EST_VALID,1
TM,SUN_L,3651,SUN_R,3697,SUN_NDV,-0.0063,SUN_ANGLE,-8.09
TM,MAG_X,-18.22,MAG_Y,28.70,MAG_Z,-9.98,MAG_HEADING,122.41
TM,GYRO_X,-0.752,GYRO_Y,-2.669,GYRO_Z,-0.032,BODY_RATE,0.032
TM,ADCS_MODE,MANUAL,ADCS_REFERENCE,SUN,TARGET,0.00,POINTING_ERROR,7.99,SUN_ERROR,7.82,MAG_ERROR,-122.57,GYRO_Z,-0.233,RW_CMD,0
TM,EST_RAW,-7.82,EST_FILTERED,-7.82,EST_ANGLE,-7.99,EST_FILTER,ON,EST_FILTER_TYPE,MOVING_AVERAGE,EST_MA_WINDOW,1,EST_FILTER_STRENGTH,0.35
TM,EST_FUSION,ON,EST_GYRO_WEIGHT,0.98,EST_VALID,1
TM,SUN_L,3651,SUN_R,3699,SUN_NDV,-0.0065,SUN_ANGLE,-8.33
TM,MAG_X,-18.27,MAG_Y,28.61,MAG_Z,-9.92,MAG_HEADING,122.57
TM,GYRO_X,-0.980,GYRO_Y,-2.319,GYRO_Z,0.047,BODY_RATE,-0.047
TM,SUN_L,3651,SUN_R,3697,SUN_NDV,-0.0063,SUN_ANGLE,-7.80
TM,MAG_X,-18.14,MAG_Y,28.78,MAG_Z,-9.98,MAG_HEADING,122.23
TM,GYRO_X,-1.033,GYRO_Y,-2.231,GYRO_Z,-0.251,BODY_RATE,0.251
TM,ADCS_MODE,MANUAL,ADCS_REFERENCE,SUN,TARGET,0.00,POINTING_ERROR,7.98,SUN_ERROR,7.80,MAG_ERROR,-122.23,GYRO_Z,-0.251,RW_CMD,0
TM,EST_RAW,-7.80,EST_FILTERED,-7.80,EST_ANGLE,-7.98,EST_FILTER,ON,EST_FILTER_TYPE,MOVING_AVERAGE,EST_MA_WINDOW,1,EST_FILTER_STRENGTH,0.35
TM,EST_FUSION,ON,EST_GYRO_WEIGHT,0.98,EST_VALID,1
TM,SUN_L,3652,SUN_R,3698,SUN_NDV,-0.0063,SUN_ANGLE,-8.01
TM,MAG_X,-18.21,MAG_Y,28.74,MAG_Z,-9.90,MAG_HEADING,122.36
TM,GYRO_X,-1.111,GYRO_Y,-2.118,GYRO_Z,0.064,BODY_RATE,-0.064
TM,ADCS_MODE,MANUAL,ADCS_REFERENCE,SUN,TARGET,0.00,POINTING_ERROR,8.00,SUN_ERROR,8.16,MAG_ERROR,-122.36,GYRO_Z,0.073,RW_CMD,0
TM,EST_RAW,-8.16,EST_FILTERED,-8.16,EST_ANGLE,-8.00,EST_FILTER,ON,EST_FILTER_TYPE,MOVING_AVERAGE,EST_MA_WINDOW,1,EST_FILTER_STRENGTH,0.35
TM,EST_FUSION,ON,EST_GYRO_WEIGHT,0.98,EST_VALID,1
TM,SUN_L,3651,SUN_R,3699,SUN_NDV,-0.0065,SUN_ANGLE,-8.21
TM,MAG_X,-18.38,MAG_Y,28.72,MAG_Z,-10.03,MAG_HEADING,122.62
TM,GYRO_X,-1.155,GYRO_Y,-2.328,GYRO_Z,0.108,BODY_RATE,-0.108
TM,ADCS_MODE,MANUAL,ADCS_REFERENCE,SUN,TARGET,0.00,POINTING_ERROR,7.98,SUN_ERROR,7.92,MAG_ERROR,-122.32,GYRO_Z,-0.102,RW_CMD,0
TM,EST_RAW,-7.92,EST_FILTERED,-7.92,EST_ANGLE,-7.98,EST_FILTER,ON,EST_FILTER_TYPE,MOVING_AVERAGE,EST_MA_WINDOW,1,EST_FILTER_STRENGTH,0.35
TM,EST_FUSION,ON,EST_GYRO_WEIGHT,0.98,EST_VALID,1
TM,SUN_L,3652,SUN_R,3698,SUN_NDV,-0.0063,SUN_ANGLE,-8.45
TM,MAG_X,-18.22,MAG_Y,28.80,MAG_Z,-10.03,MAG_HEADING,122.32
TM,GYRO_X,-1.006,GYRO_Y,-2.362,GYRO_Z,-0.015,BODY_RATE,0.015
TM,ADCS_MODE,MANUAL,ADCS_REFERENCE,SUN,TARGET,0.00,POINTING_ERROR,8.00,SUN_ERROR,8.44,MAG_ERROR,-122.50,GYRO_Z,0.169,RW_CMD,0
TM,EST_RAW,-8.44,EST_FILTERED,-8.44,EST_ANGLE,-8.00,EST_FILTER,ON,EST_FILTER_TYPE,MOVING_AVERAGE,EST_MA_WINDOW,1,EST_FILTER_STRENGTH,0.35
TM,EST_FUSION,ON,EST_GYRO_WEIGHT,0.98,EST_VALID,1
TM,SUN_L,3651,SUN_R,3697,SUN_NDV,-0.0063,SUN_ANGLE,-8.08
TM,MAG_X,-18.26,MAG_Y,28.66,MAG_Z,-10.02,MAG_HEADING,122.50
TM,GYRO_X,-1.181,GYRO_Y,-2.293,GYRO_Z,0.038,BODY_RATE,-0.038
TM,SUN_L,3652,SUN_R,3697,SUN_NDV,-0.0061,SUN_ANGLE,-8.36
TM,MAG_X,-18.14,MAG_Y,28.75,MAG_Z,-10.16,MAG_HEADING,122.25
TM,GYRO_X,-0.954,GYRO_Y,-2.398,GYRO_Z,0.020,BODY_RATE,-0.020
TM,ADCS_MODE,MANUAL,ADCS_REFERENCE,SUN,TARGET,0.00,POINTING_ERROR,8.00,SUN_ERROR,8.36,MAG_ERROR,-122.25,GYRO_Z,-0.041,RW_CMD,0
TM,EST_RAW,-8.36,EST_FILTERED,-8.36,EST_ANGLE,-8.00,EST_FILTER,ON,EST_FILTER_TYPE,MOVING_AVERAGE,EST_MA_WINDOW,1,EST_FILTER_STRENGTH,0.35
TM,EST_FUSION,ON,EST_GYRO_WEIGHT,0.98,EST_VALID,1
TM,SUN_L,3653,SUN_R,3697,SUN_NDV,-0.0060,SUN_ANGLE,-8.15
TM,MAG_X,-18.11,MAG_Y,28.83,MAG_Z,-10.13,MAG_HEADING,122.14
TM,GYRO_X,-1.295,GYRO_Y,-2.214,GYRO_Z,-0.242,BODY_RATE,0.242
TM,ADCS_MODE,MANUAL,ADCS_REFERENCE,SUN,TARGET,0.00,POINTING_ERROR,8.01,SUN_ERROR,8.54,MAG_ERROR,-122.14,GYRO_Z,0.143,RW_CMD,0
TM,EST_RAW,-8.54,EST_FILTERED,-8.54,EST_ANGLE,-8.01,EST_FILTER,ON,EST_FILTER_TYPE,MOVING_AVERAGE,EST_MA_WINDOW,1,EST_FILTER_STRENGTH,0.35
TM,EST_FUSION,ON,EST_GYRO_WEIGHT,0.98,EST_VALID,1
TM,SUN_L,3655,SUN_R,3700,SUN_NDV,-0.0061,SUN_ANGLE,-8.25
TM,MAG_X,-18.27,MAG_Y,28.69,MAG_Z,-10.19,MAG_HEADING,122.49
TM,GYRO_X,-1.059,GYRO_Y,-2.450,GYRO_Z,-0.102,BODY_RATE,0.102
TM,ADCS_MODE,MANUAL,ADCS_REFERENCE,SUN,TARGET,0.00,POINTING_ERROR,8.01,SUN_ERROR,8.10,MAG_ERROR,-122.23,GYRO_Z,-0.041,RW_CMD,0
TM,EST_RAW,-8.10,EST_FILTERED,-8.10,EST_ANGLE,-8.01,EST_FILTER,ON,EST_FILTER_TYPE,MOVING_AVERAGE,EST_MA_WINDOW,1,EST_FILTER_STRENGTH,0.35
TM,EST_FUSION,ON,EST_GYRO_WEIGHT,0.98,EST_VALID,1
TM,SUN_L,3654,SUN_R,3698,SUN_NDV,-0.0060,SUN_ANGLE,-8.05
TM,MAG_X,-18.22,MAG_Y,28.80,MAG_Z,-10.14,MAG_HEADING,122.32
TM,GYRO_X,-1.059,GYRO_Y,-2.328,GYRO_Z,-0.041,BODY_RATE,0.041
TM,ADCS_MODE,MANUAL,ADCS_REFERENCE,SUN,TARGET,0.00,POINTING_ERROR,8.04,SUN_ERROR,8.00,MAG_ERROR,-122.03,GYRO_Z,0.055,RW_CMD,0
TM,EST_RAW,-8.00,EST_FILTERED,-8.00,EST_ANGLE,-8.04,EST_FILTER,ON,EST_FILTER_TYPE,MOVING_AVERAGE,EST_MA_WINDOW,1,EST_FILTER_STRENGTH,0.35
TM,EST_FUSION,ON,EST_GYRO_WEIGHT,0.98,EST_VALID,1
TM,SUN_L,3652,SUN_R,3696,SUN_NDV,-0.0060,SUN_ANGLE,-7.89
TM,MAG_X,-18.08,MAG_Y,28.90,MAG_Z,-10.19,MAG_HEADING,122.03
TM,GYRO_X,-0.998,GYRO_Y,-2.249,GYRO_Z,-0.067,BODY_RATE,0.067
TM,SUN_L,3653,SUN_R,3696,SUN_NDV,-0.0059,SUN_ANGLE,-7.89
TM,MAG_X,-18.16,MAG_Y,28.86,MAG_Z,-10.24,MAG_HEADING,122.18
TM,GYRO_X,-1.190,GYRO_Y,-2.144,GYRO_Z,0.012,BODY_RATE,-0.012
TM,ADCS_MODE,MANUAL,ADCS_REFERENCE,SUN,TARGET,0.00,POINTING_ERROR,8.04,SUN_ERROR,7.74,MAG_ERROR,-122.18,GYRO_Z,0.414,RW_CMD,0
TM,EST_RAW,-7.74,EST_FILTERED,-7.74,EST_ANGLE,-8.04,EST_FILTER,ON,EST_FILTER_TYPE,MOVING_AVERAGE,EST_MA_WINDOW,1,EST_FILTER_STRENGTH,0.35
TM,EST_FUSION,ON,EST_GYRO_WEIGHT,0.98,EST_VALID,1
TM,SUN_L,3654,SUN_R,3700,SUN_NDV,-0.0063,SUN_ANGLE,-7.76
TM,MAG_X,-18.03,MAG_Y,28.91,MAG_Z,-10.46,MAG_HEADING,121.95
TM,GYRO_X,-1.181,GYRO_Y,-2.161,GYRO_Z,-0.041,BODY_RATE,0.041
TM,ADCS_MODE,MANUAL,ADCS_REFERENCE,SUN,TARGET,0.00,POINTING_ERROR,8.04,SUN_ERROR,8.18,MAG_ERROR,-122.10,GYRO_Z,0.064,RW_CMD,0
TM,EST_RAW,-8.18,EST_FILTERED,-8.18,EST_ANGLE,-8.04,EST_FILTER,ON,EST_FILTER_TYPE,MOVING_AVERAGE,EST_MA_WINDOW,1,EST_FILTER_STRENGTH,0.35
TM,EST_FUSION,ON,EST_GYRO_WEIGHT,0.98,EST_VALID,1
TM,SUN_L,3654,SUN_R,3697,SUN_NDV,-0.0058,SUN_ANGLE,-8.21
TM,MAG_X,-18.14,MAG_Y,28.86,MAG_Z,-10.19,MAG_HEADING,122.15
TM,GYRO_X,-0.761,GYRO_Y,-2.678,GYRO_Z,-0.207,BODY_RATE,0.207
TM,ADCS_MODE,MANUAL,ADCS_REFERENCE,SUN,TARGET,0.00,POINTING_ERROR,8.01,SUN_ERROR,7.92,MAG_ERROR,-122.15,GYRO_Z,-0.041,RW_CMD,0
TM,EST_RAW,-7.92,EST_FILTERED,-7.92,EST_ANGLE,-8.01,EST_FILTER,ON,EST_FILTER_TYPE,MOVING_AVERAGE,EST_MA_WINDOW,1,EST_FILTER_STRENGTH,0.35
TM,EST_FUSION,ON,EST_GYRO_WEIGHT,0.98,EST_VALID,1
TM,SUN_L,3651,SUN_R,3698,SUN_NDV,-0.0064,SUN_ANGLE,-8.32
TM,MAG_X,-18.10,MAG_Y,28.85,MAG_Z,-10.21,MAG_HEADING,122.10
TM,GYRO_X,-0.954,GYRO_Y,-2.301,GYRO_Z,-0.041,BODY_RATE,0.041
TM,ADCS_MODE,MANUAL,ADCS_REFERENCE,SUN,TARGET,0.00,POINTING_ERROR,8.02,SUN_ERROR,8.10,MAG_ERROR,-122.16,GYRO_Z,0.108,RW_CMD,0
TM,EST_RAW,-8.10,EST_FILTERED,-8.10,EST_ANGLE,-8.02,EST_FILTER,ON,EST_FILTER_TYPE,MOVING_AVERAGE,EST_MA_WINDOW,1,EST_FILTER_STRENGTH,0.35
TM,EST_FUSION,ON,EST_GYRO_WEIGHT,0.98,EST_VALID,1
TM,SUN_L,3651,SUN_R,3697,SUN_NDV,-0.0063,SUN_ANGLE,-8.30
TM,MAG_X,-18.19,MAG_Y,28.93,MAG_Z,-10.14,MAG_HEADING,122.16
TM,GYRO_X,-1.216,GYRO_Y,-2.188,GYRO_Z,0.012,BODY_RATE,-0.012
TM,SUN_L,3654,SUN_R,3700,SUN_NDV,-0.0063,SUN_ANGLE,-8.00
TM,MAG_X,-18.22,MAG_Y,28.90,MAG_Z,-10.00,MAG_HEADING,122.24
TM,GYRO_X,-1.015,GYRO_Y,-2.257,GYRO_Z,0.055,BODY_RATE,-0.055
TM,ADCS_MODE,MANUAL,ADCS_REFERENCE,SUN,TARGET,0.00,POINTING_ERROR,8.01,SUN_ERROR,8.00,MAG_ERROR,-122.04,GYRO_Z,0.055,RW_CMD,0
TM,EST_RAW,-8.00,EST_FILTERED,-8.00,EST_ANGLE,-8.01,EST_FILTER,ON,EST_FILTER_TYPE,MOVING_AVERAGE,EST_MA_WINDOW,1,EST_FILTER_STRENGTH,0.35
TM,EST_FUSION,ON,EST_GYRO_WEIGHT,0.98,EST_VALID,1
TM,SUN_L,3652,SUN_R,3698,SUN_NDV,-0.0063,SUN_ANGLE,-7.83
TM,MAG_X,-18.08,MAG_Y,28.88,MAG_Z,-10.22,MAG_HEADING,122.05
TM,GYRO_X,-0.866,GYRO_Y,-2.310,GYRO_Z,-0.058,BODY_RATE,0.058
TM,ADCS_MODE,MANUAL,ADCS_REFERENCE,SUN,TARGET,0.00,POINTING_ERROR,8.01,SUN_ERROR,8.12,MAG_ERROR,-122.05,GYRO_Z,-0.111,RW_CMD,0
TM,EST_RAW,-8.12,EST_FILTERED,-8.12,EST_ANGLE,-8.01,EST_FILTER,ON,EST_FILTER_TYPE,MOVING_AVERAGE,EST_MA_WINDOW,1,EST_FILTER_STRENGTH,0.35
TM,EST_FUSION,ON,EST_GYRO_WEIGHT,0.98,EST_VALID,1
TM,SUN_L,3653,SUN_R,3698,SUN_NDV,-0.0061,SUN_ANGLE,-7.45
TM,MAG_X,-18.14,MAG_Y,28.98,MAG_Z,-10.45,MAG_HEADING,122.05
TM,GYRO_X,-1.085,GYRO_Y,-2.467,GYRO_Z,0.012,BODY_RATE,-0.012
TM,ADCS_MODE,MANUAL,ADCS_REFERENCE,SUN,TARGET,0.00,POINTING_ERROR,7.98,SUN_ERROR,8.25,MAG_ERROR,-122.10,GYRO_Z,0.082,RW_CMD,0
TM,EST_RAW,-8.25,EST_FILTERED,-8.25,EST_ANGLE,-7.98,EST_FILTER,ON,EST_FILTER_TYPE,MOVING_AVERAGE,EST_MA_WINDOW,1,EST_FILTER_STRENGTH,0.35
TM,EST_FUSION,ON,EST_GYRO_WEIGHT,0.98,EST_VALID,1
TM,SUN_L,3650,SUN_R,3699,SUN_NDV,-0.0067,SUN_ANGLE,-7.61
TM,MAG_X,-18.16,MAG_Y,28.94,MAG_Z,-10.10,MAG_HEADING,122.10
TM,GYRO_X,-1.076,GYRO_Y,-2.319,GYRO_Z,-0.128,BODY_RATE,0.128
TM,ADCS_MODE,MANUAL,ADCS_REFERENCE,SUN,TARGET,0.00,POINTING_ERROR,7.97,SUN_ERROR,8.18,MAG_ERROR,-121.74,GYRO_Z,0.143,RW_CMD,0
TM,EST_RAW,-8.18,EST_FILTERED,-8.18,EST_ANGLE,-7.97,EST_FILTER,ON,EST_FILTER_TYPE,MOVING_AVERAGE,EST_MA_WINDOW,1,EST_FILTER_STRENGTH,0.35
TM,EST_FUSION,ON,EST_GYRO_WEIGHT,0.98,EST_VALID,1
TM,SUN_L,3652,SUN_R,3700,SUN_NDV,-0.0065,SUN_ANGLE,-7.87
TM,MAG_X,-18.06,MAG_Y,28.96,MAG_Z,-10.14,MAG_HEADING,121.95
TM,GYRO_X,-0.866,GYRO_Y,-2.485,GYRO_Z,-0.093,BODY_RATE,0.093
TM,SUN_L,3654,SUN_R,3698,SUN_NDV,-0.0060,SUN_ANGLE,-7.76
TM,MAG_X,-18.02,MAG_Y,28.86,MAG_Z,-10.21,MAG_HEADING,121.97
TM,GYRO_X,-1.085,GYRO_Y,-2.406,GYRO_Z,0.152,BODY_RATE,-0.152
TM,ADCS_MODE,MANUAL,ADCS_REFERENCE,SUN,TARGET,0.00,POINTING_ERROR,7.93,SUN_ERROR,7.76,MAG_ERROR,-121.97,GYRO_Z,-0.338,RW_CMD,0
TM,EST_RAW,-7.76,EST_FILTERED,-7.76,EST_ANGLE,-7.93,EST_FILTER,ON,EST_FILTER_TYPE,MOVING_AVERAGE,EST_MA_WINDOW,1,EST_FILTER_STRENGTH,0.35
TM,EST_FUSION,ON,EST_GYRO_WEIGHT,0.98,EST_VALID,1
TM,SUN_L,3653,SUN_R,3698,SUN_NDV,-0.0061,SUN_ANGLE,-8.04
TM,MAG_X,-18.08,MAG_Y,28.86,MAG_Z,-10.29,MAG_HEADING,122.06
TM,GYRO_X,-0.980,GYRO_Y,-2.188,GYRO_Z,-0.216,BODY_RATE,0.216
TM,ADCS_MODE,MANUAL,ADCS_REFERENCE,SUN,TARGET,0.00,POINTING_ERROR,7.92,SUN_ERROR,7.99,MAG_ERROR,-121.94,GYRO_Z,0.073,RW_CMD,0
TM,EST_RAW,-7.99,EST_FILTERED,-7.99,EST_ANGLE,-7.92,EST_FILTER,ON,EST_FILTER_TYPE,MOVING_AVERAGE,EST_MA_WINDOW,1,EST_FILTER_STRENGTH,0.35
TM,EST_FUSION,ON,EST_GYRO_WEIGHT,0.98,EST_VALID,1
TM,SUN_L,3652,SUN_R,3699,SUN_NDV,-0.0064,SUN_ANGLE,-7.68
TM,MAG_X,-18.03,MAG_Y,28.93,MAG_Z,-9.98,MAG_HEADING,121.94
TM,GYRO_X,-1.138,GYRO_Y,-2.266,GYRO_Z,-0.268,BODY_RATE,0.268
TM,ADCS_MODE,MANUAL,ADCS_REFERENCE,SUN,TARGET,0.00,POINTING_ERROR,7.94,SUN_ERROR,8.32,MAG_ERROR,-122.30,GYRO_Z,-0.032,RW_CMD,0
TM,EST_RAW,-8.32,EST_FILTERED,-8.32,EST_ANGLE,-7.94,EST_FILTER,ON,EST_FILTER_TYPE,MOVING_AVERAGE,EST_MA_WINDOW,1,EST_FILTER_STRENGTH,0.35
TM,EST_FUSION,ON,EST_GYRO_WEIGHT,0.98,EST_VALID,1
TM,SUN_L,3653,SUN_R,3699,SUN_NDV,-0.0063,SUN_ANGLE,-7.73
TM,MAG_X,-18.14,MAG_Y,28.86,MAG_Z,-10.08,MAG_HEADING,122.15
TM,GYRO_X,-0.962,GYRO_Y,-2.223,GYRO_Z,0.003,BODY_RATE,-0.003
TM,ADCS_MODE,MANUAL,ADCS_REFERENCE,SUN,TARGET,0.00,POINTING_ERROR,7.94,SUN_ERROR,7.19,MAG_ERROR,-122.16,GYRO_Z,0.152,RW_CMD,0
TM,EST_RAW,-7.19,EST_FILTERED,-7.19,EST_ANGLE,-7.94,EST_FILTER,ON,EST_FILTER_TYPE,MOVING_AVERAGE,EST_MA_WINDOW,1,EST_FILTER_STRENGTH,0.35
TM,EST_FUSION,ON,EST_GYRO_WEIGHT,0.98,EST_VALID,1
TM,SUN_L,3652,SUN_R,3697,SUN_NDV,-0.0061,SUN_ANGLE,-7.82
TM,MAG_X,-18.18,MAG_Y,28.91,MAG_Z,-10.27,MAG_HEADING,122.16
TM,GYRO_X,-0.945,GYRO_Y,-2.450,GYRO_Z,0.099,BODY_RATE,-0.099
TM,SUN_L,3654,SUN_R,3699,SUN_NDV,-0.0061,SUN_ANGLE,-8.08
TM,MAG_X,-18.11,MAG_Y,29.01,MAG_Z,-10.26,MAG_HEADING,121.98
TM,GYRO_X,-1.006,GYRO_Y,-2.328,GYRO_Z,-0.067,BODY_RATE,0.067
TM,ADCS_MODE,MANUAL,ADCS_REFERENCE,SUN,TARGET,0.00,POINTING_ERROR,7.96,SUN_ERROR,8.08,MAG_ERROR,-121.98,GYRO_Z,-0.067,RW_CMD,0
TM,EST_RAW,-8.08,EST_FILTERED,-8.08,EST_ANGLE,-7.96,EST_FILTER,ON,EST_FILTER_TYPE,MOVING_AVERAGE,EST_MA_WINDOW,1,EST_FILTER_STRENGTH,0.35
TM,EST_FUSION,ON,EST_GYRO_WEIGHT,0.98,EST_VALID,1
TM,SUN_L,3654,SUN_R,3699,SUN_NDV,-0.0061,SUN_ANGLE,-8.03
TM,MAG_X,-18.13,MAG_Y,28.90,MAG_Z,-10.22,MAG_HEADING,122.10
TM,GYRO_X,-1.024,GYRO_Y,-2.223,GYRO_Z,-0.181,BODY_RATE,0.181
TM,ADCS_MODE,MANUAL,ADCS_REFERENCE,SUN,TARGET,0.00,POINTING_ERROR,7.94,SUN_ERROR,8.00,MAG_ERROR,-122.10,GYRO_Z,0.003,RW_CMD,0
TM,EST_RAW,-8.00,EST_FILTERED,-8.00,EST_ANGLE,-7.94,EST_FILTER,ON,EST_FILTER_TYPE,MOVING_AVERAGE,EST_MA_WINDOW,1,EST_FILTER_STRENGTH,0.35
TM,EST_FUSION,ON,EST_GYRO_WEIGHT,0.98,EST_VALID,1
TM,SUN_L,3654,SUN_R,3700,SUN_NDV,-0.0063,SUN_ANGLE,-8.33
TM,MAG_X,-18.11,MAG_Y,28.85,MAG_Z,-10.19,MAG_HEADING,122.12
TM,GYRO_X,-0.752,GYRO_Y,-2.485,GYRO_Z,0.003,BODY_RATE,-0.003
TM,ADCS_MODE,MANUAL,ADCS_REFERENCE,SUN,TARGET,0.00,POINTING_ERROR,7.93,SUN_ERROR,7.92,MAG_ERROR,-122.12,GYRO_Z,0.029,RW_CMD,0
TM,EST_RAW,-7.92,EST_FILTERED,-7.92,EST_ANGLE,-7.93,EST_FILTER,ON,EST_FILTER_TYPE,MOVING_AVERAGE,EST_MA_WINDOW,1,EST_FILTER_STRENGTH,0.35
TM,EST_FUSION,ON,EST_GYRO_WEIGHT,0.98,EST_VALID,1
TM,SUN_L,3652,SUN_R,3699,SUN_NDV,-0.0064,SUN_ANGLE,-7.49
TM,MAG_X,-18.19,MAG_Y,28.99,MAG_Z,-10.19,MAG_HEADING,122.11
TM,GYRO_X,-1.067,GYRO_Y,-2.301,GYRO_Z,-0.128,BODY_RATE,0.128
TM,ADCS_MODE,MANUAL,ADCS_REFERENCE,SUN,TARGET,0.00,POINTING_ERROR,7.94,SUN_ERROR,8.40,MAG_ERROR,-122.26,GYRO_Z,-0.321,RW_CMD,0
TM,EST_RAW,-8.40,EST_FILTERED,-8.40,EST_ANGLE,-7.94,EST_FILTER,ON,EST_FILTER_TYPE,MOVING_AVERAGE,EST_MA_WINDOW,1,EST_FILTER_STRENGTH,0.35
TM,EST_FUSION,ON,EST_GYRO_WEIGHT,0.98,EST_VALID,1
TM,SUN_L,3654,SUN_R,3700,SUN_NDV,-0.0063,SUN_ANGLE,-8.32
TM,MAG_X,-18.24,MAG_Y,28.90,MAG_Z,-10.19,MAG_HEADING,122.26
TM,GYRO_X,-1.129,GYRO_Y,-2.039,GYRO_Z,-0.102,BODY_RATE,0.102
TM,SUN_L,3653,SUN_R,3699,SUN_NDV,-0.0063,SUN_ANGLE,-8.41
TM,MAG_X,-18.14,MAG_Y,29.02,MAG_Z,-9.98,MAG_HEADING,122.01
TM,GYRO_X,-0.901,GYRO_Y,-2.152,GYRO_Z,-0.260,BODY_RATE,0.260
TM,ADCS_MODE,MANUAL,ADCS_REFERENCE,SUN,TARGET,0.00,POINTING_ERROR,7.96,SUN_ERROR,8.41,MAG_ERROR,-122.01,GYRO_Z,-0.260,RW_CMD,0
TM,EST_RAW,-8.41,EST_FILTERED,-8.41,EST_ANGLE,-7.96,EST_FILTER,ON,EST_FILTER_TYPE,MOVING_AVERAGE,EST_MA_WINDOW,1,EST_FILTER_STRENGTH,0.35
TM,EST_FUSION,ON,EST_GYRO_WEIGHT,0.98,EST_VALID,1
TM,SUN_L,3655,SUN_R,3700,SUN_NDV,-0.0061,SUN_ANGLE,-7.53
TM,MAG_X,-18.06,MAG_Y,28.83,MAG_Z,-10.22,MAG_HEADING,122.07
TM,GYRO_X,-0.989,GYRO_Y,-2.520,GYRO_Z,-0.076,BODY_RATE,0.076
TM,ADCS_MODE,MANUAL,ADCS_REFERENCE,SUN,TARGET,0.00,POINTING_ERROR,7.93,SUN_ERROR,7.91,MAG_ERROR,-122.07,GYRO_Z,0.064,RW_CMD,0
TM,EST_RAW,-7.91,EST_FILTERED,-7.91,EST_ANGLE,-7.93,EST_FILTER,ON,EST_FILTER_TYPE,MOVING_AVERAGE,EST_MA_WINDOW,1,EST_FILTER_STRENGTH,0.35
TM,EST_FUSION,ON,EST_GYRO_WEIGHT,0.98,EST_VALID,1
TM,SUN_L,3652,SUN_R,3697,SUN_NDV,-0.0061,SUN_ANGLE,-8.18
TM,MAG_X,-18.05,MAG_Y,28.93,MAG_Z,-10.27,MAG_HEADING,121.96
TM,GYRO_X,-1.033,GYRO_Y,-2.328,GYRO_Z,-0.085,BODY_RATE,0.085
TM,ADCS_MODE,MANUAL,ADCS_REFERENCE,SUN,TARGET,0.00,POINTING_ERROR,7.92,SUN_ERROR,7.88,MAG_ERROR,-122.21,GYRO_Z,0.195,RW_CMD,0
TM,EST_RAW,-7.88,EST_FILTERED,-7.88,EST_ANGLE,-7.92,EST_FILTER,ON,EST_FILTER_TYPE,MOVING_AVERAGE,EST_MA_WINDOW,1,EST_FILTER_STRENGTH,0.35
TM,EST_FUSION,ON,EST_GYRO_WEIGHT,0.98,EST_VALID,1
TM,SUN_L,3653,SUN_R,3698,SUN_NDV,-0.0061,SUN_ANGLE,-7.87
TM,MAG_X,-18.14,MAG_Y,28.80,MAG_Z,-10.35,MAG_HEADING,122.21
TM,GYRO_X,-0.796,GYRO_Y,-2.546,GYRO_Z,-0.085,BODY_RATE,0.085
TM,ADCS_MODE,MANUAL,ADCS_REFERENCE,SUN,TARGET,0.00,POINTING_ERROR,7.90,SUN_ERROR,8.31,MAG_ERROR,-121.98,GYRO_Z,0.335,RW_CMD,0
TM,EST_RAW,-8.31,EST_FILTERED,-8.31,EST_ANGLE,-7.90,EST_FILTER,ON,EST_FILTER_TYPE,MOVING_AVERAGE,EST_MA_WINDOW,1,EST_FILTER_STRENGTH,0.35
TM,EST_FUSION,ON,EST_GYRO_WEIGHT,0.98,EST_VALID,1
TM,SUN_L,3652,SUN_R,3697,SUN_NDV,-0.0061,SUN_ANGLE,-7.87
TM,MAG_X,-18.19,MAG_Y,28.93,MAG_Z,-10.11,MAG_HEADING,122.16
TM,GYRO_X,-1.155,GYRO_Y,-2.223,GYRO_Z,-0.041,BODY_RATE,0.041
TM,SUN_L,3653,SUN_R,3699,SUN_NDV,-0.0063,SUN_ANGLE,-8.19
TM,MAG_X,-18.14,MAG_Y,28.86,MAG_Z,-10.32,MAG_HEADING,122.15
TM,GYRO_X,-1.304,GYRO_Y,-2.450,GYRO_Z,-0.128,BODY_RATE,0.128
TM,ADCS_MODE,MANUAL,ADCS_REFERENCE,SUN,TARGET,0.00,POINTING_ERROR,7.90,SUN_ERROR,7.85,MAG_ERROR,-122.15,GYRO_Z,-0.216,RW_CMD,0
TM,EST_RAW,-7.85,EST_FILTERED,-7.85,EST_ANGLE,-7.90,EST_FILTER,ON,EST_FILTER_TYPE,MOVING_AVERAGE,EST_MA_WINDOW,1,EST_FILTER_STRENGTH,0.35
TM,EST_FUSION,ON,EST_GYRO_WEIGHT,0.98,EST_VALID,1
TM,SUN_L,3653,SUN_R,3698,SUN_NDV,-0.0061,SUN_ANGLE,-7.96
TM,MAG_X,-18.24,MAG_Y,28.88,MAG_Z,-10.13,MAG_HEADING,122.28
TM,GYRO_X,-0.945,GYRO_Y,-2.249,GYRO_Z,-0.067,BODY_RATE,0.067
TM,ADCS_MODE,MANUAL,ADCS_REFERENCE,SUN,TARGET,0.00,POINTING_ERROR,7.87,SUN_ERROR,7.75,MAG_ERROR,-122.22,GYRO_Z,-0.102,RW_CMD,0
TM,EST_RAW,-7.75,EST_FILTERED,-7.75,EST_ANGLE,-7.87,EST_FILTER,ON,EST_FILTER_TYPE,MOVING_AVERAGE,EST_MA_WINDOW,1,EST_FILTER_STRENGTH,0.35
TM,EST_FUSION,ON,EST_GYRO_WEIGHT,0.98,EST_VALID,1
TM,SUN_L,3653,SUN_R,3700,SUN_NDV,-0.0064,SUN_ANGLE,-8.07
TM,MAG_X,-18.14,MAG_Y,28.93,MAG_Z,-10.19,MAG_HEADING,122.10
TM,GYRO_X,-1.120,GYRO_Y,-2.170,GYRO_Z,-0.128,BODY_RATE,0.128
TM,ADCS_MODE,MANUAL,ADCS_REFERENCE,SUN,TARGET,0.00,POINTING_ERROR,7.87,SUN_ERROR,7.94,MAG_ERROR,-122.10,GYRO_Z,0.090,RW_CMD,0
TM,EST_RAW,-7.94,EST_FILTERED,-7.94,EST_ANGLE,-7.87,EST_FILTER,ON,EST_FILTER_TYPE,MOVING_AVERAGE,EST_MA_WINDOW,1,EST_FILTER_STRENGTH,0.35
TM,EST_FUSION,ON,EST_GYRO_WEIGHT,0.98,EST_VALID,1
TM,SUN_L,3652,SUN_R,3697,SUN_NDV,-0.0061,SUN_ANGLE,-7.88
TM,MAG_X,-17.98,MAG_Y,28.94,MAG_Z,-10.26,MAG_HEADING,121.85
TM,GYRO_X,-1.111,GYRO_Y,-2.223,GYRO_Z,-0.076,BODY_RATE,0.076
TM,ADCS_MODE,MANUAL,ADCS_REFERENCE,SUN,TARGET,0.00,POINTING_ERROR,7.86,SUN_ERROR,8.03,MAG_ERROR,-122.03,GYRO_Z,-0.146,RW_CMD,0
TM,EST_RAW,-8.03,EST_FILTERED,-8.03,EST_ANGLE,-7.86,EST_FILTER,ON,EST_FILTER_TYPE,MOVING_AVERAGE,EST_MA_WINDOW,1,EST_FILTER_STRENGTH,0.35
TM,EST_FUSION,ON,EST_GYRO_WEIGHT,0.98,EST_VALID,1
TM,SUN_L,3649,SUN_R,3697,SUN_NDV,-0.0065,SUN_ANGLE,-7.93
TM,MAG_X,-18.08,MAG_Y,28.90,MAG_Z,-10.30,MAG_HEADING,122.03
TM,GYRO_X,-1.207,GYRO_Y,-2.275,GYRO_Z,-0.076,BODY_RATE,0.076
TM,SUN_L,3651,SUN_R,3699,SUN_NDV,-0.0065,SUN_ANGLE,-8.03
TM,MAG_X,-18.14,MAG_Y,28.98,MAG_Z,-9.90,MAG_HEADING,122.05
TM,GYRO_X,-0.901,GYRO_Y,-2.415,GYRO_Z,-0.015,BODY_RATE,0.015
TM,ADCS_MODE,MANUAL,ADCS_REFERENCE,SUN,TARGET,0.00,POINTING_ERROR,7.86,SUN_ERROR,8.03,MAG_ERROR,-122.05,GYRO_Z,-0.015,RW_CMD,0
TM,EST_RAW,-8.03,EST_FILTERED,-8.03,EST_ANGLE,-7.86,EST_FILTER,ON,EST_FILTER_TYPE,MOVING_AVERAGE,EST_MA_WINDOW,1,EST_FILTER_STRENGTH,0.35
TM,EST_FUSION,ON,EST_GYRO_WEIGHT,0.98,EST_VALID,1
TM,SUN_L,3652,SUN_R,3698,SUN_NDV,-0.0063,SUN_ANGLE,-8.39
TM,MAG_X,-18.02,MAG_Y,28.86,MAG_Z,-10.30,MAG_HEADING,121.97
TM,GYRO_X,-0.744,GYRO_Y,-2.537,GYRO_Z,-0.338,BODY_RATE,0.338
TM,ADCS_MODE,MANUAL,ADCS_REFERENCE,SUN,TARGET,0.00,POINTING_ERROR,7.92,SUN_ERROR,8.79,MAG_ERROR,-121.97,GYRO_Z,-0.041,RW_CMD,0
TM,EST_RAW,-8.79,EST_FILTERED,-8.79,EST_ANGLE,-7.92,EST_FILTER,ON,EST_FILTER_TYPE,MOVING_AVERAGE,EST_MA_WINDOW,1,EST_FILTER_STRENGTH,0.35
TM,EST_FUSION,ON,EST_GYRO_WEIGHT,0.98,EST_VALID,1
TM,SUN_L,3653,SUN_R,3698,SUN_NDV,-0.0061,SUN_ANGLE,-8.25
TM,MAG_X,-18.13,MAG_Y,28.96,MAG_Z,-10.18,MAG_HEADING,122.05
TM,GYRO_X,-1.076,GYRO_Y,-2.310,GYRO_Z,-0.242,BODY_RATE,0.242
TM,ADCS_MODE,MANUAL,ADCS_REFERENCE,SUN,TARGET,0.00,POINTING_ERROR,7.92,SUN_ERROR,7.66,MAG_ERROR,-122.13,GYRO_Z,0.012,RW_CMD,0
TM,EST_RAW,-7.66,EST_FILTERED,-7.66,EST_ANGLE,-7.92,EST_FILTER,ON,EST_FILTER_TYPE,MOVING_AVERAGE,EST_MA_WINDOW,1,EST_FILTER_STRENGTH,0.35
TM,EST_FUSION,ON,EST_GYRO_WEIGHT,0.98,EST_VALID,1
TM,SUN_L,3654,SUN_R,3699,SUN_NDV,-0.0061,SUN_ANGLE,-8.35
TM,MAG_X,-18.18,MAG_Y,28.94,MAG_Z,-10.22,MAG_HEADING,122.13
TM,GYRO_X,-0.901,GYRO_Y,-2.371,GYRO_Z,-0.006,BODY_RATE,0.006
TM,ADCS_MODE,MANUAL,ADCS_REFERENCE,SUN,TARGET,0.00,POINTING_ERROR,7.97,SUN_ERROR,7.66,MAG_ERROR,-122.03,GYRO_Z,0.108,RW_CMD,0
TM,EST_RAW,-7.66,EST_FILTERED,-7.66,EST_ANGLE,-7.97,EST_FILTER,ON,EST_FILTER_TYPE,MOVING_AVERAGE,EST_MA_WINDOW,1,EST_FILTER_STRENGTH,0.35
TM,EST_FUSION,ON,EST_GYRO_WEIGHT,0.98,EST_VALID,1
TM,SUN_L,3652,SUN_R,3699,SUN_NDV,-0.0064,SUN_ANGLE,-8.14
TM,MAG_X,-18.19,MAG_Y,28.77,MAG_Z,-10.00,MAG_HEADING,122.31
TM,GYRO_X,-1.067,GYRO_Y,-2.144,GYRO_Z,-0.032,BODY_RATE,0.032
TM,SUN_L,3651,SUN_R,3698,SUN_NDV,-0.0064,SUN_ANGLE,-8.08
TM,MAG_X,-18.14,MAG_Y,28.86,MAG_Z,-10.14,MAG_HEADING,122.15
TM,GYRO_X,-1.059,GYRO_Y,-2.196,GYRO_Z,0.073,BODY_RATE,-0.073
TM,ADCS_MODE,MANUAL,ADCS_REFERENCE,SUN,TARGET,0.00,POINTING_ERROR,7.96,SUN_ERROR,8.08,MAG_ERROR,-122.15,GYRO_Z,0.073,RW_CMD,0
TM,EST_RAW,-8.08,EST_FILTERED,-8.08,EST_ANGLE,-7.96,EST_FILTER,ON,EST_FILTER_TYPE,MOVING_AVERAGE,EST_MA_WINDOW,1,EST_FILTER_STRENGTH,0.35
TM,EST_FUSION,ON,EST_GYRO_WEIGHT,0.98,EST_VALID,1
TM,SUN_L,3653,SUN_R,3698,SUN_NDV,-0.0061,SUN_ANGLE,-7.57
TM,MAG_X,-18.48,MAG_Y,28.66,MAG_Z,-10.02,MAG_HEADING,122.82
TM,GYRO_X,-0.892,GYRO_Y,-2.205,GYRO_Z,-0.032,BODY_RATE,0.032
TM,ADCS_MODE,MANUAL,ADCS_REFERENCE,SUN,TARGET,0.00,POINTING_ERROR,7.94,SUN_ERROR,7.82,MAG_ERROR,-122.82,GYRO_Z,0.064,RW_CMD,0
TM,EST_RAW,-7.82,EST_FILTERED,-7.82,EST_ANGLE,-7.94,EST_FILTER,ON,EST_FILTER_TYPE,MOVING_AVERAGE,EST_MA_WINDOW,1,EST_FILTER_STRENGTH,0.35
TM,EST_FUSION,ON,EST_GYRO_WEIGHT,0.98,EST_VALID,1
TM,SUN_L,3652,SUN_R,3697,SUN_NDV,-0.0061,SUN_ANGLE,-7.15
TM,MAG_X,-18.24,MAG_Y,28.88,MAG_Z,-9.94,MAG_HEADING,122.28
TM,GYRO_X,-0.936,GYRO_Y,-2.179,GYRO_Z,-0.137,BODY_RATE,0.137
TM,ADCS_MODE,MANUAL,ADCS_REFERENCE,SUN,TARGET,0.00,POINTING_ERROR,7.91,SUN_ERROR,7.51,MAG_ERROR,-122.29,GYRO_Z,0.117,RW_CMD,0
TM,EST_RAW,-7.51,EST_FILTERED,-7.51,EST_ANGLE,-7.91,EST_FILTER,ON,EST_FILTER_TYPE,MOVING_AVERAGE,EST_MA_WINDOW,1,EST_FILTER_STRENGTH,0.35
TM,EST_FUSION,ON,EST_GYRO_WEIGHT,0.98,EST_VALID,1
TM,SUN_L,3649,SUN_R,3697,SUN_NDV,-0.0065,SUN_ANGLE,-7.91
TM,MAG_X,-18.13,MAG_Y,28.85,MAG_Z,-10.19,MAG_HEADING,122.15
TM,GYRO_X,-1.251,GYRO_Y,-2.310,GYRO_Z,0.003,BODY_RATE,-0.003
TM,ADCS_MODE,MANUAL,ADCS_REFERENCE,SUN,TARGET,0.00,POINTING_ERROR,7.89,SUN_ERROR,8.20,MAG_ERROR,-122.24,GYRO_Z,-0.216,RW_CMD,0
TM,EST_RAW,-8.20,EST_FILTERED,-8.20,EST_ANGLE,-7.89,EST_FILTER,ON,EST_FILTER_TYPE,MOVING_AVERAGE,EST_MA_WINDOW,1,EST_FILTER_STRENGTH,0.35
TM,EST_FUSION,ON,EST_GYRO_WEIGHT,0.98,EST_VALID,1
TM,SUN_L,3653,SUN_R,3698,SUN_NDV,-0.0061,SUN_ANGLE,-8.16
TM,MAG_X,-18.21,MAG_Y,28.86,MAG_Z,-10.13,MAG_HEADING,122.24
TM,GYRO_X,-1.041,GYRO_Y,-2.415,GYRO_Z,-0.111,BODY_RATE,0.111
TM,SUN_L,3651,SUN_R,3697,SUN_NDV,-0.0063,SUN_ANGLE,-8.10
TM,MAG_X,-18.19,MAG_Y,28.86,MAG_Z,-9.97,MAG_HEADING,122.22
TM,GYRO_X,-1.094,GYRO_Y,-2.371,GYRO_Z,-0.006,BODY_RATE,0.006
TM,ADCS_MODE,MANUAL,ADCS_REFERENCE,SUN,TARGET,0.00,POINTING_ERROR,7.88,SUN_ERROR,8.10,MAG_ERROR,-122.22,GYRO_Z,-0.085,RW_CMD,0
TM,EST_RAW,-8.10,EST_FILTERED,-8.10,EST_ANGLE,-7.88,EST_FILTER,ON,EST_FILTER_TYPE,MOVING_AVERAGE,EST_MA_WINDOW,1,EST_FILTER_STRENGTH,0.35
TM,EST_FUSION,ON,EST_GYRO_WEIGHT,0.98,EST_VALID,1
TM,SUN_L,3650,SUN_R,3697,SUN_NDV,-0.0064,SUN_ANGLE,-7.86
TM,MAG_X,-18.21,MAG_Y,28.82,MAG_Z,-10.14,MAG_HEADING,122.29
TM,GYRO_X,-0.840,GYRO_Y,-2.371,GYRO_Z,0.047,BODY_RATE,-0.047
TM,ADCS_MODE,MANUAL,ADCS_REFERENCE,SUN,TARGET,0.00,POINTING_ERROR,7.90,SUN_ERROR,7.99,MAG_ERROR,-122.00,GYRO_Z,-0.058,RW_CMD,0
TM,EST_RAW,-7.99,EST_FILTERED,-7.99,EST_ANGLE,-7.90,EST_FILTER,ON,EST_FILTER_TYPE,MOVING_AVERAGE,EST_MA_WINDOW,1,EST_FILTER_STRENGTH,0.35
TM,EST_FUSION,ON,EST_GYRO_WEIGHT,0.98,EST_VALID,1
TM,SUN_L,3652,SUN_R,3698,SUN_NDV,-0.0063,SUN_ANGLE,-7.85
TM,MAG_X,-18.03,MAG_Y,28.86,MAG_Z,-10.24,MAG_HEADING,121.99
TM,GYRO_X,-1.094,GYRO_Y,-2.144,GYRO_Z,-0.015,BODY_RATE,0.015
TM,ADCS_MODE,MANUAL,ADCS_REFERENCE,SUN,TARGET,0.00,POINTING_ERROR,7.91,SUN_ERROR,7.60,MAG_ERROR,-121.99,GYRO_Z,-0.260,RW_CMD,0
TM,EST_RAW,-7.60,EST_FILTERED,-7.60,EST_ANGLE,-7.91,EST_FILTER,ON,EST_FILTER_TYPE,MOVING_AVERAGE,EST_MA_WINDOW,1,EST_FILTER_STRENGTH,0.35
TM,EST_FUSION,ON,EST_GYRO_WEIGHT,0.98,EST_VALID,1
TM,SUN_L,3653,SUN_R,3699,SUN_NDV,-0.0063,SUN_ANGLE,-8.17
TM,MAG_X,-18.18,MAG_Y,28.82,MAG_Z,-10.05,MAG_HEADING,122.24
TM,GYRO_X,-1.041,GYRO_Y,-2.336,GYRO_Z,-0.093,BODY_RATE,0.093
TM,ADCS_MODE,MANUAL,ADCS_REFERENCE,SUN,TARGET,0.00,POINTING_ERROR,7.91,SUN_ERROR,8.48,MAG_ERROR,-121.93,GYRO_Z,-0.181,RW_CMD,0
TM,EST_RAW,-8.48,EST_FILTERED,-8.48,EST_ANGLE,-7.91,EST_FILTER,ON,EST_FILTER_TYPE,MOVING_AVERAGE,EST_MA_WINDOW,1,EST_FILTER_STRENGTH,0.35
TM,EST_FUSION,ON,EST_GYRO_WEIGHT,0.98,EST_VALID,1
TM,SUN_L,3651,SUN_R,3698,SUN_NDV,-0.0064,SUN_ANGLE,-7.91
TM,MAG_X,-18.00,MAG_Y,28.88,MAG_Z,-10.13,MAG_HEADING,121.93
TM,GYRO_X,-0.936,GYRO_Y,-2.144,GYRO_Z,-0.233,BODY_RATE,0.233
TM,SUN_L,3649,SUN_R,3697,SUN_NDV,-0.0065,SUN_ANGLE,-7.97
TM,MAG_X,-18.26,MAG_Y,28.88,MAG_Z,-10.18,MAG_HEADING,122.30
TM,GYRO_X,-1.050,GYRO_Y,-2.398,GYRO_Z,-0.050,BODY_RATE,0.050
TM,ADCS_MODE,MANUAL,ADCS_REFERENCE,SUN,TARGET,0.00,POINTING_ERROR,7.93,SUN_ERROR,7.97,MAG_ERROR,-122.30,GYRO_Z,-0.050,RW_CMD,0
TM,EST_RAW,-7.97,EST_FILTERED,-7.97,EST_ANGLE,-7.93,EST_FILTER,ON,EST_FILTER_TYPE,MOVING_AVERAGE,EST_MA_WINDOW,1,EST_FILTER_STRENGTH,0.35
TM,EST_FUSION,ON,EST_GYRO_WEIGHT,0.98,EST_VALID,1
TM,SUN_L,3649,SUN_R,3698,SUN_NDV,-0.0067,SUN_ANGLE,-7.60
TM,MAG_X,-18.08,MAG_Y,28.82,MAG_Z,-10.16,MAG_HEADING,122.11
TM,GYRO_X,-1.120,GYRO_Y,-2.231,GYRO_Z,-0.128,BODY_RATE,0.128
TM,ADCS_MODE,MANUAL,ADCS_REFERENCE,SUN,TARGET,0.00,POINTING_ERROR,7.95,SUN_ERROR,7.97,MAG_ERROR,-122.11,GYRO_Z,0.108,RW_CMD,0
TM,EST_RAW,-7.97,EST_FILTERED,-7.97,EST_ANGLE,-7.95,EST_FILTER,ON,EST_FILTER_TYPE,MOVING_AVERAGE,EST_MA_WINDOW,1,EST_FILTER_STRENGTH,0.35
TM,EST_FUSION,ON,EST_GYRO_WEIGHT,0.98,EST_VALID,1
TM,SUN_L,3651,SUN_R,3698,SUN_NDV,-0.0064,SUN_ANGLE,-8.07
TM,MAG_X,-18.24,MAG_Y,28.70,MAG_Z,-10.16,MAG_HEADING,122.43
TM,GYRO_X,-0.901,GYRO_Y,-2.380,GYRO_Z,0.108,BODY_RATE,-0.108
TM,ADCS_MODE,MANUAL,ADCS_REFERENCE,SUN,TARGET,0.00,POINTING_ERROR,7.97,SUN_ERROR,8.31,MAG_ERROR,-122.13,GYRO_Z,-0.128,RW_CMD,0
TM,EST_RAW,-8.31,EST_FILTERED,-8.31,EST_ANGLE,-7.97,EST_FILTER,ON,EST_FILTER_TYPE,MOVING_AVERAGE,EST_MA_WINDOW,1,EST_FILTER_STRENGTH,0.35
TM,EST_FUSION,ON,EST_GYRO_WEIGHT,0.98,EST_VALID,1
TM,SUN_L,3650,SUN_R,3699,SUN_NDV,-0.0067,SUN_ANGLE,-8.11
TM,MAG_X,-18.08,MAG_Y,28.78,MAG_Z,-10.40,MAG_HEADING,122.13
TM,GYRO_X,-0.718,GYRO_Y,-2.371,GYRO_Z,-0.155,BODY_RATE,0.155
TM,ADCS_MODE,MANUAL,ADCS_REFERENCE,SUN,TARGET,0.00,POINTING_ERROR,8.00,SUN_ERROR,8.45,MAG_ERROR,-122.15,GYRO_Z,0.073,RW_CMD,0
TM,EST_RAW,-8.45,EST_FILTERED,-8.45,EST_ANGLE,-8.00,EST_FILTER,ON,EST_FILTER_TYPE,MOVING_AVERAGE,EST_MA_WINDOW,1,EST_FILTER_STRENGTH,0.35
TM,EST_FUSION,ON,EST_GYRO_WEIGHT,0.98,EST_VALID,1
TM,SUN_L,3651,SUN_R,3697,SUN_NDV,-0.0063,SUN_ANGLE,-8.33
TM,MAG_X,-18.10,MAG_Y,28.80,MAG_Z,-10.06,MAG_HEADING,122.14
TM,GYRO_X,-1.050,GYRO_Y,-2.100,GYRO_Z,-0.050,BODY_RATE,0.050
TM,SUN_L,3650,SUN_R,3698,SUN_NDV,-0.0065,SUN_ANGLE,-8.31
TM,MAG_X,-18.22,MAG_Y,28.91,MAG_Z,-9.97,MAG_HEADING,122.22
TM,GYRO_X,-0.892,GYRO_Y,-2.494,GYRO_Z,-0.093,BODY_RATE,0.093
TM,ADCS_MODE,MANUAL,ADCS_REFERENCE,SUN,TARGET,0.00,POINTING_ERROR,7.99,SUN_ERROR,8.31,MAG_ERROR,-122.22,GYRO_Z,-0.181,RW_CMD,0
TM,EST_RAW,-8.31,EST_FILTERED,-8.31,EST_ANGLE,-7.99,EST_FILTER,ON,EST_FILTER_TYPE,MOVING_AVERAGE,EST_MA_WINDOW,1,EST_FILTER_STRENGTH,0.35
TM,EST_FUSION,ON,EST_GYRO_WEIGHT,0.98,EST_VALID,1
TM,SUN_L,3651,SUN_R,3698,SUN_NDV,-0.0064,SUN_ANGLE,-8.44
TM,MAG_X,-18.21,MAG_Y,28.86,MAG_Z,-10.34,MAG_HEADING,122.24
TM,GYRO_X,-0.962,GYRO_Y,-2.161,GYRO_Z,0.038,BODY_RATE,-0.038
TM,ADCS_MODE,MANUAL,ADCS_REFERENCE,SUN,TARGET,0.00,POINTING_ERROR,8.01,SUN_ERROR,8.06,MAG_ERROR,-122.12,GYRO_Z,-0.085,RW_CMD,0
TM,EST_RAW,-8.06,EST_FILTERED,-8.06,EST_ANGLE,-8.01,EST_FILTER,ON,EST_FILTER_TYPE,MOVING_AVERAGE,EST_MA_WINDOW,1,EST_FILTER_STRENGTH,0.35
TM,EST_FUSION,ON,EST_GYRO_WEIGHT,0.98,EST_VALID,1
TM,SUN_L,3650,SUN_R,3696,SUN_NDV,-0.0063,SUN_ANGLE,-8.06
TM,MAG_X,-18.08,MAG_Y,28.80,MAG_Z,-10.21,MAG_HEADING,122.12
TM,GYRO_X,-1.033,GYRO_Y,-2.214,GYRO_Z,0.047,BODY_RATE,-0.047
TM,ADCS_MODE,MANUAL,ADCS_REFERENCE,SUN,TARGET,0.00,POINTING_ERROR,8.07,SUN_ERROR,8.70,MAG_ERROR,-122.28,GYRO_Z,0.117,RW_CMD,0
TM,EST_RAW,-8.70,EST_FILTERED,-8.70,EST_ANGLE,-8.07,EST_FILTER,ON,EST_FILTER_TYPE,MOVING_AVERAGE,EST_MA_WINDOW,1,EST_FILTER_STRENGTH,0.35
TM,EST_FUSION,ON,EST_GYRO_WEIGHT,0.98,EST_VALID,1
TM,SUN_L,3649,SUN_R,3698,SUN_NDV,-0.0067,SUN_ANGLE,-7.97
TM,MAG_X,-18.14,MAG_Y,28.78,MAG_Z,-10.13,MAG_HEADING,122.23
TM,GYRO_X,-1.155,GYRO_Y,-2.301,GYRO_Z,-0.303,BODY_RATE,0.303
TM,ADCS_MODE,MANUAL,ADCS_REFERENCE,SUN,TARGET,0.00,POINTING_ERROR,8.09,SUN_ERROR,7.67,MAG_ERROR,-122.19,GYRO_Z,0.099,RW_CMD,0
TM,EST_RAW,-7.67,EST_FILTERED,-7.67,EST_ANGLE,-8.09,EST_FILTER,ON,EST_FILTER_TYPE,MOVING_AVERAGE,EST_MA_WINDOW,1,EST_FILTER_STRENGTH,0.35
TM,EST_FUSION,ON,EST_GYRO_WEIGHT,0.98,EST_VALID,1
TM,SUN_L,3652,SUN_R,3698,SUN_NDV,-0.0063,SUN_ANGLE,-8.89
TM,MAG_X,-18.10,MAG_Y,28.75,MAG_Z,-10.16,MAG_HEADING,122.19
TM,GYRO_X,-1.006,GYRO_Y,-2.301,GYRO_Z,-0.041,BODY_RATE,0.041
TM,SUN_L,3651,SUN_R,3698,SUN_NDV,-0.0064,SUN_ANGLE,-7.78
TM,MAG_X,-18.16,MAG_Y,28.80,MAG_Z,-9.95,MAG_HEADING,122.23
TM,GYRO_X,-1.076,GYRO_Y,-2.257,GYRO_Z,-0.356,BODY_RATE,0.356
TM,ADCS_MODE,MANUAL,ADCS_REFERENCE,SUN,TARGET,0.00,POINTING_ERROR,8.08,SUN_ERROR,7.78,MAG_ERROR,-122.23,GYRO_Z,-0.356,RW_CMD,0
TM,EST_RAW,-7.78,EST_FILTERED,-7.78,EST_ANGLE,-8.08,EST_FILTER,ON,EST_FILTER_TYPE,MOVING_AVERAGE,EST_MA_WINDOW,1,EST_FILTER_STRENGTH,0.35
TM,EST_FUSION,ON,EST_GYRO_WEIGHT,0.98,EST_VALID,1
TM,SUN_L,3652,SUN_R,3699,SUN_NDV,-0.0064,SUN_ANGLE,-8.29
TM,MAG_X,-18.19,MAG_Y,28.75,MAG_Z,-10.18,MAG_HEADING,122.32
TM,GYRO_X,-0.910,GYRO_Y,-2.678,GYRO_Z,-0.015,BODY_RATE,0.015
TM,ADCS_MODE,MANUAL,ADCS_REFERENCE,SUN,TARGET,0.00,POINTING_ERROR,8.04,SUN_ERROR,8.00,MAG_ERROR,-122.32,GYRO_Z,-0.032,RW_CMD,0
TM,EST_RAW,-8.00,EST_FILTERED,-8.00,EST_ANGLE,-8.04,EST_FILTER,ON,EST_FILTER_TYPE,MOVING_AVERAGE,EST_MA_WINDOW,1,EST_FILTER_STRENGTH,0.35
TM,EST_FUSION,ON,EST_GYRO_WEIGHT,0.98,EST_VALID,1
TM,SUN_L,3652,SUN_R,3696,SUN_NDV,-0.0060,SUN_ANGLE,-8.30
TM,MAG_X,-18.14,MAG_Y,28.85,MAG_Z,-10.10,MAG_HEADING,122.17
TM,GYRO_X,-1.120,GYRO_Y,-2.275,GYRO_Z,-0.181,BODY_RATE,0.181
TM,ADCS_MODE,MANUAL,ADCS_REFERENCE,SUN,TARGET,0.00,POINTING_ERROR,8.01,SUN_ERROR,7.94,MAG_ERROR,-122.17,GYRO_Z,0.020,RW_CMD,0
TM,EST_RAW,-7.94,EST_FILTERED,-7.94,EST_ANGLE,-8.01,EST_FILTER,ON,EST_FILTER_TYPE,MOVING_AVERAGE,EST_MA_WINDOW,1,EST_FILTER_STRENGTH,0.35
TM,EST_FUSION,ON,EST_GYRO_WEIGHT,0.98,EST_VALID,1
TM,SUN_L,3651,SUN_R,3697,SUN_NDV,-0.0063,SUN_ANGLE,-7.82
TM,MAG_X,-18.11,MAG_Y,28.85,MAG_Z,-10.26,MAG_HEADING,122.12
TM,GYRO_X,-0.980,GYRO_Y,-2.433,GYRO_Z,-0.155,BODY_RATE,0.155
TM,ADCS_MODE,MANUAL,ADCS_REFERENCE,SUN,TARGET,0.00,POINTING_ERROR,7.97,SUN_ERROR,7.96,MAG_ERROR,-122.01,GYRO_Z,0.239,RW_CMD,0
TM,EST_RAW,-7.96,EST_FILTERED,-7.96,EST_ANGLE,-7.97,EST_FILTER,ON,EST_FILTER_TYPE,MOVING_AVERAGE,EST_MA_WINDOW,1,EST_FILTER_STRENGTH,0.35
TM,EST_FUSION,ON,EST_GYRO_WEIGHT,0.98,EST_VALID,1
TM,SUN_L,3651,SUN_R,3698,SUN_NDV,-0.0064,SUN_ANGLE,-8.14
TM,MAG_X,-17.95,MAG_Y,28.72,MAG_Z,-10.18,MAG_HEADING,122.01
TM,GYRO_X,-1.059,GYRO_Y,-2.231,GYRO_Z,0.160,BODY_RATE,-0.160
TM,SUN_L,3649,SUN_R,3697,SUN_NDV,-0.0065,SUN_ANGLE,-7.85
TM,MAG_X,-18.34,MAG_Y,28.90,MAG_Z,-9.94,MAG_HEADING,122.40
TM,GYRO_X,-0.858,GYRO_Y,-2.503,GYRO_Z,-0.032,BODY_RATE,0.032
TM,ADCS_MODE,MANUAL,ADCS_REFERENCE,SUN,TARGET,0.00,POINTING_ERROR,7.96,SUN_ERROR,8.23,MAG_ERROR,-122.40,GYRO_Z,0.195,RW_CMD,0
TM,EST_RAW,-8.23,EST_FILTERED,-8.23,EST_ANGLE,-7.96,EST_FILTER,ON,EST_FILTER_TYPE,MOVING_AVERAGE,EST_MA_WINDOW,1,EST_FILTER_STRENGTH,0.35
TM,EST_FUSION,ON,EST_GYRO_WEIGHT,0.98,EST_VALID,1
TM,SUN_L,3652,SUN_R,3698,SUN_NDV,-0.0063,SUN_ANGLE,-7.94
TM,MAG_X,-18.11,MAG_Y,28.72,MAG_Z,-10.11,MAG_HEADING,122.24
TM,GYRO_X,-1.085,GYRO_Y,-2.459,GYRO_Z,-0.190,BODY_RATE,0.190
TM,ADCS_MODE,MANUAL,ADCS_REFERENCE,SUN,TARGET,0.00,POINTING_ERROR,7.94,SUN_ERROR,8.29,MAG_ERROR,-122.24,GYRO_Z,-0.032,RW_CMD,0
TM,EST_RAW,-8.29,EST_FILTERED,-8.29,EST_ANGLE,-7.94,EST_FILTER,ON,EST_FILTER_TYPE,MOVING_AVERAGE,EST_MA_WINDOW,1,EST_FILTER_STRENGTH,0.35
TM,EST_FUSION,ON,EST_GYRO_WEIGHT,0.98,EST_VALID,1
TM,SUN_L,3649,SUN_R,3698,SUN_NDV,-0.0067,SUN_ANGLE,-7.88
TM,MAG_X,-18.18,MAG_Y,28.86,MAG_Z,-10.03,MAG_HEADING,122.20
TM,GYRO_X,-1.138,GYRO_Y,-2.520,GYRO_Z,0.064,BODY_RATE,-0.064
TM,ADCS_MODE,MANUAL,ADCS_REFERENCE,SUN,TARGET,0.00,POINTING_ERROR,7.93,SUN_ERROR,7.46,MAG_ERROR,-122.36,GYRO_Z,0.178,RW_CMD,0
TM,EST_RAW,-7.46,EST_FILTERED,-7.46,EST_ANGLE,-7.93,EST_FILTER,ON,EST_FILTER_TYPE,MOVING_AVERAGE,EST_MA_WINDOW,1,EST_FILTER_STRENGTH,0.35
TM,EST_FUSION,ON,EST_GYRO_WEIGHT,0.98,EST_VALID,1
TM,SUN_L,3651,SUN_R,3699,SUN_NDV,-0.0065,SUN_ANGLE,-7.70
TM,MAG_X,-18.18,MAG_Y,28.69,MAG_Z,-10.24,MAG_HEADING,122.36
TM,GYRO_X,-1.146,GYRO_Y,-2.223,GYRO_Z,-0.032,BODY_RATE,0.032
TM,ADCS_MODE,MANUAL,ADCS_REFERENCE,SUN,TARGET,0.00,POINTING_ERROR,7.90,SUN_ERROR,7.95,MAG_ERROR,-122.05,GYRO_Z,-0.233,RW_CMD,0
TM,EST_RAW,-7.95,EST_FILTERED,-7.95,EST_ANGLE,-7.90,EST_FILTER,ON,EST_FILTER_TYPE,MOVING_AVERAGE,EST_MA_WINDOW,1,EST_FILTER_STRENGTH,0.35
TM,EST_FUSION,ON,EST_GYRO_WEIGHT,0.98,EST_VALID,1
TM,SUN_L,3653,SUN_R,3697,SUN_NDV,-0.0060,SUN_ANGLE,-7.90
TM,MAG_X,-18.24,MAG_Y,28.86,MAG_Z,-10.06,MAG_HEADING,122.29
TM,GYRO_X,-0.980,GYRO_Y,-2.152,GYRO_Z,-0.111,BODY_RATE,0.111
TM,SUN_L,3651,SUN_R,3699,SUN_NDV,-0.0065,SUN_ANGLE,-7.78
TM,MAG_X,-18.21,MAG_Y,28.82,MAG_Z,-10.21,MAG_HEADING,122.29
TM,GYRO_X,-0.735,GYRO_Y,-2.380,GYRO_Z,-0.041,BODY_RATE,0.041
TM,ADCS_MODE,MANUAL,ADCS_REFERENCE,SUN,TARGET,0.00,POINTING_ERROR,7.92,SUN_ERROR,7.78,MAG_ERROR,-122.29,GYRO_Z,-0.041,RW_CMD,0
TM,EST_RAW,-7.78,EST_FILTERED,-7.78,EST_ANGLE,-7.92,EST_FILTER,ON,EST_FILTER_TYPE,MOVING_AVERAGE,EST_MA_WINDOW,1,EST_FILTER_STRENGTH,0.35
TM,EST_FUSION,ON,EST_GYRO_WEIGHT,0.98,EST_VALID,1
TM,SUN_L,3652,SUN_R,3698,SUN_NDV,-0.0063,SUN_ANGLE,-8.22
TM,MAG_X,-18.22,MAG_Y,28.83,MAG_Z,-10.21,MAG_HEADING,122.30
TM,GYRO_X,-1.067,GYRO_Y,-2.608,GYRO_Z,0.134,BODY_RATE,-0.134
TM,ADCS_MODE,MANUAL,ADCS_REFERENCE,SUN,TARGET,0.00,POINTING_ERROR,7.96,SUN_ERROR,7.94,MAG_ERROR,-122.06,GYRO_Z,-0.120,RW_CMD,0
TM,EST_RAW,-7.94,EST_FILTERED,-7.94,EST_ANGLE,-7.96,EST_FILTER,ON,EST_FILTER_TYPE,MOVING_AVERAGE,EST_MA_WINDOW,1,EST_FILTER_STRENGTH,0.35
TM,EST_FUSION,ON,EST_GYRO_WEIGHT,0.98,EST_VALID,1
TM,SUN_L,3653,SUN_R,3698,SUN_NDV,-0.0061,SUN_ANGLE,-8.00
TM,MAG_X,-18.21,MAG_Y,28.91,MAG_Z,-10.06,MAG_HEADING,122.20
TM,GYRO_X,-1.024,GYRO_Y,-2.511,GYRO_Z,-0.172,BODY_RATE,0.172
TM,ADCS_MODE,MANUAL,ADCS_REFERENCE,SUN,TARGET,0.00,POINTING_ERROR,7.98,SUN_ERROR,8.12,MAG_ERROR,-122.20,GYRO_Z,0.108,RW_CMD,0
TM,EST_RAW,-8.12,EST_FILTERED,-8.12,EST_ANGLE,-7.98,EST_FILTER,ON,EST_FILTER_TYPE,MOVING_AVERAGE,EST_MA_WINDOW,1,EST_FILTER_STRENGTH,0.35
TM,EST_FUSION,ON,EST_GYRO_WEIGHT,0.98,EST_VALID,1
TM,SUN_L,3653,SUN_R,3699,SUN_NDV,-0.0063,SUN_ANGLE,-8.25
TM,MAG_X,-18.08,MAG_Y,28.94,MAG_Z,-10.30,MAG_HEADING,121.99
TM,GYRO_X,-0.954,GYRO_Y,-2.196,GYRO_Z,0.108,BODY_RATE,-0.108
TM,ADCS_MODE,MANUAL,ADCS_REFERENCE,SUN,TARGET,0.00,POINTING_ERROR,8.00,SUN_ERROR,7.79,MAG_ERROR,-122.35,GYRO_Z,-0.006,RW_CMD,0
TM,EST_RAW,-7.79,EST_FILTERED,-7.79,EST_ANGLE,-8.00,EST_FILTER,ON,EST_FILTER_TYPE,MOVING_AVERAGE,EST_MA_WINDOW,1,EST_FILTER_STRENGTH,0.35
TM,EST_FUSION,ON,EST_GYRO_WEIGHT,0.98,EST_VALID,1
TM,SUN_L,3652,SUN_R,3698,SUN_NDV,-0.0063,SUN_ANGLE,-8.34
TM,MAG_X,-18.24,MAG_Y,28.80,MAG_Z,-10.05,MAG_HEADING,122.35
TM,GYRO_X,-1.094,GYRO_Y,-1.986,GYRO_Z,-0.032,BODY_RATE,0.032
TM,SUN_L,3651,SUN_R,3697,SUN_NDV,-0.0063,SUN_ANGLE,-8.43
TM,MAG_X,-18.14,MAG_Y,28.86,MAG_Z,-10.05,MAG_HEADING,122.15
TM,GYRO_X,-1.067,GYRO_Y,-2.223,GYRO_Z,-0.190,BODY_RATE,0.190
TM,ADCS_MODE,MANUAL,ADCS_REFERENCE,SUN,TARGET,0.00,POINTING_ERROR,8.04,SUN_ERROR,8.43,MAG_ERROR,-122.15,GYRO_Z,-0.190,RW_CMD,0
TM,EST_RAW,-8.43,EST_FILTERED,-8.43,EST_ANGLE,-8.04,EST_FILTER,ON,EST_FILTER_TYPE,MOVING_AVERAGE,EST_MA_WINDOW,1,EST_FILTER_STRENGTH,0.35
TM,EST_FUSION,ON,EST_GYRO_WEIGHT,0.98,EST_VALID,1
TM,SUN_L,3650,SUN_R,3698,SUN_NDV,-0.0065,SUN_ANGLE,-8.10
TM,MAG_X,-18.29,MAG_Y,28.82,MAG_Z,-10.08,MAG_HEADING,122.40
TM,GYRO_X,-1.050,GYRO_Y,-2.424,GYRO_Z,-0.050,BODY_RATE,0.050
TM,ADCS_MODE,MANUAL,ADCS_REFERENCE,SUN,TARGET,0.00,POINTING_ERROR,8.03,SUN_ERROR,8.25,MAG_ERROR,-122.40,GYRO_Z,-0.111,RW_CMD,0
TM,EST_RAW,-8.25,EST_FILTERED,-8.25,EST_ANGLE,-8.03,EST_FILTER,ON,EST_FILTER_TYPE,MOVING_AVERAGE,EST_MA_WINDOW,1,EST_FILTER_STRENGTH,0.35
TM,EST_FUSION,ON,EST_GYRO_WEIGHT,0.98,EST_VALID,1
TM,SUN_L,3653,SUN_R,3699,SUN_NDV,-0.0063,SUN_ANGLE,-8.04
TM,MAG_X,-18.08,MAG_Y,29.01,MAG_Z,-10.27,MAG_HEADING,121.93
TM,GYRO_X,-0.892,GYRO_Y,-2.275,GYRO_Z,0.047,BODY_RATE,-0.047
TM,ADCS_MODE,MANUAL,ADCS_REFERENCE,SUN,TARGET,0.00,POINTING_ERROR,8.07,SUN_ERROR,8.42,MAG_ERROR,-122.37,GYRO_Z,0.318,RW_CMD,0
TM,EST_RAW,-8.42,EST_FILTERED,-8.42,EST_ANGLE,-8.07,EST_FILTER,ON,EST_FILTER_TYPE,MOVING_AVERAGE,EST_MA_WINDOW,1,EST_FILTER_STRENGTH,0.35
TM,EST_FUSION,ON,EST_GYRO_WEIGHT,0.98,EST_VALID,1
TM,SUN_L,3650,SUN_R,3699,SUN_NDV,-0.0067,SUN_ANGLE,-8.31
TM,MAG_X,-18.30,MAG_Y,28.88,MAG_Z,-10.22,MAG_HEADING,122.37
TM,GYRO_X,-0.919,GYRO_Y,-2.389,GYRO_Z,-0.067,BODY_RATE,0.067
TM,ADCS_MODE,MANUAL,ADCS_REFERENCE,SUN,TARGET,0.00,POINTING_ERROR,8.08,SUN_ERROR,7.83,MAG_ERROR,-122.24,GYRO_Z,0.204,RW_CMD,0
TM,EST_RAW,-7.83,EST_FILTERED,-7.83,EST_ANGLE,-8.08,EST_FILTER,ON,EST_FILTER_TYPE,MOVING_AVERAGE,EST_MA_WINDOW,1,EST_FILTER_STRENGTH,0.35
TM,EST_FUSION,ON,EST_GYRO_WEIGHT,0.98,EST_VALID,1
TM,SUN_L,3652,SUN_R,3698,SUN_NDV,-0.0063,SUN_ANGLE,-8.25
TM,MAG_X,-18.05,MAG_Y,28.82,MAG_Z,-10.00,MAG_HEADING,122.06
TM,GYRO_X,-1.024,GYRO_Y,-2.398,GYRO_Z,-0.032,BODY_RATE,0.032
TM,SUN_L,3653,SUN_R,3698,SUN_NDV,-0.0061,SUN_ANGLE,-7.56
TM,MAG_X,-18.22,MAG_Y,29.01,MAG_Z,-10.21,MAG_HEADING,122.14
TM,GYRO_X,-1.312,GYRO_Y,-2.380,GYRO_Z,-0.146,BODY_RATE,0.146
TM,ADCS_MODE,MANUAL,ADCS_REFERENCE,SUN,TARGET,0.00,POINTING_ERROR,8.04,SUN_ERROR,7.56,MAG_ERROR,-122.14,GYRO_Z,-0.067,RW_CMD,0
TM,EST_RAW,-7.56,EST_FILTERED,-7.56,EST_ANGLE,-8.04,EST_FILTER,ON,EST_FILTER_TYPE,MOVING_AVERAGE,EST_MA_WINDOW,1,EST_FILTER_STRENGTH,0.35
TM,EST_FUSION,ON,EST_GYRO_WEIGHT,0.98,EST_VALID,1
TM,SUN_L,3653,SUN_R,3699,SUN_NDV,-0.0063,SUN_ANGLE,-8.00
TM,MAG_X,-18.14,MAG_Y,28.91,MAG_Z,-10.18,MAG_HEADING,122.11
TM,GYRO_X,-0.989,GYRO_Y,-2.293,GYRO_Z,0.020,BODY_RATE,-0.020
TM,ADCS_MODE,MANUAL,ADCS_REFERENCE,SUN,TARGET,0.00,POINTING_ERROR,8.00,SUN_ERROR,7.70,MAG_ERROR,-122.11,GYRO_Z,-0.128,RW_CMD,0
TM,EST_RAW,-7.70,EST_FILTERED,-7.70,EST_ANGLE,-8.00,EST_FILTER,ON,EST_FILTER_TYPE,MOVING_AVERAGE,EST_MA_WINDOW,1,EST_FILTER_STRENGTH,0.35
TM,EST_FUSION,ON,EST_GYRO_WEIGHT,0.98,EST_VALID,1
TM,SUN_L,3651,SUN_R,3698,SUN_NDV,-0.0064,SUN_ANGLE,-7.96
TM,MAG_X,-18.08,MAG_Y,28.98,MAG_Z,-10.11,MAG_HEADING,121.96
TM,GYRO_X,-0.945,GYRO_Y,-2.424,GYRO_Z,-0.330,BODY_RATE,0.330
TM,ADCS_MODE,MANUAL,ADCS_REFERENCE,SUN,TARGET,0.00,POINTING_ERROR,7.98,SUN_ERROR,8.03,MAG_ERROR,-121.87,GYRO_Z,-0.163,RW_CMD,0
TM,EST_RAW,-8.03,EST_FILTERED,-8.03,EST_ANGLE,-7.98,EST_FILTER,ON,EST_FILTER_TYPE,MOVING_AVERAGE,EST_MA_WINDOW,1,EST_FILTER_STRENGTH,0.35
TM,EST_FUSION,ON,EST_GYRO_WEIGHT,0.98,EST_VALID,1
TM,SUN_L,3650,SUN_R,3698,SUN_NDV,-0.0065,SUN_ANGLE,-7.88
TM,MAG_X,-18.18,MAG_Y,29.01,MAG_Z,-10.11,MAG_HEADING,122.07
TM,GYRO_X,-0.936,GYRO_Y,-2.223,GYRO_Z,-0.146,BODY_RATE,0.146
TM,ADCS_MODE,MANUAL,ADCS_REFERENCE,SUN,TARGET,0.00,POINTING_ERROR,7.96,SUN_ERROR,7.84,MAG_ERROR,-122.17,GYRO_Z,-0.050,RW_CMD,0
TM,EST_RAW,-7.84,EST_FILTERED,-7.84,EST_ANGLE,-7.96,EST_FILTER,ON,EST_FILTER_TYPE,MOVING_AVERAGE,EST_MA_WINDOW,1,EST_FILTER_STRENGTH,0.35
TM,EST_FUSION,ON,EST_GYRO_WEIGHT,0.98,EST_VALID,1
TM,SUN_L,3652,SUN_R,3699,SUN_NDV,-0.0064,SUN_ANGLE,-7.79
TM,MAG_X,-18.21,MAG_Y,28.94,MAG_Z,-10.06,MAG_HEADING,122.17
TM,GYRO_X,-0.910,GYRO_Y,-2.161,GYRO_Z,-0.015,BODY_RATE,0.015
TM,SUN_L,3649,SUN_R,3697,SUN_NDV,-0.0065,SUN_ANGLE,-8.18
TM,MAG_X,-18.13,MAG_Y,28.96,MAG_Z,-10.03,MAG_HEADING,122.05
TM,GYRO_X,-0.962,GYRO_Y,-2.424,GYRO_Z,-0.233,BODY_RATE,0.233
TM,ADCS_MODE,MANUAL,ADCS_REFERENCE,SUN,TARGET,0.00,POINTING_ERROR,7.95,SUN_ERROR,7.21,MAG_ERROR,-122.05,GYRO_Z,-0.295,RW_CMD,0
TM,EST_RAW,-7.21,EST_FILTERED,-7.21,EST_ANGLE,-7.95,EST_FILTER,ON,EST_FILTER_TYPE,MOVING_AVERAGE,EST_MA_WINDOW,1,EST_FILTER_STRENGTH,0.35
TM,EST_FUSION,ON,EST_GYRO_WEIGHT,0.98,EST_VALID,1
TM,SUN_L,3650,SUN_R,3697,SUN_NDV,-0.0064,SUN_ANGLE,-8.06
TM,MAG_X,-18.24,MAG_Y,28.96,MAG_Z,-10.30,MAG_HEADING,122.20
TM,GYRO_X,-0.858,GYRO_Y,-2.450,GYRO_Z,-0.146,BODY_RATE,0.146
TM,ADCS_MODE,MANUAL,ADCS_REFERENCE,SUN,TARGET,0.00,POINTING_ERROR,7.98,SUN_ERROR,9.28,MAG_ERROR,-122.03,GYRO_Z,-0.067,RW_CMD,0
TM,EST_RAW,-9.28,EST_FILTERED,-9.28,EST_ANGLE,-7.98,EST_FILTER,ON,EST_FILTER_TYPE,MOVING_AVERAGE,EST_MA_WINDOW,1,EST_FILTER_STRENGTH,0.35
TM,EST_FUSION,ON,EST_GYRO_WEIGHT,0.98,EST_VALID,1
TM,SUN_L,3649,SUN_R,3697,SUN_NDV,-0.0065,SUN_ANGLE,-7.96
TM,MAG_X,-18.16,MAG_Y,28.99,MAG_Z,-10.24,MAG_HEADING,122.06
TM,GYRO_X,-0.980,GYRO_Y,-2.293,GYRO_Z,0.090,BODY_RATE,-0.090
TM,ADCS_MODE,MANUAL,ADCS_REFERENCE,SUN,TARGET,0.00,POINTING_ERROR,8.02,SUN_ERROR,8.25,MAG_ERROR,-122.06,GYRO_Z,-0.163,RW_CMD,0
TM,EST_RAW,-8.25,EST_FILTERED,-8.25,EST_ANGLE,-8.02,EST_FILTER,ON,EST_FILTER_TYPE,MOVING_AVERAGE,EST_MA_WINDOW,1,EST_FILTER_STRENGTH,0.35
TM,EST_FUSION,ON,EST_GYRO_WEIGHT,0.98,EST_VALID,1
TM,SUN_L,3651,SUN_R,3697,SUN_NDV,-0.0063,SUN_ANGLE,-7.68
TM,MAG_X,-18.18,MAG_Y,28.96,MAG_Z,-10.16,MAG_HEADING,122.11
TM,GYRO_X,-1.033,GYRO_Y,-2.511,GYRO_Z,0.099,BODY_RATE,-0.099
TM,ADCS_MODE,MANUAL,ADCS_REFERENCE,SUN,TARGET,0.00,POINTING_ERROR,8.05,SUN_ERROR,8.07,MAG_ERROR,-122.38,GYRO_Z,-0.067,RW_CMD,0
TM,EST_RAW,-8.07,EST_FILTERED,-8.07,EST_ANGLE,-8.05,EST_FILTER,ON,EST_FILTER_TYPE,MOVING_AVERAGE,EST_MA_WINDOW,1,EST_FILTER_STRENGTH,0.35
TM,EST_FUSION,ON,EST_GYRO_WEIGHT,0.98,EST_VALID,1
TM,SUN_L,3648,SUN_R,3698,SUN_NDV,-0.0068,SUN_ANGLE,-8.98
TM,MAG_X,-18.38,MAG_Y,28.99,MAG_Z,-10.22,MAG_HEADING,122.38
TM,GYRO_X,-1.120,GYRO_Y,-2.082,GYRO_Z,0.099,BODY_RATE,-0.099
TM,SUN_L,3651,SUN_R,3697,SUN_NDV,-0.0063,SUN_ANGLE,-8.38
TM,MAG_X,-18.14,MAG_Y,28.94,MAG_Z,-10.37,MAG_HEADING,122.08
TM,GYRO_X,-1.033,GYRO_Y,-2.196,GYRO_Z,-0.102,BODY_RATE,0.102
TM,ADCS_MODE,MANUAL,ADCS_REFERENCE,SUN,TARGET,0.00,POINTING_ERROR,8.07,SUN_ERROR,8.38,MAG_ERROR,-122.08,GYRO_Z,-0.102,RW_CMD,0
TM,EST_RAW,-8.38,EST_FILTERED,-8.38,EST_ANGLE,-8.07,EST_FILTER,ON,EST_FILTER_TYPE,MOVING_AVERAGE,EST_MA_WINDOW,1,EST_FILTER_STRENGTH,0.35
TM,EST_FUSION,ON,EST_GYRO_WEIGHT,0.98,EST_VALID,1
TM,SUN_L,3651,SUN_R,3698,SUN_NDV,-0.0064,SUN_ANGLE,-7.96
TM,MAG_X,-18.16,MAG_Y,28.94,MAG_Z,-10.11,MAG_HEADING,122.10
TM,GYRO_X,-1.085,GYRO_Y,-2.441,GYRO_Z,-0.032,BODY_RATE,0.032
TM,ADCS_MODE,MANUAL,ADCS_REFERENCE,SUN,TARGET,0.00,POINTING_ERROR,8.06,SUN_ERROR,8.46,MAG_ERROR,-122.10,GYRO_Z,0.012,RW_CMD,0
TM,EST_RAW,-8.46,EST_FILTERED,-8.46,EST_ANGLE,-8.06,EST_FILTER,ON,EST_FILTER_TYPE,MOVING_AVERAGE,EST_MA_WINDOW,1,EST_FILTER_STRENGTH,0.35
TM,EST_FUSION,ON,EST_GYRO_WEIGHT,0.98,EST_VALID,1
TM,SUN_L,3648,SUN_R,3699,SUN_NDV,-0.0069,SUN_ANGLE,-8.02
TM,MAG_X,-18.14,MAG_Y,29.04,MAG_Z,-10.30,MAG_HEADING,122.00
TM,GYRO_X,-1.146,GYRO_Y,-2.511,GYRO_Z,0.117,BODY_RATE,-0.117
TM,ADCS_MODE,MANUAL,ADCS_REFERENCE,SUN,TARGET,0.00,POINTING_ERROR,8.09,SUN_ERROR,8.41,MAG_ERROR,-121.90,GYRO_Z,0.047,RW_CMD,0
TM,EST_RAW,-8.41,EST_FILTERED,-8.41,EST_ANGLE,-8.09,EST_FILTER,ON,EST_FILTER_TYPE,MOVING_AVERAGE,EST_MA_WINDOW,1,EST_FILTER_STRENGTH,0.35
TM,EST_FUSION,ON,EST_GYRO_WEIGHT,0.98,EST_VALID,1
TM,SUN_L,3648,SUN_R,3697,SUN_NDV,-0.0067,SUN_ANGLE,-8.61
TM,MAG_X,-18.13,MAG_Y,29.12,MAG_Z,-10.34,MAG_HEADING,121.90
TM,GYRO_X,-0.840,GYRO_Y,-2.467,GYRO_Z,-0.058,BODY_RATE,0.058
TM,ADCS_MODE,MANUAL,ADCS_REFERENCE,SUN,TARGET,0.00,POINTING_ERROR,8.10,SUN_ERROR,7.90,MAG_ERROR,-121.88,GYRO_Z,-0.268,RW_CMD,0
TM,EST_RAW,-7.90,EST_FILTERED,-7.90,EST_ANGLE,-8.10,EST_FILTER,ON,EST_FILTER_TYPE,MOVING_AVERAGE,EST_MA_WINDOW,1,EST_FILTER_STRENGTH,0.35
TM,EST_FUSION,ON,EST_GYRO_WEIGHT,0.98,EST_VALID,1
TM,SUN_L,3651,SUN_R,3698,SUN_NDV,-0.0064,SUN_ANGLE,-8.47
TM,MAG_X,-18.21,MAG_Y,28.94,MAG_Z,-10.19,MAG_HEADING,122.17
TM,GYRO_X,-1.164,GYRO_Y,-2.371,GYRO_Z,-0.102,BODY_RATE,0.102
TM,SUN_L,3651,SUN_R,3698,SUN_NDV,-0.0064,SUN_ANGLE,-8.34
TM,MAG_X,-18.19,MAG_Y,28.96,MAG_Z,-10.34,MAG_HEADING,122.14
TM,GYRO_X,-1.067,GYRO_Y,-2.328,GYRO_Z,0.073,BODY_RATE,-0.073
TM,ADCS_MODE,MANUAL,ADCS_REFERENCE,SUN,TARGET,0.00,POINTING_ERROR,8.08,SUN_ERROR,8.34,MAG_ERROR,-122.14,GYRO_Z,0.073,RW_CMD,0
TM,EST_RAW,-8.34,EST_FILTERED,-8.34,EST_ANGLE,-8.08,EST_FILTER,ON,EST_FILTER_TYPE,MOVING_AVERAGE,EST_MA_WINDOW,1,EST_FILTER_STRENGTH,0.35
TM,EST_FUSION,ON,EST_GYRO_WEIGHT,0.98,EST_VALID,1
TM,SUN_L,3651,SUN_R,3697,SUN_NDV,-0.0063,SUN_ANGLE,-7.77
TM,MAG_X,-18.32,MAG_Y,29.01,MAG_Z,-10.14,MAG_HEADING,122.27
TM,GYRO_X,-0.954,GYRO_Y,-2.170,GYRO_Z,-0.233,BODY_RATE,0.233
TM,ADCS_MODE,MANUAL,ADCS_REFERENCE,SUN,TARGET,0.00,POINTING_ERROR,8.08,SUN_ERROR,8.19,MAG_ERROR,-121.82,GYRO_Z,-0.015,RW_CMD,0
TM,EST_RAW,-8.19,EST_FILTERED,-8.19,EST_ANGLE,-8.08,EST_FILTER,ON,EST_FILTER_TYPE,MOVING_AVERAGE,EST_MA_WINDOW,1,EST_FILTER_STRENGTH,0.35
TM,EST_FUSION,ON,EST_GYRO_WEIGHT,0.98,EST_VALID,1
TM,SUN_L,3651,SUN_R,3700,SUN_NDV,-0.0067,SUN_ANGLE,-8.00
TM,MAG_X,-18.08,MAG_Y,29.14,MAG_Z,-10.26,MAG_HEADING,121.82
TM,GYRO_X,-1.102,GYRO_Y,-2.249,GYRO_Z,-0.032,BODY_RATE,0.032
TM,ADCS_MODE,MANUAL,ADCS_REFERENCE,SUN,TARGET,0.00,POINTING_ERROR,8.07,SUN_ERROR,8.32,MAG_ERROR,-121.94,GYRO_Z,-0.032,RW_CMD,0
TM,EST_RAW,-8.32,EST_FILTERED,-8.32,EST_ANGLE,-8.07,EST_FILTER,ON,EST_FILTER_TYPE,MOVING_AVERAGE,EST_MA_WINDOW,1,EST_FILTER_STRENGTH,0.35
TM,EST_FUSION,ON,EST_GYRO_WEIGHT,0.98,EST_VALID,1
TM,SUN_L,3653,SUN_R,3700,SUN_NDV,-0.0064,SUN_ANGLE,-7.98
TM,MAG_X,-18.08,MAG_Y,28.93,MAG_Z,-10.32,MAG_HEADING,122.01
TM,GYRO_X,-0.971,GYRO_Y,-2.398,GYRO_Z,0.143,BODY_RATE,-0.143
TM,ADCS_MODE,MANUAL,ADCS_REFERENCE,SUN,TARGET,0.00,POINTING_ERROR,8.05,SUN_ERROR,8.23,MAG_ERROR,-121.93,GYRO_Z,-0.163,RW_CMD,0
TM,EST_RAW,-8.23,EST_FILTERED,-8.23,EST_ANGLE,-8.05,EST_FILTER,ON,EST_FILTER_TYPE,MOVING_AVERAGE,EST_MA_WINDOW,1,EST_FILTER_STRENGTH,0.35
TM,EST_FUSION,ON,EST_GYRO_WEIGHT,0.98,EST_VALID,1
TM,SUN_L,3651,SUN_R,3696,SUN_NDV,-0.0061,SUN_ANGLE,-8.00
TM,MAG_X,-18.10,MAG_Y,29.04,MAG_Z,-10.16,MAG_HEADING,121.93
TM,GYRO_X,-0.989,GYRO_Y,-2.319,GYRO_Z,-0.023,BODY_RATE,0.023
TM,SUN_L,3653,SUN_R,3699,SUN_NDV,-0.0063,SUN_ANGLE,-8.17
TM,MAG_X,-17.97,MAG_Y,29.02,MAG_Z,-10.32,MAG_HEADING,121.76
TM,GYRO_X,-1.067,GYRO_Y,-2.380,GYRO_Z,0.090,BODY_RATE,-0.090
TM,ADCS_MODE,MANUAL,ADCS_REFERENCE,SUN,TARGET,0.00,POINTING_ERROR,8.06,SUN_ERROR,8.72,MAG_ERROR,-121.76,GYRO_Z,0.090,RW_CMD,0
TM,EST_RAW,-8.72,EST_FILTERED,-8.72,EST_ANGLE,-8.06,EST_FILTER,ON,EST_FILTER_TYPE,MOVING_AVERAGE,EST_MA_WINDOW,1,EST_FILTER_STRENGTH,0.35
TM,EST_FUSION,ON,EST_GYRO_WEIGHT,0.98,EST_VALID,1
TM,SUN_L,3652,SUN_R,3698,SUN_NDV,-0.0063,SUN_ANGLE,-7.97
TM,MAG_X,-18.34,MAG_Y,28.99,MAG_Z,-10.18,MAG_HEADING,122.31
TM,GYRO_X,-0.980,GYRO_Y,-2.398,GYRO_Z,0.160,BODY_RATE,-0.160
TM,ADCS_MODE,MANUAL,ADCS_REFERENCE,SUN,TARGET,0.00,POINTING_ERROR,8.05,SUN_ERROR,8.26,MAG_ERROR,-122.31,GYRO_Z,-0.190,RW_CMD,0
TM,EST_RAW,-8.26,EST_FILTERED,-8.26,EST_ANGLE,-8.05,EST_FILTER,ON,EST_FILTER_TYPE,MOVING_AVERAGE,EST_MA_WINDOW,1,EST_FILTER_STRENGTH,0.35
TM,EST_FUSION,ON,EST_GYRO_WEIGHT,0.98,EST_VALID,1
TM,SUN_L,3653,SUN_R,3699,SUN_NDV,-0.0063,SUN_ANGLE,-8.07
TM,MAG_X,-18.13,MAG_Y,29.04,MAG_Z,-10.40,MAG_HEADING,121.97
TM,GYRO_X,-1.199,GYRO_Y,-2.415,GYRO_Z,-0.050,BODY_RATE,0.050
TM,ADCS_MODE,MANUAL,ADCS_REFERENCE,SUN,TARGET,0.00,POINTING_ERROR,8.03,SUN_ERROR,8.25,MAG_ERROR,-121.97,GYRO_Z,0.047,RW_CMD,0
TM,EST_RAW,-8.25,EST_FILTERED,-8.25,EST_ANGLE,-8.03,EST_FILTER,ON,EST_FILTER_TYPE,MOVING_AVERAGE,EST_MA_WINDOW,1,EST_FILTER_STRENGTH,0.35
TM,EST_FUSION,ON,EST_GYRO_WEIGHT,0.98,EST_VALID,1
TM,SUN_L,3654,SUN_R,3700,SUN_NDV,-0.0063,SUN_ANGLE,-7.80
TM,MAG_X,-18.18,MAG_Y,28.98,MAG_Z,-10.22,MAG_HEADING,122.10
TM,GYRO_X,-1.094,GYRO_Y,-2.301,GYRO_Z,-0.111,BODY_RATE,0.111
TM,ADCS_MODE,MANUAL,ADCS_REFERENCE,SUN,TARGET,0.00,POINTING_ERROR,7.99,SUN_ERROR,8.00,MAG_ERROR,-122.15,GYRO_Z,-0.233,RW_CMD,0
TM,EST_RAW,-8.00,EST_FILTERED,-8.00,EST_ANGLE,-7.99,EST_FILTER,ON,EST_FILTER_TYPE,MOVING_AVERAGE,EST_MA_WINDOW,1,EST_FILTER_STRENGTH,0.35
TM,EST_FUSION,ON,EST_GYRO_WEIGHT,0.98,EST_VALID,1
TM,SUN_L,3653,SUN_R,3698,SUN_NDV,-0.0061,SUN_ANGLE,-8.19
TM,MAG_X,-18.22,MAG_Y,28.99,MAG_Z,-10.51,MAG_HEADING,122.15
TM,GYRO_X,-0.954,GYRO_Y,-2.345,GYRO_Z,0.020,BODY_RATE,-0.020
TM,SUN_L,3652,SUN_R,3698,SUN_NDV,-0.0063,SUN_ANGLE,-7.87
TM,MAG_X,-18.11,MAG_Y,29.01,MAG_Z,-10.22,MAG_HEADING,121.98
TM,GYRO_X,-1.059,GYRO_Y,-2.293,GYRO_Z,-0.041,BODY_RATE,0.041
TM,ADCS_MODE,MANUAL,ADCS_REFERENCE,SUN,TARGET,0.00,POINTING_ERROR,7.98,SUN_ERROR,7.87,MAG_ERROR,-121.98,GYRO_Z,-0.041,RW_CMD,0
TM,EST_RAW,-7.87,EST_FILTERED,-7.87,EST_ANGLE,-7.98,EST_FILTER,ON,EST_FILTER_TYPE,MOVING_AVERAGE,EST_MA_WINDOW,1,EST_FILTER_STRENGTH,0.35
TM,EST_FUSION,ON,EST_GYRO_WEIGHT,0.98,EST_VALID,1
TM,SUN_L,3650,SUN_R,3698,SUN_NDV,-0.0065,SUN_ANGLE,-8.08
TM,MAG_X,-18.19,MAG_Y,29.09,MAG_Z,-10.10,MAG_HEADING,122.02
TM,GYRO_X,-1.251,GYRO_Y,-2.310,GYRO_Z,0.064,BODY_RATE,-0.064
TM,ADCS_MODE,MANUAL,ADCS_REFERENCE,SUN,TARGET,0.00,POINTING_ERROR,7.97,SUN_ERROR,8.10,MAG_ERROR,-122.02,GYRO_Z,-0.041,RW_CMD,0
TM,EST_RAW,-8.10,EST_FILTERED,-8.10,EST_ANGLE,-7.97,EST_FILTER,ON,EST_FILTER_TYPE,MOVING_AVERAGE,EST_MA_WINDOW,1,EST_FILTER_STRENGTH,0.35
TM,EST_FUSION,ON,EST_GYRO_WEIGHT,0.98,EST_VALID,1
TM,SUN_L,3654,SUN_R,3699,SUN_NDV,-0.0061,SUN_ANGLE,-8.30
TM,MAG_X,-18.18,MAG_Y,29.02,MAG_Z,-10.26,MAG_HEADING,122.06
TM,GYRO_X,-0.884,GYRO_Y,-2.441,GYRO_Z,-0.050,BODY_RATE,0.050
TM,ADCS_MODE,MANUAL,ADCS_REFERENCE,SUN,TARGET,0.00,POINTING_ERROR,7.96,SUN_ERROR,7.90,MAG_ERROR,-121.94,GYRO_Z,-0.058,RW_CMD,0
TM,EST_RAW,-7.90,EST_FILTERED,-7.90,EST_ANGLE,-7.96,EST_FILTER,ON,EST_FILTER_TYPE,MOVING_AVERAGE,EST_MA_WINDOW,1,EST_FILTER_STRENGTH,0.35
TM,EST_FUSION,ON,EST_GYRO_WEIGHT,0.98,EST_VALID,1
TM,SUN_L,3652,SUN_R,3698,SUN_NDV,-0.0063,SUN_ANGLE,-8.12
TM,MAG_X,-18.22,MAG_Y,28.98,MAG_Z,-10.10,MAG_HEADING,122.17
TM,GYRO_X,-0.989,GYRO_Y,-2.231,GYRO_Z,-0.006,BODY_RATE,0.006
TM,ADCS_MODE,MANUAL,ADCS_REFERENCE,SUN,TARGET,0.00,POINTING_ERROR,7.97,SUN_ERROR,8.09,MAG_ERROR,-122.17,GYRO_Z,-0.041,RW_CMD,0
TM,EST_RAW,-8.09,EST_FILTERED,-8.09,EST_ANGLE,-7.97,EST_FILTER,ON,EST_FILTER_TYPE,MOVING_AVERAGE,EST_MA_WINDOW,1,EST_FILTER_STRENGTH,0.35
TM,EST_FUSION,ON,EST_GYRO_WEIGHT,0.98,EST_VALID,1
TM,SUN_L,3653,SUN_R,3700,SUN_NDV,-0.0064,SUN_ANGLE,-8.12
TM,MAG_X,-18.21,MAG_Y,29.04,MAG_Z,-9.95,MAG_HEADING,122.09
TM,GYRO_X,-0.849,GYRO_Y,-2.398,GYRO_Z,-0.120,BODY_RATE,0.120
TM,SUN_L,3653,SUN_R,3699,SUN_NDV,-0.0063,SUN_ANGLE,-7.86
TM,MAG_X,-18.24,MAG_Y,29.06,MAG_Z,-10.19,MAG_HEADING,122.12
TM,GYRO_X,-1.190,GYRO_Y,-2.074,GYRO_Z,0.099,BODY_RATE,-0.099
TM,ADCS_MODE,MANUAL,ADCS_REFERENCE,SUN,TARGET,0.00,POINTING_ERROR,7.99,SUN_ERROR,7.96,MAG_ERROR,-122.12,GYRO_Z,0.082,RW_CMD,0
TM,EST_RAW,-7.96,EST_FILTERED,-7.96,EST_ANGLE,-7.99,EST_FILTER,ON,EST_FILTER_TYPE,MOVING_AVERAGE,EST_MA_WINDOW,1,EST_FILTER_STRENGTH,0.35
TM,EST_FUSION,ON,EST_GYRO_WEIGHT,0.98,EST_VALID,1
TM,SUN_L,3652,SUN_R,3698,SUN_NDV,-0.0063,SUN_ANGLE,-7.77
TM,MAG_X,-18.05,MAG_Y,29.01,MAG_Z,-10.37,MAG_HEADING,121.89
TM,GYRO_X,-0.875,GYRO_Y,-2.581,GYRO_Z,-0.128,BODY_RATE,0.128
TM,ADCS_MODE,MANUAL,ADCS_REFERENCE,SUN,TARGET,0.00,POINTING_ERROR,7.97,SUN_ERROR,8.02,MAG_ERROR,-122.55,GYRO_Z,0.134,RW_CMD,0
TM,EST_RAW,-8.02,EST_FILTERED,-8.02,EST_ANGLE,-7.97,EST_FILTER,ON,EST_FILTER_TYPE,MOVING_AVERAGE,EST_MA_WINDOW,1,EST_FILTER_STRENGTH,0.35
TM,EST_FUSION,ON,EST_GYRO_WEIGHT,0.98,EST_VALID,1
TM,SUN_L,3651,SUN_R,3698,SUN_NDV,-0.0064,SUN_ANGLE,-8.08
TM,MAG_X,-18.18,MAG_Y,29.07,MAG_Z,-10.19,MAG_HEADING,122.01
TM,GYRO_X,-1.269,GYRO_Y,-2.135,GYRO_Z,0.073,BODY_RATE,-0.073
TM,ADCS_MODE,MANUAL,ADCS_REFERENCE,SUN,TARGET,0.00,POINTING_ERROR,7.95,SUN_ERROR,7.98,MAG_ERROR,-122.01,GYRO_Z,0.143,RW_CMD,0
TM,EST_RAW,-7.98,EST_FILTERED,-7.98,EST_ANGLE,-7.95,EST_FILTER,ON,EST_FILTER_TYPE,MOVING_AVERAGE,EST_MA_WINDOW,1,EST_FILTER_STRENGTH,0.35
TM,EST_FUSION,ON,EST_GYRO_WEIGHT,0.98,EST_VALID,1
TM,SUN_L,3650,SUN_R,3699,SUN_NDV,-0.0067,SUN_ANGLE,-8.26
TM,MAG_X,-18.18,MAG_Y,28.93,MAG_Z,-10.24,MAG_HEADING,122.14
TM,GYRO_X,-0.831,GYRO_Y,-2.467,GYRO_Z,-0.155,BODY_RATE,0.155
TM,ADCS_MODE,MANUAL,ADCS_REFERENCE,SUN,TARGET,0.00,POINTING_ERROR,7.98,SUN_ERROR,8.35,MAG_ERROR,-122.01,GYRO_Z,0.213,RW_CMD,0
TM,EST_RAW,-8.35,EST_FILTERED,-8.35,EST_ANGLE,-7.98,EST_FILTER,ON,EST_FILTER_TYPE,MOVING_AVERAGE,EST_MA_WINDOW,1,EST_FILTER_STRENGTH,0.35
TM,EST_FUSION,ON,EST_GYRO_WEIGHT,0.98,EST_VALID,1
TM,SUN_L,3653,SUN_R,3699,SUN_NDV,-0.0063,SUN_ANGLE,-8.14
TM,MAG_X,-18.16,MAG_Y,29.06,MAG_Z,-10.18,MAG_HEADING,122.01
TM,GYRO_X,-1.076,GYRO_Y,-2.301,GYRO_Z,-0.058,BODY_RATE,0.058
TM,SUN_L,3650,SUN_R,3698,SUN_NDV,-0.0065,SUN_ANGLE,-7.77
TM,MAG_X,-18.18,MAG_Y,29.02,MAG_Z,-10.21,MAG_HEADING,122.06
TM,GYRO_X,-0.849,GYRO_Y,-2.362,GYRO_Z,-0.023,BODY_RATE,0.023
TM,ADCS_MODE,MANUAL,ADCS_REFERENCE,SUN,TARGET,0.00,POINTING_ERROR,7.98,SUN_ERROR,7.77,MAG_ERROR,-122.06,GYRO_Z,-0.023,RW_CMD,0
TM,EST_RAW,-7.77,EST_FILTERED,-7.77,EST_ANGLE,-7.98,EST_FILTER,ON,EST_FILTER_TYPE,MOVING_AVERAGE,EST_MA_WINDOW,1,EST_FILTER_STRENGTH,0.35
TM,EST_FUSION,ON,EST_GYRO_WEIGHT,0.98,EST_VALID,1
TM,SUN_L,3651,SUN_R,3698,SUN_NDV,-0.0064,SUN_ANGLE,-7.74
TM,MAG_X,-18.13,MAG_Y,29.01,MAG_Z,-10.08,MAG_HEADING,122.00
TM,GYRO_X,-0.998,GYRO_Y,-2.196,GYRO_Z,-0.190,BODY_RATE,0.190
TM,ADCS_MODE,MANUAL,ADCS_REFERENCE,SUN,TARGET,0.00,POINTING_ERROR,7.98,SUN_ERROR,8.13,MAG_ERROR,-122.00,GYRO_Z,-0.137,RW_CMD,0
TM,EST_RAW,-8.13,EST_FILTERED,-8.13,EST_ANGLE,-7.98,EST_FILTER,ON,EST_FILTER_TYPE,MOVING_AVERAGE,EST_MA_WINDOW,1,EST_FILTER_STRENGTH,0.35
TM,EST_FUSION,ON,EST_GYRO_WEIGHT,0.98,EST_VALID,1
TM,SUN_L,3652,SUN_R,3696,SUN_NDV,-0.0060,SUN_ANGLE,-8.50
TM,MAG_X,-18.24,MAG_Y,28.98,MAG_Z,-10.08,MAG_HEADING,122.19
TM,GYRO_X,-0.822,GYRO_Y,-2.214,GYRO_Z,-0.067,BODY_RATE,0.067
TM,ADCS_MODE,MANUAL,ADCS_REFERENCE,SUN,TARGET,0.00,POINTING_ERROR,7.97,SUN_ERROR,7.86,MAG_ERROR,-122.07,GYRO_Z,-0.015,RW_CMD,0
TM,EST_RAW,-7.86,EST_FILTERED,-7.86,EST_ANGLE,-7.97,EST_FILTER,ON,EST_FILTER_TYPE,MOVING_AVERAGE,EST_MA_WINDOW,1,EST_FILTER_STRENGTH,0.35
TM,EST_FUSION,ON,EST_GYRO_WEIGHT,0.98,EST_VALID,1
TM,SUN_L,3650,SUN_R,3696,SUN_NDV,-0.0063,SUN_ANGLE,-7.81
TM,MAG_X,-18.21,MAG_Y,29.06,MAG_Z,-9.98,MAG_HEADING,122.07
TM,GYRO_X,-0.858,GYRO_Y,-2.441,GYRO_Z,0.082,BODY_RATE,-0.082
TM,ADCS_MODE,MANUAL,ADCS_REFERENCE,SUN,TARGET,0.00,POINTING_ERROR,7.94,SUN_ERROR,7.86,MAG_ERROR,-122.32,GYRO_Z,-0.085,RW_CMD,0
TM,EST_RAW,-7.86,EST_FILTERED,-7.86,EST_ANGLE,-7.94,EST_FILTER,ON,EST_FILTER_TYPE,MOVING_AVERAGE,EST_MA_WINDOW,1,EST_FILTER_STRENGTH,0.35
TM,EST_FUSION,ON,EST_GYRO_WEIGHT,0.98,EST_VALID,1
TM,SUN_L,3652,SUN_R,3698,SUN_NDV,-0.0063,SUN_ANGLE,-8.20
TM,MAG_X,-18.19,MAG_Y,29.01,MAG_Z,-10.13,MAG_HEADING,122.09
TM,GYRO_X,-1.339,GYRO_Y,-2.240,GYRO_Z,0.117,BODY_RATE,-0.117
TM,SUN_L,3653,SUN_R,3698,SUN_NDV,-0.0061,SUN_ANGLE,-7.78
TM,MAG_X,-18.13,MAG_Y,29.02,MAG_Z,-10.19,MAG_HEADING,121.99
TM,GYRO_X,-1.067,GYRO_Y,-2.223,GYRO_Z,0.047,BODY_RATE,-0.047
TM,ADCS_MODE,MANUAL,ADCS_REFERENCE,SUN,TARGET,0.00,POINTING_ERROR,7.93,SUN_ERROR,7.78,MAG_ERROR,-121.99,GYRO_Z,0.047,RW_CMD,0
TM,EST_RAW,-7.78,EST_FILTERED,-7.78,EST_ANGLE,-7.93,EST_FILTER,ON,EST_FILTER_TYPE,MOVING_AVERAGE,EST_MA_WINDOW,1,EST_FILTER_STRENGTH,0.35
TM,EST_FUSION,ON,EST_GYRO_WEIGHT,0.98,EST_VALID,1
TM,SUN_L,3652,SUN_R,3698,SUN_NDV,-0.0063,SUN_ANGLE,-8.08
TM,MAG_X,-18.32,MAG_Y,28.86,MAG_Z,-10.16,MAG_HEADING,122.40
TM,GYRO_X,-1.024,GYRO_Y,-2.476,GYRO_Z,-0.286,BODY_RATE,0.286
TM,ADCS_MODE,MANUAL,ADCS_REFERENCE,SUN,TARGET,0.00,POINTING_ERROR,7.97,SUN_ERROR,8.04,MAG_ERROR,-122.40,GYRO_Z,-0.006,RW_CMD,0
TM,EST_RAW,-8.04,EST_FILTERED,-8.04,EST_ANGLE,-7.97,EST_FILTER,ON,EST_FILTER_TYPE,MOVING_AVERAGE,EST_MA_WINDOW,1,EST_FILTER_STRENGTH,0.35
TM,EST_FUSION,ON,EST_GYRO_WEIGHT,0.98,EST_VALID,1
TM,SUN_L,3652,SUN_R,3698,SUN_NDV,-0.0063,SUN_ANGLE,-8.63
TM,MAG_X,-18.14,MAG_Y,28.94,MAG_Z,-10.19,MAG_HEADING,122.08
TM,GYRO_X,-0.866,GYRO_Y,-2.572,GYRO_Z,0.038,BODY_RATE,-0.038
TM,ADCS_MODE,MANUAL,ADCS_REFERENCE,SUN,TARGET,0.00,POINTING_ERROR,7.99,SUN_ERROR,8.42,MAG_ERROR,-122.15,GYRO_Z,-0.102,RW_CMD,0
TM,EST_RAW,-8.42,EST_FILTERED,-8.42,EST_ANGLE,-7.99,EST_FILTER,ON,EST_FILTER_TYPE,MOVING_AVERAGE,EST_MA_WINDOW,1,EST_FILTER_STRENGTH,0.35
TM,EST_FUSION,ON,EST_GYRO_WEIGHT,0.98,EST_VALID,1
TM,SUN_L,3652,SUN_R,3697,SUN_NDV,-0.0061,SUN_ANGLE,-8.13
TM,MAG_X,-18.16,MAG_Y,28.98,MAG_Z,-10.21,MAG_HEADING,122.08
TM,GYRO_X,-0.919,GYRO_Y,-2.546,GYRO_Z,-0.111,BODY_RATE,0.111
TM,ADCS_MODE,MANUAL,ADCS_REFERENCE,SUN,TARGET,0.00,POINTING_ERROR,7.99,SUN_ERROR,7.86,MAG_ERROR,-122.05,GYRO_Z,-0.058,RW_CMD,0
TM,EST_RAW,-7.86,EST_FILTERED,-7.86,EST_ANGLE,-7.99,EST_FILTER,ON,EST_FILTER_TYPE,MOVING_AVERAGE,EST_MA_WINDOW,1,EST_FILTER_STRENGTH,0.35
TM,EST_FUSION,ON,EST_GYRO_WEIGHT,0.98,EST_VALID,1
TM,SUN_L,3649,SUN_R,3699,SUN_NDV,-0.0068,SUN_ANGLE,-8.02
TM,MAG_X,-18.14,MAG_Y,28.98,MAG_Z,-10.26,MAG_HEADING,122.05
TM,GYRO_X,-0.936,GYRO_Y,-2.249,GYRO_Z,0.012,BODY_RATE,-0.012
TM,SUN_L,3652,SUN_R,3699,SUN_NDV,-0.0064,SUN_ANGLE,-7.97
TM,MAG_X,-18.40,MAG_Y,28.75,MAG_Z,-10.16,MAG_HEADING,122.62
TM,GYRO_X,-1.024,GYRO_Y,-2.476,GYRO_Z,0.055,BODY_RATE,-0.055
TM,ADCS_MODE,MANUAL,ADCS_REFERENCE,SUN,TARGET,0.00,POINTING_ERROR,7.98,SUN_ERROR,7.97,MAG_ERROR,-122.62,GYRO_Z,0.055,RW_CMD,0
TM,EST_RAW,-7.97,EST_FILTERED,-7.97,EST_ANGLE,-7.98,EST_FILTER,ON,EST_FILTER_TYPE,MOVING_AVERAGE,EST_MA_WINDOW,1,EST_FILTER_STRENGTH,0.35
TM,EST_FUSION,ON,EST_GYRO_WEIGHT,0.98,EST_VALID,1
TM,SUN_L,3652,SUN_R,3700,SUN_NDV,-0.0065,SUN_ANGLE,-7.86
TM,MAG_X,-18.24,MAG_Y,28.86,MAG_Z,-10.18,MAG_HEADING,122.29
TM,GYRO_X,-0.779,GYRO_Y,-2.380,GYRO_Z,-0.268,BODY_RATE,0.268
TM,ADCS_MODE,MANUAL,ADCS_REFERENCE,SUN,TARGET,0.00,POINTING_ERROR,8.00,SUN_ERROR,7.85,MAG_ERROR,-122.64,GYRO_Z,-0.146,RW_CMD,0
TM,EST_RAW,-7.85,EST_FILTERED,-7.85,EST_ANGLE,-8.00,EST_FILTER,ON,EST_FILTER_TYPE,MOVING_AVERAGE,EST_MA_WINDOW,1,EST_FILTER_STRENGTH,0.35
TM,EST_FUSION,ON,EST_GYRO_WEIGHT,0.98,EST_VALID,1
TM,SUN_L,3652,SUN_R,3699,SUN_NDV,-0.0064,SUN_ANGLE,-8.12
TM,MAG_X,-18.16,MAG_Y,28.88,MAG_Z,-10.21,MAG_HEADING,122.16
TM,GYRO_X,-0.980,GYRO_Y,-2.257,GYRO_Z,0.152,BODY_RATE,-0.152
TM,ADCS_MODE,MANUAL,ADCS_REFERENCE,SUN,TARGET,0.00,POINTING_ERROR,7.99,SUN_ERROR,8.15,MAG_ERROR,-122.16,GYRO_Z,0.222,RW_CMD,0
TM,EST_RAW,-8.15,EST_FILTERED,-8.15,EST_ANGLE,-7.99,EST_FILTER,ON,EST_FILTER_TYPE,MOVING_AVERAGE,EST_MA_WINDOW,1,EST_FILTER_STRENGTH,0.35
TM,EST_FUSION,ON,EST_GYRO_WEIGHT,0.98,EST_VALID,1
TM,SUN_L,3653,SUN_R,3699,SUN_NDV,-0.0063,SUN_ANGLE,-8.46
TM,MAG_X,-18.14,MAG_Y,28.90,MAG_Z,-10.13,MAG_HEADING,122.13
TM,GYRO_X,-0.989,GYRO_Y,-2.161,GYRO_Z,0.064,BODY_RATE,-0.064
TM,ADCS_MODE,MANUAL,ADCS_REFERENCE,SUN,TARGET,0.00,POINTING_ERROR,7.98,SUN_ERROR,8.13,MAG_ERROR,-122.15,GYRO_Z,-0.093,RW_CMD,0
TM,EST_RAW,-8.13,EST_FILTERED,-8.13,EST_ANGLE,-7.98,EST_FILTER,ON,EST_FILTER_TYPE,MOVING_AVERAGE,EST_MA_WINDOW,1,EST_FILTER_STRENGTH,0.35
TM,EST_FUSION,ON,EST_GYRO_WEIGHT,0.98,EST_VALID,1
TM,SUN_L,3653,SUN_R,3700,SUN_NDV,-0.0064,SUN_ANGLE,-7.75
TM,MAG_X,-18.16,MAG_Y,28.90,MAG_Z,-10.18,MAG_HEADING,122.15
TM,GYRO_X,-1.024,GYRO_Y,-2.301,GYRO_Z,0.108,BODY_RATE,-0.108
TM,SUN_L,3653,SUN_R,3697,SUN_NDV,-0.0060,SUN_ANGLE,-7.67
TM,MAG_X,-18.22,MAG_Y,28.94,MAG_Z,-10.18,MAG_HEADING,122.20
TM,GYRO_X,-0.971,GYRO_Y,-2.406,GYRO_Z,-0.146,BODY_RATE,0.146
TM,ADCS_MODE,MANUAL,ADCS_REFERENCE,SUN,TARGET,0.00,POINTING_ERROR,7.97,SUN_ERROR,7.67,MAG_ERROR,-122.20,GYRO_Z,0.152,RW_CMD,0
TM,EST_RAW,-7.67,EST_FILTERED,-7.67,EST_ANGLE,-7.97,EST_FILTER,ON,EST_FILTER_TYPE,MOVING_AVERAGE,EST_MA_WINDOW,1,EST_FILTER_STRENGTH,0.35
TM,EST_FUSION,ON,EST_GYRO_WEIGHT,0.98,EST_VALID,1
TM,SUN_L,3650,SUN_R,3697,SUN_NDV,-0.0064,SUN_ANGLE,-7.67
TM,MAG_X,-18.22,MAG_Y,29.04,MAG_Z,-10.11,MAG_HEADING,122.11
TM,GYRO_X,-0.989,GYRO_Y,-2.161,GYRO_Z,-0.032,BODY_RATE,0.032
TM,ADCS_MODE,MANUAL,ADCS_REFERENCE,SUN,TARGET,0.00,POINTING_ERROR,7.96,SUN_ERROR,8.18,MAG_ERROR,-122.11,GYRO_Z,-0.041,RW_CMD,0
TM,EST_RAW,-8.18,EST_FILTERED,-8.18,EST_ANGLE,-7.96,EST_FILTER,ON,EST_FILTER_TYPE,MOVING_AVERAGE,EST_MA_WINDOW,1,EST_FILTER_STRENGTH,0.35
TM,EST_FUSION,ON,EST_GYRO_WEIGHT,0.98,EST_VALID,1
TM,SUN_L,3650,SUN_R,3698,SUN_NDV,-0.0065,SUN_ANGLE,-8.11
TM,MAG_X,-18.21,MAG_Y,29.10,MAG_Z,-10.21,MAG_HEADING,122.03
TM,GYRO_X,-0.928,GYRO_Y,-2.319,GYRO_Z,0.108,BODY_RATE,-0.108
TM,ADCS_MODE,MANUAL,ADCS_REFERENCE,SUN,TARGET,0.00,POINTING_ERROR,7.97,SUN_ERROR,7.89,MAG_ERROR,-122.24,GYRO_Z,-0.251,RW_CMD,0
TM,EST_RAW,-7.89,EST_FILTERED,-7.89,EST_ANGLE,-7.97,EST_FILTER,ON,EST_FILTER_TYPE,MOVING_AVERAGE,EST_MA_WINDOW,1,EST_FILTER_STRENGTH,0.35
TM,EST_FUSION,ON,EST_GYRO_WEIGHT,0.98,EST_VALID,1
TM,SUN_L,3649,SUN_R,3697,SUN_NDV,-0.0065,SUN_ANGLE,-7.79
TM,MAG_X,-18.27,MAG_Y,28.98,MAG_Z,-10.13,MAG_HEADING,122.24
TM,GYRO_X,-1.102,GYRO_Y,-2.467,GYRO_Z,0.152,BODY_RATE,-0.152
TM,ADCS_MODE,MANUAL,ADCS_REFERENCE,SUN,TARGET,0.00,POINTING_ERROR,8.01,SUN_ERROR,8.53,MAG_ERROR,-122.31,GYRO_Z,-0.006,RW_CMD,0
TM,EST_RAW,-8.53,EST_FILTERED,-8.53,EST_ANGLE,-8.01,EST_FILTER,ON,EST_FILTER_TYPE,MOVING_AVERAGE,EST_MA_WINDOW,1,EST_FILTER_STRENGTH,0.35
TM,EST_FUSION,ON,EST_GYRO_WEIGHT,0.98,EST_VALID,1
TM,SUN_L,3650,SUN_R,3697,SUN_NDV,-0.0064,SUN_ANGLE,-8.15
TM,MAG_X,-18.03,MAG_Y,28.93,MAG_Z,-10.46,MAG_HEADING,121.94
TM,GYRO_X,-1.286,GYRO_Y,-2.030,GYRO_Z,0.222,BODY_RATE,-0.222
TM,SUN_L,3652,SUN_R,3697,SUN_NDV,-0.0061,SUN_ANGLE,-8.35
TM,MAG_X,-18.21,MAG_Y,29.02,MAG_Z,-10.34,MAG_HEADING,122.10
TM,GYRO_X,-1.024,GYRO_Y,-2.485,GYRO_Z,0.012,BODY_RATE,-0.012
TM,ADCS_MODE,MANUAL,ADCS_REFERENCE,SUN,TARGET,0.00,POINTING_ERROR,8.01,SUN_ERROR,8.35,MAG_ERROR,-122.10,GYRO_Z,0.012,RW_CMD,0
TM,EST_RAW,-8.35,EST_FILTERED,-8.35,EST_ANGLE,-8.01,EST_FILTER,ON,EST_FILTER_TYPE,MOVING_AVERAGE,EST_MA_WINDOW,1,EST_FILTER_STRENGTH,0.35
TM,EST_FUSION,ON,EST_GYRO_WEIGHT,0.98,EST_VALID,1
TM,SUN_L,3649,SUN_R,3696,SUN_NDV,-0.0064,SUN_ANGLE,-7.68
TM,MAG_X,-18.32,MAG_Y,28.94,MAG_Z,-9.98,MAG_HEADING,122.33
TM,GYRO_X,-1.050,GYRO_Y,-2.354,GYRO_Z,-0.146,BODY_RATE,0.146
TM,ADCS_MODE,MANUAL,ADCS_REFERENCE,SUN,TARGET,0.00,POINTING_ERROR,8.01,SUN_ERROR,7.77,MAG_ERROR,-122.49,GYRO_Z,-0.198,RW_CMD,0
TM,EST_RAW,-7.77,EST_FILTERED,-7.77,EST_ANGLE,-8.01,EST_FILTER,ON,EST_FILTER_TYPE,MOVING_AVERAGE,EST_MA_WINDOW,1,EST_FILTER_STRENGTH,0.35
TM,EST_FUSION,ON,EST_GYRO_WEIGHT,0.98,EST_VALID,1
TM,SUN_L,3652,SUN_R,3698,SUN_NDV,-0.0063,SUN_ANGLE,-8.49
TM,MAG_X,-18.43,MAG_Y,28.94,MAG_Z,-10.34,MAG_HEADING,122.49
TM,GYRO_X,-1.076,GYRO_Y,-2.371,GYRO_Z,0.134,BODY_RATE,-0.134
TM,ADCS_MODE,MANUAL,ADCS_REFERENCE,SUN,TARGET,0.00,POINTING_ERROR,8.01,SUN_ERROR,8.40,MAG_ERROR,-122.29,GYRO_Z,-0.225,RW_CMD,0
TM,EST_RAW,-8.40,EST_FILTERED,-8.40,EST_ANGLE,-8.01,EST_FILTER,ON,EST_FILTER_TYPE,MOVING_AVERAGE,EST_MA_WINDOW,1,EST_FILTER_STRENGTH,0.35
TM,EST_FUSION,ON,EST_GYRO_WEIGHT,0.98,EST_VALID,1
TM,SUN_L,3651,SUN_R,3699,SUN_NDV,-0.0065,SUN_ANGLE,-7.70
TM,MAG_X,-18.45,MAG_Y,28.91,MAG_Z,-10.14,MAG_HEADING,122.54
TM,GYRO_X,-0.980,GYRO_Y,-2.389,GYRO_Z,-0.023,BODY_RATE,0.023
TM,ADCS_MODE,MANUAL,ADCS_REFERENCE,SUN,TARGET,0.00,POINTING_ERROR,8.00,SUN_ERROR,7.95,MAG_ERROR,-121.81,GYRO_Z,0.169,RW_CMD,0
TM,EST_RAW,-7.95,EST_FILTERED,-7.95,EST_ANGLE,-8.00,EST_FILTER,ON,EST_FILTER_TYPE,MOVING_AVERAGE,EST_MA_WINDOW,1,EST_FILTER_STRENGTH,0.35
TM,EST_FUSION,ON,EST_GYRO_WEIGHT,0.98,EST_VALID,1
TM,SUN_L,3653,SUN_R,3697,SUN_NDV,-0.0060,SUN_ANGLE,-8.48
TM,MAG_X,-18.06,MAG_Y,29.12,MAG_Z,-10.18,MAG_HEADING,121.81
TM,GYRO_X,-0.726,GYRO_Y,-2.572,GYRO_Z,-0.277,BODY_RATE,0.277
TM,SUN_L,3652,SUN_R,3698,SUN_NDV,-0.0063,SUN_ANGLE,-8.27
TM,MAG_X,-18.14,MAG_Y,28.93,MAG_Z,-10.30,MAG_HEADING,122.10
TM,GYRO_X,-1.006,GYRO_Y,-2.091,GYRO_Z,-0.155,BODY_RATE,0.155
TM,ADCS_MODE,MANUAL,ADCS_REFERENCE,SUN,TARGET,0.00,POINTING_ERROR,7.99,SUN_ERROR,8.27,MAG_ERROR,-122.10,GYRO_Z,0.020,RW_CMD,0
TM,EST_RAW,-8.27,EST_FILTERED,-8.27,EST_ANGLE,-7.99,EST_FILTER,ON,EST_FILTER_TYPE,MOVING_AVERAGE,EST_MA_WINDOW,1,EST_FILTER_STRENGTH,0.35
TM,EST_FUSION,ON,EST_GYRO_WEIGHT,0.98,EST_VALID,1
TM,SUN_L,3650,SUN_R,3697,SUN_NDV,-0.0064,SUN_ANGLE,-7.98
TM,MAG_X,-18.22,MAG_Y,29.02,MAG_Z,-10.21,MAG_HEADING,122.12
TM,GYRO_X,-1.120,GYRO_Y,-2.082,GYRO_Z,-0.006,BODY_RATE,0.006
TM,ADCS_MODE,MANUAL,ADCS_REFERENCE,SUN,TARGET,0.00,POINTING_ERROR,7.97,SUN_ERROR,7.74,MAG_ERROR,-122.12,GYRO_Z,-0.085,RW_CMD,0
TM,EST_RAW,-7.74,EST_FILTERED,-7.74,EST_ANGLE,-7.97,EST_FILTER,ON,EST_FILTER_TYPE,MOVING_AVERAGE,EST_MA_WINDOW,1,EST_FILTER_STRENGTH,0.35
TM,EST_FUSION,ON,EST_GYRO_WEIGHT,0.98,EST_VALID,1
TM,SUN_L,3653,SUN_R,3699,SUN_NDV,-0.0063,SUN_ANGLE,-7.89
TM,MAG_X,-18.14,MAG_Y,29.09,MAG_Z,-10.14,MAG_HEADING,121.95
TM,GYRO_X,-0.805,GYRO_Y,-2.371,GYRO_Z,0.020,BODY_RATE,-0.020
TM,ADCS_MODE,MANUAL,ADCS_REFERENCE,SUN,TARGET,0.00,POINTING_ERROR,7.97,SUN_ERROR,8.32,MAG_ERROR,-121.95,GYRO_Z,-0.023,RW_CMD,0
TM,EST_RAW,-8.32,EST_FILTERED,-8.32,EST_ANGLE,-7.97,EST_FILTER,ON,EST_FILTER_TYPE,MOVING_AVERAGE,EST_MA_WINDOW,1,EST_FILTER_STRENGTH,0.35
TM,EST_FUSION,ON,EST_GYRO_WEIGHT,0.98,EST_VALID,1
TM,SUN_L,3652,SUN_R,3699,SUN_NDV,-0.0064,SUN_ANGLE,-7.82
TM,MAG_X,-18.30,MAG_Y,28.96,MAG_Z,-10.00,MAG_HEADING,122.29
TM,GYRO_X,-0.700,GYRO_Y,-2.275,GYRO_Z,-0.120,BODY_RATE,0.120
TM,ADCS_MODE,MANUAL,ADCS_REFERENCE,SUN,TARGET,0.00,POINTING_ERROR,7.98,SUN_ERROR,8.31,MAG_ERROR,-122.08,GYRO_Z,-0.058,RW_CMD,0
TM,EST_RAW,-8.31,EST_FILTERED,-8.31,EST_ANGLE,-7.98,EST_FILTER,ON,EST_FILTER_TYPE,MOVING_AVERAGE,EST_MA_WINDOW,1,EST_FILTER_STRENGTH,0.35
TM,EST_FUSION,ON,EST_GYRO_WEIGHT,0.98,EST_VALID,1
TM,SUN_L,3650,SUN_R,3697,SUN_NDV,-0.0064,SUN_ANGLE,-8.33
TM,MAG_X,-18.14,MAG_Y,28.94,MAG_Z,-10.11,MAG_HEADING,122.08
TM,GYRO_X,-1.102,GYRO_Y,-2.240,GYRO_Z,0.020,BODY_RATE,-0.020
TM,SUN_L,3653,SUN_R,3698,SUN_NDV,-0.0061,SUN_ANGLE,-7.77
TM,MAG_X,-18.19,MAG_Y,29.01,MAG_Z,-10.27,MAG_HEADING,122.09
TM,GYRO_X,-1.006,GYRO_Y,-2.424,GYRO_Z,0.082,BODY_RATE,-0.082
TM,ADCS_MODE,MANUAL,ADCS_REFERENCE,SUN,TARGET,0.00,POINTING_ERROR,8.00,SUN_ERROR,8.14,MAG_ERROR,-122.09,GYRO_Z,-0.006,RW_CMD,0
TM,EST_RAW,-8.14,EST_FILTERED,-8.14,EST_ANGLE,-8.00,EST_FILTER,ON,EST_FILTER_TYPE,MOVING_AVERAGE,EST_MA_WINDOW,1,EST_FILTER_STRENGTH,0.35
TM,EST_FUSION,ON,EST_GYRO_WEIGHT,0.98,EST_VALID,1
TM,SUN_L,3651,SUN_R,3699,SUN_NDV,-0.0065,SUN_ANGLE,-8.23
TM,MAG_X,-18.13,MAG_Y,28.94,MAG_Z,-10.18,MAG_HEADING,122.06
TM,GYRO_X,-0.971,GYRO_Y,-2.257,GYRO_Z,-0.041,BODY_RATE,0.041
TM,ADCS_MODE,MANUAL,ADCS_REFERENCE,SUN,TARGET,0.00,POINTING_ERROR,7.98,SUN_ERROR,8.01,MAG_ERROR,-122.06,GYRO_Z,0.038,RW_CMD,0
TM,EST_RAW,-8.01,EST_FILTERED,-8.01,EST_ANGLE,-7.98,EST_FILTER,ON,EST_FILTER_TYPE,MOVING_AVERAGE,EST_MA_WINDOW,1,EST_FILTER_STRENGTH,0.35
TM,EST_FUSION,ON,EST_GYRO_WEIGHT,0.98,EST_VALID,1
TM,SUN_L,3651,SUN_R,3698,SUN_NDV,-0.0064,SUN_ANGLE,-7.89
TM,MAG_X,-18.26,MAG_Y,28.90,MAG_Z,-10.26,MAG_HEADING,122.28
TM,GYRO_X,-0.735,GYRO_Y,-2.546,GYRO_Z,-0.023,BODY_RATE,0.023
TM,ADCS_MODE,MANUAL,ADCS_REFERENCE,SUN,TARGET,0.00,POINTING_ERROR,7.98,SUN_ERROR,7.89,MAG_ERROR,-122.08,GYRO_Z,-0.015,RW_CMD,0
TM,EST_RAW,-7.89,EST_FILTERED,-7.89,EST_ANGLE,-7.98,EST_FILTER,ON,EST_FILTER_TYPE,MOVING_AVERAGE,EST_MA_WINDOW,1,EST_FILTER_STRENGTH,0.35
TM,EST_FUSION,ON,EST_GYRO_WEIGHT,0.98,EST_VALID,1
TM,SUN_L,3652,SUN_R,3697,SUN_NDV,-0.0061,SUN_ANGLE,-8.21
TM,MAG_X,-18.35,MAG_Y,28.74,MAG_Z,-10.18,MAG_HEADING,122.56
TM,GYRO_X,-1.006,GYRO_Y,-2.144,GYRO_Z,-0.050,BODY_RATE,0.050
TM,ADCS_MODE,MANUAL,ADCS_REFERENCE,SUN,TARGET,0.00,POINTING_ERROR,7.96,SUN_ERROR,7.88,MAG_ERROR,-122.12,GYRO_Z,-0.190,RW_CMD,0
TM,EST_RAW,-7.88,EST_FILTERED,-7.88,EST_ANGLE,-7.96,EST_FILTER,ON,EST_FILTER_TYPE,MOVING_AVERAGE,EST_MA_WINDOW,1,EST_FILTER_STRENGTH,0.35
TM,EST_FUSION,ON,EST_GYRO_WEIGHT,0.98,EST_VALID,1
TM,SUN_L,3653,SUN_R,3698,SUN_NDV,-0.0061,SUN_ANGLE,-7.73
TM,MAG_X,-18.13,MAG_Y,28.88,MAG_Z,-10.22,MAG_HEADING,122.12
TM,GYRO_X,-1.059,GYRO_Y,-2.249,GYRO_Z,-0.032,BODY_RATE,0.032
TM,SUN_L,3651,SUN_R,3697,SUN_NDV,-0.0063,SUN_ANGLE,-8.74
TM,MAG_X,-18.13,MAG_Y,28.83,MAG_Z,-10.11,MAG_HEADING,122.16
TM,GYRO_X,-0.831,GYRO_Y,-2.328,GYRO_Z,-0.111,BODY_RATE,0.111
TM,ADCS_MODE,MANUAL,ADCS_REFERENCE,SUN,TARGET,0.00,POINTING_ERROR,7.97,SUN_ERROR,8.74,MAG_ERROR,-122.16,GYRO_Z,-0.111,RW_CMD,0
TM,EST_RAW,-8.74,EST_FILTERED,-8.74,EST_ANGLE,-7.97,EST_FILTER,ON,EST_FILTER_TYPE,MOVING_AVERAGE,EST_MA_WINDOW,1,EST_FILTER_STRENGTH,0.35
TM,EST_FUSION,ON,EST_GYRO_WEIGHT,0.98,EST_VALID,1
TM,SUN_L,3653,SUN_R,3700,SUN_NDV,-0.0064,SUN_ANGLE,-7.90
TM,MAG_X,-18.18,MAG_Y,28.93,MAG_Z,-10.16,MAG_HEADING,122.14
TM,GYRO_X,-0.849,GYRO_Y,-2.336,GYRO_Z,0.108,BODY_RATE,-0.108
TM,ADCS_MODE,MANUAL,ADCS_REFERENCE,SUN,TARGET,0.00,POINTING_ERROR,7.98,SUN_ERROR,7.91,MAG_ERROR,-122.18,GYRO_Z,-0.111,RW_CMD,0
TM,EST_RAW,-7.91,EST_FILTERED,-7.91,EST_ANGLE,-7.98,EST_FILTER,ON,EST_FILTER_TYPE,MOVING_AVERAGE,EST_MA_WINDOW,1,EST_FILTER_STRENGTH,0.35
TM,EST_FUSION,ON,EST_GYRO_WEIGHT,0.98,EST_VALID,1
TM,SUN_L,3653,SUN_R,3699,SUN_NDV,-0.0063,SUN_ANGLE,-8.19
TM,MAG_X,-18.29,MAG_Y,28.90,MAG_Z,-9.87,MAG_HEADING,122.33
TM,GYRO_X,-1.111,GYRO_Y,-2.266,GYRO_Z,-0.155,BODY_RATE,0.155
TM,ADCS_MODE,MANUAL,ADCS_REFERENCE,SUN,TARGET,0.00,POINTING_ERROR,7.98,SUN_ERROR,7.80,MAG_ERROR,-122.33,GYRO_Z,0.082,RW_CMD,0
TM,EST_RAW,-7.80,EST_FILTERED,-7.80,EST_ANGLE,-7.98,EST_FILTER,ON,EST_FILTER_TYPE,MOVING_AVERAGE,EST_MA_WINDOW,1,EST_FILTER_STRENGTH,0.35
TM,EST_FUSION,ON,EST_GYRO_WEIGHT,0.98,EST_VALID,1
TM,SUN_L,3652,SUN_R,3698,SUN_NDV,-0.0063,SUN_ANGLE,-8.25
TM,MAG_X,-18.18,MAG_Y,28.80,MAG_Z,-10.16,MAG_HEADING,122.26
TM,GYRO_X,-0.901,GYRO_Y,-2.188,GYRO_Z,-0.041,BODY_RATE,0.041
TM,ADCS_MODE,MANUAL,ADCS_REFERENCE,SUN,TARGET,0.00,POINTING_ERROR,8.00,SUN_ERROR,7.70,MAG_ERROR,-122.24,GYRO_Z,-0.338,RW_CMD,0
TM,EST_RAW,-7.70,EST_FILTERED,-7.70,EST_ANGLE,-8.00,EST_FILTER,ON,EST_FILTER_TYPE,MOVING_AVERAGE,EST_MA_WINDOW,1,EST_FILTER_STRENGTH,0.35
TM,EST_FUSION,ON,EST_GYRO_WEIGHT,0.98,EST_VALID,1
TM,SUN_L,3650,SUN_R,3696,SUN_NDV,-0.0063,SUN_ANGLE,-7.96
TM,MAG_X,-18.18,MAG_Y,28.82,MAG_Z,-10.19,MAG_HEADING,122.24
TM,GYRO_X,-0.831,GYRO_Y,-2.284,GYRO_Z,0.134,BODY_RATE,-0.134
TM,SUN_L,3654,SUN_R,3698,SUN_NDV,-0.0060,SUN_ANGLE,-8.74
TM,MAG_X,-18.29,MAG_Y,28.88,MAG_Z,-10.30,MAG_HEADING,122.34
TM,GYRO_X,-1.102,GYRO_Y,-2.494,GYRO_Z,0.003,BODY_RATE,-0.003
TM,ADCS_MODE,MANUAL,ADCS_REFERENCE,SUN,TARGET,0.00,POINTING_ERROR,8.04,SUN_ERROR,8.74,MAG_ERROR,-122.34,GYRO_Z,0.020,RW_CMD,0
TM,EST_RAW,-8.74,EST_FILTERED,-8.74,EST_ANGLE,-8.04,EST_FILTER,ON,EST_FILTER_TYPE,MOVING_AVERAGE,EST_MA_WINDOW,1,EST_FILTER_STRENGTH,0.35
TM,EST_FUSION,ON,EST_GYRO_WEIGHT,0.98,EST_VALID,1
TM,SUN_L,3653,SUN_R,3698,SUN_NDV,-0.0061,SUN_ANGLE,-7.82
TM,MAG_X,-18.13,MAG_Y,28.86,MAG_Z,-10.02,MAG_HEADING,122.13
TM,GYRO_X,-0.796,GYRO_Y,-2.441,GYRO_Z,-0.111,BODY_RATE,0.111
TM,ADCS_MODE,MANUAL,ADCS_REFERENCE,SUN,TARGET,0.00,POINTING_ERROR,8.03,SUN_ERROR,8.12,MAG_ERROR,-122.13,GYRO_Z,-0.050,RW_CMD,0
TM,EST_RAW,-8.12,EST_FILTERED,-8.12,EST_ANGLE,-8.03,EST_FILTER,ON,EST_FILTER_TYPE,MOVING_AVERAGE,EST_MA_WINDOW,1,EST_FILTER_STRENGTH,0.35
TM,EST_FUSION,ON,EST_GYRO_WEIGHT,0.98,EST_VALID,1
TM,SUN_L,3653,SUN_R,3698,SUN_NDV,-0.0061,SUN_ANGLE,-8.12
TM,MAG_X,-18.24,MAG_Y,28.88,MAG_Z,-9.97,MAG_HEADING,122.28
TM,GYRO_X,-1.173,GYRO_Y,-2.354,GYRO_Z,0.090,BODY_RATE,-0.090
TM,ADCS_MODE,MANUAL,ADCS_REFERENCE,SUN,TARGET,0.00,POINTING_ERROR,8.02,SUN_ERROR,8.27,MAG_ERROR,-122.35,GYRO_Z,0.012,RW_CMD,0
TM,EST_RAW,-8.27,EST_FILTERED,-8.27,EST_ANGLE,-8.02,EST_FILTER,ON,EST_FILTER_TYPE,MOVING_AVERAGE,EST_MA_WINDOW,1,EST_FILTER_STRENGTH,0.35
TM,EST_FUSION,ON,EST_GYRO_WEIGHT,0.98,EST_VALID,1
TM,SUN_L,3651,SUN_R,3701,SUN_NDV,-0.0068,SUN_ANGLE,-8.19
TM,MAG_X,-18.22,MAG_Y,28.77,MAG_Z,-10.05,MAG_HEADING,122.35
TM,GYRO_X,-1.102,GYRO_Y,-2.004,GYRO_Z,-0.172,BODY_RATE,0.172
TM,ADCS_MODE,MANUAL,ADCS_REFERENCE,SUN,TARGET,0.00,POINTING_ERROR,8.00,SUN_ERROR,7.89,MAG_ERROR,-122.48,GYRO_Z,0.055,RW_CMD,0
TM,EST_RAW,-7.89,EST_FILTERED,-7.89,EST_ANGLE,-8.00,EST_FILTER,ON,EST_FILTER_TYPE,MOVING_AVERAGE,EST_MA_WINDOW,1,EST_FILTER_STRENGTH,0.35
TM,EST_FUSION,ON,EST_GYRO_WEIGHT,0.98,EST_VALID,1
TM,SUN_L,3653,SUN_R,3697,SUN_NDV,-0.0060,SUN_ANGLE,-7.75
TM,MAG_X,-18.14,MAG_Y,28.64,MAG_Z,-9.90,MAG_HEADING,122.36
TM,GYRO_X,-0.998,GYRO_Y,-2.476,GYRO_Z,0.038,BODY_RATE,-0.038
TM,SUN_L,3654,SUN_R,3699,SUN_NDV,-0.0061,SUN_ANGLE,-7.48
TM,MAG_X,-18.21,MAG_Y,28.62,MAG_Z,-9.94,MAG_HEADING,122.46
TM,GYRO_X,-0.901,GYRO_Y,-2.310,GYRO_Z,0.012,BODY_RATE,-0.012
TM,ADCS_MODE,MANUAL,ADCS_REFERENCE,SUN,TARGET,0.00,POINTING_ERROR,7.96,SUN_ERROR,7.48,MAG_ERROR,-122.46,GYRO_Z,0.012,RW_CMD,0
TM,EST_RAW,-7.48,EST_FILTERED,-7.48,EST_ANGLE,-7.96,EST_FILTER,ON,EST_FILTER_TYPE,MOVING_AVERAGE,EST_MA_WINDOW,1,EST_FILTER_STRENGTH,0.35
TM,EST_FUSION,ON,EST_GYRO_WEIGHT,0.98,EST_VALID,1
TM,SUN_L,3655,SUN_R,3701,SUN_NDV,-0.0063,SUN_ANGLE,-8.12
TM,MAG_X,-18.29,MAG_Y,28.70,MAG_Z,-10.02,MAG_HEADING,122.50
TM,GYRO_X,-0.936,GYRO_Y,-2.398,GYRO_Z,0.055,BODY_RATE,-0.055
TM,ADCS_MODE,MANUAL,ADCS_REFERENCE,SUN,TARGET,0.00,POINTING_ERROR,7.98,SUN_ERROR,8.29,MAG_ERROR,-122.50,GYRO_Z,-0.120,RW_CMD,0
TM,EST_RAW,-8.29,EST_FILTERED,-8.29,EST_ANGLE,-7.98,EST_FILTER,ON,EST_FILTER_TYPE,MOVING_AVERAGE,EST_MA_WINDOW,1,EST_FILTER_STRENGTH,0.35
TM,EST_FUSION,ON,EST_GYRO_WEIGHT,0.98,EST_VALID,1
TM,SUN_L,3655,SUN_R,3700,SUN_NDV,-0.0061,SUN_ANGLE,-8.10
TM,MAG_X,-18.48,MAG_Y,28.42,MAG_Z,-9.90,MAG_HEADING,123.04
TM,GYRO_X,-0.849,GYRO_Y,-2.398,GYRO_Z,0.029,BODY_RATE,-0.029
TM,ADCS_MODE,MANUAL,ADCS_REFERENCE,SUN,TARGET,0.00,POINTING_ERROR,8.00,SUN_ERROR,8.11,MAG_ERROR,-122.65,GYRO_Z,0.082,RW_CMD,0
TM,EST_RAW,-8.11,EST_FILTERED,-8.11,EST_ANGLE,-8.00,EST_FILTER,ON,EST_FILTER_TYPE,MOVING_AVERAGE,EST_MA_WINDOW,1,EST_FILTER_STRENGTH,0.35
TM,EST_FUSION,ON,EST_GYRO_WEIGHT,0.98,EST_VALID,1
TM,SUN_L,3653,SUN_R,3698,SUN_NDV,-0.0061,SUN_ANGLE,-8.10
TM,MAG_X,-18.22,MAG_Y,28.58,MAG_Z,-9.89,MAG_HEADING,122.53
TM,GYRO_X,-0.971,GYRO_Y,-2.091,GYRO_Z,-0.093,BODY_RATE,0.093
TM,ADCS_MODE,MANUAL,ADCS_REFERENCE,SUN,TARGET,0.00,POINTING_ERROR,8.00,SUN_ERROR,7.73,MAG_ERROR,-122.53,GYRO_Z,0.195,RW_CMD,0
TM,EST_RAW,-7.73,EST_FILTERED,-7.73,EST_ANGLE,-8.00,EST_FILTER,ON,EST_FILTER_TYPE,MOVING_AVERAGE,EST_MA_WINDOW,1,EST_FILTER_STRENGTH,0.35
TM,EST_FUSION,ON,EST_GYRO_WEIGHT,0.98,EST_VALID,1
TM,SUN_L,3653,SUN_R,3700,SUN_NDV,-0.0064,SUN_ANGLE,-8.28
TM,MAG_X,-18.21,MAG_Y,28.54,MAG_Z,-9.98,MAG_HEADING,122.53
TM,GYRO_X,-1.286,GYRO_Y,-2.188,GYRO_Z,-0.032,BODY_RATE,0.032
TM,SUN_L,3653,SUN_R,3699,SUN_NDV,-0.0063,SUN_ANGLE,-7.72
TM,MAG_X,-18.24,MAG_Y,28.69,MAG_Z,-9.97,MAG_HEADING,122.45
TM,GYRO_X,-0.840,GYRO_Y,-2.362,GYRO_Z,-0.181,BODY_RATE,0.181
TM,ADCS_MODE,MANUAL,ADCS_REFERENCE,SUN,TARGET,0.00,POINTING_ERROR,8.01,SUN_ERROR,7.72,MAG_ERROR,-122.45,GYRO_Z,0.134,RW_CMD,0
TM,EST_RAW,-7.72,EST_FILTERED,-7.72,EST_ANGLE,-8.01,EST_FILTER,ON,EST_FILTER_TYPE,MOVING_AVERAGE,EST_MA_WINDOW,1,EST_FILTER_STRENGTH,0.35
TM,EST_FUSION,ON,EST_GYRO_WEIGHT,0.98,EST_VALID,1
TM,SUN_L,3654,SUN_R,3699,SUN_NDV,-0.0061,SUN_ANGLE,-7.69
TM,MAG_X,-18.13,MAG_Y,28.64,MAG_Z,-9.58,MAG_HEADING,122.33
TM,GYRO_X,-1.102,GYRO_Y,-2.161,GYRO_Z,-0.128,BODY_RATE,0.128
TM,ADCS_MODE,MANUAL,ADCS_REFERENCE,SUN,TARGET,0.00,POINTING_ERROR,7.95,SUN_ERROR,7.49,MAG_ERROR,-122.42,GYRO_Z,-0.015,RW_CMD,0
TM,EST_RAW,-7.49,EST_FILTERED,-7.49,EST_ANGLE,-7.95,EST_FILTER,ON,EST_FILTER_TYPE,MOVING_AVERAGE,EST_MA_WINDOW,1,EST_FILTER_STRENGTH,0.35
TM,EST_FUSION,ON,EST_GYRO_WEIGHT,0.98,EST_VALID,1
TM,SUN_L,3654,SUN_R,3699,SUN_NDV,-0.0061,SUN_ANGLE,-7.94
TM,MAG_X,-18.10,MAG_Y,28.67,MAG_Z,-9.79,MAG_HEADING,122.26
TM,GYRO_X,-0.945,GYRO_Y,-2.266,GYRO_Z,-0.041,BODY_RATE,0.041
TM,ADCS_MODE,MANUAL,ADCS_REFERENCE,SUN,TARGET,0.00,POINTING_ERROR,7.96,SUN_ERROR,7.96,MAG_ERROR,-122.26,GYRO_Z,-0.058,RW_CMD,0
TM,EST_RAW,-7.96,EST_FILTERED,-7.96,EST_ANGLE,-7.96,EST_FILTER,ON,EST_FILTER_TYPE,MOVING_AVERAGE,EST_MA_WINDOW,1,EST_FILTER_STRENGTH,0.35
TM,EST_FUSION,ON,EST_GYRO_WEIGHT,0.98,EST_VALID,1
TM,SUN_L,3653,SUN_R,3700,SUN_NDV,-0.0064,SUN_ANGLE,-7.87
TM,MAG_X,-18.21,MAG_Y,28.56,MAG_Z,-9.90,MAG_HEADING,122.52
TM,GYRO_X,-0.831,GYRO_Y,-2.476,GYRO_Z,0.134,BODY_RATE,-0.134
TM,ADCS_MODE,MANUAL,ADCS_REFERENCE,SUN,TARGET,0.00,POINTING_ERROR,7.98,SUN_ERROR,8.37,MAG_ERROR,-122.64,GYRO_Z,-0.172,RW_CMD,0
TM,EST_RAW,-8.37,EST_FILTERED,-8.37,EST_ANGLE,-7.98,EST_FILTER,ON,EST_FILTER_TYPE,MOVING_AVERAGE,EST_MA_WINDOW,1,EST_FILTER_STRENGTH,0.35
TM,EST_FUSION,ON,EST_GYRO_WEIGHT,0.98,EST_VALID,1
TM,SUN_L,3653,SUN_R,3700,SUN_NDV,-0.0064,SUN_ANGLE,-8.06
TM,MAG_X,-18.24,MAG_Y,28.48,MAG_Z,-9.86,MAG_HEADING,122.64
TM,GYRO_X,-1.120,GYRO_Y,-2.030,GYRO_Z,-0.198,BODY_RATE,0.198
TM,SUN_L,3655,SUN_R,3700,SUN_NDV,-0.0061,SUN_ANGLE,-8.18
TM,MAG_X,-18.14,MAG_Y,28.54,MAG_Z,-9.86,MAG_HEADING,122.44
TM,GYRO_X,-0.945,GYRO_Y,-2.152,GYRO_Z,0.090,BODY_RATE,-0.090
TM,ADCS_MODE,MANUAL,ADCS_REFERENCE,SUN,TARGET,0.00,POINTING_ERROR,8.00,SUN_ERROR,8.08,MAG_ERROR,-122.44,GYRO_Z,-0.181,RW_CMD,0
TM,EST_RAW,-8.08,EST_FILTERED,-8.08,EST_ANGLE,-8.00,EST_FILTER,ON,EST_FILTER_TYPE,MOVING_AVERAGE,EST_MA_WINDOW,1,EST_FILTER_STRENGTH,0.35
TM,EST_FUSION,ON,EST_GYRO_WEIGHT,0.98,EST_VALID,1
TM,SUN_L,3654,SUN_R,3699,SUN_NDV,-0.0061,SUN_ANGLE,-8.24
TM,MAG_X,-18.26,MAG_Y,28.59,MAG_Z,-9.90,MAG_HEADING,122.56
TM,GYRO_X,-0.928,GYRO_Y,-2.319,GYRO_Z,-0.050,BODY_RATE,0.050
TM,ADCS_MODE,MANUAL,ADCS_REFERENCE,SUN,TARGET,0.00,POINTING_ERROR,8.00,SUN_ERROR,8.10,MAG_ERROR,-122.56,GYRO_Z,-0.032,RW_CMD,0
TM,EST_RAW,-8.10,EST_FILTERED,-8.10,EST_ANGLE,-8.00,EST_FILTER,ON,EST_FILTER_TYPE,MOVING_AVERAGE,EST_MA_WINDOW,1,EST_FILTER_STRENGTH,0.35
TM,EST_FUSION,ON,EST_GYRO_WEIGHT,0.98,EST_VALID,1
TM,SUN_L,3651,SUN_R,3699,SUN_NDV,-0.0065,SUN_ANGLE,-8.74
TM,MAG_X,-18.22,MAG_Y,28.61,MAG_Z,-9.71,MAG_HEADING,122.50
TM,GYRO_X,-1.067,GYRO_Y,-2.336,GYRO_Z,0.090,BODY_RATE,-0.090
TM,ADCS_MODE,MANUAL,ADCS_REFERENCE,SUN,TARGET,0.00,POINTING_ERROR,8.09,SUN_ERROR,8.70,MAG_ERROR,-122.46,GYRO_Z,0.134,RW_CMD,0
TM,EST_RAW,-8.70,EST_FILTERED,-8.70,EST_ANGLE,-8.09,EST_FILTER,ON,EST_FILTER_TYPE,MOVING_AVERAGE,EST_MA_WINDOW,1,EST_FILTER_STRENGTH,0.35
TM,EST_FUSION,ON,EST_GYRO_WEIGHT,0.98,EST_VALID,1
TM,SUN_L,3651,SUN_R,3700,SUN_NDV,-0.0067,SUN_ANGLE,-8.06
TM,MAG_X,-18.24,MAG_Y,28.67,MAG_Z,-9.66,MAG_HEADING,122.46
TM,GYRO_X,-0.971,GYRO_Y,-2.284,GYRO_Z,-0.076,BODY_RATE,0.076
TM,ADCS_MODE,MANUAL,ADCS_REFERENCE,SUN,TARGET,0.00,POINTING_ERROR,8.19,SUN_ERROR,8.48,MAG_ERROR,-122.99,GYRO_Z,0.020,RW_CMD,0
TM,EST_RAW,-8.48,EST_FILTERED,-8.48,EST_ANGLE,-8.19,EST_FILTER,ON,EST_FILTER_TYPE,MOVING_AVERAGE,EST_MA_WINDOW,1,EST_FILTER_STRENGTH,0.35
TM,EST_FUSION,ON,EST_GYRO_WEIGHT,0.98,EST_VALID,1
TM,SUN_L,3649,SUN_R,3697,SUN_NDV,-0.0065,SUN_ANGLE,-8.47
TM,MAG_X,-18.34,MAG_Y,28.58,MAG_Z,-9.82,MAG_HEADING,122.69
TM,GYRO_X,-0.866,GYRO_Y,-2.467,GYRO_Z,-0.023,BODY_RATE,0.023
TM,SUN_L,3652,SUN_R,3697,SUN_NDV,-0.0061,SUN_ANGLE,-9.06
TM,MAG_X,-18.14,MAG_Y,28.64,MAG_Z,-9.94,MAG_HEADING,122.36
TM,GYRO_X,-0.892,GYRO_Y,-2.266,GYRO_Z,-0.146,BODY_RATE,0.146
TM,ADCS_MODE,MANUAL,ADCS_REFERENCE,SUN,TARGET,0.00,POINTING_ERROR,8.23,SUN_ERROR,9.06,MAG_ERROR,-122.36,GYRO_Z,-0.146,RW_CMD,0
TM,EST_RAW,-9.06,EST_FILTERED,-9.06,EST_ANGLE,-8.23,EST_FILTER,ON,EST_FILTER_TYPE,MOVING_AVERAGE,EST_MA_WINDOW,1,EST_FILTER_STRENGTH,0.35
TM,EST_FUSION,ON,EST_GYRO_WEIGHT,0.98,EST_VALID,1
TM,SUN_L,3648,SUN_R,3697,SUN_NDV,-0.0067,SUN_ANGLE,-8.52
TM,MAG_X,-18.27,MAG_Y,28.75,MAG_Z,-10.03,MAG_HEADING,122.44
TM,GYRO_X,-0.884,GYRO_Y,-2.424,GYRO_Z,-0.076,BODY_RATE,0.076
TM,ADCS_MODE,MANUAL,ADCS_REFERENCE,SUN,TARGET,0.00,POINTING_ERROR,8.25,SUN_ERROR,8.11,MAG_ERROR,-122.37,GYRO_Z,0.038,RW_CMD,0
TM,EST_RAW,-8.11,EST_FILTERED,-8.11,EST_ANGLE,-8.25,EST_FILTER,ON,EST_FILTER_TYPE,MOVING_AVERAGE,EST_MA_WINDOW,1,EST_FILTER_STRENGTH,0.35
TM,EST_FUSION,ON,EST_GYRO_WEIGHT,0.98,EST_VALID,1
TM,SUN_L,3649,SUN_R,3699,SUN_NDV,-0.0068,SUN_ANGLE,-8.38
TM,MAG_X,-18.21,MAG_Y,28.53,MAG_Z,-10.13,MAG_HEADING,122.55
TM,GYRO_X,-1.050,GYRO_Y,-2.354,GYRO_Z,0.055,BODY_RATE,-0.055
TM,ADCS_MODE,MANUAL,ADCS_REFERENCE,SUN,TARGET,0.00,POINTING_ERROR,8.22,SUN_ERROR,8.16,MAG_ERROR,-122.55,GYRO_Z,0.108,RW_CMD,0
TM,EST_RAW,-8.16,EST_FILTERED,-8.16,EST_ANGLE,-8.22,EST_FILTER,ON,EST_FILTER_TYPE,MOVING_AVERAGE,EST_MA_WINDOW,1,EST_FILTER_STRENGTH,0.35
TM,EST_FUSION,ON,EST_GYRO_WEIGHT,0.98,EST_VALID,1
TM,SUN_L,3652,SUN_R,3699,SUN_NDV,-0.0064,SUN_ANGLE,-8.27
TM,MAG_X,-18.06,MAG_Y,28.66,MAG_Z,-9.87,MAG_HEADING,122.23
TM,GYRO_X,-0.858,GYRO_Y,-2.328,GYRO_Z,-0.023,BODY_RATE,0.023
TM,ADCS_MODE,MANUAL,ADCS_REFERENCE,SUN,TARGET,0.00,POINTING_ERROR,8.20,SUN_ERROR,8.13,MAG_ERROR,-122.41,GYRO_Z,-0.093,RW_CMD,0
TM,EST_RAW,-8.13,EST_FILTERED,-8.13,EST_ANGLE,-8.20,EST_FILTER,ON,EST_FILTER_TYPE,MOVING_AVERAGE,EST_MA_WINDOW,1,EST_FILTER_STRENGTH,0.35
TM,EST_FUSION,ON,EST_GYRO_WEIGHT,0.98,EST_VALID,1
TM,SUN_L,3653,SUN_R,3700,SUN_NDV,-0.0064,SUN_ANGLE,-8.12
TM,MAG_X,-18.22,MAG_Y,28.70,MAG_Z,-10.14,MAG_HEADING,122.41
TM,GYRO_X,-0.858,GYRO_Y,-2.424,GYRO_Z,-0.198,BODY_RATE,0.198
TM,SUN_L,3653,SUN_R,3698,SUN_NDV,-0.0061,SUN_ANGLE,-7.38
TM,MAG_X,-18.16,MAG_Y,28.62,MAG_Z,-10.03,MAG_HEADING,122.39
TM,GYRO_X,-1.059,GYRO_Y,-2.433,GYRO_Z,-0.015,BODY_RATE,0.015
TM,ADCS_MODE,MANUAL,ADCS_REFERENCE,SUN,TARGET,0.00,POINTING_ERROR,8.17,SUN_ERROR,7.65,MAG_ERROR,-122.39,GYRO_Z,0.003,RW_CMD,0
TM,EST_RAW,-7.65,EST_FILTERED,-7.65,EST_ANGLE,-8.17,EST_FILTER,ON,EST_FILTER_TYPE,MOVING_AVERAGE,EST_MA_WINDOW,1,EST_FILTER_STRENGTH,0.35
TM,EST_FUSION,ON,EST_GYRO_WEIGHT,0.98,EST_VALID,1
TM,SUN_L,3652,SUN_R,3700,SUN_NDV,-0.0065,SUN_ANGLE,-8.02
TM,MAG_X,-18.10,MAG_Y,28.77,MAG_Z,-10.05,MAG_HEADING,122.17
TM,GYRO_X,-0.962,GYRO_Y,-2.284,GYRO_Z,-0.041,BODY_RATE,0.041
TM,ADCS_MODE,MANUAL,ADCS_REFERENCE,SUN,TARGET,0.00,POINTING_ERROR,8.15,SUN_ERROR,8.04,MAG_ERROR,-122.17,GYRO_Z,-0.032,RW_CMD,0
TM,EST_RAW,-8.04,EST_FILTERED,-8.04,EST_ANGLE,-8.15,EST_FILTER,ON,EST_FILTER_TYPE,MOVING_AVERAGE,EST_MA_WINDOW,1,EST_FILTER_STRENGTH,0.35
TM,EST_FUSION,ON,EST_GYRO_WEIGHT,0.98,EST_VALID,1
TM,SUN_L,3654,SUN_R,3701,SUN_NDV,-0.0064,SUN_ANGLE,-8.07
TM,MAG_X,-18.18,MAG_Y,28.77,MAG_Z,-10.11,MAG_HEADING,122.29
TM,GYRO_X,-0.866,GYRO_Y,-2.196,GYRO_Z,-0.032,BODY_RATE,0.032
TM,ADCS_MODE,MANUAL,ADCS_REFERENCE,SUN,TARGET,0.00,POINTING_ERROR,8.14,SUN_ERROR,8.32,MAG_ERROR,-122.25,GYRO_Z,-0.146,RW_CMD,0
TM,EST_RAW,-8.32,EST_FILTERED,-8.32,EST_ANGLE,-8.14,EST_FILTER,ON,EST_FILTER_TYPE,MOVING_AVERAGE,EST_MA_WINDOW,1,EST_FILTER_STRENGTH,0.35
TM,EST_FUSION,ON,EST_GYRO_WEIGHT,0.98,EST_VALID,1
TM,SUN_L,3653,SUN_R,3699,SUN_NDV,-0.0063,SUN_ANGLE,-7.86
TM,MAG_X,-18.16,MAG_Y,28.78,MAG_Z,-10.22,MAG_HEADING,122.25
TM,GYRO_X,-1.050,GYRO_Y,-2.275,GYRO_Z,-0.076,BODY_RATE,0.076
TM,ADCS_MODE,MANUAL,ADCS_REFERENCE,SUN,TARGET,0.00,POINTING_ERROR,8.12,SUN_ERROR,7.95,MAG_ERROR,-122.30,GYRO_Z,-0.233,RW_CMD,0
TM,EST_RAW,-7.95,EST_FILTERED,-7.95,EST_ANGLE,-8.12,EST_FILTER,ON,EST_FILTER_TYPE,MOVING_AVERAGE,EST_MA_WINDOW,1,EST_FILTER_STRENGTH,0.35
TM,EST_FUSION,ON,EST_GYRO_WEIGHT,0.98,EST_VALID,1
TM,SUN_L,3654,SUN_R,3698,SUN_NDV,-0.0060,SUN_ANGLE,-8.35
TM,MAG_X,-18.18,MAG_Y,28.75,MAG_Z,-10.02,MAG_HEADING,122.30
TM,GYRO_X,-0.901,GYRO_Y,-2.371,GYRO_Z,-0.120,BODY_RATE,0.120
TM,SUN_L,3652,SUN_R,3699,SUN_NDV,-0.0064,SUN_ANGLE,-8.65
TM,MAG_X,-18.32,MAG_Y,28.66,MAG_Z,-10.11,MAG_HEADING,122.59
TM,GYRO_X,-0.831,GYRO_Y,-2.240,GYRO_Z,0.029,BODY_RATE,-0.029
TM,ADCS_MODE,MANUAL,ADCS_REFERENCE,SUN,TARGET,0.00,POINTING_ERROR,8.11,SUN_ERROR,8.65,MAG_ERROR,-122.59,GYRO_Z,0.029,RW_CMD,0
TM,EST_RAW,-8.65,EST_FILTERED,-8.65,EST_ANGLE,-8.11,EST_FILTER,ON,EST_FILTER_TYPE,MOVING_AVERAGE,EST_MA_WINDOW,1,EST_FILTER_STRENGTH,0.35
TM,EST_FUSION,ON,EST_GYRO_WEIGHT,0.98,EST_VALID,1
TM,SUN_L,3653,SUN_R,3700,SUN_NDV,-0.0064,SUN_ANGLE,-8.35
TM,MAG_X,-18.14,MAG_Y,28.64,MAG_Z,-10.16,MAG_HEADING,122.36
TM,GYRO_X,-1.006,GYRO_Y,-2.354,GYRO_Z,-0.233,BODY_RATE,0.233
TM,ADCS_MODE,MANUAL,ADCS_REFERENCE,SUN,TARGET,0.00,POINTING_ERROR,8.12,SUN_ERROR,7.92,MAG_ERROR,-122.36,GYRO_Z,0.029,RW_CMD,0
TM,EST_RAW,-7.92,EST_FILTERED,-7.92,EST_ANGLE,-8.12,EST_FILTER,ON,EST_FILTER_TYPE,MOVING_AVERAGE,EST_MA_WINDOW,1,EST_FILTER_STRENGTH,0.35
TM,EST_FUSION,ON,EST_GYRO_WEIGHT,0.98,EST_VALID,1
TM,SUN_L,3652,SUN_R,3698,SUN_NDV,-0.0063,SUN_ANGLE,-7.92
TM,MAG_X,-18.37,MAG_Y,28.54,MAG_Z,-10.05,MAG_HEADING,122.76
TM,GYRO_X,-0.980,GYRO_Y,-2.389,GYRO_Z,0.117,BODY_RATE,-0.117
TM,ADCS_MODE,MANUAL,ADCS_REFERENCE,SUN,TARGET,0.00,POINTING_ERROR,8.07,SUN_ERROR,7.78,MAG_ERROR,-122.26,GYRO_Z,-0.067,RW_CMD,0
TM,EST_RAW,-7.78,EST_FILTERED,-7.78,EST_ANGLE,-8.07,EST_FILTER,ON,EST_FILTER_TYPE,MOVING_AVERAGE,EST_MA_WINDOW,1,EST_FILTER_STRENGTH,0.35
TM,EST_FUSION,ON,EST_GYRO_WEIGHT,0.98,EST_VALID,1
TM,SUN_L,3654,SUN_R,3699,SUN_NDV,-0.0061,SUN_ANGLE,-7.95
TM,MAG_X,-18.11,MAG_Y,28.85,MAG_Z,-10.06,MAG_HEADING,122.12
TM,GYRO_X,-0.962,GYRO_Y,-2.205,GYRO_Z,0.090,BODY_RATE,-0.090
TM,ADCS_MODE,MANUAL,ADCS_REFERENCE,SUN,TARGET,0.00,POINTING_ERROR,8.04,SUN_ERROR,8.14,MAG_ERROR,-122.23,GYRO_Z,-0.216,RW_CMD,0
TM,EST_RAW,-8.14,EST_FILTERED,-8.14,EST_ANGLE,-8.04,EST_FILTER,ON,EST_FILTER_TYPE,MOVING_AVERAGE,EST_MA_WINDOW,1,EST_FILTER_STRENGTH,0.35
TM,EST_FUSION,ON,EST_GYRO_WEIGHT,0.98,EST_VALID,1
TM,SUN_L,3652,SUN_R,3700,SUN_NDV,-0.0065,SUN_ANGLE,-7.72
TM,MAG_X,-18.16,MAG_Y,28.80,MAG_Z,-10.03,MAG_HEADING,122.23
TM,GYRO_X,-0.971,GYRO_Y,-2.441,GYRO_Z,-0.032,BODY_RATE,0.032
TM,SUN_L,3654,SUN_R,3699,SUN_NDV,-0.0061,SUN_ANGLE,-7.94
TM,MAG_X,-18.19,MAG_Y,28.88,MAG_Z,-10.06,MAG_HEADING,122.21
TM,GYRO_X,-1.094,GYRO_Y,-2.284,GYRO_Z,0.038,BODY_RATE,-0.038
TM,ADCS_MODE,MANUAL,ADCS_REFERENCE,SUN,TARGET,0.00,POINTING_ERROR,8.01,SUN_ERROR,7.76,MAG_ERROR,-122.21,GYRO_Z,-0.085,RW_CMD,0
TM,EST_RAW,-7.76,EST_FILTERED,-7.76,EST_ANGLE,-8.01,EST_FILTER,ON,EST_FILTER_TYPE,MOVING_AVERAGE,EST_MA_WINDOW,1,EST_FILTER_STRENGTH,0.35
TM,EST_FUSION,ON,EST_GYRO_WEIGHT,0.98,EST_VALID,1
TM,SUN_L,3655,SUN_R,3701,SUN_NDV,-0.0063,SUN_ANGLE,-7.95
TM,MAG_X,-18.10,MAG_Y,28.77,MAG_Z,-10.21,MAG_HEADING,122.17
TM,GYRO_X,-1.059,GYRO_Y,-2.415,GYRO_Z,-0.076,BODY_RATE,0.076
TM,ADCS_MODE,MANUAL,ADCS_REFERENCE,SUN,TARGET,0.00,POINTING_ERROR,8.00,SUN_ERROR,7.86,MAG_ERROR,-122.37,GYRO_Z,0.055,RW_CMD,0
TM,EST_RAW,-7.86,EST_FILTERED,-7.86,EST_ANGLE,-8.00,EST_FILTER,ON,EST_FILTER_TYPE,MOVING_AVERAGE,EST_MA_WINDOW,1,EST_FILTER_STRENGTH,0.35
TM,EST_FUSION,ON,EST_GYRO_WEIGHT,0.98,EST_VALID,1
TM,SUN_L,3653,SUN_R,3700,SUN_NDV,-0.0064,SUN_ANGLE,-8.00
TM,MAG_X,-18.21,MAG_Y,28.85,MAG_Z,-10.06,MAG_HEADING,122.26
TM,GYRO_X,-0.822,GYRO_Y,-2.301,GYRO_Z,-0.111,BODY_RATE,0.111
TM,ADCS_MODE,MANUAL,ADCS_REFERENCE,SUN,TARGET,0.00,POINTING_ERROR,8.01,SUN_ERROR,8.26,MAG_ERROR,-122.26,GYRO_Z,0.064,RW_CMD,0
TM,EST_RAW,-8.26,EST_FILTERED,-8.26,EST_ANGLE,-8.01,EST_FILTER,ON,EST_FILTER_TYPE,MOVING_AVERAGE,EST_MA_WINDOW,1,EST_FILTER_STRENGTH,0.35
TM,EST_FUSION,ON,EST_GYRO_WEIGHT,0.98,EST_VALID,1
TM,SUN_L,3654,SUN_R,3701,SUN_NDV,-0.0064,SUN_ANGLE,-8.37
TM,MAG_X,-18.16,MAG_Y,28.78,MAG_Z,-9.97,MAG_HEADING,122.25
TM,GYRO_X,-1.024,GYRO_Y,-2.424,GYRO_Z,-0.006,BODY_RATE,0.006
TM,ADCS_MODE,MANUAL,ADCS_REFERENCE,SUN,TARGET,0.00,POINTING_ERROR,8.02,SUN_ERROR,7.96,MAG_ERROR,-122.15,GYRO_Z,-0.067,RW_CMD,0
TM,EST_RAW,-7.96,EST_FILTERED,-7.96,EST_ANGLE,-8.02,EST_FILTER,ON,EST_FILTER_TYPE,MOVING_AVERAGE,EST_MA_WINDOW,1,EST_FILTER_STRENGTH,0.35
TM,EST_FUSION,ON,EST_GYRO_WEIGHT,0.98,EST_VALID,1
TM,SUN_L,3655,SUN_R,3701,SUN_NDV,-0.0063,SUN_ANGLE,-8.06
TM,MAG_X,-18.11,MAG_Y,28.82,MAG_Z,-10.13,MAG_HEADING,122.15
TM,GYRO_X,-1.094,GYRO_Y,-2.415,GYRO_Z,-0.190,BODY_RATE,0.190
TM,SUN_L,3655,SUN_R,3700,SUN_NDV,-0.0061,SUN_ANGLE,-8.08
TM,MAG_X,-18.10,MAG_Y,28.85,MAG_Z,-10.10,MAG_HEADING,122.10
TM,GYRO_X,-0.779,GYRO_Y,-2.686,GYRO_Z,-0.085,BODY_RATE,0.085
TM,ADCS_MODE,MANUAL,ADCS_REFERENCE,SUN,TARGET,0.00,POINTING_ERROR,8.04,SUN_ERROR,8.08,MAG_ERROR,-122.10,GYRO_Z,-0.085,RW_CMD,0
TM,EST_RAW,-8.08,EST_FILTERED,-8.08,EST_ANGLE,-8.04,EST_FILTER,ON,EST_FILTER_TYPE,MOVING_AVERAGE,EST_MA_WINDOW,1,EST_FILTER_STRENGTH,0.35
TM,EST_FUSION,ON,EST_GYRO_WEIGHT,0.98,EST_VALID,1
TM,SUN_L,3653,SUN_R,3699,SUN_NDV,-0.0063,SUN_ANGLE,-8.04
TM,MAG_X,-18.10,MAG_Y,28.85,MAG_Z,-10.06,MAG_HEADING,122.10
TM,GYRO_X,-0.744,GYRO_Y,-2.581,GYRO_Z,-0.128,BODY_RATE,0.128
TM,ADCS_MODE,MANUAL,ADCS_REFERENCE,SUN,TARGET,0.00,POINTING_ERROR,8.03,SUN_ERROR,8.09,MAG_ERROR,-122.10,GYRO_Z,-0.076,RW_CMD,0
TM,EST_RAW,-8.09,EST_FILTERED,-8.09,EST_ANGLE,-8.03,EST_FILTER,ON,EST_FILTER_TYPE,MOVING_AVERAGE,EST_MA_WINDOW,1,EST_FILTER_STRENGTH,0.35
TM,EST_FUSION,ON,EST_GYRO_WEIGHT,0.98,EST_VALID,1
TM,SUN_L,3654,SUN_R,3700,SUN_NDV,-0.0063,SUN_ANGLE,-7.99
TM,MAG_X,-18.18,MAG_Y,28.82,MAG_Z,-10.10,MAG_HEADING,122.24
TM,GYRO_X,-1.059,GYRO_Y,-2.441,GYRO_Z,-0.041,BODY_RATE,0.041
TM,ADCS_MODE,MANUAL,ADCS_REFERENCE,SUN,TARGET,0.00,POINTING_ERROR,8.04,SUN_ERROR,7.97,MAG_ERROR,-122.22,GYRO_Z,0.388,RW_CMD,0
TM,EST_RAW,-7.97,EST_FILTERED,-7.97,EST_ANGLE,-8.04,EST_FILTER,ON,EST_FILTER_TYPE,MOVING_AVERAGE,EST_MA_WINDOW,1,EST_FILTER_STRENGTH,0.35
TM,EST_FUSION,ON,EST_GYRO_WEIGHT,0.98,EST_VALID,1
TM,SUN_L,3653,SUN_R,3700,SUN_NDV,-0.0064,SUN_ANGLE,-7.79
TM,MAG_X,-18.13,MAG_Y,28.77,MAG_Z,-10.21,MAG_HEADING,122.22
TM,GYRO_X,-1.129,GYRO_Y,-2.047,GYRO_Z,-0.120,BODY_RATE,0.120
TM,ADCS_MODE,MANUAL,ADCS_REFERENCE,SUN,TARGET,0.00,POINTING_ERROR,8.02,SUN_ERROR,7.95,MAG_ERROR,-122.29,GYRO_Z,-0.015,RW_CMD,0
TM,EST_RAW,-7.95,EST_FILTERED,-7.95,EST_ANGLE,-8.02,EST_FILTER,ON,EST_FILTER_TYPE,MOVING_AVERAGE,EST_MA_WINDOW,1,EST_FILTER_STRENGTH,0.35
TM,EST_FUSION,ON,EST_GYRO_WEIGHT,0.98,EST_VALID,1
TM,SUN_L,3653,SUN_R,3701,SUN_NDV,-0.0065,SUN_ANGLE,-8.08
TM,MAG_X,-18.02,MAG_Y,28.82,MAG_Z,-10.29,MAG_HEADING,122.01
TM,GYRO_X,-1.067,GYRO_Y,-2.144,GYRO_Z,-0.085,BODY_RATE,0.085
TM,SUN_L,3654,SUN_R,3699,SUN_NDV,-0.0061,SUN_ANGLE,-7.91
TM,MAG_X,-18.26,MAG_Y,28.80,MAG_Z,-10.11,MAG_HEADING,122.37
TM,GYRO_X,-1.050,GYRO_Y,-2.126,GYRO_Z,0.064,BODY_RATE,-0.064
TM,ADCS_MODE,MANUAL,ADCS_REFERENCE,SUN,TARGET,0.00,POINTING_ERROR,8.00,SUN_ERROR,7.91,MAG_ERROR,-122.37,GYRO_Z,0.064,RW_CMD,0
TM,EST_RAW,-7.91,EST_FILTERED,-7.91,EST_ANGLE,-8.00,EST_FILTER,ON,EST_FILTER_TYPE,MOVING_AVERAGE,EST_MA_WINDOW,1,EST_FILTER_STRENGTH,0.35
TM,EST_FUSION,ON,EST_GYRO_WEIGHT,0.98,EST_VALID,1
TM,SUN_L,3653,SUN_R,3701,SUN_NDV,-0.0065,SUN_ANGLE,-8.05
TM,MAG_X,-18.11,MAG_Y,28.85,MAG_Z,-10.21,MAG_HEADING,122.12
TM,GYRO_X,-0.849,GYRO_Y,-2.529,GYRO_Z,-0.190,BODY_RATE,0.190
TM,ADCS_MODE,MANUAL,ADCS_REFERENCE,SUN,TARGET,0.00,POINTING_ERROR,8.02,SUN_ERROR,8.33,MAG_ERROR,-122.12,GYRO_Z,-0.015,RW_CMD,0
TM,EST_RAW,-8.33,EST_FILTERED,-8.33,EST_ANGLE,-8.02,EST_FILTER,ON,EST_FILTER_TYPE,MOVING_AVERAGE,EST_MA_WINDOW,1,EST_FILTER_STRENGTH,0.35
TM,EST_FUSION,ON,EST_GYRO_WEIGHT,0.98,EST_VALID,1
TM,SUN_L,3655,SUN_R,3700,SUN_NDV,-0.0061,SUN_ANGLE,-7.82
TM,MAG_X,-18.16,MAG_Y,28.82,MAG_Z,-10.10,MAG_HEADING,122.22
TM,GYRO_X,-1.015,GYRO_Y,-2.310,GYRO_Z,0.082,BODY_RATE,-0.082
TM,ADCS_MODE,MANUAL,ADCS_REFERENCE,SUN,TARGET,0.00,POINTING_ERROR,7.98,SUN_ERROR,8.09,MAG_ERROR,-122.05,GYRO_Z,-0.032,RW_CMD,0
TM,EST_RAW,-8.09,EST_FILTERED,-8.09,EST_ANGLE,-7.98,EST_FILTER,ON,EST_FILTER_TYPE,MOVING_AVERAGE,EST_MA_WINDOW,1,EST_FILTER_STRENGTH,0.35
TM,EST_FUSION,ON,EST_GYRO_WEIGHT,0.98,EST_VALID,1
TM,SUN_L,3652,SUN_R,3699,SUN_NDV,-0.0064,SUN_ANGLE,-8.16
TM,MAG_X,-18.16,MAG_Y,28.93,MAG_Z,-9.90,MAG_HEADING,122.12
TM,GYRO_X,-0.901,GYRO_Y,-2.196,GYRO_Z,-0.050,BODY_RATE,0.050
TM,ADCS_MODE,MANUAL,ADCS_REFERENCE,SUN,TARGET,0.00,POINTING_ERROR,7.99,SUN_ERROR,8.26,MAG_ERROR,-122.14,GYRO_Z,0.239,RW_CMD,0
TM,EST_RAW,-8.26,EST_FILTERED,-8.26,EST_ANGLE,-7.99,EST_FILTER,ON,EST_FILTER_TYPE,MOVING_AVERAGE,EST_MA_WINDOW,1,EST_FILTER_STRENGTH,0.35
TM,EST_FUSION,ON,EST_GYRO_WEIGHT,0.98,EST_VALID,1
TM,SUN_L,3653,SUN_R,3700,SUN_NDV,-0.0064,SUN_ANGLE,-8.25
TM,MAG_X,-18.06,MAG_Y,28.75,MAG_Z,-10.16,MAG_HEADING,122.14
TM,GYRO_X,-1.199,GYRO_Y,-2.415,GYRO_Z,0.029,BODY_RATE,-0.029
TM,SUN_L,3654,SUN_R,3699,SUN_NDV,-0.0061,SUN_ANGLE,-7.89
TM,MAG_X,-18.08,MAG_Y,28.85,MAG_Z,-10.18,MAG_HEADING,122.08
TM,GYRO_X,-1.138,GYRO_Y,-1.916,GYRO_Z,0.064,BODY_RATE,-0.064
TM,ADCS_MODE,MANUAL,ADCS_REFERENCE,SUN,TARGET,0.00,POINTING_ERROR,7.99,SUN_ERROR,7.89,MAG_ERROR,-122.08,GYRO_Z,0.117,RW_CMD,0
TM,EST_RAW,-7.89,EST_FILTERED,-7.89,EST_ANGLE,-7.99,EST_FILTER,ON,EST_FILTER_TYPE,MOVING_AVERAGE,EST_MA_WINDOW,1,EST_FILTER_STRENGTH,0.35
TM,EST_FUSION,ON,EST_GYRO_WEIGHT,0.98,EST_VALID,1
TM,SUN_L,3655,SUN_R,3702,SUN_NDV,-0.0064,SUN_ANGLE,-8.00
TM,MAG_X,-18.08,MAG_Y,28.94,MAG_Z,-10.13,MAG_HEADING,121.99
TM,GYRO_X,-1.207,GYRO_Y,-2.152,GYRO_Z,-0.137,BODY_RATE,0.137
TM,ADCS_MODE,MANUAL,ADCS_REFERENCE,SUN,TARGET,0.00,POINTING_ERROR,8.01,SUN_ERROR,8.37,MAG_ERROR,-121.99,GYRO_Z,-0.120,RW_CMD,0
TM,EST_RAW,-8.37,EST_FILTERED,-8.37,EST_ANGLE,-8.01,EST_FILTER,ON,EST_FILTER_TYPE,MOVING_AVERAGE,EST_MA_WINDOW,1,EST_FILTER_STRENGTH,0.35
TM,EST_FUSION,ON,EST_GYRO_WEIGHT,0.98,EST_VALID,1
TM,SUN_L,3653,SUN_R,3699,SUN_NDV,-0.0063,SUN_ANGLE,-8.15
TM,MAG_X,-18.08,MAG_Y,28.78,MAG_Z,-10.21,MAG_HEADING,122.13
TM,GYRO_X,-1.190,GYRO_Y,-2.441,GYRO_Z,0.099,BODY_RATE,-0.099
TM,ADCS_MODE,MANUAL,ADCS_REFERENCE,SUN,TARGET,0.00,POINTING_ERROR,8.02,SUN_ERROR,8.31,MAG_ERROR,-122.13,GYRO_Z,0.099,RW_CMD,0
TM,EST_RAW,-8.31,EST_FILTERED,-8.31,EST_ANGLE,-8.02,EST_FILTER,ON,EST_FILTER_TYPE,MOVING_AVERAGE,EST_MA_WINDOW,1,EST_FILTER_STRENGTH,0.35
TM,EST_FUSION,ON,EST_GYRO_WEIGHT,0.98,EST_VALID,1
TM,SUN_L,3653,SUN_R,3699,SUN_NDV,-0.0063,SUN_ANGLE,-8.00
TM,MAG_X,-18.13,MAG_Y,28.82,MAG_Z,-10.13,MAG_HEADING,122.17
TM,GYRO_X,-1.059,GYRO_Y,-2.362,GYRO_Z,-0.050,BODY_RATE,0.050
TM,ADCS_MODE,MANUAL,ADCS_REFERENCE,SUN,TARGET,0.00,POINTING_ERROR,8.00,SUN_ERROR,8.22,MAG_ERROR,-121.89,GYRO_Z,0.117,RW_CMD,0
TM,EST_RAW,-8.22,EST_FILTERED,-8.22,EST_ANGLE,-8.00,EST_FILTER,ON,EST_FILTER_TYPE,MOVING_AVERAGE,EST_MA_WINDOW,1,EST_FILTER_STRENGTH,0.35
TM,EST_FUSION,ON,EST_GYRO_WEIGHT,0.98,EST_VALID,1
TM,SUN_L,3652,SUN_R,3700,SUN_NDV,-0.0065,SUN_ANGLE,-8.27
TM,MAG_X,-17.97,MAG_Y,28.88,MAG_Z,-10.03,MAG_HEADING,121.89
TM,GYRO_X,-1.085,GYRO_Y,-2.608,GYRO_Z,-0.076,BODY_RATE,0.076
TM,SUN_L,3653,SUN_R,3700,SUN_NDV,-0.0064,SUN_ANGLE,-7.75
TM,MAG_X,-18.29,MAG_Y,28.85,MAG_Z,-10.10,MAG_HEADING,122.37
TM,GYRO_X,-0.962,GYRO_Y,-2.266,GYRO_Z,-0.111,BODY_RATE,0.111
TM,ADCS_MODE,MANUAL,ADCS_REFERENCE,SUN,TARGET,0.00,POINTING_ERROR,7.96,SUN_ERROR,7.75,MAG_ERROR,-122.37,GYRO_Z,-0.111,RW_CMD,0
TM,EST_RAW,-7.75,EST_FILTERED,-7.75,EST_ANGLE,-7.96,EST_FILTER,ON,EST_FILTER_TYPE,MOVING_AVERAGE,EST_MA_WINDOW,1,EST_FILTER_STRENGTH,0.35
TM,EST_FUSION,ON,EST_GYRO_WEIGHT,0.98,EST_VALID,1
TM,SUN_L,3652,SUN_R,3698,SUN_NDV,-0.0063,SUN_ANGLE,-7.90
TM,MAG_X,-18.11,MAG_Y,28.78,MAG_Z,-10.14,MAG_HEADING,122.18
TM,GYRO_X,-1.050,GYRO_Y,-2.249,GYRO_Z,-0.172,BODY_RATE,0.172
TM,ADCS_MODE,MANUAL,ADCS_REFERENCE,SUN,TARGET,0.00,POINTING_ERROR,7.95,SUN_ERROR,7.50,MAG_ERROR,-122.18,GYRO_Z,-0.452,RW_CMD,0
TM,EST_RAW,-7.50,EST_FILTERED,-7.50,EST_ANGLE,-7.95,EST_FILTER,ON,EST_FILTER_TYPE,MOVING_AVERAGE,EST_MA_WINDOW,1,EST_FILTER_STRENGTH,0.35
TM,EST_FUSION,ON,EST_GYRO_WEIGHT,0.98,EST_VALID,1
TM,SUN_L,3653,SUN_R,3699,SUN_NDV,-0.0063,SUN_ANGLE,-8.44
TM,MAG_X,-18.14,MAG_Y,28.88,MAG_Z,-10.03,MAG_HEADING,122.14
TM,GYRO_X,-0.884,GYRO_Y,-2.581,GYRO_Z,0.160,BODY_RATE,-0.160
TM,ADCS_MODE,MANUAL,ADCS_REFERENCE,SUN,TARGET,0.00,POINTING_ERROR,7.98,SUN_ERROR,8.46,MAG_ERROR,-122.23,GYRO_Z,-0.163,RW_CMD,0
TM,EST_RAW,-8.46,EST_FILTERED,-8.46,EST_ANGLE,-7.98,EST_FILTER,ON,EST_FILTER_TYPE,MOVING_AVERAGE,EST_MA_WINDOW,1,EST_FILTER_STRENGTH,0.35
TM,EST_FUSION,ON,EST_GYRO_WEIGHT,0.98,EST_VALID,1
TM,SUN_L,3652,SUN_R,3697,SUN_NDV,-0.0061,SUN_ANGLE,-7.85
TM,MAG_X,-18.21,MAG_Y,28.88,MAG_Z,-10.11,MAG_HEADING,122.23
TM,GYRO_X,-1.138,GYRO_Y,-2.293,GYRO_Z,-0.032,BODY_RATE,0.032
TM,ADCS_MODE,MANUAL,ADCS_REFERENCE,SUN,TARGET,0.00,POINTING_ERROR,7.94,SUN_ERROR,7.33,MAG_ERROR,-122.26,GYRO_Z,-0.093,RW_CMD,0
TM,EST_RAW,-7.33,EST_FILTERED,-7.33,EST_ANGLE,-7.94,EST_FILTER,ON,EST_FILTER_TYPE,MOVING_AVERAGE,EST_MA_WINDOW,1,EST_FILTER_STRENGTH,0.35
TM,EST_FUSION,ON,EST_GYRO_WEIGHT,0.98,EST_VALID,1
TM,SUN_L,3653,SUN_R,3699,SUN_NDV,-0.0063,SUN_ANGLE,-7.87
TM,MAG_X,-18.19,MAG_Y,28.82,MAG_Z,-10.10,MAG_HEADING,122.26
TM,GYRO_X,-1.120,GYRO_Y,-2.082,GYRO_Z,-0.093,BODY_RATE,0.093
TM,SUN_L,3655,SUN_R,3699,SUN_NDV,-0.0060,SUN_ANGLE,-8.03
TM,MAG_X,-18.18,MAG_Y,28.83,MAG_Z,-10.14,MAG_HEADING,122.23
TM,GYRO_X,-1.033,GYRO_Y,-2.144,GYRO_Z,-0.260,BODY_RATE,0.260
TM,ADCS_MODE,MANUAL,ADCS_REFERENCE,SUN,TARGET,0.00,POINTING_ERROR,7.93,SUN_ERROR,8.03,MAG_ERROR,-122.23,GYRO_Z,-0.163,RW_CMD,0
TM,EST_RAW,-8.03,EST_FILTERED,-8.03,EST_ANGLE,-7.93,EST_FILTER,ON,EST_FILTER_TYPE,MOVING_AVERAGE,EST_MA_WINDOW,1,EST_FILTER_STRENGTH,0.35
TM,EST_FUSION,ON,EST_GYRO_WEIGHT,0.98,EST_VALID,1
TM,SUN_L,3654,SUN_R,3700,SUN_NDV,-0.0063,SUN_ANGLE,-8.12
TM,MAG_X,-18.11,MAG_Y,28.83,MAG_Z,-10.38,MAG_HEADING,122.14
TM,GYRO_X,-0.858,GYRO_Y,-2.319,GYRO_Z,0.038,BODY_RATE,-0.038
TM,ADCS_MODE,MANUAL,ADCS_REFERENCE,SUN,TARGET,0.00,POINTING_ERROR,7.95,SUN_ERROR,7.72,MAG_ERROR,-122.21,GYRO_Z,-0.172,RW_CMD,0
TM,EST_RAW,-7.72,EST_FILTERED,-7.72,EST_ANGLE,-7.95,EST_FILTER,ON,EST_FILTER_TYPE,MOVING_AVERAGE,EST_MA_WINDOW,1,EST_FILTER_STRENGTH,0.35
TM,EST_FUSION,ON,EST_GYRO_WEIGHT,0.98,EST_VALID,1
TM,SUN_L,3653,SUN_R,3699,SUN_NDV,-0.0063,SUN_ANGLE,-7.58
TM,MAG_X,-18.11,MAG_Y,28.78,MAG_Z,-10.13,MAG_HEADING,122.18
TM,GYRO_X,-1.015,GYRO_Y,-2.223,GYRO_Z,-0.023,BODY_RATE,0.023
TM,ADCS_MODE,MANUAL,ADCS_REFERENCE,SUN,TARGET,0.00,POINTING_ERROR,7.97,SUN_ERROR,8.12,MAG_ERROR,-122.18,GYRO_Z,-0.225,RW_CMD,0
TM,EST_RAW,-8.12,EST_FILTERED,-8.12,EST_ANGLE,-7.97,EST_FILTER,ON,EST_FILTER_TYPE,MOVING_AVERAGE,EST_MA_WINDOW,1,EST_FILTER_STRENGTH,0.35
TM,EST_FUSION,ON,EST_GYRO_WEIGHT,0.98,EST_VALID,1
TM,SUN_L,3652,SUN_R,3700,SUN_NDV,-0.0065,SUN_ANGLE,-8.02
TM,MAG_X,-18.19,MAG_Y,28.85,MAG_Z,-10.00,MAG_HEADING,122.24
TM,GYRO_X,-0.989,GYRO_Y,-2.266,GYRO_Z,-0.216,BODY_RATE,0.216
TM,ADCS_MODE,MANUAL,ADCS_REFERENCE,SUN,TARGET,0.00,POINTING_ERROR,7.98,SUN_ERROR,8.02,MAG_ERROR,-122.05,GYRO_Z,0.117,RW_CMD,0
TM,EST_RAW,-8.02,EST_FILTERED,-8.02,EST_ANGLE,-7.98,EST_FILTER,ON,EST_FILTER_TYPE,MOVING_AVERAGE,EST_MA_WINDOW,1,EST_FILTER_STRENGTH,0.35
TM,EST_FUSION,ON,EST_GYRO_WEIGHT,0.98,EST_VALID,1
TM,SUN_L,3654,SUN_R,3698,SUN_NDV,-0.0060,SUN_ANGLE,-7.98
TM,MAG_X,-18.05,MAG_Y,28.83,MAG_Z,-10.18,MAG_HEADING,122.05
TM,GYRO_X,-0.814,GYRO_Y,-2.599,GYRO_Z,-0.146,BODY_RATE,0.146
TM,SUN_L,3650,SUN_R,3698,SUN_NDV,-0.0065,SUN_ANGLE,-7.56
TM,MAG_X,-18.00,MAG_Y,28.82,MAG_Z,-10.19,MAG_HEADING,121.99
TM,GYRO_X,-0.761,GYRO_Y,-2.275,GYRO_Z,-0.155,BODY_RATE,0.155
TM,ADCS_MODE,MANUAL,ADCS_REFERENCE,SUN,TARGET,0.00,POINTING_ERROR,7.98,SUN_ERROR,7.56,MAG_ERROR,-121.99,GYRO_Z,-0.155,RW_CMD,0
TM,EST_RAW,-7.56,EST_FILTERED,-7.56,EST_ANGLE,-7.98,EST_FILTER,ON,EST_FILTER_TYPE,MOVING_AVERAGE,EST_MA_WINDOW,1,EST_FILTER_STRENGTH,0.35
TM,EST_FUSION,ON,EST_GYRO_WEIGHT,0.98,EST_VALID,1
TM,SUN_L,3654,SUN_R,3699,SUN_NDV,-0.0061,SUN_ANGLE,-8.15
TM,MAG_X,-18.08,MAG_Y,28.86,MAG_Z,-10.22,MAG_HEADING,122.06
TM,GYRO_X,-0.875,GYRO_Y,-2.310,GYRO_Z,-0.102,BODY_RATE,0.102
TM,ADCS_MODE,MANUAL,ADCS_REFERENCE,SUN,TARGET,0.00,POINTING_ERROR,7.95,SUN_ERROR,8.04,MAG_ERROR,-122.06,GYRO_Z,0.292,RW_CMD,0
TM,EST_RAW,-8.04,EST_FILTERED,-8.04,EST_ANGLE,-7.95,EST_FILTER,ON,EST_FILTER_TYPE,MOVING_AVERAGE,EST_MA_WINDOW,1,EST_FILTER_STRENGTH,0.35
TM,EST_FUSION,ON,EST_GYRO_WEIGHT,0.98,EST_VALID,1
TM,SUN_L,3652,SUN_R,3699,SUN_NDV,-0.0064,SUN_ANGLE,-8.04
TM,MAG_X,-18.27,MAG_Y,28.72,MAG_Z,-10.18,MAG_HEADING,122.46
TM,GYRO_X,-1.216,GYRO_Y,-2.100,GYRO_Z,-0.058,BODY_RATE,0.058
TM,ADCS_MODE,MANUAL,ADCS_REFERENCE,SUN,TARGET,0.00,POINTING_ERROR,7.94,SUN_ERROR,8.39,MAG_ERROR,-122.34,GYRO_Z,-0.093,RW_CMD,0
TM,EST_RAW,-8.39,EST_FILTERED,-8.39,EST_ANGLE,-7.94,EST_FILTER,ON,EST_FILTER_TYPE,MOVING_AVERAGE,EST_MA_WINDOW,1,EST_FILTER_STRENGTH,0.35
TM,EST_FUSION,ON,EST_GYRO_WEIGHT,0.98,EST_VALID,1
TM,SUN_L,3654,SUN_R,3699,SUN_NDV,-0.0061,SUN_ANGLE,-8.13
TM,MAG_X,-18.22,MAG_Y,28.78,MAG_Z,-10.19,MAG_HEADING,122.34
TM,GYRO_X,-1.024,GYRO_Y,-2.389,GYRO_Z,0.160,BODY_RATE,-0.160
TM,ADCS_MODE,MANUAL,ADCS_REFERENCE,SUN,TARGET,0.00,POINTING_ERROR,7.92,SUN_ERROR,8.15,MAG_ERROR,-122.02,GYRO_Z,0.152,RW_CMD,0
TM,EST_RAW,-8.15,EST_FILTERED,-8.15,EST_ANGLE,-7.92,EST_FILTER,ON,EST_FILTER_TYPE,MOVING_AVERAGE,EST_MA_WINDOW,1,EST_FILTER_STRENGTH,0.35
TM,EST_FUSION,ON,EST_GYRO_WEIGHT,0.98,EST_VALID,1
TM,SUN_L,3652,SUN_R,3699,SUN_NDV,-0.0064,SUN_ANGLE,-7.61
TM,MAG_X,-18.05,MAG_Y,28.86,MAG_Z,-10.24,MAG_HEADING,122.02
TM,GYRO_X,-0.822,GYRO_Y,-2.301,GYRO_Z,-0.067,BODY_RATE,0.067
TM,SUN_L,3655,SUN_R,3700,SUN_NDV,-0.0061,SUN_ANGLE,-7.92
TM,MAG_X,-18.03,MAG_Y,28.91,MAG_Z,-10.24,MAG_HEADING,121.95
TM,GYRO_X,-0.901,GYRO_Y,-2.249,GYRO_Z,-0.006,BODY_RATE,0.006
TM,ADCS_MODE,MANUAL,ADCS_REFERENCE,SUN,TARGET,0.00,POINTING_ERROR,7.92,SUN_ERROR,7.92,MAG_ERROR,-121.95,GYRO_Z,-0.146,RW_CMD,0
TM,EST_RAW,-7.92,EST_FILTERED,-7.92,EST_ANGLE,-7.92,EST_FILTER,ON,EST_FILTER_TYPE,MOVING_AVERAGE,EST_MA_WINDOW,1,EST_FILTER_STRENGTH,0.35
TM,EST_FUSION,ON,EST_GYRO_WEIGHT,0.98,EST_VALID,1
TM,SUN_L,3654,SUN_R,3700,SUN_NDV,-0.0063,SUN_ANGLE,-8.26
TM,MAG_X,-18.03,MAG_Y,28.98,MAG_Z,-10.19,MAG_HEADING,121.89
TM,GYRO_X,-0.779,GYRO_Y,-2.459,GYRO_Z,0.134,BODY_RATE,-0.134
TM,ADCS_MODE,MANUAL,ADCS_REFERENCE,SUN,TARGET,0.00,POINTING_ERROR,7.97,SUN_ERROR,7.94,MAG_ERROR,-121.89,GYRO_Z,-0.085,RW_CMD,0
TM,EST_RAW,-7.94,EST_FILTERED,-7.94,EST_ANGLE,-7.97,EST_FILTER,ON,EST_FILTER_TYPE,MOVING_AVERAGE,EST_MA_WINDOW,1,EST_FILTER_STRENGTH,0.35
TM,EST_FUSION,ON,EST_GYRO_WEIGHT,0.98,EST_VALID,1
TM,SUN_L,3654,SUN_R,3699,SUN_NDV,-0.0061,SUN_ANGLE,-8.11
TM,MAG_X,-18.05,MAG_Y,28.94,MAG_Z,-10.11,MAG_HEADING,121.95
TM,GYRO_X,-1.251,GYRO_Y,-2.013,GYRO_Z,0.003,BODY_RATE,-0.003
TM,ADCS_MODE,MANUAL,ADCS_REFERENCE,SUN,TARGET,0.00,POINTING_ERROR,7.98,SUN_ERROR,8.14,MAG_ERROR,-122.26,GYRO_Z,-0.041,RW_CMD,0
TM,EST_RAW,-8.14,EST_FILTERED,-8.14,EST_ANGLE,-7.98,EST_FILTER,ON,EST_FILTER_TYPE,MOVING_AVERAGE,EST_MA_WINDOW,1,EST_FILTER_STRENGTH,0.35
TM,EST_FUSION,ON,EST_GYRO_WEIGHT,0.98,EST_VALID,1
TM,SUN_L,3653,SUN_R,3700,SUN_NDV,-0.0064,SUN_ANGLE,-8.15
TM,MAG_X,-18.06,MAG_Y,29.02,MAG_Z,-10.10,MAG_HEADING,121.90
TM,GYRO_X,-0.805,GYRO_Y,-2.196,GYRO_Z,-0.120,BODY_RATE,0.120
TM,ADCS_MODE,MANUAL,ADCS_REFERENCE,SUN,TARGET,0.00,POINTING_ERROR,7.94,SUN_ERROR,8.03,MAG_ERROR,-122.08,GYRO_Z,-0.198,RW_CMD,0
TM,EST_RAW,-8.03,EST_FILTERED,-8.03,EST_ANGLE,-7.94,EST_FILTER,ON,EST_FILTER_TYPE,MOVING_AVERAGE,EST_MA_WINDOW,1,EST_FILTER_STRENGTH,0.35
TM,EST_FUSION,ON,EST_GYRO_WEIGHT,0.98,EST_VALID,1
TM,SUN_L,3652,SUN_R,3700,SUN_NDV,-0.0065,SUN_ANGLE,-8.17
TM,MAG_X,-18.14,MAG_Y,28.94,MAG_Z,-10.24,MAG_HEADING,122.08
TM,GYRO_X,-0.989,GYRO_Y,-2.301,GYRO_Z,0.047,BODY_RATE,-0.047
TM,SUN_L,3652,SUN_R,3698,SUN_NDV,-0.0063,SUN_ANGLE,-8.10
TM,MAG_X,-18.13,MAG_Y,28.90,MAG_Z,-10.22,MAG_HEADING,122.10
TM,GYRO_X,-0.831,GYRO_Y,-2.249,GYRO_Z,-0.085,BODY_RATE,0.085
TM,ADCS_MODE,MANUAL,ADCS_REFERENCE,SUN,TARGET,0.00,POINTING_ERROR,7.95,SUN_ERROR,7.77,MAG_ERROR,-122.10,GYRO_Z,0.012,RW_CMD,0
TM,EST_RAW,-7.77,EST_FILTERED,-7.77,EST_ANGLE,-7.95,EST_FILTER,ON,EST_FILTER_TYPE,MOVING_AVERAGE,EST_MA_WINDOW,1,EST_FILTER_STRENGTH,0.35
TM,EST_FUSION,ON,EST_GYRO_WEIGHT,0.98,EST_VALID,1
TM,SUN_L,3654,SUN_R,3698,SUN_NDV,-0.0060,SUN_ANGLE,-7.90
TM,MAG_X,-18.14,MAG_Y,28.90,MAG_Z,-10.22,MAG_HEADING,122.13
TM,GYRO_X,-1.024,GYRO_Y,-2.214,GYRO_Z,-0.006,BODY_RATE,0.006
TM,ADCS_MODE,MANUAL,ADCS_REFERENCE,SUN,TARGET,0.00,POINTING_ERROR,7.96,SUN_ERROR,8.03,MAG_ERROR,-121.96,GYRO_Z,-0.006,RW_CMD,0
TM,EST_RAW,-8.03,EST_FILTERED,-8.03,EST_ANGLE,-7.96,EST_FILTER,ON,EST_FILTER_TYPE,MOVING_AVERAGE,EST_MA_WINDOW,1,EST_FILTER_STRENGTH,0.35
TM,EST_FUSION,ON,EST_GYRO_WEIGHT,0.98,EST_VALID,1
TM,SUN_L,3654,SUN_R,3700,SUN_NDV,-0.0063,SUN_ANGLE,-8.29
TM,MAG_X,-18.18,MAG_Y,28.85,MAG_Z,-10.27,MAG_HEADING,122.21
TM,GYRO_X,-1.050,GYRO_Y,-2.152,GYRO_Z,0.204,BODY_RATE,-0.204
TM,ADCS_MODE,MANUAL,ADCS_REFERENCE,SUN,TARGET,0.00,POINTING_ERROR,7.96,SUN_ERROR,7.65,MAG_ERROR,-122.21,GYRO_Z,-0.093,RW_CMD,0
TM,EST_RAW,-7.65,EST_FILTERED,-7.65,EST_ANGLE,-7.96,EST_FILTER,ON,EST_FILTER_TYPE,MOVING_AVERAGE,EST_MA_WINDOW,1,EST_FILTER_STRENGTH,0.35
TM,EST_FUSION,ON,EST_GYRO_WEIGHT,0.98,EST_VALID,1
TM,SUN_L,3653,SUN_R,3699,SUN_NDV,-0.0063,SUN_ANGLE,-8.15
TM,MAG_X,-18.19,MAG_Y,28.90,MAG_Z,-10.21,MAG_HEADING,122.19
TM,GYRO_X,-1.041,GYRO_Y,-2.179,GYRO_Z,-0.111,BODY_RATE,0.111
TM,ADCS_MODE,MANUAL,ADCS_REFERENCE,SUN,TARGET,0.00,POINTING_ERROR,7.93,SUN_ERROR,7.77,MAG_ERROR,-122.37,GYRO_Z,-0.102,RW_CMD,0
TM,EST_RAW,-7.77,EST_FILTERED,-7.77,EST_ANGLE,-7.93,EST_FILTER,ON,EST_FILTER_TYPE,MOVING_AVERAGE,EST_MA_WINDOW,1,EST_FILTER_STRENGTH,0.35
TM,EST_FUSION,ON,EST_GYRO_WEIGHT,0.98,EST_VALID,1
TM,SUN_L,3654,SUN_R,3700,SUN_NDV,-0.0063,SUN_ANGLE,-8.02
TM,MAG_X,-18.21,MAG_Y,28.72,MAG_Z,-10.32,MAG_HEADING,122.37
TM,GYRO_X,-0.866,GYRO_Y,-2.459,GYRO_Z,0.029,BODY_RATE,-0.029
TM,SUN_L,3653,SUN_R,3700,SUN_NDV,-0.0064,SUN_ANGLE,-8.22
TM,MAG_X,-18.13,MAG_Y,28.85,MAG_Z,-9.87,MAG_HEADING,122.15
TM,GYRO_X,-0.814,GYRO_Y,-2.433,GYRO_Z,0.029,BODY_RATE,-0.029
TM,ADCS_MODE,MANUAL,ADCS_REFERENCE,SUN,TARGET,0.00,POINTING_ERROR,7.94,SUN_ERROR,8.22,MAG_ERROR,-122.07,GYRO_Z,0.029,RW_CMD,0
TM,EST_RAW,-8.22,EST_FILTERED,-8.22,EST_ANGLE,-7.94,EST_FILTER,ON,EST_FILTER_TYPE,MOVING_AVERAGE,EST_MA_WINDOW,1,EST_FILTER_STRENGTH,0.35
TM,EST_FUSION,ON,EST_GYRO_WEIGHT,0.98,EST_VALID,1
TM,SUN_L,3653,SUN_R,3698,SUN_NDV,-0.0061,SUN_ANGLE,-7.83
TM,MAG_X,-18.19,MAG_Y,28.85,MAG_Z,-10.34,MAG_HEADING,122.24
TM,GYRO_X,-0.919,GYRO_Y,-2.310,GYRO_Z,-0.050,BODY_RATE,0.050
TM,ADCS_MODE,MANUAL,ADCS_REFERENCE,SUN,TARGET,0.00,POINTING_ERROR,7.93,SUN_ERROR,7.89,MAG_ERROR,-122.24,GYRO_Z,0.108,RW_CMD,0
TM,EST_RAW,-7.89,EST_FILTERED,-7.89,EST_ANGLE,-7.93,EST_FILTER,ON,EST_FILTER_TYPE,MOVING_AVERAGE,EST_MA_WINDOW,1,EST_FILTER_STRENGTH,0.35
TM,EST_FUSION,ON,EST_GYRO_WEIGHT,0.98,EST_VALID,1
TM,SUN_L,3653,SUN_R,3698,SUN_NDV,-0.0061,SUN_ANGLE,-8.10
TM,MAG_X,-18.19,MAG_Y,28.98,MAG_Z,-10.24,MAG_HEADING,122.12
TM,GYRO_X,-1.094,GYRO_Y,-2.301,GYRO_Z,-0.233,BODY_RATE,0.233
TM,ADCS_MODE,MANUAL,ADCS_REFERENCE,SUN,TARGET,0.00,POINTING_ERROR,7.95,SUN_ERROR,8.22,MAG_ERROR,-121.98,GYRO_Z,0.003,RW_CMD,0
TM,EST_RAW,-8.22,EST_FILTERED,-8.22,EST_ANGLE,-7.95,EST_FILTER,ON,EST_FILTER_TYPE,MOVING_AVERAGE,EST_MA_WINDOW,1,EST_FILTER_STRENGTH,0.35
TM,EST_FUSION,ON,EST_GYRO_WEIGHT,0.98,EST_VALID,1
TM,SUN_L,3653,SUN_R,3698,SUN_NDV,-0.0061,SUN_ANGLE,-8.02
TM,MAG_X,-18.03,MAG_Y,28.88,MAG_Z,-10.35,MAG_HEADING,121.98
TM,GYRO_X,-1.173,GYRO_Y,-2.476,GYRO_Z,0.117,BODY_RATE,-0.117
TM,ADCS_MODE,MANUAL,ADCS_REFERENCE,SUN,TARGET,0.00,POINTING_ERROR,7.92,SUN_ERROR,7.86,MAG_ERROR,-121.96,GYRO_Z,-0.216,RW_CMD,0
TM,EST_RAW,-7.86,EST_FILTERED,-7.86,EST_ANGLE,-7.92,EST_FILTER,ON,EST_FILTER_TYPE,MOVING_AVERAGE,EST_MA_WINDOW,1,EST_FILTER_STRENGTH,0.35
TM,EST_FUSION,ON,EST_GYRO_WEIGHT,0.98,EST_VALID,1
TM,SUN_L,3654,SUN_R,3698,SUN_NDV,-0.0060,SUN_ANGLE,-7.75
TM,MAG_X,-17.98,MAG_Y,29.12,MAG_Z,-10.38,MAG_HEADING,121.70
TM,GYRO_X,-1.085,GYRO_Y,-2.109,GYRO_Z,0.099,BODY_RATE,-0.099
TM,SUN_L,3652,SUN_R,3700,SUN_NDV,-0.0065,SUN_ANGLE,-8.26
TM,MAG_X,-18.02,MAG_Y,29.18,MAG_Z,-10.21,MAG_HEADING,121.69
TM,GYRO_X,-0.980,GYRO_Y,-2.266,GYRO_Z,-0.023,BODY_RATE,0.023
TM,ADCS_MODE,MANUAL,ADCS_REFERENCE,SUN,TARGET,0.00,POINTING_ERROR,7.94,SUN_ERROR,8.26,MAG_ERROR,-121.69,GYRO_Z,0.099,RW_CMD,0
TM,EST_RAW,-8.26,EST_FILTERED,-8.26,EST_ANGLE,-7.94,EST_FILTER,ON,EST_FILTER_TYPE,MOVING_AVERAGE,EST_MA_WINDOW,1,EST_FILTER_STRENGTH,0.35
TM,EST_FUSION,ON,EST_GYRO_WEIGHT,0.98,EST_VALID,1
TM,SUN_L,3653,SUN_R,3701,SUN_NDV,-0.0065,SUN_ANGLE,-8.03
TM,MAG_X,-18.02,MAG_Y,29.07,MAG_Z,-10.50,MAG_HEADING,121.79
TM,GYRO_X,-0.936,GYRO_Y,-2.398,GYRO_Z,-0.015,BODY_RATE,0.015
TM,ADCS_MODE,MANUAL,ADCS_REFERENCE,SUN,TARGET,0.00,POINTING_ERROR,7.96,SUN_ERROR,7.88,MAG_ERROR,-121.69,GYRO_Z,-0.137,RW_CMD,0
TM,EST_RAW,-7.88,EST_FILTERED,-7.88,EST_ANGLE,-7.96,EST_FILTER,ON,EST_FILTER_TYPE,MOVING_AVERAGE,EST_MA_WINDOW,1,EST_FILTER_STRENGTH,0.35
TM,EST_FUSION,ON,EST_GYRO_WEIGHT,0.98,EST_VALID,1
TM,SUN_L,3652,SUN_R,3698,SUN_NDV,-0.0063,SUN_ANGLE,-7.88
TM,MAG_X,-18.02,MAG_Y,29.18,MAG_Z,-10.56,MAG_HEADING,121.69
TM,GYRO_X,-1.067,GYRO_Y,-2.249,GYRO_Z,-0.120,BODY_RATE,0.120
TM,ADCS_MODE,MANUAL,ADCS_REFERENCE,SUN,TARGET,0.00,POINTING_ERROR,7.98,SUN_ERROR,7.93,MAG_ERROR,-121.81,GYRO_Z,-0.356,RW_CMD,0
TM,EST_RAW,-7.93,EST_FILTERED,-7.93,EST_ANGLE,-7.98,EST_FILTER,ON,EST_FILTER_TYPE,MOVING_AVERAGE,EST_MA_WINDOW,1,EST_FILTER_STRENGTH,0.35
TM,EST_FUSION,ON,EST_GYRO_WEIGHT,0.98,EST_VALID,1
TM,SUN_L,3652,SUN_R,3699,SUN_NDV,-0.0064,SUN_ANGLE,-7.80
TM,MAG_X,-18.02,MAG_Y,29.28,MAG_Z,-10.69,MAG_HEADING,121.60
TM,GYRO_X,-0.770,GYRO_Y,-2.678,GYRO_Z,-0.330,BODY_RATE,0.330
TM,ADCS_MODE,MANUAL,ADCS_REFERENCE,SUN,TARGET,0.00,POINTING_ERROR,8.01,SUN_ERROR,8.29,MAG_ERROR,-121.81,GYRO_Z,-0.093,RW_CMD,0
TM,EST_RAW,-8.29,EST_FILTERED,-8.29,EST_ANGLE,-8.01,EST_FILTER,ON,EST_FILTER_TYPE,MOVING_AVERAGE,EST_MA_WINDOW,1,EST_FILTER_STRENGTH,0.35
TM,EST_FUSION,ON,EST_GYRO_WEIGHT,0.98,EST_VALID,1
TM,SUN_L,3654,SUN_R,3700,SUN_NDV,-0.0063,SUN_ANGLE,-8.29
TM,MAG_X,-18.14,MAG_Y,29.25,MAG_Z,-10.67,MAG_HEADING,121.81
TM,GYRO_X,-0.884,GYRO_Y,-2.485,GYRO_Z,-0.128,BODY_RATE,0.128
TM,SUN_L,3653,SUN_R,3699,SUN_NDV,-0.0063,SUN_ANGLE,-8.41
TM,MAG_X,-18.21,MAG_Y,29.26,MAG_Z,-10.50,MAG_HEADING,121.89
TM,GYRO_X,-1.138,GYRO_Y,-2.555,GYRO_Z,-0.032,BODY_RATE,0.032
TM,ADCS_MODE,MANUAL,ADCS_REFERENCE,SUN,TARGET,0.00,POINTING_ERROR,8.01,SUN_ERROR,8.41,MAG_ERROR,-121.89,GYRO_Z,-0.032,RW_CMD,0
TM,EST_RAW,-8.41,EST_FILTERED,-8.41,EST_ANGLE,-8.01,EST_FILTER,ON,EST_FILTER_TYPE,MOVING_AVERAGE,EST_MA_WINDOW,1,EST_FILTER_STRENGTH,0.35
TM,EST_FUSION,ON,EST_GYRO_WEIGHT,0.98,EST_VALID,1
TM,SUN_L,3651,SUN_R,3699,SUN_NDV,-0.0065,SUN_ANGLE,-8.30
TM,MAG_X,-18.05,MAG_Y,29.30,MAG_Z,-10.82,MAG_HEADING,121.64
TM,GYRO_X,-1.164,GYRO_Y,-2.135,GYRO_Z,0.152,BODY_RATE,-0.152
TM,ADCS_MODE,MANUAL,ADCS_REFERENCE,SUN,TARGET,0.00,POINTING_ERROR,8.03,SUN_ERROR,8.18,MAG_ERROR,-121.64,GYRO_Z,0.143,RW_CMD,0
TM,EST_RAW,-8.18,EST_FILTERED,-8.18,EST_ANGLE,-8.03,EST_FILTER,ON,EST_FILTER_TYPE,MOVING_AVERAGE,EST_MA_WINDOW,1,EST_FILTER_STRENGTH,0.35
TM,EST_FUSION,ON,EST_GYRO_WEIGHT,0.98,EST_VALID,1
TM,SUN_L,3653,SUN_R,3700,SUN_NDV,-0.0064,SUN_ANGLE,-7.53
TM,MAG_X,-17.92,MAG_Y,29.25,MAG_Z,-10.69,MAG_HEADING,121.50
TM,GYRO_X,-0.814,GYRO_Y,-2.572,GYRO_Z,-0.216,BODY_RATE,0.216
TM,ADCS_MODE,MANUAL,ADCS_REFERENCE,SUN,TARGET,0.00,POINTING_ERROR,8.01,SUN_ERROR,8.15,MAG_ERROR,-121.50,GYRO_Z,0.064,RW_CMD,0
TM,EST_RAW,-8.15,EST_FILTERED,-8.15,EST_ANGLE,-8.01,EST_FILTER,ON,EST_FILTER_TYPE,MOVING_AVERAGE,EST_MA_WINDOW,1,EST_FILTER_STRENGTH,0.35
TM,EST_FUSION,ON,EST_GYRO_WEIGHT,0.98,EST_VALID,1
TM,SUN_L,3654,SUN_R,3697,SUN_NDV,-0.0058,SUN_ANGLE,-7.82
TM,MAG_X,-18.03,MAG_Y,29.30,MAG_Z,-10.82,MAG_HEADING,121.61
TM,GYRO_X,-1.181,GYRO_Y,-2.100,GYRO_Z,0.055,BODY_RATE,-0.055
TM,ADCS_MODE,MANUAL,ADCS_REFERENCE,SUN,TARGET,0.00,POINTING_ERROR,7.98,SUN_ERROR,7.53,MAG_ERROR,-121.44,GYRO_Z,0.029,RW_CMD,0
TM,EST_RAW,-7.53,EST_FILTERED,-7.53,EST_ANGLE,-7.98,EST_FILTER,ON,EST_FILTER_TYPE,MOVING_AVERAGE,EST_MA_WINDOW,1,EST_FILTER_STRENGTH,0.35
TM,EST_FUSION,ON,EST_GYRO_WEIGHT,0.98,EST_VALID,1
TM,SUN_L,3654,SUN_R,3699,SUN_NDV,-0.0061,SUN_ANGLE,-8.03
TM,MAG_X,-18.00,MAG_Y,29.44,MAG_Z,-10.75,MAG_HEADING,121.44
TM,GYRO_X,-1.059,GYRO_Y,-2.152,GYRO_Z,-0.233,BODY_RATE,0.233
TM,SUN_L,3653,SUN_R,3700,SUN_NDV,-0.0064,SUN_ANGLE,-7.73
TM,MAG_X,-17.94,MAG_Y,29.55,MAG_Z,-10.53,MAG_HEADING,121.25
TM,GYRO_X,-0.919,GYRO_Y,-2.511,GYRO_Z,0.117,BODY_RATE,-0.117
TM,ADCS_MODE,MANUAL,ADCS_REFERENCE,SUN,TARGET,0.00,POINTING_ERROR,7.96,SUN_ERROR,7.73,MAG_ERROR,-121.25,GYRO_Z,0.117,RW_CMD,0
TM,EST_RAW,-7.73,EST_FILTERED,-7.73,EST_ANGLE,-7.96,EST_FILTER,ON,EST_FILTER_TYPE,MOVING_AVERAGE,EST_MA_WINDOW,1,EST_FILTER_STRENGTH,0.35
TM,EST_FUSION,ON,EST_GYRO_WEIGHT,0.98,EST_VALID,1
TM,SUN_L,3654,SUN_R,3698,SUN_NDV,-0.0060,SUN_ANGLE,-8.11
TM,MAG_X,-18.06,MAG_Y,29.47,MAG_Z,-10.88,MAG_HEADING,121.50
TM,GYRO_X,-0.849,GYRO_Y,-2.572,GYRO_Z,-0.067,BODY_RATE,0.067
TM,ADCS_MODE,MANUAL,ADCS_REFERENCE,SUN,TARGET,0.00,POINTING_ERROR,7.95,SUN_ERROR,7.66,MAG_ERROR,-121.50,GYRO_Z,0.047,RW_CMD,0
TM,EST_RAW,-7.66,EST_FILTERED,-7.66,EST_ANGLE,-7.95,EST_FILTER,ON,EST_FILTER_TYPE,MOVING_AVERAGE,EST_MA_WINDOW,1,EST_FILTER_STRENGTH,0.35
TM,EST_FUSION,ON,EST_GYRO_WEIGHT,0.98,EST_VALID,1
TM,SUN_L,3651,SUN_R,3698,SUN_NDV,-0.0064,SUN_ANGLE,-7.46
TM,MAG_X,-17.95,MAG_Y,29.50,MAG_Z,-10.80,MAG_HEADING,121.32
TM,GYRO_X,-1.015,GYRO_Y,-2.231,GYRO_Z,-0.128,BODY_RATE,0.128
TM,ADCS_MODE,MANUAL,ADCS_REFERENCE,SUN,TARGET,0.00,POINTING_ERROR,7.92,SUN_ERROR,8.27,MAG_ERROR,-121.47,GYRO_Z,-0.111,RW_CMD,0
TM,EST_RAW,-8.27,EST_FILTERED,-8.27,EST_ANGLE,-7.92,EST_FILTER,ON,EST_FILTER_TYPE,MOVING_AVERAGE,EST_MA_WINDOW,1,EST_FILTER_STRENGTH,0.35
TM,EST_FUSION,ON,EST_GYRO_WEIGHT,0.98,EST_VALID,1
TM,SUN_L,3654,SUN_R,3701,SUN_NDV,-0.0064,SUN_ANGLE,-7.94
TM,MAG_X,-17.97,MAG_Y,29.36,MAG_Z,-10.83,MAG_HEADING,121.47
TM,GYRO_X,-0.744,GYRO_Y,-2.634,GYRO_Z,-0.225,BODY_RATE,0.225
TM,ADCS_MODE,MANUAL,ADCS_REFERENCE,SUN,TARGET,0.00,POINTING_ERROR,7.91,SUN_ERROR,7.92,MAG_ERROR,-121.23,GYRO_Z,-0.093,RW_CMD,0
TM,EST_RAW,-7.92,EST_FILTERED,-7.92,EST_ANGLE,-7.91,EST_FILTER,ON,EST_FILTER_TYPE,MOVING_AVERAGE,EST_MA_WINDOW,1,EST_FILTER_STRENGTH,0.35
TM,EST_FUSION,ON,EST_GYRO_WEIGHT,0.98,EST_VALID,1
TM,SUN_L,3654,SUN_R,3697,SUN_NDV,-0.0058,SUN_ANGLE,-7.88
TM,MAG_X,-17.87,MAG_Y,29.63,MAG_Z,-10.93,MAG_HEADING,121.10
TM,GYRO_X,-0.936,GYRO_Y,-2.362,GYRO_Z,0.047,BODY_RATE,-0.047
TM,SUN_L,3652,SUN_R,3698,SUN_NDV,-0.0063,SUN_ANGLE,-7.74
TM,MAG_X,-17.97,MAG_Y,29.49,MAG_Z,-10.80,MAG_HEADING,121.36
TM,GYRO_X,-1.024,GYRO_Y,-2.170,GYRO_Z,-0.032,BODY_RATE,0.032
TM,ADCS_MODE,MANUAL,ADCS_REFERENCE,SUN,TARGET,0.00,POINTING_ERROR,7.93,SUN_ERROR,7.74,MAG_ERROR,-121.36,GYRO_Z,-0.032,RW_CMD,0
TM,EST_RAW,-7.74,EST_FILTERED,-7.74,EST_ANGLE,-7.93,EST_FILTER,ON,EST_FILTER_TYPE,MOVING_AVERAGE,EST_MA_WINDOW,1,EST_FILTER_STRENGTH,0.35
TM,EST_FUSION,ON,EST_GYRO_WEIGHT,0.98,EST_VALID,1
TM,SUN_L,3654,SUN_R,3699,SUN_NDV,-0.0061,SUN_ANGLE,-8.29
TM,MAG_X,-17.84,MAG_Y,29.50,MAG_Z,-10.85,MAG_HEADING,121.16
TM,GYRO_X,-0.840,GYRO_Y,-2.301,GYRO_Z,-0.120,BODY_RATE,0.120
TM,ADCS_MODE,MANUAL,ADCS_REFERENCE,SUN,TARGET,0.00,POINTING_ERROR,7.94,SUN_ERROR,7.92,MAG_ERROR,-121.26,GYRO_Z,0.029,RW_CMD,0
TM,EST_RAW,-7.92,EST_FILTERED,-7.92,EST_ANGLE,-7.94,EST_FILTER,ON,EST_FILTER_TYPE,MOVING_AVERAGE,EST_MA_WINDOW,1,EST_FILTER_STRENGTH,0.35
TM,EST_FUSION,ON,EST_GYRO_WEIGHT,0.98,EST_VALID,1
TM,SUN_L,3654,SUN_R,3698,SUN_NDV,-0.0060,SUN_ANGLE,-8.23
TM,MAG_X,-17.82,MAG_Y,29.52,MAG_Z,-11.04,MAG_HEADING,121.12
TM,GYRO_X,-0.998,GYRO_Y,-2.266,GYRO_Z,0.029,BODY_RATE,-0.029
TM,ADCS_MODE,MANUAL,ADCS_REFERENCE,SUN,TARGET,0.00,POINTING_ERROR,7.96,SUN_ERROR,7.83,MAG_ERROR,-121.12,GYRO_Z,0.169,RW_CMD,0
TM,EST_RAW,-7.83,EST_FILTERED,-7.83,EST_ANGLE,-7.96,EST_FILTER,ON,EST_FILTER_TYPE,MOVING_AVERAGE,EST_MA_WINDOW,1,EST_FILTER_STRENGTH,0.35
TM,EST_FUSION,ON,EST_GYRO_WEIGHT,0.98,EST_VALID,1
TM,SUN_L,3652,SUN_R,3698,SUN_NDV,-0.0063,SUN_ANGLE,-8.01
TM,MAG_X,-17.98,MAG_Y,29.39,MAG_Z,-10.78,MAG_HEADING,121.46
TM,GYRO_X,-0.936,GYRO_Y,-2.467,GYRO_Z,-0.181,BODY_RATE,0.181
TM,ADCS_MODE,MANUAL,ADCS_REFERENCE,SUN,TARGET,0.00,POINTING_ERROR,7.95,SUN_ERROR,8.15,MAG_ERROR,-121.35,GYRO_Z,0.003,RW_CMD,0
TM,EST_RAW,-8.15,EST_FILTERED,-8.15,EST_ANGLE,-7.95,EST_FILTER,ON,EST_FILTER_TYPE,MOVING_AVERAGE,EST_MA_WINDOW,1,EST_FILTER_STRENGTH,0.35
TM,EST_FUSION,ON,EST_GYRO_WEIGHT,0.98,EST_VALID,1
TM,SUN_L,3654,SUN_R,3700,SUN_NDV,-0.0063,SUN_ANGLE,-7.95
TM,MAG_X,-18.02,MAG_Y,29.57,MAG_Z,-10.91,MAG_HEADING,121.35
TM,GYRO_X,-0.892,GYRO_Y,-2.433,GYRO_Z,-0.006,BODY_RATE,0.006
TM,SUN_L,3653,SUN_R,3699,SUN_NDV,-0.0063,SUN_ANGLE,-8.36
TM,MAG_X,-18.00,MAG_Y,29.54,MAG_Z,-10.83,MAG_HEADING,121.36
TM,GYRO_X,-0.954,GYRO_Y,-2.415,GYRO_Z,0.108,BODY_RATE,-0.108
TM,ADCS_MODE,MANUAL,ADCS_REFERENCE,SUN,TARGET,0.00,POINTING_ERROR,7.94,SUN_ERROR,8.36,MAG_ERROR,-121.36,GYRO_Z,0.108,RW_CMD,0
TM,EST_RAW,-8.36,EST_FILTERED,-8.36,EST_ANGLE,-7.94,EST_FILTER,ON,EST_FILTER_TYPE,MOVING_AVERAGE,EST_MA_WINDOW,1,EST_FILTER_STRENGTH,0.35
TM,EST_FUSION,ON,EST_GYRO_WEIGHT,0.98,EST_VALID,1
TM,SUN_L,3653,SUN_R,3699,SUN_NDV,-0.0063,SUN_ANGLE,-8.08
TM,MAG_X,-17.98,MAG_Y,29.58,MAG_Z,-10.88,MAG_HEADING,121.30
TM,GYRO_X,-1.006,GYRO_Y,-2.284,GYRO_Z,-0.102,BODY_RATE,0.102
TM,ADCS_MODE,MANUAL,ADCS_REFERENCE,SUN,TARGET,0.00,POINTING_ERROR,7.94,SUN_ERROR,8.11,MAG_ERROR,-121.30,GYRO_Z,0.029,RW_CMD,0
TM,EST_RAW,-8.11,EST_FILTERED,-8.11,EST_ANGLE,-7.94,EST_FILTER,ON,EST_FILTER_TYPE,MOVING_AVERAGE,EST_MA_WINDOW,1,EST_FILTER_STRENGTH,0.35
TM,EST_FUSION,ON,EST_GYRO_WEIGHT,0.98,EST_VALID,1
TM,SUN_L,3654,SUN_R,3699,SUN_NDV,-0.0061,SUN_ANGLE,-7.84
TM,MAG_X,-17.97,MAG_Y,29.65,MAG_Z,-10.88,MAG_HEADING,121.22
TM,GYRO_X,-1.286,GYRO_Y,-2.275,GYRO_Z,-0.120,BODY_RATE,0.120
TM,ADCS_MODE,MANUAL,ADCS_REFERENCE,SUN,TARGET,0.00,POINTING_ERROR,7.94,SUN_ERROR,8.00,MAG_ERROR,-121.56,GYRO_Z,-0.067,RW_CMD,0
TM,EST_RAW,-8.00,EST_FILTERED,-8.00,EST_ANGLE,-7.94,EST_FILTER,ON,EST_FILTER_TYPE,MOVING_AVERAGE,EST_MA_WINDOW,1,EST_FILTER_STRENGTH,0.35
TM,EST_FUSION,ON,EST_GYRO_WEIGHT,0.98,EST_VALID,1
TM,SUN_L,3653,SUN_R,3699,SUN_NDV,-0.0063,SUN_ANGLE,-7.99
TM,MAG_X,-18.06,MAG_Y,29.41,MAG_Z,-11.04,MAG_HEADING,121.56
TM,GYRO_X,-0.910,GYRO_Y,-2.494,GYRO_Z,-0.006,BODY_RATE,0.006
TM,ADCS_MODE,MANUAL,ADCS_REFERENCE,SUN,TARGET,0.00,POINTING_ERROR,7.94,SUN_ERROR,7.81,MAG_ERROR,-121.24,GYRO_Z,-0.207,RW_CMD,0
TM,EST_RAW,-7.81,EST_FILTERED,-7.81,EST_ANGLE,-7.94,EST_FILTER,ON,EST_FILTER_TYPE,MOVING_AVERAGE,EST_MA_WINDOW,1,EST_FILTER_STRENGTH,0.35
TM,EST_FUSION,ON,EST_GYRO_WEIGHT,0.98,EST_VALID,1
TM,SUN_L,3653,SUN_R,3699,SUN_NDV,-0.0063,SUN_ANGLE,-8.03
TM,MAG_X,-17.89,MAG_Y,29.49,MAG_Z,-10.80,MAG_HEADING,121.24
TM,GYRO_X,-1.094,GYRO_Y,-2.354,GYRO_Z,-0.023,BODY_RATE,0.023
TM,SUN_L,3654,SUN_R,3699,SUN_NDV,-0.0061,SUN_ANGLE,-8.31
TM,MAG_X,-17.97,MAG_Y,29.39,MAG_Z,-10.77,MAG_HEADING,121.44
TM,GYRO_X,-0.980,GYRO_Y,-2.223,GYRO_Z,-0.190,BODY_RATE,0.190
TM,ADCS_MODE,MANUAL,ADCS_REFERENCE,SUN,TARGET,0.00,POINTING_ERROR,8.00,SUN_ERROR,8.10,MAG_ERROR,-121.44,GYRO_Z,-0.303,RW_CMD,0
TM,EST_RAW,-8.10,EST_FILTERED,-8.10,EST_ANGLE,-8.00,EST_FILTER,ON,EST_FILTER_TYPE,MOVING_AVERAGE,EST_MA_WINDOW,1,EST_FILTER_STRENGTH,0.35
TM,EST_FUSION,ON,EST_GYRO_WEIGHT,0.98,EST_VALID,1
TM,SUN_L,3655,SUN_R,3700,SUN_NDV,-0.0061,SUN_ANGLE,-8.15
TM,MAG_X,-17.90,MAG_Y,29.54,MAG_Z,-10.94,MAG_HEADING,121.22
TM,GYRO_X,-0.971,GYRO_Y,-2.284,GYRO_Z,0.178,BODY_RATE,-0.178
TM,ADCS_MODE,MANUAL,ADCS_REFERENCE,SUN,TARGET,0.00,POINTING_ERROR,7.99,SUN_ERROR,8.04,MAG_ERROR,-121.22,GYRO_Z,-0.172,RW_CMD,0
TM,EST_RAW,-8.04,EST_FILTERED,-8.04,EST_ANGLE,-7.99,EST_FILTER,ON,EST_FILTER_TYPE,MOVING_AVERAGE,EST_MA_WINDOW,1,EST_FILTER_STRENGTH,0.35
TM,EST_FUSION,ON,EST_GYRO_WEIGHT,0.98,EST_VALID,1
TM,SUN_L,3652,SUN_R,3698,SUN_NDV,-0.0063,SUN_ANGLE,-8.34
TM,MAG_X,-17.95,MAG_Y,29.62,MAG_Z,-11.22,MAG_HEADING,121.22
TM,GYRO_X,-0.954,GYRO_Y,-2.555,GYRO_Z,-0.190,BODY_RATE,0.190
TM,ADCS_MODE,MANUAL,ADCS_REFERENCE,SUN,TARGET,0.00,POINTING_ERROR,7.97,SUN_ERROR,7.92,MAG_ERROR,-121.23,GYRO_Z,0.073,RW_CMD,0
TM,EST_RAW,-7.92,EST_FILTERED,-7.92,EST_ANGLE,-7.97,EST_FILTER,ON,EST_FILTER_TYPE,MOVING_AVERAGE,EST_MA_WINDOW,1,EST_FILTER_STRENGTH,0.35
TM,EST_FUSION,ON,EST_GYRO_WEIGHT,0.98,EST_VALID,1
TM,SUN_L,3653,SUN_R,3700,SUN_NDV,-0.0064,SUN_ANGLE,-7.85
TM,MAG_X,-17.92,MAG_Y,29.55,MAG_Z,-10.98,MAG_HEADING,121.23
TM,GYRO_X,-0.936,GYRO_Y,-2.608,GYRO_Z,-0.155,BODY_RATE,0.155
TM,ADCS_MODE,MANUAL,ADCS_REFERENCE,SUN,TARGET,0.00,POINTING_ERROR,7.99,SUN_ERROR,8.19,MAG_ERROR,-121.12,GYRO_Z,0.222,RW_CMD,0
TM,EST_RAW,-8.19,EST_FILTERED,-8.19,EST_ANGLE,-7.99,EST_FILTER,ON,EST_FILTER_TYPE,MOVING_AVERAGE,EST_MA_WINDOW,1,EST_FILTER_STRENGTH,0.35
TM,EST_FUSION,ON,EST_GYRO_WEIGHT,0.98,EST_VALID,1
TM,SUN_L,3653,SUN_R,3700,SUN_NDV,-0.0064,SUN_ANGLE,-7.88
TM,MAG_X,-17.84,MAG_Y,29.55,MAG_Z,-10.93,MAG_HEADING,121.12
TM,GYRO_X,-1.347,GYRO_Y,-2.013,GYRO_Z,0.134,BODY_RATE,-0.134
TM,SUN_L,3653,SUN_R,3699,SUN_NDV,-0.0063,SUN_ANGLE,-7.86
TM,MAG_X,-17.95,MAG_Y,29.54,MAG_Z,-10.83,MAG_HEADING,121.29
TM,GYRO_X,-0.928,GYRO_Y,-2.266,GYRO_Z,-0.137,BODY_RATE,0.137
TM,ADCS_MODE,MANUAL,ADCS_REFERENCE,SUN,TARGET,0.00,POINTING_ERROR,7.98,SUN_ERROR,7.86,MAG_ERROR,-121.29,GYRO_Z,-0.137,RW_CMD,0
TM,EST_RAW,-7.86,EST_FILTERED,-7.86,EST_ANGLE,-7.98,EST_FILTER,ON,EST_FILTER_TYPE,MOVING_AVERAGE,EST_MA_WINDOW,1,EST_FILTER_STRENGTH,0.35
TM,EST_FUSION,ON,EST_GYRO_WEIGHT,0.98,EST_VALID,1
TM,SUN_L,3653,SUN_R,3697,SUN_NDV,-0.0060,SUN_ANGLE,-7.89
TM,MAG_X,-17.89,MAG_Y,29.57,MAG_Z,-11.36,MAG_HEADING,121.17
TM,GYRO_X,-1.067,GYRO_Y,-2.223,GYRO_Z,0.020,BODY_RATE,-0.020
TM,ADCS_MODE,MANUAL,ADCS_REFERENCE,SUN,TARGET,0.00,POINTING_ERROR,7.99,SUN_ERROR,8.07,MAG_ERROR,-121.33,GYRO_Z,0.047,RW_CMD,0
TM,EST_RAW,-8.07,EST_FILTERED,-8.07,EST_ANGLE,-7.99,EST_FILTER,ON,EST_FILTER_TYPE,MOVING_AVERAGE,EST_MA_WINDOW,1,EST_FILTER_STRENGTH,0.35
TM,EST_FUSION,ON,EST_GYRO_WEIGHT,0.98,EST_VALID,1
TM,SUN_L,3654,SUN_R,3698,SUN_NDV,-0.0060,SUN_ANGLE,-7.92
TM,MAG_X,-17.95,MAG_Y,29.54,MAG_Z,-11.04,MAG_HEADING,121.29
TM,GYRO_X,-0.980,GYRO_Y,-2.152,GYRO_Z,-0.067,BODY_RATE,0.067
TM,ADCS_MODE,MANUAL,ADCS_REFERENCE,SUN,TARGET,0.00,POINTING_ERROR,8.01,SUN_ERROR,8.01,MAG_ERROR,-121.29,GYRO_Z,-0.155,RW_CMD,0
TM,EST_RAW,-8.01,EST_FILTERED,-8.01,EST_ANGLE,-8.01,EST_FILTER,ON,EST_FILTER_TYPE,MOVING_AVERAGE,EST_MA_WINDOW,1,EST_FILTER_STRENGTH,0.35
TM,EST_FUSION,ON,EST_GYRO_WEIGHT,0.98,EST_VALID,1
TM,SUN_L,3653,SUN_R,3698,SUN_NDV,-0.0061,SUN_ANGLE,-8.32
TM,MAG_X,-17.90,MAG_Y,29.55,MAG_Z,-10.98,MAG_HEADING,121.21
TM,GYRO_X,-0.779,GYRO_Y,-2.362,GYRO_Z,-0.251,BODY_RATE,0.251
TM,ADCS_MODE,MANUAL,ADCS_REFERENCE,SUN,TARGET,0.00,POINTING_ERROR,8.01,SUN_ERROR,8.23,MAG_ERROR,-121.32,GYRO_Z,0.064,RW_CMD,0
TM,EST_RAW,-8.23,EST_FILTERED,-8.23,EST_ANGLE,-8.01,EST_FILTER,ON,EST_FILTER_TYPE,MOVING_AVERAGE,EST_MA_WINDOW,1,EST_FILTER_STRENGTH,0.35
TM,EST_FUSION,ON,EST_GYRO_WEIGHT,0.98,EST_VALID,1
TM,SUN_L,3653,SUN_R,3701,SUN_NDV,-0.0065,SUN_ANGLE,-7.87
TM,MAG_X,-17.94,MAG_Y,29.47,MAG_Z,-10.99,MAG_HEADING,121.32
TM,GYRO_X,-1.120,GYRO_Y,-2.126,GYRO_Z,-0.032,BODY_RATE,0.032
TM,SUN_L,3653,SUN_R,3700,SUN_NDV,-0.0064,SUN_ANGLE,-8.29
TM,MAG_X,-17.81,MAG_Y,29.65,MAG_Z,-10.85,MAG_HEADING,120.99
TM,GYRO_X,-1.111,GYRO_Y,-2.328,GYRO_Z,-0.102,BODY_RATE,0.102
TM,ADCS_MODE,MANUAL,ADCS_REFERENCE,SUN,TARGET,0.00,POINTING_ERROR,7.98,SUN_ERROR,8.29,MAG_ERROR,-120.99,GYRO_Z,-0.102,RW_CMD,0
TM,EST_RAW,-8.29,EST_FILTERED,-8.29,EST_ANGLE,-7.98,EST_FILTER,ON,EST_FILTER_TYPE,MOVING_AVERAGE,EST_MA_WINDOW,1,EST_FILTER_STRENGTH,0.35
TM,EST_FUSION,ON,EST_GYRO_WEIGHT,0.98,EST_VALID,1
TM,SUN_L,3654,SUN_R,3699,SUN_NDV,-0.0061,SUN_ANGLE,-8.24
TM,MAG_X,-17.92,MAG_Y,29.62,MAG_Z,-11.01,MAG_HEADING,121.18
TM,GYRO_X,-0.928,GYRO_Y,-2.371,GYRO_Z,-0.233,BODY_RATE,0.233
TM,ADCS_MODE,MANUAL,ADCS_REFERENCE,SUN,TARGET,0.00,POINTING_ERROR,8.00,SUN_ERROR,7.96,MAG_ERROR,-121.18,GYRO_Z,-0.093,RW_CMD,0
TM,EST_RAW,-7.96,EST_FILTERED,-7.96,EST_ANGLE,-8.00,EST_FILTER,ON,EST_FILTER_TYPE,MOVING_AVERAGE,EST_MA_WINDOW,1,EST_FILTER_STRENGTH,0.35
TM,EST_FUSION,ON,EST_GYRO_WEIGHT,0.98,EST_VALID,1
TM,SUN_L,3654,SUN_R,3699,SUN_NDV,-0.0061,SUN_ANGLE,-8.43
TM,MAG_X,-17.86,MAG_Y,29.52,MAG_Z,-11.18,MAG_HEADING,121.17
TM,GYRO_X,-0.796,GYRO_Y,-2.494,GYRO_Z,0.257,BODY_RATE,-0.257
TM,ADCS_MODE,MANUAL,ADCS_REFERENCE,SUN,TARGET,0.00,POINTING_ERROR,8.03,SUN_ERROR,8.04,MAG_ERROR,-121.15,GYRO_Z,-0.023,RW_CMD,0
TM,EST_RAW,-8.04,EST_FILTERED,-8.04,EST_ANGLE,-8.03,EST_FILTER,ON,EST_FILTER_TYPE,MOVING_AVERAGE,EST_MA_WINDOW,1,EST_FILTER_STRENGTH,0.35
TM,EST_FUSION,ON,EST_GYRO_WEIGHT,0.98,EST_VALID,1
TM,SUN_L,3653,SUN_R,3699,SUN_NDV,-0.0063,SUN_ANGLE,-8.09
TM,MAG_X,-17.87,MAG_Y,29.57,MAG_Z,-11.04,MAG_HEADING,121.15
TM,GYRO_X,-0.831,GYRO_Y,-2.511,GYRO_Z,0.064,BODY_RATE,-0.064
TM,ADCS_MODE,MANUAL,ADCS_REFERENCE,SUN,TARGET,0.00,POINTING_ERROR,8.00,SUN_ERROR,8.06,MAG_ERROR,-121.24,GYRO_Z,-0.128,RW_CMD,0
TM,EST_RAW,-8.06,EST_FILTERED,-8.06,EST_ANGLE,-8.00,EST_FILTER,ON,EST_FILTER_TYPE,MOVING_AVERAGE,EST_MA_WINDOW,1,EST_FILTER_STRENGTH,0.35
TM,EST_FUSION,ON,EST_GYRO_WEIGHT,0.98,EST_VALID,1
TM,SUN_L,3655,SUN_R,3699,SUN_NDV,-0.0060,SUN_ANGLE,-8.31
TM,MAG_X,-18.02,MAG_Y,29.54,MAG_Z,-10.96,MAG_HEADING,121.38
TM,GYRO_X,-0.910,GYRO_Y,-2.529,GYRO_Z,-0.181,BODY_RATE,0.181
TM,SUN_L,3653,SUN_R,3699,SUN_NDV,-0.0063,SUN_ANGLE,-8.18
TM,MAG_X,-17.98,MAG_Y,29.65,MAG_Z,-10.91,MAG_HEADING,121.24
TM,GYRO_X,-0.840,GYRO_Y,-2.336,GYRO_Z,-0.163,BODY_RATE,0.163
TM,ADCS_MODE,MANUAL,ADCS_REFERENCE,SUN,TARGET,0.00,POINTING_ERROR,8.01,SUN_ERROR,8.18,MAG_ERROR,-121.24,GYRO_Z,-0.163,RW_CMD,0
TM,EST_RAW,-8.18,EST_FILTERED,-8.18,EST_ANGLE,-8.01,EST_FILTER,ON,EST_FILTER_TYPE,MOVING_AVERAGE,EST_MA_WINDOW,1,EST_FILTER_STRENGTH,0.35
TM,EST_FUSION,ON,EST_GYRO_WEIGHT,0.98,EST_VALID,1
TM,SUN_L,3655,SUN_R,3701,SUN_NDV,-0.0063,SUN_ANGLE,-7.99
TM,MAG_X,-17.86,MAG_Y,29.65,MAG_Z,-11.04,MAG_HEADING,121.06
TM,GYRO_X,-1.146,GYRO_Y,-2.231,GYRO_Z,-0.662,BODY_RATE,0.662
TM,ADCS_MODE,MANUAL,ADCS_REFERENCE,SUN,TARGET,0.00,POINTING_ERROR,7.94,SUN_ERROR,7.95,MAG_ERROR,-121.21,GYRO_Z,-1.213,RW_CMD,0
TM,EST_RAW,-7.95,EST_FILTERED,-7.95,EST_ANGLE,-7.94,EST_FILTER,ON,EST_FILTER_TYPE,MOVING_AVERAGE,EST_MA_WINDOW,1,EST_FILTER_STRENGTH,0.35
TM,EST_FUSION,ON,EST_GYRO_WEIGHT,0.98,EST_VALID,1
TM,SUN_L,3653,SUN_R,3697,SUN_NDV,-0.0060,SUN_ANGLE,-7.69
TM,MAG_X,-17.87,MAG_Y,29.50,MAG_Z,-10.94,MAG_HEADING,121.21
TM,GYRO_X,-0.814,GYRO_Y,-2.371,GYRO_Z,-0.706,BODY_RATE,0.706
TM,ADCS_MODE,MANUAL,ADCS_REFERENCE,SUN,TARGET,0.00,POINTING_ERROR,7.58,SUN_ERROR,6.97,MAG_ERROR,-121.65,GYRO_Z,-2.386,RW_CMD,0
TM,EST_RAW,-6.97,EST_FILTERED,-6.97,EST_ANGLE,-7.58,EST_FILTER,ON,EST_FILTER_TYPE,MOVING_AVERAGE,EST_MA_WINDOW,1,EST_FILTER_STRENGTH,0.35
TM,EST_FUSION,ON,EST_GYRO_WEIGHT,0.98,EST_VALID,1
TM,SUN_L,3656,SUN_R,3698,SUN_NDV,-0.0057,SUN_ANGLE,-7.00
TM,MAG_X,-17.97,MAG_Y,29.20,MAG_Z,-10.96,MAG_HEADING,121.61
TM,GYRO_X,-1.006,GYRO_Y,-2.293,GYRO_Z,-2.150,BODY_RATE,2.150
TM,ADCS_MODE,MANUAL,ADCS_REFERENCE,SUN,TARGET,0.00,POINTING_ERROR,7.06,SUN_ERROR,6.50,MAG_ERROR,-121.78,GYRO_Z,-1.135,RW_CMD,0
TM,EST_RAW,-6.50,EST_FILTERED,-6.50,EST_ANGLE,-7.06,EST_FILTER,ON,EST_FILTER_TYPE,MOVING_AVERAGE,EST_MA_WINDOW,1,EST_FILTER_STRENGTH,0.35
TM,EST_FUSION,ON,EST_GYRO_WEIGHT,0.98,EST_VALID,1
TM,SUN_L,3659,SUN_R,3698,SUN_NDV,-0.0053,SUN_ANGLE,-6.52
TM,MAG_X,-18.05,MAG_Y,29.14,MAG_Z,-11.22,MAG_HEADING,121.78
TM,GYRO_X,-0.499,GYRO_Y,-2.240,GYRO_Z,-1.747,BODY_RATE,1.747
TM,SUN_L,3658,SUN_R,3697,SUN_NDV,-0.0053,SUN_ANGLE,-7.06
TM,MAG_X,-18.02,MAG_Y,28.96,MAG_Z,-11.06,MAG_HEADING,121.89
TM,GYRO_X,-1.785,GYRO_Y,-2.467,GYRO_Z,2.558,BODY_RATE,-2.558
TM,ADCS_MODE,MANUAL,ADCS_REFERENCE,SUN,TARGET,0.00,POINTING_ERROR,6.92,SUN_ERROR,7.06,MAG_ERROR,-121.89,GYRO_Z,2.558,RW_CMD,0
TM,EST_RAW,-7.06,EST_FILTERED,-7.06,EST_ANGLE,-6.92,EST_FILTER,ON,EST_FILTER_TYPE,MOVING_AVERAGE,EST_MA_WINDOW,1,EST_FILTER_STRENGTH,0.35
TM,EST_FUSION,ON,EST_GYRO_WEIGHT,0.98,EST_VALID,1
TM,SUN_L,3648,SUN_R,3701,SUN_NDV,-0.0072,SUN_ANGLE,-9.43
TM,MAG_X,-17.74,MAG_Y,30.00,MAG_Z,-10.86,MAG_HEADING,120.60
TM,GYRO_X,-2.047,GYRO_Y,-2.240,GYRO_Z,3.940,BODY_RATE,-3.940
TM,ADCS_MODE,MANUAL,ADCS_REFERENCE,SUN,TARGET,0.00,POINTING_ERROR,8.53,SUN_ERROR,9.27,MAG_ERROR,-120.60,GYRO_Z,2.689,RW_CMD,0
TM,EST_RAW,-9.27,EST_FILTERED,-9.27,EST_ANGLE,-8.53,EST_FILTER,ON,EST_FILTER_TYPE,MOVING_AVERAGE,EST_MA_WINDOW,1,EST_FILTER_STRENGTH,0.35
TM,EST_FUSION,ON,EST_GYRO_WEIGHT,0.98,EST_VALID,1
TM,SUN_L,3644,SUN_R,3701,SUN_NDV,-0.0078,SUN_ANGLE,-10.20
TM,MAG_X,-17.71,MAG_Y,30.34,MAG_Z,-10.78,MAG_HEADING,120.28
TM,GYRO_X,-2.004,GYRO_Y,-2.398,GYRO_Z,2.479,BODY_RATE,-2.479
TM,ADCS_MODE,MANUAL,ADCS_REFERENCE,SUN,TARGET,0.00,POINTING_ERROR,9.17,SUN_ERROR,10.31,MAG_ERROR,-120.28,GYRO_Z,-1.257,RW_CMD,0
TM,EST_RAW,-10.31,EST_FILTERED,-10.31,EST_ANGLE,-9.17,EST_FILTER,ON,EST_FILTER_TYPE,MOVING_AVERAGE,EST_MA_WINDOW,1,EST_FILTER_STRENGTH,0.35
TM,EST_FUSION,ON,EST_GYRO_WEIGHT,0.98,EST_VALID,1
TM,SUN_L,3644,SUN_R,3701,SUN_NDV,-0.0078,SUN_ANGLE,-10.23
TM,MAG_X,-17.81,MAG_Y,30.37,MAG_Z,-10.80,MAG_HEADING,120.39
TM,GYRO_X,-0.569,GYRO_Y,-2.257,GYRO_Z,-4.530,BODY_RATE,4.530
TM,ADCS_MODE,MANUAL,ADCS_REFERENCE,SUN,TARGET,0.00,POINTING_ERROR,8.38,SUN_ERROR,8.58,MAG_ERROR,-120.99,GYRO_Z,-3.156,RW_CMD,0
TM,EST_RAW,-8.58,EST_FILTERED,-8.58,EST_ANGLE,-8.38,EST_FILTER,ON,EST_FILTER_TYPE,MOVING_AVERAGE,EST_MA_WINDOW,1,EST_FILTER_STRENGTH,0.35
TM,EST_FUSION,ON,EST_GYRO_WEIGHT,0.98,EST_VALID,1
TM,SUN_L,3652,SUN_R,3700,SUN_NDV,-0.0065,SUN_ANGLE,-7.96
TM,MAG_X,-17.95,MAG_Y,29.89,MAG_Z,-10.85,MAG_HEADING,120.99
TM,GYRO_X,-0.752,GYRO_Y,-2.783,GYRO_Z,-1.353,BODY_RATE,1.353
TM,SUN_L,3655,SUN_R,3698,SUN_NDV,-0.0058,SUN_ANGLE,-7.61
TM,MAG_X,-18.06,MAG_Y,29.52,MAG_Z,-10.75,MAG_HEADING,121.46
TM,GYRO_X,-1.286,GYRO_Y,-2.354,GYRO_Z,-0.146,BODY_RATE,0.146
TM,ADCS_MODE,MANUAL,ADCS_REFERENCE,SUN,TARGET,0.00,POINTING_ERROR,8.14,SUN_ERROR,7.61,MAG_ERROR,-121.46,GYRO_Z,-0.146,RW_CMD,0
TM,EST_RAW,-7.61,EST_FILTERED,-7.61,EST_ANGLE,-8.14,EST_FILTER,ON,EST_FILTER_TYPE,MOVING_AVERAGE,EST_MA_WINDOW,1,EST_FILTER_STRENGTH,0.35
TM,EST_FUSION,ON,EST_GYRO_WEIGHT,0.98,EST_VALID,1
TM,SUN_L,3651,SUN_R,3699,SUN_NDV,-0.0065,SUN_ANGLE,-8.90
TM,MAG_X,-17.92,MAG_Y,29.54,MAG_Z,-10.82,MAG_HEADING,121.25
TM,GYRO_X,-1.304,GYRO_Y,-1.995,GYRO_Z,1.254,BODY_RATE,-1.254
TM,ADCS_MODE,MANUAL,ADCS_REFERENCE,SUN,TARGET,0.00,POINTING_ERROR,8.61,SUN_ERROR,8.88,MAG_ERROR,-121.25,GYRO_Z,2.050,RW_CMD,0
TM,EST_RAW,-8.88,EST_FILTERED,-8.88,EST_ANGLE,-8.61,EST_FILTER,ON,EST_FILTER_TYPE,MOVING_AVERAGE,EST_MA_WINDOW,1,EST_FILTER_STRENGTH,0.35
TM,EST_FUSION,ON,EST_GYRO_WEIGHT,0.98,EST_VALID,1
TM,SUN_L,3646,SUN_R,3700,SUN_NDV,-0.0074,SUN_ANGLE,-9.54
TM,MAG_X,-17.94,MAG_Y,29.86,MAG_Z,-10.74,MAG_HEADING,121.00
TM,GYRO_X,-0.962,GYRO_Y,-2.179,GYRO_Z,-0.321,BODY_RATE,0.321
TM,ADCS_MODE,MANUAL,ADCS_REFERENCE,SUN,TARGET,0.00,POINTING_ERROR,8.77,SUN_ERROR,9.17,MAG_ERROR,-120.94,GYRO_Z,-0.303,RW_CMD,0
TM,EST_RAW,-9.17,EST_FILTERED,-9.17,EST_ANGLE,-8.77,EST_FILTER,ON,EST_FILTER_TYPE,MOVING_AVERAGE,EST_MA_WINDOW,1,EST_FILTER_STRENGTH,0.35
TM,EST_FUSION,ON,EST_GYRO_WEIGHT,0.98,EST_VALID,1
TM,SUN_L,3647,SUN_R,3699,SUN_NDV,-0.0071,SUN_ANGLE,-9.36
TM,MAG_X,-17.86,MAG_Y,29.79,MAG_Z,-10.66,MAG_HEADING,120.94
TM,GYRO_X,-0.866,GYRO_Y,-2.135,GYRO_Z,-0.137,BODY_RATE,0.137
TM,ADCS_MODE,MANUAL,ADCS_REFERENCE,SUN,TARGET,0.00,POINTING_ERROR,8.88,SUN_ERROR,9.61,MAG_ERROR,-121.11,GYRO_Z,0.125,RW_CMD,0
TM,EST_RAW,-9.61,EST_FILTERED,-9.61,EST_ANGLE,-8.88,EST_FILTER,ON,EST_FILTER_TYPE,MOVING_AVERAGE,EST_MA_WINDOW,1,EST_FILTER_STRENGTH,0.35
TM,EST_FUSION,ON,EST_GYRO_WEIGHT,0.98,EST_VALID,1
TM,SUN_L,3647,SUN_R,3701,SUN_NDV,-0.0073,SUN_ANGLE,-9.26
TM,MAG_X,-18.22,MAG_Y,29.42,MAG_Z,-10.67,MAG_HEADING,121.77
TM,GYRO_X,-1.067,GYRO_Y,-2.301,GYRO_Z,-0.015,BODY_RATE,0.015
TM,SUN_L,3649,SUN_R,3701,SUN_NDV,-0.0071,SUN_ANGLE,-9.44
TM,MAG_X,-18.13,MAG_Y,29.50,MAG_Z,-10.48,MAG_HEADING,121.57
TM,GYRO_X,-0.866,GYRO_Y,-2.336,GYRO_Z,-0.120,BODY_RATE,0.120
TM,ADCS_MODE,MANUAL,ADCS_REFERENCE,SUN,TARGET,0.00,POINTING_ERROR,8.98,SUN_ERROR,9.44,MAG_ERROR,-121.57,GYRO_Z,-0.120,RW_CMD,0
TM,EST_RAW,-9.44,EST_FILTERED,-9.44,EST_ANGLE,-8.98,EST_FILTER,ON,EST_FILTER_TYPE,MOVING_AVERAGE,EST_MA_WINDOW,1,EST_FILTER_STRENGTH,0.35
TM,EST_FUSION,ON,EST_GYRO_WEIGHT,0.98,EST_VALID,1
TM,SUN_L,3647,SUN_R,3700,SUN_NDV,-0.0072,SUN_ANGLE,-9.43
TM,MAG_X,-18.00,MAG_Y,29.58,MAG_Z,-10.56,MAG_HEADING,121.32
TM,GYRO_X,-0.980,GYRO_Y,-2.380,GYRO_Z,0.090,BODY_RATE,-0.090
TM,ADCS_MODE,MANUAL,ADCS_REFERENCE,SUN,TARGET,0.00,POINTING_ERROR,9.07,SUN_ERROR,9.12,MAG_ERROR,-121.37,GYRO_Z,-0.207,RW_CMD,0
TM,EST_RAW,-9.12,EST_FILTERED,-9.12,EST_ANGLE,-9.07,EST_FILTER,ON,EST_FILTER_TYPE,MOVING_AVERAGE,EST_MA_WINDOW,1,EST_FILTER_STRENGTH,0.35
TM,EST_FUSION,ON,EST_GYRO_WEIGHT,0.98,EST_VALID,1
TM,SUN_L,3647,SUN_R,3699,SUN_NDV,-0.0071,SUN_ANGLE,-9.44
TM,MAG_X,-17.98,MAG_Y,29.55,MAG_Z,-10.46,MAG_HEADING,121.32
TM,GYRO_X,-0.805,GYRO_Y,-2.380,GYRO_Z,-0.102,BODY_RATE,0.102
TM,ADCS_MODE,MANUAL,ADCS_REFERENCE,SUN,TARGET,0.00,POINTING_ERROR,9.12,SUN_ERROR,9.73,MAG_ERROR,-121.32,GYRO_Z,0.029,RW_CMD,0
TM,EST_RAW,-9.73,EST_FILTERED,-9.73,EST_ANGLE,-9.12,EST_FILTER,ON,EST_FILTER_TYPE,MOVING_AVERAGE,EST_MA_WINDOW,1,EST_FILTER_STRENGTH,0.35
TM,EST_FUSION,ON,EST_GYRO_WEIGHT,0.98,EST_VALID,1
TM,SUN_L,3646,SUN_R,3700,SUN_NDV,-0.0074,SUN_ANGLE,-9.17
TM,MAG_X,-18.08,MAG_Y,29.58,MAG_Z,-10.45,MAG_HEADING,121.43
TM,GYRO_X,-1.041,GYRO_Y,-2.354,GYRO_Z,-0.225,BODY_RATE,0.225
TM,ADCS_MODE,MANUAL,ADCS_REFERENCE,SUN,TARGET,0.00,POINTING_ERROR,9.20,SUN_ERROR,9.78,MAG_ERROR,-121.37,GYRO_Z,-0.111,RW_CMD,0
TM,EST_RAW,-9.78,EST_FILTERED,-9.78,EST_ANGLE,-9.20,EST_FILTER,ON,EST_FILTER_TYPE,MOVING_AVERAGE,EST_MA_WINDOW,1,EST_FILTER_STRENGTH,0.35
TM,EST_FUSION,ON,EST_GYRO_WEIGHT,0.98,EST_VALID,1
TM,SUN_L,3650,SUN_R,3700,SUN_NDV,-0.0068,SUN_ANGLE,-9.46
TM,MAG_X,-17.89,MAG_Y,29.34,MAG_Z,-10.42,MAG_HEADING,121.37
TM,GYRO_X,-0.840,GYRO_Y,-2.555,GYRO_Z,0.003,BODY_RATE,-0.003
TM,SUN_L,3648,SUN_R,3699,SUN_NDV,-0.0069,SUN_ANGLE,-9.22
TM,MAG_X,-18.11,MAG_Y,29.46,MAG_Z,-10.37,MAG_HEADING,121.59
TM,GYRO_X,-0.752,GYRO_Y,-2.529,GYRO_Z,-0.181,BODY_RATE,0.181
TM,ADCS_MODE,MANUAL,ADCS_REFERENCE,SUN,TARGET,0.00,POINTING_ERROR,9.23,SUN_ERROR,9.22,MAG_ERROR,-121.59,GYRO_Z,-0.181,RW_CMD,0
TM,EST_RAW,-9.22,EST_FILTERED,-9.22,EST_ANGLE,-9.23,EST_FILTER,ON,EST_FILTER_TYPE,MOVING_AVERAGE,EST_MA_WINDOW,1,EST_FILTER_STRENGTH,0.35
TM,EST_FUSION,ON,EST_GYRO_WEIGHT,0.98,EST_VALID,1
TM,SUN_L,3647,SUN_R,3699,SUN_NDV,-0.0071,SUN_ANGLE,-9.35
TM,MAG_X,-17.97,MAG_Y,29.36,MAG_Z,-10.40,MAG_HEADING,121.47
TM,GYRO_X,-0.945,GYRO_Y,-2.389,GYRO_Z,-0.128,BODY_RATE,0.128
TM,ADCS_MODE,MANUAL,ADCS_REFERENCE,SUN,TARGET,0.00,POINTING_ERROR,9.27,SUN_ERROR,9.21,MAG_ERROR,-121.47,GYRO_Z,0.152,RW_CMD,0
TM,EST_RAW,-9.21,EST_FILTERED,-9.21,EST_ANGLE,-9.27,EST_FILTER,ON,EST_FILTER_TYPE,MOVING_AVERAGE,EST_MA_WINDOW,1,EST_FILTER_STRENGTH,0.35
TM,EST_FUSION,ON,EST_GYRO_WEIGHT,0.98,EST_VALID,1
TM,SUN_L,3649,SUN_R,3699,SUN_NDV,-0.0068,SUN_ANGLE,-9.09
TM,MAG_X,-18.00,MAG_Y,29.25,MAG_Z,-10.30,MAG_HEADING,121.61
TM,GYRO_X,-0.954,GYRO_Y,-2.494,GYRO_Z,-0.111,BODY_RATE,0.111
TM,ADCS_MODE,MANUAL,ADCS_REFERENCE,SUN,TARGET,0.00,POINTING_ERROR,9.26,SUN_ERROR,9.42,MAG_ERROR,-121.53,GYRO_Z,-0.330,RW_CMD,0
TM,EST_RAW,-9.42,EST_FILTERED,-9.42,EST_ANGLE,-9.26,EST_FILTER,ON,EST_FILTER_TYPE,MOVING_AVERAGE,EST_MA_WINDOW,1,EST_FILTER_STRENGTH,0.35
TM,EST_FUSION,ON,EST_GYRO_WEIGHT,0.98,EST_VALID,1
TM,SUN_L,3648,SUN_R,3698,SUN_NDV,-0.0068,SUN_ANGLE,-9.38
TM,MAG_X,-17.95,MAG_Y,29.26,MAG_Z,-10.19,MAG_HEADING,121.53
TM,GYRO_X,-1.304,GYRO_Y,-2.319,GYRO_Z,-0.102,BODY_RATE,0.102
TM,ADCS_MODE,MANUAL,ADCS_REFERENCE,SUN,TARGET,0.00,POINTING_ERROR,9.22,SUN_ERROR,8.68,MAG_ERROR,-121.61,GYRO_Z,0.055,RW_CMD,0
TM,EST_RAW,-8.68,EST_FILTERED,-8.68,EST_ANGLE,-9.22,EST_FILTER,ON,EST_FILTER_TYPE,MOVING_AVERAGE,EST_MA_WINDOW,1,EST_FILTER_STRENGTH,0.35
TM,EST_FUSION,ON,EST_GYRO_WEIGHT,0.98,EST_VALID,1
TM,SUN_L,3647,SUN_R,3699,SUN_NDV,-0.0071,SUN_ANGLE,-9.63
TM,MAG_X,-18.40,MAG_Y,29.12,MAG_Z,-10.19,MAG_HEADING,122.29
TM,GYRO_X,-0.980,GYRO_Y,-2.503,GYRO_Z,-0.120,BODY_RATE,0.120
TM,SUN_L,3649,SUN_R,3701,SUN_NDV,-0.0071,SUN_ANGLE,-9.34
TM,MAG_X,-18.13,MAG_Y,29.34,MAG_Z,-10.06,MAG_HEADING,121.71
TM,GYRO_X,-1.006,GYRO_Y,-2.371,GYRO_Z,-0.128,BODY_RATE,0.128
TM,ADCS_MODE,MANUAL,ADCS_REFERENCE,SUN,TARGET,0.00,POINTING_ERROR,9.20,SUN_ERROR,9.34,MAG_ERROR,-121.71,GYRO_Z,-0.128,RW_CMD,0
TM,EST_RAW,-9.34,EST_FILTERED,-9.34,EST_ANGLE,-9.20,EST_FILTER,ON,EST_FILTER_TYPE,MOVING_AVERAGE,EST_MA_WINDOW,1,EST_FILTER_STRENGTH,0.35
TM,EST_FUSION,ON,EST_GYRO_WEIGHT,0.98,EST_VALID,1
TM,SUN_L,3650,SUN_R,3698,SUN_NDV,-0.0065,SUN_ANGLE,-9.22
TM,MAG_X,-18.18,MAG_Y,29.25,MAG_Z,-10.42,MAG_HEADING,121.86
TM,GYRO_X,-1.076,GYRO_Y,-2.345,GYRO_Z,-0.102,BODY_RATE,0.102
TM,ADCS_MODE,MANUAL,ADCS_REFERENCE,SUN,TARGET,0.00,POINTING_ERROR,9.22,SUN_ERROR,9.04,MAG_ERROR,-121.86,GYRO_Z,-0.093,RW_CMD,0
TM,EST_RAW,-9.04,EST_FILTERED,-9.04,EST_ANGLE,-9.22,EST_FILTER,ON,EST_FILTER_TYPE,MOVING_AVERAGE,EST_MA_WINDOW,1,EST_FILTER_STRENGTH,0.35
TM,EST_FUSION,ON,EST_GYRO_WEIGHT,0.98,EST_VALID,1
TM,SUN_L,3648,SUN_R,3699,SUN_NDV,-0.0069,SUN_ANGLE,-9.39
TM,MAG_X,-18.11,MAG_Y,29.14,MAG_Z,-10.16,MAG_HEADING,121.87
TM,GYRO_X,-1.033,GYRO_Y,-2.362,GYRO_Z,-0.155,BODY_RATE,0.155
TM,ADCS_MODE,MANUAL,ADCS_REFERENCE,SUN,TARGET,0.00,POINTING_ERROR,9.21,SUN_ERROR,9.31,MAG_ERROR,-121.64,GYRO_Z,-0.102,RW_CMD,0
TM,EST_RAW,-9.31,EST_FILTERED,-9.31,EST_ANGLE,-9.21,EST_FILTER,ON,EST_FILTER_TYPE,MOVING_AVERAGE,EST_MA_WINDOW,1,EST_FILTER_STRENGTH,0.35
TM,EST_FUSION,ON,EST_GYRO_WEIGHT,0.98,EST_VALID,1
TM,SUN_L,3646,SUN_R,3699,SUN_NDV,-0.0072,SUN_ANGLE,-9.57
TM,MAG_X,-18.10,MAG_Y,29.18,MAG_Z,-10.03,MAG_HEADING,121.80
TM,GYRO_X,-0.928,GYRO_Y,-2.362,GYRO_Z,-0.198,BODY_RATE,0.198
TM,ADCS_MODE,MANUAL,ADCS_REFERENCE,SUN,TARGET,0.00,POINTING_ERROR,9.22,SUN_ERROR,9.34,MAG_ERROR,-121.69,GYRO_Z,-0.155,RW_CMD,0
TM,EST_RAW,-9.34,EST_FILTERED,-9.34,EST_ANGLE,-9.22,EST_FILTER,ON,EST_FILTER_TYPE,MOVING_AVERAGE,EST_MA_WINDOW,1,EST_FILTER_STRENGTH,0.35
TM,EST_FUSION,ON,EST_GYRO_WEIGHT,0.98,EST_VALID,1
TM,SUN_L,3651,SUN_R,3700,SUN_NDV,-0.0067,SUN_ANGLE,-9.25
TM,MAG_X,-18.02,MAG_Y,29.18,MAG_Z,-10.13,MAG_HEADING,121.69
TM,GYRO_X,-0.910,GYRO_Y,-2.459,GYRO_Z,-0.006,BODY_RATE,0.006
TM,SUN_L,3648,SUN_R,3698,SUN_NDV,-0.0068,SUN_ANGLE,-9.40
TM,MAG_X,-18.14,MAG_Y,29.23,MAG_Z,-10.02,MAG_HEADING,121.83
TM,GYRO_X,-1.076,GYRO_Y,-2.678,GYRO_Z,-0.041,BODY_RATE,0.041
TM,ADCS_MODE,MANUAL,ADCS_REFERENCE,SUN,TARGET,0.00,POINTING_ERROR,9.23,SUN_ERROR,9.50,MAG_ERROR,-121.83,GYRO_Z,-0.006,RW_CMD,0
TM,EST_RAW,-9.50,EST_FILTERED,-9.50,EST_ANGLE,-9.23,EST_FILTER,ON,EST_FILTER_TYPE,MOVING_AVERAGE,EST_MA_WINDOW,1,EST_FILTER_STRENGTH,0.35
TM,EST_FUSION,ON,EST_GYRO_WEIGHT,0.98,EST_VALID,1
TM,SUN_L,3648,SUN_R,3698,SUN_NDV,-0.0068,SUN_ANGLE,-9.02
TM,MAG_X,-18.14,MAG_Y,29.22,MAG_Z,-10.14,MAG_HEADING,121.84
TM,GYRO_X,-1.041,GYRO_Y,-2.354,GYRO_Z,-0.111,BODY_RATE,0.111
TM,ADCS_MODE,MANUAL,ADCS_REFERENCE,SUN,TARGET,0.00,POINTING_ERROR,9.21,SUN_ERROR,9.35,MAG_ERROR,-121.62,GYRO_Z,-0.251,RW_CMD,0
TM,EST_RAW,-9.35,EST_FILTERED,-9.35,EST_ANGLE,-9.21,EST_FILTER,ON,EST_FILTER_TYPE,MOVING_AVERAGE,EST_MA_WINDOW,1,EST_FILTER_STRENGTH,0.35
TM,EST_FUSION,ON,EST_GYRO_WEIGHT,0.98,EST_VALID,1
TM,SUN_L,3649,SUN_R,3700,SUN_NDV,-0.0069,SUN_ANGLE,-9.01
TM,MAG_X,-17.94,MAG_Y,29.39,MAG_Z,-10.30,MAG_HEADING,121.39
TM,GYRO_X,-0.998,GYRO_Y,-2.179,GYRO_Z,-0.128,BODY_RATE,0.128
TM,ADCS_MODE,MANUAL,ADCS_REFERENCE,SUN,TARGET,0.00,POINTING_ERROR,9.20,SUN_ERROR,9.44,MAG_ERROR,-121.39,GYRO_Z,-0.181,RW_CMD,0
TM,EST_RAW,-9.44,EST_FILTERED,-9.44,EST_ANGLE,-9.20,EST_FILTER,ON,EST_FILTER_TYPE,MOVING_AVERAGE,EST_MA_WINDOW,1,EST_FILTER_STRENGTH,0.35
TM,EST_FUSION,ON,EST_GYRO_WEIGHT,0.98,EST_VALID,1
TM,SUN_L,3652,SUN_R,3702,SUN_NDV,-0.0068,SUN_ANGLE,-9.01
TM,MAG_X,-17.97,MAG_Y,29.46,MAG_Z,-10.22,MAG_HEADING,121.38
TM,GYRO_X,-1.173,GYRO_Y,-2.424,GYRO_Z,-0.076,BODY_RATE,0.076
TM,ADCS_MODE,MANUAL,ADCS_REFERENCE,SUN,TARGET,0.00,POINTING_ERROR,9.19,SUN_ERROR,8.87,MAG_ERROR,-121.20,GYRO_Z,0.064,RW_CMD,0
TM,EST_RAW,-8.87,EST_FILTERED,-8.87,EST_ANGLE,-9.19,EST_FILTER,ON,EST_FILTER_TYPE,MOVING_AVERAGE,EST_MA_WINDOW,1,EST_FILTER_STRENGTH,0.35
TM,EST_FUSION,ON,EST_GYRO_WEIGHT,0.98,EST_VALID,1
TM,SUN_L,3648,SUN_R,3700,SUN_NDV,-0.0071,SUN_ANGLE,-9.27
TM,MAG_X,-17.86,MAG_Y,29.49,MAG_Z,-10.48,MAG_HEADING,121.20
TM,GYRO_X,-0.928,GYRO_Y,-2.328,GYRO_Z,-0.032,BODY_RATE,0.032
TM,SUN_L,3650,SUN_R,3701,SUN_NDV,-0.0069,SUN_ANGLE,-9.34
TM,MAG_X,-18.06,MAG_Y,29.52,MAG_Z,-10.43,MAG_HEADING,121.46
TM,GYRO_X,-0.875,GYRO_Y,-2.249,GYRO_Z,0.003,BODY_RATE,-0.003
TM,ADCS_MODE,MANUAL,ADCS_REFERENCE,SUN,TARGET,0.00,POINTING_ERROR,9.18,SUN_ERROR,9.34,MAG_ERROR,-121.46,GYRO_Z,0.003,RW_CMD,0
TM,EST_RAW,-9.34,EST_FILTERED,-9.34,EST_ANGLE,-9.18,EST_FILTER,ON,EST_FILTER_TYPE,MOVING_AVERAGE,EST_MA_WINDOW,1,EST_FILTER_STRENGTH,0.35
TM,EST_FUSION,ON,EST_GYRO_WEIGHT,0.98,EST_VALID,1
TM,SUN_L,3648,SUN_R,3701,SUN_NDV,-0.0072,SUN_ANGLE,-9.14
TM,MAG_X,-18.13,MAG_Y,29.54,MAG_Z,-10.50,MAG_HEADING,121.54
TM,GYRO_X,-1.102,GYRO_Y,-2.205,GYRO_Z,-0.163,BODY_RATE,0.163
TM,ADCS_MODE,MANUAL,ADCS_REFERENCE,SUN,TARGET,0.00,POINTING_ERROR,9.18,SUN_ERROR,9.26,MAG_ERROR,-121.54,GYRO_Z,-0.006,RW_CMD,0
TM,EST_RAW,-9.26,EST_FILTERED,-9.26,EST_ANGLE,-9.18,EST_FILTER,ON,EST_FILTER_TYPE,MOVING_AVERAGE,EST_MA_WINDOW,1,EST_FILTER_STRENGTH,0.35
TM,EST_FUSION,ON,EST_GYRO_WEIGHT,0.98,EST_VALID,1
TM,SUN_L,3648,SUN_R,3700,SUN_NDV,-0.0071,SUN_ANGLE,-9.28
TM,MAG_X,-17.95,MAG_Y,29.50,MAG_Z,-10.43,MAG_HEADING,121.32
TM,GYRO_X,-1.120,GYRO_Y,-2.301,GYRO_Z,-0.085,BODY_RATE,0.085
TM,ADCS_MODE,MANUAL,ADCS_REFERENCE,SUN,TARGET,0.00,POINTING_ERROR,9.18,SUN_ERROR,9.79,MAG_ERROR,-121.31,GYRO_Z,-0.251,RW_CMD,0
TM,EST_RAW,-9.79,EST_FILTERED,-9.79,EST_ANGLE,-9.18,EST_FILTER,ON,EST_FILTER_TYPE,MOVING_AVERAGE,EST_MA_WINDOW,1,EST_FILTER_STRENGTH,0.35
TM,EST_FUSION,ON,EST_GYRO_WEIGHT,0.98,EST_VALID,1
TM,SUN_L,3650,SUN_R,3700,SUN_NDV,-0.0068,SUN_ANGLE,-9.23
TM,MAG_X,-17.89,MAG_Y,29.41,MAG_Z,-10.58,MAG_HEADING,121.31
TM,GYRO_X,-1.199,GYRO_Y,-2.266,GYRO_Z,-0.163,BODY_RATE,0.163
TM,ADCS_MODE,MANUAL,ADCS_REFERENCE,SUN,TARGET,0.00,POINTING_ERROR,9.17,SUN_ERROR,9.06,MAG_ERROR,-121.15,GYRO_Z,0.125,RW_CMD,0
TM,EST_RAW,-9.06,EST_FILTERED,-9.06,EST_ANGLE,-9.17,EST_FILTER,ON,EST_FILTER_TYPE,MOVING_AVERAGE,EST_MA_WINDOW,1,EST_FILTER_STRENGTH,0.35
TM,EST_FUSION,ON,EST_GYRO_WEIGHT,0.98,EST_VALID,1
TM,SUN_L,3650,SUN_R,3701,SUN_NDV,-0.0069,SUN_ANGLE,-9.33
TM,MAG_X,-17.98,MAG_Y,29.74,MAG_Z,-10.43,MAG_HEADING,121.16
TM,GYRO_X,-1.085,GYRO_Y,-2.223,GYRO_Z,-0.312,BODY_RATE,0.312
TM,SUN_L,3649,SUN_R,3701,SUN_NDV,-0.0071,SUN_ANGLE,-9.59
TM,MAG_X,-17.95,MAG_Y,29.57,MAG_Z,-10.51,MAG_HEADING,121.26
TM,GYRO_X,-1.111,GYRO_Y,-2.354,GYRO_Z,-0.233,BODY_RATE,0.233
TM,ADCS_MODE,MANUAL,ADCS_REFERENCE,SUN,TARGET,0.00,POINTING_ERROR,9.19,SUN_ERROR,9.59,MAG_ERROR,-121.26,GYRO_Z,-0.233,RW_CMD,0
TM,EST_RAW,-9.59,EST_FILTERED,-9.59,EST_ANGLE,-9.19,EST_FILTER,ON,EST_FILTER_TYPE,MOVING_AVERAGE,EST_MA_WINDOW,1,EST_FILTER_STRENGTH,0.35
TM,EST_FUSION,ON,EST_GYRO_WEIGHT,0.98,EST_VALID,1
TM,SUN_L,3648,SUN_R,3699,SUN_NDV,-0.0069,SUN_ANGLE,-9.08
TM,MAG_X,-17.97,MAG_Y,29.76,MAG_Z,-10.67,MAG_HEADING,121.12
TM,GYRO_X,-1.067,GYRO_Y,-2.223,GYRO_Z,-0.181,BODY_RATE,0.181
TM,ADCS_MODE,MANUAL,ADCS_REFERENCE,SUN,TARGET,0.00,POINTING_ERROR,9.19,SUN_ERROR,9.44,MAG_ERROR,-121.11,GYRO_Z,-0.058,RW_CMD,0
TM,EST_RAW,-9.44,EST_FILTERED,-9.44,EST_ANGLE,-9.19,EST_FILTER,ON,EST_FILTER_TYPE,MOVING_AVERAGE,EST_MA_WINDOW,1,EST_FILTER_STRENGTH,0.35
TM,EST_FUSION,ON,EST_GYRO_WEIGHT,0.98,EST_VALID,1
TM,SUN_L,3649,SUN_R,3700,SUN_NDV,-0.0069,SUN_ANGLE,-9.48
TM,MAG_X,-17.92,MAG_Y,29.70,MAG_Z,-10.56,MAG_HEADING,121.11
TM,GYRO_X,-0.490,GYRO_Y,-1.444,GYRO_Z,-0.172,BODY_RATE,0.172
TM,ADCS_MODE,MANUAL,ADCS_REFERENCE,SUN,TARGET,0.00,POINTING_ERROR,9.20,SUN_ERROR,9.43,MAG_ERROR,-121.08,GYRO_Z,-0.058,RW_CMD,0
TM,EST_RAW,-9.43,EST_FILTERED,-9.43,EST_ANGLE,-9.20,EST_FILTER,ON,EST_FILTER_TYPE,MOVING_AVERAGE,EST_MA_WINDOW,1,EST_FILTER_STRENGTH,0.35
TM,EST_FUSION,ON,EST_GYRO_WEIGHT,0.98,EST_VALID,1
TM,SUN_L,3646,SUN_R,3700,SUN_NDV,-0.0074,SUN_ANGLE,-9.59
TM,MAG_X,-17.90,MAG_Y,29.76,MAG_Z,-10.48,MAG_HEADING,121.03
TM,GYRO_X,-0.752,GYRO_Y,-2.389,GYRO_Z,-0.172,BODY_RATE,0.172
TM,ADCS_MODE,MANUAL,ADCS_REFERENCE,SUN,TARGET,0.00,POINTING_ERROR,9.20,SUN_ERROR,9.41,MAG_ERROR,-121.13,GYRO_Z,-0.111,RW_CMD,0
TM,EST_RAW,-9.41,EST_FILTERED,-9.41,EST_ANGLE,-9.20,EST_FILTER,ON,EST_FILTER_TYPE,MOVING_AVERAGE,EST_MA_WINDOW,1,EST_FILTER_STRENGTH,0.35
TM,EST_FUSION,ON,EST_GYRO_WEIGHT,0.98,EST_VALID,1
TM,SUN_L,3647,SUN_R,3700,SUN_NDV,-0.0072,SUN_ANGLE,-9.41
TM,MAG_X,-18.00,MAG_Y,29.81,MAG_Z,-10.51,MAG_HEADING,121.13
TM,GYRO_X,-0.962,GYRO_Y,-2.389,GYRO_Z,-0.067,BODY_RATE,0.067
TM,SUN_L,3648,SUN_R,3700,SUN_NDV,-0.0071,SUN_ANGLE,-8.64
TM,MAG_X,-18.03,MAG_Y,29.58,MAG_Z,-10.46,MAG_HEADING,121.36
TM,GYRO_X,-1.067,GYRO_Y,-2.161,GYRO_Z,-0.093,BODY_RATE,0.093
TM,ADCS_MODE,MANUAL,ADCS_REFERENCE,SUN,TARGET,0.00,POINTING_ERROR,9.15,SUN_ERROR,8.64,MAG_ERROR,-121.36,GYRO_Z,-0.233,RW_CMD,0
TM,EST_RAW,-8.64,EST_FILTERED,-8.64,EST_ANGLE,-9.15,EST_FILTER,ON,EST_FILTER_TYPE,MOVING_AVERAGE,EST_MA_WINDOW,1,EST_FILTER_STRENGTH,0.35
TM,EST_FUSION,ON,EST_GYRO_WEIGHT,0.98,EST_VALID,1
TM,SUN_L,3648,SUN_R,3702,SUN_NDV,-0.0073,SUN_ANGLE,-9.14
TM,MAG_X,-18.06,MAG_Y,29.71,MAG_Z,-10.54,MAG_HEADING,121.30
TM,GYRO_X,-0.805,GYRO_Y,-2.328,GYRO_Z,-0.163,BODY_RATE,0.163
TM,ADCS_MODE,MANUAL,ADCS_REFERENCE,SUN,TARGET,0.00,POINTING_ERROR,9.16,SUN_ERROR,9.48,MAG_ERROR,-121.30,GYRO_Z,-0.225,RW_CMD,0
TM,EST_RAW,-9.48,EST_FILTERED,-9.48,EST_ANGLE,-9.16,EST_FILTER,ON,EST_FILTER_TYPE,MOVING_AVERAGE,EST_MA_WINDOW,1,EST_FILTER_STRENGTH,0.35
TM,EST_FUSION,ON,EST_GYRO_WEIGHT,0.98,EST_VALID,1
TM,SUN_L,3650,SUN_R,3701,SUN_NDV,-0.0069,SUN_ANGLE,-8.86
TM,MAG_X,-18.00,MAG_Y,29.44,MAG_Z,-10.50,MAG_HEADING,121.44
TM,GYRO_X,-1.155,GYRO_Y,-2.459,GYRO_Z,-0.032,BODY_RATE,0.032
TM,ADCS_MODE,MANUAL,ADCS_REFERENCE,SUN,TARGET,0.00,POINTING_ERROR,9.15,SUN_ERROR,9.40,MAG_ERROR,-121.44,GYRO_Z,0.064,RW_CMD,0
TM,EST_RAW,-9.40,EST_FILTERED,-9.40,EST_ANGLE,-9.15,EST_FILTER,ON,EST_FILTER_TYPE,MOVING_AVERAGE,EST_MA_WINDOW,1,EST_FILTER_STRENGTH,0.35
TM,EST_FUSION,ON,EST_GYRO_WEIGHT,0.98,EST_VALID,1
TM,SUN_L,3647,SUN_R,3700,SUN_NDV,-0.0072,SUN_ANGLE,-9.08
TM,MAG_X,-18.00,MAG_Y,29.47,MAG_Z,-10.45,MAG_HEADING,121.41
TM,GYRO_X,-1.295,GYRO_Y,-2.065,GYRO_Z,-0.093,BODY_RATE,0.093
TM,ADCS_MODE,MANUAL,ADCS_REFERENCE,SUN,TARGET,0.00,POINTING_ERROR,9.16,SUN_ERROR,9.13,MAG_ERROR,-121.43,GYRO_Z,0.047,RW_CMD,0
TM,EST_RAW,-9.13,EST_FILTERED,-9.13,EST_ANGLE,-9.16,EST_FILTER,ON,EST_FILTER_TYPE,MOVING_AVERAGE,EST_MA_WINDOW,1,EST_FILTER_STRENGTH,0.35
TM,EST_FUSION,ON,EST_GYRO_WEIGHT,0.98,EST_VALID,1
TM,SUN_L,3646,SUN_R,3699,SUN_NDV,-0.0072,SUN_ANGLE,-9.30
TM,MAG_X,-18.00,MAG_Y,29.46,MAG_Z,-10.42,MAG_HEADING,121.43
TM,GYRO_X,-0.989,GYRO_Y,-2.354,GYRO_Z,0.029,BODY_RATE,-0.029
TM,SUN_L,3648,SUN_R,3700,SUN_NDV,-0.0071,SUN_ANGLE,-9.73
TM,MAG_X,-18.00,MAG_Y,29.38,MAG_Z,-10.22,MAG_HEADING,121.50
TM,GYRO_X,-0.919,GYRO_Y,-2.406,GYRO_Z,-0.032,BODY_RATE,0.032
TM,ADCS_MODE,MANUAL,ADCS_REFERENCE,SUN,TARGET,0.00,POINTING_ERROR,9.21,SUN_ERROR,9.73,MAG_ERROR,-121.50,GYRO_Z,-0.032,RW_CMD,0
TM,EST_RAW,-9.73,EST_FILTERED,-9.73,EST_ANGLE,-9.21,EST_FILTER,ON,EST_FILTER_TYPE,MOVING_AVERAGE,EST_MA_WINDOW,1,EST_FILTER_STRENGTH,0.35
TM,EST_FUSION,ON,EST_GYRO_WEIGHT,0.98,EST_VALID,1
TM,SUN_L,3649,SUN_R,3699,SUN_NDV,-0.0068,SUN_ANGLE,-9.67
TM,MAG_X,-18.32,MAG_Y,29.17,MAG_Z,-10.18,MAG_HEADING,122.13
TM,GYRO_X,-1.033,GYRO_Y,-2.371,GYRO_Z,0.038,BODY_RATE,-0.038
TM,ADCS_MODE,MANUAL,ADCS_REFERENCE,SUN,TARGET,0.00,POINTING_ERROR,9.25,SUN_ERROR,9.42,MAG_ERROR,-122.13,GYRO_Z,0.003,RW_CMD,0
TM,EST_RAW,-9.42,EST_FILTERED,-9.42,EST_ANGLE,-9.25,EST_FILTER,ON,EST_FILTER_TYPE,MOVING_AVERAGE,EST_MA_WINDOW,1,EST_FILTER_STRENGTH,0.35
TM,EST_FUSION,ON,EST_GYRO_WEIGHT,0.98,EST_VALID,1
TM,SUN_L,3646,SUN_R,3698,SUN_NDV,-0.0071,SUN_ANGLE,-9.35
TM,MAG_X,-18.18,MAG_Y,29.36,MAG_Z,-10.22,MAG_HEADING,121.76
TM,GYRO_X,-0.849,GYRO_Y,-2.301,GYRO_Z,-0.058,BODY_RATE,0.058
TM,ADCS_MODE,MANUAL,ADCS_REFERENCE,SUN,TARGET,0.00,POINTING_ERROR,9.27,SUN_ERROR,9.25,MAG_ERROR,-121.60,GYRO_Z,-0.242,RW_CMD,0
TM,EST_RAW,-9.25,EST_FILTERED,-9.25,EST_ANGLE,-9.27,EST_FILTER,ON,EST_FILTER_TYPE,MOVING_AVERAGE,EST_MA_WINDOW,1,EST_FILTER_STRENGTH,0.35
TM,EST_FUSION,ON,EST_GYRO_WEIGHT,0.98,EST_VALID,1
TM,SUN_L,3646,SUN_R,3699,SUN_NDV,-0.0072,SUN_ANGLE,-9.71
TM,MAG_X,-18.06,MAG_Y,29.36,MAG_Z,-10.16,MAG_HEADING,121.60
TM,GYRO_X,-0.998,GYRO_Y,-2.572,GYRO_Z,-0.102,BODY_RATE,0.102
TM,ADCS_MODE,MANUAL,ADCS_REFERENCE,SUN,TARGET,0.00,POINTING_ERROR,9.28,SUN_ERROR,9.40,MAG_ERROR,-121.69,GYRO_Z,-0.172,RW_CMD,0
TM,EST_RAW,-9.40,EST_FILTERED,-9.40,EST_ANGLE,-9.28,EST_FILTER,ON,EST_FILTER_TYPE,MOVING_AVERAGE,EST_MA_WINDOW,1,EST_FILTER_STRENGTH,0.35
TM,EST_FUSION,ON,EST_GYRO_WEIGHT,0.98,EST_VALID,1
TM,SUN_L,3645,SUN_R,3697,SUN_NDV,-0.0071,SUN_ANGLE,-9.64
TM,MAG_X,-18.16,MAG_Y,29.33,MAG_Z,-10.11,MAG_HEADING,121.77
TM,GYRO_X,-0.691,GYRO_Y,-2.572,GYRO_Z,0.047,BODY_RATE,-0.047
TM,SUN_L,3647,SUN_R,3699,SUN_NDV,-0.0071,SUN_ANGLE,-9.48
TM,MAG_X,-18.24,MAG_Y,29.23,MAG_Z,-9.94,MAG_HEADING,121.96
TM,GYRO_X,-1.006,GYRO_Y,-2.231,GYRO_Z,0.152,BODY_RATE,-0.152
TM,ADCS_MODE,MANUAL,ADCS_REFERENCE,SUN,TARGET,0.00,POINTING_ERROR,9.30,SUN_ERROR,9.48,MAG_ERROR,-121.96,GYRO_Z,0.020,RW_CMD,0
TM,EST_RAW,-9.48,EST_FILTERED,-9.48,EST_ANGLE,-9.30,EST_FILTER,ON,EST_FILTER_TYPE,MOVING_AVERAGE,EST_MA_WINDOW,1,EST_FILTER_STRENGTH,0.35
TM,EST_FUSION,ON,EST_GYRO_WEIGHT,0.98,EST_VALID,1
TM,SUN_L,3647,SUN_R,3700,SUN_NDV,-0.0072,SUN_ANGLE,-9.67
TM,MAG_X,-18.16,MAG_Y,29.07,MAG_Z,-10.13,MAG_HEADING,121.99
TM,GYRO_X,-1.286,GYRO_Y,-2.275,GYRO_Z,0.134,BODY_RATE,-0.134
TM,ADCS_MODE,MANUAL,ADCS_REFERENCE,SUN,TARGET,0.00,POINTING_ERROR,9.33,SUN_ERROR,9.85,MAG_ERROR,-121.93,GYRO_Z,-0.190,RW_CMD,0
TM,EST_RAW,-9.85,EST_FILTERED,-9.85,EST_ANGLE,-9.33,EST_FILTER,ON,EST_FILTER_TYPE,MOVING_AVERAGE,EST_MA_WINDOW,1,EST_FILTER_STRENGTH,0.35
TM,EST_FUSION,ON,EST_GYRO_WEIGHT,0.98,EST_VALID,1
TM,SUN_L,3650,SUN_R,3701,SUN_NDV,-0.0069,SUN_ANGLE,-9.50
TM,MAG_X,-18.19,MAG_Y,29.25,MAG_Z,-10.06,MAG_HEADING,121.88
TM,GYRO_X,-1.207,GYRO_Y,-2.328,GYRO_Z,-0.015,BODY_RATE,0.015
TM,ADCS_MODE,MANUAL,ADCS_REFERENCE,SUN,TARGET,0.00,POINTING_ERROR,9.31,SUN_ERROR,9.16,MAG_ERROR,-121.88,GYRO_Z,0.292,RW_CMD,0
TM,EST_RAW,-9.16,EST_FILTERED,-9.16,EST_ANGLE,-9.31,EST_FILTER,ON,EST_FILTER_TYPE,MOVING_AVERAGE,EST_MA_WINDOW,1,EST_FILTER_STRENGTH,0.35
TM,EST_FUSION,ON,EST_GYRO_WEIGHT,0.98,EST_VALID,1
TM,SUN_L,3647,SUN_R,3700,SUN_NDV,-0.0072,SUN_ANGLE,-9.30
TM,MAG_X,-18.13,MAG_Y,29.33,MAG_Z,-10.29,MAG_HEADING,121.72
TM,GYRO_X,-0.998,GYRO_Y,-2.520,GYRO_Z,-0.093,BODY_RATE,0.093
TM,ADCS_MODE,MANUAL,ADCS_REFERENCE,SUN,TARGET,0.00,POINTING_ERROR,9.30,SUN_ERROR,9.80,MAG_ERROR,-121.67,GYRO_Z,0.099,RW_CMD,0
TM,EST_RAW,-9.80,EST_FILTERED,-9.80,EST_ANGLE,-9.30,EST_FILTER,ON,EST_FILTER_TYPE,MOVING_AVERAGE,EST_MA_WINDOW,1,EST_FILTER_STRENGTH,0.35
TM,EST_FUSION,ON,EST_GYRO_WEIGHT,0.98,EST_VALID,1
TM,SUN_L,3647,SUN_R,3699,SUN_NDV,-0.0071,SUN_ANGLE,-9.56
TM,MAG_X,-17.98,MAG_Y,29.15,MAG_Z,-10.06,MAG_HEADING,121.67
TM,GYRO_X,-1.024,GYRO_Y,-2.161,GYRO_Z,-0.076,BODY_RATE,0.076
TM,SUN_L,3645,SUN_R,3698,SUN_NDV,-0.0072,SUN_ANGLE,-9.92
TM,MAG_X,-18.14,MAG_Y,29.30,MAG_Z,-9.90,MAG_HEADING,121.77
TM,GYRO_X,-1.041,GYRO_Y,-2.494,GYRO_Z,-0.067,BODY_RATE,0.067
TM,ADCS_MODE,MANUAL,ADCS_REFERENCE,SUN,TARGET,0.00,POINTING_ERROR,9.38,SUN_ERROR,9.92,MAG_ERROR,-121.77,GYRO_Z,-0.067,RW_CMD,0
TM,EST_RAW,-9.92,EST_FILTERED,-9.92,EST_ANGLE,-9.38,EST_FILTER,ON,EST_FILTER_TYPE,MOVING_AVERAGE,EST_MA_WINDOW,1,EST_FILTER_STRENGTH,0.35
TM,EST_FUSION,ON,EST_GYRO_WEIGHT,0.98,EST_VALID,1
TM,SUN_L,3645,SUN_R,3698,SUN_NDV,-0.0072,SUN_ANGLE,-9.44
TM,MAG_X,-18.13,MAG_Y,29.31,MAG_Z,-10.11,MAG_HEADING,121.73
TM,GYRO_X,-0.998,GYRO_Y,-2.651,GYRO_Z,-0.303,BODY_RATE,0.303
TM,ADCS_MODE,MANUAL,ADCS_REFERENCE,SUN,TARGET,0.00,POINTING_ERROR,9.42,SUN_ERROR,9.95,MAG_ERROR,-121.73,GYRO_Z,-0.155,RW_CMD,0
TM,EST_RAW,-9.95,EST_FILTERED,-9.95,EST_ANGLE,-9.42,EST_FILTER,ON,EST_FILTER_TYPE,MOVING_AVERAGE,EST_MA_WINDOW,1,EST_FILTER_STRENGTH,0.35
TM,EST_FUSION,ON,EST_GYRO_WEIGHT,0.98,EST_VALID,1
TM,SUN_L,3646,SUN_R,3699,SUN_NDV,-0.0072,SUN_ANGLE,-9.61
TM,MAG_X,-18.11,MAG_Y,29.15,MAG_Z,-9.97,MAG_HEADING,121.85
TM,GYRO_X,-1.059,GYRO_Y,-2.091,GYRO_Z,0.143,BODY_RATE,-0.143
TM,ADCS_MODE,MANUAL,ADCS_REFERENCE,SUN,TARGET,0.00,POINTING_ERROR,9.46,SUN_ERROR,9.74,MAG_ERROR,-122.16,GYRO_Z,-0.146,RW_CMD,0
TM,EST_RAW,-9.74,EST_FILTERED,-9.74,EST_ANGLE,-9.46,EST_FILTER,ON,EST_FILTER_TYPE,MOVING_AVERAGE,EST_MA_WINDOW,1,EST_FILTER_STRENGTH,0.35
TM,EST_FUSION,ON,EST_GYRO_WEIGHT,0.98,EST_VALID,1
TM,SUN_L,3645,SUN_R,3700,SUN_NDV,-0.0075,SUN_ANGLE,-9.56
TM,MAG_X,-18.29,MAG_Y,29.09,MAG_Z,-9.95,MAG_HEADING,122.16
TM,GYRO_X,-1.015,GYRO_Y,-2.231,GYRO_Z,-0.032,BODY_RATE,0.032
TM,ADCS_MODE,MANUAL,ADCS_REFERENCE,SUN,TARGET,0.00,POINTING_ERROR,9.47,SUN_ERROR,9.63,MAG_ERROR,-121.90,GYRO_Z,-0.540,RW_CMD,0
TM,EST_RAW,-9.63,EST_FILTERED,-9.63,EST_ANGLE,-9.47,EST_FILTER,ON,EST_FILTER_TYPE,MOVING_AVERAGE,EST_MA_WINDOW,1,EST_FILTER_STRENGTH,0.35
TM,EST_FUSION,ON,EST_GYRO_WEIGHT,0.98,EST_VALID,1
TM,SUN_L,3647,SUN_R,3701,SUN_NDV,-0.0073,SUN_ANGLE,-9.60
TM,MAG_X,-18.27,MAG_Y,29.10,MAG_Z,-9.70,MAG_HEADING,122.12
TM,GYRO_X,-1.242,GYRO_Y,-2.433,GYRO_Z,0.003,BODY_RATE,-0.003
TM,SUN_L,3650,SUN_R,3701,SUN_NDV,-0.0069,SUN_ANGLE,-9.28
TM,MAG_X,-18.14,MAG_Y,29.17,MAG_Z,-9.73,MAG_HEADING,121.88
TM,GYRO_X,-1.102,GYRO_Y,-2.266,GYRO_Z,0.099,BODY_RATE,-0.099
TM,ADCS_MODE,MANUAL,ADCS_REFERENCE,SUN,TARGET,0.00,POINTING_ERROR,9.48,SUN_ERROR,9.43,MAG_ERROR,-121.88,GYRO_Z,-0.067,RW_CMD,0
TM,EST_RAW,-9.43,EST_FILTERED,-9.43,EST_ANGLE,-9.48,EST_FILTER,ON,EST_FILTER_TYPE,MOVING_AVERAGE,EST_MA_WINDOW,1,EST_FILTER_STRENGTH,0.35
TM,EST_FUSION,ON,EST_GYRO_WEIGHT,0.98,EST_VALID,1
TM,SUN_L,3649,SUN_R,3699,SUN_NDV,-0.0068,SUN_ANGLE,-9.29
TM,MAG_X,-18.18,MAG_Y,28.99,MAG_Z,-9.95,MAG_HEADING,122.08
TM,GYRO_X,-0.962,GYRO_Y,-2.362,GYRO_Z,-0.093,BODY_RATE,0.093
TM,ADCS_MODE,MANUAL,ADCS_REFERENCE,SUN,TARGET,0.00,POINTING_ERROR,9.42,SUN_ERROR,9.30,MAG_ERROR,-122.08,GYRO_Z,0.012,RW_CMD,0
TM,EST_RAW,-9.30,EST_FILTERED,-9.30,EST_ANGLE,-9.42,EST_FILTER,ON,EST_FILTER_TYPE,MOVING_AVERAGE,EST_MA_WINDOW,1,EST_FILTER_STRENGTH,0.35
TM,EST_FUSION,ON,EST_GYRO_WEIGHT,0.98,EST_VALID,1
TM,SUN_L,3647,SUN_R,3700,SUN_NDV,-0.0072,SUN_ANGLE,-10.02
TM,MAG_X,-18.27,MAG_Y,28.98,MAG_Z,-9.87,MAG_HEADING,122.24
TM,GYRO_X,-0.735,GYRO_Y,-2.345,GYRO_Z,0.099,BODY_RATE,-0.099
TM,ADCS_MODE,MANUAL,ADCS_REFERENCE,SUN,TARGET,0.00,POINTING_ERROR,9.49,SUN_ERROR,10.12,MAG_ERROR,-122.05,GYRO_Z,0.012,RW_CMD,0
TM,EST_RAW,-10.12,EST_FILTERED,-10.12,EST_ANGLE,-9.49,EST_FILTER,ON,EST_FILTER_TYPE,MOVING_AVERAGE,EST_MA_WINDOW,1,EST_FILTER_STRENGTH,0.35
TM,EST_FUSION,ON,EST_GYRO_WEIGHT,0.98,EST_VALID,1
TM,SUN_L,3647,SUN_R,3699,SUN_NDV,-0.0071,SUN_ANGLE,-9.91
TM,MAG_X,-18.13,MAG_Y,28.91,MAG_Z,-9.87,MAG_HEADING,122.09
TM,GYRO_X,-1.006,GYRO_Y,-2.494,GYRO_Z,0.047,BODY_RATE,-0.047
TM,ADCS_MODE,MANUAL,ADCS_REFERENCE,SUN,TARGET,0.00,POINTING_ERROR,9.53,SUN_ERROR,9.73,MAG_ERROR,-122.29,GYRO_Z,0.038,RW_CMD,0
TM,EST_RAW,-9.73,EST_FILTERED,-9.73,EST_ANGLE,-9.53,EST_FILTER,ON,EST_FILTER_TYPE,MOVING_AVERAGE,EST_MA_WINDOW,1,EST_FILTER_STRENGTH,0.35
TM,EST_FUSION,ON,EST_GYRO_WEIGHT,0.98,EST_VALID,1
TM,SUN_L,3646,SUN_R,3700,SUN_NDV,-0.0074,SUN_ANGLE,-9.82
TM,MAG_X,-18.32,MAG_Y,28.99,MAG_Z,-9.76,MAG_HEADING,122.29
TM,GYRO_X,-1.067,GYRO_Y,-2.275,GYRO_Z,-0.058,BODY_RATE,0.058
TM,SUN_L,3645,SUN_R,3698,SUN_NDV,-0.0072,SUN_ANGLE,-9.77
TM,MAG_X,-18.05,MAG_Y,28.91,MAG_Z,-9.90,MAG_HEADING,121.97
TM,GYRO_X,-1.199,GYRO_Y,-2.354,GYRO_Z,-0.128,BODY_RATE,0.128
TM,ADCS_MODE,MANUAL,ADCS_REFERENCE,SUN,TARGET,0.00,POINTING_ERROR,9.57,SUN_ERROR,9.77,MAG_ERROR,-121.97,GYRO_Z,0.090,RW_CMD,0
TM,EST_RAW,-9.77,EST_FILTERED,-9.77,EST_ANGLE,-9.57,EST_FILTER,ON,EST_FILTER_TYPE,MOVING_AVERAGE,EST_MA_WINDOW,1,EST_FILTER_STRENGTH,0.35
TM,EST_FUSION,ON,EST_GYRO_WEIGHT,0.98,EST_VALID,1
TM,SUN_L,3645,SUN_R,3698,SUN_NDV,-0.0072,SUN_ANGLE,-10.06
TM,MAG_X,-18.19,MAG_Y,28.98,MAG_Z,-9.86,MAG_HEADING,122.12
TM,GYRO_X,-1.138,GYRO_Y,-2.249,GYRO_Z,-0.295,BODY_RATE,0.295
TM,ADCS_MODE,MANUAL,ADCS_REFERENCE,SUN,TARGET,0.00,POINTING_ERROR,9.60,SUN_ERROR,9.90,MAG_ERROR,-122.25,GYRO_Z,-0.093,RW_CMD,0
TM,EST_RAW,-9.90,EST_FILTERED,-9.90,EST_ANGLE,-9.60,EST_FILTER,ON,EST_FILTER_TYPE,MOVING_AVERAGE,EST_MA_WINDOW,1,EST_FILTER_STRENGTH,0.35
TM,EST_FUSION,ON,EST_GYRO_WEIGHT,0.98,EST_VALID,1
TM,SUN_L,3645,SUN_R,3700,SUN_NDV,-0.0075,SUN_ANGLE,-9.93
TM,MAG_X,-18.34,MAG_Y,28.80,MAG_Z,-9.84,MAG_HEADING,122.48
TM,GYRO_X,-0.700,GYRO_Y,-2.520,GYRO_Z,-0.093,BODY_RATE,0.093
TM,ADCS_MODE,MANUAL,ADCS_REFERENCE,SUN,TARGET,0.00,POINTING_ERROR,9.63,SUN_ERROR,9.85,MAG_ERROR,-122.48,GYRO_Z,0.047,RW_CMD,0
TM,EST_RAW,-9.85,EST_FILTERED,-9.85,EST_ANGLE,-9.63,EST_FILTER,ON,EST_FILTER_TYPE,MOVING_AVERAGE,EST_MA_WINDOW,1,EST_FILTER_STRENGTH,0.35
TM,EST_FUSION,ON,EST_GYRO_WEIGHT,0.98,EST_VALID,1
TM,SUN_L,3645,SUN_R,3700,SUN_NDV,-0.0075,SUN_ANGLE,-9.87
TM,MAG_X,-18.45,MAG_Y,28.72,MAG_Z,-9.62,MAG_HEADING,122.71
TM,GYRO_X,-1.365,GYRO_Y,-2.301,GYRO_Z,0.125,BODY_RATE,-0.125
TM,ADCS_MODE,MANUAL,ADCS_REFERENCE,SUN,TARGET,0.00,POINTING_ERROR,9.66,SUN_ERROR,10.02,MAG_ERROR,-122.45,GYRO_Z,0.064,RW_CMD,0
TM,EST_RAW,-10.02,EST_FILTERED,-10.02,EST_ANGLE,-9.66,EST_FILTER,ON,EST_FILTER_TYPE,MOVING_AVERAGE,EST_MA_WINDOW,1,EST_FILTER_STRENGTH,0.35
TM,EST_FUSION,ON,EST_GYRO_WEIGHT,0.98,EST_VALID,1
TM,SUN_L,3647,SUN_R,3699,SUN_NDV,-0.0071,SUN_ANGLE,-10.06
TM,MAG_X,-18.27,MAG_Y,28.74,MAG_Z,-9.60,MAG_HEADING,122.45
TM,GYRO_X,-1.138,GYRO_Y,-2.485,GYRO_Z,0.047,BODY_RATE,-0.047
TM,SUN_L,3645,SUN_R,3699,SUN_NDV,-0.0074,SUN_ANGLE,-9.43
TM,MAG_X,-18.21,MAG_Y,28.88,MAG_Z,-9.78,MAG_HEADING,122.23
TM,GYRO_X,-0.814,GYRO_Y,-2.196,GYRO_Z,-0.373,BODY_RATE,0.373
TM,ADCS_MODE,MANUAL,ADCS_REFERENCE,SUN,TARGET,0.00,POINTING_ERROR,9.66,SUN_ERROR,9.43,MAG_ERROR,-122.23,GYRO_Z,-0.373,RW_CMD,0
TM,EST_RAW,-9.43,EST_FILTERED,-9.43,EST_ANGLE,-9.66,EST_FILTER,ON,EST_FILTER_TYPE,MOVING_AVERAGE,EST_MA_WINDOW,1,EST_FILTER_STRENGTH,0.35
TM,EST_FUSION,ON,EST_GYRO_WEIGHT,0.98,EST_VALID,1
TM,SUN_L,3646,SUN_R,3697,SUN_NDV,-0.0069,SUN_ANGLE,-9.53
TM,MAG_X,-18.35,MAG_Y,28.88,MAG_Z,-9.65,MAG_HEADING,122.43
TM,GYRO_X,-1.225,GYRO_Y,-2.065,GYRO_Z,-0.198,BODY_RATE,0.198
TM,ADCS_MODE,MANUAL,ADCS_REFERENCE,SUN,TARGET,0.00,POINTING_ERROR,9.64,SUN_ERROR,9.52,MAG_ERROR,-122.43,GYRO_Z,0.108,RW_CMD,0
TM,EST_RAW,-9.52,EST_FILTERED,-9.52,EST_ANGLE,-9.64,EST_FILTER,ON,EST_FILTER_TYPE,MOVING_AVERAGE,EST_MA_WINDOW,1,EST_FILTER_STRENGTH,0.35
TM,EST_FUSION,ON,EST_GYRO_WEIGHT,0.98,EST_VALID,1
TM,SUN_L,3645,SUN_R,3700,SUN_NDV,-0.0075,SUN_ANGLE,-10.04
TM,MAG_X,-18.27,MAG_Y,28.78,MAG_Z,-9.89,MAG_HEADING,122.41
TM,GYRO_X,-1.067,GYRO_Y,-2.441,GYRO_Z,-0.050,BODY_RATE,0.050
TM,ADCS_MODE,MANUAL,ADCS_REFERENCE,SUN,TARGET,0.00,POINTING_ERROR,9.64,SUN_ERROR,9.71,MAG_ERROR,-122.00,GYRO_Z,0.020,RW_CMD,0
TM,EST_RAW,-9.71,EST_FILTERED,-9.71,EST_ANGLE,-9.64,EST_FILTER,ON,EST_FILTER_TYPE,MOVING_AVERAGE,EST_MA_WINDOW,1,EST_FILTER_STRENGTH,0.35
TM,EST_FUSION,ON,EST_GYRO_WEIGHT,0.98,EST_VALID,1
TM,SUN_L,3646,SUN_R,3698,SUN_NDV,-0.0071,SUN_ANGLE,-9.97
TM,MAG_X,-18.05,MAG_Y,28.88,MAG_Z,-9.78,MAG_HEADING,122.00
TM,GYRO_X,-1.190,GYRO_Y,-2.406,GYRO_Z,-0.015,BODY_RATE,0.015
TM,ADCS_MODE,MANUAL,ADCS_REFERENCE,SUN,TARGET,0.00,POINTING_ERROR,9.66,SUN_ERROR,9.91,MAG_ERROR,-122.07,GYRO_Z,0.012,RW_CMD,0
TM,EST_RAW,-9.91,EST_FILTERED,-9.91,EST_ANGLE,-9.66,EST_FILTER,ON,EST_FILTER_TYPE,MOVING_AVERAGE,EST_MA_WINDOW,1,EST_FILTER_STRENGTH,0.35
TM,EST_FUSION,ON,EST_GYRO_WEIGHT,0.98,EST_VALID,1
TM,SUN_L,3645,SUN_R,3700,SUN_NDV,-0.0075,SUN_ANGLE,-9.55
TM,MAG_X,-18.27,MAG_Y,28.96,MAG_Z,-9.81,MAG_HEADING,122.25
TM,GYRO_X,-0.849,GYRO_Y,-2.371,GYRO_Z,0.003,BODY_RATE,-0.003
TM,SUN_L,3645,SUN_R,3700,SUN_NDV,-0.0075,SUN_ANGLE,-9.75
TM,MAG_X,-18.18,MAG_Y,28.98,MAG_Z,-9.79,MAG_HEADING,122.10
TM,GYRO_X,-1.015,GYRO_Y,-2.398,GYRO_Z,-0.330,BODY_RATE,0.330
TM,ADCS_MODE,MANUAL,ADCS_REFERENCE,SUN,TARGET,0.00,POINTING_ERROR,9.66,SUN_ERROR,9.75,MAG_ERROR,-122.10,GYRO_Z,-0.023,RW_CMD,0
TM,EST_RAW,-9.75,EST_FILTERED,-9.75,EST_ANGLE,-9.66,EST_FILTER,ON,EST_FILTER_TYPE,MOVING_AVERAGE,EST_MA_WINDOW,1,EST_FILTER_STRENGTH,0.35
TM,EST_FUSION,ON,EST_GYRO_WEIGHT,0.98,EST_VALID,1
TM,SUN_L,3647,SUN_R,3701,SUN_NDV,-0.0073,SUN_ANGLE,-9.99
TM,MAG_X,-18.27,MAG_Y,29.02,MAG_Z,-9.58,MAG_HEADING,122.19
TM,GYRO_X,-0.849,GYRO_Y,-2.441,GYRO_Z,-0.076,BODY_RATE,0.076
TM,ADCS_MODE,MANUAL,ADCS_REFERENCE,SUN,TARGET,0.00,POINTING_ERROR,9.65,SUN_ERROR,9.40,MAG_ERROR,-122.13,GYRO_Z,-0.085,RW_CMD,0
TM,EST_RAW,-9.40,EST_FILTERED,-9.40,EST_ANGLE,-9.65,EST_FILTER,ON,EST_FILTER_TYPE,MOVING_AVERAGE,EST_MA_WINDOW,1,EST_FILTER_STRENGTH,0.35
TM,EST_FUSION,ON,EST_GYRO_WEIGHT,0.98,EST_VALID,1
TM,SUN_L,3647,SUN_R,3699,SUN_NDV,-0.0071,SUN_ANGLE,-9.82
TM,MAG_X,-18.16,MAG_Y,28.91,MAG_Z,-9.84,MAG_HEADING,122.13
TM,GYRO_X,-1.234,GYRO_Y,-2.205,GYRO_Z,-0.137,BODY_RATE,0.137
TM,ADCS_MODE,MANUAL,ADCS_REFERENCE,SUN,TARGET,0.00,POINTING_ERROR,9.61,SUN_ERROR,9.72,MAG_ERROR,-122.29,GYRO_Z,0.187,RW_CMD,0
TM,EST_RAW,-9.72,EST_FILTERED,-9.72,EST_ANGLE,-9.61,EST_FILTER,ON,EST_FILTER_TYPE,MOVING_AVERAGE,EST_MA_WINDOW,1,EST_FILTER_STRENGTH,0.35
TM,EST_FUSION,ON,EST_GYRO_WEIGHT,0.98,EST_VALID,1
TM,SUN_L,3648,SUN_R,3698,SUN_NDV,-0.0068,SUN_ANGLE,-9.36
TM,MAG_X,-18.16,MAG_Y,28.90,MAG_Z,-9.92,MAG_HEADING,122.15
TM,GYRO_X,-0.954,GYRO_Y,-2.196,GYRO_Z,-0.128,BODY_RATE,0.128
TM,ADCS_MODE,MANUAL,ADCS_REFERENCE,SUN,TARGET,0.00,POINTING_ERROR,9.52,SUN_ERROR,9.05,MAG_ERROR,-121.84,GYRO_Z,-0.015,RW_CMD,0
TM,EST_RAW,-9.05,EST_FILTERED,-9.05,EST_ANGLE,-9.52,EST_FILTER,ON,EST_FILTER_TYPE,MOVING_AVERAGE,EST_MA_WINDOW,1,EST_FILTER_STRENGTH,0.35
TM,EST_FUSION,ON,EST_GYRO_WEIGHT,0.98,EST_VALID,1
TM,SUN_L,3649,SUN_R,3700,SUN_NDV,-0.0069,SUN_ANGLE,-9.72
TM,MAG_X,-18.06,MAG_Y,29.09,MAG_Z,-9.73,MAG_HEADING,121.84
TM,GYRO_X,-0.928,GYRO_Y,-2.328,GYRO_Z,-0.006,BODY_RATE,0.006
TM,SUN_L,3647,SUN_R,3700,SUN_NDV,-0.0072,SUN_ANGLE,-9.67
TM,MAG_X,-18.19,MAG_Y,29.02,MAG_Z,-9.68,MAG_HEADING,122.08
TM,GYRO_X,-1.033,GYRO_Y,-2.389,GYRO_Z,0.099,BODY_RATE,-0.099
TM,ADCS_MODE,MANUAL,ADCS_REFERENCE,SUN,TARGET,0.00,POINTING_ERROR,9.51,SUN_ERROR,9.40,MAG_ERROR,-122.08,GYRO_Z,-0.085,RW_CMD,0
TM,EST_RAW,-9.40,EST_FILTERED,-9.40,EST_ANGLE,-9.51,EST_FILTER,ON,EST_FILTER_TYPE,MOVING_AVERAGE,EST_MA_WINDOW,1,EST_FILTER_STRENGTH,0.35
TM,EST_FUSION,ON,EST_GYRO_WEIGHT,0.98,EST_VALID,1
TM,SUN_L,3648,SUN_R,3699,SUN_NDV,-0.0069,SUN_ANGLE,-9.28
TM,MAG_X,-18.40,MAG_Y,28.83,MAG_Z,-9.78,MAG_HEADING,122.55
TM,GYRO_X,-1.120,GYRO_Y,-2.371,GYRO_Z,-0.277,BODY_RATE,0.277
TM,ADCS_MODE,MANUAL,ADCS_REFERENCE,SUN,TARGET,0.00,POINTING_ERROR,9.48,SUN_ERROR,9.49,MAG_ERROR,-122.55,GYRO_Z,-0.050,RW_CMD,0
TM,EST_RAW,-9.49,EST_FILTERED,-9.49,EST_ANGLE,-9.48,EST_FILTER,ON,EST_FILTER_TYPE,MOVING_AVERAGE,EST_MA_WINDOW,1,EST_FILTER_STRENGTH,0.35
TM,EST_FUSION,ON,EST_GYRO_WEIGHT,0.98,EST_VALID,1
TM,SUN_L,3648,SUN_R,3701,SUN_NDV,-0.0072,SUN_ANGLE,-9.31
TM,MAG_X,-18.19,MAG_Y,28.98,MAG_Z,-9.78,MAG_HEADING,122.12
TM,GYRO_X,-1.146,GYRO_Y,-2.678,GYRO_Z,0.003,BODY_RATE,-0.003
TM,ADCS_MODE,MANUAL,ADCS_REFERENCE,SUN,TARGET,0.00,POINTING_ERROR,9.44,SUN_ERROR,9.45,MAG_ERROR,-122.12,GYRO_Z,0.020,RW_CMD,0
TM,EST_RAW,-9.45,EST_FILTERED,-9.45,EST_ANGLE,-9.44,EST_FILTER,ON,EST_FILTER_TYPE,MOVING_AVERAGE,EST_MA_WINDOW,1,EST_FILTER_STRENGTH,0.35
TM,EST_FUSION,ON,EST_GYRO_WEIGHT,0.98,EST_VALID,1
TM,SUN_L,3646,SUN_R,3699,SUN_NDV,-0.0072,SUN_ANGLE,-9.54
TM,MAG_X,-18.21,MAG_Y,29.28,MAG_Z,-9.73,MAG_HEADING,121.88
TM,GYRO_X,-0.910,GYRO_Y,-2.301,GYRO_Z,-0.041,BODY_RATE,0.041
TM,ADCS_MODE,MANUAL,ADCS_REFERENCE,SUN,TARGET,0.00,POINTING_ERROR,9.37,SUN_ERROR,8.78,MAG_ERROR,-122.01,GYRO_Z,-0.067,RW_CMD,0
TM,EST_RAW,-8.78,EST_FILTERED,-8.78,EST_ANGLE,-9.37,EST_FILTER,ON,EST_FILTER_TYPE,MOVING_AVERAGE,EST_MA_WINDOW,1,EST_FILTER_STRENGTH,0.35
TM,EST_FUSION,ON,EST_GYRO_WEIGHT,0.98,EST_VALID,1
TM,SUN_L,3648,SUN_R,3700,SUN_NDV,-0.0071,SUN_ANGLE,-9.03
TM,MAG_X,-18.16,MAG_Y,29.06,MAG_Z,-9.98,MAG_HEADING,122.01
TM,GYRO_X,-0.971,GYRO_Y,-2.459,GYRO_Z,-0.128,BODY_RATE,0.128
TM,SUN_L,3647,SUN_R,3700,SUN_NDV,-0.0072,SUN_ANGLE,-9.16
TM,MAG_X,-18.21,MAG_Y,29.02,MAG_Z,-9.86,MAG_HEADING,122.10
TM,GYRO_X,-0.892,GYRO_Y,-2.503,GYRO_Z,-0.295,BODY_RATE,0.295
TM,ADCS_MODE,MANUAL,ADCS_REFERENCE,SUN,TARGET,0.00,POINTING_ERROR,9.34,SUN_ERROR,9.16,MAG_ERROR,-122.10,GYRO_Z,-0.295,RW_CMD,0
TM,EST_RAW,-9.16,EST_FILTERED,-9.16,EST_ANGLE,-9.34,EST_FILTER,ON,EST_FILTER_TYPE,MOVING_AVERAGE,EST_MA_WINDOW,1,EST_FILTER_STRENGTH,0.35
TM,EST_FUSION,ON,EST_GYRO_WEIGHT,0.98,EST_VALID,1
TM,SUN_L,3647,SUN_R,3701,SUN_NDV,-0.0073,SUN_ANGLE,-9.19
TM,MAG_X,-18.19,MAG_Y,29.06,MAG_Z,-9.89,MAG_HEADING,122.05
TM,GYRO_X,-0.884,GYRO_Y,-2.511,GYRO_Z,-0.207,BODY_RATE,0.207
TM,ADCS_MODE,MANUAL,ADCS_REFERENCE,SUN,TARGET,0.00,POINTING_ERROR,9.34,SUN_ERROR,9.56,MAG_ERROR,-122.05,GYRO_Z,-0.268,RW_CMD,0
TM,EST_RAW,-9.56,EST_FILTERED,-9.56,EST_ANGLE,-9.34,EST_FILTER,ON,EST_FILTER_TYPE,MOVING_AVERAGE,EST_MA_WINDOW,1,EST_FILTER_STRENGTH,0.35
TM,EST_FUSION,ON,EST_GYRO_WEIGHT,0.98,EST_VALID,1
TM,SUN_L,3648,SUN_R,3700,SUN_NDV,-0.0071,SUN_ANGLE,-9.34
TM,MAG_X,-18.24,MAG_Y,28.98,MAG_Z,-9.90,MAG_HEADING,122.19
TM,GYRO_X,-1.111,GYRO_Y,-2.144,GYRO_Z,-0.023,BODY_RATE,0.023
TM,ADCS_MODE,MANUAL,ADCS_REFERENCE,SUN,TARGET,0.00,POINTING_ERROR,9.34,SUN_ERROR,9.82,MAG_ERROR,-122.01,GYRO_Z,-0.155,RW_CMD,0
TM,EST_RAW,-9.82,EST_FILTERED,-9.82,EST_ANGLE,-9.34,EST_FILTER,ON,EST_FILTER_TYPE,MOVING_AVERAGE,EST_MA_WINDOW,1,EST_FILTER_STRENGTH,0.35
TM,EST_FUSION,ON,EST_GYRO_WEIGHT,0.98,EST_VALID,1
TM,SUN_L,3649,SUN_R,3699,SUN_NDV,-0.0068,SUN_ANGLE,-9.25
TM,MAG_X,-18.19,MAG_Y,29.02,MAG_Z,-9.92,MAG_HEADING,122.08
TM,GYRO_X,-1.094,GYRO_Y,-2.275,GYRO_Z,-0.076,BODY_RATE,0.076
TM,ADCS_MODE,MANUAL,ADCS_REFERENCE,SUN,TARGET,0.00,POINTING_ERROR,9.31,SUN_ERROR,9.11,MAG_ERROR,-122.08,GYRO_Z,-0.172,RW_CMD,0
TM,EST_RAW,-9.11,EST_FILTERED,-9.11,EST_ANGLE,-9.31,EST_FILTER,ON,EST_FILTER_TYPE,MOVING_AVERAGE,EST_MA_WINDOW,1,EST_FILTER_STRENGTH,0.35
TM,EST_FUSION,ON,EST_GYRO_WEIGHT,0.98,EST_VALID,1
TM,SUN_L,3646,SUN_R,3698,SUN_NDV,-0.0071,SUN_ANGLE,-9.49
TM,MAG_X,-18.21,MAG_Y,28.96,MAG_Z,-9.73,MAG_HEADING,122.16
TM,GYRO_X,-1.024,GYRO_Y,-2.467,GYRO_Z,-0.155,BODY_RATE,0.155
TM,SUN_L,3647,SUN_R,3697,SUN_NDV,-0.0068,SUN_ANGLE,-9.45
TM,MAG_X,-18.14,MAG_Y,29.01,MAG_Z,-9.90,MAG_HEADING,122.03
TM,GYRO_X,-1.207,GYRO_Y,-2.188,GYRO_Z,0.012,BODY_RATE,-0.012
TM,ADCS_MODE,MANUAL,ADCS_REFERENCE,SUN,TARGET,0.00,POINTING_ERROR,9.31,SUN_ERROR,9.45,MAG_ERROR,-122.03,GYRO_Z,0.099,RW_CMD,0
TM,EST_RAW,-9.45,EST_FILTERED,-9.45,EST_ANGLE,-9.31,EST_FILTER,ON,EST_FILTER_TYPE,MOVING_AVERAGE,EST_MA_WINDOW,1,EST_FILTER_STRENGTH,0.35
TM,EST_FUSION,ON,EST_GYRO_WEIGHT,0.98,EST_VALID,1
TM,SUN_L,3647,SUN_R,3700,SUN_NDV,-0.0072,SUN_ANGLE,-9.50
TM,MAG_X,-18.27,MAG_Y,29.12,MAG_Z,-9.49,MAG_HEADING,122.11
TM,GYRO_X,-0.849,GYRO_Y,-2.511,GYRO_Z,-0.312,BODY_RATE,0.312
TM,ADCS_MODE,MANUAL,ADCS_REFERENCE,SUN,TARGET,0.00,POINTING_ERROR,9.36,SUN_ERROR,9.68,MAG_ERROR,-121.99,GYRO_Z,-0.067,RW_CMD,0
TM,EST_RAW,-9.68,EST_FILTERED,-9.68,EST_ANGLE,-9.36,EST_FILTER,ON,EST_FILTER_TYPE,MOVING_AVERAGE,EST_MA_WINDOW,1,EST_FILTER_STRENGTH,0.35
TM,EST_FUSION,ON,EST_GYRO_WEIGHT,0.98,EST_VALID,1
TM,SUN_L,3648,SUN_R,3698,SUN_NDV,-0.0068,SUN_ANGLE,-9.06
TM,MAG_X,-18.00,MAG_Y,29.10,MAG_Z,-9.84,MAG_HEADING,121.74
TM,GYRO_X,-0.884,GYRO_Y,-2.467,GYRO_Z,-0.085,BODY_RATE,0.085
TM,ADCS_MODE,MANUAL,ADCS_REFERENCE,SUN,TARGET,0.00,POINTING_ERROR,9.40,SUN_ERROR,9.62,MAG_ERROR,-121.74,GYRO_Z,0.012,RW_CMD,0
TM,EST_RAW,-9.62,EST_FILTERED,-9.62,EST_ANGLE,-9.40,EST_FILTER,ON,EST_FILTER_TYPE,MOVING_AVERAGE,EST_MA_WINDOW,1,EST_FILTER_STRENGTH,0.35
TM,EST_FUSION,ON,EST_GYRO_WEIGHT,0.98,EST_VALID,1
TM,SUN_L,3648,SUN_R,3700,SUN_NDV,-0.0071,SUN_ANGLE,-9.36
TM,MAG_X,-18.46,MAG_Y,28.77,MAG_Z,-9.98,MAG_HEADING,122.69
TM,GYRO_X,-1.033,GYRO_Y,-2.581,GYRO_Z,-0.137,BODY_RATE,0.137
TM,ADCS_MODE,MANUAL,ADCS_REFERENCE,SUN,TARGET,0.00,POINTING_ERROR,9.37,SUN_ERROR,9.18,MAG_ERROR,-121.82,GYRO_Z,-0.015,RW_CMD,0
TM,EST_RAW,-9.18,EST_FILTERED,-9.18,EST_ANGLE,-9.37,EST_FILTER,ON,EST_FILTER_TYPE,MOVING_AVERAGE,EST_MA_WINDOW,1,EST_FILTER_STRENGTH,0.35
TM,EST_FUSION,ON,EST_GYRO_WEIGHT,0.98,EST_VALID,1
TM,SUN_L,3648,SUN_R,3700,SUN_NDV,-0.0071,SUN_ANGLE,-9.41
TM,MAG_X,-18.08,MAG_Y,29.14,MAG_Z,-9.71,MAG_HEADING,121.82
TM,GYRO_X,-0.779,GYRO_Y,-2.345,GYRO_Z,-0.067,BODY_RATE,0.067
TM,SUN_L,3647,SUN_R,3698,SUN_NDV,-0.0069,SUN_ANGLE,-9.42
TM,MAG_X,-18.19,MAG_Y,29.06,MAG_Z,-9.98,MAG_HEADING,122.05
TM,GYRO_X,-0.858,GYRO_Y,-2.564,GYRO_Z,0.029,BODY_RATE,-0.029
TM,ADCS_MODE,MANUAL,ADCS_REFERENCE,SUN,TARGET,0.00,POINTING_ERROR,9.37,SUN_ERROR,9.57,MAG_ERROR,-122.05,GYRO_Z,0.029,RW_CMD,0
TM,EST_RAW,-9.57,EST_FILTERED,-9.57,EST_ANGLE,-9.37,EST_FILTER,ON,EST_FILTER_TYPE,MOVING_AVERAGE,EST_MA_WINDOW,1,EST_FILTER_STRENGTH,0.35
TM,EST_FUSION,ON,EST_GYRO_WEIGHT,0.98,EST_VALID,1
TM,SUN_L,3646,SUN_R,3700,SUN_NDV,-0.0074,SUN_ANGLE,-9.83
TM,MAG_X,-18.06,MAG_Y,29.12,MAG_Z,-9.82,MAG_HEADING,121.81
TM,GYRO_X,-0.866,GYRO_Y,-2.415,GYRO_Z,0.003,BODY_RATE,-0.003
TM,ADCS_MODE,MANUAL,ADCS_REFERENCE,SUN,TARGET,0.00,POINTING_ERROR,9.37,SUN_ERROR,9.58,MAG_ERROR,-121.81,GYRO_Z,0.047,RW_CMD,0
TM,EST_RAW,-9.58,EST_FILTERED,-9.58,EST_ANGLE,-9.37,EST_FILTER,ON,EST_FILTER_TYPE,MOVING_AVERAGE,EST_MA_WINDOW,1,EST_FILTER_STRENGTH,0.35
TM,EST_FUSION,ON,EST_GYRO_WEIGHT,0.98,EST_VALID,1
TM,SUN_L,3648,SUN_R,3700,SUN_NDV,-0.0071,SUN_ANGLE,-9.64
TM,MAG_X,-18.14,MAG_Y,29.15,MAG_Z,-10.03,MAG_HEADING,121.90
TM,GYRO_X,-0.936,GYRO_Y,-2.581,GYRO_Z,-0.146,BODY_RATE,0.146
TM,ADCS_MODE,MANUAL,ADCS_REFERENCE,SUN,TARGET,0.00,POINTING_ERROR,9.39,SUN_ERROR,8.95,MAG_ERROR,-121.83,GYRO_Z,-0.093,RW_CMD,0
TM,EST_RAW,-8.95,EST_FILTERED,-8.95,EST_ANGLE,-9.39,EST_FILTER,ON,EST_FILTER_TYPE,MOVING_AVERAGE,EST_MA_WINDOW,1,EST_FILTER_STRENGTH,0.35
TM,EST_FUSION,ON,EST_GYRO_WEIGHT,0.98,EST_VALID,1
TM,SUN_L,3649,SUN_R,3701,SUN_NDV,-0.0071,SUN_ANGLE,-9.04
TM,MAG_X,-18.10,MAG_Y,29.15,MAG_Z,-9.94,MAG_HEADING,121.83
TM,GYRO_X,-1.067,GYRO_Y,-2.678,GYRO_Z,-0.032,BODY_RATE,0.032
TM,ADCS_MODE,MANUAL,ADCS_REFERENCE,SUN,TARGET,0.00,POINTING_ERROR,9.36,SUN_ERROR,8.92,MAG_ERROR,-121.96,GYRO_Z,0.143,RW_CMD,0
TM,EST_RAW,-8.92,EST_FILTERED,-8.92,EST_ANGLE,-9.36,EST_FILTER,ON,EST_FILTER_TYPE,MOVING_AVERAGE,EST_MA_WINDOW,1,EST_FILTER_STRENGTH,0.35
TM,EST_FUSION,ON,EST_GYRO_WEIGHT,0.98,EST_VALID,1
TM,SUN_L,3649,SUN_R,3701,SUN_NDV,-0.0071,SUN_ANGLE,-9.34
TM,MAG_X,-18.14,MAG_Y,29.15,MAG_Z,-10.00,MAG_HEADING,121.90
TM,GYRO_X,-1.146,GYRO_Y,-2.039,GYRO_Z,0.020,BODY_RATE,-0.020
TM,SUN_L,3650,SUN_R,3701,SUN_NDV,-0.0069,SUN_ANGLE,-9.29
TM,MAG_X,-18.03,MAG_Y,29.12,MAG_Z,-10.11,MAG_HEADING,121.77
TM,GYRO_X,-0.962,GYRO_Y,-2.257,GYRO_Z,-0.058,BODY_RATE,0.058
TM,ADCS_MODE,MANUAL,ADCS_REFERENCE,SUN,TARGET,0.00,POINTING_ERROR,9.34,SUN_ERROR,9.29,MAG_ERROR,-121.77,GYRO_Z,-0.198,RW_CMD,0
TM,EST_RAW,-9.29,EST_FILTERED,-9.29,EST_ANGLE,-9.34,EST_FILTER,ON,EST_FILTER_TYPE,MOVING_AVERAGE,EST_MA_WINDOW,1,EST_FILTER_STRENGTH,0.35
TM,EST_FUSION,ON,EST_GYRO_WEIGHT,0.98,EST_VALID,1
TM,SUN_L,3649,SUN_R,3701,SUN_NDV,-0.0071,SUN_ANGLE,-9.26
TM,MAG_X,-18.21,MAG_Y,29.17,MAG_Z,-9.89,MAG_HEADING,121.97
TM,GYRO_X,-0.674,GYRO_Y,-2.669,GYRO_Z,-0.198,BODY_RATE,0.198
TM,ADCS_MODE,MANUAL,ADCS_REFERENCE,SUN,TARGET,0.00,POINTING_ERROR,9.27,SUN_ERROR,8.75,MAG_ERROR,-121.97,GYRO_Z,-0.137,RW_CMD,0
TM,EST_RAW,-8.75,EST_FILTERED,-8.75,EST_ANGLE,-9.27,EST_FILTER,ON,EST_FILTER_TYPE,MOVING_AVERAGE,EST_MA_WINDOW,1,EST_FILTER_STRENGTH,0.35
TM,EST_FUSION,ON,EST_GYRO_WEIGHT,0.98,EST_VALID,1
TM,SUN_L,3650,SUN_R,3701,SUN_NDV,-0.0069,SUN_ANGLE,-9.44
TM,MAG_X,-18.10,MAG_Y,29.30,MAG_Z,-10.18,MAG_HEADING,121.70
TM,GYRO_X,-1.085,GYRO_Y,-2.336,GYRO_Z,-0.085,BODY_RATE,0.085
TM,ADCS_MODE,MANUAL,ADCS_REFERENCE,SUN,TARGET,0.00,POINTING_ERROR,9.22,SUN_ERROR,8.49,MAG_ERROR,-121.65,GYRO_Z,-0.181,RW_CMD,0
TM,EST_RAW,-8.49,EST_FILTERED,-8.49,EST_ANGLE,-9.22,EST_FILTER,ON,EST_FILTER_TYPE,MOVING_AVERAGE,EST_MA_WINDOW,1,EST_FILTER_STRENGTH,0.35
TM,EST_FUSION,ON,EST_GYRO_WEIGHT,0.98,EST_VALID,1
TM,SUN_L,3651,SUN_R,3702,SUN_NDV,-0.0069,SUN_ANGLE,-9.29
TM,MAG_X,-18.05,MAG_Y,29.22,MAG_Z,-10.10,MAG_HEADING,121.71
TM,GYRO_X,-1.181,GYRO_Y,-2.109,GYRO_Z,-0.128,BODY_RATE,0.128
TM,ADCS_MODE,MANUAL,ADCS_REFERENCE,SUN,TARGET,0.00,POINTING_ERROR,9.15,SUN_ERROR,9.32,MAG_ERROR,-122.07,GYRO_Z,-0.181,RW_CMD,0
TM,EST_RAW,-9.32,EST_FILTERED,-9.32,EST_ANGLE,-9.15,EST_FILTER,ON,EST_FILTER_TYPE,MOVING_AVERAGE,EST_MA_WINDOW,1,EST_FILTER_STRENGTH,0.35
TM,EST_FUSION,ON,EST_GYRO_WEIGHT,0.98,EST_VALID,1
TM,SUN_L,3650,SUN_R,3702,SUN_NDV,-0.0071,SUN_ANGLE,-9.05
TM,MAG_X,-18.21,MAG_Y,29.06,MAG_Z,-9.84,MAG_HEADING,122.07
TM,GYRO_X,-0.910,GYRO_Y,-2.354,GYRO_Z,-0.155,BODY_RATE,0.155
TM,SUN_L,3649,SUN_R,3701,SUN_NDV,-0.0071,SUN_ANGLE,-9.00
TM,MAG_X,-18.06,MAG_Y,29.22,MAG_Z,-10.11,MAG_HEADING,121.73
TM,GYRO_X,-0.718,GYRO_Y,-2.494,GYRO_Z,0.117,BODY_RATE,-0.117
TM,ADCS_MODE,MANUAL,ADCS_REFERENCE,SUN,TARGET,0.00,POINTING_ERROR,9.09,SUN_ERROR,9.14,MAG_ERROR,-121.73,GYRO_Z,-0.023,RW_CMD,0
TM,EST_RAW,-9.14,EST_FILTERED,-9.14,EST_ANGLE,-9.09,EST_FILTER,ON,EST_FILTER_TYPE,MOVING_AVERAGE,EST_MA_WINDOW,1,EST_FILTER_STRENGTH,0.35
TM,EST_FUSION,ON,EST_GYRO_WEIGHT,0.98,EST_VALID,1
TM,SUN_L,3651,SUN_R,3701,SUN_NDV,-0.0068,SUN_ANGLE,-8.87
TM,MAG_X,-18.32,MAG_Y,29.01,MAG_Z,-10.13,MAG_HEADING,122.27
TM,GYRO_X,-0.875,GYRO_Y,-2.634,GYRO_Z,0.064,BODY_RATE,-0.064
TM,ADCS_MODE,MANUAL,ADCS_REFERENCE,SUN,TARGET,0.00,POINTING_ERROR,9.05,SUN_ERROR,9.05,MAG_ERROR,-121.70,GYRO_Z,0.055,RW_CMD,0
TM,EST_RAW,-9.05,EST_FILTERED,-9.05,EST_ANGLE,-9.05,EST_FILTER,ON,EST_FILTER_TYPE,MOVING_AVERAGE,EST_MA_WINDOW,1,EST_FILTER_STRENGTH,0.35
TM,EST_FUSION,ON,EST_GYRO_WEIGHT,0.98,EST_VALID,1
TM,SUN_L,3652,SUN_R,3701,SUN_NDV,-0.0067,SUN_ANGLE,-8.73
TM,MAG_X,-18.11,MAG_Y,29.25,MAG_Z,-9.97,MAG_HEADING,121.77
TM,GYRO_X,-0.831,GYRO_Y,-2.529,GYRO_Z,-0.242,BODY_RATE,0.242
TM,ADCS_MODE,MANUAL,ADCS_REFERENCE,SUN,TARGET,0.00,POINTING_ERROR,9.01,SUN_ERROR,8.31,MAG_ERROR,-121.77,GYRO_Z,0.117,RW_CMD,0
TM,EST_RAW,-8.31,EST_FILTERED,-8.31,EST_ANGLE,-9.01,EST_FILTER,ON,EST_FILTER_TYPE,MOVING_AVERAGE,EST_MA_WINDOW,1,EST_FILTER_STRENGTH,0.35
TM,EST_FUSION,ON,EST_GYRO_WEIGHT,0.98,EST_VALID,1
TM,SUN_L,3650,SUN_R,3701,SUN_NDV,-0.0069,SUN_ANGLE,-9.51
TM,MAG_X,-18.11,MAG_Y,29.14,MAG_Z,-10.10,MAG_HEADING,121.87
TM,GYRO_X,-1.295,GYRO_Y,-2.415,GYRO_Z,0.090,BODY_RATE,-0.090
TM,ADCS_MODE,MANUAL,ADCS_REFERENCE,SUN,TARGET,0.00,POINTING_ERROR,9.03,SUN_ERROR,9.05,MAG_ERROR,-121.81,GYRO_Z,0.003,RW_CMD,0
TM,EST_RAW,-9.05,EST_FILTERED,-9.05,EST_ANGLE,-9.03,EST_FILTER,ON,EST_FILTER_TYPE,MOVING_AVERAGE,EST_MA_WINDOW,1,EST_FILTER_STRENGTH,0.35
TM,EST_FUSION,ON,EST_GYRO_WEIGHT,0.98,EST_VALID,1
TM,SUN_L,3648,SUN_R,3699,SUN_NDV,-0.0069,SUN_ANGLE,-8.81
TM,MAG_X,-18.16,MAG_Y,29.28,MAG_Z,-10.00,MAG_HEADING,121.81
TM,GYRO_X,-1.076,GYRO_Y,-2.319,GYRO_Z,-0.225,BODY_RATE,0.225
TM,SUN_L,3650,SUN_R,3701,SUN_NDV,-0.0069,SUN_ANGLE,-8.73
TM,MAG_X,-18.11,MAG_Y,29.25,MAG_Z,-10.03,MAG_HEADING,121.77
TM,GYRO_X,-0.998,GYRO_Y,-2.214,GYRO_Z,0.029,BODY_RATE,-0.029
TM,ADCS_MODE,MANUAL,ADCS_REFERENCE,SUN,TARGET,0.00,POINTING_ERROR,8.97,SUN_ERROR,8.73,MAG_ERROR,-121.77,GYRO_Z,0.029,RW_CMD,0
TM,EST_RAW,-8.73,EST_FILTERED,-8.73,EST_ANGLE,-8.97,EST_FILTER,ON,EST_FILTER_TYPE,MOVING_AVERAGE,EST_MA_WINDOW,1,EST_FILTER_STRENGTH,0.35
TM,EST_FUSION,ON,EST_GYRO_WEIGHT,0.98,EST_VALID,1
TM,SUN_L,3649,SUN_R,3701,SUN_NDV,-0.0071,SUN_ANGLE,-9.30
TM,MAG_X,-18.10,MAG_Y,29.17,MAG_Z,-10.21,MAG_HEADING,121.82
TM,GYRO_X,-1.050,GYRO_Y,-2.389,GYRO_Z,0.108,BODY_RATE,-0.108
TM,ADCS_MODE,MANUAL,ADCS_REFERENCE,SUN,TARGET,0.00,POINTING_ERROR,9.00,SUN_ERROR,9.46,MAG_ERROR,-121.82,GYRO_Z,0.073,RW_CMD,0
TM,EST_RAW,-9.46,EST_FILTERED,-9.46,EST_ANGLE,-9.00,EST_FILTER,ON,EST_FILTER_TYPE,MOVING_AVERAGE,EST_MA_WINDOW,1,EST_FILTER_STRENGTH,0.35
TM,EST_FUSION,ON,EST_GYRO_WEIGHT,0.98,EST_VALID,1
TM,SUN_L,3650,SUN_R,3700,SUN_NDV,-0.0068,SUN_ANGLE,-8.69
TM,MAG_X,-17.89,MAG_Y,29.33,MAG_Z,-10.14,MAG_HEADING,121.38
TM,GYRO_X,-0.936,GYRO_Y,-2.467,GYRO_Z,0.055,BODY_RATE,-0.055
TM,ADCS_MODE,MANUAL,ADCS_REFERENCE,SUN,TARGET,0.00,POINTING_ERROR,9.03,SUN_ERROR,9.35,MAG_ERROR,-121.91,GYRO_Z,-0.050,RW_CMD,0
TM,EST_RAW,-9.35,EST_FILTERED,-9.35,EST_ANGLE,-9.03,EST_FILTER,ON,EST_FILTER_TYPE,MOVING_AVERAGE,EST_MA_WINDOW,1,EST_FILTER_STRENGTH,0.35
TM,EST_FUSION,ON,EST_GYRO_WEIGHT,0.98,EST_VALID,1
TM,SUN_L,3649,SUN_R,3699,SUN_NDV,-0.0068,SUN_ANGLE,-9.20
TM,MAG_X,-18.24,MAG_Y,29.30,MAG_Z,-10.05,MAG_HEADING,121.91
TM,GYRO_X,-1.164,GYRO_Y,-2.118,GYRO_Z,-0.137,BODY_RATE,0.137
TM,ADCS_MODE,MANUAL,ADCS_REFERENCE,SUN,TARGET,0.00,POINTING_ERROR,9.04,SUN_ERROR,9.28,MAG_ERROR,-121.71,GYRO_Z,0.003,RW_CMD,0
TM,EST_RAW,-9.28,EST_FILTERED,-9.28,EST_ANGLE,-9.04,EST_FILTER,ON,EST_FILTER_TYPE,MOVING_AVERAGE,EST_MA_WINDOW,1,EST_FILTER_STRENGTH,0.35
TM,EST_FUSION,ON,EST_GYRO_WEIGHT,0.98,EST_VALID,1
TM,SUN_L,3651,SUN_R,3700,SUN_NDV,-0.0067,SUN_ANGLE,-8.95
TM,MAG_X,-17.97,MAG_Y,29.23,MAG_Z,-10.29,MAG_HEADING,121.58
TM,GYRO_X,-0.980,GYRO_Y,-2.135,GYRO_Z,0.125,BODY_RATE,-0.125
TM,SUN_L,3649,SUN_R,3701,SUN_NDV,-0.0071,SUN_ANGLE,-9.07
TM,MAG_X,-18.02,MAG_Y,29.15,MAG_Z,-10.11,MAG_HEADING,121.72
TM,GYRO_X,-0.822,GYRO_Y,-2.634,GYRO_Z,0.003,BODY_RATE,-0.003
TM,ADCS_MODE,MANUAL,ADCS_REFERENCE,SUN,TARGET,0.00,POINTING_ERROR,9.05,SUN_ERROR,9.10,MAG_ERROR,-121.72,GYRO_Z,-0.006,RW_CMD,0
TM,EST_RAW,-9.10,EST_FILTERED,-9.10,EST_ANGLE,-9.05,EST_FILTER,ON,EST_FILTER_TYPE,MOVING_AVERAGE,EST_MA_WINDOW,1,EST_FILTER_STRENGTH,0.35
TM,EST_FUSION,ON,EST_GYRO_WEIGHT,0.98,EST_VALID,1
TM,SUN_L,3650,SUN_R,3700,SUN_NDV,-0.0068,SUN_ANGLE,-9.05
TM,MAG_X,-18.18,MAG_Y,29.07,MAG_Z,-10.06,MAG_HEADING,122.01
TM,GYRO_X,-0.945,GYRO_Y,-2.415,GYRO_Z,0.003,BODY_RATE,-0.003
TM,ADCS_MODE,MANUAL,ADCS_REFERENCE,SUN,TARGET,0.00,POINTING_ERROR,9.00,SUN_ERROR,9.18,MAG_ERROR,-121.67,GYRO_Z,-0.181,RW_CMD,0
TM,EST_RAW,-9.18,EST_FILTERED,-9.18,EST_ANGLE,-9.00,EST_FILTER,ON,EST_FILTER_TYPE,MOVING_AVERAGE,EST_MA_WINDOW,1,EST_FILTER_STRENGTH,0.35
TM,EST_FUSION,ON,EST_GYRO_WEIGHT,0.98,EST_VALID,1
TM,SUN_L,3647,SUN_R,3699,SUN_NDV,-0.0071,SUN_ANGLE,-9.18
TM,MAG_X,-18.00,MAG_Y,29.18,MAG_Z,-9.89,MAG_HEADING,121.67
TM,GYRO_X,-1.059,GYRO_Y,-2.485,GYRO_Z,-0.146,BODY_RATE,0.146
TM,ADCS_MODE,MANUAL,ADCS_REFERENCE,SUN,TARGET,0.00,POINTING_ERROR,9.05,SUN_ERROR,9.24,MAG_ERROR,-121.93,GYRO_Z,-0.146,RW_CMD,0
TM,EST_RAW,-9.24,EST_FILTERED,-9.24,EST_ANGLE,-9.05,EST_FILTER,ON,EST_FILTER_TYPE,MOVING_AVERAGE,EST_MA_WINDOW,1,EST_FILTER_STRENGTH,0.35
TM,EST_FUSION,ON,EST_GYRO_WEIGHT,0.98,EST_VALID,1
TM,SUN_L,3648,SUN_R,3699,SUN_NDV,-0.0069,SUN_ANGLE,-9.31
TM,MAG_X,-18.05,MAG_Y,29.07,MAG_Z,-9.92,MAG_HEADING,121.83
TM,GYRO_X,-1.015,GYRO_Y,-2.467,GYRO_Z,0.003,BODY_RATE,-0.003
TM,ADCS_MODE,MANUAL,ADCS_REFERENCE,SUN,TARGET,0.00,POINTING_ERROR,9.06,SUN_ERROR,8.68,MAG_ERROR,-122.07,GYRO_Z,0.143,RW_CMD,0
TM,EST_RAW,-8.68,EST_FILTERED,-8.68,EST_ANGLE,-9.06,EST_FILTER,ON,EST_FILTER_TYPE,MOVING_AVERAGE,EST_MA_WINDOW,1,EST_FILTER_STRENGTH,0.35
TM,EST_FUSION,ON,EST_GYRO_WEIGHT,0.98,EST_VALID,1
TM,SUN_L,3651,SUN_R,3699,SUN_NDV,-0.0065,SUN_ANGLE,-9.05
TM,MAG_X,-18.21,MAG_Y,29.06,MAG_Z,-10.02,MAG_HEADING,122.07
TM,GYRO_X,-0.822,GYRO_Y,-2.555,GYRO_Z,-0.181,BODY_RATE,0.181
TM,SUN_L,3647,SUN_R,3700,SUN_NDV,-0.0072,SUN_ANGLE,-9.66
TM,MAG_X,-18.24,MAG_Y,29.04,MAG_Z,-9.86,MAG_HEADING,122.13
TM,GYRO_X,-1.067,GYRO_Y,-2.109,GYRO_Z,-0.076,BODY_RATE,0.076
TM,ADCS_MODE,MANUAL,ADCS_REFERENCE,SUN,TARGET,0.00,POINTING_ERROR,9.05,SUN_ERROR,9.66,MAG_ERROR,-122.13,GYRO_Z,-0.076,RW_CMD,0
TM,EST_RAW,-9.66,EST_FILTERED,-9.66,EST_ANGLE,-9.05,EST_FILTER,ON,EST_FILTER_TYPE,MOVING_AVERAGE,EST_MA_WINDOW,1,EST_FILTER_STRENGTH,0.35
TM,EST_FUSION,ON,EST_GYRO_WEIGHT,0.98,EST_VALID,1
TM,SUN_L,3649,SUN_R,3700,SUN_NDV,-0.0069,SUN_ANGLE,-9.37
TM,MAG_X,-18.05,MAG_Y,29.04,MAG_Z,-9.86,MAG_HEADING,121.86
TM,GYRO_X,-0.866,GYRO_Y,-2.546,GYRO_Z,-0.058,BODY_RATE,0.058
TM,ADCS_MODE,MANUAL,ADCS_REFERENCE,SUN,TARGET,0.00,POINTING_ERROR,9.06,SUN_ERROR,8.81,MAG_ERROR,-121.86,GYRO_Z,-0.120,RW_CMD,0
TM,EST_RAW,-8.81,EST_FILTERED,-8.81,EST_ANGLE,-9.06,EST_FILTER,ON,EST_FILTER_TYPE,MOVING_AVERAGE,EST_MA_WINDOW,1,EST_FILTER_STRENGTH,0.35
TM,EST_FUSION,ON,EST_GYRO_WEIGHT,0.98,EST_VALID,1
TM,SUN_L,3650,SUN_R,3701,SUN_NDV,-0.0069,SUN_ANGLE,-9.29
TM,MAG_X,-18.22,MAG_Y,29.09,MAG_Z,-9.87,MAG_HEADING,122.07
TM,GYRO_X,-1.041,GYRO_Y,-2.284,GYRO_Z,0.029,BODY_RATE,-0.029
TM,ADCS_MODE,MANUAL,ADCS_REFERENCE,SUN,TARGET,0.00,POINTING_ERROR,9.06,SUN_ERROR,9.51,MAG_ERROR,-122.07,GYRO_Z,-0.190,RW_CMD,0
TM,EST_RAW,-9.51,EST_FILTERED,-9.51,EST_ANGLE,-9.06,EST_FILTER,ON,EST_FILTER_TYPE,MOVING_AVERAGE,EST_MA_WINDOW,1,EST_FILTER_STRENGTH,0.35
TM,EST_FUSION,ON,EST_GYRO_WEIGHT,0.98,EST_VALID,1
TM,SUN_L,3649,SUN_R,3701,SUN_NDV,-0.0071,SUN_ANGLE,-8.99
TM,MAG_X,-18.29,MAG_Y,28.99,MAG_Z,-9.62,MAG_HEADING,122.24
TM,GYRO_X,-1.059,GYRO_Y,-2.398,GYRO_Z,-0.251,BODY_RATE,0.251
TM,ADCS_MODE,MANUAL,ADCS_REFERENCE,SUN,TARGET,0.00,POINTING_ERROR,9.05,SUN_ERROR,8.91,MAG_ERROR,-122.01,GYRO_Z,-0.120,RW_CMD,0
TM,EST_RAW,-8.91,EST_FILTERED,-8.91,EST_ANGLE,-9.05,EST_FILTER,ON,EST_FILTER_TYPE,MOVING_AVERAGE,EST_MA_WINDOW,1,EST_FILTER_STRENGTH,0.35
TM,EST_FUSION,ON,EST_GYRO_WEIGHT,0.98,EST_VALID,1
TM,SUN_L,3650,SUN_R,3701,SUN_NDV,-0.0069,SUN_ANGLE,-9.28
TM,MAG_X,-18.22,MAG_Y,29.15,MAG_Z,-9.82,MAG_HEADING,122.01
TM,GYRO_X,-0.875,GYRO_Y,-2.546,GYRO_Z,-0.032,BODY_RATE,0.032
TM,SUN_L,3650,SUN_R,3702,SUN_NDV,-0.0071,SUN_ANGLE,-8.88
TM,MAG_X,-18.22,MAG_Y,28.98,MAG_Z,-9.89,MAG_HEADING,122.17
TM,GYRO_X,-0.971,GYRO_Y,-2.205,GYRO_Z,0.038,BODY_RATE,-0.038
TM,ADCS_MODE,MANUAL,ADCS_REFERENCE,SUN,TARGET,0.00,POINTING_ERROR,9.03,SUN_ERROR,9.18,MAG_ERROR,-122.17,GYRO_Z,0.038,RW_CMD,0
TM,EST_RAW,-9.18,EST_FILTERED,-9.18,EST_ANGLE,-9.03,EST_FILTER,ON,EST_FILTER_TYPE,MOVING_AVERAGE,EST_MA_WINDOW,1,EST_FILTER_STRENGTH,0.35
TM,EST_FUSION,ON,EST_GYRO_WEIGHT,0.98,EST_VALID,1
TM,SUN_L,3649,SUN_R,3701,SUN_NDV,-0.0071,SUN_ANGLE,-9.11
TM,MAG_X,-18.06,MAG_Y,29.02,MAG_Z,-9.82,MAG_HEADING,121.90
TM,GYRO_X,-1.015,GYRO_Y,-2.546,GYRO_Z,-0.137,BODY_RATE,0.137
TM,ADCS_MODE,MANUAL,ADCS_REFERENCE,SUN,TARGET,0.00,POINTING_ERROR,9.02,SUN_ERROR,9.29,MAG_ERROR,-121.90,GYRO_Z,0.117,RW_CMD,0
TM,EST_RAW,-9.29,EST_FILTERED,-9.29,EST_ANGLE,-9.02,EST_FILTER,ON,EST_FILTER_TYPE,MOVING_AVERAGE,EST_MA_WINDOW,1,EST_FILTER_STRENGTH,0.35
TM,EST_FUSION,ON,EST_GYRO_WEIGHT,0.98,EST_VALID,1
TM,SUN_L,3650,SUN_R,3699,SUN_NDV,-0.0067,SUN_ANGLE,-8.71
TM,MAG_X,-18.19,MAG_Y,28.98,MAG_Z,-9.78,MAG_HEADING,122.12
TM,GYRO_X,-0.989,GYRO_Y,-1.969,GYRO_Z,-0.190,BODY_RATE,0.190
TM,ADCS_MODE,MANUAL,ADCS_REFERENCE,SUN,TARGET,0.00,POINTING_ERROR,8.97,SUN_ERROR,9.31,MAG_ERROR,-122.16,GYRO_Z,-0.058,RW_CMD,0
TM,EST_RAW,-9.31,EST_FILTERED,-9.31,EST_ANGLE,-8.97,EST_FILTER,ON,EST_FILTER_TYPE,MOVING_AVERAGE,EST_MA_WINDOW,1,EST_FILTER_STRENGTH,0.35
TM,EST_FUSION,ON,EST_GYRO_WEIGHT,0.98,EST_VALID,1
TM,SUN_L,3650,SUN_R,3701,SUN_NDV,-0.0069,SUN_ANGLE,-9.25
TM,MAG_X,-18.22,MAG_Y,29.09,MAG_Z,-9.74,MAG_HEADING,122.07
TM,GYRO_X,-1.234,GYRO_Y,-2.144,GYRO_Z,-0.137,BODY_RATE,0.137
TM,ADCS_MODE,MANUAL,ADCS_REFERENCE,SUN,TARGET,0.00,POINTING_ERROR,8.99,SUN_ERROR,9.36,MAG_ERROR,-122.12,GYRO_Z,-0.146,RW_CMD,0
TM,EST_RAW,-9.36,EST_FILTERED,-9.36,EST_ANGLE,-8.99,EST_FILTER,ON,EST_FILTER_TYPE,MOVING_AVERAGE,EST_MA_WINDOW,1,EST_FILTER_STRENGTH,0.35
TM,EST_FUSION,ON,EST_GYRO_WEIGHT,0.98,EST_VALID,1
TM,SUN_L,3650,SUN_R,3700,SUN_NDV,-0.0068,SUN_ANGLE,-8.85
TM,MAG_X,-18.13,MAG_Y,28.88,MAG_Z,-9.89,MAG_HEADING,122.12
TM,GYRO_X,-0.892,GYRO_Y,-2.494,GYRO_Z,-0.137,BODY_RATE,0.137
TM,SUN_L,3648,SUN_R,3700,SUN_NDV,-0.0071,SUN_ANGLE,-9.05
TM,MAG_X,-18.38,MAG_Y,28.75,MAG_Z,-9.79,MAG_HEADING,122.59
TM,GYRO_X,-0.998,GYRO_Y,-2.555,GYRO_Z,-0.102,BODY_RATE,0.102
TM,ADCS_MODE,MANUAL,ADCS_REFERENCE,SUN,TARGET,0.00,POINTING_ERROR,9.01,SUN_ERROR,9.05,MAG_ERROR,-122.59,GYRO_Z,-0.102,RW_CMD,0
TM,EST_RAW,-9.05,EST_FILTERED,-9.05,EST_ANGLE,-9.01,EST_FILTER,ON,EST_FILTER_TYPE,MOVING_AVERAGE,EST_MA_WINDOW,1,EST_FILTER_STRENGTH,0.35
TM,EST_FUSION,ON,EST_GYRO_WEIGHT,0.98,EST_VALID,1
TM,SUN_L,3650,SUN_R,3700,SUN_NDV,-0.0068,SUN_ANGLE,-9.61
TM,MAG_X,-18.16,MAG_Y,28.93,MAG_Z,-9.90,MAG_HEADING,122.12
TM,GYRO_X,-1.146,GYRO_Y,-2.135,GYRO_Z,0.038,BODY_RATE,-0.038
TM,ADCS_MODE,MANUAL,ADCS_REFERENCE,SUN,TARGET,0.00,POINTING_ERROR,9.04,SUN_ERROR,9.22,MAG_ERROR,-122.62,GYRO_Z,-0.067,RW_CMD,0
TM,EST_RAW,-9.22,EST_FILTERED,-9.22,EST_ANGLE,-9.04,EST_FILTER,ON,EST_FILTER_TYPE,MOVING_AVERAGE,EST_MA_WINDOW,1,EST_FILTER_STRENGTH,0.35
TM,EST_FUSION,ON,EST_GYRO_WEIGHT,0.98,EST_VALID,1
TM,SUN_L,3649,SUN_R,3700,SUN_NDV,-0.0069,SUN_ANGLE,-9.36
TM,MAG_X,-18.18,MAG_Y,28.99,MAG_Z,-9.71,MAG_HEADING,122.08
TM,GYRO_X,-0.971,GYRO_Y,-2.257,GYRO_Z,-0.041,BODY_RATE,0.041
TM,ADCS_MODE,MANUAL,ADCS_REFERENCE,SUN,TARGET,0.00,POINTING_ERROR,9.03,SUN_ERROR,8.94,MAG_ERROR,-122.08,GYRO_Z,0.073,RW_CMD,0
TM,EST_RAW,-8.94,EST_FILTERED,-8.94,EST_ANGLE,-9.03,EST_FILTER,ON,EST_FILTER_TYPE,MOVING_AVERAGE,EST_MA_WINDOW,1,EST_FILTER_STRENGTH,0.35
TM,EST_FUSION,ON,EST_GYRO_WEIGHT,0.98,EST_VALID,1
TM,SUN_L,3651,SUN_R,3700,SUN_NDV,-0.0067,SUN_ANGLE,-9.15
TM,MAG_X,-18.05,MAG_Y,29.01,MAG_Z,-9.94,MAG_HEADING,121.89
TM,GYRO_X,-1.024,GYRO_Y,-2.520,GYRO_Z,-0.050,BODY_RATE,0.050
TM,ADCS_MODE,MANUAL,ADCS_REFERENCE,SUN,TARGET,0.00,POINTING_ERROR,9.04,SUN_ERROR,8.86,MAG_ERROR,-121.89,GYRO_Z,-0.120,RW_CMD,0
TM,EST_RAW,-8.86,EST_FILTERED,-8.86,EST_ANGLE,-9.04,EST_FILTER,ON,EST_FILTER_TYPE,MOVING_AVERAGE,EST_MA_WINDOW,1,EST_FILTER_STRENGTH,0.35
TM,EST_FUSION,ON,EST_GYRO_WEIGHT,0.98,EST_VALID,1
TM,SUN_L,3648,SUN_R,3700,SUN_NDV,-0.0071,SUN_ANGLE,-8.60
TM,MAG_X,-18.10,MAG_Y,29.09,MAG_Z,-9.86,MAG_HEADING,121.89
TM,GYRO_X,-1.164,GYRO_Y,-2.196,GYRO_Z,-0.120,BODY_RATE,0.120
TM,SUN_L,3650,SUN_R,3701,SUN_NDV,-0.0069,SUN_ANGLE,-9.09
TM,MAG_X,-17.94,MAG_Y,29.01,MAG_Z,-10.06,MAG_HEADING,121.73
TM,GYRO_X,-1.006,GYRO_Y,-2.328,GYRO_Z,-0.251,BODY_RATE,0.251
TM,ADCS_MODE,MANUAL,ADCS_REFERENCE,SUN,TARGET,0.00,POINTING_ERROR,8.98,SUN_ERROR,8.81,MAG_ERROR,-121.73,GYRO_Z,-0.251,RW_CMD,0
TM,EST_RAW,-8.81,EST_FILTERED,-8.81,EST_ANGLE,-8.98,EST_FILTER,ON,EST_FILTER_TYPE,MOVING_AVERAGE,EST_MA_WINDOW,1,EST_FILTER_STRENGTH,0.35
TM,EST_FUSION,ON,EST_GYRO_WEIGHT,0.98,EST_VALID,1
TM,SUN_L,3650,SUN_R,3700,SUN_NDV,-0.0068,SUN_ANGLE,-9.44
TM,MAG_X,-18.03,MAG_Y,29.07,MAG_Z,-10.10,MAG_HEADING,121.81
TM,GYRO_X,-1.015,GYRO_Y,-2.257,GYRO_Z,-0.102,BODY_RATE,0.102
TM,ADCS_MODE,MANUAL,ADCS_REFERENCE,SUN,TARGET,0.00,POINTING_ERROR,9.05,SUN_ERROR,9.09,MAG_ERROR,-121.81,GYRO_Z,0.082,RW_CMD,0
TM,EST_RAW,-9.09,EST_FILTERED,-9.09,EST_ANGLE,-9.05,EST_FILTER,ON,EST_FILTER_TYPE,MOVING_AVERAGE,EST_MA_WINDOW,1,EST_FILTER_STRENGTH,0.35
TM,EST_FUSION,ON,EST_GYRO_WEIGHT,0.98,EST_VALID,1
TM,SUN_L,3647,SUN_R,3699,SUN_NDV,-0.0071,SUN_ANGLE,-9.08
TM,MAG_X,-18.18,MAG_Y,29.17,MAG_Z,-10.10,MAG_HEADING,121.93
TM,GYRO_X,-0.936,GYRO_Y,-2.266,GYRO_Z,-0.146,BODY_RATE,0.146
TM,ADCS_MODE,MANUAL,ADCS_REFERENCE,SUN,TARGET,0.00,POINTING_ERROR,9.05,SUN_ERROR,9.20,MAG_ERROR,-121.55,GYRO_Z,0.064,RW_CMD,0
TM,EST_RAW,-9.20,EST_FILTERED,-9.20,EST_ANGLE,-9.05,EST_FILTER,ON,EST_FILTER_TYPE,MOVING_AVERAGE,EST_MA_WINDOW,1,EST_FILTER_STRENGTH,0.35
TM,EST_FUSION,ON,EST_GYRO_WEIGHT,0.98,EST_VALID,1
TM,SUN_L,3647,SUN_R,3702,SUN_NDV,-0.0075,SUN_ANGLE,-9.32
TM,MAG_X,-17.92,MAG_Y,29.18,MAG_Z,-10.06,MAG_HEADING,121.55
TM,GYRO_X,-1.216,GYRO_Y,-2.100,GYRO_Z,-0.102,BODY_RATE,0.102
TM,ADCS_MODE,MANUAL,ADCS_REFERENCE,SUN,TARGET,0.00,POINTING_ERROR,9.07,SUN_ERROR,9.15,MAG_ERROR,-121.58,GYRO_Z,-0.067,RW_CMD,0
TM,EST_RAW,-9.15,EST_FILTERED,-9.15,EST_ANGLE,-9.07,EST_FILTER,ON,EST_FILTER_TYPE,MOVING_AVERAGE,EST_MA_WINDOW,1,EST_FILTER_STRENGTH,0.35
TM,EST_FUSION,ON,EST_GYRO_WEIGHT,0.98,EST_VALID,1
TM,SUN_L,3651,SUN_R,3702,SUN_NDV,-0.0069,SUN_ANGLE,-8.61
TM,MAG_X,-18.05,MAG_Y,29.25,MAG_Z,-10.16,MAG_HEADING,121.68
TM,GYRO_X,-0.858,GYRO_Y,-2.572,GYRO_Z,-0.041,BODY_RATE,0.041
TM,SUN_L,3648,SUN_R,3701,SUN_NDV,-0.0072,SUN_ANGLE,-9.18
TM,MAG_X,-18.03,MAG_Y,29.33,MAG_Z,-10.27,MAG_HEADING,121.58
TM,GYRO_X,-0.936,GYRO_Y,-2.284,GYRO_Z,0.003,BODY_RATE,-0.003
TM,ADCS_MODE,MANUAL,ADCS_REFERENCE,SUN,TARGET,0.00,POINTING_ERROR,9.02,SUN_ERROR,9.18,MAG_ERROR,-121.58,GYRO_Z,-0.225,RW_CMD,0
TM,EST_RAW,-9.18,EST_FILTERED,-9.18,EST_ANGLE,-9.02,EST_FILTER,ON,EST_FILTER_TYPE,MOVING_AVERAGE,EST_MA_WINDOW,1,EST_FILTER_STRENGTH,0.35
TM,EST_FUSION,ON,EST_GYRO_WEIGHT,0.98,EST_VALID,1
TM,SUN_L,3652,SUN_R,3702,SUN_NDV,-0.0068,SUN_ANGLE,-8.77
TM,MAG_X,-18.08,MAG_Y,29.18,MAG_Z,-10.30,MAG_HEADING,121.78
TM,GYRO_X,-1.181,GYRO_Y,-2.266,GYRO_Z,0.187,BODY_RATE,-0.187
TM,ADCS_MODE,MANUAL,ADCS_REFERENCE,SUN,TARGET,0.00,POINTING_ERROR,9.00,SUN_ERROR,8.97,MAG_ERROR,-121.78,GYRO_Z,-0.050,RW_CMD,0
TM,EST_RAW,-8.97,EST_FILTERED,-8.97,EST_ANGLE,-9.00,EST_FILTER,ON,EST_FILTER_TYPE,MOVING_AVERAGE,EST_MA_WINDOW,1,EST_FILTER_STRENGTH,0.35
TM,EST_FUSION,ON,EST_GYRO_WEIGHT,0.98,EST_VALID,1
TM,SUN_L,3651,SUN_R,3701,SUN_NDV,-0.0068,SUN_ANGLE,-8.67
TM,MAG_X,-18.29,MAG_Y,29.09,MAG_Z,-10.21,MAG_HEADING,122.16
TM,GYRO_X,-0.901,GYRO_Y,-2.450,GYRO_Z,0.029,BODY_RATE,-0.029
TM,ADCS_MODE,MANUAL,ADCS_REFERENCE,SUN,TARGET,0.00,POINTING_ERROR,9.01,SUN_ERROR,9.18,MAG_ERROR,-121.66,GYRO_Z,-0.102,RW_CMD,0
TM,EST_RAW,-9.18,EST_FILTERED,-9.18,EST_ANGLE,-9.01,EST_FILTER,ON,EST_FILTER_TYPE,MOVING_AVERAGE,EST_MA_WINDOW,1,EST_FILTER_STRENGTH,0.35
TM,EST_FUSION,ON,EST_GYRO_WEIGHT,0.98,EST_VALID,1
TM,SUN_L,3651,SUN_R,3701,SUN_NDV,-0.0068,SUN_ANGLE,-8.71
TM,MAG_X,-17.95,MAG_Y,29.30,MAG_Z,-10.18,MAG_HEADING,121.50
TM,GYRO_X,-0.936,GYRO_Y,-2.310,GYRO_Z,-0.050,BODY_RATE,0.050
TM,ADCS_MODE,MANUAL,ADCS_REFERENCE,SUN,TARGET,0.00,POINTING_ERROR,9.01,SUN_ERROR,8.68,MAG_ERROR,-122.11,GYRO_Z,0.012,RW_CMD,0
TM,EST_RAW,-8.68,EST_FILTERED,-8.68,EST_ANGLE,-9.01,EST_FILTER,ON,EST_FILTER_TYPE,MOVING_AVERAGE,EST_MA_WINDOW,1,EST_FILTER_STRENGTH,0.35
TM,EST_FUSION,ON,EST_GYRO_WEIGHT,0.98,EST_VALID,1
TM,SUN_L,3648,SUN_R,3701,SUN_NDV,-0.0072,SUN_ANGLE,-9.64
TM,MAG_X,-18.30,MAG_Y,29.17,MAG_Z,-10.26,MAG_HEADING,122.11
TM,GYRO_X,-0.928,GYRO_Y,-2.319,GYRO_Z,0.020,BODY_RATE,-0.020
TM,SUN_L,3649,SUN_R,3702,SUN_NDV,-0.0072,SUN_ANGLE,-9.47
TM,MAG_X,-18.11,MAG_Y,29.26,MAG_Z,-10.08,MAG_HEADING,121.75
TM,GYRO_X,-0.892,GYRO_Y,-2.144,GYRO_Z,0.003,BODY_RATE,-0.003
TM,ADCS_MODE,MANUAL,ADCS_REFERENCE,SUN,TARGET,0.00,POINTING_ERROR,9.04,SUN_ERROR,9.47,MAG_ERROR,-121.75,GYRO_Z,0.003,RW_CMD,0
TM,EST_RAW,-9.47,EST_FILTERED,-9.47,EST_ANGLE,-9.04,EST_FILTER,ON,EST_FILTER_TYPE,MOVING_AVERAGE,EST_MA_WINDOW,1,EST_FILTER_STRENGTH,0.35
TM,EST_FUSION,ON,EST_GYRO_WEIGHT,0.98,EST_VALID,1
TM,SUN_L,3650,SUN_R,3702,SUN_NDV,-0.0071,SUN_ANGLE,-9.09
TM,MAG_X,-18.11,MAG_Y,29.25,MAG_Z,-10.16,MAG_HEADING,121.77
TM,GYRO_X,-0.954,GYRO_Y,-2.590,GYRO_Z,-0.076,BODY_RATE,0.076
TM,ADCS_MODE,MANUAL,ADCS_REFERENCE,SUN,TARGET,0.00,POINTING_ERROR,9.08,SUN_ERROR,9.20,MAG_ERROR,-121.65,GYRO_Z,0.160,RW_CMD,0
TM,EST_RAW,-9.20,EST_FILTERED,-9.20,EST_ANGLE,-9.08,EST_FILTER,ON,EST_FILTER_TYPE,MOVING_AVERAGE,EST_MA_WINDOW,1,EST_FILTER_STRENGTH,0.35
TM,EST_FUSION,ON,EST_GYRO_WEIGHT,0.98,EST_VALID,1
TM,SUN_L,3648,SUN_R,3702,SUN_NDV,-0.0073,SUN_ANGLE,-9.25
TM,MAG_X,-18.08,MAG_Y,29.34,MAG_Z,-10.08,MAG_HEADING,121.64
TM,GYRO_X,-0.971,GYRO_Y,-2.564,GYRO_Z,-0.102,BODY_RATE,0.102
TM,ADCS_MODE,MANUAL,ADCS_REFERENCE,SUN,TARGET,0.00,POINTING_ERROR,9.13,SUN_ERROR,9.34,MAG_ERROR,-121.64,GYRO_Z,-0.242,RW_CMD,0
TM,EST_RAW,-9.34,EST_FILTERED,-9.34,EST_ANGLE,-9.13,EST_FILTER,ON,EST_FILTER_TYPE,MOVING_AVERAGE,EST_MA_WINDOW,1,EST_FILTER_STRENGTH,0.35
TM,EST_FUSION,ON,EST_GYRO_WEIGHT,0.98,EST_VALID,1
TM,SUN_L,3651,SUN_R,3701,SUN_NDV,-0.0068,SUN_ANGLE,-9.39
TM,MAG_X,-18.13,MAG_Y,29.31,MAG_Z,-10.11,MAG_HEADING,121.73
TM,GYRO_X,-1.120,GYRO_Y,-2.170,GYRO_Z,0.125,BODY_RATE,-0.125
TM,ADCS_MODE,MANUAL,ADCS_REFERENCE,SUN,TARGET,0.00,POINTING_ERROR,9.10,SUN_ERROR,9.15,MAG_ERROR,-121.69,GYRO_Z,-0.137,RW_CMD,0
TM,EST_RAW,-9.15,EST_FILTERED,-9.15,EST_ANGLE,-9.10,EST_FILTER,ON,EST_FILTER_TYPE,MOVING_AVERAGE,EST_MA_WINDOW,1,EST_FILTER_STRENGTH,0.35
TM,EST_FUSION,ON,EST_GYRO_WEIGHT,0.98,EST_VALID,1
TM,SUN_L,3653,SUN_R,3701,SUN_NDV,-0.0065,SUN_ANGLE,-8.61
TM,MAG_X,-18.13,MAG_Y,29.36,MAG_Z,-10.16,MAG_HEADING,121.69
TM,GYRO_X,-0.901,GYRO_Y,-2.433,GYRO_Z,-0.172,BODY_RATE,0.172
TM,SUN_L,3652,SUN_R,3703,SUN_NDV,-0.0069,SUN_ANGLE,-9.33
TM,MAG_X,-17.98,MAG_Y,29.36,MAG_Z,-10.27,MAG_HEADING,121.49
TM,GYRO_X,-1.102,GYRO_Y,-2.266,GYRO_Z,0.125,BODY_RATE,-0.125
TM,ADCS_MODE,MANUAL,ADCS_REFERENCE,SUN,TARGET,0.00,POINTING_ERROR,9.05,SUN_ERROR,9.33,MAG_ERROR,-121.49,GYRO_Z,0.265,RW_CMD,0
TM,EST_RAW,-9.33,EST_FILTERED,-9.33,EST_ANGLE,-9.05,EST_FILTER,ON,EST_FILTER_TYPE,MOVING_AVERAGE,EST_MA_WINDOW,1,EST_FILTER_STRENGTH,0.35
TM,EST_FUSION,ON,EST_GYRO_WEIGHT,0.98,EST_VALID,1
TM,SUN_L,3652,SUN_R,3701,SUN_NDV,-0.0067,SUN_ANGLE,-8.35
TM,MAG_X,-18.05,MAG_Y,29.38,MAG_Z,-10.26,MAG_HEADING,121.57
TM,GYRO_X,-0.822,GYRO_Y,-2.581,GYRO_Z,0.038,BODY_RATE,-0.038
TM,ADCS_MODE,MANUAL,ADCS_REFERENCE,SUN,TARGET,0.00,POINTING_ERROR,8.97,SUN_ERROR,8.80,MAG_ERROR,-121.57,GYRO_Z,-0.023,RW_CMD,0
TM,EST_RAW,-8.80,EST_FILTERED,-8.80,EST_ANGLE,-8.97,EST_FILTER,ON,EST_FILTER_TYPE,MOVING_AVERAGE,EST_MA_WINDOW,1,EST_FILTER_STRENGTH,0.35
TM,EST_FUSION,ON,EST_GYRO_WEIGHT,0.98,EST_VALID,1
TM,SUN_L,3651,SUN_R,3702,SUN_NDV,-0.0069,SUN_ANGLE,-9.26
TM,MAG_X,-18.10,MAG_Y,29.44,MAG_Z,-10.19,MAG_HEADING,121.58
TM,GYRO_X,-1.164,GYRO_Y,-2.301,GYRO_Z,0.038,BODY_RATE,-0.038
TM,ADCS_MODE,MANUAL,ADCS_REFERENCE,SUN,TARGET,0.00,POINTING_ERROR,8.92,SUN_ERROR,8.92,MAG_ERROR,-121.39,GYRO_Z,-0.242,RW_CMD,0
TM,EST_RAW,-8.92,EST_FILTERED,-8.92,EST_ANGLE,-8.92,EST_FILTER,ON,EST_FILTER_TYPE,MOVING_AVERAGE,EST_MA_WINDOW,1,EST_FILTER_STRENGTH,0.35
TM,EST_FUSION,ON,EST_GYRO_WEIGHT,0.98,EST_VALID,1
TM,SUN_L,3655,SUN_R,3701,SUN_NDV,-0.0063,SUN_ANGLE,-8.54
TM,MAG_X,-17.98,MAG_Y,29.47,MAG_Z,-10.32,MAG_HEADING,121.39
TM,GYRO_X,-0.954,GYRO_Y,-2.284,GYRO_Z,-0.146,BODY_RATE,0.146
TM,ADCS_MODE,MANUAL,ADCS_REFERENCE,SUN,TARGET,0.00,POINTING_ERROR,8.88,SUN_ERROR,8.98,MAG_ERROR,-122.12,GYRO_Z,0.125,RW_CMD,0
TM,EST_RAW,-8.98,EST_FILTERED,-8.98,EST_ANGLE,-8.88,EST_FILTER,ON,EST_FILTER_TYPE,MOVING_AVERAGE,EST_MA_WINDOW,1,EST_FILTER_STRENGTH,0.35
TM,EST_FUSION,ON,EST_GYRO_WEIGHT,0.98,EST_VALID,1
TM,SUN_L,3652,SUN_R,3702,SUN_NDV,-0.0068,SUN_ANGLE,-9.28
TM,MAG_X,-18.08,MAG_Y,29.39,MAG_Z,-10.30,MAG_HEADING,121.60
TM,GYRO_X,-0.928,GYRO_Y,-2.275,GYRO_Z,-0.006,BODY_RATE,0.006
TM,SUN_L,3651,SUN_R,3703,SUN_NDV,-0.0071,SUN_ANGLE,-8.43
TM,MAG_X,-18.02,MAG_Y,29.44,MAG_Z,-10.37,MAG_HEADING,121.46
TM,GYRO_X,-1.076,GYRO_Y,-2.074,GYRO_Z,0.125,BODY_RATE,-0.125
TM,ADCS_MODE,MANUAL,ADCS_REFERENCE,SUN,TARGET,0.00,POINTING_ERROR,8.86,SUN_ERROR,8.43,MAG_ERROR,-121.46,GYRO_Z,0.125,RW_CMD,0
TM,EST_RAW,-8.43,EST_FILTERED,-8.43,EST_ANGLE,-8.86,EST_FILTER,ON,EST_FILTER_TYPE,MOVING_AVERAGE,EST_MA_WINDOW,1,EST_FILTER_STRENGTH,0.35
TM,EST_FUSION,ON,EST_GYRO_WEIGHT,0.98,EST_VALID,1
TM,SUN_L,3651,SUN_R,3701,SUN_NDV,-0.0068,SUN_ANGLE,-8.58
TM,MAG_X,-18.02,MAG_Y,29.49,MAG_Z,-10.46,MAG_HEADING,121.42
TM,GYRO_X,-1.164,GYRO_Y,-2.293,GYRO_Z,-0.085,BODY_RATE,0.085
TM,ADCS_MODE,MANUAL,ADCS_REFERENCE,SUN,TARGET,0.00,POINTING_ERROR,8.84,SUN_ERROR,8.76,MAG_ERROR,-121.46,GYRO_Z,-0.330,RW_CMD,0
TM,EST_RAW,-8.76,EST_FILTERED,-8.76,EST_ANGLE,-8.84,EST_FILTER,ON,EST_FILTER_TYPE,MOVING_AVERAGE,EST_MA_WINDOW,1,EST_FILTER_STRENGTH,0.35
TM,EST_FUSION,ON,EST_GYRO_WEIGHT,0.98,EST_VALID,1
TM,SUN_L,3651,SUN_R,3700,SUN_NDV,-0.0067,SUN_ANGLE,-8.81
TM,MAG_X,-18.11,MAG_Y,29.58,MAG_Z,-10.35,MAG_HEADING,121.48
TM,GYRO_X,-0.814,GYRO_Y,-2.686,GYRO_Z,0.265,BODY_RATE,-0.265
TM,ADCS_MODE,MANUAL,ADCS_REFERENCE,SUN,TARGET,0.00,POINTING_ERROR,8.83,SUN_ERROR,9.02,MAG_ERROR,-121.48,GYRO_Z,0.073,RW_CMD,0
TM,EST_RAW,-9.02,EST_FILTERED,-9.02,EST_ANGLE,-8.83,EST_FILTER,ON,EST_FILTER_TYPE,MOVING_AVERAGE,EST_MA_WINDOW,1,EST_FILTER_STRENGTH,0.35
TM,EST_FUSION,ON,EST_GYRO_WEIGHT,0.98,EST_VALID,1
TM,SUN_L,3653,SUN_R,3701,SUN_NDV,-0.0065,SUN_ANGLE,-8.76
TM,MAG_X,-17.81,MAG_Y,29.66,MAG_Z,-10.46,MAG_HEADING,120.98
TM,GYRO_X,-1.033,GYRO_Y,-2.223,GYRO_Z,-0.120,BODY_RATE,0.120
TM,ADCS_MODE,MANUAL,ADCS_REFERENCE,SUN,TARGET,0.00,POINTING_ERROR,8.82,SUN_ERROR,9.03,MAG_ERROR,-121.41,GYRO_Z,-0.443,RW_CMD,0
TM,EST_RAW,-9.03,EST_FILTERED,-9.03,EST_ANGLE,-8.82,EST_FILTER,ON,EST_FILTER_TYPE,MOVING_AVERAGE,EST_MA_WINDOW,1,EST_FILTER_STRENGTH,0.35
TM,EST_FUSION,ON,EST_GYRO_WEIGHT,0.98,EST_VALID,1
TM,SUN_L,3650,SUN_R,3700,SUN_NDV,-0.0068,SUN_ANGLE,-9.26
TM,MAG_X,-18.05,MAG_Y,29.55,MAG_Z,-10.43,MAG_HEADING,121.41
TM,GYRO_X,-0.805,GYRO_Y,-4.305,GYRO_Z,-0.076,BODY_RATE,0.076
TM,SUN_L,3649,SUN_R,3701,SUN_NDV,-0.0071,SUN_ANGLE,-9.43
TM,MAG_X,-18.06,MAG_Y,29.55,MAG_Z,-10.50,MAG_HEADING,121.44
TM,GYRO_X,-1.067,GYRO_Y,-2.266,GYRO_Z,-0.102,BODY_RATE,0.102
TM,ADCS_MODE,MANUAL,ADCS_REFERENCE,SUN,TARGET,0.00,POINTING_ERROR,8.87,SUN_ERROR,9.44,MAG_ERROR,-121.44,GYRO_Z,0.187,RW_CMD,0
TM,EST_RAW,-9.44,EST_FILTERED,-9.44,EST_ANGLE,-8.87,EST_FILTER,ON,EST_FILTER_TYPE,MOVING_AVERAGE,EST_MA_WINDOW,1,EST_FILTER_STRENGTH,0.35
TM,EST_FUSION,ON,EST_GYRO_WEIGHT,0.98,EST_VALID,1
TM,SUN_L,3649,SUN_R,3699,SUN_NDV,-0.0068,SUN_ANGLE,-9.12
TM,MAG_X,-17.98,MAG_Y,29.62,MAG_Z,-10.48,MAG_HEADING,121.27
TM,GYRO_X,-1.260,GYRO_Y,-2.118,GYRO_Z,0.090,BODY_RATE,-0.090
TM,ADCS_MODE,MANUAL,ADCS_REFERENCE,SUN,TARGET,0.00,POINTING_ERROR,8.93,SUN_ERROR,9.25,MAG_ERROR,-121.27,GYRO_Z,0.073,RW_CMD,0
TM,EST_RAW,-9.25,EST_FILTERED,-9.25,EST_ANGLE,-8.93,EST_FILTER,ON,EST_FILTER_TYPE,MOVING_AVERAGE,EST_MA_WINDOW,1,EST_FILTER_STRENGTH,0.35
TM,EST_FUSION,ON,EST_GYRO_WEIGHT,0.98,EST_VALID,1
TM,SUN_L,3649,SUN_R,3700,SUN_NDV,-0.0069,SUN_ANGLE,-8.50
TM,MAG_X,-18.11,MAG_Y,29.49,MAG_Z,-10.29,MAG_HEADING,121.56
TM,GYRO_X,-0.971,GYRO_Y,-2.371,GYRO_Z,-0.085,BODY_RATE,0.085
TM,ADCS_MODE,MANUAL,ADCS_REFERENCE,SUN,TARGET,0.00,POINTING_ERROR,8.97,SUN_ERROR,9.34,MAG_ERROR,-121.49,GYRO_Z,0.248,RW_CMD,0
TM,EST_RAW,-9.34,EST_FILTERED,-9.34,EST_ANGLE,-8.97,EST_FILTER,ON,EST_FILTER_TYPE,MOVING_AVERAGE,EST_MA_WINDOW,1,EST_FILTER_STRENGTH,0.35
TM,EST_FUSION,ON,EST_GYRO_WEIGHT,0.98,EST_VALID,1
TM,SUN_L,3648,SUN_R,3700,SUN_NDV,-0.0071,SUN_ANGLE,-8.06
TM,MAG_X,-18.08,MAG_Y,29.52,MAG_Z,-10.10,MAG_HEADING,121.49
TM,GYRO_X,-0.901,GYRO_Y,-2.354,GYRO_Z,0.003,BODY_RATE,-0.003
TM,ADCS_MODE,MANUAL,ADCS_REFERENCE,SUN,TARGET,0.00,POINTING_ERROR,8.83,SUN_ERROR,8.41,MAG_ERROR,-121.66,GYRO_Z,0.047,RW_CMD,0
TM,EST_RAW,-8.41,EST_FILTERED,-8.41,EST_ANGLE,-8.83,EST_FILTER,ON,EST_FILTER_TYPE,MOVING_AVERAGE,EST_MA_WINDOW,1,EST_FILTER_STRENGTH,0.35
TM,EST_FUSION,ON,EST_GYRO_WEIGHT,0.98,EST_VALID,1
TM,SUN_L,3652,SUN_R,3700,SUN_NDV,-0.0065,SUN_ANGLE,-9.24
TM,MAG_X,-18.11,MAG_Y,29.38,MAG_Z,-10.35,MAG_HEADING,121.66
TM,GYRO_X,-0.971,GYRO_Y,-2.441,GYRO_Z,-0.032,BODY_RATE,0.032
TM,SUN_L,3653,SUN_R,3699,SUN_NDV,-0.0063,SUN_ANGLE,-7.97
TM,MAG_X,-18.10,MAG_Y,29.22,MAG_Z,-10.40,MAG_HEADING,121.77
TM,GYRO_X,-0.779,GYRO_Y,-2.642,GYRO_Z,-1.353,BODY_RATE,1.353
TM,ADCS_MODE,MANUAL,ADCS_REFERENCE,SUN,TARGET,0.00,POINTING_ERROR,8.61,SUN_ERROR,7.97,MAG_ERROR,-121.77,GYRO_Z,-1.056,RW_CMD,0
TM,EST_RAW,-7.97,EST_FILTERED,-7.97,EST_ANGLE,-8.61,EST_FILTER,ON,EST_FILTER_TYPE,MOVING_AVERAGE,EST_MA_WINDOW,1,EST_FILTER_STRENGTH,0.35
TM,EST_FUSION,ON,EST_GYRO_WEIGHT,0.98,EST_VALID,1
TM,SUN_L,3654,SUN_R,3699,SUN_NDV,-0.0061,SUN_ANGLE,-7.55
TM,MAG_X,-18.21,MAG_Y,29.07,MAG_Z,-10.29,MAG_HEADING,122.06
TM,GYRO_X,-1.181,GYRO_Y,-2.310,GYRO_Z,0.528,BODY_RATE,-0.528
TM,ADCS_MODE,MANUAL,ADCS_REFERENCE,SUN,TARGET,0.00,POINTING_ERROR,8.41,SUN_ERROR,7.86,MAG_ERROR,-122.06,GYRO_Z,-0.461,RW_CMD,0
TM,EST_RAW,-7.86,EST_FILTERED,-7.86,EST_ANGLE,-8.41,EST_FILTER,ON,EST_FILTER_TYPE,MOVING_AVERAGE,EST_MA_WINDOW,1,EST_FILTER_STRENGTH,0.35
TM,EST_FUSION,ON,EST_GYRO_WEIGHT,0.98,EST_VALID,1
TM,SUN_L,3655,SUN_R,3701,SUN_NDV,-0.0063,SUN_ANGLE,-8.07
TM,MAG_X,-18.16,MAG_Y,29.15,MAG_Z,-10.16,MAG_HEADING,121.92
TM,GYRO_X,-0.884,GYRO_Y,-2.223,GYRO_Z,-0.487,BODY_RATE,0.487
TM,ADCS_MODE,MANUAL,ADCS_REFERENCE,SUN,TARGET,0.00,POINTING_ERROR,8.26,SUN_ERROR,7.89,MAG_ERROR,-121.99,GYRO_Z,0.327,RW_CMD,0
TM,EST_RAW,-7.89,EST_FILTERED,-7.89,EST_ANGLE,-8.26,EST_FILTER,ON,EST_FILTER_TYPE,MOVING_AVERAGE,EST_MA_WINDOW,1,EST_FILTER_STRENGTH,0.35
TM,EST_FUSION,ON,EST_GYRO_WEIGHT,0.98,EST_VALID,1
TM,SUN_L,3651,SUN_R,3699,SUN_NDV,-0.0065,SUN_ANGLE,-7.94
TM,MAG_X,-18.10,MAG_Y,29.14,MAG_Z,-10.22,MAG_HEADING,121.84
TM,GYRO_X,-1.199,GYRO_Y,-2.319,GYRO_Z,1.149,BODY_RATE,-1.149
TM,ADCS_MODE,MANUAL,ADCS_REFERENCE,SUN,TARGET,0.00,POINTING_ERROR,8.50,SUN_ERROR,9.41,MAG_ERROR,-121.98,GYRO_Z,1.692,RW_CMD,0
TM,EST_RAW,-9.41,EST_FILTERED,-9.41,EST_ANGLE,-8.50,EST_FILTER,ON,EST_FILTER_TYPE,MOVING_AVERAGE,EST_MA_WINDOW,1,EST_FILTER_STRENGTH,0.35
TM,EST_FUSION,ON,EST_GYRO_WEIGHT,0.98,EST_VALID,1
TM,SUN_L,3646,SUN_R,3699,SUN_NDV,-0.0072,SUN_ANGLE,-9.54
TM,MAG_X,-18.19,MAG_Y,29.14,MAG_Z,-10.10,MAG_HEADING,121.98
TM,GYRO_X,-1.076,GYRO_Y,-2.205,GYRO_Z,1.079,BODY_RATE,-1.079
TM,SUN_L,3645,SUN_R,3698,SUN_NDV,-0.0072,SUN_ANGLE,-9.61
TM,MAG_X,-18.14,MAG_Y,29.30,MAG_Z,-10.08,MAG_HEADING,121.77
TM,GYRO_X,-1.041,GYRO_Y,-2.529,GYRO_Z,-0.356,BODY_RATE,0.356
TM,ADCS_MODE,MANUAL,ADCS_REFERENCE,SUN,TARGET,0.00,POINTING_ERROR,8.74,SUN_ERROR,9.61,MAG_ERROR,-121.77,GYRO_Z,-0.356,RW_CMD,0
TM,EST_RAW,-9.61,EST_FILTERED,-9.61,EST_ANGLE,-8.74,EST_FILTER,ON,EST_FILTER_TYPE,MOVING_AVERAGE,EST_MA_WINDOW,1,EST_FILTER_STRENGTH,0.35
TM,EST_FUSION,ON,EST_GYRO_WEIGHT,0.98,EST_VALID,1
TM,SUN_L,3646,SUN_R,3698,SUN_NDV,-0.0071,SUN_ANGLE,-9.58
TM,MAG_X,-18.08,MAG_Y,29.18,MAG_Z,-10.29,MAG_HEADING,121.78
TM,GYRO_X,-0.875,GYRO_Y,-2.336,GYRO_Z,-0.137,BODY_RATE,0.137
TM,ADCS_MODE,MANUAL,ADCS_REFERENCE,SUN,TARGET,0.00,POINTING_ERROR,8.81,SUN_ERROR,9.33,MAG_ERROR,-121.84,GYRO_Z,0.029,RW_CMD,0
TM,EST_RAW,-9.33,EST_FILTERED,-9.33,EST_ANGLE,-8.81,EST_FILTER,ON,EST_FILTER_TYPE,MOVING_AVERAGE,EST_MA_WINDOW,1,EST_FILTER_STRENGTH,0.35
TM,EST_FUSION,ON,EST_GYRO_WEIGHT,0.98,EST_VALID,1
TM,SUN_L,3647,SUN_R,3698,SUN_NDV,-0.0069,SUN_ANGLE,-9.55
TM,MAG_X,-18.24,MAG_Y,29.17,MAG_Z,-10.02,MAG_HEADING,122.02
TM,GYRO_X,-1.146,GYRO_Y,-2.266,GYRO_Z,-0.242,BODY_RATE,0.242
TM,ADCS_MODE,MANUAL,ADCS_REFERENCE,SUN,TARGET,0.00,POINTING_ERROR,8.89,SUN_ERROR,9.38,MAG_ERROR,-122.02,GYRO_Z,0.029,RW_CMD,0
TM,EST_RAW,-9.38,EST_FILTERED,-9.38,EST_ANGLE,-8.89,EST_FILTER,ON,EST_FILTER_TYPE,MOVING_AVERAGE,EST_MA_WINDOW,1,EST_FILTER_STRENGTH,0.35
TM,EST_FUSION,ON,EST_GYRO_WEIGHT,0.98,EST_VALID,1
TM,SUN_L,3647,SUN_R,3698,SUN_NDV,-0.0069,SUN_ANGLE,-9.30
TM,MAG_X,-18.02,MAG_Y,29.15,MAG_Z,-10.19,MAG_HEADING,121.72
TM,GYRO_X,-0.822,GYRO_Y,-2.625,GYRO_Z,-0.128,BODY_RATE,0.128
TM,ADCS_MODE,MANUAL,ADCS_REFERENCE,SUN,TARGET,0.00,POINTING_ERROR,8.97,SUN_ERROR,9.85,MAG_ERROR,-121.73,GYRO_Z,-0.006,RW_CMD,0
TM,EST_RAW,-9.85,EST_FILTERED,-9.85,EST_ANGLE,-8.97,EST_FILTER,ON,EST_FILTER_TYPE,MOVING_AVERAGE,EST_MA_WINDOW,1,EST_FILTER_STRENGTH,0.35
TM,EST_FUSION,ON,EST_GYRO_WEIGHT,0.98,EST_VALID,1
TM,SUN_L,3647,SUN_R,3698,SUN_NDV,-0.0069,SUN_ANGLE,-9.21
TM,MAG_X,-18.02,MAG_Y,29.14,MAG_Z,-10.21,MAG_HEADING,121.73
TM,GYRO_X,-0.971,GYRO_Y,-2.433,GYRO_Z,-0.041,BODY_RATE,0.041
TM,SUN_L,3646,SUN_R,3698,SUN_NDV,-0.0071,SUN_ANGLE,-9.73
TM,MAG_X,-18.10,MAG_Y,29.10,MAG_Z,-10.21,MAG_HEADING,121.87
TM,GYRO_X,-0.919,GYRO_Y,-2.450,GYRO_Z,0.125,BODY_RATE,-0.125
TM,ADCS_MODE,MANUAL,ADCS_REFERENCE,SUN,TARGET,0.00,POINTING_ERROR,9.06,SUN_ERROR,9.14,MAG_ERROR,-121.87,GYRO_Z,0.195,RW_CMD,0
TM,EST_RAW,-9.14,EST_FILTERED,-9.14,EST_ANGLE,-9.06,EST_FILTER,ON,EST_FILTER_TYPE,MOVING_AVERAGE,EST_MA_WINDOW,1,EST_FILTER_STRENGTH,0.35
TM,EST_FUSION,ON,EST_GYRO_WEIGHT,0.98,EST_VALID,1
TM,SUN_L,3645,SUN_R,3699,SUN_NDV,-0.0074,SUN_ANGLE,-9.19
TM,MAG_X,-18.14,MAG_Y,29.15,MAG_Z,-10.00,MAG_HEADING,121.90
TM,GYRO_X,-1.452,GYRO_Y,-2.336,GYRO_Z,0.064,BODY_RATE,-0.064
TM,ADCS_MODE,MANUAL,ADCS_REFERENCE,SUN,TARGET,0.00,POINTING_ERROR,9.14,SUN_ERROR,9.29,MAG_ERROR,-121.90,GYRO_Z,-0.111,RW_CMD,0
TM,EST_RAW,-9.29,EST_FILTERED,-9.29,EST_ANGLE,-9.14,EST_FILTER,ON,EST_FILTER_TYPE,MOVING_AVERAGE,EST_MA_WINDOW,1,EST_FILTER_STRENGTH,0.35
TM,EST_FUSION,ON,EST_GYRO_WEIGHT,0.98,EST_VALID,1
TM,SUN_L,3645,SUN_R,3697,SUN_NDV,-0.0071,SUN_ANGLE,-9.38
TM,MAG_X,-18.18,MAG_Y,29.23,MAG_Z,-9.90,MAG_HEADING,121.87
TM,GYRO_X,-0.936,GYRO_Y,-2.415,GYRO_Z,-0.137,BODY_RATE,0.137
TM,ADCS_MODE,MANUAL,ADCS_REFERENCE,SUN,TARGET,0.00,POINTING_ERROR,9.24,SUN_ERROR,10.04,MAG_ERROR,-121.90,GYRO_Z,0.134,RW_CMD,0
TM,EST_RAW,-10.04,EST_FILTERED,-10.04,EST_ANGLE,-9.24,EST_FILTER,ON,EST_FILTER_TYPE,MOVING_AVERAGE,EST_MA_WINDOW,1,EST_FILTER_STRENGTH,0.35
TM,EST_FUSION,ON,EST_GYRO_WEIGHT,0.98,EST_VALID,1
TM,SUN_L,3642,SUN_R,3698,SUN_NDV,-0.0076,SUN_ANGLE,-9.83
TM,MAG_X,-18.21,MAG_Y,29.25,MAG_Z,-10.21,MAG_HEADING,121.90
TM,GYRO_X,-1.531,GYRO_Y,-2.284,GYRO_Z,-0.032,BODY_RATE,0.032
TM,ADCS_MODE,MANUAL,ADCS_REFERENCE,SUN,TARGET,0.00,POINTING_ERROR,9.38,SUN_ERROR,10.08,MAG_ERROR,-121.91,GYRO_Z,-0.023,RW_CMD,0
TM,EST_RAW,-10.08,EST_FILTERED,-10.08,EST_ANGLE,-9.38,EST_FILTER,ON,EST_FILTER_TYPE,MOVING_AVERAGE,EST_MA_WINDOW,1,EST_FILTER_STRENGTH,0.35
TM,EST_FUSION,ON,EST_GYRO_WEIGHT,0.98,EST_VALID,1
TM,SUN_L,3642,SUN_R,3697,SUN_NDV,-0.0075,SUN_ANGLE,-10.25
TM,MAG_X,-18.13,MAG_Y,29.09,MAG_Z,-10.13,MAG_HEADING,121.93
TM,GYRO_X,-0.945,GYRO_Y,-2.354,GYRO_Z,-0.076,BODY_RATE,0.076
TM,SUN_L,3642,SUN_R,3697,SUN_NDV,-0.0075,SUN_ANGLE,-9.96
TM,MAG_X,-18.13,MAG_Y,29.02,MAG_Z,-10.08,MAG_HEADING,121.99
TM,GYRO_X,-1.129,GYRO_Y,-2.039,GYRO_Z,-0.067,BODY_RATE,0.067
TM,ADCS_MODE,MANUAL,ADCS_REFERENCE,SUN,TARGET,0.00,POINTING_ERROR,9.50,SUN_ERROR,9.96,MAG_ERROR,-121.99,GYRO_Z,-0.067,RW_CMD,0
TM,EST_RAW,-9.96,EST_FILTERED,-9.96,EST_ANGLE,-9.50,EST_FILTER,ON,EST_FILTER_TYPE,MOVING_AVERAGE,EST_MA_WINDOW,1,EST_FILTER_STRENGTH,0.35
TM,EST_FUSION,ON,EST_GYRO_WEIGHT,0.98,EST_VALID,1
TM,SUN_L,3641,SUN_R,3697,SUN_NDV,-0.0076,SUN_ANGLE,-9.99
TM,MAG_X,-18.11,MAG_Y,29.10,MAG_Z,-10.08,MAG_HEADING,121.89
TM,GYRO_X,-0.980,GYRO_Y,-2.257,GYRO_Z,-0.050,BODY_RATE,0.050
TM,ADCS_MODE,MANUAL,ADCS_REFERENCE,SUN,TARGET,0.00,POINTING_ERROR,9.56,SUN_ERROR,9.69,MAG_ERROR,-121.89,GYRO_Z,0.020,RW_CMD,0
TM,EST_RAW,-9.69,EST_FILTERED,-9.69,EST_ANGLE,-9.56,EST_FILTER,ON,EST_FILTER_TYPE,MOVING_AVERAGE,EST_MA_WINDOW,1,EST_FILTER_STRENGTH,0.35
TM,EST_FUSION,ON,EST_GYRO_WEIGHT,0.98,EST_VALID,1
TM,SUN_L,3642,SUN_R,3696,SUN_NDV,-0.0074,SUN_ANGLE,-9.63
TM,MAG_X,-18.02,MAG_Y,29.22,MAG_Z,-10.13,MAG_HEADING,121.66
TM,GYRO_X,-1.085,GYRO_Y,-2.240,GYRO_Z,-0.128,BODY_RATE,0.128
TM,ADCS_MODE,MANUAL,ADCS_REFERENCE,SUN,TARGET,0.00,POINTING_ERROR,9.59,SUN_ERROR,9.80,MAG_ERROR,-121.70,GYRO_Z,0.055,RW_CMD,0
TM,EST_RAW,-9.80,EST_FILTERED,-9.80,EST_ANGLE,-9.59,EST_FILTER,ON,EST_FILTER_TYPE,MOVING_AVERAGE,EST_MA_WINDOW,1,EST_FILTER_STRENGTH,0.35
TM,EST_FUSION,ON,EST_GYRO_WEIGHT,0.98,EST_VALID,1
TM,SUN_L,3643,SUN_R,3698,SUN_NDV,-0.0075,SUN_ANGLE,-9.55
TM,MAG_X,-17.95,MAG_Y,29.15,MAG_Z,-10.14,MAG_HEADING,121.63
TM,GYRO_X,-0.954,GYRO_Y,-2.249,GYRO_Z,-0.006,BODY_RATE,0.006
TM,ADCS_MODE,MANUAL,ADCS_REFERENCE,SUN,TARGET,0.00,POINTING_ERROR,9.62,SUN_ERROR,9.51,MAG_ERROR,-122.05,GYRO_Z,0.222,RW_CMD,0
TM,EST_RAW,-9.51,EST_FILTERED,-9.51,EST_ANGLE,-9.62,EST_FILTER,ON,EST_FILTER_TYPE,MOVING_AVERAGE,EST_MA_WINDOW,1,EST_FILTER_STRENGTH,0.35
TM,EST_FUSION,ON,EST_GYRO_WEIGHT,0.98,EST_VALID,1
TM,SUN_L,3644,SUN_R,3696,SUN_NDV,-0.0071,SUN_ANGLE,-9.87
TM,MAG_X,-18.19,MAG_Y,29.06,MAG_Z,-10.13,MAG_HEADING,122.05
TM,GYRO_X,-0.901,GYRO_Y,-2.144,GYRO_Z,-0.015,BODY_RATE,0.015
TM,SUN_L,3644,SUN_R,3698,SUN_NDV,-0.0074,SUN_ANGLE,-9.68
TM,MAG_X,-18.06,MAG_Y,29.07,MAG_Z,-10.16,MAG_HEADING,121.85
TM,GYRO_X,-0.744,GYRO_Y,-2.520,GYRO_Z,-0.225,BODY_RATE,0.225
TM,ADCS_MODE,MANUAL,ADCS_REFERENCE,SUN,TARGET,0.00,POINTING_ERROR,9.63,SUN_ERROR,9.76,MAG_ERROR,-121.85,GYRO_Z,-0.041,RW_CMD,0
TM,EST_RAW,-9.76,EST_FILTERED,-9.76,EST_ANGLE,-9.63,EST_FILTER,ON,EST_FILTER_TYPE,MOVING_AVERAGE,EST_MA_WINDOW,1,EST_FILTER_STRENGTH,0.35
TM,EST_FUSION,ON,EST_GYRO_WEIGHT,0.98,EST_VALID,1
TM,SUN_L,3644,SUN_R,3698,SUN_NDV,-0.0074,SUN_ANGLE,-9.71
TM,MAG_X,-17.95,MAG_Y,29.17,MAG_Z,-10.27,MAG_HEADING,121.61
TM,GYRO_X,-1.312,GYRO_Y,-2.196,GYRO_Z,-0.067,BODY_RATE,0.067
TM,ADCS_MODE,MANUAL,ADCS_REFERENCE,SUN,TARGET,0.00,POINTING_ERROR,9.62,SUN_ERROR,9.83,MAG_ERROR,-121.73,GYRO_Z,-0.032,RW_CMD,0
TM,EST_RAW,-9.83,EST_FILTERED,-9.83,EST_ANGLE,-9.62,EST_FILTER,ON,EST_FILTER_TYPE,MOVING_AVERAGE,EST_MA_WINDOW,1,EST_FILTER_STRENGTH,0.35
TM,EST_FUSION,ON,EST_GYRO_WEIGHT,0.98,EST_VALID,1
TM,SUN_L,3644,SUN_R,3697,SUN_NDV,-0.0072,SUN_ANGLE,-9.75
TM,MAG_X,-17.98,MAG_Y,29.23,MAG_Z,-10.19,MAG_HEADING,121.60
TM,GYRO_X,-0.752,GYRO_Y,-2.739,GYRO_Z,-0.216,BODY_RATE,0.216
TM,ADCS_MODE,MANUAL,ADCS_REFERENCE,SUN,TARGET,0.00,POINTING_ERROR,9.62,SUN_ERROR,9.99,MAG_ERROR,-121.67,GYRO_Z,-0.303,RW_CMD,0
TM,EST_RAW,-9.99,EST_FILTERED,-9.99,EST_ANGLE,-9.62,EST_FILTER,ON,EST_FILTER_TYPE,MOVING_AVERAGE,EST_MA_WINDOW,1,EST_FILTER_STRENGTH,0.35
TM,EST_FUSION,ON,EST_GYRO_WEIGHT,0.98,EST_VALID,1
TM,SUN_L,3644,SUN_R,3698,SUN_NDV,-0.0074,SUN_ANGLE,-10.05
TM,MAG_X,-17.98,MAG_Y,29.15,MAG_Z,-10.06,MAG_HEADING,121.67
TM,GYRO_X,-1.024,GYRO_Y,-2.328,GYRO_Z,-0.216,BODY_RATE,0.216
TM,ADCS_MODE,MANUAL,ADCS_REFERENCE,SUN,TARGET,0.00,POINTING_ERROR,9.62,SUN_ERROR,9.64,MAG_ERROR,-121.66,GYRO_Z,0.003,RW_CMD,0
TM,EST_RAW,-9.64,EST_FILTERED,-9.64,EST_ANGLE,-9.62,EST_FILTER,ON,EST_FILTER_TYPE,MOVING_AVERAGE,EST_MA_WINDOW,1,EST_FILTER_STRENGTH,0.35
TM,EST_FUSION,ON,EST_GYRO_WEIGHT,0.98,EST_VALID,1
TM,SUN_L,3644,SUN_R,3698,SUN_NDV,-0.0074,SUN_ANGLE,-9.74
TM,MAG_X,-18.06,MAG_Y,29.30,MAG_Z,-10.14,MAG_HEADING,121.66
TM,GYRO_X,-0.875,GYRO_Y,-2.354,GYRO_Z,-0.408,BODY_RATE,0.408
TM,SUN_L,3645,SUN_R,3696,SUN_NDV,-0.0069,SUN_ANGLE,-9.42
TM,MAG_X,-18.37,MAG_Y,28.94,MAG_Z,-10.14,MAG_HEADING,122.40
TM,GYRO_X,-1.050,GYRO_Y,-2.293,GYRO_Z,-0.163,BODY_RATE,0.163
TM,ADCS_MODE,MANUAL,ADCS_REFERENCE,SUN,TARGET,0.00,POINTING_ERROR,9.59,SUN_ERROR,9.42,MAG_ERROR,-122.40,GYRO_Z,-0.163,RW_CMD,0
TM,EST_RAW,-9.42,EST_FILTERED,-9.42,EST_ANGLE,-9.59,EST_FILTER,ON,EST_FILTER_TYPE,MOVING_AVERAGE,EST_MA_WINDOW,1,EST_FILTER_STRENGTH,0.35
TM,EST_FUSION,ON,EST_GYRO_WEIGHT,0.98,EST_VALID,1
TM,SUN_L,3646,SUN_R,3698,SUN_NDV,-0.0071,SUN_ANGLE,-9.46
TM,MAG_X,-18.16,MAG_Y,29.12,MAG_Z,-10.21,MAG_HEADING,121.95
TM,GYRO_X,-1.269,GYRO_Y,-2.231,GYRO_Z,0.003,BODY_RATE,-0.003
TM,ADCS_MODE,MANUAL,ADCS_REFERENCE,SUN,TARGET,0.00,POINTING_ERROR,9.57,SUN_ERROR,9.75,MAG_ERROR,-121.95,GYRO_Z,0.012,RW_CMD,0
TM,EST_RAW,-9.75,EST_FILTERED,-9.75,EST_ANGLE,-9.57,EST_FILTER,ON,EST_FILTER_TYPE,MOVING_AVERAGE,EST_MA_WINDOW,1,EST_FILTER_STRENGTH,0.35
TM,EST_FUSION,ON,EST_GYRO_WEIGHT,0.98,EST_VALID,1
TM,SUN_L,3645,SUN_R,3698,SUN_NDV,-0.0072,SUN_ANGLE,-9.51
TM,MAG_X,-18.22,MAG_Y,29.10,MAG_Z,-9.90,MAG_HEADING,122.05
TM,GYRO_X,-0.884,GYRO_Y,-2.415,GYRO_Z,-0.058,BODY_RATE,0.058
TM,ADCS_MODE,MANUAL,ADCS_REFERENCE,SUN,TARGET,0.00,POINTING_ERROR,9.56,SUN_ERROR,9.53,MAG_ERROR,-122.10,GYRO_Z,-0.102,RW_CMD,0
TM,EST_RAW,-9.53,EST_FILTERED,-9.53,EST_ANGLE,-9.56,EST_FILTER,ON,EST_FILTER_TYPE,MOVING_AVERAGE,EST_MA_WINDOW,1,EST_FILTER_STRENGTH,0.35
TM,EST_FUSION,ON,EST_GYRO_WEIGHT,0.98,EST_VALID,1
TM,SUN_L,3645,SUN_R,3697,SUN_NDV,-0.0071,SUN_ANGLE,-9.59
TM,MAG_X,-18.16,MAG_Y,28.94,MAG_Z,-10.03,MAG_HEADING,122.10
TM,GYRO_X,-1.138,GYRO_Y,-2.257,GYRO_Z,-0.006,BODY_RATE,0.006
TM,ADCS_MODE,MANUAL,ADCS_REFERENCE,SUN,TARGET,0.00,POINTING_ERROR,9.56,SUN_ERROR,9.68,MAG_ERROR,-122.02,GYRO_Z,0.195,RW_CMD,0
TM,EST_RAW,-9.68,EST_FILTERED,-9.68,EST_ANGLE,-9.56,EST_FILTER,ON,EST_FILTER_TYPE,MOVING_AVERAGE,EST_MA_WINDOW,1,EST_FILTER_STRENGTH,0.35
TM,EST_FUSION,ON,EST_GYRO_WEIGHT,0.98,EST_VALID,1
TM,SUN_L,3643,SUN_R,3697,SUN_NDV,-0.0074,SUN_ANGLE,-8.39
TM,MAG_X,-18.11,MAG_Y,28.99,MAG_Z,-10.03,MAG_HEADING,121.99
TM,GYRO_X,-0.928,GYRO_Y,-2.161,GYRO_Z,-0.102,BODY_RATE,0.102
TM,SUN_L,3643,SUN_R,3698,SUN_NDV,-0.0075,SUN_ANGLE,-9.69
TM,MAG_X,-18.08,MAG_Y,28.99,MAG_Z,-9.87,MAG_HEADING,121.95
TM,GYRO_X,-1.094,GYRO_Y,-2.362,GYRO_Z,-0.207,BODY_RATE,0.207
TM,ADCS_MODE,MANUAL,ADCS_REFERENCE,SUN,TARGET,0.00,POINTING_ERROR,9.56,SUN_ERROR,9.52,MAG_ERROR,-121.95,GYRO_Z,-0.207,RW_CMD,0
TM,EST_RAW,-9.52,EST_FILTERED,-9.52,EST_ANGLE,-9.56,EST_FILTER,ON,EST_FILTER_TYPE,MOVING_AVERAGE,EST_MA_WINDOW,1,EST_FILTER_STRENGTH,0.35
TM,EST_FUSION,ON,EST_GYRO_WEIGHT,0.98,EST_VALID,1
TM,SUN_L,3642,SUN_R,3696,SUN_NDV,-0.0074,SUN_ANGLE,-9.73
TM,MAG_X,-18.14,MAG_Y,28.94,MAG_Z,-10.08,MAG_HEADING,122.08
TM,GYRO_X,-1.024,GYRO_Y,-2.389,GYRO_Z,-0.233,BODY_RATE,0.233
TM,ADCS_MODE,MANUAL,ADCS_REFERENCE,SUN,TARGET,0.00,POINTING_ERROR,9.58,SUN_ERROR,9.70,MAG_ERROR,-122.08,GYRO_Z,-0.067,RW_CMD,0
TM,EST_RAW,-9.70,EST_FILTERED,-9.70,EST_ANGLE,-9.58,EST_FILTER,ON,EST_FILTER_TYPE,MOVING_AVERAGE,EST_MA_WINDOW,1,EST_FILTER_STRENGTH,0.35
TM,EST_FUSION,ON,EST_GYRO_WEIGHT,0.98,EST_VALID,1
TM,SUN_L,3642,SUN_R,3695,SUN_NDV,-0.0072,SUN_ANGLE,-9.96
TM,MAG_X,-18.11,MAG_Y,28.98,MAG_Z,-10.06,MAG_HEADING,122.01
TM,GYRO_X,-1.024,GYRO_Y,-2.161,GYRO_Z,-0.006,BODY_RATE,0.006
TM,ADCS_MODE,MANUAL,ADCS_REFERENCE,SUN,TARGET,0.00,POINTING_ERROR,9.58,SUN_ERROR,9.94,MAG_ERROR,-122.01,GYRO_Z,0.090,RW_CMD,0
TM,EST_RAW,-9.94,EST_FILTERED,-9.94,EST_ANGLE,-9.58,EST_FILTER,ON,EST_FILTER_TYPE,MOVING_AVERAGE,EST_MA_WINDOW,1,EST_FILTER_STRENGTH,0.35
TM,EST_FUSION,ON,EST_GYRO_WEIGHT,0.98,EST_VALID,1
TM,SUN_L,3642,SUN_R,3696,SUN_NDV,-0.0074,SUN_ANGLE,-9.85
TM,MAG_X,-18.13,MAG_Y,28.93,MAG_Z,-9.92,MAG_HEADING,122.07
TM,GYRO_X,-0.866,GYRO_Y,-2.415,GYRO_Z,-0.041,BODY_RATE,0.041
TM,ADCS_MODE,MANUAL,ADCS_REFERENCE,SUN,TARGET,0.00,POINTING_ERROR,9.63,SUN_ERROR,9.91,MAG_ERROR,-122.17,GYRO_Z,-0.032,RW_CMD,0
TM,EST_RAW,-9.91,EST_FILTERED,-9.91,EST_ANGLE,-9.63,EST_FILTER,ON,EST_FILTER_TYPE,MOVING_AVERAGE,EST_MA_WINDOW,1,EST_FILTER_STRENGTH,0.35
TM,EST_FUSION,ON,EST_GYRO_WEIGHT,0.98,EST_VALID,1
TM,SUN_L,3642,SUN_R,3697,SUN_NDV,-0.0075,SUN_ANGLE,-9.78
TM,MAG_X,-18.10,MAG_Y,28.77,MAG_Z,-9.95,MAG_HEADING,122.17
TM,GYRO_X,-1.006,GYRO_Y,-2.572,GYRO_Z,-0.277,BODY_RATE,0.277
TM,SUN_L,3642,SUN_R,3696,SUN_NDV,-0.0074,SUN_ANGLE,-9.86
TM,MAG_X,-18.13,MAG_Y,28.94,MAG_Z,-10.06,MAG_HEADING,122.06
TM,GYRO_X,-0.919,GYRO_Y,-2.572,GYRO_Z,-0.032,BODY_RATE,0.032
TM,ADCS_MODE,MANUAL,ADCS_REFERENCE,SUN,TARGET,0.00,POINTING_ERROR,9.67,SUN_ERROR,9.86,MAG_ERROR,-122.06,GYRO_Z,-0.006,RW_CMD,0
TM,EST_RAW,-9.86,EST_FILTERED,-9.86,EST_ANGLE,-9.67,EST_FILTER,ON,EST_FILTER_TYPE,MOVING_AVERAGE,EST_MA_WINDOW,1,EST_FILTER_STRENGTH,0.35
TM,EST_FUSION,ON,EST_GYRO_WEIGHT,0.98,EST_VALID,1
TM,SUN_L,3641,SUN_R,3697,SUN_NDV,-0.0076,SUN_ANGLE,-9.76
TM,MAG_X,-18.16,MAG_Y,28.91,MAG_Z,-9.95,MAG_HEADING,122.13
TM,GYRO_X,-0.849,GYRO_Y,-2.354,GYRO_Z,0.047,BODY_RATE,-0.047
TM,ADCS_MODE,MANUAL,ADCS_REFERENCE,SUN,TARGET,0.00,POINTING_ERROR,9.69,SUN_ERROR,9.76,MAG_ERROR,-122.13,GYRO_Z,-0.067,RW_CMD,0
TM,EST_RAW,-9.76,EST_FILTERED,-9.76,EST_ANGLE,-9.69,EST_FILTER,ON,EST_FILTER_TYPE,MOVING_AVERAGE,EST_MA_WINDOW,1,EST_FILTER_STRENGTH,0.35
TM,EST_FUSION,ON,EST_GYRO_WEIGHT,0.98,EST_VALID,1
TM,SUN_L,3642,SUN_R,3696,SUN_NDV,-0.0074,SUN_ANGLE,-9.75
TM,MAG_X,-18.37,MAG_Y,28.75,MAG_Z,-9.90,MAG_HEADING,122.57
TM,GYRO_X,-0.998,GYRO_Y,-2.625,GYRO_Z,-0.163,BODY_RATE,0.163
TM,ADCS_MODE,MANUAL,ADCS_REFERENCE,SUN,TARGET,0.00,POINTING_ERROR,9.71,SUN_ERROR,9.70,MAG_ERROR,-121.89,GYRO_Z,-0.050,RW_CMD,0
TM,EST_RAW,-9.70,EST_FILTERED,-9.70,EST_ANGLE,-9.71,EST_FILTER,ON,EST_FILTER_TYPE,MOVING_AVERAGE,EST_MA_WINDOW,1,EST_FILTER_STRENGTH,0.35
TM,EST_FUSION,ON,EST_GYRO_WEIGHT,0.98,EST_VALID,1
TM,SUN_L,3642,SUN_R,3696,SUN_NDV,-0.0074,SUN_ANGLE,-9.98
TM,MAG_X,-18.00,MAG_Y,28.93,MAG_Z,-9.84,MAG_HEADING,121.89
TM,GYRO_X,-1.024,GYRO_Y,-2.476,GYRO_Z,-0.163,BODY_RATE,0.163
TM,ADCS_MODE,MANUAL,ADCS_REFERENCE,SUN,TARGET,0.00,POINTING_ERROR,9.74,SUN_ERROR,9.84,MAG_ERROR,-122.25,GYRO_Z,0.047,RW_CMD,0
TM,EST_RAW,-9.84,EST_FILTERED,-9.84,EST_ANGLE,-9.74,EST_FILTER,ON,EST_FILTER_TYPE,MOVING_AVERAGE,EST_MA_WINDOW,1,EST_FILTER_STRENGTH,0.35
TM,EST_FUSION,ON,EST_GYRO_WEIGHT,0.98,EST_VALID,1
TM,SUN_L,3642,SUN_R,3696,SUN_NDV,-0.0074,SUN_ANGLE,-9.98
TM,MAG_X,-18.08,MAG_Y,28.66,MAG_Z,-9.90,MAG_HEADING,122.25
TM,GYRO_X,-1.024,GYRO_Y,-2.389,GYRO_Z,-0.216,BODY_RATE,0.216
TM,SUN_L,3641,SUN_R,3695,SUN_NDV,-0.0074,SUN_ANGLE,-9.97
TM,MAG_X,-18.19,MAG_Y,28.78,MAG_Z,-9.86,MAG_HEADING,122.29
TM,GYRO_X,-0.892,GYRO_Y,-2.529,GYRO_Z,-0.120,BODY_RATE,0.120
TM,ADCS_MODE,MANUAL,ADCS_REFERENCE,SUN,TARGET,0.00,POINTING_ERROR,9.75,SUN_ERROR,9.80,MAG_ERROR,-122.29,GYRO_Z,0.073,RW_CMD,0
TM,EST_RAW,-9.80,EST_FILTERED,-9.80,EST_ANGLE,-9.75,EST_FILTER,ON,EST_FILTER_TYPE,MOVING_AVERAGE,EST_MA_WINDOW,1,EST_FILTER_STRENGTH,0.35
TM,EST_FUSION,ON,EST_GYRO_WEIGHT,0.98,EST_VALID,1
TM,SUN_L,3641,SUN_R,3696,SUN_NDV,-0.0075,SUN_ANGLE,-9.93
TM,MAG_X,-18.26,MAG_Y,28.75,MAG_Z,-9.92,MAG_HEADING,122.41
TM,GYRO_X,-0.980,GYRO_Y,-2.433,GYRO_Z,-0.190,BODY_RATE,0.190
TM,ADCS_MODE,MANUAL,ADCS_REFERENCE,SUN,TARGET,0.00,POINTING_ERROR,9.76,SUN_ERROR,9.96,MAG_ERROR,-122.41,GYRO_Z,0.125,RW_CMD,0
TM,EST_RAW,-9.96,EST_FILTERED,-9.96,EST_ANGLE,-9.76,EST_FILTER,ON,EST_FILTER_TYPE,MOVING_AVERAGE,EST_MA_WINDOW,1,EST_FILTER_STRENGTH,0.35
TM,EST_FUSION,ON,EST_GYRO_WEIGHT,0.98,EST_VALID,1
TM,SUN_L,3640,SUN_R,3696,SUN_NDV,-0.0076,SUN_ANGLE,-9.65
TM,MAG_X,-18.18,MAG_Y,28.85,MAG_Z,-9.82,MAG_HEADING,122.21
TM,GYRO_X,-1.146,GYRO_Y,-2.503,GYRO_Z,-0.172,BODY_RATE,0.172
TM,ADCS_MODE,MANUAL,ADCS_REFERENCE,SUN,TARGET,0.00,POINTING_ERROR,9.77,SUN_ERROR,9.87,MAG_ERROR,-122.08,GYRO_Z,0.055,RW_CMD,0
TM,EST_RAW,-9.87,EST_FILTERED,-9.87,EST_ANGLE,-9.77,EST_FILTER,ON,EST_FILTER_TYPE,MOVING_AVERAGE,EST_MA_WINDOW,1,EST_FILTER_STRENGTH,0.35
TM,EST_FUSION,ON,EST_GYRO_WEIGHT,0.98,EST_VALID,1
TM,SUN_L,3640,SUN_R,3695,SUN_NDV,-0.0075,SUN_ANGLE,-10.03
TM,MAG_X,-18.13,MAG_Y,28.78,MAG_Z,-9.90,MAG_HEADING,122.20
TM,GYRO_X,-0.814,GYRO_Y,-2.328,GYRO_Z,0.064,BODY_RATE,-0.064
TM,ADCS_MODE,MANUAL,ADCS_REFERENCE,SUN,TARGET,0.00,POINTING_ERROR,9.78,SUN_ERROR,9.76,MAG_ERROR,-122.39,GYRO_Z,-0.041,RW_CMD,0
TM,EST_RAW,-9.76,EST_FILTERED,-9.76,EST_ANGLE,-9.78,EST_FILTER,ON,EST_FILTER_TYPE,MOVING_AVERAGE,EST_MA_WINDOW,1,EST_FILTER_STRENGTH,0.35
TM,EST_FUSION,ON,EST_GYRO_WEIGHT,0.98,EST_VALID,1
TM,SUN_L,3638,SUN_R,3697,SUN_NDV,-0.0080,SUN_ANGLE,-9.93
TM,MAG_X,-18.24,MAG_Y,28.75,MAG_Z,-9.86,MAG_HEADING,122.39
TM,GYRO_X,-0.962,GYRO_Y,-2.362,GYRO_Z,0.003,BODY_RATE,-0.003
TM,SUN_L,3640,SUN_R,3695,SUN_NDV,-0.0075,SUN_ANGLE,-10.14
TM,MAG_X,-18.27,MAG_Y,28.77,MAG_Z,-9.97,MAG_HEADING,122.42
TM,GYRO_X,-1.033,GYRO_Y,-2.476,GYRO_Z,0.047,BODY_RATE,-0.047
TM,ADCS_MODE,MANUAL,ADCS_REFERENCE,SUN,TARGET,0.00,POINTING_ERROR,9.80,SUN_ERROR,10.14,MAG_ERROR,-122.42,GYRO_Z,0.047,RW_CMD,0
TM,EST_RAW,-10.14,EST_FILTERED,-10.14,EST_ANGLE,-9.80,EST_FILTER,ON,EST_FILTER_TYPE,MOVING_AVERAGE,EST_MA_WINDOW,1,EST_FILTER_STRENGTH,0.35
TM,EST_FUSION,ON,EST_GYRO_WEIGHT,0.98,EST_VALID,1
TM,SUN_L,3639,SUN_R,3694,SUN_NDV,-0.0075,SUN_ANGLE,-10.14
TM,MAG_X,-18.21,MAG_Y,28.78,MAG_Z,-9.97,MAG_HEADING,122.32
TM,GYRO_X,-0.840,GYRO_Y,-2.511,GYRO_Z,-0.128,BODY_RATE,0.128
TM,ADCS_MODE,MANUAL,ADCS_REFERENCE,SUN,TARGET,0.00,POINTING_ERROR,9.80,SUN_ERROR,9.86,MAG_ERROR,-122.34,GYRO_Z,-0.111,RW_CMD,0
TM,EST_RAW,-9.86,EST_FILTERED,-9.86,EST_ANGLE,-9.80,EST_FILTER,ON,EST_FILTER_TYPE,MOVING_AVERAGE,EST_MA_WINDOW,1,EST_FILTER_STRENGTH,0.35
TM,EST_FUSION,ON,EST_GYRO_WEIGHT,0.98,EST_VALID,1
TM,SUN_L,3640,SUN_R,3696,SUN_NDV,-0.0076,SUN_ANGLE,-9.73
TM,MAG_X,-18.11,MAG_Y,28.78,MAG_Z,-9.98,MAG_HEADING,122.18
TM,GYRO_X,-0.849,GYRO_Y,-2.546,GYRO_Z,-0.093,BODY_RATE,0.093
TM,ADCS_MODE,MANUAL,ADCS_REFERENCE,SUN,TARGET,0.00,POINTING_ERROR,9.77,SUN_ERROR,9.92,MAG_ERROR,-122.18,GYRO_Z,0.055,RW_CMD,0
TM,EST_RAW,-9.92,EST_FILTERED,-9.92,EST_ANGLE,-9.77,EST_FILTER,ON,EST_FILTER_TYPE,MOVING_AVERAGE,EST_MA_WINDOW,1,EST_FILTER_STRENGTH,0.35
TM,EST_FUSION,ON,EST_GYRO_WEIGHT,0.98,EST_VALID,1
TM,SUN_L,3641,SUN_R,3695,SUN_NDV,-0.0074,SUN_ANGLE,-9.85
TM,MAG_X,-18.34,MAG_Y,28.83,MAG_Z,-9.82,MAG_HEADING,122.45
TM,GYRO_X,-0.674,GYRO_Y,-2.345,GYRO_Z,-0.058,BODY_RATE,0.058
TM,ADCS_MODE,MANUAL,ADCS_REFERENCE,SUN,TARGET,0.00,POINTING_ERROR,9.74,SUN_ERROR,9.67,MAG_ERROR,-122.81,GYRO_Z,-0.067,RW_CMD,0
TM,EST_RAW,-9.67,EST_FILTERED,-9.67,EST_ANGLE,-9.74,EST_FILTER,ON,EST_FILTER_TYPE,MOVING_AVERAGE,EST_MA_WINDOW,1,EST_FILTER_STRENGTH,0.35
TM,EST_FUSION,ON,EST_GYRO_WEIGHT,0.98,EST_VALID,1
TM,SUN_L,3641,SUN_R,3696,SUN_NDV,-0.0075,SUN_ANGLE,-9.75
TM,MAG_X,-18.46,MAG_Y,28.64,MAG_Z,-9.89,MAG_HEADING,122.81
TM,GYRO_X,-1.015,GYRO_Y,-2.362,GYRO_Z,-0.128,BODY_RATE,0.128
TM,SUN_L,3641,SUN_R,3695,SUN_NDV,-0.0074,SUN_ANGLE,-9.74
TM,MAG_X,-18.34,MAG_Y,28.70,MAG_Z,-9.62,MAG_HEADING,122.57
TM,GYRO_X,-0.945,GYRO_Y,-2.266,GYRO_Z,-0.032,BODY_RATE,0.032
TM,ADCS_MODE,MANUAL,ADCS_REFERENCE,SUN,TARGET,0.00,POINTING_ERROR,9.75,SUN_ERROR,9.83,MAG_ERROR,-122.43,GYRO_Z,0.134,RW_CMD,0
TM,EST_RAW,-9.83,EST_FILTERED,-9.83,EST_ANGLE,-9.75,EST_FILTER,ON,EST_FILTER_TYPE,MOVING_AVERAGE,EST_MA_WINDOW,1,EST_FILTER_STRENGTH,0.35
TM,EST_FUSION,ON,EST_GYRO_WEIGHT,0.98,EST_VALID,1
TM,SUN_L,3642,SUN_R,3698,SUN_NDV,-0.0076,SUN_ANGLE,-9.82
TM,MAG_X,-18.69,MAG_Y,28.58,MAG_Z,-9.87,MAG_HEADING,123.18
TM,GYRO_X,-0.980,GYRO_Y,-2.336,GYRO_Z,-0.356,BODY_RATE,0.356
TM,ADCS_MODE,MANUAL,ADCS_REFERENCE,SUN,TARGET,0.00,POINTING_ERROR,9.78,SUN_ERROR,9.90,MAG_ERROR,-123.18,GYRO_Z,-0.067,RW_CMD,0
TM,EST_RAW,-9.90,EST_FILTERED,-9.90,EST_ANGLE,-9.78,EST_FILTER,ON,EST_FILTER_TYPE,MOVING_AVERAGE,EST_MA_WINDOW,1,EST_FILTER_STRENGTH,0.35
TM,EST_FUSION,ON,EST_GYRO_WEIGHT,0.98,EST_VALID,1
TM,SUN_L,3643,SUN_R,3698,SUN_NDV,-0.0075,SUN_ANGLE,-10.05
TM,MAG_X,-18.08,MAG_Y,28.66,MAG_Z,-9.84,MAG_HEADING,122.25
TM,GYRO_X,-0.805,GYRO_Y,-2.433,GYRO_Z,-0.111,BODY_RATE,0.111
TM,ADCS_MODE,MANUAL,ADCS_REFERENCE,SUN,TARGET,0.00,POINTING_ERROR,9.79,SUN_ERROR,9.76,MAG_ERROR,-122.05,GYRO_Z,-0.076,RW_CMD,0
TM,EST_RAW,-9.76,EST_FILTERED,-9.76,EST_ANGLE,-9.79,EST_FILTER,ON,EST_FILTER_TYPE,MOVING_AVERAGE,EST_MA_WINDOW,1,EST_FILTER_STRENGTH,0.35
TM,EST_FUSION,ON,EST_GYRO_WEIGHT,0.98,EST_VALID,1
TM,SUN_L,3642,SUN_R,3697,SUN_NDV,-0.0075,SUN_ANGLE,-9.94
TM,MAG_X,-18.06,MAG_Y,28.85,MAG_Z,-10.02,MAG_HEADING,122.05
TM,GYRO_X,-1.129,GYRO_Y,-2.179,GYRO_Z,-0.058,BODY_RATE,0.058
TM,ADCS_MODE,MANUAL,ADCS_REFERENCE,SUN,TARGET,0.00,POINTING_ERROR,9.81,SUN_ERROR,9.94,MAG_ERROR,-122.08,GYRO_Z,-0.076,RW_CMD,0
TM,EST_RAW,-9.94,EST_FILTERED,-9.94,EST_ANGLE,-9.81,EST_FILTER,ON,EST_FILTER_TYPE,MOVING_AVERAGE,EST_MA_WINDOW,1,EST_FILTER_STRENGTH,0.35
TM,EST_FUSION,ON,EST_GYRO_WEIGHT,0.98,EST_VALID,1
TM,SUN_L,3640,SUN_R,3695,SUN_NDV,-0.0075,SUN_ANGLE,-9.86
TM,MAG_X,-18.18,MAG_Y,28.86,MAG_Z,-9.95,MAG_HEADING,122.20
TM,GYRO_X,-1.041,GYRO_Y,-2.205,GYRO_Z,-0.085,BODY_RATE,0.085
TM,SUN_L,3642,SUN_R,3697,SUN_NDV,-0.0075,SUN_ANGLE,-9.65
TM,MAG_X,-18.19,MAG_Y,28.90,MAG_Z,-9.89,MAG_HEADING,122.19
TM,GYRO_X,-0.954,GYRO_Y,-2.223,GYRO_Z,0.082,BODY_RATE,-0.082
TM,ADCS_MODE,MANUAL,ADCS_REFERENCE,SUN,TARGET,0.00,POINTING_ERROR,9.83,SUN_ERROR,9.65,MAG_ERROR,-122.19,GYRO_Z,0.082,RW_CMD,0
TM,EST_RAW,-9.65,EST_FILTERED,-9.65,EST_ANGLE,-9.83,EST_FILTER,ON,EST_FILTER_TYPE,MOVING_AVERAGE,EST_MA_WINDOW,1,EST_FILTER_STRENGTH,0.35
TM,EST_FUSION,ON,EST_GYRO_WEIGHT,0.98,EST_VALID,1
TM,SUN_L,3642,SUN_R,3696,SUN_NDV,-0.0074,SUN_ANGLE,-9.72
TM,MAG_X,-18.14,MAG_Y,28.82,MAG_Z,-9.87,MAG_HEADING,122.20
TM,GYRO_X,-0.989,GYRO_Y,-2.319,GYRO_Z,0.160,BODY_RATE,-0.160
TM,ADCS_MODE,MANUAL,ADCS_REFERENCE,SUN,TARGET,0.00,POINTING_ERROR,9.84,SUN_ERROR,9.95,MAG_ERROR,-121.90,GYRO_Z,-0.242,RW_CMD,0
TM,EST_RAW,-9.95,EST_FILTERED,-9.95,EST_ANGLE,-9.84,EST_FILTER,ON,EST_FILTER_TYPE,MOVING_AVERAGE,EST_MA_WINDOW,1,EST_FILTER_STRENGTH,0.35
TM,EST_FUSION,ON,EST_GYRO_WEIGHT,0.98,EST_VALID,1
TM,SUN_L,3643,SUN_R,3695,SUN_NDV,-0.0071,SUN_ANGLE,-9.78
TM,MAG_X,-17.98,MAG_Y,28.90,MAG_Z,-9.87,MAG_HEADING,121.90
TM,GYRO_X,-1.024,GYRO_Y,-2.406,GYRO_Z,-0.155,BODY_RATE,0.155
TM,ADCS_MODE,MANUAL,ADCS_REFERENCE,SUN,TARGET,0.00,POINTING_ERROR,9.83,SUN_ERROR,10.08,MAG_ERROR,-122.15,GYRO_Z,-0.312,RW_CMD,0
TM,EST_RAW,-10.08,EST_FILTERED,-10.08,EST_ANGLE,-9.83,EST_FILTER,ON,EST_FILTER_TYPE,MOVING_AVERAGE,EST_MA_WINDOW,1,EST_FILTER_STRENGTH,0.35
TM,EST_FUSION,ON,EST_GYRO_WEIGHT,0.98,EST_VALID,1
TM,SUN_L,3642,SUN_R,3699,SUN_NDV,-0.0078,SUN_ANGLE,-9.94
TM,MAG_X,-18.13,MAG_Y,28.93,MAG_Z,-9.62,MAG_HEADING,122.07
TM,GYRO_X,-1.059,GYRO_Y,-2.328,GYRO_Z,-0.277,BODY_RATE,0.277
TM,ADCS_MODE,MANUAL,ADCS_REFERENCE,SUN,TARGET,0.00,POINTING_ERROR,9.85,SUN_ERROR,9.86,MAG_ERROR,-122.12,GYRO_Z,-0.163,RW_CMD,0
TM,EST_RAW,-9.86,EST_FILTERED,-9.86,EST_ANGLE,-9.85,EST_FILTER,ON,EST_FILTER_TYPE,MOVING_AVERAGE,EST_MA_WINDOW,1,EST_FILTER_STRENGTH,0.35
TM,EST_FUSION,ON,EST_GYRO_WEIGHT,0.98,EST_VALID,1
TM,SUN_L,3640,SUN_R,3697,SUN_NDV,-0.0078,SUN_ANGLE,-9.79
TM,MAG_X,-18.03,MAG_Y,28.72,MAG_Z,-9.90,MAG_HEADING,122.12
TM,GYRO_X,-0.998,GYRO_Y,-2.301,GYRO_Z,0.117,BODY_RATE,-0.117
TM,SUN_L,3641,SUN_R,3694,SUN_NDV,-0.0072,SUN_ANGLE,-9.99
TM,MAG_X,-18.24,MAG_Y,28.85,MAG_Z,-9.78,MAG_HEADING,122.30
TM,GYRO_X,-0.892,GYRO_Y,-2.494,GYRO_Z,-0.207,BODY_RATE,0.207
TM,ADCS_MODE,MANUAL,ADCS_REFERENCE,SUN,TARGET,0.00,POINTING_ERROR,9.84,SUN_ERROR,9.78,MAG_ERROR,-122.30,GYRO_Z,-0.225,RW_CMD,0
TM,EST_RAW,-9.78,EST_FILTERED,-9.78,EST_ANGLE,-9.84,EST_FILTER,ON,EST_FILTER_TYPE,MOVING_AVERAGE,EST_MA_WINDOW,1,EST_FILTER_STRENGTH,0.35
TM,EST_FUSION,ON,EST_GYRO_WEIGHT,0.98,EST_VALID,1
TM,SUN_L,3641,SUN_R,3697,SUN_NDV,-0.0076,SUN_ANGLE,-9.69
TM,MAG_X,-18.21,MAG_Y,28.78,MAG_Z,-9.79,MAG_HEADING,122.32
TM,GYRO_X,-0.866,GYRO_Y,-2.441,GYRO_Z,0.038,BODY_RATE,-0.038
TM,ADCS_MODE,MANUAL,ADCS_REFERENCE,SUN,TARGET,0.00,POINTING_ERROR,9.82,SUN_ERROR,9.69,MAG_ERROR,-122.32,GYRO_Z,-0.146,RW_CMD,0
TM,EST_RAW,-9.69,EST_FILTERED,-9.69,EST_ANGLE,-9.82,EST_FILTER,ON,EST_FILTER_TYPE,MOVING_AVERAGE,EST_MA_WINDOW,1,EST_FILTER_STRENGTH,0.35
TM,EST_FUSION,ON,EST_GYRO_WEIGHT,0.98,EST_VALID,1
TM,SUN_L,3641,SUN_R,3695,SUN_NDV,-0.0074,SUN_ANGLE,-9.80
TM,MAG_X,-18.08,MAG_Y,28.85,MAG_Z,-9.89,MAG_HEADING,122.08
TM,GYRO_X,-1.015,GYRO_Y,-2.301,GYRO_Z,0.117,BODY_RATE,-0.117
TM,ADCS_MODE,MANUAL,ADCS_REFERENCE,SUN,TARGET,0.00,POINTING_ERROR,9.84,SUN_ERROR,9.80,MAG_ERROR,-122.08,GYRO_Z,0.020,RW_CMD,0
TM,EST_RAW,-9.80,EST_FILTERED,-9.80,EST_ANGLE,-9.84,EST_FILTER,ON,EST_FILTER_TYPE,MOVING_AVERAGE,EST_MA_WINDOW,1,EST_FILTER_STRENGTH,0.35
TM,EST_FUSION,ON,EST_GYRO_WEIGHT,0.98,EST_VALID,1
TM,SUN_L,3642,SUN_R,3697,SUN_NDV,-0.0075,SUN_ANGLE,-9.81
TM,MAG_X,-18.24,MAG_Y,28.85,MAG_Z,-9.87,MAG_HEADING,122.30
TM,GYRO_X,-1.033,GYRO_Y,-2.310,GYRO_Z,-0.198,BODY_RATE,0.198
TM,ADCS_MODE,MANUAL,ADCS_REFERENCE,SUN,TARGET,0.00,POINTING_ERROR,9.84,SUN_ERROR,9.65,MAG_ERROR,-122.20,GYRO_Z,-0.128,RW_CMD,0
TM,EST_RAW,-9.65,EST_FILTERED,-9.65,EST_ANGLE,-9.84,EST_FILTER,ON,EST_FILTER_TYPE,MOVING_AVERAGE,EST_MA_WINDOW,1,EST_FILTER_STRENGTH,0.35
TM,EST_FUSION,ON,EST_GYRO_WEIGHT,0.98,EST_VALID,1
TM,SUN_L,3644,SUN_R,3698,SUN_NDV,-0.0074,SUN_ANGLE,-9.75
TM,MAG_X,-18.10,MAG_Y,28.74,MAG_Z,-9.98,MAG_HEADING,122.20
TM,GYRO_X,-0.752,GYRO_Y,-2.380,GYRO_Z,0.055,BODY_RATE,-0.055
TM,SUN_L,3645,SUN_R,3699,SUN_NDV,-0.0074,SUN_ANGLE,-9.90
TM,MAG_X,-18.22,MAG_Y,28.91,MAG_Z,-9.86,MAG_HEADING,122.22
TM,GYRO_X,-0.892,GYRO_Y,-2.494,GYRO_Z,-0.085,BODY_RATE,0.085
TM,ADCS_MODE,MANUAL,ADCS_REFERENCE,SUN,TARGET,0.00,POINTING_ERROR,9.82,SUN_ERROR,9.90,MAG_ERROR,-122.22,GYRO_Z,-0.085,RW_CMD,0
TM,EST_RAW,-9.90,EST_FILTERED,-9.90,EST_ANGLE,-9.82,EST_FILTER,ON,EST_FILTER_TYPE,MOVING_AVERAGE,EST_MA_WINDOW,1,EST_FILTER_STRENGTH,0.35
TM,EST_FUSION,ON,EST_GYRO_WEIGHT,0.98,EST_VALID,1
TM,SUN_L,3643,SUN_R,3697,SUN_NDV,-0.0074,SUN_ANGLE,-9.78
TM,MAG_X,-18.34,MAG_Y,28.74,MAG_Z,-9.97,MAG_HEADING,122.54
TM,GYRO_X,-0.936,GYRO_Y,-2.310,GYRO_Z,-0.102,BODY_RATE,0.102
TM,ADCS_MODE,MANUAL,ADCS_REFERENCE,SUN,TARGET,0.00,POINTING_ERROR,9.78,SUN_ERROR,9.53,MAG_ERROR,-122.54,GYRO_Z,-0.076,RW_CMD,0
TM,EST_RAW,-9.53,EST_FILTERED,-9.53,EST_ANGLE,-9.78,EST_FILTER,ON,EST_FILTER_TYPE,MOVING_AVERAGE,EST_MA_WINDOW,1,EST_FILTER_STRENGTH,0.35
TM,EST_FUSION,ON,EST_GYRO_WEIGHT,0.98,EST_VALID,1
TM,SUN_L,3645,SUN_R,3699,SUN_NDV,-0.0074,SUN_ANGLE,-9.70
TM,MAG_X,-18.18,MAG_Y,28.77,MAG_Z,-10.05,MAG_HEADING,122.29
TM,GYRO_X,-0.971,GYRO_Y,-2.257,GYRO_Z,-0.190,BODY_RATE,0.190
TM,ADCS_MODE,MANUAL,ADCS_REFERENCE,SUN,TARGET,0.00,POINTING_ERROR,9.74,SUN_ERROR,9.89,MAG_ERROR,-121.97,GYRO_Z,-0.050,RW_CMD,0
TM,EST_RAW,-9.89,EST_FILTERED,-9.89,EST_ANGLE,-9.74,EST_FILTER,ON,EST_FILTER_TYPE,MOVING_AVERAGE,EST_MA_WINDOW,1,EST_FILTER_STRENGTH,0.35
TM,EST_FUSION,ON,EST_GYRO_WEIGHT,0.98,EST_VALID,1
TM,SUN_L,3645,SUN_R,3698,SUN_NDV,-0.0072,SUN_ANGLE,-9.82
TM,MAG_X,-18.05,MAG_Y,28.91,MAG_Z,-9.95,MAG_HEADING,121.97
TM,GYRO_X,-1.059,GYRO_Y,-2.310,GYRO_Z,0.090,BODY_RATE,-0.090
TM,ADCS_MODE,MANUAL,ADCS_REFERENCE,SUN,TARGET,0.00,POINTING_ERROR,9.73,SUN_ERROR,9.47,MAG_ERROR,-122.18,GYRO_Z,0.230,RW_CMD,0
TM,EST_RAW,-9.47,EST_FILTERED,-9.47,EST_ANGLE,-9.73,EST_FILTER,ON,EST_FILTER_TYPE,MOVING_AVERAGE,EST_MA_WINDOW,1,EST_FILTER_STRENGTH,0.35
TM,EST_FUSION,ON,EST_GYRO_WEIGHT,0.98,EST_VALID,1
TM,SUN_L,3644,SUN_R,3698,SUN_NDV,-0.0074,SUN_ANGLE,-9.80
TM,MAG_X,-18.26,MAG_Y,28.88,MAG_Z,-10.03,MAG_HEADING,122.30
TM,GYRO_X,-0.971,GYRO_Y,-2.424,GYRO_Z,-0.207,BODY_RATE,0.207
TM,SUN_L,3644,SUN_R,3699,SUN_NDV,-0.0075,SUN_ANGLE,-9.85
TM,MAG_X,-18.16,MAG_Y,28.77,MAG_Z,-9.78,MAG_HEADING,122.26
TM,GYRO_X,-0.858,GYRO_Y,-2.354,GYRO_Z,0.108,BODY_RATE,-0.108
TM,ADCS_MODE,MANUAL,ADCS_REFERENCE,SUN,TARGET,0.00,POINTING_ERROR,9.73,SUN_ERROR,9.85,MAG_ERROR,-122.26,GYRO_Z,0.108,RW_CMD,0
TM,EST_RAW,-9.85,EST_FILTERED,-9.85,EST_ANGLE,-9.73,EST_FILTER,ON,EST_FILTER_TYPE,MOVING_AVERAGE,EST_MA_WINDOW,1,EST_FILTER_STRENGTH,0.35
TM,EST_FUSION,ON,EST_GYRO_WEIGHT,0.98,EST_VALID,1
TM,SUN_L,3644,SUN_R,3698,SUN_NDV,-0.0074,SUN_ANGLE,-9.59
TM,MAG_X,-18.13,MAG_Y,28.98,MAG_Z,-10.02,MAG_HEADING,122.03
TM,GYRO_X,-0.971,GYRO_Y,-2.275,GYRO_Z,-0.172,BODY_RATE,0.172
TM,ADCS_MODE,MANUAL,ADCS_REFERENCE,SUN,TARGET,0.00,POINTING_ERROR,9.68,SUN_ERROR,9.81,MAG_ERROR,-122.06,GYRO_Z,-0.067,RW_CMD,0
TM,EST_RAW,-9.81,EST_FILTERED,-9.81,EST_ANGLE,-9.68,EST_FILTER,ON,EST_FILTER_TYPE,MOVING_AVERAGE,EST_MA_WINDOW,1,EST_FILTER_STRENGTH,0.35
TM,EST_FUSION,ON,EST_GYRO_WEIGHT,0.98,EST_VALID,1
TM,SUN_L,3644,SUN_R,3697,SUN_NDV,-0.0072,SUN_ANGLE,-9.41
TM,MAG_X,-18.08,MAG_Y,28.86,MAG_Z,-9.98,MAG_HEADING,122.06
TM,GYRO_X,-1.260,GYRO_Y,-2.188,GYRO_Z,-0.067,BODY_RATE,0.067
TM,ADCS_MODE,MANUAL,ADCS_REFERENCE,SUN,TARGET,0.00,POINTING_ERROR,9.63,SUN_ERROR,9.38,MAG_ERROR,-122.06,GYRO_Z,-0.146,RW_CMD,0
TM,EST_RAW,-9.38,EST_FILTERED,-9.38,EST_ANGLE,-9.63,EST_FILTER,ON,EST_FILTER_TYPE,MOVING_AVERAGE,EST_MA_WINDOW,1,EST_FILTER_STRENGTH,0.35
TM,EST_FUSION,ON,EST_GYRO_WEIGHT,0.98,EST_VALID,1
TM,SUN_L,3644,SUN_R,3698,SUN_NDV,-0.0074,SUN_ANGLE,-9.85
TM,MAG_X,-18.14,MAG_Y,28.88,MAG_Z,-9.94,MAG_HEADING,122.14
TM,GYRO_X,-0.954,GYRO_Y,-2.450,GYRO_Z,0.204,BODY_RATE,-0.204
TM,ADCS_MODE,MANUAL,ADCS_REFERENCE,SUN,TARGET,0.00,POINTING_ERROR,9.64,SUN_ERROR,9.79,MAG_ERROR,-122.23,GYRO_Z,-0.085,RW_CMD,0
TM,EST_RAW,-9.79,EST_FILTERED,-9.79,EST_ANGLE,-9.64,EST_FILTER,ON,EST_FILTER_TYPE,MOVING_AVERAGE,EST_MA_WINDOW,1,EST_FILTER_STRENGTH,0.35
TM,EST_FUSION,ON,EST_GYRO_WEIGHT,0.98,EST_VALID,1
TM,SUN_L,3645,SUN_R,3698,SUN_NDV,-0.0072,SUN_ANGLE,-9.87
TM,MAG_X,-18.18,MAG_Y,28.83,MAG_Z,-10.21,MAG_HEADING,122.23
TM,GYRO_X,-0.998,GYRO_Y,-2.249,GYRO_Z,-0.373,BODY_RATE,0.373
TM,SUN_L,3644,SUN_R,3699,SUN_NDV,-0.0075,SUN_ANGLE,-9.71
TM,MAG