ACK,TEAM_INFO
TM,TEAM_FW,NasaPakSoi-team-8,SUN_MODEL,1,UNSAVED,0,LUT_N,129,BOOT,POWERON,UP_S,464
TM,ADCS_MODE,MANUAL,ADCS_REFERENCE,SUN,TARGET,0.00,POINTING_ERROR,-29.54,SUN_ERROR,-29.98,MAG_ERROR,-145.87,GYRO_Z,0.484,RW_CMD,0
TM,EST_RAW,29.98,EST_FILTERED,29.98,EST_ANGLE,29.54,EST_FILTER,ON,EST_FILTER_TYPE,MOVING_AVERAGE,EST_MA_WINDOW,1,EST_FILTER_STRENGTH,0.35
TM,EST_FUSION,ON,EST_GYRO_WEIGHT,0.98,EST_VALID,1
TM,SUN_L,3504,SUN_R,3133,SUN_NDV,0.0559,SUN_ANGLE,29.75
TM,MAG_X,-15.84,MAG_Y,10.74,MAG_Z,2.05,MAG_HEADING,145.87
TM,GYRO_X,-1.400,GYRO_Y,-2.091,GYRO_Z,0.467,BODY_RATE,-0.467
TM,ADCS_MODE,MANUAL,ADCS_REFERENCE,SUN,TARGET,0.00,POINTING_ERROR,-29.53,SUN_ERROR,-29.79,MAG_ERROR,-145.98,GYRO_Z,0.449,RW_CMD,0
TM,EST_RAW,29.79,EST_FILTERED,29.79,EST_ANGLE,29.53,EST_FILTER,ON,EST_FILTER_TYPE,MOVING_AVERAGE,EST_MA_WINDOW,1,EST_FILTER_STRENGTH,0.35
TM,EST_FUSION,ON,EST_GYRO_WEIGHT,0.98,EST_VALID,1
TM,SUN_L,3503,SUN_R,3134,SUN_NDV,0.0556,SUN_ANGLE,29.91
TM,MAG_X,-15.90,MAG_Y,10.74,MAG_Z,1.95,MAG_HEADING,145.98
TM,GYRO_X,-0.936,GYRO_Y,-2.275,GYRO_Z,0.327,BODY_RATE,-0.327
ACK,TEAM_CDUMP,1774
TM,TEAM_CR_AUTO,ON,TGT,20.00,EST,-1.33,ANG,-1.33,LIT,1,ERR,21.33,KP,4,KD,2,KI,1,SIGN,1,RSIGN,-1,MAX,60,DB,0.5,WRAP,1,SYNC,1,STRAT,RW
TM,TEAM_CR_HEAD,N,1774,DIV,2,COLS,i;t;tgt;ang;est;err;gz;u;I;K;rw;fl
TM,TEAM_CR,0,236998,20.0,-1.3,-1.4,21.4,-0.5,86.8,0.4,0.0,2,9
TM,TEAM_CR,1,237038,20.0,-1.4,-1.4,21.4,-0.5,86.8,0.4,0.0,22,9
TM,TEAM_CR,2,237078,20.0,-1.3,-1.4,21.4,-0.2,86.3,0.4,0.0,42,9
TM,TEAM_CR,3,237118,20.0,-1.4,-1.4,21.4,0.6,84.7,0.4,0.0,60,9
TM,TEAM_CR,4,237158,20.0,-1.4,-1.3,21.3,1.7,82.2,0.4,0.0,60,9
TM,TEAM_CR,5,237199,20.0,-1.1,-1.2,21.2,3.7,77.8,0.4,0.0,60,9
TM,TEAM_CR,6,237239,20.0,-1.2,-1.1,21.1,2.8,79.1,0.4,0.0,60,9
TM,TEAM_CR,7,237279,20.0,-1.1,-1.0,21.0,1.5,81.5,0.4,0.0,60,9
TM,TEAM_CR,8,237319,20.0,-0.6,-0.9,20.9,1.1,81.9,0.4,0.0,60,9
TM,TEAM_CR,9,237359,20.0,-1.0,-0.9,20.9,0.8,82.5,0.4,0.0,60,9
TM,TEAM_CR,10,237399,20.0,-1.0,-0.9,20.9,0.8,82.4,0.4,0.0,60,9
TM,TEAM_CR,11,237448,20.0,-0.9,-0.9,20.9,-0.3,84.6,0.4,0.0,60,9
TM,TEAM_CR,12,237488,20.0,-1.0,-1.0,21.0,-1.6,87.5,0.4,0.0,60,9
TM,TEAM_CR,13,237528,20.0,-1.1,-1.0,21.0,0.5,83.3,0.4,0.0,60,9
TM,SUN_L,3504,SUN_R,3132,SUN_NDV,0.0561,SUN_ANGLE,29.95
TM,MAG_X,-15.92,MAG_Y,10.58,MAG_Z,1.74,MAG_HEADING,146.40
TM,GYRO_X,-1.216,GYRO_Y,-2.109,GYRO_Z,0.458,BODY_RATE,-0.458
TM,TEAM_CR,14,237568,20.0,-0.9,-0.9,20.9,2.7,78.6,0.4,0.0,60,9
TM,ADCS_MODE,MANUAL,ADCS_REFERENCE,SUN,TARGET,0.00,POINTING_ERROR,-29.54,SUN_ERROR,-29.93,MAG_ERROR,-146.40,GYRO_Z,0.169,RW_CMD,0
TM,EST_RAW,29.93,EST_FILTERED,29.93,EST_ANGLE,29.54,EST_FILTER,ON,EST_FILTER_TYPE,MOVING_AVERAGE,EST_MA_WINDOW,1,EST_FILTER_STRENGTH,0.35
TM,EST_FUSION,ON,EST_GYRO_WEIGHT,0.98,EST_VALID,1
TM,TEAM_CR,15,237617,20.0,-0.7,-0.7,20.7,4.9,73.3,0.4,0.0,60,9
TM,TEAM_CR,16,237657,20.0,-0.6,-0.4,20.4,7.5,67.1,0.4,0.0,60,9
TM,TEAM_CR,17,237698,20.0,-0.4,-0.1,20.1,8.7,63.4,0.4,0.0,60,9
TM,TEAM_CR,18,237738,20.0,-0.3,0.2,19.8,8.2,63.2,0.4,0.0,60,9
TM,TEAM_CR,19,237778,20.0,0.2,0.5,19.5,5.6,67.3,0.4,0.0,60,9
TM,TEAM_CR,20,237818,20.0,0.5,0.6,19.4,0.9,76.2,0.4,0.0,60,9
TM,TEAM_CR,21,237858,20.0,0.3,0.6,19.4,0.9,76.1,0.4,0.0,60,9
TM,TEAM_CR,22,237898,20.0,0.4,0.6,19.4,-0.1,78.2,0.4,0.0,60,9
TM,TEAM_CR,23,237949,20.0,0.4,0.6,19.4,0.3,77.4,0.4,0.0,60,9
TM,TEAM_CR,24,237989,20.0,0.7,0.6,19.4,1.2,75.4,0.4,0.0,60,9
TM,TEAM_CR,25,238037,20.0,0.7,0.8,19.2,2.9,71.5,0.4,0.0,60,9
TM,TEAM_CR,26,238077,20.0,0.7,0.9,19.1,1.7,73.6,0.4,0.0,60,9
TM,TEAM_CR,27,238117,20.0,0.8,0.9,19.1,0.0,77.1,0.4,0.0,60,9
TM,TEAM_CR,28,238157,20.0,0.7,0.9,19.1,0.5,76.0,0.4,0.0,60,9
TM,TEAM_CR,29,238198,20.0,0.8,0.9,19.1,0.4,76.1,0.4,0.0,60,9
TM,TEAM_CR,30,238238,20.0,0.8,0.9,19.1,0.4,76.1,0.4,0.0,60,9
TM,TEAM_CR,31,238278,20.0,1.0,1.0,19.0,2.4,71.7,0.4,0.0,60,9
TM,SUN_L,3502,SUN_R,3132,SUN_NDV,0.0558,SUN_ANGLE,29.87
TM,MAG_X,-15.73,MAG_Y,10.82,MAG_Z,1.98,MAG_HEADING,145.48
TM,GYRO_X,-1.094,GYRO_Y,-2.065,GYRO_Z,0.222,BODY_RATE,-0.222
TM,TEAM_CR,32,238318,20.0,0.9,1.0,19.0,1.8,72.7,0.4,0.0,60,9
TM,TEAM_CR,33,238358,20.0,1.1,1.0,19.0,-0.4,77.1,0.4,0.0,60,9
TM,TEAM_CR,34,238398,20.0,1.1,1.0,19.0,-0.2,76.8,0.4,0.0,60,9
TM,TEAM_CR,35,238450,20.0,0.7,1.0,19.0,-0.6,77.6,0.4,0.0,60,9
TM,TEAM_CR,36,238490,20.0,1.1,1.0,19.0,-0.1,76.6,0.4,0.0,60,9
TM,TEAM_CR,37,238530,20.0,1.1,1.0,19.0,0.0,76.4,0.4,0.0,60,9
TM,ADCS_MODE,MANUAL,ADCS_REFERENCE,SUN,TARGET,0.00,POINTING_ERROR,-29.54,SUN_ERROR,-29.81,MAG_ERROR,-145.48,GYRO_Z,0.020,RW_CMD,0
TM,EST_RAW,29.81,EST_FILTERED,29.81,EST_ANGLE,29.54,EST_FILTER,ON,EST_FILTER_TYPE,MOVING_AVERAGE,EST_MA_WINDOW,1,EST_FILTER_STRENGTH,0.35
TM,EST_FUSION,ON,EST_GYRO_WEIGHT,0.98,EST_VALID,1
TM,TEAM_CR,38,238570,20.0,0.7,1.0,19.0,-0.6,77.6,0.4,0.0,60,9
TM,TEAM_CR,39,238617,20.0,1.3,1.0,19.0,0.7,75.0,0.4,0.0,60,9
TM,TEAM_CR,40,238657,20.0,1.2,1.1,18.9,2.1,72.0,0.4,0.0,60,9
TM,TEAM_CR,41,238699,20.0,1.3,1.1,18.9,0.9,74.1,0.4,0.0,60,9
TM,TEAM_CR,42,238739,20.0,1.2,1.2,18.8,1.2,73.2,0.4,0.0,60,9
TM,TEAM_CR,43,238779,20.0,1.2,1.2,18.8,1.7,72.0,0.4,0.0,60,9
TM,TEAM_CR,44,238819,20.0,1.4,1.3,18.7,1.6,72.0,0.4,0.0,60,9
TM,TEAM_CR,45,238859,20.0,2.0,1.3,18.7,-0.2,75.5,0.4,0.0,60,9
TM,TEAM_CR,46,238899,20.0,1.4,1.3,18.7,-0.2,75.5,0.4,0.0,60,9
TM,TEAM_CR,47,238949,20.0,1.1,1.3,18.7,0.1,74.9,0.4,0.0,60,9
TM,TEAM_CR,48,238989,20.0,1.2,1.3,18.7,-1.0,77.1,0.4,0.0,60,9
TM,TEAM_CR,49,239038,20.0,1.3,1.3,18.7,0.4,74.4,0.4,0.0,60,9
TM,SUN_L,3503,SUN_R,3132,SUN_NDV,0.0559,SUN_ANGLE,30.09
TM,MAG_X,-15.97,MAG_Y,10.77,MAG_Z,2.06,MAG_HEADING,146.01
TM,GYRO_X,-1.155,GYRO_Y,-1.977,GYRO_Z,0.195,BODY_RATE,-0.195
TM,TEAM_CR,50,239078,20.0,1.5,1.4,18.6,1.8,71.2,0.4,0.0,60,9
TM,TEAM_CR,51,239118,20.0,1.7,1.4,18.6,1.0,72.8,0.4,0.0,60,9
TM,TEAM_CR,52,239158,20.0,1.7,1.5,18.5,0.7,73.2,0.4,0.0,60,9
TM,TEAM_CR,53,239198,20.0,1.7,1.5,18.5,0.6,73.1,0.4,0.0,60,9
TM,TEAM_CR,54,239238,20.0,1.4,1.5,18.5,0.3,73.8,0.4,0.0,60,9
TM,TEAM_CR,55,239278,20.0,2.3,1.5,18.5,-0.2,74.7,0.4,0.0,60,9
TM,TEAM_CR,56,239318,20.0,1.7,1.5,18.5,-0.3,74.9,0.4,0.0,60,9
TM,TEAM_CR,57,239358,20.0,1.7,1.5,18.5,-0.3,75.1,0.4,0.0,60,9
TM,TEAM_CR,58,239398,20.0,1.6,1.5,18.5,1.7,70.8,0.4,0.0,60,9
TM,TEAM_CR,59,239438,20.0,1.8,1.6,18.4,0.9,72.2,0.4,0.0,60,9
TM,TEAM_CR,60,239478,20.0,1.1,1.6,18.4,0.8,72.4,0.4,0.0,60,9
TM,ADCS_MODE,MANUAL,ADCS_REFERENCE,SUN,TARGET,0.00,POINTING_ERROR,-29.55,SUN_ERROR,-30.06,MAG_ERROR,-146.47,GYRO_Z,0.283,RW_CMD,0
TM,EST_RAW,30.06,EST_FILTERED,30.06,EST_ANGLE,29.55,EST_FILTER,ON,EST_FILTER_TYPE,MOVING_AVERAGE,EST_MA_WINDOW,1,EST_FILTER_STRENGTH,0.35
TM,EST_FUSION,ON,EST_GYRO_WEIGHT,0.98,EST_VALID,1
TM,TEAM_CR,61,239518,20.0,1.8,1.7,18.3,0.4,73.0,0.4,0.0,60,9
TM,TEAM_CR,62,239558,20.0,1.6,1.6,18.4,-0.5,74.8,0.4,0.0,60,9
TM,TEAM_CR,63,239598,20.0,1.8,1.6,18.4,-0.4,74.8,0.4,0.0,60,9
TM,TEAM_CR,64,239638,20.0,1.7,1.6,18.4,-0.6,75.2,0.4,0.0,60,9
TM,TEAM_CR,65,239683,20.0,1.6,1.6,18.4,0.8,72.4,0.4,0.0,60,9
TM,TEAM_CR,66,239722,20.0,1.8,1.7,18.3,1.0,71.8,0.4,0.0,60,9
TM,TEAM_CR,67,239762,20.0,1.9,1.7,18.3,1.8,69.9,0.4,0.0,60,9
TM,SUN_L,3503,SUN_R,3132,SUN_NDV,0.0559,SUN_ANGLE,29.92
TM,MAG_X,-16.02,MAG_Y,10.61,MAG_Z,1.90,MAG_HEADING,146.48
TM,GYRO_X,-1.356,GYRO_Y,-2.030,GYRO_Z,0.195,BODY_RATE,-0.195
TM,TEAM_CR,68,239802,20.0,2.1,1.8,18.2,1.5,70.2,0.4,0.0,60,9
TM,TEAM_CR,69,239842,20.0,2.0,1.9,18.1,1.1,70.7,0.4,0.0,60,9
TM,TEAM_CR,70,239882,20.0,1.9,1.9,18.1,0.7,71.4,0.4,0.0,60,9
TM,TEAM_CR,71,239933,20.0,2.1,1.9,18.1,0.7,71.3,0.4,0.0,60,9
TM,TEAM_CR,72,239973,20.0,2.1,2.0,18.0,2.1,68.0,0.4,0.0,60,9
TM,TEAM_CR,73,240019,20.0,2.0,2.1,17.9,2.6,66.7,0.4,0.0,60,9
TM,TEAM_CR,74,240059,20.0,1.7,2.2,17.8,1.0,69.7,0.4,0.0,60,9
TM,TEAM_CR,75,240099,20.0,2.2,2.2,17.8,1.0,69.5,0.4,0.0,60,9
TM,TEAM_CR,76,240139,20.0,2.1,2.3,17.7,1.1,69.3,0.4,0.0,60,9
TM,TEAM_CR,77,240183,20.0,2.1,2.3,17.7,2.8,65.5,0.4,0.0,60,9
TM,TEAM_CR,78,240223,20.0,2.3,2.5,17.5,4.7,61.1,0.4,0.0,60,9
TM,TEAM_CR,79,240264,20.0,2.6,2.8,17.2,8.7,52.0,0.8,0.0,53,1
TM,TEAM_CR,80,240304,20.0,3.0,3.2,16.8,10.1,48.5,1.4,0.0,48,1
TM,TEAM_CR,81,240343,20.0,2.9,3.6,16.4,11.2,45.3,2.1,0.0,46,1
TM,TEAM_CR,82,240383,20.0,3.3,4.0,16.0,10.2,46.3,2.8,0.0,46,1
TM,TEAM_CR,83,240433,20.0,3.8,4.6,15.4,12.7,39.7,3.4,0.0,42,1
TM,ADCS_MODE,MANUAL,ADCS_REFERENCE,SUN,TARGET,0.00,POINTING_ERROR,-29.56,SUN_ERROR,-29.82,MAG_ERROR,-146.04,GYRO_Z,0.405,RW_CMD,0
TM,EST_RAW,29.82,EST_FILTERED,29.82,EST_ANGLE,29.56,EST_FILTER,ON,EST_FILTER_TYPE,MOVING_AVERAGE,EST_MA_WINDOW,1,EST_FILTER_STRENGTH,0.35
TM,EST_FUSION,ON,EST_GYRO_WEIGHT,0.98,EST_VALID,1
TM,TEAM_CR,84,240474,20.0,4.2,5.1,14.9,12.6,38.4,4.0,0.0,38,1
TM,TEAM_CR,85,240514,20.0,4.7,5.5,14.5,10.5,41.7,4.6,0.0,42,1
TM,SUN_L,3504,SUN_R,3133,SUN_NDV,0.0559,SUN_ANGLE,29.92
TM,MAG_X,-15.78,MAG_Y,10.62,MAG_Z,2.05,MAG_HEADING,146.04
TM,GYRO_X,-1.146,GYRO_Y,-2.118,GYRO_Z,0.440,BODY_RATE,-0.440
TM,TEAM_CR,86,240553,20.0,4.8,5.8,14.2,8.0,46.1,5.1,0.0,46,1
TM,TEAM_CR,87,240593,20.0,5.1,6.0,14.0,7.5,46.7,5.7,0.0,47,1
TM,TEAM_CR,88,240640,20.0,5.6,6.4,13.6,9.1,42.5,6.2,0.0,44,1
TM,TEAM_CR,89,240684,20.0,6.6,6.8,13.2,10.7,38.1,6.8,0.0,39,1
TM,TEAM_CR,90,240724,20.0,8.2,7.3,12.7,9.8,38.7,7.3,0.0,39,1
TM,TEAM_CR,91,240764,20.0,7.4,7.6,12.4,9.0,39.4,7.8,0.0,39,1
TM,TEAM_CR,92,240804,20.0,7.8,7.9,12.1,8.5,39.5,8.3,0.0,40,1
TM,TEAM_CR,93,240844,20.0,7.9,8.3,11.7,9.4,36.7,8.7,0.0,37,1
TM,TEAM_CR,94,240884,20.0,8.9,8.7,11.3,10.1,34.3,9.2,0.0,34,1
TM,TEAM_CR,95,240935,20.0,9.7,9.1,10.9,6.2,40.9,9.6,0.0,38,1
TM,TEAM_CR,96,240975,20.0,9.7,9.3,10.7,3.5,46.0,10.1,0.0,46,1
TM,TEAM_CR,97,241022,20.0,10.2,9.5,10.5,4.0,44.6,10.5,0.0,45,1
TM,TEAM_CR,98,241062,20.0,10.2,9.7,10.3,4.8,42.7,10.9,0.0,43,1
TM,TEAM_CR,99,241102,20.0,9.9,9.8,10.2,3.9,44.3,11.3,0.0,44,1
TM,TEAM_CR,100,241143,20.0,10.3,9.9,10.1,2.2,47.6,11.7,0.0,48,1
TM,TEAM_CR,101,241184,20.0,10.3,10.0,10.0,2.1,47.7,12.1,0.0,49,1
TM,TEAM_CR,102,241225,20.0,10.1,10.2,9.8,3.0,45.9,12.5,0.0,46,1
TM,TEAM_CR,103,241264,20.0,10.4,10.3,9.7,3.3,45.2,12.9,0.0,45,1
TM,TEAM_CR,104,241304,20.0,10.5,10.4,9.6,2.2,47.4,13.3,0.0,47,1
TM,SUN_L,3507,SUN_R,3135,SUN_NDV,0.0560,SUN_ANGLE,29.76
TM,MAG_X,-15.90,MAG_Y,10.72,MAG_Z,2.13,MAG_HEADING,146.02
TM,GYRO_X,-1.094,GYRO_Y,-1.934,GYRO_Z,0.327,BODY_RATE,-0.327
TM,TEAM_CR,105,241344,20.0,10.5,10.5,9.5,1.5,48.8,13.7,0.0,49,1
TM,ADCS_MODE,MANUAL,ADCS_REFERENCE,SUN,TARGET,0.00,POINTING_ERROR,-29.54,SUN_ERROR,-29.86,MAG_ERROR,-146.02,GYRO_Z,0.300,RW_CMD,0
TM,EST_RAW,29.86,EST_FILTERED,29.86,EST_ANGLE,29.54,EST_FILTER,ON,EST_FILTER_TYPE,MOVING_AVERAGE,EST_MA_WINDOW,1,EST_FILTER_STRENGTH,0.35
TM,EST_FUSION,ON,EST_GYRO_WEIGHT,0.98,EST_VALID,1
TM,TEAM_CR,106,241384,20.0,11.0,10.6,9.4,2.7,46.3,14.1,0.0,47,1
TM,TEAM_CR,107,241435,20.0,11.2,10.8,9.2,5.3,40.5,14.4,0.0,43,1
TM,TEAM_CR,108,241474,20.0,11.3,11.0,9.0,5.4,39.9,14.8,0.0,40,1
TM,TEAM_CR,109,241514,20.0,11.5,11.2,8.8,3.7,42.9,15.1,0.0,43,1
TM,TEAM_CR,110,241554,20.0,11.9,11.4,8.6,4.1,41.7,15.5,0.0,42,1
TM,TEAM_CR,111,241594,20.0,11.8,11.6,8.4,5.2,39.2,15.8,0.0,40,1
TM,TEAM_CR,112,241643,20.0,11.8,11.8,8.2,5.0,38.8,16.2,0.0,39,1
TM,TEAM_CR,113,241685,20.0,12.1,12.0,8.0,3.0,42.6,16.5,0.0,43,1
TM,TEAM_CR,114,241725,20.0,12.0,12.1,7.9,3.0,42.5,16.8,0.0,42,1
TM,TEAM_CR,115,241765,20.0,12.1,12.2,7.8,3.9,40.4,17.1,0.0,41,1
TM,TEAM_CR,116,241805,20.0,12.1,12.4,7.6,3.0,42.0,17.4,0.0,42,1
TM,TEAM_CR,117,241845,20.0,12.3,12.4,7.6,1.7,44.6,17.7,0.0,45,1
TM,TEAM_CR,118,241885,20.0,12.4,12.4,7.6,0.2,47.8,18.0,0.0,48,1
TM,TEAM_CR,119,241935,20.0,12.1,12.5,7.5,1.8,44.8,18.3,0.0,45,1
TM,TEAM_CR,120,241975,20.0,12.3,12.6,7.4,1.1,46.1,18.6,0.0,46,1
TM,TEAM_CR,121,242023,20.0,12.5,12.5,7.5,-0.8,50.3,18.9,0.0,50,1
TM,TEAM_CR,122,242064,20.0,12.7,12.5,7.5,0.2,48.7,19.2,0.0,50,1
TM,SUN_L,3506,SUN_R,3135,SUN_NDV,0.0559,SUN_ANGLE,29.56
TM,MAG_X,-15.92,MAG_Y,10.75,MAG_Z,2.00,MAG_HEADING,145.97
TM,GYRO_X,-1.304,GYRO_Y,-1.986,GYRO_Z,0.300,BODY_RATE,-0.300
TM,TEAM_CR,123,242103,20.0,12.5,12.6,7.4,2.1,45.0,19.5,0.0,46,1
TM,TEAM_CR,124,242143,20.0,12.6,12.7,7.3,1.7,45.9,19.8,0.0,46,1
TM,TEAM_CR,125,242184,20.0,12.7,12.7,7.3,1.0,47.2,20.1,0.0,47,1
TM,TEAM_CR,126,242224,20.0,12.7,12.7,7.3,1.3,46.9,20.4,0.0,47,1
TM,TEAM_CR,127,242264,20.0,13.0,12.8,7.2,2.7,44.1,20.7,0.0,45,1
TM,TEAM_CR,128,242304,20.0,12.6,12.9,7.1,3.0,43.2,21.0,0.0,43,1
TM,ADCS_MODE,MANUAL,ADCS_REFERENCE,SUN,TARGET,0.00,POINTING_ERROR,-29.50,SUN_ERROR,-29.70,MAG_ERROR,-145.89,GYRO_Z,0.160,RW_CMD,0
TM,EST_RAW,29.70,EST_FILTERED,29.70,EST_ANGLE,29.50,EST_FILTER,ON,EST_FILTER_TYPE,MOVING_AVERAGE,EST_MA_WINDOW,1,EST_FILTER_STRENGTH,0.35
TM,EST_FUSION,ON,EST_GYRO_WEIGHT,0.98,EST_VALID,1
TM,TEAM_CR,129,242344,20.0,13.0,13.0,7.0,1.7,45.9,21.2,0.0,46,1
TM,TEAM_CR,130,242384,20.0,12.9,13.1,6.9,1.7,45.8,21.5,0.0,46,1
TM,TEAM_CR,131,242436,20.0,13.1,13.2,6.8,3.3,42.5,21.8,0.0,44,1
TM,TEAM_CR,132,242476,20.0,14.0,13.3,6.7,1.7,45.4,22.1,0.0,45,1
TM,TEAM_CR,133,242516,20.0,13.1,13.3,6.7,0.2,48.6,22.3,0.0,48,1
TM,TEAM_CR,134,242556,20.0,13.4,13.4,6.6,1.2,46.8,22.6,0.0,47,1
TM,TEAM_CR,135,242596,20.0,13.3,13.4,6.6,1.9,45.4,22.9,0.0,45,1
TM,TEAM_CR,136,242643,20.0,13.9,13.4,6.6,0.1,49.1,23.1,0.0,49,1
TM,TEAM_CR,137,242685,20.0,13.1,13.4,6.6,0.3,49.2,23.4,0.0,49,1
TM,TEAM_CR,138,242724,20.0,13.4,13.4,6.6,0.4,49.1,23.7,0.0,49,1
TM,TEAM_CR,139,242764,20.0,13.3,13.5,6.5,0.1,49.9,23.9,0.0,50,1
TM,TEAM_CR,140,242804,20.0,13.4,13.4,6.6,-0.2,50.8,24.2,0.0,51,1
TM,SUN_L,3506,SUN_R,3138,SUN_NDV,0.0554,SUN_ANGLE,29.57
TM,MAG_X,-15.79,MAG_Y,10.77,MAG_Z,2.08,MAG_HEADING,145.71
TM,GYRO_X,-1.225,GYRO_Y,-2.091,GYRO_Z,0.537,BODY_RATE,-0.537
TM,TEAM_CR,141,242844,20.0,13.2,13.4,6.6,0.7,49.3,24.4,0.0,49,1
TM,TEAM_CR,142,242884,20.0,13.1,13.5,6.5,0.9,49.1,24.7,0.0,49,1
TM,TEAM_CR,143,242935,20.0,13.4,13.5,6.5,-0.2,51.5,25.0,0.0,52,1
TM,TEAM_CR,144,242974,20.0,13.3,13.5,6.5,0.6,50.2,25.2,0.0,51,1
TM,TEAM_CR,145,243023,20.0,13.2,13.5,6.5,1.5,48.4,25.5,0.0,48,1
TM,TEAM_CR,146,243063,20.0,13.8,13.5,6.5,-0.5,52.6,25.7,0.0,52,1
TM,TEAM_CR,147,243103,20.0,13.2,13.5,6.5,0.3,51.3,26.0,0.0,51,1
TM,TEAM_CR,148,243143,20.0,13.5,13.6,6.4,1.2,49.7,26.3,0.0,50,1
TM,TEAM_CR,149,243185,20.0,13.6,13.6,6.4,1.2,49.6,26.5,0.0,50,1
TM,TEAM_CR,150,243225,20.0,13.6,13.6,6.4,0.1,52.1,26.8,0.0,52,1
TM,TEAM_CR,151,243265,20.0,13.5,13.6,6.4,0.8,50.9,27.0,0.0,51,1
TM,ADCS_MODE,MANUAL,ADCS_REFERENCE,SUN,TARGET,0.00,POINTING_ERROR,-29.46,SUN_ERROR,-29.45,MAG_ERROR,-145.74,GYRO_Z,0.300,RW_CMD,0
TM,EST_RAW,29.45,EST_FILTERED,29.45,EST_ANGLE,29.46,EST_FILTER,ON,EST_FILTER_TYPE,MOVING_AVERAGE,EST_MA_WINDOW,1,EST_FILTER_STRENGTH,0.35
TM,EST_FUSION,ON,EST_GYRO_WEIGHT,0.98,EST_VALID,1
TM,TEAM_CR,152,243306,20.0,13.6,13.7,6.3,1.5,49.5,27.3,0.0,50,1
TM,TEAM_CR,153,243346,20.0,13.7,13.7,6.3,-0.4,53.6,27.5,0.0,53,1
TM,TEAM_CR,154,243385,20.0,13.9,13.7,6.3,0.0,53.0,27.8,0.0,53,1
TM,TEAM_CR,155,243436,20.0,13.6,13.8,6.2,1.7,49.6,28.0,0.0,50,1
TM,TEAM_CR,156,243476,20.0,13.5,13.8,6.2,0.0,53.1,28.3,0.0,53,1
TM,TEAM_CR,157,243516,20.0,13.9,13.8,6.2,0.1,53.2,28.5,0.0,53,1
TM,TEAM_CR,158,243557,20.0,14.1,13.8,6.2,1.1,51.1,28.8,0.0,51,1
TM,SUN_L,3505,SUN_R,3136,SUN_NDV,0.0556,SUN_ANGLE,29.61
TM,MAG_X,-15.86,MAG_Y,10.80,MAG_Z,2.11,MAG_HEADING,145.74
TM,GYRO_X,-1.164,GYRO_Y,-2.188,GYRO_Z,0.432,BODY_RATE,-0.432
TM,TEAM_CR,159,243597,20.0,13.9,13.9,6.1,0.7,52.0,29.0,0.0,52,1
TM,TEAM_CR,160,243643,20.0,13.9,13.9,6.1,-0.3,54.3,29.3,0.0,54,1
TM,TEAM_CR,161,243686,20.0,14.1,14.0,6.0,1.3,51.0,29.5,0.0,51,1
TM,TEAM_CR,162,243726,20.0,13.7,14.0,6.0,1.2,51.4,29.7,0.0,51,1
TM,TEAM_CR,163,243767,20.0,14.3,14.0,6.0,-0.4,54.6,30.0,0.0,55,1
TM,TEAM_CR,164,243807,20.0,14.2,14.1,5.9,1.1,51.8,30.2,0.0,53,1
TM,TEAM_CR,165,243846,20.0,14.4,14.1,5.9,1.8,50.3,30.5,0.0,50,1
TM,TEAM_CR,166,243886,20.0,14.3,14.2,5.8,-0.3,54.7,30.7,0.0,55,1
TM,TEAM_CR,167,243936,20.0,14.2,14.2,5.8,1.3,51.5,30.9,0.0,54,1
TM,TEAM_CR,168,243977,20.0,14.5,14.3,5.7,1.7,50.7,31.2,0.0,51,1
TM,TEAM_CR,169,244025,20.0,14.5,14.3,5.7,-0.2,54.6,31.4,0.0,54,1
TM,TEAM_CR,170,244065,20.0,14.7,14.3,5.7,1.0,52.3,31.6,0.0,52,1
TM,TEAM_CR,171,244105,20.0,14.5,14.4,5.6,1.1,52.1,31.8,0.0,52,1
TM,TEAM_CR,172,244145,20.0,14.8,14.4,5.6,-0.6,55.7,32.1,0.0,56,1
TM,TEAM_CR,173,244186,20.0,14.6,14.4,5.6,1.0,52.5,32.3,0.0,53,1
TM,TEAM_CR,174,244227,20.0,14.6,14.5,5.5,1.4,51.8,32.5,0.0,52,1
TM,ADCS_MODE,MANUAL,ADCS_REFERENCE,SUN,TARGET,0.00,POINTING_ERROR,-29.45,SUN_ERROR,-29.83,MAG_ERROR,-146.31,GYRO_Z,0.467,RW_CMD,0
TM,EST_RAW,29.83,EST_FILTERED,29.83,EST_ANGLE,29.45,EST_FILTER,ON,EST_FILTER_TYPE,MOVING_AVERAGE,EST_MA_WINDOW,1,EST_FILTER_STRENGTH,0.35
TM,EST_FUSION,ON,EST_GYRO_WEIGHT,0.98,EST_VALID,1
TM,TEAM_CR,175,244267,20.0,14.8,14.5,5.5,-0.5,55.7,32.7,0.0,56,1
TM,TEAM_CR,176,244306,20.0,14.9,14.5,5.5,0.7,53.3,32.9,0.0,53,1
TM,SUN_L,3504,SUN_R,3133,SUN_NDV,0.0559,SUN_ANGLE,29.83
TM,MAG_X,-15.89,MAG_Y,10.59,MAG_Z,1.97,MAG_HEADING,146.31
TM,GYRO_X,-1.671,GYRO_Y,-2.223,GYRO_Z,0.187,BODY_RATE,-0.187
TM,TEAM_CR,177,244346,20.0,15.0,14.6,5.4,1.2,52.3,33.2,0.0,52,1
TM,TEAM_CR,178,244386,20.0,14.9,14.6,5.4,-0.3,55.6,33.4,0.0,56,1
TM,TEAM_CR,179,244437,20.0,14.9,14.7,5.3,0.9,53.1,33.6,0.0,53,1
TM,TEAM_CR,180,244477,20.0,14.8,14.7,5.3,1.0,52.9,33.8,0.0,53,1
TM,TEAM_CR,181,244516,20.0,15.2,14.7,5.3,0.2,54.6,34.0,0.0,55,1
TM,TEAM_CR,182,244556,20.0,15.1,14.8,5.2,1.1,52.9,34.2,0.0,53,1
TM,TEAM_CR,183,244596,20.0,15.0,14.8,5.2,0.8,53.5,34.4,0.0,54,1
TM,TEAM_CR,184,244646,20.0,14.8,14.8,5.2,0.8,53.5,34.6,0.0,54,1
TM,TEAM_CR,185,244685,20.0,15.2,14.9,5.1,1.8,51.6,34.8,0.0,52,1
TM,TEAM_CR,186,244725,20.0,15.2,15.0,5.0,0.5,54.2,35.0,0.0,54,1
TM,TEAM_CR,187,244765,20.0,14.6,15.0,5.0,1.3,52.8,35.2,0.0,54,1
TM,TEAM_CR,188,244805,20.0,15.1,15.1,4.9,2.1,50.9,35.4,0.0,51,1
TM,TEAM_CR,189,244845,20.0,15.2,15.1,4.9,0.8,53.6,35.6,0.0,54,1
TM,TEAM_CR,190,244885,20.0,15.2,15.2,4.8,1.8,51.6,35.8,0.0,52,1
TM,TEAM_CR,191,244935,20.0,15.3,15.3,4.7,1.4,52.0,36.0,0.0,52,1
TM,TEAM_CR,192,244975,20.0,15.3,15.3,4.7,1.1,52.7,36.2,0.0,53,1
TM,TEAM_CR,193,245026,20.0,15.8,15.4,4.6,1.8,51.2,36.4,0.0,51,1
TM,TEAM_CR,194,245065,20.0,15.6,15.4,4.6,0.4,54.0,36.6,0.0,54,1
TM,TEAM_CR,195,245105,20.0,15.4,15.5,4.5,1.6,51.7,36.8,0.0,53,1
TM,SUN_L,3504,SUN_R,3133,SUN_NDV,0.0559,SUN_ANGLE,30.13
TM,MAG_X,-16.02,MAG_Y,10.61,MAG_Z,2.08,MAG_HEADING,146.48
TM,GYRO_X,-1.418,GYRO_Y,-2.109,GYRO_Z,0.405,BODY_RATE,-0.405
TM,TEAM_CR,196,245145,20.0,15.6,15.6,4.4,1.6,51.5,36.9,0.0,51,1
TM,ADCS_MODE,MANUAL,ADCS_REFERENCE,SUN,TARGET,0.00,POINTING_ERROR,-29.48,SUN_ERROR,-30.15,MAG_ERROR,-146.48,GYRO_Z,0.160,RW_CMD,0
TM,EST_RAW,30.15,EST_FILTERED,30.15,EST_ANGLE,29.48,EST_FILTER,ON,EST_FILTER_TYPE,MOVING_AVERAGE,EST_MA_WINDOW,1,EST_FILTER_STRENGTH,0.35
TM,EST_FUSION,ON,EST_GYRO_WEIGHT,0.98,EST_VALID,1
TM,TEAM_CR,197,245186,20.0,15.7,15.6,4.4,0.2,54.3,37.1,0.0,54,1
TM,TEAM_CR,198,245225,20.0,15.7,15.6,4.4,2.1,50.6,37.3,0.0,52,1
TM,TEAM_CR,199,245265,20.0,15.4,15.7,4.3,1.1,52.5,37.5,0.0,53,1
TM,TEAM_CR,200,245305,20.0,15.7,15.7,4.3,0.9,52.9,37.6,0.0,53,1
TM,TEAM_CR,201,245345,20.0,15.5,15.8,4.2,1.8,51.0,37.8,0.0,51,1
TM,TEAM_CR,202,245385,20.0,15.5,15.8,4.2,0.3,54.2,38.0,0.0,54,1
TM,TEAM_CR,203,245425,20.0,15.6,15.8,4.2,1.0,52.8,38.1,0.0,54,1
TM,TEAM_CR,204,245466,20.0,14.9,15.9,4.1,0.9,53.1,38.3,0.0,53,1
TM,TEAM_CR,205,245505,20.0,16.0,15.9,4.1,-0.3,55.6,38.5,0.0,56,1
TM,TEAM_CR,206,245545,20.0,15.8,15.9,4.1,2.0,51.0,38.6,0.0,53,1
TM,TEAM_CR,207,245585,20.0,16.0,15.9,4.1,0.2,54.7,38.8,0.0,55,1
TM,TEAM_CR,208,245626,20.0,16.2,16.0,4.0,0.5,54.0,39.0,0.0,54,1
TM,TEAM_CR,209,245666,20.0,16.0,16.0,4.0,1.8,51.3,39.1,0.0,51,1
TM,TEAM_CR,210,245709,20.0,15.5,16.0,4.0,0.3,54.4,39.3,0.0,54,1
TM,TEAM_CR,211,245749,20.0,16.3,16.1,3.9,2.2,50.7,39.4,0.0,52,1
TM,TEAM_CR,212,245789,20.0,16.4,16.2,3.8,1.1,52.7,39.6,0.0,53,1
TM,TEAM_CR,213,245829,20.0,16.5,16.2,3.8,1.2,52.4,39.7,0.0,52,1
TM,SUN_L,3502,SUN_R,3127,SUN_NDV,0.0566,SUN_ANGLE,30.20
TM,MAG_X,-15.87,MAG_Y,10.82,MAG_Z,2.13,MAG_HEADING,145.73
TM,GYRO_X,-1.059,GYRO_Y,-1.916,GYRO_Z,0.344,BODY_RATE,-0.344
TM,TEAM_CR,214,245869,20.0,16.5,16.3,3.7,2.8,48.9,39.9,0.0,49,1
TM,TEAM_CR,215,245909,20.0,16.5,16.4,3.6,1.6,51.2,40.0,0.0,51,1
TM,TEAM_CR,216,245960,20.0,16.3,16.5,3.5,2.8,48.6,40.2,0.0,50,1
TM,TEAM_CR,217,246000,20.0,16.3,16.6,3.4,1.6,50.7,40.3,0.0,51,1
TM,TEAM_CR,218,246047,20.0,16.5,16.7,3.3,2.8,48.0,40.4,0.0,49,1
TM,TEAM_CR,219,246087,20.0,16.4,16.8,3.2,4.1,45.1,40.6,0.0,45,1
TM,ADCS_MODE,MANUAL,ADCS_REFERENCE,SUN,TARGET,0.00,POINTING_ERROR,-29.55,SUN_ERROR,-30.21,MAG_ERROR,-145.73,GYRO_Z,0.370,RW_CMD,0
TM,EST_RAW,30.21,EST_FILTERED,30.21,EST_ANGLE,29.55,EST_FILTER,ON,EST_FILTER_TYPE,MOVING_AVERAGE,EST_MA_WINDOW,1,EST_FILTER_STRENGTH,0.35
TM,EST_FUSION,ON,EST_GYRO_WEIGHT,0.98,EST_VALID,1
TM,TEAM_CR,220,246127,20.0,16.7,17.0,3.0,3.6,45.6,40.7,0.0,46,1
TM,TEAM_CR,221,246167,20.0,17.0,17.2,2.8,5.2,41.9,40.8,0.0,43,1
TM,TEAM_CR,222,246209,20.0,17.4,17.4,2.6,4.6,42.3,40.9,0.0,42,1
TM,TEAM_CR,223,246249,20.0,17.6,17.5,2.5,4.1,42.8,41.0,0.0,43,1
TM,TEAM_CR,224,246289,20.0,17.3,17.7,2.3,5.4,39.4,41.1,0.0,39,1
TM,TEAM_CR,225,246329,20.0,17.6,17.9,2.1,4.4,40.8,41.2,0.0,41,1
TM,TEAM_CR,226,246369,20.0,17.7,18.1,1.9,5.8,37.3,41.3,0.0,38,1
TM,TEAM_CR,227,246409,20.0,17.8,18.3,1.7,5.7,36.7,41.3,0.0,37,1
TM,TEAM_CR,228,246459,20.0,18.0,18.6,1.4,5.9,35.3,41.4,0.0,37,1
TM,TEAM_CR,229,246499,20.0,18.4,18.8,1.2,5.3,35.7,41.5,0.0,36,1
TM,TEAM_CR,230,246539,20.0,18.7,18.9,1.1,4.7,36.4,41.5,0.0,36,1
TM,TEAM_CR,231,246579,20.0,18.4,19.1,0.9,4.2,36.7,41.5,0.0,37,1
TM,SUN_L,3498,SUN_R,3121,SUN_NDV,0.0570,SUN_ANGLE,30.37
TM,MAG_X,-15.98,MAG_Y,10.56,MAG_Z,2.10,MAG_HEADING,146.55
TM,GYRO_X,-1.251,GYRO_Y,-1.899,GYRO_Z,0.239,BODY_RATE,-0.239
TM,TEAM_CR,232,246627,20.0,18.6,19.2,0.8,3.4,37.9,41.6,0.0,38,1
TM,TEAM_CR,233,246667,20.0,18.6,19.4,0.6,4.2,35.6,41.6,0.0,36,1
TM,TEAM_CR,234,246709,20.0,18.9,19.5,0.5,3.0,37.6,41.6,0.0,38,1
TM,TEAM_CR,235,246749,20.0,19.1,19.6,0.4,3.1,41.6,41.6,0.0,42,1
TM,TEAM_CR,236,246789,20.0,19.6,19.7,0.3,2.0,41.6,41.6,0.0,42,1
TM,TEAM_CR,237,246829,20.0,19.5,19.8,0.2,3.2,41.6,41.6,0.0,42,1
TM,TEAM_CR,238,246870,20.0,19.6,19.9,0.1,3.3,41.6,41.6,0.0,42,1
TM,TEAM_CR,239,246909,20.0,19.7,20.0,0.0,2.9,41.6,41.6,0.0,42,1
TM,TEAM_CR,240,246959,20.0,19.8,20.2,-0.2,3.8,41.6,41.6,0.0,42,1
TM,TEAM_CR,241,246999,20.0,20.0,20.3,-0.3,3.7,41.6,41.6,0.0,42,1
TM,TEAM_CR,242,247052,20.0,20.1,20.5,-0.5,4.3,41.6,41.6,0.0,42,3
TM,ADCS_MODE,MANUAL,ADCS_REFERENCE,SUN,TARGET,0.00,POINTING_ERROR,-29.63,SUN_ERROR,-30.35,MAG_ERROR,-146.10,GYRO_Z,0.160,RW_CMD,0
TM,EST_RAW,30.35,EST_FILTERED,30.35,EST_ANGLE,29.63,EST_FILTER,ON,EST_FILTER_TYPE,MOVING_AVERAGE,EST_MA_WINDOW,1,EST_FILTER_STRENGTH,0.35
TM,EST_FUSION,ON,EST_GYRO_WEIGHT,0.98,EST_VALID,1
TM,TEAM_CR,243,247088,20.0,20.3,20.6,-0.6,3.5,41.6,41.6,0.0,42,3
TM,TEAM_CR,244,247128,20.0,20.3,20.8,-0.8,5.0,41.6,41.6,0.0,42,3
TM,TEAM_CR,245,247168,20.0,20.5,21.0,-1.0,3.9,41.6,41.6,0.0,42,3
TM,TEAM_CR,246,247210,20.0,20.6,21.1,-1.1,4.6,34.7,41.6,0.0,35,3
TM,TEAM_CR,247,247250,20.0,20.6,21.3,-1.3,3.4,35.6,41.6,0.0,36,3
TM,TEAM_CR,248,247290,20.0,20.8,21.4,-1.4,3.1,35.7,41.5,0.0,36,3
TM,TEAM_CR,249,247330,20.0,20.8,21.5,-1.5,3.2,35.3,41.5,0.0,35,3
TM,SUN_L,3498,SUN_R,3122,SUN_NDV,0.0568,SUN_ANGLE,30.32
TM,MAG_X,-15.81,MAG_Y,10.62,MAG_Z,2.06,MAG_HEADING,146.10
TM,GYRO_X,-1.164,GYRO_Y,-2.126,GYRO_Z,0.379,BODY_RATE,-0.379
TM,TEAM_CR,250,247371,20.0,20.9,21.5,-1.5,1.7,36.7,41.5,0.0,37,3
TM,TEAM_CR,251,247410,20.0,20.6,21.6,-1.6,2.5,35.8,41.4,0.0,36,3
TM,TEAM_CR,252,247460,20.0,21.2,21.6,-1.6,0.9,37.3,41.4,0.0,37,3
TM,TEAM_CR,253,247500,20.0,21.0,21.7,-1.7,2.0,36.0,41.4,0.0,36,3
TM,TEAM_CR,254,247540,20.0,21.1,21.7,-1.7,0.8,37.1,41.3,0.0,37,3
TM,TEAM_CR,255,247581,20.0,21.2,21.7,-1.7,1.5,36.4,41.3,0.0,36,3
TM,TEAM_CR,256,247628,20.0,20.9,21.7,-1.7,0.5,37.3,41.3,0.0,37,3
TM,TEAM_CR,257,247668,20.0,21.2,21.7,-1.7,1.2,36.6,41.2,0.0,37,3
TM,TEAM_CR,258,247711,20.0,21.2,21.8,-1.8,1.0,36.6,41.2,0.0,37,3
TM,TEAM_CR,259,247751,20.0,21.0,21.8,-1.8,0.5,37.2,41.2,0.0,37,3
TM,TEAM_CR,260,247791,20.0,21.1,21.8,-1.8,1.0,36.5,41.1,0.0,37,3
TM,TEAM_CR,261,247832,20.0,21.2,21.8,-1.8,0.2,37.3,41.1,0.0,37,3
TM,TEAM_CR,262,247871,20.0,21.3,21.8,-1.8,1.9,35.6,41.1,0.0,36,3
TM,TEAM_CR,263,247911,20.0,21.3,21.8,-1.8,0.9,36.5,41.0,0.0,36,3
TM,TEAM_CR,264,247961,20.0,21.4,21.9,-1.9,2.0,35.2,41.0,0.0,35,3
TM,TEAM_CR,265,248001,20.0,21.5,21.9,-1.9,0.6,36.5,41.0,0.0,36,3
TM,ADCS_MODE,MANUAL,ADCS_REFERENCE,SUN,TARGET,0.00,POINTING_ERROR,-29.73,SUN_ERROR,-30.41,MAG_ERROR,-146.24,GYRO_Z,0.257,RW_CMD,0
TM,EST_RAW,30.41,EST_FILTERED,30.41,EST_ANGLE,29.73,EST_FILTER,ON,EST_FILTER_TYPE,MOVING_AVERAGE,EST_MA_WINDOW,1,EST_FILTER_STRENGTH,0.35
TM,EST_FUSION,ON,EST_GYRO_WEIGHT,0.98,EST_VALID,1
TM,TEAM_CR,266,248049,20.0,21.0,22.0,-2.0,1.6,35.4,40.9,0.0,35,3
TM,TEAM_CR,267,248089,20.0,21.1,22.0,-2.0,1.0,35.9,40.9,0.0,36,3
TM,SUN_L,3495,SUN_R,3118,SUN_NDV,0.0570,SUN_ANGLE,30.36
TM,MAG_X,-15.76,MAG_Y,10.83,MAG_Z,1.63,MAG_HEADING,145.50
TM,GYRO_X,-1.164,GYRO_Y,-1.960,GYRO_Z,0.239,BODY_RATE,-0.239
TM,TEAM_CR,268,248129,20.0,21.4,22.0,-2.0,0.6,36.3,40.8,0.0,36,3
TM,TEAM_CR,269,248169,20.0,21.5,22.0,-2.0,1.3,35.5,40.8,0.0,35,3
TM,TEAM_CR,270,248212,20.0,21.3,22.0,-2.0,0.9,35.9,40.8,0.0,36,3
TM,TEAM_CR,271,248252,20.0,21.4,22.0,-2.0,1.2,30.1,40.7,0.0,30,1
TM,TEAM_CR,272,248291,20.0,21.4,22.0,-2.0,-0.3,33.1,40.6,0.0,33,1
TM,TEAM_CR,273,248331,20.0,21.4,22.0,-2.0,0.4,31.7,40.5,0.0,32,1
TM,TEAM_CR,274,248371,20.0,21.4,22.0,-2.0,-0.3,33.1,40.4,0.0,33,1
TM,TEAM_CR,275,248411,20.0,21.5,21.9,-1.9,0.6,31.4,40.4,0.0,31,1
TM,TEAM_CR,276,248461,20.0,21.4,21.9,-1.9,-0.3,33.2,40.3,0.0,33,1
TM,TEAM_CR,277,248501,20.0,21.4,21.9,-1.9,0.5,31.5,40.2,0.0,32,1
TM,TEAM_CR,278,248541,20.0,21.4,21.9,-1.9,-0.1,32.7,40.1,0.0,33,1
TM,TEAM_CR,279,248581,20.0,21.5,21.9,-1.9,-0.1,32.7,40.1,0.0,33,1
TM,TEAM_CR,280,248631,20.0,21.3,21.9,-1.9,0.0,32.5,40.0,0.0,33,1
TM,TEAM_CR,281,248670,20.0,21.4,21.9,-1.9,0.0,32.4,39.9,0.0,32,1
TM,TEAM_CR,282,248712,20.0,21.5,21.9,-1.9,0.7,30.9,39.8,0.0,31,1
TM,TEAM_CR,283,248752,20.0,21.5,21.9,-1.9,-0.1,32.6,39.8,0.0,33,1
TM,TEAM_CR,284,248792,20.0,21.5,21.9,-1.9,0.7,30.8,39.7,0.0,31,1
TM,TEAM_CR,285,248832,20.0,21.6,21.8,-1.8,0.0,32.2,39.6,0.0,32,1
TM,TEAM_CR,286,248872,20.0,21.5,21.9,-1.9,0.9,30.3,39.5,0.0,31,1
TM,SUN_L,3495,SUN_R,3117,SUN_NDV,0.0572,SUN_ANGLE,30.34
TM,MAG_X,-15.84,MAG_Y,10.75,MAG_Z,2.06,MAG_HEADING,145.83
TM,GYRO_X,-1.129,GYRO_Y,-1.942,GYRO_Z,0.257,BODY_RATE,-0.257
TM,TEAM_CR,287,248912,20.0,21.7,21.9,-1.9,1.1,29.6,39.5,0.0,30,1
TM,ADCS_MODE,MANUAL,ADCS_REFERENCE,SUN,TARGET,0.00,POINTING_ERROR,-29.81,SUN_ERROR,-30.33,MAG_ERROR,-145.83,GYRO_Z,0.257,RW_CMD,0
TM,EST_RAW,30.33,EST_FILTERED,30.33,EST_ANGLE,29.81,EST_FILTER,ON,EST_FILTER_TYPE,MOVING_AVERAGE,EST_MA_WINDOW,1,EST_FILTER_STRENGTH,0.35
TM,EST_FUSION,ON,EST_GYRO_WEIGHT,0.98,EST_VALID,1
TM,TEAM_CR,288,248961,20.0,21.6,21.9,-1.9,0.7,30.3,39.4,0.0,31,1
TM,TEAM_CR,289,249001,20.0,21.7,21.9,-1.9,0.5,30.5,39.3,0.0,31,1
TM,TEAM_CR,290,249050,20.0,21.8,21.9,-1.9,0.8,29.9,39.2,0.0,30,1
TM,TEAM_CR,291,249090,20.0,21.6,22.0,-2.0,1.2,28.8,39.2,0.0,29,1
TM,TEAM_CR,292,249131,20.0,21.7,22.0,-2.0,0.0,31.1,39.1,0.0,30,1
TM,TEAM_CR,293,249170,20.0,21.7,22.0,-2.0,0.5,29.9,39.0,0.0,30,1
TM,TEAM_CR,294,249212,20.0,21.6,22.0,-2.0,0.1,30.6,38.9,0.0,31,1
TM,TEAM_CR,295,249252,20.0,21.6,22.0,-2.0,0.5,29.8,38.8,0.0,30,1
TM,TEAM_CR,296,249292,20.0,21.8,22.0,-2.0,0.6,29.4,38.7,0.0,29,1
TM,TEAM_CR,297,249332,20.0,21.8,22.0,-2.0,0.8,28.8,38.7,0.0,29,1
TM,TEAM_CR,298,249372,20.0,21.9,22.1,-2.1,1.6,27.0,38.6,0.0,27,1
TM,TEAM_CR,299,249412,20.0,22.0,22.1,-2.1,0.0,30.1,38.5,0.0,30,1
TM,TEAM_CR,300,249461,20.0,21.8,22.1,-2.1,1.1,27.6,38.4,0.0,28,1
TM,TEAM_CR,301,249501,20.0,21.9,22.1,-2.1,0.1,29.7,38.3,0.0,30,1
TM,TEAM_CR,302,249541,20.0,22.0,22.2,-2.2,1.2,27.2,38.2,0.0,27,1
TM,TEAM_CR,303,249581,20.0,21.8,22.2,-2.2,0.0,29.6,38.2,0.0,30,1
TM,TEAM_CR,304,249630,20.0,21.9,22.2,-2.2,1.1,27.2,38.1,0.0,28,1
TM,SUN_L,3495,SUN_R,3117,SUN_NDV,0.0572,SUN_ANGLE,30.36
TM,MAG_X,-15.90,MAG_Y,10.90,MAG_Z,2.22,MAG_HEADING,145.58
TM,GYRO_X,-1.312,GYRO_Y,-2.091,GYRO_Z,0.292,BODY_RATE,-0.292
TM,TEAM_CR,305,249670,20.0,22.0,22.2,-2.2,-0.3,30.0,38.0,0.0,30,1
TM,TEAM_CR,306,249711,20.0,22.1,22.2,-2.2,0.8,27.6,37.9,0.0,28,1
TM,TEAM_CR,307,249751,20.0,22.0,22.2,-2.2,0.0,29.1,37.8,0.0,29,1
TM,TEAM_CR,308,249791,20.0,22.2,22.2,-2.2,0.5,28.0,37.7,0.0,28,1
TM,TEAM_CR,309,249831,20.0,22.1,22.2,-2.2,0.6,27.5,37.6,0.0,27,1
TM,TEAM_CR,310,249871,20.0,22.1,22.2,-2.2,0.2,28.3,37.5,0.0,28,1
TM,ADCS_MODE,MANUAL,ADCS_REFERENCE,SUN,TARGET,0.00,POINTING_ERROR,-29.84,SUN_ERROR,-30.33,MAG_ERROR,-146.09,GYRO_Z,0.230,RW_CMD,0
TM,EST_RAW,30.33,EST_FILTERED,30.33,EST_ANGLE,29.84,EST_FILTER,ON,EST_FILTER_TYPE,MOVING_AVERAGE,EST_MA_WINDOW,1,EST_FILTER_STRENGTH,0.35
TM,EST_FUSION,ON,EST_GYRO_WEIGHT,0.98,EST_VALID,1
TM,TEAM_CR,311,249911,20.0,21.9,22.2,-2.2,0.6,27.4,37.5,0.0,27,1
TM,TEAM_CR,312,249961,20.0,22.1,22.2,-2.2,-0.1,28.7,37.4,0.0,29,1
TM,TEAM_CR,313,250001,20.0,22.1,22.2,-2.2,0.4,27.5,37.3,0.0,27,1
TM,TEAM_CR,314,250050,20.0,22.2,22.2,-2.2,-0.5,29.3,37.2,0.0,29,1
TM,TEAM_CR,315,250090,20.0,22.2,22.2,-2.2,0.7,26.8,37.1,0.0,27,1
TM,TEAM_CR,316,250130,20.0,22.0,22.2,-2.2,0.0,28.1,37.0,0.0,28,1
TM,TEAM_CR,317,250170,20.0,22.2,22.2,-2.2,0.6,26.7,36.9,0.0,27,1
TM,TEAM_CR,318,250211,20.0,22.2,22.2,-2.2,-0.4,28.7,36.8,0.0,29,1
TM,TEAM_CR,319,250251,20.0,22.3,22.2,-2.2,0.4,27.1,36.7,0.0,28,1
TM,TEAM_CR,320,250291,20.0,22.1,22.2,-2.2,0.1,27.4,36.7,0.0,27,1
TM,TEAM_CR,321,250331,20.0,22.1,22.2,-2.2,0.3,27.1,36.6,0.0,28,1
TM,TEAM_CR,322,250372,20.0,22.3,22.2,-2.2,0.0,27.4,36.5,0.0,27,1
TM,SUN_L,3495,SUN_R,3118,SUN_NDV,0.0570,SUN_ANGLE,30.27
TM,MAG_X,-15.98,MAG_Y,10.83,MAG_Z,1.95,MAG_HEADING,145.88
TM,GYRO_X,-1.260,GYRO_Y,-2.109,GYRO_Z,0.327,BODY_RATE,-0.327
TM,TEAM_CR,323,250411,20.0,22.2,22.2,-2.2,-0.6,28.8,36.4,0.0,29,1
TM,TEAM_CR,324,250461,20.0,22.1,22.2,-2.2,0.6,26.1,36.3,0.0,26,1
TM,TEAM_CR,325,250501,20.0,22.3,22.2,-2.2,0.0,27.3,36.2,0.0,28,1
TM,TEAM_CR,326,250541,20.0,22.2,22.2,-2.2,0.6,26.0,36.1,0.0,26,1
TM,TEAM_CR,327,250582,20.0,22.3,22.2,-2.2,-0.7,28.5,36.0,0.0,29,1
TM,TEAM_CR,328,250630,20.0,22.1,22.2,-2.2,0.9,25.2,35.9,0.0,26,1
TM,TEAM_CR,329,250670,20.0,22.2,22.2,-2.2,-0.7,28.2,35.8,0.0,28,1
TM,TEAM_CR,330,250712,20.0,22.3,22.3,-2.3,0.6,25.4,35.8,0.0,25,1
TM,TEAM_CR,331,250752,20.0,22.2,22.2,-2.2,-0.7,28.1,35.7,0.0,28,1
TM,TEAM_CR,332,250792,20.0,22.3,22.3,-2.3,0.5,25.5,35.6,0.0,26,1
TM,TEAM_CR,333,250832,20.0,22.2,22.3,-2.3,-0.6,27.6,35.5,0.0,27,1
TM,ADCS_MODE,MANUAL,ADCS_REFERENCE,SUN,TARGET,0.00,POINTING_ERROR,-29.87,SUN_ERROR,-30.15,MAG_ERROR,-145.88,GYRO_Z,0.335,RW_CMD,0
TM,EST_RAW,30.15,EST_FILTERED,30.15,EST_ANGLE,29.87,EST_FILTER,ON,EST_FILTER_TYPE,MOVING_AVERAGE,EST_MA_WINDOW,1,EST_FILTER_STRENGTH,0.35
TM,EST_FUSION,ON,EST_GYRO_WEIGHT,0.98,EST_VALID,1
TM,TEAM_CR,334,250872,20.0,22.2,22.2,-2.2,0.0,26.4,35.4,0.0,27,1
TM,TEAM_CR,335,250913,20.0,22.0,22.2,-2.2,0.0,26.4,35.3,0.0,26,1
TM,TEAM_CR,336,250962,20.0,22.3,22.2,-2.2,-0.1,26.7,35.2,0.0,27,1
TM,TEAM_CR,337,251002,20.0,22.2,22.2,-2.2,0.2,26.0,35.1,0.0,26,1
TM,TEAM_CR,338,251050,20.0,22.4,22.2,-2.2,-0.1,26.5,35.0,0.0,27,1
TM,TEAM_CR,339,251090,20.0,22.2,22.2,-2.2,-0.2,26.7,35.0,0.0,27,1
TM,TEAM_CR,340,251130,20.0,22.2,22.1,-2.1,-0.5,27.3,34.9,0.0,27,1
TM,SUN_L,3495,SUN_R,3117,SUN_NDV,0.0572,SUN_ANGLE,30.25
TM,MAG_X,-16.03,MAG_Y,10.85,MAG_Z,1.94,MAG_HEADING,145.92
TM,GYRO_X,-1.444,GYRO_Y,-2.275,GYRO_Z,0.414,BODY_RATE,-0.414
TM,TEAM_CR,341,251170,20.0,22.2,22.2,-2.2,0.2,25.8,34.8,0.0,26,1
TM,TEAM_CR,342,251212,20.0,22.1,22.1,-2.1,-0.7,27.6,34.7,0.0,28,1
TM,TEAM_CR,343,251252,20.0,22.3,22.2,-2.2,0.2,25.7,34.6,0.0,26,1
TM,TEAM_CR,344,251293,20.0,22.2,22.1,-2.1,-0.6,27.1,34.5,0.0,27,1
TM,TEAM_CR,345,251333,20.0,22.3,22.1,-2.1,0.1,25.7,34.4,0.0,26,1
TM,TEAM_CR,346,251372,20.0,22.3,22.2,-2.2,0.1,25.5,34.4,0.0,26,1
TM,TEAM_CR,347,251412,20.0,22.3,22.1,-2.1,-0.3,26.3,34.3,0.0,26,1
TM,TEAM_CR,348,251462,20.0,22.4,22.2,-2.2,-0.2,25.9,34.2,0.0,26,1
TM,TEAM_CR,349,251502,20.0,22.2,22.1,-2.1,-0.5,26.5,34.1,0.0,27,1
TM,TEAM_CR,350,251543,20.0,22.3,22.1,-2.1,0.1,25.2,34.0,0.0,25,1
TM,TEAM_CR,351,251582,20.0,22.2,22.1,-2.1,-0.4,26.2,33.9,0.0,26,1
TM,TEAM_CR,352,251630,20.0,22.2,22.1,-2.1,0.0,25.4,33.8,0.0,25,1
TM,TEAM_CR,353,251669,20.0,22.5,22.1,-2.1,-0.6,26.6,33.8,0.0,27,1
TM,TEAM_CR,354,251714,20.0,22.3,22.1,-2.1,0.3,24.5,33.7,0.0,25,1
TM,TEAM_CR,355,251754,20.0,22.4,22.1,-2.1,-0.7,26.5,33.6,0.0,27,1
TM,TEAM_CR,356,251793,20.0,22.3,22.1,-2.1,0.1,24.8,33.5,0.0,25,1
TM,ADCS_MODE,MANUAL,ADCS_REFERENCE,SUN,TARGET,0.00,POINTING_ERROR,-29.88,SUN_ERROR,-30.35,MAG_ERROR,-146.22,GYRO_Z,0.528,RW_CMD,0
TM,EST_RAW,30.35,EST_FILTERED,30.35,EST_ANGLE,29.88,EST_FILTER,ON,EST_FILTER_TYPE,MOVING_AVERAGE,EST_MA_WINDOW,1,EST_FILTER_STRENGTH,0.35
TM,EST_FUSION,ON,EST_GYRO_WEIGHT,0.98,EST_VALID,1
TM,TEAM_CR,357,251833,20.0,22.2,22.1,-2.1,-0.7,26.3,33.4,0.0,26,1
TM,TEAM_CR,358,251873,20.0,22.4,22.1,-2.1,0.1,24.7,33.3,0.0,25,1
TM,SUN_L,3495,SUN_R,3117,SUN_NDV,0.0572,SUN_ANGLE,30.33
TM,MAG_X,-16.00,MAG_Y,10.70,MAG_Z,1.92,MAG_HEADING,146.22
TM,GYRO_X,-1.400,GYRO_Y,-2.056,GYRO_Z,0.099,BODY_RATE,-0.099
TM,TEAM_CR,359,251913,20.0,22.2,22.1,-2.1,0.1,24.5,33.2,0.0,25,1
TM,TEAM_CR,360,251963,20.0,22.3,22.1,-2.1,0.1,24.4,33.2,0.0,24,1
TM,TEAM_CR,361,252004,20.0,22.4,22.1,-2.1,0.1,24.3,33.1,0.0,24,1
TM,TEAM_CR,362,252051,20.0,22.3,22.1,-2.1,-0.5,25.4,33.0,0.0,25,1
TM,TEAM_CR,363,252091,20.0,22.3,22.2,-2.2,0.2,23.9,32.9,0.0,24,1
TM,TEAM_CR,364,252131,20.0,22.4,22.1,-2.1,-0.5,25.3,32.8,0.0,25,1
TM,TEAM_CR,365,252181,20.0,22.2,22.1,-2.1,0.3,23.6,32.7,0.0,24,1
TM,TEAM_CR,366,252232,-20.0,22.3,22.1,-42.1,-0.4,-135.9,31.9,0.0,25,17
TM,TEAM_CR,367,252272,-20.0,22.3,22.1,-42.1,-0.1,-136.5,31.9,0.0,5,17
TM,TEAM_CR,368,252312,-20.0,22.2,22.1,-42.1,-2.4,-131.6,31.9,0.0,-16,17
TM,TEAM_CR,369,252352,-20.0,22.4,21.9,-41.9,-6.6,-122.4,31.9,0.0,-36,17
TM,TEAM_CR,370,252392,-20.0,22.3,21.4,-41.4,-13.4,-106.9,31.9,0.0,-56,17
TM,TEAM_CR,371,252432,-20.0,21.8,20.7,-40.7,-19.7,-91.5,31.9,0.0,-60,17
TM,TEAM_CR,372,252483,-20.0,21.4,19.4,-39.4,-30.3,-65.0,31.9,0.0,-60,17
TM,TEAM_CR,373,252523,-20.0,20.8,18.0,-38.0,-38.2,-44.6,31.1,0.0,-53,1
TM,TEAM_CR,374,252563,-20.0,18.9,16.5,-36.5,-42.6,-31.0,29.6,0.0,-35,1
TM,TEAM_CR,375,252603,-20.0,17.9,14.8,-34.8,-45.4,-20.2,28.2,0.0,-23,1
TM,TEAM_CR,376,252643,-20.0,16.7,13.1,-33.1,-47.4,-10.7,26.9,0.0,-15,1
TM,TEAM_CR,377,252689,-20.0,15.7,11.1,-31.1,-46.2,-6.3,25.6,0.0,-6,1
TM,SUN_L,3495,SUN_R,3117,SUN_NDV,0.0572,SUN_ANGLE,30.26
TM,MAG_X,-16.11,MAG_Y,10.90,MAG_Z,1.92,MAG_HEADING,145.93
TM,GYRO_X,-1.312,GYRO_Y,-1.977,GYRO_Z,0.414,BODY_RATE,-0.414
TM,TEAM_CR,378,252770,-20.0,12.1,7.6,-27.6,-45.1,4.3,24.5,0.0,4,1
TM,ADCS_MODE,MANUAL,ADCS_REFERENCE,SUN,TARGET,0.00,POINTING_ERROR,-29.91,SUN_ERROR,-30.26,MAG_ERROR,-145.92,GYRO_Z,0.204,RW_CMD,0
TM,EST_RAW,30.26,EST_FILTERED,30.26,EST_ANGLE,29.91,EST_FILTER,ON,EST_FILTER_TYPE,MOVING_AVERAGE,EST_MA_WINDOW,1,EST_FILTER_STRENGTH,0.35
TM,EST_FUSION,ON,EST_GYRO_WEIGHT,0.98,EST_VALID,1
TM,TEAM_CR,379,252811,-20.0,10.2,6.0,-26.0,-42.1,3.5,23.4,0.0,4,1
TM,TEAM_CR,380,252863,-20.0,7.4,4.1,-24.1,-39.8,5.9,22.4,0.0,6,1
TM,TEAM_CR,381,252904,-20.0,6.0,2.7,-22.7,-36.3,3.3,21.5,0.0,3,1
TM,TEAM_CR,382,252954,-20.0,4.1,1.1,-21.1,-33.9,3.9,20.7,0.0,4,1
TM,TEAM_CR,383,252994,-20.0,3.1,0.0,-20.0,-29.5,-1.2,19.8,0.0,0,1
TM,TEAM_CR,384,253034,-20.0,2.3,-1.0,-19.0,-27.5,-2.1,19.1,0.0,-2,1
TM,TEAM_CR,385,253103,-20.0,1.3,-2.4,-17.6,-21.2,-9.8,18.4,0.0,-9,1
TM,TEAM_CR,386,253143,-20.0,0.6,-3.1,-16.9,-20.8,-8.6,17.7,0.0,-9,1
TM,TEAM_CR,387,253183,-20.0,-0.2,-3.7,-16.3,-19.6,-8.9,17.0,0.0,-9,1
TM,TEAM_CR,388,253224,-20.0,-0.6,-4.3,-15.7,-18.8,-8.7,16.4,0.0,-9,1
TM,TEAM_CR,389,253264,-20.0,-1.5,-4.9,-15.1,-18.6,-7.3,15.8,0.0,-7,1
TM,TEAM_CR,390,253305,-20.0,-2.0,-5.5,-14.5,-17.3,-8.2,15.2,0.0,-8,1
TM,TEAM_CR,391,253345,-20.0,-2.4,-6.0,-14.0,-17.0,-7.2,14.6,0.0,-8,1
TM,TEAM_CR,392,253384,-20.0,-2.8,-6.6,-13.4,-17.3,-5.0,14.1,0.0,-5,1
TM,TEAM_CR,393,253424,-20.0,-3.6,-7.1,-12.9,-15.8,-6.6,13.6,0.0,-7,1
TM,TEAM_CR,394,253474,-20.0,-4.3,-7.7,-12.3,-15.6,-4.7,13.1,0.0,-5,1
TM,TEAM_CR,395,253522,-20.0,-4.9,-8.3,-11.7,-15.4,-3.3,12.6,0.0,-3,1
TM,SUN_L,3495,SUN_R,3117,SUN_NDV,0.0572,SUN_ANGLE,30.35
TM,MAG_X,-15.97,MAG_Y,10.98,MAG_Z,1.81,MAG_HEADING,145.50
TM,GYRO_X,-1.312,GYRO_Y,-2.065,GYRO_Z,0.397,BODY_RATE,-0.397
TM,TEAM_CR,396,253562,-20.0,-6.9,-8.9,-11.1,-17.2,2.2,12.1,0.0,1,1
TM,TEAM_CR,397,253602,-20.0,-7.7,-9.5,-10.5,-17.5,4.7,11.7,0.0,5,1
TM,TEAM_CR,398,253642,-20.0,-8.8,-10.1,-9.9,-16.1,4.1,11.3,0.0,4,1
TM,TEAM_CR,399,253682,-20.0,-9.3,-10.7,-9.3,-16.0,5.8,10.9,0.0,6,1
TM,TEAM_CR,400,253724,-20.0,-10.6,-11.3,-8.7,-14.8,5.3,10.6,0.0,5,1
TM,TEAM_CR,401,253763,-20.0,-10.9,-11.8,-8.2,-13.0,3.4,10.3,0.0,3,1
TM,ADCS_MODE,MANUAL,ADCS_REFERENCE,SUN,TARGET,0.00,POINTING_ERROR,-29.94,SUN_ERROR,-30.21,MAG_ERROR,-145.50,GYRO_Z,0.362,RW_CMD,0
TM,EST_RAW,30.21,EST_FILTERED,30.21,EST_ANGLE,29.94,EST_FILTER,ON,EST_FILTER_TYPE,MOVING_AVERAGE,EST_MA_WINDOW,1,EST_FILTER_STRENGTH,0.35
TM,EST_FUSION,ON,EST_GYRO_WEIGHT,0.98,EST_VALID,1
TM,TEAM_CR,402,253803,-20.0,-11.3,-12.3,-7.7,-13.7,6.5,9.9,0.0,6,1
TM,TEAM_CR,403,253843,-20.0,-12.4,-12.8,-7.2,-12.6,6.0,9.6,0.0,6,1
TM,TEAM_CR,404,253883,-20.0,-13.1,-13.2,-6.8,-11.6,5.5,9.4,0.0,6,1
TM,TEAM_CR,405,253923,-20.0,-13.3,-13.7,-6.3,-11.4,6.8,9.1,0.0,7,1
TM,TEAM_CR,406,253969,-20.0,-13.6,-14.2,-5.8,-10.2,5.9,8.9,0.0,6,1
TM,TEAM_CR,407,254009,-20.0,-14.3,-14.5,-5.5,-10.3,7.4,8.7,0.0,7,1
TM,TEAM_CR,408,254049,-20.0,-14.8,-14.9,-5.1,-9.8,7.9,8.4,0.0,8,1
TM,TEAM_CR,409,254104,-20.0,-15.4,-15.4,-4.6,-8.7,7.4,8.3,0.0,7,1
TM,TEAM_CR,410,254144,-20.0,-15.5,-15.8,-4.2,-9.4,10.1,8.1,0.0,10,1
TM,TEAM_CR,411,254183,-20.0,-15.7,-16.1,-3.9,-8.5,9.4,7.9,0.0,9,1
TM,TEAM_CR,412,254223,-20.0,-15.9,-16.4,-3.6,-7.6,8.6,7.8,0.0,9,1
TM,TEAM_CR,413,254263,-20.0,-16.2,-16.7,-3.3,-7.9,10.4,7.6,0.0,10,1
TM,SUN_L,3495,SUN_R,3117,SUN_NDV,0.0572,SUN_ANGLE,30.33
TM,MAG_X,-16.35,MAG_Y,10.72,MAG_Z,1.90,MAG_HEADING,146.75
TM,GYRO_X,-1.479,GYRO_Y,-2.109,GYRO_Z,0.327,BODY_RATE,-0.327
TM,TEAM_CR,414,254303,-20.0,-16.8,-17.0,-3.0,-6.9,9.4,7.5,0.0,9,1
TM,TEAM_CR,415,254343,-20.0,-17.3,-17.2,-2.8,-6.1,8.7,7.4,0.0,9,1
TM,TEAM_CR,416,254383,-20.0,-17.2,-17.5,-2.5,-6.3,9.8,7.3,0.0,10,1
TM,TEAM_CR,417,254423,-20.0,-17.6,-17.7,-2.3,-4.5,7.0,7.2,0.0,8,1
TM,TEAM_CR,418,254469,-20.0,-17.8,-17.9,-2.1,-4.9,8.6,7.1,0.0,9,1
TM,TEAM_CR,419,254508,-20.0,-18.1,-18.1,-1.9,-5.5,10.5,7.1,0.0,10,1
TM,TEAM_CR,420,254548,-20.0,-18.7,-18.3,-1.7,-4.3,8.8,7.0,0.0,9,1
TM,TEAM_CR,421,254588,-20.0,-18.6,-18.5,-1.5,-5.4,11.7,6.9,0.0,12,1
TM,TEAM_CR,422,254628,-20.0,-19.0,-18.7,-1.3,-5.4,12.7,6.9,0.0,13,1
TM,TEAM_CR,423,254668,-20.0,-19.2,-18.9,-1.1,-3.5,9.4,6.8,0.0,10,1
TM,TEAM_CR,424,254718,-20.0,-19.4,-19.1,-0.9,-4.4,12.2,6.8,0.0,11,1
TM,ADCS_MODE,MANUAL,ADCS_REFERENCE,SUN,TARGET,0.00,POINTING_ERROR,-29.94,SUN_ERROR,-30.33,MAG_ERROR,-146.14,GYRO_Z,0.370,RW_CMD,0
TM,EST_RAW,30.33,EST_FILTERED,30.33,EST_ANGLE,29.94,EST_FILTER,ON,EST_FILTER_TYPE,MOVING_AVERAGE,EST_MA_WINDOW,1,EST_FILTER_STRENGTH,0.35
TM,EST_FUSION,ON,EST_GYRO_WEIGHT,0.98,EST_VALID,1
TM,TEAM_CR,425,254758,-20.0,-19.7,-19.3,-0.7,-4.2,12.3,6.8,0.0,12,1
TM,TEAM_CR,426,254798,-20.0,-19.6,-19.5,-0.5,-3.5,11.5,6.7,0.0,12,1
TM,TEAM_CR,427,254838,-20.0,-19.9,-19.6,-0.4,-4.7,6.7,6.7,0.0,7,1
TM,TEAM_CR,428,254878,-20.0,-20.0,-19.8,-0.2,-4.0,6.7,6.7,0.0,7,1
TM,TEAM_CR,429,254931,-20.0,-20.1,-20.0,0.0,-3.3,6.7,6.7,0.0,7,1
TM,TEAM_CR,430,254971,-20.0,-20.3,-20.2,0.2,-4.8,6.7,6.7,0.0,7,1
TM,TEAM_CR,431,255011,-20.0,-20.4,-20.3,0.3,-4.0,6.7,6.7,0.0,7,1
TM,SUN_L,3496,SUN_R,3118,SUN_NDV,0.0572,SUN_ANGLE,30.37
TM,MAG_X,-16.14,MAG_Y,10.83,MAG_Z,1.76,MAG_HEADING,146.14
TM,GYRO_X,-1.470,GYRO_Y,-2.161,GYRO_Z,0.414,BODY_RATE,-0.414
TM,TEAM_CR,432,255051,-20.0,-20.5,-20.5,0.5,-3.7,6.7,6.7,0.0,7,1
TM,TEAM_CR,433,255091,-20.0,-20.7,-20.7,0.7,-4.0,17.4,6.8,0.0,17,1
TM,TEAM_CR,434,255132,-20.0,-20.9,-20.8,0.8,-2.1,14.1,6.8,0.0,14,1
TM,TEAM_CR,435,255172,-20.0,-20.9,-20.8,0.8,-1.4,12.8,6.8,0.0,13,1
TM,TEAM_CR,436,255219,-20.0,-21.3,-20.9,0.9,-2.4,6.8,6.8,0.0,7,3
TM,TEAM_CR,437,255259,-20.0,-21.4,-21.0,1.0,-2.6,11.5,6.8,0.0,9,3
TM,TEAM_CR,438,255309,-20.0,-21.6,-21.3,1.3,-4.6,13.9,6.9,0.0,14,3
TM,TEAM_CR,439,255349,-20.0,-21.6,-21.5,1.5,-4.7,14.5,6.9,0.0,14,3
TM,TEAM_CR,440,255389,-20.0,-22.1,-21.6,1.6,-3.0,13.1,6.9,0.0,13,3
TM,TEAM_CR,441,255429,-20.0,-22.3,-21.8,1.8,-3.6,14.1,6.9,0.0,14,3
TM,TEAM_CR,442,255477,-20.0,-22.5,-22.0,2.0,-3.2,14.1,7.0,0.0,14,3
TM,TEAM_CR,443,255530,-20.0,-22.7,-22.1,2.1,-2.6,20.7,7.1,0.0,21,1
TM,TEAM_CR,444,255570,-20.0,-22.7,-22.3,2.3,-3.1,22.3,7.2,0.0,22,1
TM,TEAM_CR,445,255609,-20.0,-22.7,-22.4,2.4,-1.7,20.2,7.3,0.0,20,1
TM,TEAM_CR,446,255649,-20.0,-22.7,-22.4,2.4,-1.2,19.4,7.3,0.0,19,1
TM,TEAM_CR,447,255689,-20.0,-22.9,-22.5,2.5,-2.6,22.7,7.4,0.0,23,1
TM,ADCS_MODE,MANUAL,ADCS_REFERENCE,SUN,TARGET,0.00,POINTING_ERROR,-29.96,SUN_ERROR,-30.41,MAG_ERROR,-146.08,GYRO_Z,0.598,RW_CMD,0
TM,EST_RAW,30.41,EST_FILTERED,30.41,EST_ANGLE,29.96,EST_FILTER,ON,EST_FILTER_TYPE,MOVING_AVERAGE,EST_MA_WINDOW,1,EST_FILTER_STRENGTH,0.35
TM,EST_FUSION,ON,EST_GYRO_WEIGHT,0.98,EST_VALID,1
TM,TEAM_CR,448,255729,-20.0,-22.8,-22.6,2.6,-2.4,22.8,7.6,0.0,23,1
TM,TEAM_CR,449,255769,-20.0,-23.0,-22.7,2.7,-1.0,20.4,7.7,0.0,20,1
TM,SUN_L,3496,SUN_R,3118,SUN_NDV,0.0572,SUN_ANGLE,30.35
TM,MAG_X,-16.11,MAG_Y,10.98,MAG_Z,1.44,MAG_HEADING,145.74
TM,GYRO_X,-1.111,GYRO_Y,-2.118,GYRO_Z,0.230,BODY_RATE,-0.230
TM,TEAM_CR,450,255809,-20.0,-23.0,-22.8,2.8,-2.3,23.6,7.8,0.0,24,1
TM,TEAM_CR,451,255849,-20.0,-23.3,-22.9,2.9,-2.8,25.3,7.9,0.0,25,1
TM,TEAM_CR,452,255889,-20.0,-23.5,-23.0,3.0,-1.3,22.7,8.0,0.0,23,1
TM,TEAM_CR,453,255931,-20.0,-23.5,-23.1,3.1,-2.1,24.9,8.1,0.0,25,1
TM,TEAM_CR,454,255974,-20.0,-24.2,-23.2,3.2,-1.2,23.5,8.3,0.0,24,1
TM,TEAM_CR,455,256014,-20.0,-23.7,-23.3,3.3,-1.3,24.1,8.4,0.0,24,1
TM,TEAM_CR,456,256055,-20.0,-23.7,-23.4,3.4,-1.7,25.3,8.5,0.0,25,1
TM,TEAM_CR,457,256094,-20.0,-23.7,-23.4,3.4,-1.2,24.8,8.7,0.0,25,1
TM,TEAM_CR,458,256134,-20.0,-23.9,-23.5,3.5,-0.5,23.6,8.8,0.0,24,1
TM,TEAM_CR,459,256174,-20.0,-23.9,-23.5,3.5,-1.8,26.7,8.9,0.0,27,1
TM,TEAM_CR,460,256224,-20.0,-23.8,-23.6,3.6,-1.1,25.6,9.1,0.0,26,1
TM,TEAM_CR,461,256265,-20.0,-24.1,-23.6,3.6,-0.7,25.2,9.2,0.0,25,1
TM,TEAM_CR,462,256312,-20.0,-24.1,-23.7,3.7,-1.4,27.1,9.4,0.0,27,1
TM,TEAM_CR,463,256352,-20.0,-24.0,-23.8,3.8,-0.4,25.4,9.5,0.0,27,1
TM,TEAM_CR,464,256392,-20.0,-24.0,-23.8,3.8,-0.9,26.6,9.7,0.0,27,1
TM,TEAM_CR,465,256433,-20.0,-24.2,-23.9,3.9,-1.6,28.4,9.8,0.0,28,1
TM,TEAM_CR,466,256475,-20.0,-24.1,-23.9,3.9,-0.6,26.8,10.0,0.0,27,1
TM,TEAM_CR,467,256515,-20.0,-24.2,-23.9,3.9,-0.8,27.5,10.1,0.0,28,1
TM,TEAM_CR,468,256554,-20.0,-24.0,-24.0,4.0,-1.2,28.8,10.3,0.0,29,1
TM,SUN_L,3494,SUN_R,3117,SUN_NDV,0.0570,SUN_ANGLE,30.47
TM,MAG_X,-16.21,MAG_Y,10.98,MAG_Z,1.66,MAG_HEADING,145.89
TM,GYRO_X,-1.138,GYRO_Y,-2.091,GYRO_Z,0.327,BODY_RATE,-0.327
TM,TEAM_CR,469,256594,-20.0,-24.3,-24.0,4.0,-0.2,26.9,10.5,0.0,27,1
TM,ADCS_MODE,MANUAL,ADCS_REFERENCE,SUN,TARGET,0.00,POINTING_ERROR,-29.98,SUN_ERROR,-30.33,MAG_ERROR,-145.89,GYRO_Z,0.300,RW_CMD,0
TM,EST_RAW,30.33,EST_FILTERED,30.33,EST_ANGLE,29.98,EST_FILTER,ON,EST_FILTER_TYPE,MOVING_AVERAGE,EST_MA_WINDOW,1,EST_FILTER_STRENGTH,0.35
TM,EST_FUSION,ON,EST_GYRO_WEIGHT,0.98,EST_VALID,1
TM,TEAM_CR,470,256634,-20.0,-24.0,-24.1,4.1,-0.8,28.3,10.6,0.0,28,1
TM,TEAM_CR,471,256674,-20.0,-24.1,-24.1,4.1,-1.2,29.7,10.8,0.0,30,1
TM,TEAM_CR,472,256724,-20.0,-24.2,-24.1,4.1,-0.4,28.3,11.0,0.0,28,1
TM,TEAM_CR,473,256765,-20.0,-24.1,-24.2,4.2,-0.7,29.2,11.1,0.0,29,1
TM,TEAM_CR,474,256804,-20.0,-24.3,-24.2,4.2,-1.0,30.1,11.3,0.0,30,1
TM,TEAM_CR,475,256844,-20.0,-24.3,-24.2,4.2,-0.7,29.7,11.5,0.0,30,1
TM,TEAM_CR,476,256884,-20.0,-24.3,-24.2,4.2,-0.6,29.8,11.6,0.0,30,1
TM,TEAM_CR,477,256933,-20.0,-24.1,-24.3,4.3,-0.3,29.5,11.8,0.0,29,1
TM,TEAM_CR,478,256975,-20.0,-24.0,-24.3,4.3,-0.1,29.1,12.0,0.0,29,1
TM,TEAM_CR,479,257016,-20.0,-24.1,-24.3,4.3,-0.9,31.1,12.1,0.0,31,1
TM,TEAM_CR,480,257055,-20.0,-24.2,-24.3,4.3,-0.1,29.6,12.3,0.0,30,1
TM,TEAM_CR,481,257095,-20.0,-24.2,-24.3,4.3,0.1,29.4,12.5,0.0,29,1
TM,TEAM_CR,482,257135,-20.0,-24.2,-24.3,4.3,-0.9,31.7,12.7,0.0,32,1
TM,TEAM_CR,483,257175,-20.0,-24.4,-24.3,4.3,0.0,30.1,12.8,0.0,31,1
TM,TEAM_CR,484,257225,-20.0,-24.4,-24.3,4.3,-0.3,30.9,13.0,0.0,31,1
TM,TEAM_CR,485,257264,-20.0,-24.2,-24.4,4.4,-0.4,31.3,13.2,0.0,31,1
TM,TEAM_CR,486,257313,-20.0,-24.1,-24.3,4.3,0.1,30.6,13.4,0.0,31,1
TM,SUN_L,3496,SUN_R,3118,SUN_NDV,0.0572,SUN_ANGLE,30.35
TM,MAG_X,-16.14,MAG_Y,10.94,MAG_Z,1.52,MAG_HEADING,145.87
TM,GYRO_X,-1.181,GYRO_Y,-1.995,GYRO_Z,0.449,BODY_RATE,-0.449
TM,TEAM_CR,487,257354,-20.0,-24.4,-24.4,4.4,-0.5,32.0,13.5,0.0,32,1
TM,TEAM_CR,488,257394,-20.0,-24.3,-24.4,4.4,-0.1,31.4,13.7,0.0,31,1
TM,TEAM_CR,489,257433,-20.0,-24.5,-24.4,4.4,-0.2,31.9,13.9,0.0,32,1
TM,TEAM_CR,490,257475,-20.0,-24.0,-24.4,4.4,-0.5,32.6,14.0,0.0,33,1
TM,TEAM_CR,491,257515,-20.0,-24.2,-24.4,4.4,0.1,31.6,14.2,0.0,32,1
TM,TEAM_CR,492,257555,-20.0,-24.3,-24.4,4.4,0.1,31.6,14.4,0.0,32,1
TM,ADCS_MODE,MANUAL,ADCS_REFERENCE,SUN,TARGET,0.00,POINTING_ERROR,-30.00,SUN_ERROR,-30.34,MAG_ERROR,-145.87,GYRO_Z,0.274,RW_CMD,0
TM,EST_RAW,30.34,EST_FILTERED,30.34,EST_ANGLE,30.00,EST_FILTER,ON,EST_FILTER_TYPE,MOVING_AVERAGE,EST_MA_WINDOW,1,EST_FILTER_STRENGTH,0.35
TM,EST_FUSION,ON,EST_GYRO_WEIGHT,0.98,EST_VALID,1
TM,TEAM_CR,493,257595,-20.0,-24.5,-24.4,4.4,-0.8,33.7,14.6,0.0,34,1
TM,TEAM_CR,494,257635,-20.0,-24.3,-24.4,4.4,0.2,32.0,14.8,0.0,32,1
TM,TEAM_CR,495,257675,-20.0,-24.2,-24.4,4.4,0.2,31.9,14.9,0.0,32,1
TM,TEAM_CR,496,257724,-20.0,-24.2,-24.4,4.4,-0.6,33.9,15.1,0.0,34,1
TM,TEAM_CR,497,257764,-20.0,-24.2,-24.4,4.4,0.5,31.7,15.3,0.0,32,1
TM,TEAM_CR,498,257804,-20.0,-24.1,-24.4,4.4,-0.1,33.2,15.4,0.0,33,1
TM,TEAM_CR,499,257844,-20.0,-23.9,-24.4,4.4,-0.4,34.0,15.6,0.0,34,1
TM,TEAM_CR,500,257884,-20.0,-24.0,-24.4,4.4,0.3,32.7,15.8,0.0,33,1
TM,TEAM_CR,501,257933,-20.0,-24.2,-24.4,4.4,-0.4,34.2,16.0,0.0,34,1
TM,TEAM_CR,502,257975,-20.0,-24.4,-24.4,4.4,0.3,33.0,16.1,0.0,33,1
TM,TEAM_CR,503,258014,-20.0,-24.4,-24.3,4.3,0.1,33.5,16.3,0.0,33,1
TM,TEAM_CR,504,258054,-20.0,-24.2,-24.3,4.3,-0.6,35.0,16.5,0.0,35,1
TM,SUN_L,3496,SUN_R,3118,SUN_NDV,0.0572,SUN_ANGLE,30.37
TM,MAG_X,-16.30,MAG_Y,10.94,MAG_Z,1.68,MAG_HEADING,146.13
TM,GYRO_X,-1.260,GYRO_Y,-2.082,GYRO_Z,0.222,BODY_RATE,-0.222
TM,TEAM_CR,505,258094,-20.0,-24.2,-24.3,4.3,0.5,33.1,16.7,0.0,34,1
TM,TEAM_CR,506,258134,-20.0,-24.2,-24.3,4.3,0.1,33.9,16.8,0.0,34,1
TM,TEAM_CR,507,258178,-20.0,-24.0,-24.3,4.3,-0.1,54.5,17.0,19.8,39,1
TM,TEAM_CR,508,258225,-20.0,-24.2,-24.3,4.3,1.5,50.9,17.2,19.4,52,1
TM,TEAM_CR,509,258264,-20.0,-24.2,-24.2,4.2,2.5,48.3,17.4,19.0,49,1
TM,TEAM_CR,510,258313,-20.0,-23.8,-24.0,4.0,4.6,43.0,17.5,18.6,46,1
TM,TEAM_CR,511,258353,-20.0,-23.7,-23.8,3.8,5.3,40.6,17.7,18.3,41,1
TM,TEAM_CR,512,258393,-20.0,-23.6,-23.6,3.6,4.9,40.4,17.8,17.9,40,1
TM,TEAM_CR,513,258433,-20.0,-23.1,-23.4,3.4,4.5,40.2,17.9,17.6,40,1
TM,TEAM_CR,514,258475,-20.0,-22.8,-23.2,3.2,2.8,42.7,18.1,17.2,43,1
TM,TEAM_CR,515,258514,-20.0,-22.8,-23.1,3.1,2.2,43.3,18.2,16.9,43,1
TM,ADCS_MODE,MANUAL,ADCS_REFERENCE,SUN,TARGET,0.00,POINTING_ERROR,-30.02,SUN_ERROR,-30.33,MAG_ERROR,-146.22,GYRO_Z,0.484,RW_CMD,0
TM,EST_RAW,30.33,EST_FILTERED,30.33,EST_ANGLE,30.02,EST_FILTER,ON,EST_FILTER_TYPE,MOVING_AVERAGE,EST_MA_WINDOW,1,EST_FILTER_STRENGTH,0.35
TM,EST_FUSION,ON,EST_GYRO_WEIGHT,0.98,EST_VALID,1
TM,TEAM_CR,516,258554,-20.0,-22.7,-23.1,3.1,0.2,46.8,18.3,16.5,46,1
TM,TEAM_CR,517,258594,-20.0,-22.5,-23.0,3.0,-0.4,47.7,18.4,16.2,48,1
TM,TEAM_CR,518,258634,-20.0,-22.5,-23.0,3.0,1.1,44.5,18.6,15.9,46,1
TM,TEAM_CR,519,258674,-20.0,-22.7,-22.9,2.9,0.8,44.7,18.7,15.6,45,1
TM,TEAM_CR,520,258724,-20.0,-22.4,-22.9,2.9,0.1,45.6,18.8,15.3,46,1
TM,TEAM_CR,521,258764,-20.0,-22.5,-22.9,2.9,0.7,44.2,18.9,15.0,44,1
TM,TEAM_CR,522,258804,-20.0,-22.3,-22.8,2.8,0.0,45.3,19.0,14.7,45,1
TM,SUN_L,3497,SUN_R,3117,SUN_NDV,0.0575,SUN_ANGLE,30.34
TM,MAG_X,-16.14,MAG_Y,11.12,MAG_Z,1.73,MAG_HEADING,145.44
TM,GYRO_X,-1.418,GYRO_Y,-1.890,GYRO_Z,0.292,BODY_RATE,-0.292
TM,TEAM_CR,523,258844,-20.0,-22.3,-22.8,2.8,0.4,44.2,19.1,14.4,44,1
TM,TEAM_CR,524,258884,-20.0,-22.5,-22.8,2.8,0.4,43.8,19.3,14.1,44,1
TM,TEAM_CR,525,258933,-20.0,-22.4,-22.8,2.8,0.1,44.2,19.4,13.8,44,1
TM,TEAM_CR,526,258975,-20.0,-21.7,-22.7,2.7,0.7,42.7,19.5,13.5,43,1
TM,TEAM_CR,527,259015,-20.0,-22.4,-22.7,2.7,-0.4,44.6,19.6,13.3,45,1
TM,TEAM_CR,528,259055,-20.0,-22.3,-22.7,2.7,0.8,41.9,19.7,13.0,43,1
TM,TEAM_CR,529,259095,-20.0,-22.1,-22.6,2.6,0.3,42.7,19.8,12.8,43,1
TM,TEAM_CR,530,259136,-20.0,-22.2,-22.6,2.6,0.2,42.5,19.9,12.5,42,1
TM,TEAM_CR,531,259176,-20.0,-22.1,-22.6,2.6,-0.2,43.2,20.0,12.3,43,1
TM,TEAM_CR,532,259225,-20.0,-21.9,-22.6,2.6,-0.3,43.1,20.1,12.0,43,1
TM,TEAM_CR,533,259265,-20.0,-22.0,-22.6,2.6,0.3,41.6,20.2,11.8,42,1
TM,TEAM_CR,534,259313,-20.0,-22.1,-22.6,2.6,-0.8,43.8,20.3,11.5,44,1
TM,TEAM_CR,535,259353,-20.0,-22.0,-22.5,2.5,0.6,40.8,20.4,11.3,41,1
TM,TEAM_CR,536,259393,-20.0,-21.9,-22.5,2.5,-0.3,42.4,20.5,11.1,42,1
TM,TEAM_CR,537,259433,-20.0,-22.1,-22.5,2.5,-0.2,41.9,20.6,10.9,42,1
TM,TEAM_CR,538,259475,-20.0,-21.9,-22.5,2.5,0.1,41.1,20.7,10.7,41,1
TM,ADCS_MODE,MANUAL,ADCS_REFERENCE,SUN,TARGET,0.00,POINTING_ERROR,-30.02,SUN_ERROR,-30.28,MAG_ERROR,-145.94,GYRO_Z,0.528,RW_CMD,0
TM,EST_RAW,30.28,EST_FILTERED,30.28,EST_ANGLE,30.02,EST_FILTER,ON,EST_FILTER_TYPE,MOVING_AVERAGE,EST_MA_WINDOW,1,EST_FILTER_STRENGTH,0.35
TM,EST_FUSION,ON,EST_GYRO_WEIGHT,0.98,EST_VALID,1
TM,TEAM_CR,539,259515,-20.0,-22.1,-22.5,2.5,-0.4,41.9,20.8,10.4,42,1
TM,TEAM_CR,540,259556,-20.0,-22.0,-22.4,2.4,0.6,39.7,20.9,10.2,40,1
TM,SUN_L,3496,SUN_R,3118,SUN_NDV,0.0572,SUN_ANGLE,30.40
TM,MAG_X,-16.40,MAG_Y,11.09,MAG_Z,1.50,MAG_HEADING,145.94
TM,GYRO_X,-1.067,GYRO_Y,-1.934,GYRO_Z,0.362,BODY_RATE,-0.362
TM,TEAM_CR,541,259595,-20.0,-21.9,-22.4,2.4,-0.4,41.6,21.0,10.0,42,1
TM,TEAM_CR,542,259635,-20.0,-22.2,-22.4,2.4,0.2,40.4,21.1,9.8,41,1
TM,TEAM_CR,543,259675,-20.0,-22.1,-22.4,2.4,-0.3,41.1,21.2,9.6,41,1
TM,TEAM_CR,544,259725,-20.0,-22.1,-22.4,2.4,-0.4,41.2,21.3,9.4,41,1
TM,TEAM_CR,545,259766,-20.0,-22.2,-22.4,2.4,0.0,40.4,21.4,9.3,40,1
TM,TEAM_CR,546,259805,-20.0,-22.0,-22.4,2.4,-0.2,40.6,21.5,9.1,41,1
TM,TEAM_CR,547,259845,-20.0,-22.1,-22.4,2.4,0.4,39.3,21.6,8.9,40,1
TM,TEAM_CR,548,259885,-20.0,-22.1,-22.4,2.4,-0.8,41.6,21.7,8.7,42,1
TM,TEAM_CR,549,259934,-20.0,-21.8,-22.4,2.4,0.5,38.8,21.8,8.5,40,1
TM,TEAM_CR,550,259976,-20.0,-22.1,-22.4,2.4,-0.3,40.4,21.9,8.4,40,1
TM,TEAM_CR,551,260016,-20.0,-22.2,-22.4,2.4,-0.1,40.0,22.0,8.2,40,1
TM,TEAM_CR,552,260057,-20.0,-22.2,-22.3,2.3,-0.3,40.1,22.1,8.1,40,1
TM,TEAM_CR,553,260096,-20.0,-22.0,-22.4,2.4,-0.6,40.8,22.1,7.9,41,1
TM,TEAM_CR,554,260136,-20.0,-22.3,-22.3,2.3,0.2,39.0,22.2,7.7,39,1
TM,TEAM_CR,555,260176,-20.0,-21.6,-22.3,2.3,-0.5,40.4,22.3,7.6,40,1
TM,TEAM_CR,556,260226,-20.0,-22.1,-22.3,2.3,0.0,39.2,22.4,7.4,39,1
TM,TEAM_CR,557,260265,-20.0,-21.9,-22.3,2.3,-0.5,40.3,22.5,7.3,40,1
TM,TEAM_CR,558,260314,-20.0,-21.8,-22.3,2.3,0.1,39.0,22.6,7.1,40,1
TM,TEAM_CR,559,260354,-20.0,-21.9,-22.3,2.3,-0.3,39.7,22.7,7.0,40,1
TM,SUN_L,3496,SUN_R,3117,SUN_NDV,0.0573,SUN_ANGLE,30.39
TM,MAG_X,-16.38,MAG_Y,11.06,MAG_Z,1.60,MAG_HEADING,145.99
TM,GYRO_X,-1.138,GYRO_Y,-2.266,GYRO_Z,0.432,BODY_RATE,-0.432
TM,TEAM_CR,560,260395,-20.0,-22.2,-22.3,2.3,-0.1,39.3,22.8,6.9,39,1
TM,ADCS_MODE,MANUAL,ADCS_REFERENCE,SUN,TARGET,0.00,POINTING_ERROR,-30.03,SUN_ERROR,-30.32,MAG_ERROR,-145.99,GYRO_Z,0.213,RW_CMD,0
TM,EST_RAW,30.32,EST_FILTERED,30.32,EST_ANGLE,30.03,EST_FILTER,ON,EST_FILTER_TYPE,MOVING_AVERAGE,EST_MA_WINDOW,1,EST_FILTER_STRENGTH,0.35
TM,EST_FUSION,ON,EST_GYRO_WEIGHT,0.98,EST_VALID,1
TM,TEAM_CR,561,260434,-20.0,-22.1,-22.3,2.3,0.3,38.4,22.9,6.7,38,1
TM,TEAM_CR,562,260476,-20.0,-21.8,-22.3,2.3,-0.6,40.1,23.0,6.6,40,1
TM,TEAM_CR,563,260517,-20.0,-21.7,-22.3,2.3,-0.1,39.0,23.1,6.5,39,1
TM,TEAM_CR,564,260556,-20.0,-21.8,-22.3,2.3,-0.8,40.3,23.2,6.3,40,1
TM,TEAM_CR,565,260596,-20.0,-21.9,-22.3,2.3,-0.1,38.9,23.3,6.2,39,1
TM,TEAM_CR,566,260636,-20.0,-21.8,-22.3,2.3,0.3,38.0,23.4,6.1,38,1
TM,TEAM_CR,567,260676,-20.0,-21.7,-22.3,2.3,-0.3,39.1,23.4,6.0,39,1
TM,TEAM_CR,568,260726,-20.0,-21.5,-22.2,2.2,-0.2,38.7,23.5,5.8,39,1
TM,TEAM_CR,569,260766,-20.0,-21.9,-22.2,2.2,-0.5,39.3,23.6,5.7,39,1
TM,TEAM_CR,570,260806,-20.0,-21.9,-22.2,2.2,0.5,37.3,23.7,5.6,38,1
TM,TEAM_CR,571,260846,-20.0,-21.7,-22.2,2.2,-0.5,39.3,23.8,5.5,39,1
TM,TEAM_CR,572,260886,-20.0,-22.1,-22.2,2.2,0.3,37.7,23.9,5.4,38,1
TM,TEAM_CR,573,260935,-20.0,-22.1,-22.2,2.2,-0.5,39.3,24.0,5.3,39,1
TM,TEAM_CR,574,260977,-20.0,-21.7,-22.2,2.2,0.1,38.0,24.1,5.2,38,1
TM,TEAM_CR,575,261016,-20.0,-21.8,-22.2,2.2,-0.4,38.8,24.2,5.1,39,1
TM,TEAM_CR,576,261056,-20.0,-21.8,-22.2,2.2,-0.5,39.0,24.2,5.0,39,1
TM,TEAM_CR,577,261096,-20.0,-21.7,-22.2,2.2,0.1,37.6,24.3,4.9,38,1
TM,SUN_L,3495,SUN_R,3118,SUN_NDV,0.0570,SUN_ANGLE,30.41
TM,MAG_X,-16.26,MAG_Y,10.99,MAG_Z,1.60,MAG_HEADING,145.93
TM,GYRO_X,-1.295,GYRO_Y,-2.144,GYRO_Z,0.335,BODY_RATE,-0.335
TM,TEAM_CR,578,261136,-20.0,-21.4,-22.2,2.2,-0.7,39.2,24.4,4.8,39,1
TM,TEAM_CR,579,261176,-20.0,-21.9,-22.2,2.2,-0.1,38.0,24.5,4.7,38,1
TM,TEAM_CR,580,261227,-20.0,-21.8,-22.2,2.2,-0.9,39.7,24.6,4.6,40,1
TM,TEAM_CR,581,261267,-20.0,-21.9,-22.2,2.2,0.1,37.7,24.7,4.5,38,1
TM,TEAM_CR,582,261315,-20.0,-22.0,-22.2,2.2,-0.8,39.6,24.8,4.4,40,1
TM,TEAM_CR,583,261356,-20.0,-21.9,-22.2,2.2,0.1,37.7,24.9,4.3,39,1
TM,ADCS_MODE,MANUAL,ADCS_REFERENCE,SUN,TARGET,0.00,POINTING_ERROR,-30.04,SUN_ERROR,-30.39,MAG_ERROR,-146.04,GYRO_Z,0.152,RW_CMD,0
TM,EST_RAW,30.39,EST_FILTERED,30.39,EST_ANGLE,30.04,EST_FILTER,ON,EST_FILTER_TYPE,MOVING_AVERAGE,EST_MA_WINDOW,1,EST_FILTER_STRENGTH,0.35
TM,EST_FUSION,ON,EST_GYRO_WEIGHT,0.98,EST_VALID,1
TM,TEAM_CR,584,261395,-20.0,-22.1,-22.2,2.2,-0.9,39.9,24.9,4.2,40,1
TM,TEAM_CR,585,261435,-20.0,-21.6,-22.2,2.2,-0.4,38.8,25.0,4.2,39,1
TM,TEAM_CR,586,261477,-20.0,-21.8,-22.2,2.2,-0.7,39.4,25.1,4.1,39,1
TM,TEAM_CR,587,261517,-20.0,-21.9,-22.2,2.2,-0.7,39.5,25.2,4.0,40,1
TM,TEAM_CR,588,261557,-20.0,-22.0,-22.2,2.2,-0.4,38.9,25.3,3.9,39,1
TM,TEAM_CR,589,261597,-20.0,-21.7,-22.3,2.3,-1.2,40.6,25.4,3.8,41,1
TM,TEAM_CR,590,261637,-20.0,-22.2,-22.3,2.3,-0.1,38.6,25.5,3.8,39,1
TM,TEAM_CR,591,261677,-20.0,-22.1,-22.3,2.3,-1.3,41.0,25.6,3.7,41,1
TM,TEAM_CR,592,261728,-20.0,-22.2,-22.3,2.3,0.4,37.7,25.7,3.6,39,1
TM,TEAM_CR,593,261768,-20.0,-22.0,-22.3,2.3,-1.4,41.5,25.8,3.5,41,1
TM,TEAM_CR,594,261808,-20.0,-22.0,-22.3,2.3,0.2,38.3,25.8,3.5,39,1
TM,TEAM_CR,595,261848,-20.0,-22.0,-22.3,2.3,-1.1,40.9,25.9,3.4,41,1
TM,SUN_L,3495,SUN_R,3117,SUN_NDV,0.0572,SUN_ANGLE,30.42
TM,MAG_X,-16.27,MAG_Y,11.06,MAG_Z,1.62,MAG_HEADING,145.81
TM,GYRO_X,-1.138,GYRO_Y,-1.986,GYRO_Z,0.248,BODY_RATE,-0.248
TM,TEAM_CR,596,261888,-20.0,-22.2,-22.3,2.3,-0.1,39.0,26.0,3.3,40,1
TM,TEAM_CR,597,261935,-20.0,-21.9,-22.3,2.3,-1.4,41.5,26.1,3.3,40,1
TM,TEAM_CR,598,261978,-20.0,-22.0,-22.4,2.4,0.0,38.9,26.2,3.2,39,1
TM,TEAM_CR,599,262017,-20.0,-22.2,-22.4,2.4,-0.9,40.8,26.3,3.1,41,1
TM,TEAM_CR,600,262057,-20.0,-21.9,-22.4,2.4,-0.3,39.6,26.4,3.1,40,1
TM,TEAM_CR,601,262097,-20.0,-22.3,-22.4,2.4,-0.6,40.3,26.5,3.0,40,1
TM,TEAM_CR,602,262137,-20.0,-22.9,-22.4,2.4,-0.2,39.6,26.6,3.0,41,1
TM,TEAM_CR,603,262177,-20.0,-22.3,-22.4,2.4,-0.3,39.9,26.7,2.9,40,1
TM,TEAM_CR,604,262228,-20.0,-22.1,-22.4,2.4,0.0,39.4,26.8,2.8,39,1
TM,TEAM_CR,605,262267,-20.0,-22.2,-22.4,2.4,-1.0,41.5,26.9,2.8,40,1
TM,TEAM_CR,606,262316,-20.0,-22.2,-22.4,2.4,0.0,39.5,27.0,2.7,40,1
TM,ADCS_MODE,MANUAL,ADCS_REFERENCE,SUN,TARGET,0.00,POINTING_ERROR,-30.03,SUN_ERROR,-30.36,MAG_ERROR,-145.72,GYRO_Z,0.257,RW_CMD,0
TM,EST_RAW,30.36,EST_FILTERED,30.36,EST_ANGLE,30.03,EST_FILTER,ON,EST_FILTER_TYPE,MOVING_AVERAGE,EST_MA_WINDOW,1,EST_FILTER_STRENGTH,0.35
TM,EST_FUSION,ON,EST_GYRO_WEIGHT,0.98,EST_VALID,1
TM,TEAM_CR,607,262355,-20.0,-22.2,-22.4,2.4,-0.7,41.0,27.1,2.7,41,1
TM,TEAM_CR,608,262395,-20.0,-22.6,-22.4,2.4,-0.5,40.6,27.2,2.6,39,1
TM,TEAM_CR,609,262435,-20.0,-22.1,-22.4,2.4,-0.7,40.9,27.3,2.6,41,1
TM,TEAM_CR,610,262478,-20.0,-22.2,-22.5,2.5,-0.5,40.8,27.4,2.5,41,1
TM,TEAM_CR,611,262517,-20.0,-22.5,-22.4,2.4,0.2,39.4,27.5,2.5,39,1
TM,TEAM_CR,612,262557,-20.0,-22.3,-22.5,2.5,-0.6,41.0,27.6,2.4,41,1
TM,TEAM_CR,613,262597,-20.0,-22.1,-22.5,2.5,-0.2,40.3,27.7,2.4,40,1
TM,SUN_L,3495,SUN_R,3115,SUN_NDV,0.0575,SUN_ANGLE,30.35
TM,MAG_X,-16.34,MAG_Y,11.14,MAG_Z,1.44,MAG_HEADING,145.72
TM,GYRO_X,-1.374,GYRO_Y,-2.082,GYRO_Z,0.502,BODY_RATE,-0.502
TM,TEAM_CR,614,262638,-20.0,-22.1,-22.5,2.5,-0.7,41.4,27.8,2.3,41,1
TM,TEAM_CR,615,262678,-20.0,-22.3,-22.5,2.5,0.6,38.8,27.9,2.3,39,1
TM,TEAM_CR,616,262728,-20.0,-22.2,-22.5,2.5,-0.3,40.8,28.0,2.2,41,1
TM,TEAM_CR,617,262768,-20.0,-22.3,-22.5,2.5,0.5,39.1,28.1,2.2,39,1
TM,TEAM_CR,618,262808,-20.0,-22.3,-22.5,2.5,-0.8,41.8,28.2,2.2,42,1
TM,TEAM_CR,619,262848,-20.0,-22.5,-22.5,2.5,0.2,39.8,28.3,2.1,40,1
TM,TEAM_CR,620,262889,-20.0,-22.3,-22.5,2.5,-0.4,41.2,28.4,2.1,41,1
TM,TEAM_CR,621,262936,-20.0,-22.4,-22.5,2.5,-0.1,40.5,28.5,2.0,41,1
TM,TEAM_CR,622,262978,-20.0,-22.2,-22.5,2.5,-0.3,41.1,28.6,2.0,41,1
TM,TEAM_CR,623,263018,-20.0,-22.3,-22.5,2.5,0.3,40.0,28.7,1.9,40,1
TM,TEAM_CR,624,263058,-20.0,-22.4,-22.5,2.5,-0.6,41.8,28.8,1.9,42,1
TM,TEAM_CR,625,263098,-20.0,-22.0,-22.5,2.5,0.1,40.5,28.9,1.9,41,1
TM,TEAM_CR,626,263139,-20.0,-22.3,-22.5,2.5,-1.1,43.0,29.0,1.8,43,1
TM,TEAM_CR,627,263179,-20.0,-22.3,-22.5,2.5,0.7,39.3,29.1,1.8,40,1
TM,TEAM_CR,628,263229,-20.0,-22.6,-22.5,2.5,-0.1,41.0,29.2,1.8,41,1
TM,TEAM_CR,629,263268,-20.0,-22.5,-22.5,2.5,0.0,40.8,29.3,1.7,41,1
TM,ADCS_MODE,MANUAL,ADCS_REFERENCE,SUN,TARGET,0.00,POINTING_ERROR,-30.04,SUN_ERROR,-30.35,MAG_ERROR,-146.10,GYRO_Z,0.467,RW_CMD,0
TM,EST_RAW,30.35,EST_FILTERED,30.35,EST_ANGLE,30.04,EST_FILTER,ON,EST_FILTER_TYPE,MOVING_AVERAGE,EST_MA_WINDOW,1,EST_FILTER_STRENGTH,0.35
TM,EST_FUSION,ON,EST_GYRO_WEIGHT,0.98,EST_VALID,1
TM,TEAM_CR,630,263316,-20.0,-22.3,-22.5,2.5,-0.2,41.4,29.4,1.7,42,1
TM,TEAM_CR,631,263356,-20.0,-21.7,-22.5,2.5,0.0,41.1,29.5,1.7,41,1
TM,SUN_L,3496,SUN_R,3117,SUN_NDV,0.0573,SUN_ANGLE,30.37
TM,MAG_X,-16.43,MAG_Y,11.04,MAG_Z,1.44,MAG_HEADING,146.10
TM,GYRO_X,-1.470,GYRO_Y,-2.065,GYRO_Z,0.449,BODY_RATE,-0.449
TM,TEAM_CR,632,263396,-20.0,-22.3,-22.5,2.5,-0.1,41.3,29.6,1.6,41,1
TM,TEAM_CR,633,263436,-20.0,-22.1,-22.5,2.5,-0.2,41.4,29.6,1.6,41,1
TM,TEAM_CR,634,263478,-20.0,-22.1,-22.5,2.5,-0.5,42.2,29.7,1.6,42,1
TM,TEAM_CR,635,263518,-20.0,-22.3,-22.4,2.4,0.2,40.8,29.8,1.5,41,1
TM,TEAM_CR,636,263559,-20.0,-22.4,-22.4,2.4,0.2,40.9,29.9,1.5,41,1
TM,TEAM_CR,637,263599,-20.0,-22.2,-22.4,2.4,-0.3,41.9,30.0,1.5,42,1
TM,TEAM_CR,638,263638,-20.0,-22.1,-22.4,2.4,-0.2,41.6,30.1,1.4,42,1
TM,TEAM_CR,639,263678,-20.0,-22.1,-22.4,2.4,-0.1,41.5,30.2,1.4,42,1
TM,TEAM_CR,640,263728,-20.0,-21.9,-22.4,2.4,-0.3,42.0,30.3,1.4,42,1
TM,TEAM_CR,641,263769,-20.0,-22.1,-22.4,2.4,-0.3,42.1,30.4,1.4,42,1
TM,TEAM_CR,642,263809,-20.0,-22.2,-22.4,2.4,0.5,40.5,30.5,1.3,43,1
TM,TEAM_CR,643,263848,-20.0,-22.3,-22.4,2.4,-0.2,41.8,30.6,1.3,42,1
TM,TEAM_CR,644,263888,-20.0,-22.1,-22.4,2.4,-0.3,42.2,30.7,1.3,43,1
TM,TEAM_CR,645,263936,-20.0,-21.7,-22.4,2.4,-0.4,42.5,30.8,1.3,43,1
TM,TEAM_CR,646,263979,-20.0,-22.1,-22.4,2.4,0.6,40.5,30.9,1.2,42,1
TM,TEAM_CR,647,264019,-20.0,-22.1,-22.4,2.4,-0.7,43.0,31.0,1.2,43,1
TM,TEAM_CR,648,264060,-20.0,-22.1,-22.4,2.4,0.4,41.0,31.1,1.2,41,1
TM,TEAM_CR,649,264099,-20.0,-22.0,-22.4,2.4,-1.0,43.8,31.2,1.2,43,1
TM,TEAM_CR,650,264139,-20.0,-22.0,-22.4,2.4,0.7,40.5,31.3,1.1,42,1
TM,SUN_L,3497,SUN_R,3117,SUN_NDV,0.0575,SUN_ANGLE,30.28
TM,MAG_X,-16.38,MAG_Y,10.93,MAG_Z,1.58,MAG_HEADING,146.30
TM,GYRO_X,-1.102,GYRO_Y,-1.837,GYRO_Z,0.274,BODY_RATE,-0.274
TM,TEAM_CR,651,264179,-20.0,-22.0,-22.4,2.4,-1.1,44.2,31.4,1.1,44,1
TM,ADCS_MODE,MANUAL,ADCS_REFERENCE,SUN,TARGET,0.00,POINTING_ERROR,-30.02,SUN_ERROR,-30.31,MAG_ERROR,-146.30,GYRO_Z,0.475,RW_CMD,0
TM,EST_RAW,30.31,EST_FILTERED,30.31,EST_ANGLE,30.02,EST_FILTER,ON,EST_FILTER_TYPE,MOVING_AVERAGE,EST_MA_WINDOW,1,EST_FILTER_STRENGTH,0.35
TM,EST_FUSION,ON,EST_GYRO_WEIGHT,0.98,EST_VALID,1
TM,TEAM_CR,652,264230,-20.0,-22.3,-22.3,2.3,1.2,39.5,31.5,1.1,41,1
TM,TEAM_CR,653,264269,-20.0,-22.0,-22.3,2.3,-0.4,42.8,31.6,1.1,43,1
TM,TEAM_CR,654,264317,-20.0,-22.2,-22.3,2.3,0.5,40.9,31.7,1.0,41,1
TM,TEAM_CR,655,264357,-20.0,-21.7,-22.3,2.3,-0.2,42.5,31.8,1.0,42,1
TM,TEAM_CR,656,264398,-20.0,-22.2,-22.3,2.3,0.1,41.7,31.8,1.0,42,1
TM,TEAM_CR,657,264438,-20.0,-22.1,-22.3,2.3,0.1,41.9,31.9,1.0,42,1
TM,TEAM_CR,658,264479,-20.0,-22.0,-22.3,2.3,-0.2,42.5,32.0,1.0,43,1
TM,TEAM_CR,659,264520,-20.0,-22.0,-22.3,2.3,0.2,41.8,32.1,0.9,43,1
TM,TEAM_CR,660,264559,-20.0,-22.0,-22.3,2.3,-0.1,42.4,32.2,0.9,42,1
TM,TEAM_CR,661,264599,-20.0,-22.2,-22.3,2.3,0.2,41.9,32.3,0.9,44,1
TM,TEAM_CR,662,264649,-20.0,-21.9,-22.3,2.3,-0.8,43.9,32.4,0.9,43,1
TM,TEAM_CR,663,264692,0.0,-21.9,-22.2,22.2,1.1,119.7,32.9,0.0,46,9
TM,TEAM_CR,664,264741,0.0,-22.3,-22.2,22.2,0.0,121.9,32.9,0.0,60,9
TM,TEAM_CR,665,264781,0.0,-21.6,-22.1,22.1,2.6,116.2,32.9,0.0,60,9
TM,TEAM_CR,666,264821,0.0,-21.7,-22.0,22.0,2.4,116.1,32.9,0.0,60,9
TM,TEAM_CR,667,264861,0.0,-21.6,-21.9,21.9,4.5,111.4,32.9,0.0,60,9
TM,TEAM_CR,668,264901,0.0,-20.8,-21.6,21.6,5.9,107.7,32.9,0.0,60,9
TM,SUN_L,3497,SUN_R,3117,SUN_NDV,0.0575,SUN_ANGLE,30.40
TM,MAG_X,-16.37,MAG_Y,11.04,MAG_Z,1.66,MAG_HEADING,146.00
TM,GYRO_X,-1.164,GYRO_Y,-2.231,GYRO_Z,0.265,BODY_RATE,-0.265
TM,TEAM_CR,669,264941,0.0,-20.7,-21.3,21.3,7.7,102.5,32.9,0.0,60,9
TM,TEAM_CR,670,264986,0.0,-20.2,-20.9,20.9,10.2,95.9,32.9,0.0,60,9
TM,TEAM_CR,671,265027,0.0,-19.7,-20.4,20.4,11.2,91.9,32.9,0.0,60,9
TM,TEAM_CR,672,265066,0.0,-19.3,-19.9,19.9,13.1,86.2,32.9,0.0,60,9
TM,TEAM_CR,673,265106,0.0,-18.6,-19.3,19.3,13.8,82.5,32.9,0.0,60,9
TM,TEAM_CR,674,265189,0.0,-17.3,-17.9,17.9,16.0,72.6,32.9,0.0,60,9
TM,ADCS_MODE,MANUAL,ADCS_REFERENCE,SUN,TARGET,0.00,POINTING_ERROR,-30.02,SUN_ERROR,-30.37,MAG_ERROR,-146.00,GYRO_Z,0.388,RW_CMD,0
TM,EST_RAW,30.37,EST_FILTERED,30.37,EST_ANGLE,30.02,EST_FILTER,ON,EST_FILTER_TYPE,MOVING_AVERAGE,EST_MA_WINDOW,1,EST_FILTER_STRENGTH,0.35
TM,EST_FUSION,ON,EST_GYRO_WEIGHT,0.98,EST_VALID,1
TM,TEAM_CR,675,265239,0.0,-15.8,-17.0,17.0,18.3,64.1,32.9,0.0,60,9
TM,TEAM_CR,676,265279,0.0,-15.3,-16.2,16.2,18.0,61.7,32.9,0.0,60,9
TM,TEAM_CR,677,265323,0.0,-15.0,-15.3,15.3,19.7,55.1,33.2,0.0,55,1
TM,TEAM_CR,678,265363,0.0,-13.2,-14.5,14.5,20.4,50.9,33.8,0.0,53,1
TM,TEAM_CR,679,265404,0.0,-12.5,-13.6,13.6,19.6,49.6,34.3,0.0,49,1
TM,TEAM_CR,680,265444,0.0,-11.5,-12.8,12.8,20.5,44.9,34.8,0.0,46,1
TM,TEAM_CR,681,265530,0.0,-9.8,-11.1,11.1,19.9,39.7,35.3,0.0,42,1
TM,TEAM_CR,682,265569,0.0,-6.9,-10.3,10.3,17.0,42.8,35.7,0.0,43,1
TM,TEAM_CR,683,265609,0.0,-7.2,-9.4,9.4,17.2,39.5,36.1,0.0,40,1
TM,TEAM_CR,684,265649,0.0,-6.0,-8.7,8.7,16.2,38.9,36.5,0.0,40,1
TM,TEAM_CR,685,265689,0.0,-4.6,-7.9,7.9,14.8,38.9,36.8,0.0,39,1
TM,TEAM_CR,686,265730,0.0,-4.3,-7.2,7.2,13.9,38.2,37.1,0.0,40,1
TM,SUN_L,3496,SUN_R,3117,SUN_NDV,0.0573,SUN_ANGLE,30.61
TM,MAG_X,-16.29,MAG_Y,10.99,MAG_Z,1.60,MAG_HEADING,145.99
TM,GYRO_X,-1.190,GYRO_Y,-2.074,GYRO_Z,0.292,BODY_RATE,-0.292
TM,TEAM_CR,687,265770,0.0,-3.6,-6.6,6.6,12.8,38.0,37.4,0.0,38,1
TM,TEAM_CR,688,265810,0.0,-4.0,-6.0,6.0,13.6,34.3,37.6,0.0,37,1
TM,TEAM_CR,689,265850,0.0,-2.6,-5.4,5.4,10.3,38.9,37.8,0.0,38,1
TM,TEAM_CR,690,265890,0.0,-2.3,-4.9,4.9,11.7,34.1,38.0,0.0,35,1
TM,TEAM_CR,691,265930,0.0,-1.9,-4.4,4.4,8.8,38.2,38.2,0.0,38,1
TM,TEAM_CR,692,265971,0.0,-1.5,-3.9,3.9,9.2,35.5,38.4,0.0,36,1
TM,TEAM_CR,693,266014,0.0,-1.3,-3.5,3.5,8.0,36.4,38.5,0.0,37,1
TM,TEAM_CR,694,266055,0.0,-1.0,-3.1,3.1,7.1,36.6,38.6,0.0,37,1
TM,TEAM_CR,695,266095,0.0,-1.0,-2.7,2.7,7.3,35.0,38.7,0.0,38,1
TM,TEAM_CR,696,266134,0.0,-1.1,-2.4,2.4,4.7,39.2,38.8,0.0,37,1
TM,TEAM_CR,697,266174,0.0,-0.8,-2.2,2.2,6.5,34.5,38.9,0.0,37,1
TM,ADCS_MODE,MANUAL,ADCS_REFERENCE,SUN,TARGET,0.00,POINTING_ERROR,-30.02,SUN_ERROR,-30.35,MAG_ERROR,-145.79,GYRO_Z,0.152,RW_CMD,0
TM,EST_RAW,30.35,EST_FILTERED,30.35,EST_ANGLE,30.02,EST_FILTER,ON,EST_FILTER_TYPE,MOVING_AVERAGE,EST_MA_WINDOW,1,EST_FILTER_STRENGTH,0.35
TM,EST_FUSION,ON,EST_GYRO_WEIGHT,0.98,EST_VALID,1
TM,TEAM_CR,698,266214,0.0,-0.5,-1.9,1.9,4.3,38.1,39.0,0.0,38,1
TM,TEAM_CR,699,266265,0.0,-0.2,-1.6,1.6,3.7,38.2,39.1,0.0,38,1
TM,TEAM_CR,700,266305,0.0,0.1,-1.4,1.4,4.1,36.5,39.1,0.0,38,1
TM,TEAM_CR,701,266353,0.0,0.0,-1.2,1.2,3.1,37.7,39.2,0.0,38,1
TM,TEAM_CR,702,266393,0.0,0.2,-1.0,1.0,4.8,33.5,39.2,0.0,36,1
TM,TEAM_CR,703,266433,0.0,0.7,-0.8,0.8,2.8,36.9,39.3,0.0,37,1
TM,TEAM_CR,704,266473,0.0,0.8,-0.6,0.6,4.2,33.2,39.3,0.0,33,1
TM,SUN_L,3495,SUN_R,3118,SUN_NDV,0.0570,SUN_ANGLE,30.38
TM,MAG_X,-16.29,MAG_Y,11.07,MAG_Z,1.50,MAG_HEADING,145.79
TM,GYRO_X,-1.225,GYRO_Y,-2.039,GYRO_Z,0.064,BODY_RATE,-0.064
TM,TEAM_CR,705,266515,0.0,0.9,-0.4,0.4,2.9,39.3,39.3,0.0,39,1
TM,TEAM_CR,706,266554,0.0,0.7,-0.2,0.2,3.0,39.3,39.3,0.0,39,1
TM,TEAM_CR,707,266594,0.0,1.3,0.0,0.0,4.4,39.3,39.3,0.0,39,1
TM,TEAM_CR,708,266634,0.0,1.4,0.2,-0.2,3.0,39.3,39.3,0.0,39,1
TM,TEAM_CR,709,266674,0.0,1.4,0.4,-0.4,5.0,39.3,39.3,0.0,39,1
TM,TEAM_CR,710,266714,0.0,1.5,0.5,-0.5,3.3,30.4,39.3,0.0,38,1
TM,TEAM_CR,711,266765,0.0,1.6,0.8,-0.8,3.6,28.9,39.2,0.0,29,1
TM,TEAM_CR,712,266805,0.0,1.6,0.9,-0.9,2.2,31.3,39.2,0.0,31,1
TM,TEAM_CR,713,266845,0.0,1.7,1.0,-1.0,-0.2,35.7,39.2,0.0,33,1
TM,TEAM_CR,714,266885,0.0,1.9,1.0,-1.0,0.9,33.3,39.1,0.0,34,1
TM,TEAM_CR,715,266934,0.0,1.9,1.0,-1.0,-0.9,36.7,39.1,0.0,36,1
TM,TEAM_CR,716,266973,0.0,1.8,1.1,-1.1,0.1,34.6,39.0,0.0,35,1
TM,TEAM_CR,717,267015,0.0,1.9,1.1,-1.1,-0.7,36.1,39.0,0.0,36,1
TM,TEAM_CR,718,267054,0.0,1.8,1.1,-1.1,-0.9,36.5,39.0,0.0,36,1
TM,TEAM_CR,719,267094,0.0,1.7,1.1,-1.1,-0.3,35.3,38.9,0.0,36,1
TM,TEAM_CR,720,267134,0.0,1.6,1.1,-1.1,-1.4,37.5,38.9,0.0,36,1
TM,ADCS_MODE,MANUAL,ADCS_REFERENCE,SUN,TARGET,0.00,POINTING_ERROR,-30.05,SUN_ERROR,-30.33,MAG_ERROR,-146.25,GYRO_Z,0.178,RW_CMD,0
TM,EST_RAW,30.33,EST_FILTERED,30.33,EST_ANGLE,30.05,EST_FILTER,ON,EST_FILTER_TYPE,MOVING_AVERAGE,EST_MA_WINDOW,1,EST_FILTER_STRENGTH,0.35
TM,EST_FUSION,ON,EST_GYRO_WEIGHT,0.98,EST_VALID,1
TM,TEAM_CR,721,267174,0.0,1.8,1.1,-1.1,0.4,33.7,38.8,0.0,35,1
TM,TEAM_CR,722,267214,0.0,1.6,1.1,-1.1,-1.9,38.4,38.8,0.0,38,1
TM,SUN_L,3496,SUN_R,3118,SUN_NDV,0.0572,SUN_ANGLE,30.35
TM,MAG_X,-16.22,MAG_Y,11.02,MAG_Z,1.54,MAG_HEADING,145.80
TM,GYRO_X,-1.260,GYRO_Y,-2.161,GYRO_Z,0.353,BODY_RATE,-0.353
TM,TEAM_CR,723,267265,0.0,2.0,1.1,-1.1,-0.8,36.1,38.7,0.0,36,1
TM,TEAM_CR,724,267304,0.0,1.7,1.1,-1.1,0.3,33.8,38.7,0.0,36,1
TM,TEAM_CR,725,267355,0.0,1.6,1.1,-1.1,-1.2,36.8,38.7,0.0,37,1
TM,TEAM_CR,726,267394,0.0,1.7,1.1,-1.1,0.6,33.0,38.6,0.0,33,1
TM,TEAM_CR,727,267434,0.0,1.9,1.1,-1.1,0.2,33.6,38.6,0.0,35,1
TM,TEAM_CR,728,267474,0.0,1.8,1.2,-1.2,0.4,33.1,38.5,0.0,33,1
TM,TEAM_CR,729,267514,0.0,1.8,1.2,-1.2,0.4,32.9,38.5,0.0,36,1
TM,TEAM_CR,730,267554,0.0,1.8,1.2,-1.2,-1.1,35.9,38.4,0.0,35,1
TM,TEAM_CR,731,267594,0.0,1.8,1.2,-1.2,0.6,32.4,38.4,0.0,35,1
TM,TEAM_CR,732,267634,0.0,1.9,1.2,-1.2,-0.9,35.4,38.3,0.0,35,1
TM,TEAM_CR,733,267674,0.0,1.7,1.2,-1.2,-0.1,33.6,38.3,0.0,34,1
TM,TEAM_CR,734,267714,0.0,1.7,1.2,-1.2,-0.8,34.8,38.2,0.0,35,1
TM,TEAM_CR,735,267765,0.0,1.8,1.2,-1.2,-1.2,35.6,38.2,0.0,34,1
TM,TEAM_CR,736,267804,0.0,1.6,1.2,-1.2,0.5,32.2,38.1,0.0,34,1
TM,TEAM_CR,737,267844,0.0,2.0,1.2,-1.2,-1.7,36.6,38.1,0.0,35,1
TM,TEAM_CR,738,267886,0.0,1.5,1.2,-1.2,0.0,33.1,38.0,0.0,33,1
TM,TEAM_CR,739,267934,0.0,1.8,1.2,-1.2,0.0,33.0,38.0,0.0,34,1
TM,TEAM_CR,740,267974,0.0,1.7,1.3,-1.3,-0.4,33.8,37.9,0.0,34,1
TM,TEAM_CR,741,268015,0.0,1.6,1.3,-1.3,0.6,31.7,37.9,0.0,32,1
TM,SUN_L,3496,SUN_R,3117,SUN_NDV,0.0573,SUN_ANGLE,30.39
TM,MAG_X,-16.37,MAG_Y,11.07,MAG_Z,1.52,MAG_HEADING,145.92
TM,GYRO_X,-1.138,GYRO_Y,-2.021,GYRO_Z,0.283,BODY_RATE,-0.283
TM,TEAM_CR,742,268054,0.0,2.0,1.3,-1.3,-1.4,35.5,37.8,0.0,35,1
TM,ADCS_MODE,MANUAL,ADCS_REFERENCE,SUN,TARGET,0.00,POINTING_ERROR,-30.04,SUN_ERROR,-30.37,MAG_ERROR,-145.92,GYRO_Z,0.528,RW_CMD,0
TM,EST_RAW,30.37,EST_FILTERED,30.37,EST_ANGLE,30.04,EST_FILTER,ON,EST_FILTER_TYPE,MOVING_AVERAGE,EST_MA_WINDOW,1,EST_FILTER_STRENGTH,0.35
TM,EST_FUSION,ON,EST_GYRO_WEIGHT,0.98,EST_VALID,1
TM,TEAM_CR,743,268094,0.0,1.8,1.3,-1.3,0.3,31.9,37.8,0.0,32,1
TM,TEAM_CR,744,268165,0.0,1.6,1.3,-1.3,0.5,31.5,37.7,0.0,33,1
TM,TEAM_CR,745,268205,0.0,2.2,1.3,-1.3,-0.7,33.8,37.7,0.0,34,1
TM,TEAM_CR,746,268245,0.0,1.8,1.3,-1.3,-0.4,33.0,37.6,0.0,33,1
TM,TEAM_CR,747,268285,0.0,1.8,1.3,-1.3,-0.3,32.9,37.6,0.0,34,1
TM,TEAM_CR,748,268339,0.0,1.3,1.3,-1.3,-1.3,34.8,37.5,0.0,33,1
TM,TEAM_CR,749,268379,0.0,1.7,1.3,-1.3,0.3,31.6,37.5,0.0,32,1
TM,TEAM_CR,750,268419,0.0,1.9,1.3,-1.3,-0.2,32.6,37.4,0.0,34,1
TM,TEAM_CR,751,268459,0.0,1.9,1.4,-1.4,0.2,31.6,37.4,0.0,32,1
TM,TEAM_CR,752,268499,0.0,1.7,1.3,-1.3,0.0,31.9,37.3,0.0,34,1
TM,TEAM_CR,753,268539,0.0,1.7,1.3,-1.3,-1.4,34.7,37.3,0.0,34,1
TM,TEAM_CR,754,268579,0.0,1.7,1.4,-1.4,0.5,30.7,37.2,0.0,31,1
TM,TEAM_CR,755,268619,0.0,1.2,1.3,-1.3,-2.0,35.8,37.1,0.0,34,1
TM,TEAM_CR,756,268659,0.0,1.8,1.3,-1.3,-0.1,31.9,37.1,0.0,32,1
TM,TEAM_CR,757,268700,0.0,1.7,1.3,-1.3,-1.6,35.1,37.0,0.0,35,1
TM,TEAM_CR,758,268740,0.0,1.3,1.3,-1.3,-0.4,32.7,37.0,0.0,33,1
TM,TEAM_CR,759,268785,0.0,1.8,1.3,-1.3,-0.2,32.2,36.9,0.0,34,1
TM,SUN_L,3497,SUN_R,3118,SUN_NDV,0.0573,SUN_ANGLE,30.44
TM,MAG_X,-16.34,MAG_Y,10.93,MAG_Z,1.46,MAG_HEADING,146.22
TM,GYRO_X,-1.286,GYRO_Y,-0.061,GYRO_Z,0.379,BODY_RATE,-0.379
TM,TEAM_CR,760,268825,0.0,1.8,1.2,-1.2,-1.7,35.4,36.9,0.0,34,1
TM,TEAM_CR,761,268865,0.0,1.6,1.2,-1.2,0.0,31.8,36.8,0.0,32,1
TM,TEAM_CR,762,268906,0.0,1.8,1.2,-1.2,-1.5,34.9,36.8,0.0,35,1
TM,TEAM_CR,763,268959,0.0,1.7,1.2,-1.2,-1.1,34.0,36.7,0.0,34,1
TM,TEAM_CR,764,268999,0.0,1.7,1.2,-1.2,0.6,30.6,36.7,0.0,33,1
TM,TEAM_CR,765,269039,0.0,1.2,1.2,-1.2,-0.7,33.3,36.6,0.0,33,1
TM,ADCS_MODE,MANUAL,ADCS_REFERENCE,SUN,TARGET,0.00,POINTING_ERROR,-30.05,SUN_ERROR,-30.38,MAG_ERROR,-145.94,GYRO_Z,0.125,RW_CMD,0
TM,EST_RAW,30.38,EST_FILTERED,30.38,EST_ANGLE,30.05,EST_FILTER,ON,EST_FILTER_TYPE,MOVING_AVERAGE,EST_MA_WINDOW,1,EST_FILTER_STRENGTH,0.35
TM,EST_FUSION,ON,EST_GYRO_WEIGHT,0.98,EST_VALID,1
TM,TEAM_CR,766,269079,0.0,1.5,1.2,-1.2,0.1,31.5,36.6,0.0,32,1
TM,TEAM_CR,767,269119,0.0,1.7,1.2,-1.2,-0.2,32.2,36.5,0.0,34,1
TM,TEAM_CR,768,269161,0.0,1.8,1.2,-1.2,-0.9,33.4,36.5,0.0,33,1
TM,TEAM_CR,769,269201,0.0,1.6,1.2,-1.2,-0.2,32.0,36.4,0.0,34,1
TM,TEAM_CR,770,269240,0.0,2.0,1.2,-1.2,-1.6,34.9,36.4,0.0,34,1
TM,TEAM_CR,771,269286,0.0,1.6,1.2,-1.2,0.1,31.3,36.4,0.0,31,1
TM,TEAM_CR,772,269339,0.0,1.5,1.2,-1.2,0.1,31.4,36.3,0.0,33,1
TM,TEAM_CR,773,269379,0.0,1.8,1.2,-1.2,-2.3,36.1,36.3,0.0,33,1
TM,TEAM_CR,774,269419,0.0,1.5,1.1,-1.1,-0.1,31.7,36.2,0.0,33,1
TM,TEAM_CR,775,269459,0.0,1.7,1.1,-1.1,-1.5,34.5,36.2,0.0,34,1
TM,TEAM_CR,776,269499,0.0,1.7,1.1,-1.1,-0.1,31.8,36.1,0.0,32,1
TM,TEAM_CR,777,269539,0.0,1.5,1.1,-1.1,-1.0,33.6,36.1,0.0,34,1
TM,SUN_L,3495,SUN_R,3118,SUN_NDV,0.0570,SUN_ANGLE,30.28
TM,MAG_X,-16.43,MAG_Y,11.04,MAG_Z,1.65,MAG_HEADING,146.10
TM,GYRO_X,-1.129,GYRO_Y,-2.100,GYRO_Z,0.274,BODY_RATE,-0.274
TM,TEAM_CR,778,269579,0.0,1.6,1.1,-1.1,-0.6,32.8,36.0,0.0,33,1
TM,TEAM_CR,779,269620,0.0,1.5,1.1,-1.1,0.3,30.9,36.0,0.0,34,1
TM,TEAM_CR,780,269659,0.0,1.4,1.1,-1.1,-1.6,34.6,35.9,0.0,33,1
TM,TEAM_CR,781,269699,0.0,1.3,1.1,-1.1,0.0,31.4,35.9,0.0,32,1
TM,TEAM_CR,782,269739,0.0,1.5,1.1,-1.1,-1.4,34.3,35.9,0.0,34,1
TM,TEAM_CR,783,269785,0.0,1.8,1.1,-1.1,-0.4,32.2,35.8,0.0,32,1
TM,TEAM_CR,784,269825,0.0,1.5,1.1,-1.1,-1.1,33.9,35.8,0.0,34,1
TM,TEAM_CR,785,269865,0.0,1.5,1.0,-1.0,-1.7,35.0,35.7,0.0,34,1
TM,TEAM_CR,786,269905,0.0,1.6,1.0,-1.0,-0.1,31.9,35.7,0.0,33,1
TM,TEAM_CR,787,269959,0.0,1.6,1.0,-1.0,-0.7,33.3,35.6,0.0,35,1
TM,TEAM_CR,788,269999,0.0,1.6,1.0,-1.0,-0.5,32.6,35.6,0.0,33,1
TM,ADCS_MODE,MANUAL,ADCS_REFERENCE,SUN,TARGET,0.00,POINTING_ERROR,-30.04,SUN_ERROR,-30.17,MAG_ERROR,-146.10,GYRO_Z,0.440,RW_CMD,0
TM,EST_RAW,30.17,EST_FILTERED,30.17,EST_ANGLE,30.04,EST_FILTER,ON,EST_FILTER_TYPE,MOVING_AVERAGE,EST_MA_WINDOW,1,EST_FILTER_STRENGTH,0.35
TM,EST_FUSION,ON,EST_GYRO_WEIGHT,0.98,EST_VALID,1
TM,TEAM_CR,789,270040,0.0,1.5,0.9,-0.9,-0.1,32.0,35.6,0.0,35,1
TM,TEAM_CR,790,270079,0.0,1.5,0.9,-0.9,-2.0,35.7,35.5,0.0,34,1
TM,TEAM_CR,791,270119,0.0,1.2,1.0,-1.0,0.7,30.4,35.5,0.0,30,1
TM,TEAM_CR,792,270160,0.0,1.3,0.9,-0.9,-1.7,35.2,35.5,0.0,35,1
TM,TEAM_CR,793,270200,0.0,1.3,0.9,-0.9,-0.1,31.8,35.4,0.0,32,1
TM,TEAM_CR,794,270240,0.0,1.4,0.9,-0.9,-0.7,33.2,35.4,0.0,34,1
TM,TEAM_CR,795,270284,0.0,1.4,0.9,-0.9,-0.7,33.1,35.3,0.0,33,1
TM,SUN_L,3495,SUN_R,3118,SUN_NDV,0.0570,SUN_ANGLE,30.34
TM,MAG_X,-16.45,MAG_Y,11.14,MAG_Z,1.44,MAG_HEADING,145.90
TM,GYRO_X,-0.962,GYRO_Y,-2.118,GYRO_Z,0.055,BODY_RATE,-0.055
TM,TEAM_CR,796,270324,0.0,1.4,0.9,-0.9,0.2,31.3,35.3,0.0,33,1
TM,TEAM_CR,797,270364,0.0,0.9,0.9,-0.9,-1.1,33.8,35.3,0.0,33,1
TM,TEAM_CR,798,270404,0.0,1.2,0.9,-0.9,0.7,30.1,35.2,0.0,30,1
TM,TEAM_CR,799,270444,0.0,1.4,0.9,-0.9,-1.1,35.2,35.2,0.0,35,3
TM,TEAM_CR,800,270484,0.0,1.4,0.9,-0.9,-0.1,35.2,35.2,0.0,35,3
TM,TEAM_CR,801,270542,0.0,1.3,1.0,-1.0,0.9,35.2,35.2,0.0,35,3
TM,TEAM_CR,802,270582,0.0,1.2,1.0,-1.0,0.1,35.2,35.2,0.0,35,3
TM,TEAM_CR,803,270622,0.0,1.4,1.0,-1.0,0.9,32.3,35.2,0.0,32,3
TM,TEAM_CR,804,270662,0.0,1.2,1.0,-1.0,0.6,32.5,35.2,0.0,33,3
TM,TEAM_CR,805,270702,0.0,1.3,1.0,-1.0,-1.1,34.2,35.2,0.0,34,3
TM,TEAM_CR,806,270742,0.0,1.3,1.1,-1.1,0.2,32.8,35.2,0.0,33,3
TM,TEAM_CR,807,270784,0.0,1.3,1.0,-1.0,-1.8,34.9,35.1,0.0,35,3
TM,TEAM_CR,808,270824,0.0,1.5,1.1,-1.1,0.4,32.6,35.1,0.0,33,3
TM,TEAM_CR,809,270864,0.0,1.5,1.0,-1.0,0.2,32.8,35.1,0.0,33,3
TM,TEAM_CR,810,270904,0.0,1.4,1.1,-1.1,0.1,32.8,35.1,0.0,33,3
TM,TEAM_CR,811,270944,0.0,1.6,1.1,-1.1,0.5,32.4,35.0,0.0,33,3
TM,ADCS_MODE,MANUAL,ADCS_REFERENCE,SUN,TARGET,0.00,POINTING_ERROR,-30.05,SUN_ERROR,-30.41,MAG_ERROR,-146.21,GYRO_Z,0.082,RW_CMD,0
TM,EST_RAW,30.41,EST_FILTERED,30.41,EST_ANGLE,30.05,EST_FILTER,ON,EST_FILTER_TYPE,MOVING_AVERAGE,EST_MA_WINDOW,1,EST_FILTER_STRENGTH,0.35
TM,EST_FUSION,ON,EST_GYRO_WEIGHT,0.98,EST_VALID,1
TM,TEAM_CR,812,270985,0.0,1.5,1.0,-1.0,-1.5,34.4,35.0,0.0,34,3
TM,TEAM_CR,813,271034,0.0,1.5,1.1,-1.1,0.0,32.9,35.0,0.0,33,3
TM,SUN_L,3496,SUN_R,3117,SUN_NDV,0.0573,SUN_ANGLE,30.30
TM,MAG_X,-16.54,MAG_Y,11.07,MAG_Z,1.38,MAG_HEADING,146.21
TM,GYRO_X,-1.312,GYRO_Y,-1.951,GYRO_Z,0.440,BODY_RATE,-0.440
TM,TEAM_CR,814,271074,0.0,1.2,1.0,-1.0,-0.1,33.0,35.0,0.0,34,3
TM,TEAM_CR,815,271114,0.0,1.5,1.1,-1.1,-0.1,33.0,35.0,0.0,33,3
TM,TEAM_CR,816,271162,0.0,1.2,1.1,-1.1,0.3,32.5,34.9,0.0,32,3
TM,TEAM_CR,817,271202,0.0,1.5,1.0,-1.0,-1.6,34.5,34.9,0.0,34,3
TM,TEAM_CR,818,271242,0.0,1.2,1.1,-1.1,0.2,32.6,34.9,0.0,33,3
TM,TEAM_CR,819,271284,0.0,1.2,1.0,-1.0,-0.1,32.9,34.9,0.0,34,3
TM,TEAM_CR,820,271324,0.0,1.4,1.0,-1.0,-1.0,33.8,34.9,0.0,34,3
TM,TEAM_CR,821,271364,0.0,1.2,1.0,-1.0,0.5,32.3,34.8,0.0,32,3
TM,TEAM_CR,822,271406,0.0,1.0,1.0,-1.0,-1.9,34.8,34.8,0.0,35,3
TM,TEAM_CR,823,271465,0.0,1.2,1.0,-1.0,-0.3,33.1,34.8,0.0,33,3
TM,TEAM_CR,824,271504,0.0,1.0,1.0,-1.0,0.3,34.8,34.8,0.0,35,3
TM,TEAM_CR,825,271552,0.0,1.2,1.0,-1.0,-0.2,34.8,34.8,0.0,35,3
TM,TEAM_CR,826,271592,0.0,1.4,1.0,-1.0,0.7,32.1,34.8,0.0,34,3
TM,TEAM_CR,827,271633,0.0,1.3,1.0,-1.0,0.7,32.1,34.8,0.0,34,3
TM,TEAM_CR,828,271672,0.0,1.3,1.0,-1.0,-1.3,34.0,34.8,0.0,34,3
TM,TEAM_CR,829,271712,0.0,1.1,1.0,-1.0,0.7,32.1,34.7,0.0,33,3
TM,TEAM_CR,830,271754,0.0,1.4,1.0,-1.0,-1.4,34.1,34.7,0.0,34,3
TM,TEAM_CR,831,271832,0.0,1.3,1.0,-1.0,-0.9,34.7,34.7,0.0,35,3
TM,TEAM_CR,832,271872,0.0,2.0,1.0,-1.0,0.0,34.7,34.7,0.0,35,3
TM,SUN_L,3496,SUN_R,3116,SUN_NDV,0.0575,SUN_ANGLE,30.19
TM,MAG_X,-16.37,MAG_Y,11.09,MAG_Z,1.17,MAG_HEADING,145.89
TM,GYRO_X,-1.418,GYRO_Y,-2.152,GYRO_Z,0.344,BODY_RATE,-0.344
TM,TEAM_CR,833,271912,0.0,1.4,1.0,-1.0,0.2,34.7,34.7,0.0,35,3
TM,ADCS_MODE,MANUAL,ADCS_REFERENCE,SUN,TARGET,0.00,POINTING_ERROR,-30.05,SUN_ERROR,-30.36,MAG_ERROR,-145.76,GYRO_Z,0.248,RW_CMD,0
TM,EST_RAW,30.36,EST_FILTERED,30.36,EST_ANGLE,30.05,EST_FILTER,ON,EST_FILTER_TYPE,MOVING_AVERAGE,EST_MA_WINDOW,1,EST_FILTER_STRENGTH,0.35
TM,EST_FUSION,ON,EST_GYRO_WEIGHT,0.98,EST_VALID,1
TM,TEAM_CR,834,271952,0.0,1.4,1.0,-1.0,-0.7,33.4,34.7,0.0,33,3
TM,TEAM_CR,835,271993,0.0,1.3,1.0,-1.0,1.0,31.6,34.7,0.0,32,3
TM,TEAM_CR,836,272039,0.0,1.5,1.0,-1.0,-1.0,33.6,34.7,0.0,34,3
TM,TEAM_CR,837,272079,0.0,1.5,1.0,-1.0,-0.8,33.4,34.6,0.0,33,3
TM,TEAM_CR,838,272119,0.0,1.5,1.0,-1.0,-0.8,33.4,34.6,0.0,33,3
TM,TEAM_CR,839,272170,0.0,1.4,1.0,-1.0,-1.7,34.6,34.6,0.0,35,3
TM,TEAM_CR,840,272210,0.0,1.0,1.0,-1.0,-0.1,34.6,34.6,0.0,35,3
TM,TEAM_CR,841,272250,0.0,1.5,1.0,-1.0,-0.6,34.6,34.6,0.0,35,3
TM,TEAM_CR,842,272290,0.0,1.3,1.0,-1.0,0.1,32.4,34.6,0.0,33,3
TM,TEAM_CR,843,272330,0.0,1.2,1.0,-1.0,0.9,31.7,34.6,0.0,34,3
TM,TEAM_CR,844,272370,0.0,1.4,1.0,-1.0,-0.6,33.1,34.6,0.0,33,3
TM,TEAM_CR,845,272411,0.0,1.5,1.1,-1.1,1.3,31.1,34.6,0.0,31,3
TM,TEAM_CR,846,272450,0.0,1.4,1.1,-1.1,-1.1,33.5,34.5,0.0,33,3
TM,TEAM_CR,847,272490,0.0,1.6,1.1,-1.1,0.1,32.2,34.5,0.0,32,3
TM,TEAM_CR,848,272550,0.0,1.4,1.1,-1.1,0.4,31.9,34.5,0.0,33,3
TM,TEAM_CR,849,272590,0.0,1.4,1.0,-1.0,-0.8,33.2,34.5,0.0,33,3
TM,TEAM_CR,850,272630,0.0,1.4,1.0,-1.0,-0.3,32.7,34.4,0.0,33,3
TM,SUN_L,3496,SUN_R,3117,SUN_NDV,0.0573,SUN_ANGLE,30.35
TM,MAG_X,-16.56,MAG_Y,11.23,MAG_Z,1.18,MAG_HEADING,145.85
TM,GYRO_X,-1.190,GYRO_Y,-1.899,GYRO_Z,0.397,BODY_RATE,-0.397
TM,TEAM_CR,851,272670,0.0,1.5,1.0,-1.0,0.6,31.8,34.4,0.0,33,3
TM,TEAM_CR,852,272710,0.0,1.3,1.0,-1.0,-1.4,33.8,34.4,0.0,34,3
TM,TEAM_CR,853,272750,0.0,1.4,1.1,-1.1,1.0,31.3,34.4,0.0,32,3
TM,TEAM_CR,854,272791,0.0,1.4,1.0,-1.0,-1.4,33.7,34.4,0.0,34,3
TM,TEAM_CR,855,272830,0.0,1.4,1.1,-1.1,0.2,32.0,34.3,0.0,32,3
TM,TEAM_CR,856,272870,0.0,1.2,1.1,-1.1,-0.4,32.6,34.3,0.0,33,3
TM,ADCS_MODE,MANUAL,ADCS_REFERENCE,SUN,TARGET,0.00,POINTING_ERROR,-30.06,SUN_ERROR,-30.42,MAG_ERROR,-145.85,GYRO_Z,0.292,RW_CMD,0
TM,EST_RAW,30.42,EST_FILTERED,30.42,EST_ANGLE,30.06,EST_FILTER,ON,EST_FILTER_TYPE,MOVING_AVERAGE,EST_MA_WINDOW,1,EST_FILTER_STRENGTH,0.35
TM,EST_FUSION,ON,EST_GYRO_WEIGHT,0.98,EST_VALID,1
TM,TEAM_CR,857,272910,0.0,1.4,1.1,-1.1,-0.6,32.7,34.3,0.0,33,3
TM,TEAM_CR,858,272951,0.0,1.3,1.1,-1.1,0.6,31.5,34.3,0.0,32,3
TM,TEAM_CR,859,272991,0.0,1.7,1.1,-1.1,-1.1,33.2,34.3,0.0,33,3
TM,TEAM_CR,860,273038,0.0,1.5,1.1,-1.1,-0.1,32.2,34.2,0.0,32,3
TM,TEAM_CR,861,273078,0.0,1.3,1.1,-1.1,-0.4,32.4,34.2,0.0,32,3
TM,TEAM_CR,862,273118,0.0,1.3,1.1,-1.1,-0.2,32.2,34.2,0.0,32,3
TM,TEAM_CR,863,273169,0.0,1.6,1.1,-1.1,0.3,31.6,34.2,0.0,32,3
TM,TEAM_CR,864,273209,0.0,1.5,1.1,-1.1,-0.8,32.7,34.1,0.0,33,3
TM,TEAM_CR,865,273249,0.0,1.4,1.2,-1.2,-0.1,31.9,34.1,0.0,32,3
TM,TEAM_CR,866,273290,0.0,1.2,1.1,-1.1,0.5,31.3,34.1,0.0,32,3
TM,TEAM_CR,867,273329,0.0,1.5,1.2,-1.2,-0.7,32.5,34.1,0.0,32,3
TM,TEAM_CR,868,273370,0.0,1.0,1.2,-1.2,0.6,31.2,34.1,0.0,32,3
TM,SUN_L,3496,SUN_R,3117,SUN_NDV,0.0573,SUN_ANGLE,30.37
TM,MAG_X,-16.70,MAG_Y,11.06,MAG_Z,1.09,MAG_HEADING,146.50
TM,GYRO_X,-1.102,GYRO_Y,-1.785,GYRO_Z,0.029,BODY_RATE,-0.029
TM,TEAM_CR,869,273410,0.0,1.4,1.1,-1.1,-1.5,33.3,34.0,0.0,33,3
TM,TEAM_CR,870,273450,0.0,1.5,1.1,-1.1,0.1,31.6,34.0,0.0,32,3
TM,TEAM_CR,871,273490,0.0,1.4,1.1,-1.1,-0.4,32.2,34.0,0.0,32,3
TM,TEAM_CR,872,273550,0.0,1.1,1.1,-1.1,-1.7,33.6,34.0,0.0,34,3
TM,TEAM_CR,873,273590,0.0,1.4,1.1,-1.1,-0.3,32.1,33.9,0.0,32,3
TM,TEAM_CR,874,273630,0.0,1.4,1.0,-1.0,-0.2,32.1,33.9,0.0,32,3
TM,TEAM_CR,875,273670,0.0,1.6,1.0,-1.0,-0.5,32.3,33.9,0.0,32,3
TM,TEAM_CR,876,273711,0.0,1.4,1.0,-1.0,0.0,31.8,33.9,0.0,32,3
TM,TEAM_CR,877,273750,0.0,1.5,1.0,-1.0,-2.3,33.9,33.9,0.0,34,3
TM,TEAM_CR,878,273791,0.0,1.3,1.0,-1.0,0.2,31.7,33.9,0.0,33,3
TM,TEAM_CR,879,273830,0.0,1.4,1.0,-1.0,-1.8,33.9,33.9,0.0,34,3
TM,ADCS_MODE,MANUAL,ADCS_REFERENCE,SUN,TARGET,0.00,POINTING_ERROR,-30.07,SUN_ERROR,-30.38,MAG_ERROR,-146.01,GYRO_Z,0.143,RW_CMD,0
TM,EST_RAW,30.38,EST_FILTERED,30.38,EST_ANGLE,30.07,EST_FILTER,ON,EST_FILTER_TYPE,MOVING_AVERAGE,EST_MA_WINDOW,1,EST_FILTER_STRENGTH,0.35
TM,EST_FUSION,ON,EST_GYRO_WEIGHT,0.98,EST_VALID,1
TM,TEAM_CR,880,273870,0.0,1.2,0.9,-0.9,-1.1,33.9,33.9,0.0,34,3
TM,TEAM_CR,881,273910,0.0,1.3,0.9,-0.9,-0.8,33.9,33.9,0.0,34,3
TM,TEAM_CR,882,273950,0.0,0.9,0.9,-0.9,-1.8,33.9,33.9,0.0,34,3
TM,TEAM_CR,883,273990,0.0,1.1,0.9,-0.9,0.3,33.9,33.9,0.0,34,3
TM,TEAM_CR,884,274039,0.0,1.2,0.8,-0.8,-1.7,33.9,33.9,0.0,34,3
TM,TEAM_CR,885,274079,0.0,1.0,0.8,-0.8,-1.2,33.9,33.9,0.0,34,3
TM,TEAM_CR,886,274119,0.0,1.2,0.8,-0.8,-0.7,33.9,33.9,0.0,34,3
TM,SUN_L,3496,SUN_R,3118,SUN_NDV,0.0572,SUN_ANGLE,30.42
TM,MAG_X,-16.61,MAG_Y,11.20,MAG_Z,1.20,MAG_HEADING,146.01
TM,GYRO_X,-1.190,GYRO_Y,-2.118,GYRO_Z,0.335,BODY_RATE,-0.335
TM,TEAM_CR,887,274170,0.0,1.0,0.7,-0.7,-2.8,33.9,33.9,0.0,34,3
TM,TEAM_CR,888,274210,0.0,0.9,0.7,-0.7,-0.5,33.9,33.9,0.0,34,3
TM,TEAM_CR,889,274253,0.0,0.9,0.6,-0.6,-0.2,33.9,33.9,0.0,34,3
TM,TEAM_CR,890,274294,0.0,0.7,0.6,-0.6,-1.1,33.9,33.9,0.0,34,3
TM,TEAM_CR,891,274333,0.0,1.7,0.6,-0.6,0.1,33.9,33.9,0.0,34,3
TM,TEAM_CR,892,274373,0.0,0.7,0.5,-0.5,-2.6,33.9,33.9,0.0,34,3
TM,TEAM_CR,893,274413,0.0,1.0,0.5,-0.5,0.2,33.9,33.9,0.0,34,3
TM,TEAM_CR,894,274453,0.0,0.8,0.5,-0.5,-1.6,33.9,33.9,0.0,34,3
TM,TEAM_CR,895,274493,0.0,0.9,0.5,-0.5,-1.1,33.9,33.9,0.0,34,3
TM,TEAM_CR,896,274551,0.0,0.6,0.4,-0.4,0.0,33.9,33.9,0.0,34,3
TM,TEAM_CR,897,274591,0.0,0.4,0.4,-0.4,-1.3,33.9,33.9,0.0,34,3
TM,TEAM_CR,898,274632,0.0,0.8,0.4,-0.4,-0.5,33.9,33.9,0.0,34,3
TM,TEAM_CR,899,274671,0.0,0.8,0.4,-0.4,0.3,33.9,33.9,0.0,34,3
TM,TEAM_CR,900,274711,0.0,0.5,0.3,-0.3,-2.0,33.9,33.9,0.0,34,3
TM,TEAM_CR,901,274751,0.0,0.4,0.4,-0.4,0.2,33.9,33.9,0.0,34,3
TM,TEAM_CR,902,274791,0.0,0.7,0.3,-0.3,-1.6,33.9,33.9,0.0,34,3
TM,ADCS_MODE,MANUAL,ADCS_REFERENCE,SUN,TARGET,0.00,POINTING_ERROR,-30.06,SUN_ERROR,-30.43,MAG_ERROR,-145.48,GYRO_Z,0.458,RW_CMD,0
TM,EST_RAW,30.43,EST_FILTERED,30.43,EST_ANGLE,30.06,EST_FILTER,ON,EST_FILTER_TYPE,MOVING_AVERAGE,EST_MA_WINDOW,1,EST_FILTER_STRENGTH,0.35
TM,EST_FUSION,ON,EST_GYRO_WEIGHT,0.98,EST_VALID,1
TM,TEAM_CR,903,274831,0.0,0.6,0.3,-0.3,-0.4,33.9,33.9,0.0,34,3
TM,TEAM_CR,904,274871,0.0,0.6,0.3,-0.3,-1.5,33.9,33.9,0.0,34,3
TM,SUN_L,3495,SUN_R,3117,SUN_NDV,0.0572,SUN_ANGLE,30.26
TM,MAG_X,-16.70,MAG_Y,11.28,MAG_Z,1.07,MAG_HEADING,145.97
TM,GYRO_X,-1.120,GYRO_Y,-2.082,GYRO_Z,0.449,BODY_RATE,-0.449
TM,TEAM_CR,905,274911,0.0,0.5,0.2,-0.2,-1.7,33.9,33.9,0.0,34,3
TM,TEAM_CR,906,274951,0.0,0.4,0.2,-0.2,0.2,33.9,33.9,0.0,34,3
TM,TEAM_CR,907,274991,0.0,0.1,0.2,-0.2,-2.0,33.9,33.9,0.0,34,3
TM,TEAM_CR,908,275038,0.0,0.4,0.2,-0.2,-0.4,33.9,33.9,0.0,34,3
TM,TEAM_CR,909,275078,0.0,0.4,0.2,-0.2,-0.6,33.9,33.9,0.0,34,3
TM,TEAM_CR,910,275118,0.0,0.4,0.1,-0.1,-1.0,33.9,33.9,0.0,34,3
TM,TEAM_CR,911,275171,0.0,0.1,0.2,-0.2,0.2,33.9,33.9,0.0,34,3
TM,TEAM_CR,912,275211,0.0,0.7,0.1,-0.1,-1.2,33.9,33.9,0.0,34,3
TM,TEAM_CR,913,275251,0.0,0.5,0.1,-0.1,-0.6,33.9,33.9,0.0,34,3
TM,TEAM_CR,914,275291,0.0,0.3,0.1,-0.1,0.7,33.9,33.9,0.0,34,3
TM,TEAM_CR,915,275331,0.0,0.6,0.1,-0.1,-1.4,33.9,33.9,0.0,34,3
TM,TEAM_CR,916,275371,0.0,0.4,0.1,-0.1,0.3,33.9,33.9,0.0,34,3
TM,TEAM_CR,917,275411,0.0,0.5,0.1,-0.1,-0.9,33.9,33.9,0.0,34,3
TM,TEAM_CR,918,275451,0.0,0.6,0.1,-0.1,0.2,33.9,33.9,0.0,34,3
TM,TEAM_CR,919,275491,0.0,0.5,0.1,-0.1,0.6,33.9,33.9,0.0,34,3
TM,TEAM_CR,920,275551,0.0,0.7,0.1,-0.1,0.0,33.9,33.9,0.0,34,3
TM,TEAM_CR,921,275591,0.0,0.0,0.1,-0.1,-0.3,33.9,33.9,0.0,34,3
TM,TEAM_CR,922,275631,0.0,0.3,0.1,-0.1,0.4,33.9,33.9,0.0,34,3
TM,TEAM_CR,923,275671,0.0,0.6,0.1,-0.1,-1.7,33.9,33.9,0.0,34,3
TM,SUN_L,3496,SUN_R,3112,SUN_NDV,0.0581,SUN_ANGLE,30.35
TM,MAG_X,-16.70,MAG_Y,11.30,MAG_Z,1.17,MAG_HEADING,145.93
TM,GYRO_X,-1.033,GYRO_Y,-2.389,GYRO_Z,0.318,BODY_RATE,-0.318
TM,TEAM_CR,924,275711,0.0,0.1,0.1,-0.1,0.5,33.9,33.9,0.0,34,3
TM,ADCS_MODE,MANUAL,ADCS_REFERENCE,SUN,TARGET,0.00,POINTING_ERROR,-30.05,SUN_ERROR,-30.38,MAG_ERROR,-145.93,GYRO_Z,0.292,RW_CMD,0
TM,EST_RAW,30.38,EST_FILTERED,30.38,EST_ANGLE,30.05,EST_FILTER,ON,EST_FILTER_TYPE,MOVING_AVERAGE,EST_MA_WINDOW,1,EST_FILTER_STRENGTH,0.35
TM,EST_FUSION,ON,EST_GYRO_WEIGHT,0.98,EST_VALID,1
TM,TEAM_CR,925,275751,0.0,0.4,0.0,0.0,-1.1,33.9,33.9,0.0,34,3
TM,TEAM_CR,926,275791,0.0,0.4,0.1,-0.1,-0.4,33.9,33.9,0.0,34,3
TM,TEAM_CR,927,275831,0.0,0.4,0.1,-0.1,0.4,33.9,33.9,0.0,34,3
TM,TEAM_CR,928,275871,0.0,0.1,0.0,0.0,-1.6,33.9,33.9,0.0,34,3
TM,TEAM_CR,929,275912,0.0,0.4,0.0,0.0,0.4,33.9,33.9,0.0,34,3
TM,TEAM_CR,930,275951,0.0,0.2,0.0,0.0,-1.7,33.9,33.9,0.0,34,3
TM,TEAM_CR,931,275992,0.0,0.2,0.0,0.0,0.3,33.9,33.9,0.0,34,3
TM,TEAM_CR,932,276039,0.0,0.3,0.0,0.0,0.2,33.9,33.9,0.0,34,3
TM,TEAM_CR,933,276079,0.0,0.5,0.0,0.0,-2.0,33.9,33.9,0.0,34,3
TM,TEAM_CR,934,276119,0.0,0.4,0.0,0.0,0.4,33.9,33.9,0.0,34,3
TM,TEAM_CR,935,276171,0.0,0.4,0.0,0.0,-0.1,33.9,33.9,0.0,34,3
TM,TEAM_CR,936,276211,0.0,0.2,0.0,0.0,-1.2,33.9,33.9,0.0,34,3
TM,TEAM_CR,937,276251,0.0,0.2,0.0,0.0,0.4,33.9,33.9,0.0,34,3
TM,TEAM_CR,938,276291,0.0,0.5,0.0,0.0,-1.4,33.9,33.9,0.0,34,3
TM,TEAM_CR,939,276331,0.0,0.2,0.0,0.0,0.2,33.9,33.9,0.0,34,3
TM,TEAM_CR,940,276371,0.0,0.3,0.0,0.0,0.8,33.9,33.9,0.0,34,3
TM,TEAM_CR,941,276412,0.0,0.2,0.0,0.0,-0.4,33.9,33.9,0.0,34,3
TM,SUN_L,3497,SUN_R,3117,SUN_NDV,0.0575,SUN_ANGLE,30.37
TM,MAG_X,-16.83,MAG_Y,11.25,MAG_Z,1.01,MAG_HEADING,146.25
TM,GYRO_X,-1.304,GYRO_Y,-2.161,GYRO_Z,0.300,BODY_RATE,-0.300
TM,TEAM_CR,942,276451,0.0,0.4,0.0,0.0,0.9,33.9,33.9,0.0,34,3
TM,TEAM_CR,943,276491,0.0,0.4,0.0,0.0,-1.3,33.9,33.9,0.0,34,3
TM,TEAM_CR,944,276551,0.0,0.2,0.0,0.0,-1.4,33.9,33.9,0.0,34,3
TM,TEAM_CR,945,276591,0.0,0.3,0.0,0.0,0.4,33.9,33.9,0.0,34,3
TM,TEAM_CR,946,276631,0.0,0.5,0.0,0.0,-1.6,33.9,33.9,0.0,34,3
TM,TEAM_CR,947,276671,0.0,0.2,0.0,0.0,0.0,33.9,33.9,0.0,34,3
TM,ADCS_MODE,MANUAL,ADCS_REFERENCE,SUN,TARGET,0.00,POINTING_ERROR,-30.05,SUN_ERROR,-30.38,MAG_ERROR,-145.88,GYRO_Z,0.274,RW_CMD,0
TM,EST_RAW,30.38,EST_FILTERED,30.38,EST_ANGLE,30.05,EST_FILTER,ON,EST_FILTER_TYPE,MOVING_AVERAGE,EST_MA_WINDOW,1,EST_FILTER_STRENGTH,0.35
TM,EST_FUSION,ON,EST_GYRO_WEIGHT,0.98,EST_VALID,1
TM,TEAM_CR,948,276711,0.0,0.3,0.0,0.0,0.1,33.9,33.9,0.0,34,3
TM,TEAM_CR,949,276751,0.0,0.2,0.0,0.0,-0.6,33.9,33.9,0.0,34,3
TM,TEAM_CR,950,276791,0.0,0.3,0.0,0.0,0.0,33.9,33.9,0.0,34,3
TM,TEAM_CR,951,276832,0.0,0.3,-0.1,0.1,-1.6,33.9,33.9,0.0,34,3
TM,TEAM_CR,952,276871,0.0,0.3,0.0,0.0,-0.1,33.9,33.9,0.0,34,3
TM,TEAM_CR,953,276911,0.0,0.1,-0.1,0.1,-0.7,33.9,33.9,0.0,34,3
TM,TEAM_CR,954,276951,0.0,0.0,-0.1,0.1,-1.1,33.9,33.9,0.0,34,3
TM,TEAM_CR,955,276991,0.0,0.2,-0.1,0.1,0.3,33.9,33.9,0.0,34,3
TM,TEAM_CR,956,277039,0.0,0.5,-0.1,0.1,-1.1,33.9,33.9,0.0,34,3
TM,TEAM_CR,957,277079,0.0,0.2,-0.1,0.1,0.1,33.9,33.9,0.0,34,3
TM,TEAM_CR,958,277119,0.0,0.0,-0.1,0.1,0.4,33.9,33.9,0.0,34,3
TM,TEAM_CR,959,277171,0.0,0.3,-0.1,0.1,-1.2,33.9,33.9,0.0,34,3
TM,SUN_L,3495,SUN_R,3116,SUN_NDV,0.0573,SUN_ANGLE,30.30
TM,MAG_X,-16.72,MAG_Y,11.33,MAG_Z,0.91,MAG_HEADING,145.88
TM,GYRO_X,-1.242,GYRO_Y,-1.995,GYRO_Z,0.099,BODY_RATE,-0.099
TM,TEAM_CR,960,277211,0.0,0.0,-0.1,0.1,-0.3,33.9,33.9,0.0,34,3
TM,TEAM_CR,961,277251,0.0,0.1,-0.1,0.1,-0.4,33.9,33.9,0.0,34,3
TM,TEAM_CR,962,277291,0.0,-0.2,-0.1,0.1,-1.0,33.9,33.9,0.0,34,3
TM,TEAM_CR,963,277331,0.0,0.1,-0.1,0.1,0.2,33.9,33.9,0.0,34,3
TM,TEAM_CR,964,277372,0.0,0.3,-0.1,0.1,-1.4,33.9,33.9,0.0,34,3
TM,TEAM_CR,965,277412,0.0,0.0,-0.1,0.1,-0.2,33.9,33.9,0.0,34,3
TM,TEAM_CR,966,277452,0.0,0.0,-0.1,0.1,0.0,33.9,33.9,0.0,34,3
TM,TEAM_CR,967,277492,0.0,0.4,-0.1,0.1,-0.4,33.9,33.9,0.0,34,3
TM,TEAM_CR,968,277551,0.0,0.1,-0.1,0.1,-0.5,33.9,33.9,0.0,34,3
TM,TEAM_CR,969,277591,0.0,0.3,-0.2,0.2,-0.6,33.9,33.9,0.0,34,3
TM,TEAM_CR,970,277632,0.0,0.1,-0.2,0.2,-1.5,33.9,33.9,0.0,34,3
TM,ADCS_MODE,MANUAL,ADCS_REFERENCE,SUN,TARGET,0.00,POINTING_ERROR,-30.04,SUN_ERROR,-30.36,MAG_ERROR,-145.95,GYRO_Z,0.143,RW_CMD,0
TM,EST_RAW,30.36,EST_FILTERED,30.36,EST_ANGLE,30.04,EST_FILTER,ON,EST_FILTER_TYPE,MOVING_AVERAGE,EST_MA_WINDOW,1,EST_FILTER_STRENGTH,0.35
TM,EST_FUSION,ON,EST_GYRO_WEIGHT,0.98,EST_VALID,1
TM,TEAM_CR,971,277671,0.0,0.0,-0.2,0.2,0.1,33.9,33.9,0.0,34,3
TM,TEAM_CR,972,277711,0.0,0.1,-0.2,0.2,-1.6,33.9,33.9,0.0,34,3
TM,TEAM_CR,973,277751,0.0,0.3,-0.2,0.2,-0.4,33.9,33.9,0.0,34,3
TM,TEAM_CR,974,277791,0.0,0.2,-0.2,0.2,-0.1,33.9,33.9,0.0,34,3
TM,TEAM_CR,975,277831,0.0,0.0,-0.2,0.2,-0.6,33.9,33.9,0.0,34,3
TM,TEAM_CR,976,277871,0.0,0.0,-0.2,0.2,0.3,33.9,33.9,0.0,34,3
TM,TEAM_CR,977,277911,0.0,-0.2,-0.3,0.3,-1.5,33.9,33.9,0.0,34,3
TM,SUN_L,3495,SUN_R,3117,SUN_NDV,0.0572,SUN_ANGLE,30.25
TM,MAG_X,-16.66,MAG_Y,11.34,MAG_Z,1.06,MAG_HEADING,145.74
TM,GYRO_X,-1.260,GYRO_Y,-2.082,GYRO_Z,0.213,BODY_RATE,-0.213
TM,TEAM_CR,978,277951,0.0,0.1,-0.2,0.2,0.5,33.9,33.9,0.0,34,3
TM,TEAM_CR,979,277991,0.0,-0.2,-0.3,0.3,-0.2,33.9,33.9,0.0,34,3
TM,TEAM_CR,980,278038,0.0,0.1,-0.2,0.2,-0.9,33.9,33.9,0.0,34,3
TM,TEAM_CR,981,278078,0.0,0.0,-0.2,0.2,0.7,33.9,33.9,0.0,34,3
TM,TEAM_CR,982,278118,0.0,0.1,-0.3,0.3,-1.1,33.9,33.9,0.0,34,3
TM,TEAM_CR,983,278171,0.0,0.0,-0.3,0.3,-1.0,33.9,33.9,0.0,34,3
TM,TEAM_CR,984,278211,0.0,0.1,-0.3,0.3,0.1,33.9,33.9,0.0,34,3
TM,TEAM_CR,985,278251,0.0,0.1,-0.3,0.3,-1.3,33.9,33.9,0.0,34,3
TM,TEAM_CR,986,278291,0.0,0.1,-0.3,0.3,-0.2,33.9,33.9,0.0,34,3
TM,TEAM_CR,987,278331,0.0,0.0,-0.3,0.3,-0.6,33.9,33.9,0.0,34,3
TM,TEAM_CR,988,278371,0.0,-0.1,-0.4,0.4,-1.2,33.9,33.9,0.0,34,3
TM,TEAM_CR,989,278411,0.0,0.0,-0.4,0.4,0.1,33.9,33.9,0.0,34,3
TM,TEAM_CR,990,278451,0.0,-0.1,-0.4,0.4,-2.1,33.9,33.9,0.0,34,3
TM,TEAM_CR,991,278491,0.0,0.0,-0.4,0.4,-0.5,33.9,33.9,0.0,34,3
TM,TEAM_CR,992,278551,0.0,-0.2,-0.5,0.5,-0.2,33.9,33.9,0.0,34,3
TM,TEAM_CR,993,278591,0.0,-0.1,-0.5,0.5,-1.6,33.9,33.9,0.0,34,3
TM,ADCS_MODE,MANUAL,ADCS_REFERENCE,SUN,TARGET,0.00,POINTING_ERROR,-30.03,SUN_ERROR,-30.37,MAG_ERROR,-145.95,GYRO_Z,0.405,RW_CMD,0
TM,EST_RAW,30.37,EST_FILTERED,30.37,EST_ANGLE,30.03,EST_FILTER,ON,EST_FILTER_TYPE,MOVING_AVERAGE,EST_MA_WINDOW,1,EST_FILTER_STRENGTH,0.35
TM,EST_FUSION,ON,EST_GYRO_WEIGHT,0.98,EST_VALID,1
TM,TEAM_CR,994,278631,0.0,-0.1,-0.5,0.5,-1.5,33.9,33.9,0.0,34,3
TM,TEAM_CR,995,278671,0.0,-0.4,-0.6,0.6,-0.6,33.9,33.9,0.0,34,3
TM,SUN_L,3496,SUN_R,3117,SUN_NDV,0.0573,SUN_ANGLE,30.42
TM,MAG_X,-16.78,MAG_Y,11.34,MAG_Z,1.18,MAG_HEADING,145.95
TM,GYRO_X,-1.015,GYRO_Y,-2.030,GYRO_Z,0.178,BODY_RATE,-0.178
TM,TEAM_CR,996,278711,0.0,-0.2,-0.6,0.6,-2.3,33.9,33.9,0.0,34,3
TM,TEAM_CR,997,278751,0.0,-0.1,-0.6,0.6,-0.7,33.9,33.9,0.0,34,3
TM,TEAM_CR,998,278791,0.0,-0.4,-0.7,0.7,-2.1,33.9,33.9,0.0,34,3
TM,TEAM_CR,999,278831,0.0,-0.1,-0.7,0.7,-1.0,33.9,33.9,0.0,34,3
TM,TEAM_CR,1000,278871,0.0,-0.6,-0.7,0.7,-1.5,33.9,33.9,0.0,34,3
TM,TEAM_CR,1001,278911,0.0,-0.3,-0.8,0.8,-2.2,33.9,33.9,0.0,34,3
TM,TEAM_CR,1002,278951,0.0,-0.5,-0.8,0.8,-1.0,33.9,33.9,0.0,34,3
TM,TEAM_CR,1003,278992,0.0,-0.3,-0.9,0.9,-2.8,33.9,33.9,0.0,34,3
TM,TEAM_CR,1004,279039,0.0,-0.5,-0.9,0.9,-1.8,33.9,33.9,0.0,34,3
TM,TEAM_CR,1005,279079,0.0,-0.6,-1.0,1.0,-0.7,33.9,33.9,0.0,34,3
TM,TEAM_CR,1006,279119,0.0,-0.6,-1.0,1.0,-2.8,38.7,33.9,0.0,36,3
TM,TEAM_CR,1007,279171,0.0,-0.4,-1.0,1.0,-0.3,36.3,33.9,0.0,36,3
TM,TEAM_CR,1008,279211,0.0,-0.7,-1.0,1.0,0.3,35.7,33.9,0.0,36,3
TM,TEAM_CR,1009,279251,0.0,-0.7,-1.0,1.0,-1.1,37.1,33.9,0.0,37,3
TM,TEAM_CR,1010,279291,0.0,-0.6,-1.0,1.0,1.2,33.9,33.9,0.0,35,3
TM,TEAM_CR,1011,279331,0.0,-0.6,-1.0,1.0,0.3,33.9,33.9,0.0,34,3
TM,TEAM_CR,1012,279371,0.0,-0.4,-0.9,0.9,0.2,33.9,33.9,0.0,34,3
TM,TEAM_CR,1013,279411,0.0,-0.7,-0.9,0.9,0.6,33.9,33.9,0.0,34,3
TM,TEAM_CR,1014,279451,0.0,-0.6,-0.9,0.9,-1.1,33.9,33.9,0.0,34,3
TM,SUN_L,3495,SUN_R,3118,SUN_NDV,0.0570,SUN_ANGLE,30.34
TM,MAG_X,-16.67,MAG_Y,11.34,MAG_Z,1.12,MAG_HEADING,145.77
TM,GYRO_X,-1.041,GYRO_Y,-1.916,GYRO_Z,0.125,BODY_RATE,-0.125
TM,TEAM_CR,1015,279491,0.0,-0.5,-0.9,0.9,0.7,33.9,33.9,0.0,34,3
TM,ADCS_MODE,MANUAL,ADCS_REFERENCE,SUN,TARGET,0.00,POINTING_ERROR,-30.03,SUN_ERROR,-30.50,MAG_ERROR,-145.77,GYRO_Z,0.475,RW_CMD,0
TM,EST_RAW,30.50,EST_FILTERED,30.50,EST_ANGLE,30.03,EST_FILTER,ON,EST_FILTER_TYPE,MOVING_AVERAGE,EST_MA_WINDOW,1,EST_FILTER_STRENGTH,0.35
TM,EST_FUSION,ON,EST_GYRO_WEIGHT,0.98,EST_VALID,1
TM,TEAM_CR,1016,279551,0.0,-0.7,-0.9,0.9,0.8,33.9,33.9,0.0,34,3
TM,TEAM_CR,1017,279591,0.0,-0.4,-0.9,0.9,-1.6,33.9,33.9,0.0,34,3
TM,TEAM_CR,1018,279631,0.0,-0.6,-0.9,0.9,-0.3,33.9,33.9,0.0,34,3
TM,TEAM_CR,1019,279671,0.0,-0.7,-0.9,0.9,-0.3,33.9,33.9,0.0,34,3
TM,TEAM_CR,1020,279711,0.0,-0.5,-0.9,0.9,-1.1,33.9,33.9,0.0,34,3
TM,TEAM_CR,1021,279751,0.0,-0.7,-1.0,1.0,0.2,33.9,33.9,0.0,34,3
TM,TEAM_CR,1022,279791,0.0,-0.1,-1.0,1.0,-2.0,33.9,33.9,0.0,34,3
TM,TEAM_CR,1023,279832,0.0,-0.6,-1.0,1.0,-0.2,33.9,33.9,0.0,34,3
TM,TEAM_CR,1024,279871,0.0,-0.9,-1.0,1.0,-0.3,36.3,34.0,0.0,37,3
TM,TEAM_CR,1025,279911,0.0,-0.7,-1.0,1.0,-1.1,37.1,34.0,0.0,36,3
TM,TEAM_CR,1026,279951,0.0,-0.6,-1.0,1.0,0.5,34.0,34.0,0.0,35,3
TM,TEAM_CR,1027,279991,0.0,-0.7,-1.0,1.0,-1.3,37.3,34.0,0.0,36,3
TM,TEAM_CR,1028,280039,0.0,-0.6,-1.0,1.0,0.0,34.0,34.0,0.0,34,3
TM,TEAM_CR,1029,280079,0.0,-0.9,-1.0,1.0,0.6,34.0,34.0,0.0,34,3
TM,TEAM_CR,1030,280119,0.0,-0.7,-1.0,1.0,-1.9,37.9,34.0,0.0,36,3
TM,TEAM_CR,1031,280171,0.0,-0.7,-1.0,1.0,0.1,34.0,34.0,0.0,34,3
TM,TEAM_CR,1032,280212,0.0,-0.6,-1.0,1.0,0.1,34.0,34.0,0.0,36,3
TM,SUN_L,3496,SUN_R,3117,SUN_NDV,0.0573,SUN_ANGLE,30.34
TM,MAG_X,-16.59,MAG_Y,11.36,MAG_Z,1.04,MAG_HEADING,145.60
TM,GYRO_X,-1.155,GYRO_Y,-2.240,GYRO_Z,0.204,BODY_RATE,-0.204
TM,TEAM_CR,1033,280252,0.0,-0.4,-1.0,1.0,-1.5,37.5,34.0,0.0,36,3
TM,TEAM_CR,1034,280291,0.0,-0.9,-1.0,1.0,0.8,34.0,34.0,0.0,34,3
TM,TEAM_CR,1035,280331,0.0,-0.7,-1.0,1.0,-0.8,34.0,34.0,0.0,34,3
TM,TEAM_CR,1036,280372,0.0,-0.7,-1.0,1.0,-0.5,34.0,34.0,0.0,34,3
TM,TEAM_CR,1037,280412,0.0,-0.8,-1.0,1.0,0.3,34.0,34.0,0.0,34,3
TM,TEAM_CR,1038,280452,0.0,-0.6,-1.0,1.0,-1.6,34.0,34.0,0.0,34,3
TM,ADCS_MODE,MANUAL,ADCS_REFERENCE,SUN,TARGET,0.00,POINTING_ERROR,-30.02,SUN_ERROR,-30.32,MAG_ERROR,-145.60,GYRO_Z,0.318,RW_CMD,0
TM,EST_RAW,30.32,EST_FILTERED,30.32,EST_ANGLE,30.02,EST_FILTER,ON,EST_FILTER_TYPE,MOVING_AVERAGE,EST_MA_WINDOW,1,EST_FILTER_STRENGTH,0.35
TM,EST_FUSION,ON,EST_GYRO_WEIGHT,0.98,EST_VALID,1
TM,TEAM_CR,1039,280492,0.0,-0.6,-1.0,1.0,0.0,34.0,34.0,0.0,34,3
TM,TEAM_CR,1040,280551,0.0,-0.7,-1.0,1.0,0.2,34.0,34.0,0.0,37,3
TM,TEAM_CR,1041,280591,0.0,-0.7,-1.0,1.0,-1.3,37.4,34.0,0.0,36,3
TM,TEAM_CR,1042,280632,0.0,-0.9,-1.0,1.0,-0.1,36.2,34.1,0.0,36,3
TM,TEAM_CR,1043,280672,0.0,-0.6,-1.0,1.0,-0.3,36.5,34.1,0.0,36,3
TM,TEAM_CR,1044,280711,0.0,-0.7,-1.0,1.0,-0.9,34.1,34.1,0.0,34,3
TM,TEAM_CR,1045,280751,0.0,-0.8,-1.0,1.0,0.3,34.1,34.1,0.0,34,3
TM,TEAM_CR,1046,280791,0.0,-0.9,-1.0,1.0,-1.8,37.9,34.1,0.0,36,3
TM,TEAM_CR,1047,280831,0.0,-0.7,-1.0,1.0,-0.3,36.4,34.1,0.0,36,3
TM,TEAM_CR,1048,280871,0.0,-0.8,-1.0,1.0,0.0,36.2,34.1,0.0,37,3
TM,TEAM_CR,1049,280911,0.0,-0.6,-1.0,1.0,-0.8,37.0,34.2,0.0,37,3
TM,TEAM_CR,1050,280951,0.0,-0.7,-1.0,1.0,1.0,34.2,34.2,0.0,35,3
TM,SUN_L,3496,SUN_R,3118,SUN_NDV,0.0572,SUN_ANGLE,30.34
TM,MAG_X,-16.66,MAG_Y,11.39,MAG_Z,1.14,MAG_HEADING,145.63
TM,GYRO_X,-1.339,GYRO_Y,-1.969,GYRO_Z,0.388,BODY_RATE,-0.388
TM,TEAM_CR,1051,280991,0.0,-1.2,-1.0,1.0,-0.8,37.0,34.2,0.0,36,3
TM,TEAM_CR,1052,281038,0.0,-0.7,-1.0,1.0,-0.4,34.2,34.2,0.0,34,3
TM,TEAM_CR,1053,281078,0.0,-0.9,-1.0,1.0,0.2,34.2,34.2,0.0,34,3
TM,TEAM_CR,1054,281118,0.0,-0.9,-1.0,1.0,-1.4,37.6,34.2,0.0,36,3
TM,TEAM_CR,1055,281171,0.0,-1.1,-1.0,1.0,-0.8,37.0,34.2,0.0,37,3
TM,TEAM_CR,1056,281211,0.0,-0.7,-1.0,1.0,0.6,35.7,34.2,0.0,36,3
TM,TEAM_CR,1057,281251,0.0,-0.8,-1.0,1.0,-1.1,37.4,34.3,0.0,37,3
TM,TEAM_CR,1058,281291,0.0,-0.7,-1.0,1.0,0.5,35.7,34.3,0.0,36,3
TM,TEAM_CR,1059,281331,0.0,-0.6,-1.0,1.0,0.2,36.1,34.3,0.0,36,3
TM,TEAM_CR,1060,281371,0.0,-0.5,-1.0,1.0,0.2,34.3,34.3,0.0,34,3
TM,TEAM_CR,1061,281411,0.0,-0.9,-1.0,1.0,0.5,34.3,34.3,0.0,34,3
TM,ADCS_MODE,MANUAL,ADCS_REFERENCE,SUN,TARGET,0.00,POINTING_ERROR,-30.03,SUN_ERROR,-30.43,MAG_ERROR,-145.91,GYRO_Z,0.370,RW_CMD,0
TM,EST_RAW,30.43,EST_FILTERED,30.43,EST_ANGLE,30.03,EST_FILTER,ON,EST_FILTER_TYPE,MOVING_AVERAGE,EST_MA_WINDOW,1,EST_FILTER_STRENGTH,0.35
TM,EST_FUSION,ON,EST_GYRO_WEIGHT,0.98,EST_VALID,1
TM,TEAM_CR,1062,281451,0.0,-0.8,-1.0,1.0,-0.8,34.3,34.3,0.0,34,3
TM,TEAM_CR,1063,281491,0.0,-0.6,-1.0,1.0,0.0,34.3,34.3,0.0,34,3
TM,TEAM_CR,1064,281551,0.0,-0.7,-1.0,1.0,0.3,34.3,34.3,0.0,34,3
TM,TEAM_CR,1065,281591,0.0,-1.0,-1.0,1.0,-1.1,37.5,34.3,0.0,36,3
TM,TEAM_CR,1066,281631,0.0,-0.7,-1.0,1.0,-0.8,37.1,34.3,0.0,37,3
TM,TEAM_CR,1067,281671,0.0,-0.7,-1.0,1.0,0.8,35.5,34.3,0.0,36,3
TM,TEAM_CR,1068,281711,0.0,-0.4,-1.0,1.0,-0.6,34.3,34.3,0.0,34,3
TM,SUN_L,3496,SUN_R,3118,SUN_NDV,0.0572,SUN_ANGLE,30.35
TM,MAG_X,-16.69,MAG_Y,11.30,MAG_Z,1.23,MAG_HEADING,145.91
TM,GYRO_X,-1.199,GYRO_Y,-1.995,GYRO_Z,0.134,BODY_RATE,-0.134
TM,TEAM_CR,1069,281751,0.0,-0.4,-0.9,0.9,1.0,34.3,34.3,0.0,34,3
TM,TEAM_CR,1070,281791,0.0,-0.5,-0.9,0.9,-0.2,34.3,34.3,0.0,34,3
TM,TEAM_CR,1071,281831,0.0,-0.3,-0.9,0.9,0.1,34.3,34.3,0.0,34,3
TM,TEAM_CR,1072,281871,0.0,-0.5,-0.9,0.9,0.5,34.3,34.3,0.0,34,3
TM,TEAM_CR,1073,281912,0.0,-0.2,-0.9,0.9,-1.5,34.3,34.3,0.0,34,3
TM,TEAM_CR,1074,281951,0.0,-0.4,-0.9,0.9,-0.2,34.3,34.3,0.0,34,3
TM,TEAM_CR,1075,281992,0.0,-0.1,-0.9,0.9,-0.5,34.3,34.3,0.0,34,3
TM,TEAM_CR,1076,282039,0.0,0.0,-0.9,0.9,-1.1,34.3,34.3,0.0,34,3
TM,TEAM_CR,1077,282079,0.0,0.0,-0.9,0.9,0.4,34.3,34.3,0.0,34,3
TM,TEAM_CR,1078,282119,0.0,-0.5,-0.9,0.9,-0.7,34.3,34.3,0.0,34,3
TM,TEAM_CR,1079,282171,0.0,-0.1,-0.9,0.9,-1.6,34.3,34.3,0.0,34,3
TM,TEAM_CR,1080,282211,0.0,-0.2,-0.9,0.9,0.2,34.3,34.3,0.0,34,3
TM,TEAM_CR,1081,282251,0.0,-0.6,-0.9,0.9,-0.4,34.3,34.3,0.0,34,3
TM,TEAM_CR,1082,282291,0.0,-0.7,-0.9,0.9,-1.4,34.3,34.3,0.0,34,3
TM,TEAM_CR,1083,282331,0.0,-0.6,-0.9,0.9,0.3,34.3,34.3,0.0,34,3
TM,TEAM_CR,1084,282371,0.0,-0.7,-0.9,0.9,-1.4,34.3,34.3,0.0,34,3
TM,ADCS_MODE,MANUAL,ADCS_REFERENCE,SUN,TARGET,0.00,POINTING_ERROR,-30.01,SUN_ERROR,-30.24,MAG_ERROR,-145.85,GYRO_Z,0.353,RW_CMD,0
TM,EST_RAW,30.24,EST_FILTERED,30.24,EST_ANGLE,30.01,EST_FILTER,ON,EST_FILTER_TYPE,MOVING_AVERAGE,EST_MA_WINDOW,1,EST_FILTER_STRENGTH,0.35
TM,EST_FUSION,ON,EST_GYRO_WEIGHT,0.98,EST_VALID,1
TM,TEAM_CR,1085,282411,0.0,-0.7,-0.9,0.9,-0.1,34.3,34.3,0.0,34,3
TM,TEAM_CR,1086,282451,0.0,-0.6,-1.0,1.0,-0.9,34.3,34.3,0.0,34,3
TM,TEAM_CR,1087,282491,0.0,-0.5,-1.0,1.0,-1.3,34.3,34.3,0.0,34,3
TM,SUN_L,3496,SUN_R,3118,SUN_NDV,0.0572,SUN_ANGLE,30.39
TM,MAG_X,-16.51,MAG_Y,11.20,MAG_Z,0.56,MAG_HEADING,145.85
TM,GYRO_X,-1.400,GYRO_Y,-1.986,GYRO_Z,0.423,BODY_RATE,-0.423
TM,TEAM_CR,1088,282551,0.0,-0.6,-1.0,1.0,0.0,34.3,34.3,0.0,34,3
TM,TEAM_CR,1089,282591,0.0,-0.7,-1.0,1.0,0.1,34.3,34.3,0.0,34,3
TM,TEAM_CR,1090,282631,0.0,-0.5,-1.0,1.0,-1.6,34.3,34.3,0.0,34,3
TM,TEAM_CR,1091,282671,0.0,-0.5,-1.0,1.0,0.2,34.3,34.3,0.0,34,3
TM,TEAM_CR,1092,282711,0.0,-0.6,-1.0,1.0,-0.8,34.3,34.3,0.0,34,3
TM,TEAM_CR,1093,282751,0.0,-0.3,-1.0,1.0,-1.4,34.3,34.3,0.0,34,3
TM,TEAM_CR,1094,282791,0.0,-0.9,-1.0,1.0,-0.3,36.7,34.4,0.0,37,3
TM,TEAM_CR,1095,282832,0.0,-0.8,-1.0,1.0,-1.1,37.5,34.4,0.0,36,3
TM,TEAM_CR,1096,282871,0.0,-0.8,-1.0,1.0,0.7,34.4,34.4,0.0,34,3
TM,TEAM_CR,1097,282911,0.0,-0.6,-1.0,1.0,-0.1,34.4,34.4,0.0,34,3
TM,TEAM_CR,1098,282951,0.0,-0.6,-1.0,1.0,-0.8,34.4,34.4,0.0,34,3
TM,TEAM_CR,1099,282991,0.0,-0.6,-1.0,1.0,0.5,34.4,34.4,0.0,34,3
TM,TEAM_CR,1100,283039,0.0,-0.4,-1.0,1.0,-0.6,34.4,34.4,0.0,34,3
TM,TEAM_CR,1101,283079,0.0,-0.5,-1.0,1.0,-0.9,34.4,34.4,0.0,34,3
TM,TEAM_CR,1102,283119,0.0,-0.5,-1.0,1.0,0.0,34.4,34.4,0.0,34,3
TM,TEAM_CR,1103,283171,0.0,-0.4,-1.0,1.0,-0.9,34.4,34.4,0.0,34,3
TM,TEAM_CR,1104,283211,0.0,-0.8,-1.0,1.0,-1.1,34.4,34.4,0.0,34,3
TM,TEAM_CR,1105,283251,0.0,-0.6,-1.0,1.0,-0.1,36.5,34.4,0.0,37,3
TM,TEAM_CR,1106,283291,0.0,-0.8,-1.0,1.0,-1.0,37.4,34.4,0.0,36,3
TM,SUN_L,3496,SUN_R,3117,SUN_NDV,0.0573,SUN_ANGLE,30.44
TM,MAG_X,-16.59,MAG_Y,11.38,MAG_Z,1.30,MAG_HEADING,145.56
TM,GYRO_X,-1.330,GYRO_Y,-1.925,GYRO_Z,0.204,BODY_RATE,-0.204
TM,TEAM_CR,1107,283331,0.0,-0.5,-1.0,1.0,0.3,34.4,34.4,0.0,34,3
TM,ADCS_MODE,MANUAL,ADCS_REFERENCE,SUN,TARGET,0.00,POINTING_ERROR,-30.00,SUN_ERROR,-30.47,MAG_ERROR,-145.56,GYRO_Z,0.239,RW_CMD,0
TM,EST_RAW,30.47,EST_FILTERED,30.47,EST_ANGLE,30.00,EST_FILTER,ON,EST_FILTER_TYPE,MOVING_AVERAGE,EST_MA_WINDOW,1,EST_FILTER_STRENGTH,0.35
TM,EST_FUSION,ON,EST_GYRO_WEIGHT,0.98,EST_VALID,1
TM,TEAM_CR,1108,283372,0.0,-0.6,-1.0,1.0,-0.6,34.4,34.4,0.0,34,3
TM,TEAM_CR,1109,283412,0.0,-0.5,-1.0,1.0,-0.8,34.4,34.4,0.0,34,3
TM,TEAM_CR,1110,283452,0.0,-0.5,-1.0,1.0,0.5,34.4,34.4,0.0,34,3
TM,TEAM_CR,1111,283492,0.0,-0.5,-1.0,1.0,-1.6,38.0,34.4,0.0,36,3
TM,TEAM_CR,1112,283551,0.0,-0.7,-1.0,1.0,-1.1,37.6,34.4,0.0,36,3
TM,TEAM_CR,1113,283591,0.0,-0.5,-1.0,1.0,0.6,34.4,34.4,0.0,34,3
TM,TEAM_CR,1114,283632,0.0,-0.6,-1.0,1.0,-0.2,34.4,34.4,0.0,34,3
TM,TEAM_CR,1115,283672,0.0,-0.6,-1.0,1.0,-0.9,34.4,34.4,0.0,34,3
TM,TEAM_CR,1116,283711,0.0,-0.5,-1.0,1.0,0.2,34.4,34.4,0.0,34,3
TM,TEAM_CR,1117,283751,0.0,-0.4,-1.0,1.0,-1.4,34.4,34.4,0.0,34,3
TM,TEAM_CR,1118,283791,0.0,-0.6,-0.9,0.9,-0.4,34.4,34.4,0.0,34,3
TM,TEAM_CR,1119,283831,0.0,-0.6,-0.9,0.9,0.4,34.4,34.4,0.0,34,3
TM,TEAM_CR,1120,283871,0.0,-0.5,-0.9,0.9,-1.3,34.4,34.4,0.0,34,3
TM,TEAM_CR,1121,283911,0.0,-0.6,-0.9,0.9,0.2,34.4,34.4,0.0,34,3
TM,TEAM_CR,1122,283951,0.0,-0.5,-0.9,0.9,0.7,34.4,34.4,0.0,34,3
TM,TEAM_CR,1123,283991,0.0,-0.1,-0.9,0.9,-0.1,34.4,34.4,0.0,34,3
TM,TEAM_CR,1124,284038,0.0,-0.7,-0.9,0.9,0.2,34.4,34.4,0.0,34,3
TM,SUN_L,3497,SUN_R,3117,SUN_NDV,0.0575,SUN_ANGLE,30.20
TM,MAG_X,-16.62,MAG_Y,11.36,MAG_Z,1.20,MAG_HEADING,145.65
TM,GYRO_X,-1.514,GYRO_Y,-2.196,GYRO_Z,0.519,BODY_RATE,-0.519
TM,TEAM_CR,1125,284078,0.0,-0.6,-0.9,0.9,-1.2,34.4,34.4,0.0,34,3
TM,TEAM_CR,1126,284118,0.0,-0.6,-0.9,0.9,0.0,34.4,34.4,0.0,34,3
TM,TEAM_CR,1127,284171,0.0,-0.2,-0.9,0.9,0.7,34.4,34.4,0.0,34,3
TM,TEAM_CR,1128,284211,0.0,-0.5,-0.9,0.9,-0.9,34.4,34.4,0.0,34,3
TM,TEAM_CR,1129,284251,0.0,-0.7,-0.9,0.9,-0.1,34.4,34.4,0.0,34,3
TM,TEAM_CR,1130,284291,0.0,-0.6,-0.9,0.9,0.6,34.4,34.4,0.0,34,3
TM,ADCS_MODE,MANUAL,ADCS_REFERENCE,SUN,TARGET,0.00,POINTING_ERROR,-30.02,SUN_ERROR,-30.41,MAG_ERROR,-145.65,GYRO_Z,0.440,RW_CMD,0
TM,EST_RAW,30.41,EST_FILTERED,30.41,EST_ANGLE,30.02,EST_FILTER,ON,EST_FILTER_TYPE,MOVING_AVERAGE,EST_MA_WINDOW,1,EST_FILTER_STRENGTH,0.35
TM,EST_FUSION,ON,EST_GYRO_WEIGHT,0.98,EST_VALID,1
TM,TEAM_CR,1131,284331,0.0,-0.5,-0.9,0.9,-1.5,34.4,34.4,0.0,34,3
TM,TEAM_CR,1132,284371,0.0,-0.5,-0.8,0.8,0.4,34.4,34.4,0.0,34,3
TM,TEAM_CR,1133,284411,0.0,-0.6,-0.9,0.9,-0.3,34.4,34.4,0.0,34,3
TM,TEAM_CR,1134,284451,0.0,-0.6,-0.9,0.9,-0.5,34.4,34.4,0.0,34,3
TM,TEAM_CR,1135,284491,0.0,-0.6,-0.9,0.9,0.3,34.4,34.4,0.0,34,3
TM,TEAM_CR,1136,284551,0.0,-0.4,-0.9,0.9,0.0,34.4,34.4,0.0,34,3
TM,TEAM_CR,1137,284591,0.0,-0.3,-0.9,0.9,-1.5,34.4,34.4,0.0,34,3
TM,TEAM_CR,1138,284631,0.0,-0.7,-0.9,0.9,0.6,34.4,34.4,0.0,34,3
TM,TEAM_CR,1139,284671,0.0,-0.5,-0.9,0.9,-0.7,34.4,34.4,0.0,34,3
TM,TEAM_CR,1140,284711,0.0,-0.5,-0.9,0.9,-0.4,34.4,34.4,0.0,34,3
TM,TEAM_CR,1141,284751,0.0,-0.8,-0.9,0.9,0.4,34.4,34.4,0.0,34,3
TM,TEAM_CR,1142,284791,0.0,-0.7,-0.9,0.9,-1.6,34.4,34.4,0.0,34,3
TM,SUN_L,3497,SUN_R,3120,SUN_NDV,0.0570,SUN_ANGLE,30.35
TM,MAG_X,-16.62,MAG_Y,11.23,MAG_Z,1.14,MAG_HEADING,145.96
TM,GYRO_X,-1.418,GYRO_Y,-1.873,GYRO_Z,0.230,BODY_RATE,-0.230
TM,TEAM_CR,1143,284831,0.0,-1.0,-0.9,0.9,0.3,34.4,34.4,0.0,34,3
TM,TEAM_CR,1144,284871,0.0,-0.7,-0.9,0.9,-0.1,34.4,34.4,0.0,34,3
TM,TEAM_CR,1145,284911,0.0,-0.8,-0.9,0.9,-0.8,34.4,34.4,0.0,34,3
TM,TEAM_CR,1146,284951,0.0,-0.7,-0.9,0.9,0.3,34.4,34.4,0.0,34,3
TM,TEAM_CR,1147,284992,0.0,-0.6,-1.0,1.0,-1.0,34.4,34.4,0.0,34,3
TM,TEAM_CR,1148,285039,0.0,-0.7,-1.0,1.0,-1.1,34.4,34.4,0.0,34,3
TM,TEAM_CR,1149,285079,0.0,-0.7,-1.0,1.0,0.4,34.4,34.4,0.0,34,3
TM,TEAM_CR,1150,285119,0.0,-0.5,-1.0,1.0,-1.4,34.4,34.4,0.0,34,3
TM,TEAM_CR,1151,285171,0.0,-0.5,-1.0,1.0,-1.1,34.4,34.4,0.0,34,3
TM,TEAM_CR,1152,285211,0.0,-0.8,-1.0,1.0,0.2,34.4,34.4,0.0,36,3
TM,TEAM_CR,1153,285251,0.0,-0.7,-1.0,1.0,-1.1,37.6,34.5,0.0,38,3
TM,ADCS_MODE,MANUAL,ADCS_REFERENCE,SUN,TARGET,0.00,POINTING_ERROR,-30.03,SUN_ERROR,-30.42,MAG_ERROR,-145.69,GYRO_Z,0.213,RW_CMD,0
TM,EST_RAW,30.42,EST_FILTERED,30.42,EST_ANGLE,30.03,EST_FILTER,ON,EST_FILTER_TYPE,MOVING_AVERAGE,EST_MA_WINDOW,1,EST_FILTER_STRENGTH,0.35
TM,EST_FUSION,ON,EST_GYRO_WEIGHT,0.98,EST_VALID,1
TM,TEAM_CR,1154,285291,0.0,-0.8,-1.0,1.0,0.3,34.5,34.5,0.0,35,3
TM,TEAM_CR,1155,285331,0.0,-0.7,-1.0,1.0,0.6,34.5,34.5,0.0,34,3
TM,TEAM_CR,1156,285371,0.0,-0.7,-1.0,1.0,-1.1,34.5,34.5,0.0,34,3
TM,TEAM_CR,1157,285411,0.0,-0.6,-1.0,1.0,0.6,34.5,34.5,0.0,34,3
TM,TEAM_CR,1158,285451,0.0,-0.5,-1.0,1.0,-0.4,34.5,34.5,0.0,34,3
TM,TEAM_CR,1159,285491,0.0,-0.7,-1.0,1.0,-0.4,34.5,34.5,0.0,34,3
TM,TEAM_CR,1160,285551,0.0,-0.7,-1.0,1.0,-0.7,34.5,34.5,0.0,34,3
TM,SUN_L,3500,SUN_R,3122,SUN_NDV,0.0571,SUN_ANGLE,30.20
TM,MAG_X,-16.78,MAG_Y,11.15,MAG_Z,1.12,MAG_HEADING,146.40
TM,GYRO_X,-1.286,GYRO_Y,-2.109,GYRO_Z,0.405,BODY_RATE,-0.405
TM,TEAM_CR,1161,285591,0.0,-0.7,-1.0,1.0,-0.1,36.6,34.5,0.0,37,3
TM,TEAM_CR,1162,285631,0.0,-0.7,-1.0,1.0,-1.7,38.3,34.5,0.0,38,3
TM,TEAM_CR,1163,285671,0.0,-0.8,-1.0,1.0,0.5,36.0,34.5,0.0,36,3
TM,TEAM_CR,1164,285711,0.0,-0.8,-1.0,1.0,0.5,36.1,34.6,0.0,37,3
TM,TEAM_CR,1165,285751,0.0,-0.6,-1.0,1.0,0.3,34.6,34.6,0.0,35,3
TM,TEAM_CR,1166,285791,0.0,-0.7,-1.0,1.0,1.2,34.6,34.6,0.0,35,3
TM,TEAM_CR,1167,285832,0.0,-1.0,-1.0,1.0,-0.8,34.6,34.6,0.0,35,3
TM,TEAM_CR,1168,285871,0.0,-0.7,-1.0,1.0,0.4,34.6,34.6,0.0,35,3
TM,TEAM_CR,1169,285911,0.0,-0.8,-1.0,1.0,0.5,34.6,34.6,0.0,35,3
TM,TEAM_CR,1170,285951,0.0,-0.8,-1.0,1.0,-1.2,34.6,34.6,0.0,35,3
TM,TEAM_CR,1171,285991,0.0,-0.8,-1.0,1.0,0.4,34.6,34.6,0.0,35,3
TM,TEAM_CR,1172,286039,0.0,-0.8,-1.0,1.0,0.3,34.6,34.6,0.0,37,3
TM,TEAM_CR,1173,286079,0.0,-0.8,-1.0,1.0,-0.9,34.6,34.6,0.0,35,3
TM,TEAM_CR,1174,286119,0.0,-0.9,-1.0,1.0,0.8,34.6,34.6,0.0,35,3
TM,TEAM_CR,1175,286171,0.0,-0.8,-1.0,1.0,0.2,36.4,34.6,0.0,37,3
TM,TEAM_CR,1176,286211,0.0,-0.7,-1.0,1.0,-0.6,37.2,34.6,0.0,37,3
TM,ADCS_MODE,MANUAL,ADCS_REFERENCE,SUN,TARGET,0.00,POINTING_ERROR,-30.02,SUN_ERROR,-30.21,MAG_ERROR,-145.64,GYRO_Z,0.668,RW_CMD,0
TM,EST_RAW,30.21,EST_FILTERED,30.21,EST_ANGLE,30.02,EST_FILTER,ON,EST_FILTER_TYPE,MOVING_AVERAGE,EST_MA_WINDOW,1,EST_FILTER_STRENGTH,0.35
TM,EST_FUSION,ON,EST_GYRO_WEIGHT,0.98,EST_VALID,1
TM,TEAM_CR,1177,286252,0.0,-0.9,-1.0,1.0,0.7,34.6,34.6,0.0,36,3
TM,TEAM_CR,1178,286291,0.0,-1.0,-1.0,1.0,-0.2,36.8,34.6,0.0,37,3
TM,SUN_L,3502,SUN_R,3125,SUN_NDV,0.0569,SUN_ANGLE,30.12
TM,MAG_X,-16.59,MAG_Y,11.34,MAG_Z,1.14,MAG_HEADING,145.64
TM,GYRO_X,-1.225,GYRO_Y,-2.021,GYRO_Z,0.300,BODY_RATE,-0.300
TM,TEAM_CR,1179,286331,0.0,-0.7,-1.0,1.0,0.3,34.6,34.6,0.0,35,3
TM,TEAM_CR,1180,286372,0.0,-0.7,-1.0,1.0,0.7,34.6,34.6,0.0,35,3
TM,TEAM_CR,1181,286412,0.0,-0.7,-1.0,1.0,-1.1,34.6,34.6,0.0,35,3
TM,TEAM_CR,1182,286452,0.0,-0.6,-1.0,1.0,0.1,34.6,34.6,0.0,35,3
TM,TEAM_CR,1183,286492,0.0,-0.7,-1.0,1.0,0.4,34.6,34.6,0.0,35,3
TM,TEAM_CR,1184,286551,0.0,-0.9,-1.0,1.0,-0.9,34.6,34.6,0.0,35,3
TM,TEAM_CR,1185,286591,0.0,-0.6,-1.0,1.0,-0.6,34.6,34.6,0.0,35,3
TM,TEAM_CR,1186,286632,0.0,-0.9,-1.0,1.0,0.4,34.6,34.6,0.0,35,3
TM,TEAM_CR,1187,286671,0.0,-0.9,-1.0,1.0,-0.7,34.6,34.6,0.0,35,3
TM,TEAM_CR,1188,286711,0.0,-0.7,-1.0,1.0,0.1,34.6,34.6,0.0,35,3
TM,TEAM_CR,1189,286751,0.0,-0.8,-1.0,1.0,0.0,34.6,34.6,0.0,35,3
TM,TEAM_CR,1190,286791,0.0,-0.5,-1.0,1.0,-0.6,34.6,34.6,0.0,35,3
TM,TEAM_CR,1191,286831,0.0,-0.8,-1.0,1.0,0.4,34.6,34.6,0.0,35,3
TM,TEAM_CR,1192,286871,0.0,-0.6,-1.0,1.0,0.1,34.6,34.6,0.0,35,3
TM,TEAM_CR,1193,286911,0.0,-0.5,-0.9,0.9,-0.1,34.6,34.6,0.0,35,3
TM,TEAM_CR,1194,286951,0.0,-0.5,-0.9,0.9,0.6,34.6,34.6,0.0,35,3
TM,TEAM_CR,1195,286991,0.0,-0.8,-0.9,0.9,-0.9,34.6,34.6,0.0,35,3
TM,TEAM_CR,1196,287038,0.0,-0.7,-0.9,0.9,0.0,34.6,34.6,0.0,35,3
TM,TEAM_CR,1197,287078,0.0,-0.7,-0.9,0.9,0.3,34.6,34.6,0.0,35,3
TM,SUN_L,3504,SUN_R,3130,SUN_NDV,0.0564,SUN_ANGLE,30.25
TM,MAG_X,-16.59,MAG_Y,11.23,MAG_Z,1.26,MAG_HEADING,145.90
TM,GYRO_X,-1.251,GYRO_Y,-1.785,GYRO_Z,0.362,BODY_RATE,-0.362
TM,TEAM_CR,1198,287118,0.0,-0.8,-0.9,0.9,-1.3,34.6,34.6,0.0,35,3
TM,ADCS_MODE,MANUAL,ADCS_REFERENCE,SUN,TARGET,0.00,POINTING_ERROR,-30.00,SUN_ERROR,-30.11,MAG_ERROR,-145.90,GYRO_Z,0.187,RW_CMD,0
TM,EST_RAW,30.11,EST_FILTERED,30.11,EST_ANGLE,30.00,EST_FILTER,ON,EST_FILTER_TYPE,MOVING_AVERAGE,EST_MA_WINDOW,1,EST_FILTER_STRENGTH,0.35
TM,EST_FUSION,ON,EST_GYRO_WEIGHT,0.98,EST_VALID,1
TM,TEAM_CR,1199,287171,0.0,-0.5,-0.9,0.9,-0.5,34.6,34.6,0.0,35,3
TM,TEAM_CR,1200,287211,0.0,-0.6,-0.9,0.9,0.2,34.6,34.6,0.0,35,3
TM,TEAM_CR,1201,287251,0.0,-0.8,-0.9,0.9,-0.6,34.6,34.6,0.0,35,3
TM,TEAM_CR,1202,287291,0.0,-0.6,-0.9,0.9,-0.2,34.6,34.6,0.0,35,3
TM,TEAM_CR,1203,287331,0.0,-0.7,-0.9,0.9,0.4,34.6,34.6,0.0,35,3
TM,TEAM_CR,1204,287371,0.0,-0.8,-1.0,1.0,-1.4,34.6,34.6,0.0,35,3
TM,TEAM_CR,1205,287411,0.0,-0.9,-1.0,1.0,0.4,34.6,34.6,0.0,35,3
TM,TEAM_CR,1206,287451,0.0,-0.9,-1.0,1.0,-0.4,34.6,34.6,0.0,35,3
TM,TEAM_CR,1207,287491,0.0,-0.8,-1.0,1.0,-0.8,34.6,34.6,0.0,35,3
TM,TEAM_CR,1208,287551,0.0,-0.8,-1.0,1.0,0.2,34.6,34.6,0.0,35,3
TM,TEAM_CR,1209,287591,0.0,-0.8,-1.0,1.0,0.4,34.6,34.6,0.0,35,3
TM,TEAM_CR,1210,287631,0.0,-0.6,-1.0,1.0,-1.1,34.6,34.6,0.0,35,3
TM,TEAM_CR,1211,287671,0.0,-0.8,-1.0,1.0,0.4,34.6,34.6,0.0,35,3
TM,TEAM_CR,1212,287711,0.0,-0.6,-1.0,1.0,0.6,34.6,34.6,0.0,35,3
TM,TEAM_CR,1213,287751,0.0,-0.6,-1.0,1.0,-0.4,34.6,34.6,0.0,35,3
TM,TEAM_CR,1214,287791,0.0,-0.9,-1.0,1.0,0.6,34.6,34.6,0.0,35,3
TM,TEAM_CR,1215,287831,0.0,-0.6,-1.0,1.0,-0.6,34.6,34.6,0.0,35,3
TM,SUN_L,3504,SUN_R,3130,SUN_NDV,0.0564,SUN_ANGLE,30.18
TM,MAG_X,-16.66,MAG_Y,11.26,MAG_Z,1.04,MAG_HEADING,145.93
TM,GYRO_X,-1.234,GYRO_Y,-1.934,GYRO_Z,0.292,BODY_RATE,-0.292
TM,TEAM_CR,1216,287871,0.0,-0.5,-0.9,0.9,0.1,34.6,34.6,0.0,35,3
TM,TEAM_CR,1217,287911,0.0,-0.6,-0.9,0.9,0.3,34.6,34.6,0.0,35,3
TM,TEAM_CR,1218,287951,0.0,-0.7,-1.0,1.0,-1.2,34.6,34.6,0.0,35,3
TM,TEAM_CR,1219,287992,0.0,-0.7,-0.9,0.9,0.2,34.6,34.6,0.0,35,3
TM,TEAM_CR,1220,288039,0.0,-0.5,-0.9,0.9,0.3,34.6,34.6,0.0,35,3
TM,TEAM_CR,1221,288079,0.0,-0.6,-1.0,1.0,-1.6,34.6,34.6,0.0,35,3
TM,ADCS_MODE,MANUAL,ADCS_REFERENCE,SUN,TARGET,0.00,POINTING_ERROR,-29.96,SUN_ERROR,-30.04,MAG_ERROR,-145.49,GYRO_Z,0.152,RW_CMD,0
TM,EST_RAW,30.04,EST_FILTERED,30.04,EST_ANGLE,29.96,EST_FILTER,ON,EST_FILTER_TYPE,MOVING_AVERAGE,EST_MA_WINDOW,1,EST_FILTER_STRENGTH,0.35
TM,EST_FUSION,ON,EST_GYRO_WEIGHT,0.98,EST_VALID,1
TM,TEAM_CR,1222,288119,0.0,-0.5,-0.9,0.9,0.6,34.6,34.6,0.0,35,3
TM,TEAM_CR,1223,288171,0.0,-0.6,-0.9,0.9,0.4,34.6,34.6,0.0,35,3
TM,TEAM_CR,1224,288211,0.0,-0.6,-1.0,1.0,-1.6,34.6,34.6,0.0,35,3
TM,TEAM_CR,1225,288251,0.0,-0.7,-1.0,1.0,0.1,34.6,34.6,0.0,35,3
TM,TEAM_CR,1226,288291,0.0,-0.8,-1.0,1.0,0.0,36.7,34.7,0.0,37,3
TM,TEAM_CR,1227,288331,0.0,-0.8,-1.0,1.0,-0.7,37.4,34.7,0.0,37,3
TM,TEAM_CR,1228,288371,0.0,-0.8,-1.0,1.0,0.3,34.7,34.7,0.0,36,3
TM,TEAM_CR,1229,288411,0.0,-0.6,-1.0,1.0,-0.4,37.1,34.7,0.0,37,3
TM,TEAM_CR,1230,288451,0.0,-0.8,-1.0,1.0,0.0,34.7,34.7,0.0,35,3
TM,TEAM_CR,1231,288491,0.0,-0.6,-1.0,1.0,0.7,34.7,34.7,0.0,35,3
TM,TEAM_CR,1232,288552,0.0,-0.9,-1.0,1.0,0.9,34.7,34.7,0.0,36,3
TM,TEAM_CR,1233,288592,0.0,-0.8,-1.0,1.0,-0.9,34.7,34.7,0.0,35,3
TM,SUN_L,3503,SUN_R,3130,SUN_NDV,0.0562,SUN_ANGLE,30.05
TM,MAG_X,-16.62,MAG_Y,11.25,MAG_Z,1.22,MAG_HEADING,145.92
TM,GYRO_X,-1.470,GYRO_Y,-1.890,GYRO_Z,0.248,BODY_RATE,-0.248
TM,TEAM_CR,1234,288632,0.0,-0.8,-1.0,1.0,0.4,34.7,34.7,0.0,35,3
TM,TEAM_CR,1235,288672,0.0,-0.7,-1.0,1.0,0.1,34.7,34.7,0.0,35,3
TM,TEAM_CR,1236,288712,0.0,-0.6,-0.9,0.9,-0.7,34.7,34.7,0.0,35,3
TM,TEAM_CR,1237,288752,0.0,-0.8,-0.9,0.9,0.4,34.7,34.7,0.0,35,3
TM,TEAM_CR,1238,288793,0.0,-0.6,-1.0,1.0,-0.5,34.7,34.7,0.0,35,3
TM,TEAM_CR,1239,288833,0.0,-0.6,-0.9,0.9,0.1,34.7,34.7,0.0,35,3
TM,TEAM_CR,1240,288872,0.0,-0.7,-0.9,0.9,0.7,34.7,34.7,0.0,35,3
TM,TEAM_CR,1241,288912,0.0,-1.1,-1.0,1.0,-0.9,34.7,34.7,0.0,35,3
TM,TEAM_CR,1242,288952,0.0,-0.7,-0.9,0.9,0.4,34.7,34.7,0.0,35,3
TM,TEAM_CR,1243,288992,0.0,-0.7,-1.0,1.0,-0.5,34.7,34.7,0.0,35,3
TM,TEAM_CR,1244,289040,0.0,-0.7,-1.0,1.0,-1.6,34.7,34.7,0.0,35,3
TM,ADCS_MODE,MANUAL,ADCS_REFERENCE,SUN,TARGET,0.00,POINTING_ERROR,-29.92,SUN_ERROR,-30.02,MAG_ERROR,-145.79,GYRO_Z,0.292,RW_CMD,0
TM,EST_RAW,30.02,EST_FILTERED,30.02,EST_ANGLE,29.92,EST_FILTER,ON,EST_FILTER_TYPE,MOVING_AVERAGE,EST_MA_WINDOW,1,EST_FILTER_STRENGTH,0.35
TM,EST_FUSION,ON,EST_GYRO_WEIGHT,0.98,EST_VALID,1
TM,TEAM_CR,1245,289080,0.0,-0.8,-1.0,1.0,-0.1,34.7,34.7,0.0,35,3
TM,TEAM_CR,1246,289120,0.0,-0.7,-1.0,1.0,-0.2,34.7,34.7,0.0,35,3
TM,TEAM_CR,1247,289171,0.0,-0.9,-1.0,1.0,-1.2,34.7,34.7,0.0,35,3
TM,TEAM_CR,1248,289211,0.0,-1.2,-1.0,1.0,0.2,34.7,34.7,0.0,35,3
TM,TEAM_CR,1249,289252,0.0,-0.7,-1.0,1.0,0.5,34.7,34.7,0.0,37,3
TM,TEAM_CR,1250,289291,0.0,-0.7,-1.0,1.0,-0.9,34.7,34.7,0.0,35,3
TM,TEAM_CR,1251,289331,0.0,-1.1,-1.0,1.0,0.4,34.7,34.7,0.0,35,3
TM,SUN_L,3504,SUN_R,3131,SUN_NDV,0.0562,SUN_ANGLE,30.15
TM,MAG_X,-16.59,MAG_Y,11.28,MAG_Z,1.25,MAG_HEADING,145.79
TM,GYRO_X,-1.129,GYRO_Y,-1.977,GYRO_Z,0.309,BODY_RATE,-0.309
TM,TEAM_CR,1252,289372,0.0,-0.8,-1.0,1.0,-0.1,34.7,34.7,0.0,35,3
TM,TEAM_CR,1253,289412,0.0,-0.7,-1.0,1.0,-0.6,34.7,34.7,0.0,35,3
TM,TEAM_CR,1254,289452,0.0,-0.8,-1.0,1.0,0.4,34.7,34.7,0.0,35,3
TM,TEAM_CR,1255,289492,0.0,-0.7,-1.0,1.0,-0.4,34.7,34.7,0.0,35,3
TM,TEAM_CR,1256,289551,0.0,-0.7,-1.0,1.0,-1.2,37.9,34.7,0.0,37,3
TM,TEAM_CR,1257,289591,0.0,-0.7,-1.0,1.0,0.2,36.6,34.7,0.0,37,3
TM,TEAM_CR,1258,289632,0.0,-0.7,-1.0,1.0,0.3,34.8,34.8,0.0,36,3
TM,TEAM_CR,1259,289671,0.0,-0.4,-1.0,1.0,-0.9,34.8,34.8,0.0,35,3
TM,TEAM_CR,1260,289711,0.0,-0.7,-1.0,1.0,0.2,34.8,34.8,0.0,35,3
TM,TEAM_CR,1261,289751,0.0,-0.7,-1.0,1.0,-1.0,37.8,34.8,0.0,37,3
TM,TEAM_CR,1262,289791,0.0,-0.6,-1.0,1.0,-0.5,34.8,34.8,0.0,35,3
TM,TEAM_CR,1263,289831,0.0,-0.8,-1.0,1.0,-0.1,36.9,34.8,0.0,37,3
TM,TEAM_CR,1264,289871,0.0,-0.7,-1.0,1.0,-1.2,38.1,34.8,0.0,38,3
TM,TEAM_CR,1265,289911,0.0,-0.7,-1.0,1.0,0.3,34.8,34.8,0.0,36,3
TM,TEAM_CR,1266,289951,0.0,-0.6,-1.0,1.0,0.5,34.8,34.8,0.0,37,3
TM,TEAM_CR,1267,289991,0.0,-0.1,-1.0,1.0,-0.6,34.8,34.8,0.0,35,3
TM,ADCS_MODE,MANUAL,ADCS_REFERENCE,SUN,TARGET,0.00,POINTING_ERROR,-29.90,SUN_ERROR,-30.00,MAG_ERROR,-145.77,GYRO_Z,0.187,RW_CMD,0
TM,EST_RAW,30.00,EST_FILTERED,30.00,EST_ANGLE,29.90,EST_FILTER,ON,EST_FILTER_TYPE,MOVING_AVERAGE,EST_MA_WINDOW,1,EST_FILTER_STRENGTH,0.35
TM,EST_FUSION,ON,EST_GYRO_WEIGHT,0.98,EST_VALID,1
TM,TEAM_CR,1268,290038,0.0,-0.6,-0.9,0.9,-0.5,34.8,34.8,0.0,35,3
TM,TEAM_CR,1269,290078,0.0,-0.6,-1.0,1.0,-0.2,34.8,34.8,0.0,35,3
TM,SUN_L,3506,SUN_R,3131,SUN_NDV,0.0565,SUN_ANGLE,30.01
TM,MAG_X,-16.37,MAG_Y,11.14,MAG_Z,0.99,MAG_HEADING,145.77
TM,GYRO_X,-1.041,GYRO_Y,-1.785,GYRO_Z,0.108,BODY_RATE,-0.108
TM,TEAM_CR,1270,290118,0.0,-0.6,-1.0,1.0,-1.4,34.8,34.8,0.0,35,3
TM,TEAM_CR,1271,290171,0.0,0.0,-1.0,1.0,-1.2,34.8,34.8,0.0,35,3
TM,TEAM_CR,1272,290211,0.0,-0.7,-1.0,1.0,-0.2,34.8,34.8,0.0,35,3
TM,TEAM_CR,1273,290251,0.0,-0.5,-1.0,1.0,-1.7,38.6,34.8,0.0,37,3
TM,TEAM_CR,1274,290291,0.0,-0.5,-1.0,1.0,0.1,34.8,34.8,0.0,36,3
TM,TEAM_CR,1275,290331,0.0,-0.8,-1.0,1.0,0.3,34.9,34.9,0.0,37,3
TM,TEAM_CR,1276,290371,0.0,-0.8,-1.0,1.0,-1.2,34.9,34.9,0.0,35,3
TM,TEAM_CR,1277,290411,0.0,-0.3,-1.0,1.0,0.3,34.9,34.9,0.0,35,3
TM,TEAM_CR,1278,290451,0.0,-0.8,-1.0,1.0,-0.6,34.9,34.9,0.0,35,3
TM,TEAM_CR,1279,290491,0.0,-1.0,-1.0,1.0,-0.7,34.9,34.9,0.0,35,3
TM,TEAM_CR,1280,290551,0.0,-0.9,-1.0,1.0,-1.5,38.4,34.9,0.0,37,3
TM,TEAM_CR,1281,290591,0.0,-0.6,-1.1,1.1,0.1,36.9,34.9,0.0,38,3
TM,TEAM_CR,1282,290631,0.0,-0.8,-1.1,1.1,-0.7,37.7,34.9,0.0,38,3
TM,TEAM_CR,1283,290671,0.0,-0.9,-1.0,1.0,0.0,37.0,34.9,0.0,37,3
TM,TEAM_CR,1284,290711,0.0,-1.0,-1.0,1.0,0.2,36.9,35.0,0.0,37,3
TM,TEAM_CR,1285,290751,0.0,-0.9,-1.0,1.0,-1.0,38.0,35.0,0.0,38,3
TM,TEAM_CR,1286,290791,0.0,-0.9,-1.0,1.0,0.2,36.9,35.0,0.0,37,3
TM,TEAM_CR,1287,290831,0.0,-0.8,-1.0,1.0,-0.2,37.3,35.0,0.0,37,3
TM,TEAM_CR,1288,290871,0.0,-0.7,-1.0,1.0,-0.8,37.9,35.0,0.0,38,3
TM,SUN_L,3505,SUN_R,3132,SUN_NDV,0.0562,SUN_ANGLE,29.97
TM,MAG_X,-16.59,MAG_Y,11.25,MAG_Z,1.09,MAG_HEADING,145.87
TM,GYRO_X,-1.339,GYRO_Y,-1.785,GYRO_Z,0.572,BODY_RATE,-0.572
TM,TEAM_CR,1289,290911,0.0,-0.7,-1.0,1.0,0.5,36.6,35.1,0.0,37,3
TM,ADCS_MODE,MANUAL,ADCS_REFERENCE,SUN,TARGET,0.00,POINTING_ERROR,-29.89,SUN_ERROR,-30.10,MAG_ERROR,-145.87,GYRO_Z,-0.050,RW_CMD,0
TM,EST_RAW,30.10,EST_FILTERED,30.10,EST_ANGLE,29.89,EST_FILTER,ON,EST_FILTER_TYPE,MOVING_AVERAGE,EST_MA_WINDOW,1,EST_FILTER_STRENGTH,0.35
TM,EST_FUSION,ON,EST_GYRO_WEIGHT,0.98,EST_VALID,1
TM,TEAM_CR,1290,290951,0.0,-0.9,-1.0,1.0,-1.1,38.2,35.1,0.0,38,3
TM,TEAM_CR,1291,290992,0.0,-0.7,-1.0,1.0,-0.6,37.7,35.1,0.0,38,3
TM,TEAM_CR,1292,291039,0.0,-0.9,-1.0,1.0,0.8,36.3,35.1,0.0,37,3
TM,TEAM_CR,1293,291079,0.0,-0.9,-1.0,1.0,-0.6,37.7,35.1,0.0,38,3
TM,TEAM_CR,1294,291119,0.0,-0.7,-1.0,1.0,-0.7,37.9,35.2,0.0,38,3
TM,TEAM_CR,1295,291171,0.0,-0.7,-1.0,1.0,0.6,35.2,35.2,0.0,35,3
TM,TEAM_CR,1296,291211,0.0,-0.6,-1.0,1.0,0.3,35.2,35.2,0.0,35,3
TM,TEAM_CR,1297,291251,0.0,-0.6,-1.0,1.0,-1.9,35.2,35.2,0.0,35,3
TM,TEAM_CR,1298,291291,0.0,-0.5,-1.0,1.0,0.3,35.2,35.2,0.0,35,3
TM,TEAM_CR,1299,291331,0.0,-0.9,-1.0,1.0,-1.1,38.3,35.2,0.0,37,3
TM,TEAM_CR,1300,291371,0.0,-1.1,-1.0,1.0,-1.5,38.8,35.2,0.0,39,3
TM,TEAM_CR,1301,291412,0.0,-0.7,-1.0,1.0,0.3,37.0,35.2,0.0,37,3
TM,TEAM_CR,1302,291451,0.0,-0.6,-1.1,1.1,-1.1,38.5,35.2,0.0,38,3
TM,TEAM_CR,1303,291491,0.0,-0.8,-1.0,1.0,-0.4,37.7,35.2,0.0,38,3
TM,TEAM_CR,1304,291551,0.0,-0.8,-1.0,1.0,0.5,36.9,35.3,0.0,37,3
TM,TEAM_CR,1305,291591,0.0,-0.7,-1.0,1.0,0.6,36.7,35.3,0.0,37,3
TM,TEAM_CR,1306,291631,0.0,-0.5,-1.0,1.0,-0.6,35.3,35.3,0.0,35,3
TM,SUN_L,3503,SUN_R,3132,SUN_NDV,0.0559,SUN_ANGLE,29.97
TM,MAG_X,-16.59,MAG_Y,11.17,MAG_Z,1.30,MAG_HEADING,146.06
TM,GYRO_X,-1.295,GYRO_Y,-2.205,GYRO_Z,0.257,BODY_RATE,-0.257
TM,TEAM_CR,1307,291671,0.0,-0.6,-1.0,1.0,0.3,35.3,35.3,0.0,35,3
TM,TEAM_CR,1308,291711,0.0,-0.4,-1.0,1.0,-0.1,35.3,35.3,0.0,35,3
TM,TEAM_CR,1309,291752,0.0,-0.5,-1.0,1.0,-1.6,38.9,35.3,0.0,37,3
TM,TEAM_CR,1310,291791,0.0,0.0,-1.0,1.0,0.2,35.3,35.3,0.0,37,3
TM,TEAM_CR,1311,291831,0.0,-0.8,-1.0,1.0,-0.6,35.3,35.3,0.0,35,3
TM,TEAM_CR,1312,291871,0.0,-0.6,-1.0,1.0,-0.5,35.3,35.3,0.0,35,3
TM,ADCS_MODE,MANUAL,ADCS_REFERENCE,SUN,TARGET,0.00,POINTING_ERROR,-29.84,SUN_ERROR,-30.02,MAG_ERROR,-146.06,GYRO_Z,0.239,RW_CMD,0
TM,EST_RAW,30.02,EST_FILTERED,30.02,EST_ANGLE,29.84,EST_FILTER,ON,EST_FILTER_TYPE,MOVING_AVERAGE,EST_MA_WINDOW,1,EST_FILTER_STRENGTH,0.35
TM,EST_FUSION,ON,EST_GYRO_WEIGHT,0.98,EST_VALID,1
TM,TEAM_CR,1313,291911,0.0,-1.0,-1.0,1.0,-0.3,37.7,35.3,0.0,38,3
TM,TEAM_CR,1314,291951,0.0,-0.4,-1.0,1.0,-0.7,38.1,35.4,0.0,38,3
TM,TEAM_CR,1315,291991,0.0,-0.5,-1.0,1.0,0.7,35.4,35.4,0.0,35,3
TM,TEAM_CR,1316,292039,0.0,0.0,-1.0,1.0,0.6,35.4,35.4,0.0,35,3
TM,TEAM_CR,1317,292079,0.0,-0.5,-1.0,1.0,-1.3,35.4,35.4,0.0,35,3
TM,TEAM_CR,1318,292119,0.0,-0.5,-1.0,1.0,-0.3,35.4,35.4,0.0,35,3
TM,TEAM_CR,1319,292171,0.0,-0.6,-1.0,1.0,-0.4,35.4,35.4,0.0,35,3
TM,TEAM_CR,1320,292211,0.0,-0.7,-1.0,1.0,-0.4,37.9,35.4,0.0,38,3
TM,TEAM_CR,1321,292252,0.0,-0.7,-1.0,1.0,-1.0,38.5,35.4,0.0,38,3
TM,TEAM_CR,1322,292291,0.0,-0.8,-1.0,1.0,0.4,37.1,35.4,0.0,37,3
TM,TEAM_CR,1323,292331,0.0,-1.2,-1.0,1.0,0.3,37.2,35.4,0.0,37,3
TM,TEAM_CR,1324,292372,0.0,-0.7,-1.0,1.0,0.1,35.5,35.5,0.0,35,3
TM,SUN_L,3505,SUN_R,3132,SUN_NDV,0.0562,SUN_ANGLE,29.86
TM,MAG_X,-16.66,MAG_Y,11.14,MAG_Z,1.30,MAG_HEADING,146.23
TM,GYRO_X,-1.207,GYRO_Y,-1.811,GYRO_Z,0.239,BODY_RATE,-0.239
TM,TEAM_CR,1325,292412,0.0,-0.6,-1.0,1.0,0.7,35.5,35.5,0.0,35,3
TM,TEAM_CR,1326,292452,0.0,-0.5,-1.0,1.0,-0.9,35.5,35.5,0.0,35,3
TM,TEAM_CR,1327,292492,0.0,-0.7,-1.0,1.0,-0.4,35.5,35.5,0.0,35,3
TM,TEAM_CR,1328,292551,0.0,-0.7,-1.0,1.0,-0.3,37.8,35.5,0.0,38,3
TM,TEAM_CR,1329,292591,0.0,-0.9,-1.0,1.0,-0.3,37.8,35.5,0.0,38,3
TM,TEAM_CR,1330,292632,0.0,-0.4,-1.0,1.0,-1.2,38.8,35.5,0.0,39,3
TM,TEAM_CR,1331,292671,0.0,-0.8,-1.0,1.0,0.6,36.9,35.5,0.0,37,3
TM,TEAM_CR,1332,292711,0.0,-0.6,-1.0,1.0,-0.1,37.7,35.6,0.0,38,3
TM,TEAM_CR,1333,292752,0.0,-0.6,-1.0,1.0,-0.2,35.6,35.6,0.0,36,3
TM,TEAM_CR,1334,292792,0.0,-0.7,-0.9,0.9,0.7,35.6,35.6,0.0,36,3
TM,TEAM_CR,1335,292832,0.0,-0.5,-0.9,0.9,-0.3,35.6,35.6,0.0,36,3
TM,ADCS_MODE,MANUAL,ADCS_REFERENCE,SUN,TARGET,0.00,POINTING_ERROR,-29.80,SUN_ERROR,-29.88,MAG_ERROR,-145.94,GYRO_Z,0.379,RW_CMD,0
TM,EST_RAW,29.88,EST_FILTERED,29.88,EST_ANGLE,29.80,EST_FILTER,ON,EST_FILTER_TYPE,MOVING_AVERAGE,EST_MA_WINDOW,1,EST_FILTER_STRENGTH,0.35
TM,EST_FUSION,ON,EST_GYRO_WEIGHT,0.98,EST_VALID,1
TM,TEAM_CR,1336,292872,0.0,-0.6,-0.9,0.9,-0.6,35.6,35.6,0.0,36,3
TM,TEAM_CR,1337,292912,0.0,-0.7,-0.9,0.9,0.2,35.6,35.6,0.0,36,3
TM,TEAM_CR,1338,292952,0.0,-0.5,-0.9,0.9,-1.1,35.6,35.6,0.0,36,3
TM,TEAM_CR,1339,292992,0.0,-0.7,-0.9,0.9,-0.2,35.6,35.6,0.0,36,3
TM,TEAM_CR,1340,293038,0.0,-0.6,-0.9,0.9,0.2,35.6,35.6,0.0,36,3
TM,TEAM_CR,1341,293078,0.0,-0.6,-0.9,0.9,-0.8,35.6,35.6,0.0,36,3
TM,TEAM_CR,1342,293118,0.0,-0.5,-0.9,0.9,-0.9,35.6,35.6,0.0,36,3
TM,SUN_L,3506,SUN_R,3133,SUN_NDV,0.0562,SUN_ANGLE,29.92
TM,MAG_X,-16.35,MAG_Y,11.06,MAG_Z,1.01,MAG_HEADING,145.94
TM,GYRO_X,-1.207,GYRO_Y,-2.170,GYRO_Z,0.257,BODY_RATE,-0.257
TM,TEAM_CR,1343,293171,0.0,-0.6,-0.9,0.9,0.0,35.6,35.6,0.0,36,3
TM,TEAM_CR,1344,293211,0.0,-0.6,-0.9,0.9,-0.8,35.6,35.6,0.0,36,3
TM,TEAM_CR,1345,293251,0.0,-0.7,-1.0,1.0,-1.5,35.6,35.6,0.0,36,3
TM,TEAM_CR,1346,293291,0.0,-0.9,-1.0,1.0,0.0,35.6,35.6,0.0,36,3
TM,TEAM_CR,1347,293331,0.0,-0.8,-1.0,1.0,-1.0,38.5,35.6,0.0,38,3
TM,TEAM_CR,1348,293371,0.0,-0.8,-1.0,1.0,-1.2,38.8,35.6,0.0,38,3
TM,TEAM_CR,1349,293411,0.0,-1.0,-1.0,1.0,0.8,35.6,35.6,0.0,37,3
TM,TEAM_CR,1350,293451,0.0,-0.8,-1.0,1.0,-0.6,38.2,35.6,0.0,38,3
TM,TEAM_CR,1351,293491,0.0,-0.7,-1.0,1.0,-1.1,38.7,35.6,0.0,38,3
TM,TEAM_CR,1352,293551,0.0,-0.7,-1.0,1.0,-0.1,37.7,35.6,0.0,38,3
TM,TEAM_CR,1353,293591,0.0,-0.5,-1.0,1.0,0.7,35.6,35.6,0.0,38,3
TM,TEAM_CR,1354,293631,0.0,-0.6,-1.0,1.0,-0.8,35.6,35.6,0.0,36,3
TM,TEAM_CR,1355,293671,0.0,-0.8,-1.0,1.0,0.2,35.6,35.6,0.0,36,3
TM,TEAM_CR,1356,293711,0.0,-0.8,-1.0,1.0,0.5,35.6,35.6,0.0,36,3
TM,TEAM_CR,1357,293751,0.0,-0.8,-1.0,1.0,-1.4,39.0,35.6,0.0,38,3
TM,TEAM_CR,1358,293791,0.0,-0.7,-1.0,1.0,0.3,37.4,35.7,0.0,37,3
TM,ADCS_MODE,MANUAL,ADCS_REFERENCE,SUN,TARGET,0.00,POINTING_ERROR,-29.78,SUN_ERROR,-30.03,MAG_ERROR,-146.61,GYRO_Z,0.300,RW_CMD,0
TM,EST_RAW,30.03,EST_FILTERED,30.03,EST_ANGLE,29.78,EST_FILTER,ON,EST_FILTER_TYPE,MOVING_AVERAGE,EST_MA_WINDOW,1,EST_FILTER_STRENGTH,0.35
TM,EST_FUSION,ON,EST_GYRO_WEIGHT,0.98,EST_VALID,1
TM,TEAM_CR,1359,293831,0.0,-0.7,-1.0,1.0,-0.1,37.8,35.7,0.0,38,3
TM,TEAM_CR,1360,293871,0.0,-0.7,-1.0,1.0,-1.1,38.8,35.7,0.0,39,3
TM,TEAM_CR,1361,293912,0.0,-0.8,-1.0,1.0,0.5,37.2,35.7,0.0,37,3
TM,SUN_L,3506,SUN_R,3135,SUN_NDV,0.0559,SUN_ANGLE,29.94
TM,MAG_X,-16.61,MAG_Y,11.28,MAG_Z,1.39,MAG_HEADING,145.82
TM,GYRO_X,-1.181,GYRO_Y,-2.039,GYRO_Z,0.257,BODY_RATE,-0.257
TM,TEAM_CR,1362,293951,0.0,-0.8,-1.0,1.0,0.1,37.7,35.7,0.0,38,3
TM,TEAM_CR,1363,293992,0.0,-0.2,-1.0,1.0,-0.8,35.7,35.7,0.0,36,3
TM,TEAM_CR,1364,294039,0.0,-0.5,-1.0,1.0,0.1,35.7,35.7,0.0,36,3
TM,TEAM_CR,1365,294079,0.0,-1.0,-1.0,1.0,0.4,35.7,35.7,0.0,36,3
TM,TEAM_CR,1366,294119,0.0,-0.7,-1.0,1.0,-1.2,35.7,35.7,0.0,36,3
TM,TEAM_CR,1367,294171,0.0,-0.8,-1.0,1.0,-1.3,35.7,35.7,0.0,36,3
TM,TEAM_CR,1368,294211,0.0,-0.6,-1.0,1.0,-0.4,38.2,35.8,0.0,38,3
TM,TEAM_CR,1369,294251,0.0,-0.8,-1.0,1.0,-1.2,39.0,35.8,0.0,39,3
TM,TEAM_CR,1370,294291,0.0,-0.7,-1.0,1.0,-0.2,38.0,35.8,0.0,38,3
TM,TEAM_CR,1371,294331,0.0,-0.8,-1.0,1.0,0.9,35.8,35.8,0.0,38,3
TM,TEAM_CR,1372,294372,0.0,-0.5,-1.0,1.0,-0.9,38.8,35.8,0.0,38,3
TM,TEAM_CR,1373,294413,0.0,-0.6,-1.0,1.0,0.2,35.8,35.8,0.0,36,3
TM,TEAM_CR,1374,294452,0.0,-0.7,-1.0,1.0,0.7,35.8,35.8,0.0,36,3
TM,TEAM_CR,1375,294492,0.0,-0.7,-1.0,1.0,-1.1,35.8,35.8,0.0,36,3
TM,TEAM_CR,1376,294551,0.0,-0.2,-1.0,1.0,-0.9,35.8,35.8,0.0,36,3
TM,TEAM_CR,1377,294591,0.0,-0.8,-1.0,1.0,0.2,35.8,35.8,0.0,36,3
TM,TEAM_CR,1378,294631,0.0,-0.8,-1.0,1.0,-0.7,35.8,35.8,0.0,36,3
TM,TEAM_CR,1379,294671,0.0,-0.7,-1.0,1.0,-1.4,39.3,35.8,0.0,38,3
TM,TEAM_CR,1380,294711,0.0,-0.8,-1.0,1.0,0.3,37.5,35.9,0.0,38,3
TM,SUN_L,3509,SUN_R,3134,SUN_NDV,0.0565,SUN_ANGLE,29.84
TM,MAG_X,-16.48,MAG_Y,11.15,MAG_Z,1.18,MAG_HEADING,145.91
TM,GYRO_X,-1.067,GYRO_Y,-1.855,GYRO_Z,0.309,BODY_RATE,-0.309
TM,TEAM_CR,1381,294751,0.0,-0.7,-1.0,1.0,-0.6,38.5,35.9,0.0,39,3
TM,ADCS_MODE,MANUAL,ADCS_REFERENCE,SUN,TARGET,0.00,POINTING_ERROR,-29.75,SUN_ERROR,-29.84,MAG_ERROR,-145.91,GYRO_Z,0.423,RW_CMD,0
TM,EST_RAW,29.84,EST_FILTERED,29.84,EST_ANGLE,29.75,EST_FILTER,ON,EST_FILTER_TYPE,MOVING_AVERAGE,EST_MA_WINDOW,1,EST_FILTER_STRENGTH,0.35
TM,EST_FUSION,ON,EST_GYRO_WEIGHT,0.98,EST_VALID,1
TM,TEAM_CR,1382,294791,0.0,-0.6,-1.0,1.0,-1.0,39.0,35.9,0.0,39,3
TM,TEAM_CR,1383,294832,0.0,-0.8,-1.0,1.0,0.7,37.2,35.9,0.0,37,3
TM,TEAM_CR,1384,294871,0.0,-1.1,-1.0,1.0,-0.3,38.3,35.9,0.0,38,3
TM,TEAM_CR,1385,294911,0.0,-1.0,-1.0,1.0,-1.0,39.1,36.0,0.0,39,3
TM,TEAM_CR,1386,294951,0.0,-0.9,-1.0,1.0,0.9,37.1,36.0,0.0,37,3
TM,TEAM_CR,1387,294991,0.0,-0.9,-1.0,1.0,0.0,38.1,36.0,0.0,38,3
TM,TEAM_CR,1388,295039,0.0,-1.2,-1.0,1.0,-0.7,38.8,36.0,0.0,39,3
TM,TEAM_CR,1389,295079,0.0,-0.9,-1.0,1.0,0.7,36.0,36.0,0.0,37,3
TM,TEAM_CR,1390,295119,0.0,-0.8,-1.0,1.0,0.6,36.0,36.0,0.0,38,3
TM,TEAM_CR,1391,295171,0.0,-0.7,-1.0,1.0,0.0,36.0,36.0,0.0,36,3
TM,TEAM_CR,1392,295211,0.0,-0.5,-1.0,1.0,0.0,36.0,36.0,0.0,36,3
TM,TEAM_CR,1393,295251,0.0,-0.8,-1.0,1.0,0.7,36.0,36.0,0.0,36,3
TM,TEAM_CR,1394,295291,0.0,-0.5,-1.0,1.0,-0.7,36.0,36.0,0.0,36,3
TM,TEAM_CR,1395,295331,0.0,-0.6,-1.0,1.0,0.0,36.0,36.0,0.0,36,3
TM,TEAM_CR,1396,295372,0.0,-0.8,-1.0,1.0,0.2,36.0,36.0,0.0,36,3
TM,TEAM_CR,1397,295412,0.0,-0.6,-1.0,1.0,-1.1,36.0,36.0,0.0,36,3
TM,TEAM_CR,1398,295452,0.0,-0.7,-1.0,1.0,0.3,36.0,36.0,0.0,36,3
TM,SUN_L,3508,SUN_R,3134,SUN_NDV,0.0563,SUN_ANGLE,29.78
TM,MAG_X,-16.53,MAG_Y,11.14,MAG_Z,1.31,MAG_HEADING,146.03
TM,GYRO_X,-1.312,GYRO_Y,-2.100,GYRO_Z,0.143,BODY_RATE,-0.143
TM,TEAM_CR,1399,295492,0.0,-0.7,-1.0,1.0,0.3,36.0,36.0,0.0,36,3
TM,TEAM_CR,1400,295551,0.0,-0.7,-1.0,1.0,0.2,36.0,36.0,0.0,36,3
TM,TEAM_CR,1401,295591,0.0,-0.5,-1.0,1.0,-1.2,36.0,36.0,0.0,36,3
TM,TEAM_CR,1402,295632,0.0,-0.5,-0.9,0.9,0.4,36.0,36.0,0.0,36,3
TM,TEAM_CR,1403,295671,0.0,-0.7,-0.9,0.9,-0.1,36.0,36.0,0.0,36,3
TM,TEAM_CR,1404,295711,0.0,-0.6,-0.9,0.9,-0.8,36.0,36.0,0.0,36,3
TM,ADCS_MODE,MANUAL,ADCS_REFERENCE,SUN,TARGET,0.00,POINTING_ERROR,-29.72,SUN_ERROR,-29.99,MAG_ERROR,-145.81,GYRO_Z,0.117,RW_CMD,0
TM,EST_RAW,29.99,EST_FILTERED,29.99,EST_ANGLE,29.72,EST_FILTER,ON,EST_FILTER_TYPE,MOVING_AVERAGE,EST_MA_WINDOW,1,EST_FILTER_STRENGTH,0.35
TM,EST_FUSION,ON,EST_GYRO_WEIGHT,0.98,EST_VALID,1
TM,TEAM_CR,1405,295751,0.0,-0.6,-0.9,0.9,0.6,36.0,36.0,0.0,36,3
TM,TEAM_CR,1406,295791,0.0,-0.6,-0.9,0.9,-0.1,36.0,36.0,0.0,36,3
TM,TEAM_CR,1407,295831,0.0,-0.3,-0.9,0.9,-0.4,36.0,36.0,0.0,36,3
TM,TEAM_CR,1408,295871,0.0,-0.6,-0.9,0.9,0.7,36.0,36.0,0.0,36,3
TM,TEAM_CR,1409,295911,0.0,-0.5,-0.8,0.8,0.0,36.0,36.0,0.0,36,3
TM,TEAM_CR,1410,295951,0.0,-0.7,-0.8,0.8,-0.7,36.0,36.0,0.0,36,3
TM,TEAM_CR,1411,295991,0.0,-0.3,-0.8,0.8,0.6,36.0,36.0,0.0,36,3
TM,TEAM_CR,1412,296038,0.0,-0.5,-0.8,0.8,0.2,36.0,36.0,0.0,36,3
TM,TEAM_CR,1413,296078,0.0,-0.6,-0.8,0.8,-1.2,36.0,36.0,0.0,36,3
TM,TEAM_CR,1414,296118,0.0,-0.6,-0.8,0.8,0.3,36.0,36.0,0.0,36,3
TM,TEAM_CR,1415,296171,0.0,-0.9,-0.8,0.8,0.5,36.0,36.0,0.0,36,3
TM,TEAM_CR,1416,296211,0.0,-0.7,-0.9,0.9,-0.3,36.0,36.0,0.0,36,3
TM,SUN_L,3506,SUN_R,3139,SUN_NDV,0.0552,SUN_ANGLE,29.87
TM,MAG_X,-16.51,MAG_Y,11.09,MAG_Z,1.34,MAG_HEADING,146.12
TM,GYRO_X,-1.138,GYRO_Y,-2.126,GYRO_Z,0.414,BODY_RATE,-0.414
TM,TEAM_CR,1417,296251,0.0,-0.9,-0.9,0.9,-0.6,36.0,36.0,0.0,36,3
TM,TEAM_CR,1418,296291,0.0,-0.7,-0.9,0.9,0.0,36.0,36.0,0.0,36,3
TM,TEAM_CR,1419,296331,0.0,-0.5,-0.9,0.9,-0.7,36.0,36.0,0.0,36,3
TM,TEAM_CR,1420,296371,0.0,-0.6,-0.9,0.9,0.2,36.0,36.0,0.0,36,3
TM,TEAM_CR,1421,296411,0.0,-0.6,-0.9,0.9,0.6,36.0,36.0,0.0,36,3
TM,TEAM_CR,1422,296451,0.0,-0.7,-0.9,0.9,-0.6,36.0,36.0,0.0,36,3
TM,TEAM_CR,1423,296491,0.0,-0.4,-0.8,0.8,0.2,36.0,36.0,0.0,36,3
TM,TEAM_CR,1424,296551,0.0,-0.5,-0.8,0.8,-0.2,36.0,36.0,0.0,36,3
TM,TEAM_CR,1425,296591,0.0,-0.4,-0.8,0.8,0.5,36.0,36.0,0.0,36,3
TM,TEAM_CR,1426,296631,0.0,-0.7,-0.8,0.8,-1.1,36.0,36.0,0.0,36,3
TM,TEAM_CR,1427,296671,0.0,-0.5,-0.8,0.8,-0.1,36.0,36.0,0.0,36,3
TM,ADCS_MODE,MANUAL,ADCS_REFERENCE,SUN,TARGET,0.00,POINTING_ERROR,-29.70,SUN_ERROR,-29.97,MAG_ERROR,-146.12,GYRO_Z,0.414,RW_CMD,0
TM,EST_RAW,29.97,EST_FILTERED,29.97,EST_ANGLE,29.70,EST_FILTER,ON,EST_FILTER_TYPE,MOVING_AVERAGE,EST_MA_WINDOW,1,EST_FILTER_STRENGTH,0.35
TM,EST_FUSION,ON,EST_GYRO_WEIGHT,0.98,EST_VALID,1
TM,TEAM_CR,1428,296711,0.0,-0.4,-0.8,0.8,0.2,36.0,36.0,0.0,36,3
TM,TEAM_CR,1429,296751,0.0,-0.5,-0.8,0.8,-1.1,36.0,36.0,0.0,36,3
TM,TEAM_CR,1430,296791,0.0,-0.4,-0.8,0.8,0.2,36.0,36.0,0.0,36,3
TM,TEAM_CR,1431,296831,0.0,-1.0,-0.8,0.8,-0.4,36.0,36.0,0.0,36,3
TM,TEAM_CR,1432,296871,0.0,-0.4,-0.8,0.8,-1.1,36.0,36.0,0.0,36,3
TM,TEAM_CR,1433,296912,0.0,-0.6,-0.8,0.8,0.0,36.0,36.0,0.0,36,3
TM,TEAM_CR,1434,296951,0.0,-0.5,-0.9,0.9,-0.7,36.0,36.0,0.0,36,3
TM,SUN_L,3506,SUN_R,3133,SUN_NDV,0.0562,SUN_ANGLE,30.02
TM,MAG_X,-16.45,MAG_Y,11.14,MAG_Z,1.25,MAG_HEADING,145.90
TM,GYRO_X,-1.391,GYRO_Y,-2.065,GYRO_Z,0.239,BODY_RATE,-0.239
TM,TEAM_CR,1435,296992,0.0,-0.3,-0.9,0.9,-1.1,36.0,36.0,0.0,36,3
TM,TEAM_CR,1436,297039,0.0,-0.5,-0.8,0.8,-0.7,36.0,36.0,0.0,36,3
TM,TEAM_CR,1437,297079,0.0,-0.6,-0.9,0.9,0.2,36.0,36.0,0.0,36,3
TM,TEAM_CR,1438,297119,0.0,-0.6,-0.9,0.9,-1.0,36.0,36.0,0.0,36,3
TM,TEAM_CR,1439,297171,0.0,-0.5,-0.9,0.9,-1.1,36.0,36.0,0.0,36,3
TM,TEAM_CR,1440,297211,0.0,-0.6,-0.9,0.9,0.4,36.0,36.0,0.0,36,3
TM,TEAM_CR,1441,297251,0.0,-0.7,-0.9,0.9,-0.3,36.0,36.0,0.0,36,3
TM,TEAM_CR,1442,297291,0.0,-0.7,-0.9,0.9,-1.0,36.0,36.0,0.0,36,3
TM,TEAM_CR,1443,297331,0.0,-0.5,-0.9,0.9,0.5,36.0,36.0,0.0,36,3
TM,TEAM_CR,1444,297371,0.0,-0.5,-0.9,0.9,-0.4,36.0,36.0,0.0,36,3
TM,TEAM_CR,1445,297411,0.0,-0.6,-0.9,0.9,-1.0,36.0,36.0,0.0,36,3
TM,TEAM_CR,1446,297451,0.0,-0.7,-0.9,0.9,0.9,36.0,36.0,0.0,36,3
TM,TEAM_CR,1447,297491,0.0,-0.7,-0.9,0.9,-0.5,36.0,36.0,0.0,36,3
TM,TEAM_CR,1448,297551,0.0,-0.7,-0.9,0.9,-1.0,36.0,36.0,0.0,36,3
TM,TEAM_CR,1449,297591,0.0,-0.5,-0.9,0.9,-0.9,36.0,36.0,0.0,36,3
TM,TEAM_CR,1450,297631,0.0,-0.5,-0.9,0.9,0.6,36.0,36.0,0.0,36,3
TM,ADCS_MODE,MANUAL,ADCS_REFERENCE,SUN,TARGET,0.00,POINTING_ERROR,-29.69,SUN_ERROR,-29.92,MAG_ERROR,-145.71,GYRO_Z,0.292,RW_CMD,0
TM,EST_RAW,29.92,EST_FILTERED,29.92,EST_ANGLE,29.69,EST_FILTER,ON,EST_FILTER_TYPE,MOVING_AVERAGE,EST_MA_WINDOW,1,EST_FILTER_STRENGTH,0.35
TM,EST_FUSION,ON,EST_GYRO_WEIGHT,0.98,EST_VALID,1
TM,TEAM_CR,1451,297671,0.0,-0.6,-0.9,0.9,-1.3,36.0,36.0,0.0,36,3
TM,TEAM_CR,1452,297711,0.0,-0.7,-0.9,0.9,-0.5,36.0,36.0,0.0,36,3
TM,SUN_L,3506,SUN_R,3132,SUN_NDV,0.0563,SUN_ANGLE,30.05
TM,MAG_X,-16.35,MAG_Y,11.15,MAG_Z,1.26,MAG_HEADING,145.71
TM,GYRO_X,-1.199,GYRO_Y,-2.021,GYRO_Z,0.537,BODY_RATE,-0.537
TM,TEAM_CR,1453,297751,0.0,-0.8,-0.9,0.9,0.6,36.0,36.0,0.0,36,3
TM,TEAM_CR,1454,297791,0.0,-0.8,-0.9,0.9,-1.0,36.0,36.0,0.0,36,3
TM,TEAM_CR,1455,297832,0.0,-0.5,-0.9,0.9,-0.3,36.0,36.0,0.0,36,3
TM,TEAM_CR,1456,297871,0.0,-0.7,-0.9,0.9,0.2,36.0,36.0,0.0,36,3
TM,TEAM_CR,1457,297911,0.0,-0.8,-1.0,1.0,-1.2,36.0,36.0,0.0,36,3
TM,TEAM_CR,1458,297951,0.0,-0.4,-0.9,0.9,-0.4,36.0,36.0,0.0,36,3
TM,TEAM_CR,1459,297991,0.0,-0.8,-0.9,0.9,0.5,36.0,36.0,0.0,36,3
TM,TEAM_CR,1460,298039,0.0,-0.8,-0.9,0.9,-0.2,36.0,36.0,0.0,36,3
TM,TEAM_CR,1461,298079,0.0,-0.7,-0.9,0.9,-0.9,36.0,36.0,0.0,36,3
TM,TEAM_CR,1462,298119,0.0,-0.7,-0.9,0.9,0.3,36.0,36.0,0.0,36,3
TM,TEAM_CR,1463,298171,0.0,-0.9,-1.0,1.0,0.3,36.0,36.0,0.0,36,3
TM,TEAM_CR,1464,298211,0.0,-0.8,-1.0,1.0,-0.9,36.0,36.0,0.0,36,3
TM,TEAM_CR,1465,298251,0.0,-0.8,-0.9,0.9,0.4,36.0,36.0,0.0,36,3
TM,TEAM_CR,1466,298291,0.0,-0.8,-1.0,1.0,0.0,36.0,36.0,0.0,36,3
TM,TEAM_CR,1467,298331,0.0,-0.8,-1.0,1.0,-0.9,36.0,36.0,0.0,36,3
TM,TEAM_CR,1468,298372,0.0,-0.8,-1.0,1.0,0.0,36.0,36.0,0.0,36,3
TM,TEAM_CR,1469,298412,0.0,-0.9,-1.0,1.0,-0.2,36.0,36.0,0.0,36,3
TM,TEAM_CR,1470,298452,0.0,-0.7,-1.0,1.0,-1.2,36.0,36.0,0.0,36,3
TM,TEAM_CR,1471,298492,0.0,-0.9,-1.0,1.0,-0.2,36.0,36.0,0.0,36,3
TM,SUN_L,3507,SUN_R,3133,SUN_NDV,0.0563,SUN_ANGLE,29.91
TM,MAG_X,-16.50,MAG_Y,11.18,MAG_Z,1.41,MAG_HEADING,145.86
TM,GYRO_X,-1.295,GYRO_Y,-2.047,GYRO_Z,0.379,BODY_RATE,-0.379
TM,TEAM_CR,1472,298551,0.0,-0.6,-1.0,1.0,0.3,36.0,36.0,0.0,36,3
TM,ADCS_MODE,MANUAL,ADCS_REFERENCE,SUN,TARGET,0.00,POINTING_ERROR,-29.68,SUN_ERROR,-29.91,MAG_ERROR,-145.86,GYRO_Z,0.344,RW_CMD,0
TM,EST_RAW,29.91,EST_FILTERED,29.91,EST_ANGLE,29.68,EST_FILTER,ON,EST_FILTER_TYPE,MOVING_AVERAGE,EST_MA_WINDOW,1,EST_FILTER_STRENGTH,0.35
TM,EST_FUSION,ON,EST_GYRO_WEIGHT,0.98,EST_VALID,1
TM,TEAM_CR,1473,298591,0.0,-0.8,-1.0,1.0,0.3,36.0,36.0,0.0,36,3
TM,TEAM_CR,1474,298632,0.0,-0.8,-1.0,1.0,-1.3,39.3,36.1,0.0,38,3
TM,TEAM_CR,1475,298671,0.0,-0.6,-1.0,1.0,0.4,36.1,36.1,0.0,36,3
TM,TEAM_CR,1476,298711,0.0,-0.8,-1.0,1.0,0.3,36.1,36.1,0.0,36,3
TM,TEAM_CR,1477,298751,0.0,-0.7,-1.0,1.0,-1.0,36.1,36.1,0.0,36,3
TM,TEAM_CR,1478,298791,0.0,-0.8,-1.0,1.0,0.2,36.1,36.1,0.0,36,3
TM,TEAM_CR,1479,298831,0.0,-0.8,-1.0,1.0,-0.2,36.1,36.1,0.0,36,3
TM,TEAM_CR,1480,298871,0.0,-1.1,-1.0,1.0,-0.9,39.0,36.1,0.0,38,3
TM,TEAM_CR,1481,298911,0.0,-0.8,-1.0,1.0,0.6,36.1,36.1,0.0,36,3
TM,TEAM_CR,1482,298951,0.0,-0.8,-1.0,1.0,0.3,36.1,36.1,0.0,36,3
TM,TEAM_CR,1483,298991,0.0,-1.0,-1.0,1.0,-0.6,36.1,36.1,0.0,36,3
TM,TEAM_CR,1484,299038,0.0,-0.7,-0.9,0.9,0.3,36.1,36.1,0.0,36,3
TM,TEAM_CR,1485,299078,0.0,-0.8,-1.0,1.0,0.2,36.1,36.1,0.0,36,3
TM,TEAM_CR,1486,299118,0.0,-0.5,-1.0,1.0,-1.2,36.1,36.1,0.0,36,3
TM,TEAM_CR,1487,299171,0.0,-1.0,-1.0,1.0,-1.2,36.1,36.1,0.0,36,3
TM,TEAM_CR,1488,299211,0.0,-0.7,-1.0,1.0,0.4,36.1,36.1,0.0,36,3
TM,TEAM_CR,1489,299251,0.0,-0.6,-1.0,1.0,-0.3,36.1,36.1,0.0,36,3
TM,SUN_L,3507,SUN_R,3133,SUN_NDV,0.0563,SUN_ANGLE,30.00
TM,MAG_X,-16.45,MAG_Y,11.14,MAG_Z,1.42,MAG_HEADING,145.90
TM,GYRO_X,-1.164,GYRO_Y,-2.144,GYRO_Z,0.607,BODY_RATE,-0.607
TM,TEAM_CR,1490,299291,0.0,-0.8,-1.0,1.0,-1.5,36.1,36.1,0.0,36,3
TM,TEAM_CR,1491,299331,0.0,-0.6,-1.0,1.0,0.2,36.1,36.1,0.0,37,3
TM,TEAM_CR,1492,299371,0.0,-0.7,-1.0,1.0,-0.6,38.8,36.1,0.0,39,3
TM,TEAM_CR,1493,299411,0.0,-0.8,-1.0,1.0,-0.8,38.9,36.1,0.0,39,3
TM,TEAM_CR,1494,299451,0.0,-0.9,-1.0,1.0,1.2,36.1,36.1,0.0,38,3
TM,TEAM_CR,1495,299491,0.0,-0.8,-1.0,1.0,0.1,36.1,36.1,0.0,36,3
TM,ADCS_MODE,MANUAL,ADCS_REFERENCE,SUN,TARGET,0.00,POINTING_ERROR,-29.68,SUN_ERROR,-29.97,MAG_ERROR,-145.90,GYRO_Z,-0.102,RW_CMD,0
TM,EST_RAW,29.97,EST_FILTERED,29.97,EST_ANGLE,29.68,EST_FILTER,ON,EST_FILTER_TYPE,MOVING_AVERAGE,EST_MA_WINDOW,1,EST_FILTER_STRENGTH,0.35
TM,EST_FUSION,ON,EST_GYRO_WEIGHT,0.98,EST_VALID,1
TM,TEAM_CR,1496,299551,0.0,-1.0,-1.0,1.0,-0.4,36.1,36.1,0.0,36,3
TM,TEAM_CR,1497,299591,0.0,-0.9,-0.9,0.9,-0.2,36.1,36.1,0.0,36,3
TM,TEAM_CR,1498,299631,0.0,-0.8,-0.9,0.9,0.4,36.1,36.1,0.0,36,3
TM,TEAM_CR,1499,299671,0.0,-0.7,-1.0,1.0,-1.3,36.1,36.1,0.0,36,3
TM,TEAM_CR,1500,299711,0.0,-0.6,-1.0,1.0,-0.7,36.1,36.1,0.0,36,3
TM,TEAM_CR,1501,299751,0.0,-0.7,-0.9,0.9,0.3,36.1,36.1,0.0,36,3
TM,TEAM_CR,1502,299791,0.0,-0.8,-1.0,1.0,-1.6,36.1,36.1,0.0,36,3
TM,TEAM_CR,1503,299831,0.0,-0.6,-1.0,1.0,-0.7,36.1,36.1,0.0,36,3
TM,TEAM_CR,1504,299871,0.0,-0.7,-1.0,1.0,0.2,36.1,36.1,0.0,36,3
TM,TEAM_CR,1505,299911,0.0,-0.5,-1.0,1.0,-1.0,39.2,36.1,0.0,38,3
TM,TEAM_CR,1506,299952,0.0,-0.8,-1.0,1.0,-0.2,36.1,36.1,0.0,36,3
TM,TEAM_CR,1507,299992,0.0,-0.9,-1.0,1.0,0.4,36.1,36.1,0.0,36,3
TM,SUN_L,3506,SUN_R,3132,SUN_NDV,0.0563,SUN_ANGLE,29.95
TM,MAG_X,-16.43,MAG_Y,11.12,MAG_Z,1.38,MAG_HEADING,145.91
TM,GYRO_X,-1.269,GYRO_Y,-1.741,GYRO_Z,0.204,BODY_RATE,-0.204
TM,TEAM_CR,1508,300039,0.0,-0.7,-1.0,1.0,0.3,36.1,36.1,0.0,36,3
TM,TEAM_CR,1509,300079,0.0,-0.8,-1.0,1.0,-0.9,36.1,36.1,0.0,36,3
TM,TEAM_CR,1510,300119,0.0,-0.6,-1.0,1.0,0.4,36.1,36.1,0.0,36,3
TM,TEAM_CR,1511,300171,0.0,-0.7,-1.0,1.0,0.6,36.1,36.1,0.0,36,3
TM,TEAM_CR,1512,300211,0.0,-0.8,-1.0,1.0,-1.0,36.1,36.1,0.0,36,3
TM,TEAM_CR,1513,300251,0.0,-0.8,-1.0,1.0,-0.8,36.1,36.1,0.0,36,3
TM,TEAM_CR,1514,300291,0.0,-0.8,-1.0,1.0,0.6,36.1,36.1,0.0,36,3
TM,TEAM_CR,1515,300331,0.0,-0.8,-1.0,1.0,-0.9,36.1,36.1,0.0,36,3
TM,TEAM_CR,1516,300371,0.0,-0.6,-1.0,1.0,-1.0,36.1,36.1,0.0,36,3
TM,TEAM_CR,1517,300412,0.0,-0.9,-1.0,1.0,0.3,37.8,36.2,0.0,38,3
TM,TEAM_CR,1518,300451,0.0,-0.8,-1.0,1.0,-0.5,38.7,36.2,0.0,38,3
TM,ADCS_MODE,MANUAL,ADCS_REFERENCE,SUN,TARGET,0.00,POINTING_ERROR,-29.67,SUN_ERROR,-29.97,MAG_ERROR,-145.55,GYRO_Z,0.598,RW_CMD,0
TM,EST_RAW,29.97,EST_FILTERED,29.97,EST_ANGLE,29.67,EST_FILTER,ON,EST_FILTER_TYPE,MOVING_AVERAGE,EST_MA_WINDOW,1,EST_FILTER_STRENGTH,0.35
TM,EST_FUSION,ON,EST_GYRO_WEIGHT,0.98,EST_VALID,1
TM,TEAM_CR,1519,300491,0.0,-0.6,-1.0,1.0,0.6,36.2,36.2,0.0,36,3
TM,TEAM_CR,1520,300551,0.0,-0.4,-1.0,1.0,-0.5,36.2,36.2,0.0,36,3
TM,TEAM_CR,1521,300591,0.0,-0.8,-0.9,0.9,1.0,36.2,36.2,0.0,36,3
TM,TEAM_CR,1522,300631,0.0,-0.6,-1.0,1.0,-1.2,36.2,36.2,0.0,36,3
TM,TEAM_CR,1523,300671,0.0,-0.5,-0.9,0.9,0.2,36.2,36.2,0.0,36,3
TM,TEAM_CR,1524,300711,0.0,-0.7,-0.9,0.9,0.1,36.2,36.2,0.0,36,3
TM,TEAM_CR,1525,300751,0.0,-0.6,-0.9,0.9,-0.9,36.2,36.2,0.0,36,3
TM,SUN_L,3506,SUN_R,3133,SUN_NDV,0.0562,SUN_ANGLE,30.48
TM,MAG_X,-16.35,MAG_Y,11.22,MAG_Z,1.17,MAG_HEADING,145.55
TM,GYRO_X,-1.173,GYRO_Y,-1.890,GYRO_Z,0.292,BODY_RATE,-0.292
TM,TEAM_CR,1526,300791,0.0,-1.1,-0.9,0.9,-0.2,36.2,36.2,0.0,36,3
TM,TEAM_CR,1527,300832,0.0,-0.2,-0.9,0.9,0.0,36.2,36.2,0.0,36,3
TM,TEAM_CR,1528,300871,0.0,-0.6,-0.9,0.9,-0.9,36.2,36.2,0.0,36,3
TM,TEAM_CR,1529,300911,0.0,-0.8,-0.9,0.9,-0.2,36.2,36.2,0.0,36,3
TM,TEAM_CR,1530,300951,0.0,-0.6,-0.9,0.9,0.4,36.2,36.2,0.0,36,3
TM,TEAM_CR,1531,300991,0.0,-0.6,-0.9,0.9,-0.9,36.2,36.2,0.0,36,3
TM,TEAM_CR,1532,301039,0.0,-0.3,-0.9,0.9,-1.1,36.2,36.2,0.0,36,3
TM,TEAM_CR,1533,301079,0.0,-0.7,-0.9,0.9,0.5,36.2,36.2,0.0,36,3
TM,TEAM_CR,1534,301119,0.0,-0.7,-0.9,0.9,-0.3,36.2,36.2,0.0,36,3
TM,TEAM_CR,1535,301171,0.0,-0.5,-0.9,0.9,-0.9,36.2,36.2,0.0,36,3
TM,TEAM_CR,1536,301211,0.0,-0.8,-0.9,0.9,0.6,36.2,36.2,0.0,36,3
TM,TEAM_CR,1537,301251,0.0,-0.8,-0.9,0.9,0.5,36.2,36.2,0.0,36,3
TM,TEAM_CR,1538,301291,0.0,-0.5,-0.9,0.9,-0.9,36.2,36.2,0.0,36,3
TM,TEAM_CR,1539,301331,0.0,-0.3,-0.8,0.8,0.1,36.2,36.2,0.0,36,3
TM,TEAM_CR,1540,301372,0.0,-0.7,-0.8,0.8,0.7,36.2,36.2,0.0,36,3
TM,TEAM_CR,1541,301412,0.0,-0.6,-0.8,0.8,-0.5,36.2,36.2,0.0,36,3
TM,ADCS_MODE,MANUAL,ADCS_REFERENCE,SUN,TARGET,0.00,POINTING_ERROR,-29.68,SUN_ERROR,-30.12,MAG_ERROR,-145.98,GYRO_Z,0.493,RW_CMD,0
TM,EST_RAW,30.12,EST_FILTERED,30.12,EST_ANGLE,29.68,EST_FILTER,ON,EST_FILTER_TYPE,MOVING_AVERAGE,EST_MA_WINDOW,1,EST_FILTER_STRENGTH,0.35
TM,EST_FUSION,ON,EST_GYRO_WEIGHT,0.98,EST_VALID,1
TM,TEAM_CR,1542,301452,0.0,-0.6,-0.8,0.8,0.7,36.2,36.2,0.0,36,3
TM,TEAM_CR,1543,301492,0.0,-0.7,-0.8,0.8,0.6,36.2,36.2,0.0,36,3
TM,SUN_L,3504,SUN_R,3132,SUN_NDV,0.0561,SUN_ANGLE,29.98
TM,MAG_X,-16.43,MAG_Y,11.25,MAG_Z,1.34,MAG_HEADING,145.61
TM,GYRO_X,-1.487,GYRO_Y,-1.977,GYRO_Z,0.589,BODY_RATE,-0.589
TM,TEAM_CR,1544,301551,0.0,-0.6,-0.8,0.8,0.8,36.2,36.2,0.0,36,3
TM,TEAM_CR,1545,301591,0.0,-0.3,-0.8,0.8,-1.1,36.2,36.2,0.0,36,3
TM,TEAM_CR,1546,301631,0.0,-0.4,-0.8,0.8,-0.5,36.2,36.2,0.0,36,3
TM,TEAM_CR,1547,301671,0.0,-0.7,-0.8,0.8,0.8,36.2,36.2,0.0,36,3
TM,TEAM_CR,1548,301711,0.0,-0.6,-0.8,0.8,-0.8,36.2,36.2,0.0,36,3
TM,TEAM_CR,1549,301751,0.0,-0.5,-0.8,0.8,-0.3,36.2,36.2,0.0,36,3
TM,TEAM_CR,1550,301791,0.0,-0.4,-0.8,0.8,0.5,36.2,36.2,0.0,36,3
TM,TEAM_CR,1551,301831,0.0,-0.7,-0.8,0.8,-0.9,36.2,36.2,0.0,36,3
TM,TEAM_CR,1552,301871,0.0,-0.7,-0.8,0.8,-0.2,36.2,36.2,0.0,36,3
TM,TEAM_CR,1553,301911,0.0,-0.7,-0.8,0.8,-0.7,36.2,36.2,0.0,36,3
TM,TEAM_CR,1554,301951,0.0,-0.6,-0.8,0.8,-0.8,36.2,36.2,0.0,36,3
TM,TEAM_CR,1555,301991,0.0,-0.4,-0.8,0.8,0.2,36.2,36.2,0.0,36,3
TM,TEAM_CR,1556,302038,0.0,-0.5,-0.8,0.8,0.9,36.2,36.2,0.0,36,3
TM,TEAM_CR,1557,302078,0.0,-0.4,-0.8,0.8,-0.1,36.2,36.2,0.0,36,3
TM,TEAM_CR,1558,302118,0.0,-0.7,-0.8,0.8,0.1,36.2,36.2,0.0,36,3
TM,TEAM_CR,1559,302171,0.0,-0.5,-0.7,0.7,0.5,36.2,36.2,0.0,36,3
TM,TEAM_CR,1560,302211,0.0,-0.5,-0.7,0.7,1.0,36.2,36.2,0.0,36,3
TM,TEAM_CR,1561,302251,0.0,-0.7,-0.7,0.7,-0.4,36.2,36.2,0.0,36,3
TM,TEAM_CR,1562,302291,0.0,-0.4,-0.7,0.7,0.7,36.2,36.2,0.0,36,3
TM,SUN_L,3505,SUN_R,3132,SUN_NDV,0.0562,SUN_ANGLE,29.99
TM,MAG_X,-16.40,MAG_Y,11.12,MAG_Z,1.46,MAG_HEADING,145.86
TM,GYRO_X,-1.461,GYRO_Y,-2.223,GYRO_Z,-0.006,BODY_RATE,0.006
TM,TEAM_CR,1563,302331,0.0,-0.7,-0.7,0.7,0.7,36.2,36.2,0.0,36,3
TM,ADCS_MODE,MANUAL,ADCS_REFERENCE,SUN,TARGET,0.00,POINTING_ERROR,-29.69,SUN_ERROR,-30.19,MAG_ERROR,-145.86,GYRO_Z,0.152,RW_CMD,0
TM,EST_RAW,30.19,EST_FILTERED,30.19,EST_ANGLE,29.69,EST_FILTER,ON,EST_FILTER_TYPE,MOVING_AVERAGE,EST_MA_WINDOW,1,EST_FILTER_STRENGTH,0.35
TM,EST_FUSION,ON,EST_GYRO_WEIGHT,0.98,EST_VALID,1
TM,TEAM_CR,1564,302371,0.0,-0.4,-0.7,0.7,-0.9,36.2,36.2,0.0,36,3
TM,TEAM_CR,1565,302411,0.0,-0.2,-0.7,0.7,0.4,36.2,36.2,0.0,36,3
TM,TEAM_CR,1566,302451,0.0,-0.6,-0.7,0.7,0.6,36.2,36.2,0.0,36,3
TM,TEAM_CR,1567,302491,0.0,-0.5,-0.7,0.7,-1.0,36.2,36.2,0.0,36,3
TM,TEAM_CR,1568,302551,0.0,-0.7,-0.7,0.7,-1.0,36.2,36.2,0.0,36,3
TM,TEAM_CR,1569,302591,0.0,-0.5,-0.7,0.7,-0.1,36.2,36.2,0.0,36,3
TM,TEAM_CR,1570,302631,0.0,-0.6,-0.7,0.7,-0.1,36.2,36.2,0.0,36,3
TM,TEAM_CR,1571,302671,0.0,-0.6,-0.7,0.7,-1.2,36.2,36.2,0.0,36,3
TM,TEAM_CR,1572,302711,0.0,-0.6,-0.7,0.7,0.0,36.2,36.2,0.0,36,3
TM,TEAM_CR,1573,302751,0.0,-0.7,-0.7,0.7,0.3,36.2,36.2,0.0,36,3
TM,TEAM_CR,1574,302791,0.0,-0.4,-0.7,0.7,-1.2,36.2,36.2,0.0,36,3
TM,TEAM_CR,1575,302831,0.0,-0.7,-0.7,0.7,0.1,36.2,36.2,0.0,36,3
TM,TEAM_CR,1576,302871,0.0,-0.5,-0.7,0.7,0.5,36.2,36.2,0.0,36,3
TM,TEAM_CR,1577,302912,0.0,-0.5,-0.7,0.7,-1.4,36.2,36.2,0.0,36,3
TM,TEAM_CR,1578,302951,0.0,-0.5,-0.7,0.7,-0.3,36.2,36.2,0.0,36,3
TM,TEAM_CR,1579,302992,0.0,-0.4,-0.7,0.7,0.3,36.2,36.2,0.0,36,3
TM,TEAM_CR,1580,303039,0.0,-0.3,-0.7,0.7,-0.4,36.2,36.2,0.0,36,3
TM,SUN_L,3504,SUN_R,3132,SUN_NDV,0.0561,SUN_ANGLE,29.97
TM,MAG_X,-16.48,MAG_Y,11.14,MAG_Z,1.31,MAG_HEADING,145.95
TM,GYRO_X,-1.356,GYRO_Y,-1.951,GYRO_Z,0.178,BODY_RATE,-0.178
TM,TEAM_CR,1581,303079,0.0,-0.5,-0.7,0.7,-0.4,36.2,36.2,0.0,36,3
TM,TEAM_CR,1582,303119,0.0,-0.7,-0.7,0.7,0.7,36.2,36.2,0.0,36,3
TM,TEAM_CR,1583,303171,0.0,-0.5,-0.7,0.7,0.5,36.2,36.2,0.0,36,3
TM,TEAM_CR,1584,303211,0.0,-0.5,-0.7,0.7,-1.2,36.2,36.2,0.0,36,3
TM,TEAM_CR,1585,303251,0.0,-0.6,-0.7,0.7,0.0,36.2,36.2,0.0,36,3
TM,TEAM_CR,1586,303291,0.0,-0.5,-0.7,0.7,1.2,36.2,36.2,0.0,36,3
TM,ADCS_MODE,MANUAL,ADCS_REFERENCE,SUN,TARGET,0.00,POINTING_ERROR,-29.69,SUN_ERROR,-29.99,MAG_ERROR,-145.95,GYRO_Z,0.362,RW_CMD,0
TM,EST_RAW,29.99,EST_FILTERED,29.99,EST_ANGLE,29.69,EST_FILTER,ON,EST_FILTER_TYPE,MOVING_AVERAGE,EST_MA_WINDOW,1,EST_FILTER_STRENGTH,0.35
TM,EST_FUSION,ON,EST_GYRO_WEIGHT,0.98,EST_VALID,1
TM,TEAM_CR,1587,303331,0.0,-0.7,-0.7,0.7,-1.0,36.2,36.2,0.0,36,3
TM,TEAM_CR,1588,303371,0.0,-0.4,-0.7,0.7,0.1,36.2,36.2,0.0,36,3
TM,TEAM_CR,1589,303411,0.0,-0.5,-0.7,0.7,1.2,36.2,36.2,0.0,36,3
TM,TEAM_CR,1590,303451,0.0,-0.3,-0.7,0.7,-1.0,36.2,36.2,0.0,36,3
TM,TEAM_CR,1591,303491,0.0,-0.5,-0.7,0.7,0.3,36.2,36.2,0.0,36,3
TM,TEAM_CR,1592,303551,0.0,-0.6,-0.7,0.7,-0.3,36.2,36.2,0.0,36,3
TM,TEAM_CR,1593,303591,0.0,-0.4,-0.7,0.7,0.6,36.2,36.2,0.0,36,3
TM,TEAM_CR,1594,303631,0.0,-0.3,-0.7,0.7,-1.1,36.2,36.2,0.0,36,3
TM,TEAM_CR,1595,303671,0.0,-0.4,-0.6,0.6,-0.5,36.2,36.2,0.0,36,3
TM,TEAM_CR,1596,303711,0.0,-0.6,-0.6,0.6,0.7,36.2,36.2,0.0,36,3
TM,TEAM_CR,1597,303751,0.0,-0.2,-0.6,0.6,-1.1,36.2,36.2,0.0,36,3
TM,TEAM_CR,1598,303791,0.0,-0.1,-0.6,0.6,-1.0,36.2,36.2,0.0,36,3
TM,SUN_L,3504,SUN_R,3132,SUN_NDV,0.0561,SUN_ANGLE,30.09
TM,MAG_X,-16.43,MAG_Y,11.10,MAG_Z,1.41,MAG_HEADING,145.95
TM,GYRO_X,-1.102,GYRO_Y,-2.223,GYRO_Z,0.248,BODY_RATE,-0.248
TM,TEAM_CR,1599,303831,0.0,-0.3,-0.6,0.6,0.2,36.2,36.2,0.0,36,3
TM,TEAM_CR,1600,303871,0.0,-0.5,-0.7,0.7,-1.4,36.2,36.2,0.0,36,3
TM,TEAM_CR,1601,303911,0.0,-0.4,-0.7,0.7,-1.0,36.2,36.2,0.0,36,3
TM,TEAM_CR,1602,303951,0.0,-0.4,-0.7,0.7,0.1,36.2,36.2,0.0,36,3
TM,TEAM_CR,1603,303991,0.0,-0.6,-0.7,0.7,-1.2,36.2,36.2,0.0,36,3
TM,TEAM_CR,1604,304039,0.0,-0.4,-0.7,0.7,-0.4,36.2,36.2,0.0,36,3
TM,TEAM_CR,1605,304079,0.0,-0.4,-0.7,0.7,0.3,36.2,36.2,0.0,36,3
TM,TEAM_CR,1606,304119,0.0,-0.3,-0.7,0.7,0.0,36.2,36.2,0.0,36,3
TM,TEAM_CR,1607,304171,0.0,-0.6,-0.7,0.7,-1.0,36.2,36.2,0.0,36,3
TM,TEAM_CR,1608,304211,0.0,-0.5,-0.7,0.7,0.2,36.2,36.2,0.0,36,3
TM,TEAM_CR,1609,304251,0.0,-0.3,-0.7,0.7,1.1,36.2,36.2,0.0,36,3
TM,ADCS_MODE,MANUAL,ADCS_REFERENCE,SUN,TARGET,0.00,POINTING_ERROR,-29.69,SUN_ERROR,-30.04,MAG_ERROR,-145.85,GYRO_Z,0.353,RW_CMD,0
TM,EST_RAW,30.04,EST_FILTERED,30.04,EST_ANGLE,29.69,EST_FILTER,ON,EST_FILTER_TYPE,MOVING_AVERAGE,EST_MA_WINDOW,1,EST_FILTER_STRENGTH,0.35
TM,EST_FUSION,ON,EST_GYRO_WEIGHT,0.98,EST_VALID,1
TM,TEAM_CR,1610,304291,0.0,-0.5,-0.7,0.7,-0.8,36.2,36.2,0.0,36,3
TM,TEAM_CR,1611,304331,0.0,0.1,-0.6,0.6,-0.2,36.2,36.2,0.0,36,3
TM,TEAM_CR,1612,304372,0.0,-0.5,-0.6,0.6,0.7,36.2,36.2,0.0,36,3
TM,TEAM_CR,1613,304412,0.0,-0.3,-0.6,0.6,-0.8,36.2,36.2,0.0,36,3
TM,TEAM_CR,1614,304452,0.0,-0.3,-0.6,0.6,0.3,36.2,36.2,0.0,36,3
TM,TEAM_CR,1615,304492,0.0,-0.3,-0.6,0.6,0.9,36.2,36.2,0.0,36,3
TM,TEAM_CR,1616,304551,0.0,-0.2,-0.6,0.6,1.1,36.2,36.2,0.0,36,3
TM,SUN_L,3503,SUN_R,3132,SUN_NDV,0.0559,SUN_ANGLE,30.04
TM,MAG_X,-16.46,MAG_Y,11.22,MAG_Z,1.49,MAG_HEADING,145.74
TM,GYRO_X,-1.216,GYRO_Y,-1.890,GYRO_Z,0.449,BODY_RATE,-0.449
TM,TEAM_CR,1617,304591,0.0,-0.2,-0.6,0.6,-0.7,36.2,36.2,0.0,36,3
TM,TEAM_CR,1618,304632,0.0,0.0,-0.5,0.5,-0.7,36.2,36.2,0.0,36,3
TM,TEAM_CR,1619,304671,0.0,-0.3,-0.5,0.5,1.0,36.2,36.2,0.0,36,3
TM,TEAM_CR,1620,304711,0.0,-0.4,-0.6,0.6,-0.6,36.2,36.2,0.0,36,3
TM,TEAM_CR,1621,304751,0.0,-0.2,-0.5,0.5,0.1,36.2,36.2,0.0,36,3
TM,TEAM_CR,1622,304791,0.0,-0.3,-0.5,0.5,0.9,36.2,36.2,0.0,36,3
TM,TEAM_CR,1623,304831,0.0,-0.3,-0.5,0.5,-0.7,36.2,36.2,0.0,36,3
TM,TEAM_CR,1624,304871,0.0,-0.3,-0.5,0.5,0.1,36.2,36.2,0.0,36,3
TM,TEAM_CR,1625,304911,0.0,-0.3,-0.5,0.5,0.8,36.2,36.2,0.0,36,3
TM,TEAM_CR,1626,304951,0.0,-0.3,-0.5,0.5,-0.4,36.2,36.2,0.0,36,3
TM,TEAM_CR,1627,304991,0.0,-0.2,-0.5,0.5,0.0,36.2,36.2,0.0,36,3
TM,TEAM_CR,1628,305038,0.0,-0.2,-0.4,0.4,0.5,36.2,36.2,0.0,36,3
TM,TEAM_CR,1629,305078,0.0,-0.1,-0.4,0.4,-0.1,36.2,36.2,0.0,36,3
TM,TEAM_CR,1630,305118,0.0,0.0,-0.4,0.4,-0.7,36.2,36.2,0.0,36,3
TM,TEAM_CR,1631,305171,0.0,-0.3,-0.4,0.4,-0.5,36.2,36.2,0.0,36,3
TM,TEAM_CR,1632,305211,0.0,-0.2,-0.4,0.4,1.1,36.2,36.2,0.0,36,3
TM,ADCS_MODE,MANUAL,ADCS_REFERENCE,SUN,TARGET,0.00,POINTING_ERROR,-29.69,SUN_ERROR,-30.02,MAG_ERROR,-145.94,GYRO_Z,0.563,RW_CMD,0
TM,EST_RAW,30.02,EST_FILTERED,30.02,EST_ANGLE,29.69,EST_FILTER,ON,EST_FILTER_TYPE,MOVING_AVERAGE,EST_MA_WINDOW,1,EST_FILTER_STRENGTH,0.35
TM,EST_FUSION,ON,EST_GYRO_WEIGHT,0.98,EST_VALID,1
TM,TEAM_CR,1633,305251,0.0,0.1,-0.3,0.3,0.0,36.2,36.2,0.0,36,3
TM,TEAM_CR,1634,305291,0.0,0.9,-0.3,0.3,-0.4,36.2,36.2,0.0,36,3
TM,TEAM_CR,1635,305331,0.0,-0.2,-0.3,0.3,1.3,36.2,36.2,0.0,36,3
TM,SUN_L,3506,SUN_R,3132,SUN_NDV,0.0563,SUN_ANGLE,30.06
TM,MAG_X,-16.35,MAG_Y,11.06,MAG_Z,1.25,MAG_HEADING,145.94
TM,GYRO_X,-1.260,GYRO_Y,-2.082,GYRO_Z,0.134,BODY_RATE,-0.134
TM,TEAM_CR,1636,305371,0.0,-0.1,-0.2,0.2,0.0,36.2,36.2,0.0,36,3
TM,TEAM_CR,1637,305411,0.0,0.2,-0.2,0.2,-0.5,36.2,36.2,0.0,36,3
TM,TEAM_CR,1638,305451,0.0,0.3,-0.2,0.2,1.1,36.2,36.2,0.0,36,3
TM,TEAM_CR,1639,305491,0.0,0.2,-0.2,0.2,0.0,36.2,36.2,0.0,36,3
TM,TEAM_CR,1640,305551,0.0,0.2,-0.1,0.1,0.9,36.2,36.2,0.0,36,3
TM,TEAM_CR,1641,305591,0.0,-0.6,-0.1,0.1,-0.5,36.2,36.2,0.0,36,3
TM,TEAM_CR,1642,305631,0.0,0.2,-0.1,0.1,1.2,36.2,36.2,0.0,36,3
TM,TEAM_CR,1643,305671,0.0,-0.1,-0.1,0.1,0.9,36.2,36.2,0.0,36,3
TM,TEAM_CR,1644,305711,0.0,0.2,-0.1,0.1,-0.4,36.2,36.2,0.0,36,3
TM,TEAM_CR,1645,305751,0.0,0.1,0.0,0.0,0.8,36.2,36.2,0.0,36,3
TM,TEAM_CR,1646,305791,0.0,0.1,0.0,0.0,0.8,36.2,36.2,0.0,36,3
TM,TEAM_CR,1647,305831,0.0,0.2,0.0,0.0,-0.7,36.2,36.2,0.0,36,3
TM,TEAM_CR,1648,305871,0.0,0.2,0.0,0.0,0.4,36.2,36.2,0.0,36,3
TM,TEAM_CR,1649,305911,0.0,0.2,0.0,0.0,0.4,36.2,36.2,0.0,36,3
TM,TEAM_CR,1650,305951,0.0,0.2,0.0,0.0,-1.0,36.2,36.2,0.0,36,3
TM,TEAM_CR,1651,305992,0.0,0.4,0.0,0.0,0.2,36.2,36.2,0.0,36,3
TM,TEAM_CR,1652,306039,0.0,0.0,0.0,0.0,0.5,36.2,36.2,0.0,36,3
TM,TEAM_CR,1653,306079,0.0,0.3,0.0,0.0,-1.1,36.2,36.2,0.0,36,3
TM,TEAM_CR,1654,306119,0.0,0.3,0.0,0.0,-0.9,36.2,36.2,0.0,36,3
TM,SUN_L,3504,SUN_R,3131,SUN_NDV,0.0562,SUN_ANGLE,29.98
TM,MAG_X,-16.54,MAG_Y,11.17,MAG_Z,1.62,MAG_HEADING,145.98
TM,GYRO_X,-0.998,GYRO_Y,-1.768,GYRO_Z,0.187,BODY_RATE,-0.187
TM,TEAM_CR,1655,306171,0.0,0.1,0.0,0.0,0.6,36.2,36.2,0.0,36,3
TM,ADCS_MODE,MANUAL,ADCS_REFERENCE,SUN,TARGET,0.00,POINTING_ERROR,-29.70,SUN_ERROR,-29.98,MAG_ERROR,-146.12,GYRO_Z,0.257,RW_CMD,0
TM,EST_RAW,29.98,EST_FILTERED,29.98,EST_ANGLE,29.70,EST_FILTER,ON,EST_FILTER_TYPE,MOVING_AVERAGE,EST_MA_WINDOW,1,EST_FILTER_STRENGTH,0.35
TM,EST_FUSION,ON,EST_GYRO_WEIGHT,0.98,EST_VALID,1
TM,TEAM_CR,1656,306211,0.0,0.1,0.0,0.0,0.1,36.2,36.2,0.0,36,3
TM,TEAM_CR,1657,306251,0.0,-0.1,0.0,0.0,-1.4,36.2,36.2,0.0,36,3
TM,TEAM_CR,1658,306291,0.0,0.2,0.0,0.0,0.5,36.2,36.2,0.0,36,3
TM,TEAM_CR,1659,306331,0.0,0.1,0.0,0.0,0.3,36.2,36.2,0.0,36,3
TM,TEAM_CR,1660,306371,0.0,0.4,0.0,0.0,-1.1,36.2,36.2,0.0,36,3
TM,TEAM_CR,1661,306411,0.0,0.2,0.1,-0.1,0.7,36.2,36.2,0.0,36,3
TM,TEAM_CR,1662,306451,0.0,0.5,0.1,-0.1,1.0,36.2,36.2,0.0,36,3
TM,TEAM_CR,1663,306491,0.0,0.2,0.1,-0.1,-0.9,36.2,36.2,0.0,36,3
TM,TEAM_CR,1664,306551,0.0,0.5,0.1,-0.1,-1.1,36.2,36.2,0.0,36,3
TM,TEAM_CR,1665,306591,0.0,0.3,0.1,-0.1,0.0,36.2,36.2,0.0,36,3
TM,TEAM_CR,1666,306631,0.0,0.2,0.1,-0.1,0.7,36.2,36.2,0.0,36,3
TM,TEAM_CR,1667,306671,0.0,0.3,0.1,-0.1,-1.0,36.2,36.2,0.0,36,3
TM,TEAM_CR,1668,306711,0.0,0.5,0.1,-0.1,0.2,36.2,36.2,0.0,36,3
TM,TEAM_CR,1669,306751,0.0,0.2,0.1,-0.1,0.5,36.2,36.2,0.0,36,3
TM,TEAM_CR,1670,306791,0.0,0.4,0.1,-0.1,-1.0,36.2,36.2,0.0,36,3
TM,TEAM_CR,1671,306832,0.0,0.5,0.2,-0.2,-0.1,36.2,36.2,0.0,36,3
TM,TEAM_CR,1672,306871,0.0,0.4,0.2,-0.2,3.2,36.2,36.2,0.0,36,3
TM,SUN_L,3506,SUN_R,3134,SUN_NDV,0.0560,SUN_ANGLE,29.96
TM,MAG_X,-16.32,MAG_Y,11.12,MAG_Z,1.58,MAG_HEADING,145.73
TM,GYRO_X,-1.418,GYRO_Y,-2.021,GYRO_Z,0.283,BODY_RATE,-0.283
TM,TEAM_CR,1673,306911,0.0,0.4,0.2,-0.2,-1.1,36.2,36.2,0.0,36,3
TM,TEAM_CR,1674,306951,0.0,0.2,0.2,-0.2,-0.6,36.2,36.2,0.0,36,3
TM,TEAM_CR,1675,306991,0.0,0.2,0.3,-0.3,0.9,36.2,36.2,0.0,36,3
TM,TEAM_CR,1676,307039,0.0,0.3,0.2,-0.2,0.2,36.2,36.2,0.0,36,3
TM,TEAM_CR,1677,307079,0.0,0.2,0.2,-0.2,-1.1,36.2,36.2,0.0,36,3
TM,TEAM_CR,1678,307119,0.0,0.3,0.2,-0.2,0.5,36.2,36.2,0.0,36,3
TM,ADCS_MODE,MANUAL,ADCS_REFERENCE,SUN,TARGET,0.00,POINTING_ERROR,-29.71,SUN_ERROR,-29.84,MAG_ERROR,-145.73,GYRO_Z,0.134,RW_CMD,0
TM,EST_RAW,29.84,EST_FILTERED,29.84,EST_ANGLE,29.71,EST_FILTER,ON,EST_FILTER_TYPE,MOVING_AVERAGE,EST_MA_WINDOW,1,EST_FILTER_STRENGTH,0.35
TM,EST_FUSION,ON,EST_GYRO_WEIGHT,0.98,EST_VALID,1
TM,TEAM_CR,1679,307171,0.0,0.5,0.2,-0.2,1.2,36.2,36.2,0.0,36,3
TM,TEAM_CR,1680,307211,0.0,0.6,0.2,-0.2,-0.1,36.2,36.2,0.0,36,3
TM,TEAM_CR,1681,307252,0.0,0.4,0.3,-0.3,-0.2,36.2,36.2,0.0,36,3
TM,TEAM_CR,1682,307291,0.0,0.4,0.3,-0.3,1.1,36.2,36.2,0.0,36,3
TM,TEAM_CR,1683,307331,0.0,0.6,0.3,-0.3,0.5,36.2,36.2,0.0,36,3
TM,TEAM_CR,1684,307372,0.0,0.4,0.3,-0.3,-0.3,36.2,36.2,0.0,36,3
TM,TEAM_CR,1685,307412,0.0,0.6,0.3,-0.3,1.1,36.2,36.2,0.0,36,3
TM,TEAM_CR,1686,307452,0.0,0.5,0.3,-0.3,0.7,36.2,36.2,0.0,36,3
TM,TEAM_CR,1687,307492,0.0,0.6,0.3,-0.3,-0.4,36.2,36.2,0.0,36,3
TM,TEAM_CR,1688,307551,0.0,0.8,0.3,-0.3,-1.2,36.2,36.2,0.0,36,3
TM,TEAM_CR,1689,307591,0.0,0.7,0.4,-0.4,0.8,36.2,36.2,0.0,36,3
TM,TEAM_CR,1690,307632,0.0,0.8,0.4,-0.4,-0.1,36.2,36.2,0.0,36,3
TM,SUN_L,3505,SUN_R,3133,SUN_NDV,0.0560,SUN_ANGLE,30.00
TM,MAG_X,-16.22,MAG_Y,11.02,MAG_Z,1.62,MAG_HEADING,145.80
TM,GYRO_X,-1.155,GYRO_Y,-2.074,GYRO_Z,0.405,BODY_RATE,-0.405
TM,TEAM_CR,1691,307671,0.0,0.6,0.4,-0.4,-1.6,36.2,36.2,0.0,36,3
TM,TEAM_CR,1692,307711,0.0,0.5,0.4,-0.4,0.6,36.2,36.2,0.0,36,3
TM,TEAM_CR,1693,307751,0.0,0.5,0.4,-0.4,-0.3,36.2,36.2,0.0,36,3
TM,TEAM_CR,1694,307791,0.0,0.6,0.4,-0.4,-1.6,36.2,36.2,0.0,36,3
TM,TEAM_CR,1695,307831,0.0,0.6,0.4,-0.4,0.4,36.2,36.2,0.0,36,3
TM,TEAM_CR,1696,307871,0.0,0.4,0.4,-0.4,0.4,36.2,36.2,0.0,36,3
TM,TEAM_CR,1697,307911,0.0,0.7,0.4,-0.4,-1.5,36.2,36.2,0.0,36,3
TM,TEAM_CR,1698,307951,0.0,0.5,0.4,-0.4,0.2,36.2,36.2,0.0,36,3
TM,TEAM_CR,1699,307991,0.0,0.6,0.4,-0.4,0.5,36.2,36.2,0.0,36,3
TM,TEAM_CR,1700,308038,0.0,0.7,0.3,-0.3,-1.0,36.2,36.2,0.0,36,3
TM,TEAM_CR,1701,308078,0.0,0.9,0.4,-0.4,-0.7,36.2,36.2,0.0,36,3
TM,ADCS_MODE,MANUAL,ADCS_REFERENCE,SUN,TARGET,0.00,POINTING_ERROR,-29.71,SUN_ERROR,-30.04,MAG_ERROR,-145.84,GYRO_Z,0.300,RW_CMD,0
TM,EST_RAW,30.04,EST_FILTERED,30.04,EST_ANGLE,29.71,EST_FILTER,ON,EST_FILTER_TYPE,MOVING_AVERAGE,EST_MA_WINDOW,1,EST_FILTER_STRENGTH,0.35
TM,EST_FUSION,ON,EST_GYRO_WEIGHT,0.98,EST_VALID,1
TM,TEAM_CR,1702,308118,0.0,0.7,0.4,-0.4,0.6,36.2,36.2,0.0,36,3
TM,TEAM_CR,1703,308171,0.0,0.5,0.4,-0.4,0.7,36.2,36.2,0.0,36,3
TM,TEAM_CR,1704,308211,0.0,0.8,0.3,-0.3,-1.4,36.2,36.2,0.0,36,3
TM,TEAM_CR,1705,308251,0.0,0.9,0.4,-0.4,-0.6,36.2,36.2,0.0,36,3
TM,TEAM_CR,1706,308291,0.0,0.3,0.4,-0.4,0.3,36.2,36.2,0.0,36,3
TM,TEAM_CR,1707,308331,0.0,0.4,0.4,-0.4,-1.3,36.2,36.2,0.0,36,3
TM,TEAM_CR,1708,308371,0.0,0.7,0.4,-0.4,-0.7,36.2,36.2,0.0,36,3
TM,SUN_L,3505,SUN_R,3132,SUN_NDV,0.0562,SUN_ANGLE,30.01
TM,MAG_X,-16.18,MAG_Y,10.98,MAG_Z,1.31,MAG_HEADING,145.84
TM,GYRO_X,-1.278,GYRO_Y,-2.056,GYRO_Z,0.257,BODY_RATE,-0.257
TM,TEAM_CR,1709,308411,0.0,0.8,0.4,-0.4,0.5,36.2,36.2,0.0,36,3
TM,TEAM_CR,1710,308451,0.0,0.8,0.4,-0.4,-1.1,36.2,36.2,0.0,36,3
TM,TEAM_CR,1711,308491,0.0,0.4,0.4,-0.4,-1.3,36.2,36.2,0.0,36,3
TM,TEAM_CR,1712,308551,0.0,0.7,0.3,-0.3,-0.6,36.2,36.2,0.0,36,3
TM,TEAM_CR,1713,308591,0.0,0.4,0.3,-0.3,0.8,36.2,36.2,0.0,36,3
TM,TEAM_CR,1714,308631,0.0,0.5,0.3,-0.3,-0.4,36.2,36.2,0.0,36,3
TM,TEAM_CR,1715,308671,0.0,0.3,0.3,-0.3,-0.8,36.2,36.2,0.0,36,3
TM,TEAM_CR,1716,308711,0.0,0.4,0.3,-0.3,0.6,36.2,36.2,0.0,36,3
TM,TEAM_CR,1717,308751,0.0,0.3,0.3,-0.3,0.3,36.2,36.2,0.0,36,3
TM,TEAM_CR,1718,308791,0.0,0.3,0.3,-0.3,-1.0,36.2,36.2,0.0,36,3
TM,TEAM_CR,1719,308831,0.0,0.5,0.3,-0.3,0.8,36.2,36.2,0.0,36,3
TM,TEAM_CR,1720,308871,0.0,0.5,0.3,-0.3,0.2,36.2,36.2,0.0,36,3
TM,TEAM_CR,1721,308911,0.0,0.7,0.3,-0.3,-1.2,36.2,36.2,0.0,36,3
TM,TEAM_CR,1722,308951,0.0,0.9,0.3,-0.3,0.5,36.2,36.2,0.0,36,3
TM,TEAM_CR,1723,308992,0.0,0.6,0.3,-0.3,1.0,36.2,36.2,0.0,36,3
TM,TEAM_CR,1724,309039,0.0,0.6,0.3,-0.3,-1.1,36.2,36.2,0.0,36,3
TM,ADCS_MODE,MANUAL,ADCS_REFERENCE,SUN,TARGET,0.00,POINTING_ERROR,-29.72,SUN_ERROR,-29.95,MAG_ERROR,-145.83,GYRO_Z,0.344,RW_CMD,0
TM,EST_RAW,29.95,EST_FILTERED,29.95,EST_ANGLE,29.72,EST_FILTER,ON,EST_FILTER_TYPE,MOVING_AVERAGE,EST_MA_WINDOW,1,EST_FILTER_STRENGTH,0.35
TM,EST_FUSION,ON,EST_GYRO_WEIGHT,0.98,EST_VALID,1
TM,TEAM_CR,1725,309079,0.0,0.9,0.3,-0.3,-1.2,36.2,36.2,0.0,36,3
TM,TEAM_CR,1726,309119,0.0,0.7,0.3,-0.3,0.8,36.2,36.2,0.0,36,3
TM,SUN_L,3505,SUN_R,3131,SUN_NDV,0.0564,SUN_ANGLE,29.85
TM,MAG_X,-16.22,MAG_Y,10.93,MAG_Z,1.66,MAG_HEADING,146.04
TM,GYRO_X,-1.269,GYRO_Y,-2.293,GYRO_Z,0.309,BODY_RATE,-0.309
TM,TEAM_CR,1727,309171,0.0,0.4,0.3,-0.3,0.1,36.2,36.2,0.0,36,3
TM,TEAM_CR,1728,309211,0.0,0.5,0.3,-0.3,-1.4,36.2,36.2,0.0,36,3
TM,TEAM_CR,1729,309251,0.0,0.6,0.3,-0.3,0.3,36.2,36.2,0.0,36,3
TM,TEAM_CR,1730,309291,0.0,0.2,0.3,-0.3,0.4,36.2,36.2,0.0,36,3
TM,TEAM_CR,1731,309331,0.0,0.4,0.3,-0.3,-1.0,36.2,36.2,0.0,36,3
TM,TEAM_CR,1732,309371,0.0,0.5,0.3,-0.3,0.2,36.2,36.2,0.0,36,3
TM,TEAM_CR,1733,309411,0.0,0.5,0.3,-0.3,0.6,36.2,36.2,0.0,36,3
TM,TEAM_CR,1734,309451,0.0,0.7,0.3,-0.3,-0.6,36.2,36.2,0.0,36,3
TM,TEAM_CR,1735,309491,0.0,0.8,0.3,-0.3,0.0,36.2,36.2,0.0,36,3
TM,TEAM_CR,1736,309551,0.0,0.5,0.3,-0.3,-0.7,36.2,36.2,0.0,36,3
TM,TEAM_CR,1737,309591,0.0,0.5,0.3,-0.3,0.3,36.2,36.2,0.0,36,3
TM,TEAM_CR,1738,309631,0.0,0.7,0.3,-0.3,-1.5,36.2,36.2,0.0,36,3
TM,TEAM_CR,1739,309671,0.0,0.7,0.3,-0.3,-0.8,36.2,36.2,0.0,36,3
TM,TEAM_CR,1740,309711,0.0,0.6,0.3,-0.3,0.7,36.2,36.2,0.0,36,3
TM,TEAM_CR,1741,309751,0.0,0.4,0.3,-0.3,-0.8,36.2,36.2,0.0,36,3
TM,TEAM_CR,1742,309791,0.0,0.8,0.3,-0.3,-1.3,36.2,36.2,0.0,36,3
TM,TEAM_CR,1743,309831,0.0,0.7,0.3,-0.3,0.7,36.2,36.2,0.0,36,3
TM,TEAM_CR,1744,309871,0.0,0.7,0.3,-0.3,-0.6,36.2,36.2,0.0,36,3
TM,TEAM_CR,1745,309911,0.0,0.7,0.3,-0.3,-1.6,36.2,36.2,0.0,36,3
TM,SUN_L,3503,SUN_R,3131,SUN_NDV,0.0561,SUN_ANGLE,30.01
TM,MAG_X,-16.32,MAG_Y,11.01,MAG_Z,1.70,MAG_HEADING,146.00
TM,GYRO_X,-1.487,GYRO_Y,-1.855,GYRO_Z,0.432,BODY_RATE,-0.432
TM,TEAM_CR,1746,309951,0.0,0.3,0.3,-0.3,0.7,36.2,36.2,0.0,36,3
TM,ADCS_MODE,MANUAL,ADCS_REFERENCE,SUN,TARGET,0.00,POINTING_ERROR,-29.70,SUN_ERROR,-29.88,MAG_ERROR,-146.00,GYRO_Z,0.440,RW_CMD,0
TM,EST_RAW,29.88,EST_FILTERED,29.88,EST_ANGLE,29.70,EST_FILTER,ON,EST_FILTER_TYPE,MOVING_AVERAGE,EST_MA_WINDOW,1,EST_FILTER_STRENGTH,0.35
TM,EST_FUSION,ON,EST_GYRO_WEIGHT,0.98,EST_VALID,1
TM,TEAM_CR,1747,309991,0.0,0.6,0.3,-0.3,-0.6,36.2,36.2,0.0,36,3
TM,TEAM_CR,1748,310039,0.0,0.7,0.3,-0.3,-1.6,36.2,36.2,0.0,36,3
TM,TEAM_CR,1749,310079,0.0,0.5,0.3,-0.3,0.0,36.2,36.2,0.0,36,3
TM,TEAM_CR,1750,310119,0.0,0.6,0.3,-0.3,0.6,36.2,36.2,0.0,36,3
TM,TEAM_CR,1751,310171,0.0,0.6,0.3,-0.3,0.2,36.2,36.2,0.0,36,3
TM,TEAM_CR,1752,310211,0.0,1.0,0.3,-0.3,-1.5,36.2,36.2,0.0,36,3
TM,TEAM_CR,1753,310251,0.0,0.6,0.3,-0.3,-0.1,36.2,36.2,0.0,36,3
TM,TEAM_CR,1754,310291,0.0,0.4,0.2,-0.2,0.5,36.2,36.2,0.0,36,3
TM,TEAM_CR,1755,310331,0.0,0.4,0.2,-0.2,-1.3,36.2,36.2,0.0,36,3
TM,TEAM_CR,1756,310372,0.0,0.4,0.2,-0.2,-0.3,36.2,36.2,0.0,36,3
TM,TEAM_CR,1757,310412,0.0,0.3,0.2,-0.2,0.5,36.2,36.2,0.0,36,3
TM,TEAM_CR,1758,310452,0.0,0.5,0.2,-0.2,-1.1,36.2,36.2,0.0,36,3
TM,TEAM_CR,1759,310492,0.0,0.5,0.2,-0.2,-0.2,36.2,36.2,0.0,36,3
TM,TEAM_CR,1760,310551,0.0,0.5,0.2,-0.2,0.2,36.2,36.2,0.0,36,3
TM,TEAM_CR,1761,310591,0.0,0.1,0.2,-0.2,0.7,36.2,36.2,0.0,36,3
TM,TEAM_CR,1762,310632,0.0,0.6,0.2,-0.2,-0.6,36.2,36.2,0.0,36,3
TM,TEAM_CR,1763,310671,0.0,0.5,0.3,-0.3,0.3,36.2,36.2,0.0,36,3
TM,SUN_L,3503,SUN_R,3133,SUN_NDV,0.0558,SUN_ANGLE,29.99
TM,MAG_X,-16.11,MAG_Y,10.94,MAG_Z,1.81,MAG_HEADING,145.81
TM,GYRO_X,-1.059,GYRO_Y,-2.135,GYRO_Z,0.257,BODY_RATE,-0.257
TM,TEAM_CR,1764,310711,0.0,0.3,0.3,-0.3,0.8,36.2,36.2,0.0,36,3
TM,TEAM_CR,1765,310751,0.0,0.2,0.2,-0.2,-0.5,36.2,36.2,0.0,36,3
TM,TEAM_CR,1766,310791,0.0,0.3,0.3,-0.3,-0.1,36.2,36.2,0.0,36,3
TM,TEAM_CR,1767,310831,0.0,0.5,0.3,-0.3,0.7,36.2,36.2,0.0,36,3
TM,TEAM_CR,1768,310871,0.0,0.7,0.2,-0.2,-0.6,36.2,36.2,0.0,36,3
TM,TEAM_CR,1769,310911,0.0,0.3,0.2,-0.2,-0.7,36.2,36.2,0.0,36,3
TM,ADCS_MODE,MANUAL,ADCS_REFERENCE,SUN,TARGET,0.00,POINTING_ERROR,-29.70,SUN_ERROR,-30.07,MAG_ERROR,-145.81,GYRO_Z,-0.067,RW_CMD,0
TM,EST_RAW,30.07,EST_FILTERED,30.07,EST_ANGLE,29.70,EST_FILTER,ON,EST_FILTER_TYPE,MOVING_AVERAGE,EST_MA_WINDOW,1,EST_FILTER_STRENGTH,0.35
TM,EST_FUSION,ON,EST_GYRO_WEIGHT,0.98,EST_VALID,1
TM,TEAM_CR,1770,310951,0.0,0.6,0.3,-0.3,0.7,36.2,36.2,0.0,36,3
TM,TEAM_CR,1771,310991,0.0,0.3,0.2,-0.2,-0.4,36.2,36.2,0.0,36,3
TM,TEAM_CR,1772,311038,0.0,0.3,0.2,-0.2,-1.4,36.2,36.2,0.0,36,3
TM,TEAM_CR,1773,311078,0.0,0.6,0.2,-0.2,-0.5,36.2,36.2,0.0,36,3
EVT,TEAM_CDUMP,END,1774
TM,SUN_L,3505,SUN_R,3132,SUN_NDV,0.0562,SUN_ANGLE,30.13
TM,MAG_X,-16.14,MAG_Y,10.82,MAG_Z,1.74,MAG_HEADING,146.18
TM,GYRO_X,-1.304,GYRO_Y,-1.908,GYRO_Z,0.265,BODY_RATE,-0.265
TM,ADCS_MODE,MANUAL,ADCS_REFERENCE,SUN,TARGET,0.00,POINTING_ERROR,-29.70,SUN_ERROR,-29.93,MAG_ERROR,-145.96,GYRO_Z,0.248,RW_CMD,0
TM,EST_RAW,29.93,EST_FILTERED,29.93,EST_ANGLE,29.70,EST_FILTER,ON,EST_FILTER_TYPE,MOVING_AVERAGE,EST_MA_WINDOW,1,EST_FILTER_STRENGTH,0.35
TM,EST_FUSION,ON,EST_GYRO_WEIGHT,0.98,EST_VALID,1
TM,SUN_L,3504,SUN_R,3132,SUN_NDV,0.0561,SUN_ANGLE,30.21
TM,MAG_X,-16.10,MAG_Y,10.82,MAG_Z,1.95,MAG_HEADING,146.10
TM,GYRO_X,-0.962,GYRO_Y,-2.223,GYRO_Z,0.152,BODY_RATE,-0.152

