ACK,TEAM_CDUMP,1228
TM,TEAM_CR_AUTO,ON,TGT,0.00,EST,46.42,ANG,46.42,LIT,1,ERR,-46.42,KP,4,KD,2,KI,1,SIGN,1,RSIGN,-1,MAX,60,DB,0.5,WRAP,1,SYNC,1,STRAT,RW
TM,TEAM_CR_HEAD,N,1228,DIV,2,COLS,i;t;tgt;ang;est;err;gz;u;I;K;rw;fl
TM,TEAM_CR,0,946817,0.0,46.4,46.4,-46.4,0.1,-186.7,-0.9,0.0,-2,17
TM,TEAM_CR,1,946857,0.0,46.4,46.4,-46.4,-0.2,-186.2,-0.9,0.0,-22,17
TM,TEAM_CR,2,946896,0.0,46.4,46.4,-46.4,-0.1,-186.4,-0.9,0.0,-42,17
TM,TEAM_CR,3,946936,0.0,46.5,46.4,-46.4,-0.6,-185.3,-0.9,0.0,-60,17
TM,TEAM_CR,4,946976,0.0,46.4,46.3,-46.3,-2.7,-180.9,-0.9,0.0,-60,17
TM,TEAM_CR,5,947017,0.0,46.5,46.1,-46.1,-4.8,-175.9,-0.9,0.0,-60,17
TM,TEAM_CR,6,947057,0.0,46.5,45.9,-45.9,-7.2,-170.1,-0.9,0.0,-60,17
TM,TEAM_CR,7,947101,0.0,46.8,45.5,-45.5,-11.1,-160.8,-0.9,0.0,-60,17
TM,ADCS_MODE,MANUAL,ADCS_REFERENCE,SUN,TARGET,0.00,POINTING_ERROR,33.96,SUN_ERROR,33.81,MAG_ERROR,-111.61,GYRO_Z,-0.023,RW_CMD,0
TM,EST_RAW,-33.81,EST_FILTERED,-33.81,EST_ANGLE,-33.96,EST_FILTER,ON,EST_FILTER_TYPE,MOVING_AVERAGE,EST_MA_WINDOW,1,EST_FILTER_STRENGTH,0.35
TM,EST_FUSION,ON,EST_GYRO_WEIGHT,0.98,EST_VALID,1
TM,TEAM_CR,8,947141,0.0,47.0,45.0,-45.0,-15.5,-149.9,-0.9,0.0,-60,17
TM,SUN_L,3404,SUN_R,3669,SUN_NDV,-0.0375,SUN_ANGLE,-33.48
TM,MAG_X,-15.66,MAG_Y,39.54,MAG_Z,-8.56,MAG_HEADING,111.61
TM,GYRO_X,-0.788,GYRO_Y,-2.441,GYRO_Z,-0.050,BODY_RATE,0.050
TM,TEAM_CR,9,947181,0.0,47.2,44.4,-44.4,-20.3,-137.7,-0.9,0.0,-60,17
TM,TEAM_CR,10,947221,0.0,47.2,43.6,-43.6,-23.8,-127.7,-0.9,0.0,-60,17
TM,TEAM_CR,11,947261,0.0,46.9,42.7,-42.7,-28.5,-114.6,-0.9,0.0,-60,17
TM,TEAM_CR,12,947301,0.0,46.6,41.6,-41.6,-32.1,-103.3,-0.9,0.0,-60,17
TM,TEAM_CR,13,947351,0.0,46.3,40.2,-40.2,-34.3,-93.0,-0.9,0.0,-60,17
TM,TEAM_CR,14,947399,0.0,45.9,38.8,-38.8,-35.4,-85.3,-0.9,0.0,-60,17
TM,TEAM_CR,15,947439,0.0,45.7,37.6,-37.6,-38.3,-74.8,-0.9,0.0,-60,17
TM,TEAM_CR,16,947479,0.0,44.5,36.3,-36.3,-41.3,-63.7,-0.9,0.0,-60,17
TM,TEAM_CR,17,947519,0.0,42.6,34.9,-34.9,-43.4,-54.5,-1.6,0.0,-57,1
TM,TEAM_CR,18,947559,0.0,40.7,33.4,-33.4,-44.7,-47.4,-3.0,0.0,-50,1
TM,TEAM_CR,19,947601,0.0,37.6,31.8,-31.8,-45.7,-40.1,-4.3,0.0,-42,1
TM,TEAM_CR,20,947641,0.0,35.0,30.2,-30.2,-44.7,-36.9,-5.5,0.0,-38,1
TM,TEAM_CR,21,947681,0.0,33.5,28.6,-28.6,-44.8,-31.6,-6.7,0.0,-34,1
TM,TEAM_CR,22,947721,0.0,31.8,27.0,-27.0,-44.5,-26.8,-7.7,0.0,-28,1
TM,TEAM_CR,23,947761,0.0,30.2,25.5,-25.5,-42.8,-25.1,-8.8,0.0,-26,1
TM,TEAM_CR,24,947802,0.0,28.4,24.0,-24.0,-41.9,-21.8,-9.8,0.0,-22,1
TM,TEAM_CR,25,947850,0.0,26.3,22.2,-22.2,-39.4,-20.6,-10.7,0.0,-21,1
TM,TEAM_CR,26,947890,0.0,25.0,20.8,-20.8,-38.5,-17.9,-11.5,0.0,-19,1
TM,TEAM_CR,27,947930,0.0,24.0,19.5,-19.5,-37.1,-16.2,-12.3,0.0,-16,1
TM,SUN_L,3406,SUN_R,3668,SUN_NDV,-0.0370,SUN_ANGLE,-33.65
TM,MAG_X,-15.55,MAG_Y,39.54,MAG_Z,-8.80,MAG_HEADING,111.47
TM,GYRO_X,-1.041,GYRO_Y,-2.354,GYRO_Z,-0.093,BODY_RATE,0.093
TM,TEAM_CR,28,947971,0.0,22.8,18.3,-18.3,-34.9,-16.4,-13.0,0.0,-16,1
TM,TEAM_CR,29,948019,0.0,21.7,16.8,-16.8,-32.6,-15.9,-13.7,0.0,-16,1
TM,ADCS_MODE,MANUAL,ADCS_REFERENCE,SUN,TARGET,0.00,POINTING_ERROR,33.88,SUN_ERROR,33.56,MAG_ERROR,-111.47,GYRO_Z,0.169,RW_CMD,0
TM,EST_RAW,-33.56,EST_FILTERED,-33.56,EST_ANGLE,-33.88,EST_FILTER,ON,EST_FILTER_TYPE,MOVING_AVERAGE,EST_MA_WINDOW,1,EST_FILTER_STRENGTH,0.35
TM,EST_FUSION,ON,EST_GYRO_WEIGHT,0.98,EST_VALID,1
TM,TEAM_CR,30,948059,0.0,20.5,15.8,-15.8,-28.3,-21.2,-14.4,0.0,-19,1
TM,TEAM_CR,31,948102,0.0,19.8,14.9,-14.9,-26.5,-21.5,-15.0,0.0,-22,1
TM,TEAM_CR,32,948142,0.0,18.8,14.1,-14.1,-24.8,-22.3,-15.5,0.0,-22,1
TM,TEAM_CR,33,948182,0.0,17.8,13.3,-13.3,-22.9,-23.6,-16.1,0.0,-24,1
TM,TEAM_CR,34,948222,0.0,16.3,12.6,-12.6,-22.0,-22.9,-16.6,0.0,-23,1
TM,TEAM_CR,35,948262,0.0,15.1,11.8,-11.8,-21.4,-21.7,-17.1,0.0,-22,1
TM,TEAM_CR,36,948303,0.0,14.6,11.1,-11.1,-21.5,-18.9,-17.5,0.0,-19,1
TM,TEAM_CR,37,948352,0.0,13.7,10.3,-10.3,-19.9,-19.2,-17.9,0.0,-19,1
TM,TEAM_CR,38,948400,0.0,13.2,9.5,-9.5,-19.3,-17.7,-18.3,0.0,-18,1
TM,TEAM_CR,39,948440,0.0,12.2,8.9,-8.9,-17.8,-18.6,-18.7,0.0,-19,1
TM,TEAM_CR,40,948480,0.0,11.7,8.3,-8.3,-17.8,-16.6,-19.0,0.0,-17,1
TM,TEAM_CR,41,948520,0.0,10.3,7.7,-7.7,-16.8,-16.7,-19.3,0.0,-17,1
TM,TEAM_CR,42,948560,0.0,10.2,7.2,-7.2,-16.1,-16.3,-19.6,0.0,-16,1
TM,TEAM_CR,43,948602,0.0,9.5,6.7,-6.7,-13.0,-20.7,-19.9,0.0,-20,1
TM,TEAM_CR,44,948642,0.0,8.5,6.3,-6.3,-11.3,-22.9,-20.2,0.0,-23,1
TM,TEAM_CR,45,948682,0.0,8.0,6.0,-6.0,-11.0,-22.3,-20.4,0.0,-22,1
TM,SUN_L,3403,SUN_R,3667,SUN_NDV,-0.0373,SUN_ANGLE,-33.74
TM,MAG_X,-15.58,MAG_Y,39.58,MAG_Z,-8.74,MAG_HEADING,111.49
TM,GYRO_X,-0.998,GYRO_Y,-2.249,GYRO_Z,0.099,BODY_RATE,-0.099
TM,TEAM_CR,46,948722,0.0,7.6,5.7,-5.7,-9.4,-24.4,-20.6,0.0,-24,1
TM,TEAM_CR,47,948762,0.0,7.4,5.4,-5.4,-9.2,-23.9,-20.9,0.0,-24,1
TM,TEAM_CR,48,948802,0.0,6.0,5.0,-5.0,-9.5,-22.3,-21.1,0.0,-23,1
TM,TEAM_CR,49,948852,0.0,5.5,4.6,-4.6,-9.4,-20.8,-21.3,0.0,-21,1
TM,TEAM_CR,50,948893,0.0,5.0,4.2,-4.2,-9.6,-19.2,-21.4,0.0,-19,1
TM,TEAM_CR,51,948933,0.0,4.8,3.9,-3.9,-9.1,-19.0,-21.6,0.0,-19,1
TM,TEAM_CR,52,948972,0.0,4.8,3.6,-3.6,-8.9,-18.4,-21.7,0.0,-19,1
TM,ADCS_MODE,MANUAL,ADCS_REFERENCE,SUN,TARGET,0.00,POINTING_ERROR,33.86,SUN_ERROR,33.98,MAG_ERROR,-111.49,GYRO_Z,0.055,RW_CMD,0
TM,EST_RAW,-33.98,EST_FILTERED,-33.98,EST_ANGLE,-33.86,EST_FILTER,ON,EST_FILTER_TYPE,MOVING_AVERAGE,EST_MA_WINDOW,1,EST_FILTER_STRENGTH,0.35
TM,EST_FUSION,ON,EST_GYRO_WEIGHT,0.98,EST_VALID,1
TM,TEAM_CR,53,949020,0.0,4.1,3.2,-3.2,-8.2,-18.3,-21.9,0.0,-18,1
TM,TEAM_CR,54,949060,0.0,3.8,2.9,-2.9,-7.9,-17.9,-22.0,0.0,-18,1
TM,TEAM_CR,55,949102,0.0,3.6,2.7,-2.7,-5.7,-21.6,-22.1,0.0,-22,1
TM,TEAM_CR,56,949143,0.0,3.4,2.6,-2.6,-5.0,-22.5,-22.2,0.0,-22,1
TM,TEAM_CR,57,949182,0.0,3.4,2.4,-2.4,-4.1,-23.9,-22.3,0.0,-24,1
TM,TEAM_CR,58,949222,0.0,3.3,2.3,-2.3,-3.7,-24.2,-22.4,0.0,-24,1
TM,TEAM_CR,59,949262,0.0,3.2,2.2,-2.2,-3.8,-23.8,-22.5,0.0,-24,1
TM,TEAM_CR,60,949302,0.0,3.1,2.1,-2.1,-4.3,-22.2,-22.6,0.0,-22,1
TM,TEAM_CR,61,949352,0.0,3.0,1.9,-1.9,-4.5,-21.3,-22.6,0.0,-21,1
TM,TEAM_CR,62,949399,0.0,2.6,1.8,-1.8,-3.9,-21.9,-22.7,0.0,-22,1
TM,TEAM_CR,63,949439,0.0,2.5,1.6,-1.6,-4.7,-19.7,-22.8,0.0,-20,1
TM,SUN_L,3392,SUN_R,3665,SUN_NDV,-0.0387,SUN_ANGLE,-34.85
TM,MAG_X,-15.55,MAG_Y,39.66,MAG_Z,-8.83,MAG_HEADING,111.41
TM,GYRO_X,-0.499,GYRO_Y,-2.721,GYRO_Z,-4.232,BODY_RATE,4.232
TM,TEAM_CR,64,949479,0.0,2.3,1.5,-1.5,-4.1,-20.5,-22.8,0.0,-21,1
TM,TEAM_CR,65,949519,0.0,2.2,1.3,-1.3,-4.0,-20.3,-22.9,0.0,-20,1
TM,TEAM_CR,66,949559,0.0,2.2,1.3,-1.3,-1.8,-24.6,-22.9,0.0,-25,1
TM,TEAM_CR,67,949603,0.0,2.0,1.2,-1.2,-2.0,-23.9,-23.0,0.0,-24,1
TM,TEAM_CR,68,949642,0.0,2.0,1.2,-1.2,-1.5,-24.9,-23.0,0.0,-25,1
TM,TEAM_CR,69,949682,0.0,2.0,1.2,-1.2,-1.4,-25.1,-23.1,0.0,-25,1
TM,TEAM_CR,70,949722,0.0,1.9,1.1,-1.1,-2.7,-22.2,-23.1,0.0,-23,1
TM,TEAM_CR,71,949762,0.0,1.8,1.1,-1.1,-2.3,-22.8,-23.2,0.0,-23,1
TM,TEAM_CR,72,949802,0.0,1.9,1.0,-1.0,-1.8,-23.6,-23.2,0.0,-24,1
TM,TEAM_CR,73,949853,0.0,1.9,1.0,-1.0,-1.3,-24.5,-23.3,0.0,-25,1
TM,TEAM_CR,74,949892,0.0,1.8,1.0,-1.0,-1.1,-24.9,-23.3,0.0,-25,1
TM,TEAM_CR,75,949932,0.0,1.8,1.0,-1.0,-0.6,-26.0,-23.3,0.0,-26,1
TM,ADCS_MODE,MANUAL,ADCS_REFERENCE,SUN,TARGET,0.00,POINTING_ERROR,33.98,SUN_ERROR,34.63,MAG_ERROR,-111.47,GYRO_Z,0.992,RW_CMD,0
TM,EST_RAW,-34.63,EST_FILTERED,-34.63,EST_ANGLE,-33.98,EST_FILTER,ON,EST_FILTER_TYPE,MOVING_AVERAGE,EST_MA_WINDOW,1,EST_FILTER_STRENGTH,0.35
TM,EST_FUSION,ON,EST_GYRO_WEIGHT,0.98,EST_VALID,1
TM,TEAM_CR,76,949972,0.0,1.7,1.0,-1.0,-0.7,-25.8,-23.4,0.0,-26,1
TM,TEAM_CR,77,950021,0.0,1.6,1.0,-1.0,-0.3,-26.8,-23.4,0.0,-27,1
TM,TEAM_CR,78,950060,0.0,1.5,1.0,-1.0,-0.6,-26.2,-23.5,0.0,-26,1
TM,TEAM_CR,79,950101,0.0,1.6,0.9,-0.9,-1.7,-23.9,-23.5,0.0,-24,1
TM,TEAM_CR,80,950141,0.0,1.6,0.9,-0.9,-1.5,-24.2,-23.5,0.0,-24,1
TM,TEAM_CR,81,950181,0.0,1.5,0.9,-0.9,-1.4,-24.2,-23.6,0.0,-24,1
TM,SUN_L,3391,SUN_R,3662,SUN_NDV,-0.0384,SUN_ANGLE,-34.45
TM,MAG_X,-15.55,MAG_Y,39.57,MAG_Z,-8.83,MAG_HEADING,111.46
TM,GYRO_X,-0.236,GYRO_Y,-2.686,GYRO_Z,0.239,BODY_RATE,-0.239
TM,TEAM_CR,82,950221,0.0,1.2,0.8,-0.8,-2.1,-22.7,-23.6,0.0,-23,1
TM,TEAM_CR,83,950261,0.0,1.4,0.8,-0.8,-1.8,-23.0,-23.6,0.0,-23,1
TM,TEAM_CR,84,950301,0.0,1.3,0.7,-0.7,-0.6,-25.5,-23.7,0.0,-25,1
TM,TEAM_CR,85,950351,0.0,1.4,0.7,-0.7,-0.8,-23.7,-23.7,0.0,-24,3
TM,TEAM_CR,86,950400,0.0,1.4,0.7,-0.7,-0.3,-23.7,-23.7,0.0,-24,3
TM,TEAM_CR,87,950440,0.0,1.2,0.7,-0.7,-0.9,-23.7,-23.7,0.0,-24,3
TM,TEAM_CR,88,950480,0.0,1.3,0.8,-0.8,-0.4,-23.7,-23.7,0.0,-24,3
TM,TEAM_CR,89,950520,0.0,1.3,0.7,-0.7,-0.5,-23.7,-23.7,0.0,-24,3
TM,TEAM_CR,90,950560,0.0,1.3,0.7,-0.7,-1.1,-23.7,-23.7,0.0,-24,3
TM,TEAM_CR,91,950601,0.0,0.9,0.7,-0.7,-1.2,-23.7,-23.7,0.0,-24,3
TM,TEAM_CR,92,950641,0.0,1.0,0.7,-0.7,-0.3,-23.7,-23.7,0.0,-24,3
TM,TEAM_CR,93,950681,0.0,1.2,0.7,-0.7,-0.5,-23.7,-23.7,0.0,-24,3
TM,TEAM_CR,94,950721,0.0,1.0,0.7,-0.7,-0.5,-23.7,-23.7,0.0,-24,3
TM,TEAM_CR,95,950761,0.0,1.1,0.7,-0.7,-0.9,-23.7,-23.7,0.0,-24,3
TM,TEAM_CR,96,950801,0.0,1.0,0.7,-0.7,-1.0,-23.7,-23.7,0.0,-24,3
TM,TEAM_CR,97,950852,0.0,1.2,0.6,-0.6,-0.8,-23.7,-23.7,0.0,-24,3
TM,TEAM_CR,98,950892,0.0,1.0,0.6,-0.6,-1.1,-23.7,-23.7,0.0,-24,3
TM,ADCS_MODE,MANUAL,ADCS_REFERENCE,SUN,TARGET,0.00,POINTING_ERROR,34.03,SUN_ERROR,34.68,MAG_ERROR,-111.59,GYRO_Z,-0.610,RW_CMD,0
TM,EST_RAW,-34.68,EST_FILTERED,-34.68,EST_ANGLE,-34.03,EST_FILTER,ON,EST_FILTER_TYPE,MOVING_AVERAGE,EST_MA_WINDOW,1,EST_FILTER_STRENGTH,0.35
TM,EST_FUSION,ON,EST_GYRO_WEIGHT,0.98,EST_VALID,1
TM,TEAM_CR,99,950932,0.0,0.8,0.6,-0.6,-2.1,-23.7,-23.7,0.0,-24,3
TM,SUN_L,3384,SUN_R,3657,SUN_NDV,-0.0388,SUN_ANGLE,-34.57
TM,MAG_X,-15.71,MAG_Y,39.71,MAG_Z,-8.93,MAG_HEADING,111.59
TM,GYRO_X,-1.111,GYRO_Y,-2.345,GYRO_Z,-0.548,BODY_RATE,0.548
TM,TEAM_CR,100,950972,0.0,0.7,0.5,-0.5,-0.9,-23.7,-23.7,0.0,-24,3
TM,TEAM_CR,101,951020,0.0,0.6,0.5,-0.5,-0.5,-23.7,-23.7,0.0,-24,3
TM,TEAM_CR,102,951060,0.0,0.9,0.5,-0.5,-1.0,-23.7,-23.7,0.0,-24,3
TM,TEAM_CR,103,951102,0.0,0.7,0.4,-0.4,-1.2,-23.7,-23.7,0.0,-24,3
TM,TEAM_CR,104,951142,0.0,0.7,0.4,-0.4,-0.9,-23.7,-23.7,0.0,-24,3
TM,TEAM_CR,105,951182,0.0,0.7,0.4,-0.4,-1.3,-23.7,-23.7,0.0,-24,3
TM,TEAM_CR,106,951222,0.0,0.6,0.3,-0.3,-1.4,-23.7,-23.7,0.0,-24,3
TM,TEAM_CR,107,951262,0.0,0.8,0.3,-0.3,-0.3,-23.7,-23.7,0.0,-24,3
TM,TEAM_CR,108,951302,0.0,0.6,0.3,-0.3,-0.1,-23.7,-23.7,0.0,-24,3
TM,TEAM_CR,109,951351,0.0,0.6,0.3,-0.3,-0.5,-23.7,-23.7,0.0,-24,3
TM,TEAM_CR,110,951400,0.0,0.4,0.3,-0.3,-0.7,-23.7,-23.7,0.0,-24,3
TM,TEAM_CR,111,951440,0.0,0.5,0.3,-0.3,-0.3,-23.7,-23.7,0.0,-24,3
TM,TEAM_CR,112,951480,0.0,0.5,0.3,-0.3,-0.5,-23.7,-23.7,0.0,-24,3
TM,TEAM_CR,113,951520,0.0,0.2,0.3,-0.3,0.1,-23.7,-23.7,0.0,-24,3
TM,TEAM_CR,114,951560,0.0,0.6,0.3,-0.3,0.1,-23.7,-23.7,0.0,-24,3
TM,TEAM_CR,115,951602,0.0,0.5,0.3,-0.3,0.1,-23.7,-23.7,0.0,-24,3
TM,TEAM_CR,116,951642,0.0,0.5,0.3,-0.3,-0.7,-23.7,-23.7,0.0,-24,3
TM,TEAM_CR,117,951682,0.0,0.4,0.3,-0.3,-0.9,-23.7,-23.7,0.0,-24,3
TM,TEAM_CR,118,951722,0.0,0.4,0.2,-0.2,-0.7,-23.7,-23.7,0.0,-24,3
TM,SUN_L,3366,SUN_R,3647,SUN_NDV,-0.0401,SUN_ANGLE,-35.43
TM,MAG_X,-15.71,MAG_Y,39.57,MAG_Z,-8.83,MAG_HEADING,111.66
TM,GYRO_X,-0.919,GYRO_Y,-2.144,GYRO_Z,-0.960,BODY_RATE,0.960
TM,TEAM_CR,119,951762,0.0,0.3,0.2,-0.2,-0.9,-23.7,-23.7,0.0,-24,3
TM,TEAM_CR,120,951802,0.0,0.3,0.2,-0.2,-0.2,-23.7,-23.7,0.0,-24,3
TM,ADCS_MODE,MANUAL,ADCS_REFERENCE,SUN,TARGET,0.00,POINTING_ERROR,34.22,SUN_ERROR,35.05,MAG_ERROR,-111.66,GYRO_Z,-1.756,RW_CMD,0
TM,EST_RAW,-35.05,EST_FILTERED,-35.05,EST_ANGLE,-34.22,EST_FILTER,ON,EST_FILTER_TYPE,MOVING_AVERAGE,EST_MA_WINDOW,1,EST_FILTER_STRENGTH,0.35
TM,EST_FUSION,ON,EST_GYRO_WEIGHT,0.98,EST_VALID,1
TM,TEAM_CR,121,951851,0.0,0.2,0.2,-0.2,-0.5,-23.7,-23.7,0.0,-24,3
TM,TEAM_CR,122,951891,0.0,0.3,0.2,-0.2,-0.7,-23.7,-23.7,0.0,-24,3
TM,TEAM_CR,123,951931,0.0,0.3,0.1,-0.1,-1.0,-23.7,-23.7,0.0,-24,3
TM,TEAM_CR,124,951971,0.0,0.0,0.1,-0.1,-1.0,-23.7,-23.7,0.0,-24,3
TM,TEAM_CR,125,952020,0.0,0.3,0.0,0.0,-1.2,-23.7,-23.7,0.0,-24,3
TM,TEAM_CR,126,952060,0.0,-0.1,0.0,0.0,-1.4,-23.7,-23.7,0.0,-24,3
TM,TEAM_CR,127,952101,0.0,-0.2,-0.1,0.1,-1.4,-23.7,-23.7,0.0,-24,3
TM,TEAM_CR,128,952141,0.0,-0.1,-0.1,0.1,-1.0,-23.7,-23.7,0.0,-24,3
TM,TEAM_CR,129,952181,0.0,-0.4,-0.2,0.2,-1.3,-23.7,-23.7,0.0,-24,3
TM,TEAM_CR,130,952221,0.0,0.0,-0.2,0.2,-0.9,-23.7,-23.7,0.0,-24,3
TM,TEAM_CR,131,952262,0.0,-0.3,-0.3,0.3,-1.1,-23.7,-23.7,0.0,-24,3
TM,TEAM_CR,132,952301,0.0,-0.5,-0.3,0.3,-1.0,-23.7,-23.7,0.0,-24,3
TM,TEAM_CR,133,952351,0.0,-0.6,-0.4,0.4,-0.9,-23.7,-23.7,0.0,-24,3
TM,TEAM_CR,134,952401,0.0,-0.3,-0.4,0.4,-1.0,-23.7,-23.7,0.0,-24,3
TM,TEAM_CR,135,952441,0.0,-0.6,-0.5,0.5,-1.1,-23.7,-23.7,0.0,-24,3
TM,TEAM_CR,136,952481,0.0,-0.6,-0.5,0.5,-1.4,-23.7,-23.7,0.0,-24,3
TM,SUN_L,3386,SUN_R,3663,SUN_NDV,-0.0393,SUN_ANGLE,-34.79
TM,MAG_X,-15.60,MAG_Y,39.49,MAG_Z,-8.80,MAG_HEADING,111.56
TM,GYRO_X,-0.840,GYRO_Y,-2.231,GYRO_Z,-0.330,BODY_RATE,0.330
TM,TEAM_CR,137,952521,0.0,-0.4,-0.6,0.6,-1.4,-23.7,-23.7,0.0,-24,3
TM,TEAM_CR,138,952561,0.0,-0.6,-0.6,0.6,-1.2,-23.7,-23.7,0.0,-24,3
TM,TEAM_CR,139,952602,0.0,-0.8,-0.7,0.7,-1.1,-23.7,-23.7,0.0,-24,3
TM,TEAM_CR,140,952642,0.0,-0.8,-0.8,0.8,-1.2,-23.7,-23.7,0.0,-24,3
TM,TEAM_CR,141,952682,0.0,-1.0,-0.8,0.8,-1.5,-23.7,-23.7,0.0,-24,3
TM,TEAM_CR,142,952722,0.0,-0.9,-0.9,0.9,-1.6,-23.7,-23.7,0.0,-24,3
TM,TEAM_CR,143,952762,0.0,-1.1,-0.9,0.9,-1.8,-23.7,-23.7,0.0,-24,3
TM,ADCS_MODE,MANUAL,ADCS_REFERENCE,SUN,TARGET,0.00,POINTING_ERROR,34.25,SUN_ERROR,34.79,MAG_ERROR,-111.41,GYRO_Z,0.484,RW_CMD,0
TM,EST_RAW,-34.79,EST_FILTERED,-34.79,EST_ANGLE,-34.25,EST_FILTER,ON,EST_FILTER_TYPE,MOVING_AVERAGE,EST_MA_WINDOW,1,EST_FILTER_STRENGTH,0.35
TM,EST_FUSION,ON,EST_GYRO_WEIGHT,0.98,EST_VALID,1
TM,TEAM_CR,144,952803,0.0,-1.1,-1.0,1.0,-1.6,-20.0,-23.7,0.0,-23,3
TM,TEAM_CR,145,952852,0.0,-1.1,-1.1,1.1,-1.1,-20.4,-23.6,0.0,-20,3
TM,TEAM_CR,146,952892,0.0,-0.9,-1.1,1.1,-1.0,-20.3,-23.6,0.0,-20,3
TM,TEAM_CR,147,952932,0.0,-1.2,-1.1,1.1,-0.4,-21.0,-23.6,0.0,-21,3
TM,TEAM_CR,148,952972,0.0,-1.1,-1.1,1.1,-0.1,-21.2,-23.6,0.0,-21,3
TM,TEAM_CR,149,953020,0.0,-0.9,-1.1,1.1,0.3,-21.5,-23.5,0.0,-22,3
TM,TEAM_CR,150,953060,0.0,-1.1,-1.1,1.1,-0.1,-21.1,-23.5,0.0,-21,3
TM,TEAM_CR,151,953102,0.0,-1.5,-1.2,1.2,-0.8,-20.3,-23.5,0.0,-20,3
TM,TEAM_CR,152,953142,0.0,-1.2,-1.2,1.2,-0.8,-20.3,-23.5,0.0,-20,3
TM,TEAM_CR,153,953182,0.0,-1.2,-1.2,1.2,-0.2,-20.8,-23.4,0.0,-21,3
TM,TEAM_CR,154,953223,0.0,-1.3,-1.2,1.2,-0.3,-20.7,-23.4,0.0,-21,3
TM,SUN_L,3380,SUN_R,3661,SUN_NDV,-0.0399,SUN_ANGLE,-35.63
TM,MAG_X,-15.66,MAG_Y,39.57,MAG_Z,-8.78,MAG_HEADING,111.60
TM,GYRO_X,-0.919,GYRO_Y,-2.109,GYRO_Z,-0.653,BODY_RATE,0.653
TM,TEAM_CR,155,953262,0.0,-1.0,-1.2,1.2,-0.1,-20.8,-23.4,0.0,-21,3
TM,TEAM_CR,156,953302,0.0,-1.2,-1.2,1.2,0.0,-20.9,-23.4,0.0,-21,3
TM,TEAM_CR,157,953352,0.0,-0.6,-1.2,1.2,-0.6,-20.3,-23.4,0.0,-20,3
TM,TEAM_CR,158,953399,0.0,-0.9,-1.2,1.2,0.0,-20.9,-23.3,0.0,-21,3
TM,TEAM_CR,159,953439,0.0,-1.3,-1.2,1.2,-0.1,-20.8,-23.3,0.0,-21,3
TM,TEAM_CR,160,953479,0.0,-1.1,-1.2,1.2,0.1,-20.9,-23.3,0.0,-21,3
TM,TEAM_CR,161,953519,0.0,-1.3,-1.2,1.2,-0.5,-20.2,-23.3,0.0,-20,3
TM,TEAM_CR,162,953559,0.0,-1.4,-1.3,1.3,-0.5,-20.2,-23.2,0.0,-20,3
TM,TEAM_CR,163,953602,0.0,-1.2,-1.3,1.3,-0.3,-20.4,-23.2,0.0,-20,3
TM,TEAM_CR,164,953643,0.0,-1.1,-1.3,1.3,-0.3,-20.3,-23.2,0.0,-20,3
TM,TEAM_CR,165,953682,0.0,-1.4,-1.3,1.3,0.2,-20.8,-23.1,0.0,-21,3
TM,TEAM_CR,166,953722,0.0,-1.2,-1.3,1.3,0.0,-20.6,-23.1,0.0,-21,3
TM,ADCS_MODE,MANUAL,ADCS_REFERENCE,SUN,TARGET,0.00,POINTING_ERROR,35.01,SUN_ERROR,45.72,MAG_ERROR,-111.60,GYRO_Z,-0.137,RW_CMD,0
TM,EST_RAW,-45.72,EST_FILTERED,-45.72,EST_ANGLE,-35.01,EST_FILTER,ON,EST_FILTER_TYPE,MOVING_AVERAGE,EST_MA_WINDOW,1,EST_FILTER_STRENGTH,0.35
TM,EST_FUSION,ON,EST_GYRO_WEIGHT,0.98,EST_VALID,1
TM,TEAM_CR,167,953762,0.0,-1.3,-1.3,1.3,-0.4,-20.1,-23.1,0.0,-20,3
TM,TEAM_CR,168,953802,0.0,-1.3,-1.3,1.3,0.0,-20.4,-23.1,0.0,-20,3
TM,TEAM_CR,169,953852,0.0,-1.2,-1.3,1.3,-0.3,-20.1,-23.0,0.0,-20,3
TM,TEAM_CR,170,953893,0.0,-1.4,-1.3,1.3,0.0,-20.4,-23.0,0.0,-20,3
TM,TEAM_CR,171,953932,0.0,-1.3,-1.3,1.3,0.2,-20.5,-23.0,0.0,-21,3
TM,TEAM_CR,172,953972,0.0,-1.3,-1.3,1.3,-0.5,-19.8,-23.0,0.0,-20,3
TM,SUN_L,1947,SUN_R,2109,SUN_NDV,-0.0399,SUN_ANGLE,0.18
TM,MAG_X,-15.65,MAG_Y,39.41,MAG_Z,-8.72,MAG_HEADING,111.66
TM,GYRO_X,-1.076,GYRO_Y,-2.415,GYRO_Z,-0.058,BODY_RATE,0.058
TM,TEAM_CR,173,954022,0.0,-1.2,-1.3,1.3,-0.4,-19.8,-22.9,0.0,-20,3
TM,TEAM_CR,174,954061,0.0,-1.6,-1.4,1.4,-0.4,-19.8,-22.9,0.0,-20,3
TM,TEAM_CR,175,954103,0.0,-1.4,-1.4,1.4,-0.1,-20.1,-22.9,0.0,-20,3
TM,TEAM_CR,176,954142,0.0,-1.2,-1.4,1.4,-0.5,-19.6,-22.9,0.0,-20,3
TM,TEAM_CR,177,954182,0.0,-1.3,-1.4,1.4,-0.5,-19.5,-22.8,0.0,-20,3
TM,TEAM_CR,178,954222,0.0,-1.4,-1.4,1.4,-0.5,-19.5,-22.8,0.0,-20,3
TM,TEAM_CR,179,954262,0.0,-1.5,-1.4,1.4,-0.4,-19.6,-22.8,0.0,-20,3
TM,TEAM_CR,180,954302,0.0,-1.3,-1.4,1.4,0.1,-20.1,-22.7,0.0,-20,3
TM,TEAM_CR,181,954351,0.0,-1.4,-1.4,1.4,-0.3,-19.6,-22.7,0.0,-20,3
TM,TEAM_CR,182,954400,0.0,-1.4,-1.4,1.4,-0.7,-19.1,-22.7,0.0,-19,3
TM,TEAM_CR,183,954440,0.0,-1.4,-1.4,1.4,-0.2,-19.6,-22.7,0.0,-20,3
TM,TEAM_CR,184,954481,0.0,-1.3,-1.4,1.4,0.3,-20.0,-22.6,0.0,-20,3
TM,TEAM_CR,185,954520,0.0,-1.5,-1.4,1.4,0.0,-19.8,-22.6,0.0,-20,3
TM,TEAM_CR,186,954560,0.0,-1.6,-1.5,1.5,-0.6,-19.1,-22.6,0.0,-19,3
TM,TEAM_CR,187,954601,0.0,-1.4,-1.5,1.5,-0.5,-19.1,-22.5,0.0,-19,3
TM,TEAM_CR,188,954641,0.0,-1.4,-1.5,1.5,-0.1,-19.5,-22.5,0.0,-20,3
TM,TEAM_CR,189,954681,0.0,-1.4,-1.5,1.5,0.5,-20.1,-22.5,0.0,-20,3
TM,ADCS_MODE,MANUAL,ADCS_REFERENCE,SUN,TARGET,0.00,POINTING_ERROR,34.75,SUN_ERROR,-0.18,MAG_ERROR,-111.63,GYRO_Z,0.020,RW_CMD,0
TM,EST_RAW,-34.75,EST_FILTERED,-34.75,EST_ANGLE,-34.75,EST_FILTER,ON,EST_FILTER_TYPE,MOVING_AVERAGE,EST_MA_WINDOW,1,EST_FILTER_STRENGTH,0.35
TM,EST_FUSION,ON,EST_GYRO_WEIGHT,0.98,EST_VALID,1
TM,TEAM_CR,190,954721,0.0,-1.6,-1.5,1.5,0.0,-19.6,-22.5,0.0,-20,3
TM,SUN_L,2145,SUN_R,2688,SUN_NDV,-0.1124,SUN_ANGLE,-67.76
TM,MAG_X,-15.68,MAG_Y,39.55,MAG_Z,-8.67,MAG_HEADING,111.63
TM,GYRO_X,-1.024,GYRO_Y,-2.336,GYRO_Z,0.064,BODY_RATE,-0.064
TM,TEAM_CR,191,954761,0.0,-1.2,-1.5,1.5,-0.5,-19.0,-22.4,0.0,-19,3
TM,TEAM_CR,192,954801,0.0,-1.5,-1.5,1.5,-0.5,-18.9,-22.4,0.0,-19,3
TM,TEAM_CR,193,954851,0.0,-1.5,-1.5,1.5,-0.2,-19.2,-22.4,0.0,-19,3
TM,TEAM_CR,194,954891,0.0,-1.5,-1.5,1.5,0.3,-19.6,-22.3,0.0,-20,3
TM,TEAM_CR,195,954931,0.0,-1.5,-1.5,1.5,-0.2,-19.1,-22.3,0.0,-19,3
TM,TEAM_CR,196,954971,0.0,-1.7,-1.5,1.5,-0.7,-18.6,-22.3,0.0,-19,3
TM,TEAM_CR,197,955020,0.0,-1.6,-1.5,1.5,-0.3,-18.9,-22.2,0.0,-19,3
TM,TEAM_CR,198,955060,0.0,-1.4,-1.5,1.5,0.2,-19.4,-22.2,0.0,-19,3
TM,TEAM_CR,199,955101,0.0,-1.2,-1.5,1.5,0.2,-19.4,-22.2,0.0,-19,3
TM,TEAM_CR,200,955141,0.0,-1.9,-1.5,1.5,-0.4,-18.7,-22.2,0.0,-19,3
TM,TEAM_CR,201,955181,0.0,-1.6,-1.5,1.5,-0.3,-18.8,-22.1,0.0,-19,3
TM,TEAM_CR,202,955221,0.0,-1.6,-1.5,1.5,-0.2,-18.8,-22.1,0.0,-19,3
TM,TEAM_CR,203,955261,0.0,-1.1,-1.5,1.5,0.1,-19.1,-22.1,0.0,-19,3
TM,TEAM_CR,204,955301,0.0,-1.6,-1.5,1.5,-0.2,-18.8,-22.0,0.0,-19,3
TM,TEAM_CR,205,955351,0.0,-1.5,-1.5,1.5,-0.5,-18.4,-22.0,0.0,-18,3
TM,TEAM_CR,206,955400,0.0,-1.7,-1.6,1.6,0.0,-18.9,-22.0,0.0,-19,3
TM,TEAM_CR,207,955440,0.0,-1.6,-1.6,1.6,0.5,-19.3,-21.9,0.0,-19,3
TM,TEAM_CR,208,955480,0.0,-1.5,-1.5,1.5,0.1,-18.9,-21.9,0.0,-19,3
TM,TEAM_CR,209,955520,0.0,-1.5,-1.6,1.6,-0.5,-18.2,-21.9,0.0,-18,3
TM,SUN_L,2662,SUN_R,3201,SUN_NDV,-0.0919,SUN_ANGLE,-50.18
TM,MAG_X,-15.49,MAG_Y,39.58,MAG_Z,-9.09,MAG_HEADING,111.37
TM,GYRO_X,-0.639,GYRO_Y,-2.476,GYRO_Z,0.169,BODY_RATE,-0.169
TM,TEAM_CR,210,955560,0.0,-2.0,-1.6,1.6,-0.7,-18.0,-21.8,0.0,-18,3
TM,TEAM_CR,211,955601,0.0,-1.5,-1.6,1.6,-0.1,-18.5,-21.8,0.0,-19,3
TM,ADCS_MODE,MANUAL,ADCS_REFERENCE,SUN,TARGET,0.00,POINTING_ERROR,37.13,SUN_ERROR,53.81,MAG_ERROR,-111.37,GYRO_Z,-1.178,RW_CMD,0
TM,EST_RAW,-53.81,EST_FILTERED,-53.81,EST_ANGLE,-37.13,EST_FILTER,ON,EST_FILTER_TYPE,MOVING_AVERAGE,EST_MA_WINDOW,1,EST_FILTER_STRENGTH,0.35
TM,EST_FUSION,ON,EST_GYRO_WEIGHT,0.98,EST_VALID,1
TM,TEAM_CR,212,955641,0.0,-1.6,-1.6,1.6,0.4,-19.0,-21.8,0.0,-19,3
TM,TEAM_CR,213,955681,0.0,-1.5,-1.6,1.6,-0.4,-18.2,-21.8,0.0,-18,3
TM,TEAM_CR,214,955721,0.0,-1.7,-1.6,1.6,-0.4,-18.1,-21.7,0.0,-18,3
TM,TEAM_CR,215,955761,0.0,-1.7,-1.6,1.6,-0.4,-18.1,-21.7,0.0,-18,3
TM,TEAM_CR,216,955802,0.0,-1.5,-1.6,1.6,0.2,-18.6,-21.7,0.0,-19,3
TM,TEAM_CR,217,955850,0.0,-1.7,-1.6,1.6,-0.1,-18.3,-21.6,0.0,-18,3
TM,TEAM_CR,218,955890,0.0,-1.6,-1.6,1.6,-0.4,-18.0,-21.6,0.0,-18,3
TM,TEAM_CR,219,955930,0.0,-1.7,-1.6,1.6,-0.4,-17.9,-21.6,0.0,-18,3
TM,TEAM_CR,220,955971,0.0,-1.6,-1.6,1.6,-0.4,-17.8,-21.5,0.0,-18,3
TM,TEAM_CR,221,956019,0.0,-1.7,-1.6,1.6,0.3,-18.6,-21.5,0.0,-19,3
TM,TEAM_CR,222,956059,0.0,-1.6,-1.6,1.6,-0.3,-17.9,-21.5,0.0,-18,3
TM,TEAM_CR,223,956102,0.0,-2.0,-1.6,1.6,-0.5,-17.7,-21.4,0.0,-18,3
TM,TEAM_CR,224,956142,0.0,-1.7,-1.7,1.7,-0.3,-17.8,-21.4,0.0,-18,3
TM,TEAM_CR,225,956182,0.0,-1.5,-1.7,1.7,0.2,-18.2,-21.4,0.0,-18,3
TM,TEAM_CR,226,956222,0.0,-1.4,-1.7,1.7,0.1,-18.1,-21.3,0.0,-18,3
TM,TEAM_CR,227,956262,0.0,-1.7,-1.7,1.7,-0.6,-17.3,-21.3,0.0,-17,3
TM,SUN_L,2867,SUN_R,3257,SUN_NDV,-0.0637,SUN_ANGLE,-45.43
TM,MAG_X,-15.90,MAG_Y,39.23,MAG_Z,-8.54,MAG_HEADING,112.07
TM,GYRO_X,2.888,GYRO_Y,-2.074,GYRO_Z,-27.218,BODY_RATE,27.218
TM,TEAM_CR,228,956303,0.0,-1.6,-1.7,1.7,-0.3,-17.6,-21.3,0.0,-18,3
TM,TEAM_CR,229,956352,0.0,-1.5,-1.7,1.7,0.5,-18.4,-21.2,0.0,-18,3
TM,TEAM_CR,230,956400,0.0,-1.5,-1.7,1.7,0.1,-17.9,-21.2,0.0,-18,3
TM,TEAM_CR,231,956440,0.0,-1.6,-1.7,1.7,-0.3,-17.5,-21.2,0.0,-18,3
TM,TEAM_CR,232,956480,0.0,-1.7,-1.7,1.7,-0.4,-17.4,-21.1,0.0,-17,3
TM,TEAM_CR,233,956520,0.0,-1.7,-1.7,1.7,0.1,-17.9,-21.1,0.0,-18,3
TM,TEAM_CR,234,956560,0.0,-1.7,-1.7,1.7,0.4,-18.1,-21.1,0.0,-18,3
TM,ADCS_MODE,MANUAL,ADCS_REFERENCE,SUN,TARGET,0.00,POINTING_ERROR,36.65,SUN_ERROR,46.47,MAG_ERROR,-112.07,GYRO_Z,-2.815,RW_CMD,0
TM,EST_RAW,-46.47,EST_FILTERED,-46.47,EST_ANGLE,-36.65,EST_FILTER,ON,EST_FILTER_TYPE,MOVING_AVERAGE,EST_MA_WINDOW,1,EST_FILTER_STRENGTH,0.35
TM,EST_FUSION,ON,EST_GYRO_WEIGHT,0.98,EST_VALID,1
TM,TEAM_CR,235,956602,0.0,-1.7,-1.7,1.7,-0.3,-17.4,-21.0,0.0,-17,3
TM,TEAM_CR,236,956642,0.0,-1.7,-1.7,1.7,-0.2,-17.4,-21.0,0.0,-17,3
TM,TEAM_CR,237,956682,0.0,-1.6,-1.7,1.7,0.0,-17.5,-21.0,0.0,-18,3
TM,TEAM_CR,238,956722,0.0,-1.7,-1.7,1.7,0.3,-17.9,-20.9,0.0,-18,3
TM,TEAM_CR,239,956762,0.0,-1.7,-1.7,1.7,-0.2,-17.3,-20.9,0.0,-17,3
TM,TEAM_CR,240,956802,0.0,-1.7,-1.7,1.7,-0.6,-16.8,-20.9,0.0,-17,3
TM,TEAM_CR,241,956852,0.0,-1.7,-1.7,1.7,-0.2,-17.2,-20.8,0.0,-17,3
TM,TEAM_CR,242,956892,0.0,-1.7,-1.7,1.7,0.4,-17.8,-20.8,0.0,-18,3
TM,TEAM_CR,243,956932,0.0,-1.8,-1.7,1.7,-0.2,-17.1,-20.8,0.0,-17,3
TM,TEAM_CR,244,956972,0.0,-1.8,-1.7,1.7,-0.2,-17.0,-20.7,0.0,-17,3
TM,TEAM_CR,245,957020,0.0,-1.7,-1.7,1.7,0.0,-17.2,-20.7,0.0,-17,3
TM,SUN_L,2586,SUN_R,2991,SUN_NDV,-0.0726,SUN_ANGLE,-49.51
TM,MAG_X,-16.56,MAG_Y,37.65,MAG_Z,-9.33,MAG_HEADING,113.74
TM,GYRO_X,-3.220,GYRO_Y,-1.697,GYRO_Z,8.342,BODY_RATE,-8.342
TM,TEAM_CR,246,957060,0.0,-1.4,-1.7,1.7,0.2,-17.5,-20.7,0.0,-17,3
TM,TEAM_CR,247,957102,0.0,-1.7,-1.7,1.7,-0.3,-17.0,-20.6,0.0,-17,3
TM,TEAM_CR,248,957142,0.0,-1.6,-1.7,1.7,-0.2,-16.9,-20.6,0.0,-17,3
TM,TEAM_CR,249,957182,0.0,-1.8,-1.7,1.7,-0.2,-17.0,-20.6,0.0,-17,3
TM,TEAM_CR,250,957222,0.0,-1.7,-1.7,1.7,0.2,-17.3,-20.5,0.0,-17,3
TM,TEAM_CR,251,957262,0.0,-1.7,-1.7,1.7,0.2,-17.3,-20.5,0.0,-17,3
TM,TEAM_CR,252,957302,0.0,-1.6,-1.7,1.7,-0.3,-16.8,-20.4,0.0,-17,3
TM,TEAM_CR,253,957352,0.0,-1.7,-1.7,1.7,-0.2,-16.8,-20.4,0.0,-17,3
TM,TEAM_CR,254,957400,0.0,-1.8,-1.7,1.7,0.4,-17.4,-20.4,0.0,-17,3
TM,TEAM_CR,255,957440,0.0,-1.7,-1.7,1.7,0.1,-17.1,-20.3,0.0,-17,3
TM,TEAM_CR,256,957481,0.0,-1.6,-1.7,1.7,-0.4,-16.6,-20.3,0.0,-17,3
TM,TEAM_CR,257,957520,0.0,-1.7,-1.7,1.7,-0.3,-16.6,-20.3,0.0,-17,3
TM,ADCS_MODE,MANUAL,ADCS_REFERENCE,SUN,TARGET,0.00,POINTING_ERROR,39.09,SUN_ERROR,45.98,MAG_ERROR,-112.91,GYRO_Z,-17.296,RW_CMD,0
TM,EST_RAW,-45.98,EST_FILTERED,-45.98,EST_ANGLE,-39.09,EST_FILTER,ON,EST_FILTER_TYPE,MOVING_AVERAGE,EST_MA_WINDOW,1,EST_FILTER_STRENGTH,0.35
TM,EST_FUSION,ON,EST_GYRO_WEIGHT,0.98,EST_VALID,1
TM,TEAM_CR,258,957560,0.0,-1.7,-1.7,1.7,0.2,-17.0,-20.2,0.0,-17,3
TM,TEAM_CR,259,957603,0.0,-1.7,-1.7,1.7,0.7,-17.5,-20.2,0.0,-18,3
TM,TEAM_CR,260,957642,0.0,-1.7,-1.7,1.7,-0.1,-16.7,-20.2,0.0,-17,3
TM,TEAM_CR,261,957682,0.0,-1.8,-1.7,1.7,-0.3,-16.5,-20.1,0.0,-16,3
TM,TEAM_CR,262,957722,0.0,-1.4,-1.7,1.7,0.2,-17.0,-20.1,0.0,-17,3
TM,TEAM_CR,263,957762,0.0,-1.6,-1.7,1.7,0.1,-16.8,-20.1,0.0,-17,3
TM,SUN_L,3138,SUN_R,3504,SUN_NDV,-0.0551,SUN_ANGLE,-41.56
TM,MAG_X,-16.19,MAG_Y,38.32,MAG_Z,-8.99,MAG_HEADING,112.91
TM,GYRO_X,1.645,GYRO_Y,-1.531,GYRO_Z,-13.533,BODY_RATE,13.533
TM,TEAM_CR,264,957802,0.0,-1.7,-1.7,1.7,0.0,-16.6,-20.0,0.0,-17,3
TM,TEAM_CR,265,957853,0.0,-1.7,-1.7,1.7,-0.1,-16.5,-20.0,0.0,-17,3
TM,TEAM_CR,266,957892,0.0,-1.7,-1.7,1.7,0.5,-17.1,-20.0,0.0,-17,3
TM,TEAM_CR,267,957932,0.0,-1.8,-1.7,1.7,0.3,-16.9,-19.9,0.0,-17,3
TM,TEAM_CR,268,957972,0.0,-2.0,-1.7,1.7,0.1,-16.6,-19.9,0.0,-17,3
TM,TEAM_CR,269,958020,0.0,-1.8,-1.7,1.7,-0.3,-16.2,-19.9,0.0,-16,3
TM,TEAM_CR,270,958060,0.0,-1.8,-1.7,1.7,0.5,-16.9,-19.8,0.0,-17,3
TM,TEAM_CR,271,958101,0.0,-1.4,-1.7,1.7,0.2,-16.6,-19.8,0.0,-17,3
TM,TEAM_CR,272,958141,0.0,-1.8,-1.7,1.7,-0.2,-16.2,-19.8,0.0,-16,3
TM,TEAM_CR,273,958181,0.0,-1.7,-1.7,1.7,-0.1,-16.3,-19.7,0.0,-16,3
TM,TEAM_CR,274,958221,0.0,-1.8,-1.7,1.7,0.3,-16.6,-19.7,0.0,-17,3
TM,TEAM_CR,275,958261,0.0,-1.4,-1.7,1.7,0.2,-16.5,-19.7,0.0,-16,3
TM,TEAM_CR,276,958301,0.0,-1.7,-1.7,1.7,0.0,-16.3,-19.6,0.0,-16,3
TM,TEAM_CR,277,958352,0.0,-1.7,-1.7,1.7,-0.3,-15.9,-19.6,0.0,-16,3
TM,TEAM_CR,278,958400,0.0,-1.6,-1.7,1.7,0.4,-16.6,-19.6,0.0,-17,3
TM,TEAM_CR,279,958440,0.0,-1.7,-1.7,1.7,0.2,-16.4,-19.5,0.0,-16,3
TM,TEAM_CR,280,958479,0.0,-1.7,-1.7,1.7,-0.1,-16.1,-19.5,0.0,-16,3
TM,ADCS_MODE,MANUAL,ADCS_REFERENCE,SUN,TARGET,0.00,POINTING_ERROR,43.31,SUN_ERROR,39.45,MAG_ERROR,-111.08,GYRO_Z,50.753,RW_CMD,0
TM,EST_RAW,-39.45,EST_FILTERED,-39.45,EST_ANGLE,-43.31,EST_FILTER,ON,EST_FILTER_TYPE,MOVING_AVERAGE,EST_MA_WINDOW,1,EST_FILTER_STRENGTH,0.35
TM,EST_FUSION,ON,EST_GYRO_WEIGHT,0.98,EST_VALID,1
TM,TEAM_CR,281,958519,0.0,-1.7,-1.7,1.7,-0.2,-15.9,-19.5,0.0,-16,3
TM,SUN_L,3312,SUN_R,3637,SUN_NDV,-0.0468,SUN_ANGLE,-38.12
TM,MAG_X,-15.44,MAG_Y,40.05,MAG_Z,-8.69,MAG_HEADING,111.08
TM,GYRO_X,-10.552,GYRO_Y,-3.465,GYRO_Z,53.667,BODY_RATE,-53.667
TM,TEAM_CR,282,958559,0.0,-1.7,-1.7,1.7,0.4,-16.5,-19.4,0.0,-16,3
TM,TEAM_CR,283,958602,0.0,-1.7,-1.7,1.7,0.7,-16.8,-19.4,0.0,-17,3
TM,TEAM_CR,284,958642,0.0,-1.7,-1.6,1.6,0.3,-16.4,-19.4,0.0,-16,3
TM,TEAM_CR,285,958682,0.0,-1.7,-1.7,1.7,-0.2,-15.9,-19.3,0.0,-16,3
TM,TEAM_CR,286,958722,0.0,-1.6,-1.6,1.6,0.5,-16.5,-19.3,0.0,-17,3
TM,TEAM_CR,287,958762,0.0,-1.7,-1.6,1.6,0.2,-16.3,-19.3,0.0,-16,3
TM,TEAM_CR,288,958802,0.0,-1.7,-1.6,1.6,0.1,-16.1,-19.2,0.0,-16,3
TM,TEAM_CR,289,958852,0.0,-1.8,-1.6,1.6,-0.1,-15.8,-19.2,0.0,-16,3
TM,TEAM_CR,290,958892,0.0,-1.6,-1.6,1.6,0.3,-16.2,-19.2,0.0,-16,3
TM,TEAM_CR,291,958932,0.0,-1.4,-1.6,1.6,0.3,-16.2,-19.1,0.0,-16,3
TM,TEAM_CR,292,958972,0.0,-1.6,-1.6,1.6,-0.2,-15.7,-19.1,0.0,-16,3
TM,TEAM_CR,293,959021,0.0,-1.6,-1.6,1.6,-0.3,-15.5,-19.1,0.0,-16,3
TM,TEAM_CR,294,959061,0.0,-1.2,-1.6,1.6,0.4,-16.3,-19.0,0.0,-16,3
TM,TEAM_CR,295,959101,0.0,-1.6,-1.6,1.6,0.6,-16.4,-19.0,0.0,-16,3
TM,TEAM_CR,296,959141,0.0,-1.7,-1.6,1.6,-0.3,-15.5,-19.0,0.0,-16,3
TM,TEAM_CR,297,959181,0.0,-1.7,-1.6,1.6,-0.1,-15.7,-19.0,0.0,-16,3
TM,TEAM_CR,298,959221,0.0,-2.0,-1.6,1.6,0.4,-16.1,-18.9,0.0,-16,3
TM,TEAM_CR,299,959261,0.0,-1.6,-1.6,1.6,0.3,-16.0,-18.9,0.0,-16,3
TM,TEAM_CR,300,959302,0.0,-1.6,-1.6,1.6,-0.1,-15.6,-18.9,0.0,-16,3
TM,SUN_L,3057,SUN_R,3551,SUN_NDV,-0.0748,SUN_ANGLE,-46.14
TM,MAG_X,-12.22,MAG_Y,45.54,MAG_Z,-7.02,MAG_HEADING,105.03
TM,GYRO_X,-6.921,GYRO_Y,-3.203,GYRO_Z,34.863,BODY_RATE,-34.863
TM,TEAM_CR,301,959351,0.0,-1.6,-1.6,1.6,-0.4,-15.2,-18.8,0.0,-15,3
TM,TEAM_CR,302,959400,0.0,-1.6,-1.6,1.6,0.5,-16.2,-18.8,0.0,-16,3
TM,ADCS_MODE,MANUAL,ADCS_REFERENCE,SUN,TARGET,0.00,POINTING_ERROR,53.00,SUN_ERROR,46.68,MAG_ERROR,-105.03,GYRO_Z,34.320,RW_CMD,0
TM,EST_RAW,-46.68,EST_FILTERED,-46.68,EST_ANGLE,-53.00,EST_FILTER,ON,EST_FILTER_TYPE,MOVING_AVERAGE,EST_MA_WINDOW,1,EST_FILTER_STRENGTH,0.35
TM,EST_FUSION,ON,EST_GYRO_WEIGHT,0.98,EST_VALID,1
TM,TEAM_CR,303,959440,0.0,-1.6,-1.6,1.6,0.3,-16.0,-18.8,0.0,-16,3
TM,TEAM_CR,304,959480,0.0,-1.2,-1.6,1.6,0.0,-15.6,-18.7,0.0,-16,3
TM,TEAM_CR,305,959520,0.0,-1.7,-1.6,1.6,-0.1,-15.4,-18.7,0.0,-15,3
TM,TEAM_CR,306,959560,0.0,-1.6,-1.6,1.6,0.5,-16.1,-18.7,0.0,-16,3
TM,TEAM_CR,307,959601,0.0,-1.7,-1.6,1.6,-0.1,-15.5,-18.6,0.0,-15,3
TM,TEAM_CR,308,959641,0.0,-1.8,-1.6,1.6,-0.2,-15.2,-18.6,0.0,-15,3
TM,TEAM_CR,309,959681,0.0,-1.6,-1.6,1.6,0.2,-15.6,-18.6,0.0,-16,3
TM,TEAM_CR,310,959722,0.0,-1.7,-1.6,1.6,0.7,-16.2,-18.5,0.0,-16,3
TM,TEAM_CR,311,959762,0.0,-1.6,-1.5,1.5,0.0,-15.4,-18.5,0.0,-15,3
TM,TEAM_CR,312,959801,0.0,-1.6,-1.6,1.6,-0.2,-15.2,-18.5,0.0,-15,3
TM,TEAM_CR,313,959852,0.0,-1.6,-1.5,1.5,0.3,-15.7,-18.4,0.0,-16,3
TM,TEAM_CR,314,959892,0.0,-1.7,-1.5,1.5,0.5,-15.8,-18.4,0.0,-16,3
TM,TEAM_CR,315,959932,0.0,-1.4,-1.5,1.5,0.2,-15.5,-18.4,0.0,-16,3
TM,TEAM_CR,316,959972,0.0,-1.6,-1.5,1.5,-0.1,-15.2,-18.4,0.0,-15,3
TM,TEAM_CR,317,960020,0.0,-1.6,-1.5,1.5,0.4,-15.7,-18.3,0.0,-16,3
TM,TEAM_CR,318,960060,0.0,-1.7,-1.5,1.5,0.5,-15.8,-18.3,0.0,-16,3
TM,SUN_L,2846,SUN_R,3480,SUN_NDV,-0.1002,SUN_ANGLE,-49.71
TM,MAG_X,-9.68,MAG_Y,48.66,MAG_Z,-6.24,MAG_HEADING,101.25
TM,GYRO_X,-1.689,GYRO_Y,-1.330,GYRO_Z,-0.190,BODY_RATE,0.190
TM,TEAM_CR,319,960102,0.0,-1.5,-1.5,1.5,0.2,-15.5,-18.3,0.0,-15,3
TM,TEAM_CR,320,960142,0.0,-1.6,-1.5,1.5,-0.3,-14.9,-18.2,0.0,-15,3
TM,TEAM_CR,321,960182,0.0,-1.4,-1.5,1.5,0.3,-15.5,-18.2,0.0,-15,3
TM,TEAM_CR,322,960223,0.0,-1.4,-1.5,1.5,0.6,-15.7,-18.2,0.0,-16,3
TM,TEAM_CR,323,960262,0.0,-1.6,-1.5,1.5,0.1,-15.3,-18.1,0.0,-15,3
TM,TEAM_CR,324,960302,0.0,-1.6,-1.5,1.5,-0.4,-14.8,-18.1,0.0,-15,3
TM,TEAM_CR,325,960352,0.0,-1.4,-1.5,1.5,0.3,-15.4,-18.1,0.0,-15,3
TM,ADCS_MODE,MANUAL,ADCS_REFERENCE,SUN,TARGET,0.00,POINTING_ERROR,55.44,SUN_ERROR,50.44,MAG_ERROR,-100.55,GYRO_Z,26.130,RW_CMD,0
TM,EST_RAW,-50.44,EST_FILTERED,-50.44,EST_ANGLE,-55.44,EST_FILTER,ON,EST_FILTER_TYPE,MOVING_AVERAGE,EST_MA_WINDOW,1,EST_FILTER_STRENGTH,0.35
TM,EST_FUSION,ON,EST_GYRO_WEIGHT,0.98,EST_VALID,1
TM,TEAM_CR,326,960400,0.0,-1.6,-1.5,1.5,0.5,-15.6,-18.1,0.0,-16,3
TM,TEAM_CR,327,960440,0.0,-1.6,-1.5,1.5,-0.1,-15.0,-18.0,0.0,-15,3
TM,TEAM_CR,328,960480,0.0,-1.6,-1.5,1.5,-0.3,-14.7,-18.0,0.0,-15,3
TM,TEAM_CR,329,960520,0.0,-1.5,-1.5,1.5,0.3,-15.3,-18.0,0.0,-15,3
TM,TEAM_CR,330,960561,0.0,-1.5,-1.5,1.5,0.2,-15.2,-17.9,0.0,-15,3
TM,TEAM_CR,331,960603,0.0,-1.5,-1.5,1.5,0.0,-15.0,-17.9,0.0,-15,3
TM,TEAM_CR,332,960642,0.0,-1.5,-1.5,1.5,0.3,-15.3,-17.9,0.0,-15,3
TM,TEAM_CR,333,960682,0.0,-1.7,-1.5,1.5,0.6,-15.5,-17.8,0.0,-15,3
TM,TEAM_CR,334,960722,0.0,-1.5,-1.5,1.5,0.2,-15.1,-17.8,0.0,-15,3
TM,TEAM_CR,335,960762,0.0,-1.5,-1.5,1.5,-0.1,-14.8,-17.8,0.0,-15,3
TM,TEAM_CR,336,960802,0.0,-1.5,-1.4,1.4,0.6,-15.4,-17.8,0.0,-15,3
TM,SUN_L,2657,SUN_R,3425,SUN_NDV,-0.1263,SUN_ANGLE,-53.34
TM,MAG_X,-7.82,MAG_Y,50.93,MAG_Z,-5.54,MAG_HEADING,98.73
TM,GYRO_X,-4.305,GYRO_Y,-2.433,GYRO_Z,14.869,BODY_RATE,-14.869
TM,TEAM_CR,337,960851,0.0,-1.5,-1.4,1.4,0.6,-15.4,-17.7,0.0,-15,3
TM,TEAM_CR,338,960891,0.0,-1.5,-1.4,1.4,0.0,-14.9,-17.7,0.0,-15,3
TM,TEAM_CR,339,960931,0.0,-1.6,-1.4,1.4,-0.2,-14.6,-17.7,0.0,-15,3
TM,TEAM_CR,340,960971,0.0,-1.5,-1.4,1.4,0.4,-15.1,-17.6,0.0,-15,3
TM,TEAM_CR,341,961020,0.0,-2.1,-1.4,1.4,0.4,-15.1,-17.6,0.0,-15,3
TM,TEAM_CR,342,961060,0.0,-1.4,-1.4,1.4,0.2,-15.0,-17.6,0.0,-15,3
TM,TEAM_CR,343,961102,0.0,-1.6,-1.4,1.4,-0.4,-14.3,-17.6,0.0,-14,3
TM,TEAM_CR,344,961142,0.0,-1.5,-1.4,1.4,0.4,-15.1,-17.5,0.0,-15,3
TM,TEAM_CR,345,961182,0.0,-1.5,-1.4,1.4,0.0,-14.7,-17.5,0.0,-15,3
TM,TEAM_CR,346,961222,0.0,-1.5,-1.4,1.4,0.1,-14.7,-17.5,0.0,-15,3
TM,TEAM_CR,347,961262,0.0,-1.3,-1.4,1.4,0.0,-14.6,-17.4,0.0,-15,3
TM,TEAM_CR,348,961302,0.0,-1.5,-1.4,1.4,0.5,-15.1,-17.4,0.0,-15,3
TM,ADCS_MODE,MANUAL,ADCS_REFERENCE,SUN,TARGET,0.00,POINTING_ERROR,59.01,SUN_ERROR,59.84,MAG_ERROR,-98.73,GYRO_Z,18.868,RW_CMD,0
TM,EST_RAW,-59.84,EST_FILTERED,-59.84,EST_ANGLE,-59.01,EST_FILTER,ON,EST_FILTER_TYPE,MOVING_AVERAGE,EST_MA_WINDOW,1,EST_FILTER_STRENGTH,0.35
TM,EST_FUSION,ON,EST_GYRO_WEIGHT,0.98,EST_VALID,1
TM,TEAM_CR,349,961351,0.0,-1.6,-1.4,1.4,0.0,-14.6,-17.4,0.0,-15,3
TM,TEAM_CR,350,961400,0.0,-1.5,-1.4,1.4,-0.3,-14.3,-17.4,0.0,-14,3
TM,TEAM_CR,351,961440,0.0,-1.8,-1.4,1.4,0.3,-14.9,-17.3,0.0,-15,3
TM,TEAM_CR,352,961481,0.0,-1.5,-1.4,1.4,0.8,-15.4,-17.3,0.0,-15,3
TM,TEAM_CR,353,961520,0.0,-1.4,-1.4,1.4,0.4,-15.0,-17.3,0.0,-15,3
TM,TEAM_CR,354,961560,0.0,-1.6,-1.4,1.4,0.2,-14.7,-17.3,0.0,-15,3
TM,SUN_L,2307,SUN_R,3357,SUN_NDV,-0.1854,SUN_ANGLE,-67.76
TM,MAG_X,-6.00,MAG_Y,52.66,MAG_Z,-5.10,MAG_HEADING,96.50
TM,GYRO_X,-8.881,GYRO_Y,-2.406,GYRO_Z,37.085,BODY_RATE,-37.085
TM,TEAM_CR,355,961601,0.0,-1.4,-1.3,1.3,0.5,-15.1,-17.2,0.0,-15,3
TM,TEAM_CR,356,961641,0.0,-1.5,-1.3,1.3,0.8,-15.4,-17.2,0.0,-15,3
TM,TEAM_CR,357,961681,0.0,-1.5,-1.3,1.3,0.3,-14.8,-17.2,0.0,-15,3
TM,TEAM_CR,358,961721,0.0,-1.4,-1.3,1.3,-0.1,-14.5,-17.1,0.0,-14,3
TM,TEAM_CR,359,961761,0.0,-1.4,-1.3,1.3,0.3,-14.8,-17.1,0.0,-15,3
TM,TEAM_CR,360,961801,0.0,-1.4,-1.3,1.3,0.5,-15.0,-17.1,0.0,-15,3
TM,TEAM_CR,361,961852,0.0,-1.5,-1.3,1.3,0.3,-14.9,-17.1,0.0,-15,3
TM,TEAM_CR,362,961892,0.0,-1.4,-1.3,1.3,0.1,-14.6,-17.0,0.0,-15,3
TM,TEAM_CR,363,961932,0.0,-1.5,-1.3,1.3,0.3,-14.8,-17.0,0.0,-15,3
TM,TEAM_CR,364,961972,0.0,-1.4,-1.3,1.3,0.6,-15.1,-17.0,0.0,-15,3
TM,TEAM_CR,365,962020,0.0,-1.4,-1.3,1.3,-0.1,-14.4,-17.0,0.0,-14,3
TM,TEAM_CR,366,962060,0.0,-1.4,-1.3,1.3,0.7,-15.2,-16.9,0.0,-15,3
TM,TEAM_CR,367,962102,0.0,-1.4,-1.2,1.2,1.1,-15.6,-16.9,0.0,-16,3
TM,TEAM_CR,368,962142,0.0,-1.3,-1.2,1.2,0.3,-14.8,-16.9,0.0,-15,3
TM,TEAM_CR,369,962182,0.0,-1.3,-1.2,1.2,0.1,-14.5,-16.9,0.0,-15,3
TM,TEAM_CR,370,962222,0.0,-1.9,-1.2,1.2,0.6,-15.0,-16.8,0.0,-15,3
TM,TEAM_CR,371,962262,0.0,-1.4,-1.2,1.2,0.7,-15.1,-16.8,0.0,-15,3
TM,ADCS_MODE,MANUAL,ADCS_REFERENCE,SUN,TARGET,0.00,POINTING_ERROR,66.91,SUN_ERROR,67.76,MAG_ERROR,-92.77,GYRO_Z,15.849,RW_CMD,0
TM,EST_RAW,-66.91,EST_FILTERED,-66.91,EST_ANGLE,-66.91,EST_FILTER,ON,EST_FILTER_TYPE,MOVING_AVERAGE,EST_MA_WINDOW,1,EST_FILTER_STRENGTH,0.35
TM,EST_FUSION,ON,EST_GYRO_WEIGHT,0.98,EST_VALID,1
TM,TEAM_CR,372,962302,0.0,-1.4,-1.2,1.2,0.5,-14.9,-16.8,0.0,-15,3
TM,SUN_L,2238,SUN_R,3261,SUN_NDV,-0.1860,SUN_ANGLE,-67.76
TM,MAG_X,-2.69,MAG_Y,55.63,MAG_Z,-4.24,MAG_HEADING,92.77
TM,GYRO_X,-4.436,GYRO_Y,-3.001,GYRO_Z,13.067,BODY_RATE,-13.067
TM,TEAM_CR,373,962351,0.0,-1.2,-1.2,1.2,0.2,-14.7,-16.8,0.0,-15,3
TM,TEAM_CR,374,962400,0.0,-1.4,-1.1,1.1,0.8,-15.3,-16.8,0.0,-15,3
TM,TEAM_CR,375,962441,0.0,-1.4,-1.1,1.1,0.9,-15.4,-16.7,0.0,-15,3
TM,TEAM_CR,376,962480,0.0,-1.3,-1.1,1.1,0.6,-15.1,-16.7,0.0,-15,3
TM,TEAM_CR,377,962520,0.0,-1.3,-1.1,1.1,0.1,-14.6,-16.7,0.0,-15,3
TM,TEAM_CR,378,962560,0.0,-1.4,-1.1,1.1,0.8,-15.3,-16.7,0.0,-15,3
TM,TEAM_CR,379,962602,0.0,-1.2,-1.1,1.1,0.4,-14.9,-16.6,0.0,-15,3
TM,TEAM_CR,380,962642,0.0,-1.4,-1.1,1.1,0.1,-14.6,-16.6,0.0,-15,3
TM,TEAM_CR,381,962682,0.0,-1.2,-1.1,1.1,0.5,-15.0,-16.6,0.0,-15,3
TM,TEAM_CR,382,962722,0.0,-1.3,-1.0,1.0,0.8,-15.2,-16.6,0.0,-15,3
TM,TEAM_CR,383,962762,0.0,-1.3,-1.0,1.0,0.3,-14.8,-16.6,0.0,-15,3
TM,TEAM_CR,384,962802,0.0,-1.2,-1.0,1.0,-0.1,-14.3,-16.5,0.0,-14,3
TM,TEAM_CR,385,962851,0.0,-1.2,-1.0,1.0,0.4,-14.8,-16.5,0.0,-15,3
TM,TEAM_CR,386,962891,0.0,-1.2,-1.0,1.0,0.5,-15.0,-16.5,0.0,-15,3
TM,TEAM_CR,387,962931,0.0,-1.3,-1.0,1.0,0.1,-14.5,-16.5,0.0,-15,3
TM,TEAM_CR,388,962971,0.0,-1.3,-1.0,1.0,0.1,-14.5,-16.5,0.0,-15,3
TM,TEAM_CR,389,963020,0.0,-1.3,-1.0,1.0,0.4,-14.8,-16.4,0.0,-15,3
TM,TEAM_CR,390,963060,0.0,-1.1,-1.0,1.0,0.2,-14.6,-16.4,0.0,-15,3
TM,TEAM_CR,391,963101,0.0,-1.2,-1.0,1.0,0.0,-14.4,-16.4,0.0,-14,3
TM,SUN_L,2258,SUN_R,3214,SUN_NDV,-0.1747,SUN_ANGLE,-67.76
TM,MAG_X,-1.49,MAG_Y,56.56,MAG_Z,-3.82,MAG_HEADING,91.51
TM,GYRO_X,-2.214,GYRO_Y,-2.205,GYRO_Z,1.902,BODY_RATE,-1.902
TM,TEAM_CR,392,963141,0.0,-1.2,-1.0,1.0,0.3,-14.7,-16.4,0.0,-15,3
TM,TEAM_CR,393,963181,0.0,-1.1,-1.0,1.0,0.9,-16.4,-16.4,0.0,-16,3
TM,ADCS_MODE,MANUAL,ADCS_REFERENCE,SUN,TARGET,0.00,POINTING_ERROR,68.81,SUN_ERROR,67.76,MAG_ERROR,-90.77,GYRO_Z,2.532,RW_CMD,0
TM,EST_RAW,-68.81,EST_FILTERED,-68.81,EST_ANGLE,-68.81,EST_FILTER,ON,EST_FILTER_TYPE,MOVING_AVERAGE,EST_MA_WINDOW,1,EST_FILTER_STRENGTH,0.35
TM,EST_FUSION,ON,EST_GYRO_WEIGHT,0.98,EST_VALID,1
TM,TEAM_CR,394,963221,0.0,-1.0,-1.0,1.0,0.3,-16.4,-16.4,0.0,-16,3
TM,TEAM_CR,395,963261,0.0,-1.2,-1.0,1.0,0.0,-16.4,-16.4,0.0,-16,3
TM,TEAM_CR,396,963301,0.0,-1.1,-1.0,1.0,0.2,-16.4,-16.4,0.0,-16,3
TM,TEAM_CR,397,963350,0.0,-1.2,-1.0,1.0,0.0,-16.4,-16.4,0.0,-16,3
TM,TEAM_CR,398,963401,0.0,-1.2,-1.0,1.0,-0.2,-14.2,-16.4,0.0,-15,3
TM,TEAM_CR,399,963441,0.0,-1.0,-1.0,1.0,0.1,-14.4,-16.3,0.0,-14,3
TM,TEAM_CR,400,963481,0.0,-1.0,-1.0,1.0,0.4,-16.3,-16.3,0.0,-16,3
TM,TEAM_CR,401,963521,0.0,-1.1,-1.0,1.0,0.0,-16.3,-16.3,0.0,-16,3
TM,TEAM_CR,402,963561,0.0,-1.1,-1.0,1.0,0.0,-16.3,-16.3,0.0,-16,3
TM,TEAM_CR,403,963602,0.0,-1.2,-1.0,1.0,0.3,-16.3,-16.3,0.0,-16,3
TM,TEAM_CR,404,963642,0.0,-1.2,-1.0,1.0,0.0,-16.3,-16.3,0.0,-16,3
TM,TEAM_CR,405,963682,0.0,-1.2,-1.0,1.0,0.0,-16.3,-16.3,0.0,-16,3
TM,TEAM_CR,406,963722,0.0,-1.2,-1.0,1.0,-0.2,-14.1,-16.3,0.0,-15,3
TM,TEAM_CR,407,963763,0.0,-1.1,-1.0,1.0,0.4,-16.3,-16.3,0.0,-16,3
TM,TEAM_CR,408,963802,0.0,-1.1,-1.0,1.0,0.0,-16.3,-16.3,0.0,-16,3
TM,TEAM_CR,409,963852,0.0,-1.2,-1.0,1.0,0.2,-16.3,-16.3,0.0,-16,3
TM,TEAM_CR,410,963892,0.0,-1.2,-1.0,1.0,0.1,-16.3,-16.3,0.0,-16,3
TM,SUN_L,2256,SUN_R,3208,SUN_NDV,-0.1742,SUN_ANGLE,-67.76
TM,MAG_X,-0.62,MAG_Y,57.06,MAG_Z,-3.57,MAG_HEADING,90.63
TM,GYRO_X,-1.207,GYRO_Y,-2.503,GYRO_Z,0.545,BODY_RATE,-0.545
TM,TEAM_CR,411,963932,0.0,-1.2,-1.0,1.0,0.3,-16.3,-16.3,0.0,-16,3
TM,TEAM_CR,412,963972,0.0,-1.2,-1.0,1.0,0.2,-16.3,-16.3,0.0,-16,3
TM,TEAM_CR,413,964020,0.0,-1.0,-1.0,1.0,0.0,-14.3,-16.3,0.0,-14,3
TM,TEAM_CR,414,964060,0.0,-1.3,-1.0,1.0,0.6,-16.3,-16.3,0.0,-16,3
TM,TEAM_CR,415,964102,0.0,-1.2,-1.0,1.0,0.1,-16.3,-16.3,0.0,-16,3
TM,TEAM_CR,416,964142,0.0,-1.3,-1.0,1.0,-0.2,-16.3,-16.3,0.0,-16,3
TM,ADCS_MODE,MANUAL,ADCS_REFERENCE,SUN,TARGET,0.00,POINTING_ERROR,69.00,SUN_ERROR,67.76,MAG_ERROR,-90.63,GYRO_Z,1.648,RW_CMD,0
TM,EST_RAW,-69.00,EST_FILTERED,-69.00,EST_ANGLE,-69.00,EST_FILTER,ON,EST_FILTER_TYPE,MOVING_AVERAGE,EST_MA_WINDOW,1,EST_FILTER_STRENGTH,0.35
TM,EST_FUSION,ON,EST_GYRO_WEIGHT,0.98,EST_VALID,1
TM,TEAM_CR,417,964182,0.0,-1.2,-1.0,1.0,-0.1,-14.2,-16.3,0.0,-15,3
TM,TEAM_CR,418,964223,0.0,-1.1,-1.0,1.0,0.3,-16.3,-16.3,0.0,-16,3
TM,TEAM_CR,419,964263,0.0,-0.7,-1.0,1.0,0.0,-16.3,-16.3,0.0,-16,3
TM,TEAM_CR,420,964302,0.0,-1.2,-1.0,1.0,0.0,-16.3,-16.3,0.0,-16,3
TM,TEAM_CR,421,964352,0.0,-1.1,-1.0,1.0,0.1,-16.3,-16.3,0.0,-16,3
TM,TEAM_CR,422,964399,0.0,-1.2,-1.0,1.0,0.3,-14.5,-16.3,0.0,-15,3
TM,TEAM_CR,423,964439,0.0,-1.0,-1.0,1.0,0.3,-16.2,-16.2,0.0,-16,3
TM,TEAM_CR,424,964479,0.0,-1.3,-1.0,1.0,0.0,-14.2,-16.2,0.0,-14,3
TM,TEAM_CR,425,964519,0.0,-1.1,-1.0,1.0,0.5,-16.2,-16.2,0.0,-16,3
TM,TEAM_CR,426,964560,0.0,-1.2,-1.0,1.0,0.3,-16.2,-16.2,0.0,-16,3
TM,TEAM_CR,427,964602,0.0,-1.4,-1.0,1.0,-0.2,-14.0,-16.2,0.0,-15,3
TM,TEAM_CR,428,964642,0.0,-1.2,-1.0,1.0,0.2,-14.3,-16.2,0.0,-14,3
TM,SUN_L,2253,SUN_R,3216,SUN_NDV,-0.1761,SUN_ANGLE,-67.76
TM,MAG_X,-0.70,MAG_Y,56.99,MAG_Z,-3.70,MAG_HEADING,90.71
TM,GYRO_X,-2.747,GYRO_Y,-5.259,GYRO_Z,12.717,BODY_RATE,-12.717
TM,TEAM_CR,429,964683,0.0,-1.3,-1.0,1.0,0.5,-14.7,-16.2,0.0,-15,3
TM,TEAM_CR,430,964722,0.0,-1.3,-1.0,1.0,0.1,-14.2,-16.1,0.0,-14,3
TM,TEAM_CR,431,964762,0.0,-1.2,-1.0,1.0,0.0,-14.1,-16.1,0.0,-14,3
TM,TEAM_CR,432,964802,0.0,-1.1,-1.0,1.0,0.7,-14.7,-16.1,0.0,-15,3
TM,TEAM_CR,433,964853,0.0,-1.1,-1.0,1.0,0.2,-16.1,-16.1,0.0,-16,3
TM,TEAM_CR,434,964892,0.0,-1.1,-1.0,1.0,0.0,-16.1,-16.1,0.0,-16,3
TM,TEAM_CR,435,964932,0.0,-1.1,-1.0,1.0,-0.2,-13.8,-16.1,0.0,-14,3
TM,TEAM_CR,436,964972,0.0,-1.3,-1.0,1.0,0.6,-14.7,-16.1,0.0,-15,3
TM,TEAM_CR,437,965020,0.0,-1.1,-1.0,1.0,0.1,-16.1,-16.1,0.0,-16,3
TM,TEAM_CR,438,965060,0.0,-1.2,-1.0,1.0,-0.1,-16.1,-16.1,0.0,-16,3
TM,TEAM_CR,439,965103,0.0,-0.9,-1.0,1.0,0.2,-16.1,-16.1,0.0,-16,3
TM,ADCS_MODE,MANUAL,ADCS_REFERENCE,SUN,TARGET,0.00,POINTING_ERROR,71.61,SUN_ERROR,67.76,MAG_ERROR,-89.37,GYRO_Z,21.668,RW_CMD,0
TM,EST_RAW,-71.61,EST_FILTERED,-71.61,EST_ANGLE,-71.61,EST_FILTER,ON,EST_FILTER_TYPE,MOVING_AVERAGE,EST_MA_WINDOW,1,EST_FILTER_STRENGTH,0.35
TM,EST_FUSION,ON,EST_GYRO_WEIGHT,0.98,EST_VALID,1
TM,TEAM_CR,440,965142,0.0,-1.2,-1.0,1.0,0.5,-16.1,-16.1,0.0,-16,3
TM,TEAM_CR,441,965182,0.0,-0.9,-1.0,1.0,-0.2,-16.1,-16.1,0.0,-16,3
TM,TEAM_CR,442,965222,0.0,-1.2,-1.0,1.0,0.0,-14.1,-16.0,0.0,-14,3
TM,TEAM_CR,443,965262,0.0,-1.3,-1.0,1.0,0.2,-14.2,-16.0,0.0,-14,3
TM,TEAM_CR,444,965302,0.0,-1.3,-1.0,1.0,0.3,-16.0,-16.0,0.0,-16,3
TM,TEAM_CR,445,965351,0.0,-1.0,-1.0,1.0,0.0,-16.0,-16.0,0.0,-16,3
TM,TEAM_CR,446,965400,0.0,-1.5,-1.0,1.0,0.4,-16.0,-16.0,0.0,-16,3
TM,SUN_L,2273,SUN_R,3104,SUN_NDV,-0.1545,SUN_ANGLE,-67.76
TM,MAG_X,0.64,MAG_Y,57.94,MAG_Z,-3.30,MAG_HEADING,89.37
TM,GYRO_X,-0.595,GYRO_Y,-2.537,GYRO_Z,1.263,BODY_RATE,-1.263
TM,TEAM_CR,447,965440,0.0,-1.2,-1.0,1.0,0.0,-14.0,-16.0,0.0,-15,3
TM,TEAM_CR,448,965480,0.0,-1.3,-1.0,1.0,0.0,-14.0,-16.0,0.0,-14,3
TM,TEAM_CR,449,965520,0.0,-1.3,-1.0,1.0,0.2,-14.2,-16.0,0.0,-14,3
TM,TEAM_CR,450,965560,0.0,-1.2,-1.0,1.0,0.8,-16.0,-16.0,0.0,-16,3
TM,TEAM_CR,451,965601,0.0,-1.2,-1.0,1.0,0.6,-16.0,-16.0,0.0,-16,3
TM,TEAM_CR,452,965641,0.0,-1.2,-1.0,1.0,0.4,-16.0,-16.0,0.0,-16,3
TM,TEAM_CR,453,965681,0.0,-1.4,-1.0,1.0,0.4,-16.0,-16.0,0.0,-16,3
TM,TEAM_CR,454,965721,0.0,-1.3,-1.0,1.0,0.6,-16.0,-16.0,0.0,-16,3
TM,TEAM_CR,455,965761,0.0,-1.1,-1.0,1.0,-0.1,-16.0,-16.0,0.0,-16,3
TM,TEAM_CR,456,965801,0.0,-1.2,-1.0,1.0,0.2,-16.0,-16.0,0.0,-16,3
TM,TEAM_CR,457,965852,0.0,-1.1,-1.0,1.0,0.3,-16.0,-16.0,0.0,-16,3
TM,TEAM_CR,458,965892,0.0,-1.1,-1.0,1.0,0.0,-16.0,-16.0,0.0,-16,3
TM,TEAM_CR,459,965932,0.0,-1.1,-1.0,1.0,0.1,-16.0,-16.0,0.0,-16,3
TM,TEAM_CR,460,965972,0.0,-1.0,-1.0,1.0,-0.2,-16.0,-16.0,0.0,-16,3
TM,TEAM_CR,461,966020,0.0,-1.1,-1.0,1.0,0.4,-16.0,-16.0,0.0,-16,3
TM,TEAM_CR,462,966060,0.0,-1.2,-1.0,1.0,0.0,-16.0,-16.0,0.0,-16,3
TM,ADCS_MODE,MANUAL,ADCS_REFERENCE,SUN,TARGET,0.00,POINTING_ERROR,72.09,SUN_ERROR,67.76,MAG_ERROR,-88.60,GYRO_Z,10.118,RW_CMD,0
TM,EST_RAW,-72.08,EST_FILTERED,-72.08,EST_ANGLE,-72.09,EST_FILTER,ON,EST_FILTER_TYPE,MOVING_AVERAGE,EST_MA_WINDOW,1,EST_FILTER_STRENGTH,0.35
TM,EST_FUSION,ON,EST_GYRO_WEIGHT,0.98,EST_VALID,1
TM,TEAM_CR,463,966102,0.0,-1.3,-1.0,1.0,-0.2,-16.0,-16.0,0.0,-16,3
TM,TEAM_CR,464,966142,0.0,-1.2,-1.0,1.0,0.2,-14.2,-15.9,0.0,-14,3
TM,SUN_L,2276,SUN_R,3074,SUN_NDV,-0.1492,SUN_ANGLE,-67.76
TM,MAG_X,1.49,MAG_Y,58.70,MAG_Z,-3.30,MAG_HEADING,88.55
TM,GYRO_X,-0.971,GYRO_Y,-2.450,GYRO_Z,-0.260,BODY_RATE,0.260
TM,TEAM_CR,465,966182,0.0,-1.2,-1.0,1.0,0.4,-15.9,-15.9,0.0,-16,3
TM,TEAM_CR,466,966222,0.0,-1.3,-1.0,1.0,0.2,-15.9,-15.9,0.0,-16,3
TM,TEAM_CR,467,966262,0.0,-1.2,-1.0,1.0,0.2,-15.9,-15.9,0.0,-16,3
TM,TEAM_CR,468,966302,0.0,-1.1,-1.0,1.0,0.3,-15.9,-15.9,0.0,-16,3
TM,TEAM_CR,469,966351,0.0,-1.0,-1.0,1.0,0.2,-15.9,-15.9,0.0,-16,3
TM,TEAM_CR,470,966400,0.0,-1.4,-1.0,1.0,-0.3,-13.6,-15.9,0.0,-15,3
TM,TEAM_CR,471,966440,0.0,-1.3,-1.0,1.0,0.3,-14.2,-15.9,0.0,-14,3
TM,TEAM_CR,472,966480,0.0,-1.3,-1.0,1.0,0.6,-15.9,-15.9,0.0,-16,3
TM,TEAM_CR,473,966520,0.0,-1.3,-1.0,1.0,0.3,-15.9,-15.9,0.0,-16,3
TM,TEAM_CR,474,966560,0.0,-1.3,-1.0,1.0,0.1,-14.0,-15.9,0.0,-14,3
TM,TEAM_CR,475,966602,0.0,-1.3,-1.0,1.0,0.4,-15.9,-15.9,0.0,-16,3
TM,TEAM_CR,476,966642,0.0,-1.3,-1.0,1.0,0.4,-15.8,-15.8,0.0,-16,3
TM,TEAM_CR,477,966682,0.0,-1.3,-1.0,1.0,0.3,-15.8,-15.8,0.0,-16,3
TM,TEAM_CR,478,966722,0.0,-1.3,-1.0,1.0,0.4,-15.8,-15.8,0.0,-16,3
TM,TEAM_CR,479,966762,0.0,-1.1,-1.0,1.0,0.0,-15.8,-15.8,0.0,-16,3
TM,TEAM_CR,480,966802,0.0,-1.2,-1.0,1.0,-0.1,-13.7,-15.8,0.0,-15,3
TM,TEAM_CR,481,966851,0.0,-1.2,-1.0,1.0,0.3,-15.8,-15.8,0.0,-16,3
TM,TEAM_CR,482,966891,0.0,-1.1,-1.0,1.0,0.5,-15.8,-15.8,0.0,-16,3
TM,TEAM_CR,483,966931,0.0,-1.2,-1.0,1.0,-0.1,-15.8,-15.8,0.0,-16,3
TM,SUN_L,2273,SUN_R,3065,SUN_NDV,-0.1484,SUN_ANGLE,-67.76
TM,MAG_X,1.81,MAG_Y,58.74,MAG_Z,-3.42,MAG_HEADING,88.24
TM,GYRO_X,-1.251,GYRO_Y,-2.459,GYRO_Z,0.852,BODY_RATE,-0.852
TM,TEAM_CR,484,966971,0.0,-1.2,-1.0,1.0,-0.1,-13.7,-15.8,0.0,-15,3
TM,ADCS_MODE,MANUAL,ADCS_REFERENCE,SUN,TARGET,0.00,POINTING_ERROR,72.37,SUN_ERROR,67.76,MAG_ERROR,-88.24,GYRO_Z,1.884,RW_CMD,0
TM,EST_RAW,-72.37,EST_FILTERED,-72.37,EST_ANGLE,-72.37,EST_FILTER,ON,EST_FILTER_TYPE,MOVING_AVERAGE,EST_MA_WINDOW,1,EST_FILTER_STRENGTH,0.35
TM,EST_FUSION,ON,EST_GYRO_WEIGHT,0.98,EST_VALID,1
TM,TEAM_CR,485,967020,0.0,-1.0,-1.0,1.0,0.3,-15.8,-15.8,0.0,-16,3
TM,TEAM_CR,486,967060,0.0,-1.2,-1.0,1.0,0.2,-15.8,-15.8,0.0,-16,3
TM,TEAM_CR,487,967101,0.0,-1.2,-1.0,1.0,0.1,-15.8,-15.8,0.0,-16,3
TM,TEAM_CR,488,967141,0.0,-1.3,-1.0,1.0,0.1,-13.8,-15.8,0.0,-14,3
TM,TEAM_CR,489,967181,0.0,-1.3,-1.0,1.0,0.1,-13.8,-15.8,0.0,-14,3
TM,TEAM_CR,490,967221,0.0,-1.2,-1.0,1.0,0.2,-14.0,-15.7,0.0,-14,3
TM,TEAM_CR,491,967262,0.0,-1.0,-1.0,1.0,0.2,-15.7,-15.7,0.0,-16,3
TM,TEAM_CR,492,967301,0.0,-1.0,-1.0,1.0,0.2,-15.7,-15.7,0.0,-16,3
TM,TEAM_CR,493,967351,0.0,-1.0,-1.0,1.0,-0.1,-15.7,-15.7,0.0,-16,3
TM,TEAM_CR,494,967400,0.0,-1.2,-1.0,1.0,0.1,-15.7,-15.7,0.0,-16,3
TM,TEAM_CR,495,967440,0.0,-1.1,-1.0,1.0,-0.1,-15.7,-15.7,0.0,-16,3
TM,TEAM_CR,496,967480,0.0,-1.0,-1.0,1.0,0.1,-15.7,-15.7,0.0,-16,3
TM,TEAM_CR,497,967520,0.0,-1.2,-1.0,1.0,-0.1,-13.7,-15.7,0.0,-15,3
TM,TEAM_CR,498,967560,0.0,-1.2,-1.0,1.0,-0.1,-13.6,-15.7,0.0,-14,3
TM,TEAM_CR,499,967602,0.0,-1.2,-1.0,1.0,0.3,-14.0,-15.7,0.0,-14,3
TM,TEAM_CR,500,967642,0.0,-1.2,-1.0,1.0,0.3,-15.7,-15.7,0.0,-16,3
TM,TEAM_CR,501,967682,0.0,-1.2,-1.0,1.0,0.1,-15.7,-15.7,0.0,-16,3
TM,SUN_L,2270,SUN_R,3013,SUN_NDV,-0.1406,SUN_ANGLE,-67.76
TM,MAG_X,1.82,MAG_Y,58.88,MAG_Z,-3.25,MAG_HEADING,88.23
TM,GYRO_X,-1.864,GYRO_Y,-4.559,GYRO_Z,7.117,BODY_RATE,-7.117
TM,TEAM_CR,502,967723,0.0,-1.1,-1.0,1.0,0.2,-15.7,-15.7,0.0,-16,3
TM,TEAM_CR,503,967762,0.0,-1.3,-1.0,1.0,0.2,-15.7,-15.7,0.0,-16,3
TM,TEAM_CR,504,967802,0.0,-1.1,-1.0,1.0,0.0,-15.7,-15.7,0.0,-16,3
TM,TEAM_CR,505,967851,0.0,-1.1,-1.0,1.0,0.1,-15.7,-15.7,0.0,-16,3
TM,TEAM_CR,506,967891,0.0,-0.9,-1.0,1.0,-0.1,-15.7,-15.7,0.0,-16,3
TM,TEAM_CR,507,967931,0.0,-1.2,-1.0,1.0,-0.1,-15.7,-15.7,0.0,-16,3
TM,ADCS_MODE,MANUAL,ADCS_REFERENCE,SUN,TARGET,0.00,POINTING_ERROR,73.06,SUN_ERROR,67.76,MAG_ERROR,-87.68,GYRO_Z,8.044,RW_CMD,0
TM,EST_RAW,-73.06,EST_FILTERED,-73.06,EST_ANGLE,-73.06,EST_FILTER,ON,EST_FILTER_TYPE,MOVING_AVERAGE,EST_MA_WINDOW,1,EST_FILTER_STRENGTH,0.35
TM,EST_FUSION,ON,EST_GYRO_WEIGHT,0.98,EST_VALID,1
TM,TEAM_CR,508,967971,0.0,-0.9,-1.0,1.0,-0.1,-15.7,-15.7,0.0,-16,3
TM,TEAM_CR,509,968020,0.0,-1.1,-1.0,1.0,0.2,-15.7,-15.7,0.0,-16,3
TM,TEAM_CR,510,968060,0.0,-1.1,-1.0,1.0,0.2,-15.7,-15.7,0.0,-16,3
TM,TEAM_CR,511,968102,0.0,-0.7,-1.0,1.0,0.1,-15.7,-15.7,0.0,-16,3
TM,TEAM_CR,512,968142,0.0,-0.9,-1.0,1.0,0.1,-15.7,-15.7,0.0,-16,3
TM,TEAM_CR,513,968182,0.0,-0.9,-1.0,1.0,0.3,-15.7,-15.7,0.0,-16,3
TM,TEAM_CR,514,968223,0.0,-1.2,-1.0,1.0,-0.2,-15.7,-15.7,0.0,-16,3
TM,TEAM_CR,515,968262,0.0,-0.9,-1.0,1.0,0.0,-15.7,-15.7,0.0,-16,3
TM,TEAM_CR,516,968302,0.0,-1.0,-1.0,1.0,0.2,-15.7,-15.7,0.0,-16,3
TM,TEAM_CR,517,968352,0.0,-0.9,-1.0,1.0,-0.1,-15.7,-15.7,0.0,-16,3
TM,TEAM_CR,518,968399,0.0,-1.1,-1.0,1.0,0.1,-15.7,-15.7,0.0,-16,3
TM,TEAM_CR,519,968439,0.0,-1.2,-1.0,1.0,0.2,-15.7,-15.7,0.0,-16,3
TM,SUN_L,2264,SUN_R,2913,SUN_NDV,-0.1254,SUN_ANGLE,-67.76
TM,MAG_X,2.38,MAG_Y,58.96,MAG_Z,-3.82,MAG_HEADING,87.68
TM,GYRO_X,-3.596,GYRO_Y,-0.700,GYRO_Z,-3.025,BODY_RATE,3.025
TM,TEAM_CR,520,968479,0.0,-1.2,-1.0,1.0,0.2,-15.7,-15.7,0.0,-16,3
TM,TEAM_CR,521,968519,0.0,-0.8,-1.0,1.0,0.0,-15.7,-15.7,0.0,-16,3
TM,TEAM_CR,522,968560,0.0,-1.0,-1.0,1.0,-0.2,-15.7,-15.7,0.0,-16,3
TM,TEAM_CR,523,968602,0.0,-1.1,-1.0,1.0,0.0,-15.7,-15.7,0.0,-16,3
TM,TEAM_CR,524,968642,0.0,-1.5,-1.0,1.0,0.0,-15.7,-15.7,0.0,-16,3
TM,TEAM_CR,525,968682,0.0,-0.8,-1.0,1.0,-0.2,-15.7,-15.7,0.0,-16,3
TM,TEAM_CR,526,968722,0.0,-1.1,-1.0,1.0,0.0,-15.7,-15.7,0.0,-16,3
TM,TEAM_CR,527,968762,0.0,-1.0,-1.0,1.0,0.0,-15.7,-15.7,0.0,-16,3
TM,TEAM_CR,528,968802,0.0,-0.9,-1.0,1.0,0.0,-15.7,-15.7,0.0,-16,3
TM,TEAM_CR,529,968853,0.0,-1.0,-1.0,1.0,0.2,-15.7,-15.7,0.0,-16,3
TM,TEAM_CR,530,968892,0.0,-1.3,-1.0,1.0,0.1,-15.7,-15.7,0.0,-16,3
TM,ADCS_MODE,MANUAL,ADCS_REFERENCE,SUN,TARGET,0.00,POINTING_ERROR,74.14,SUN_ERROR,67.76,MAG_ERROR,-87.21,GYRO_Z,9.934,RW_CMD,0
TM,EST_RAW,-74.14,EST_FILTERED,-74.14,EST_ANGLE,-74.14,EST_FILTER,ON,EST_FILTER_TYPE,MOVING_AVERAGE,EST_MA_WINDOW,1,EST_FILTER_STRENGTH,0.35
TM,EST_FUSION,ON,EST_GYRO_WEIGHT,0.98,EST_VALID,1
TM,TEAM_CR,531,968932,0.0,-1.0,-1.0,1.0,-0.1,-15.7,-15.7,0.0,-16,3
TM,TEAM_CR,532,968972,0.0,-1.0,-1.0,1.0,-0.1,-15.7,-15.7,0.0,-16,3
TM,TEAM_CR,533,969020,0.0,-1.1,-1.0,1.0,-0.1,-15.7,-15.7,0.0,-16,3
TM,TEAM_CR,534,969061,0.0,-1.2,-1.0,1.0,-0.1,-15.7,-15.7,0.0,-16,3
TM,TEAM_CR,535,969102,0.0,-0.9,-1.0,1.0,-0.1,-15.7,-15.7,0.0,-16,3
TM,TEAM_CR,536,969142,0.0,-1.0,-1.0,1.0,0.1,-15.7,-15.7,0.0,-16,3
TM,TEAM_CR,537,969182,0.0,-1.1,-1.0,1.0,-0.1,-15.7,-15.7,0.0,-16,3
TM,SUN_L,2243,SUN_R,2858,SUN_NDV,-0.1206,SUN_ANGLE,-67.76
TM,MAG_X,3.62,MAG_Y,59.41,MAG_Z,-3.86,MAG_HEADING,86.52
TM,GYRO_X,0.026,GYRO_Y,-4.191,GYRO_Z,4.588,BODY_RATE,-4.588
TM,TEAM_CR,538,969222,0.0,-1.3,-1.0,1.0,0.2,-15.7,-15.7,0.0,-16,3
TM,TEAM_CR,539,969262,0.0,-1.0,-1.0,1.0,0.1,-15.7,-15.7,0.0,-16,3
TM,TEAM_CR,540,969302,0.0,-1.1,-1.0,1.0,0.2,-15.7,-15.7,0.0,-16,3
TM,TEAM_CR,541,969351,0.0,-1.2,-1.0,1.0,0.1,-15.7,-15.7,0.0,-16,3
TM,TEAM_CR,542,969400,0.0,-1.0,-1.0,1.0,0.1,-15.7,-15.7,0.0,-16,3
TM,TEAM_CR,543,969440,0.0,-0.8,-1.0,1.0,0.3,-15.7,-15.7,0.0,-16,3
TM,TEAM_CR,544,969480,0.0,-1.2,-1.0,1.0,0.0,-15.7,-15.7,0.0,-16,3
TM,TEAM_CR,545,969520,0.0,-0.7,-1.0,1.0,-0.1,-15.7,-15.7,0.0,-16,3
TM,TEAM_CR,546,969560,0.0,-1.0,-1.0,1.0,0.2,-15.7,-15.7,0.0,-16,3
TM,TEAM_CR,547,969601,0.0,-1.1,-1.0,1.0,0.0,-15.7,-15.7,0.0,-16,3
TM,TEAM_CR,548,969641,0.0,-1.1,-1.0,1.0,0.0,-13.7,-15.7,0.0,-14,3
TM,TEAM_CR,549,969681,0.0,-1.4,-1.0,1.0,0.1,-13.7,-15.6,0.0,-14,3
TM,TEAM_CR,550,969721,0.0,-1.1,-1.0,1.0,0.4,-14.1,-15.6,0.0,-14,3
TM,TEAM_CR,551,969761,0.0,-1.1,-1.0,1.0,0.3,-15.6,-15.6,0.0,-16,3
TM,TEAM_CR,552,969801,0.0,-1.0,-1.0,1.0,0.4,-15.6,-15.6,0.0,-16,3
TM,TEAM_CR,553,969852,0.0,-0.6,-1.0,1.0,-0.1,-15.6,-15.6,0.0,-16,3
TM,ADCS_MODE,MANUAL,ADCS_REFERENCE,SUN,TARGET,0.00,POINTING_ERROR,74.04,SUN_ERROR,67.76,MAG_ERROR,-86.82,GYRO_Z,-14.697,RW_CMD,0
TM,EST_RAW,-74.03,EST_FILTERED,-74.03,EST_ANGLE,-74.04,EST_FILTER,ON,EST_FILTER_TYPE,MOVING_AVERAGE,EST_MA_WINDOW,1,EST_FILTER_STRENGTH,0.35
TM,EST_FUSION,ON,EST_GYRO_WEIGHT,0.98,EST_VALID,1
TM,TEAM_CR,554,969892,0.0,-1.1,-1.0,1.0,-0.4,-15.6,-15.6,0.0,-16,3
TM,TEAM_CR,555,969932,0.0,-1.0,-1.0,1.0,-0.1,-13.5,-15.6,0.0,-14,3
TM,SUN_L,2261,SUN_R,2897,SUN_NDV,-0.1233,SUN_ANGLE,-67.76
TM,MAG_X,3.30,MAG_Y,59.31,MAG_Z,-3.46,MAG_HEADING,86.82
TM,GYRO_X,-2.205,GYRO_Y,-4.235,GYRO_Z,12.384,BODY_RATE,-12.384
TM,TEAM_CR,556,969972,0.0,-1.0,-1.0,1.0,0.0,-13.6,-15.6,0.0,-14,3
TM,TEAM_CR,557,970020,0.0,-0.9,-1.0,1.0,0.3,-15.6,-15.6,0.0,-16,3
TM,TEAM_CR,558,970060,0.0,-1.0,-1.0,1.0,0.3,-15.6,-15.6,0.0,-16,3
TM,TEAM_CR,559,970102,0.0,-0.9,-1.0,1.0,0.0,-15.6,-15.6,0.0,-16,3
TM,TEAM_CR,560,970142,0.0,-1.0,-1.0,1.0,-0.2,-15.6,-15.6,0.0,-16,3
TM,TEAM_CR,561,970182,0.0,-1.1,-1.0,1.0,-0.1,-15.6,-15.6,0.0,-16,3
TM,TEAM_CR,562,970222,0.0,-1.2,-1.0,1.0,-0.2,-13.4,-15.6,0.0,-15,3
TM,TEAM_CR,563,970262,0.0,-1.1,-1.0,1.0,0.3,-15.6,-15.6,0.0,-15,3
TM,TEAM_CR,564,970302,0.0,-0.9,-1.0,1.0,0.0,-15.6,-15.6,0.0,-16,3
TM,TEAM_CR,565,970351,0.0,-1.0,-1.0,1.0,-0.1,-15.6,-15.6,0.0,-16,3
TM,TEAM_CR,566,970400,0.0,-0.9,-1.0,1.0,0.3,-15.6,-15.6,0.0,-16,3
TM,TEAM_CR,567,970441,0.0,-1.0,-1.0,1.0,-0.2,-15.6,-15.6,0.0,-16,3
TM,TEAM_CR,568,970480,0.0,-0.8,-1.0,1.0,0.0,-15.6,-15.6,0.0,-16,3
TM,TEAM_CR,569,970520,0.0,-1.0,-1.0,1.0,0.0,-15.6,-15.6,0.0,-16,3
TM,TEAM_CR,570,970560,0.0,-1.1,-1.0,1.0,-0.1,-15.6,-15.6,0.0,-16,3
TM,TEAM_CR,571,970602,0.0,-1.1,-1.0,1.0,-0.2,-13.3,-15.5,0.0,-13,3
TM,TEAM_CR,572,970642,0.0,-1.1,-1.0,1.0,0.3,-13.8,-15.5,0.0,-14,3
TM,TEAM_CR,573,970682,0.0,-1.1,-1.0,1.0,0.7,-15.5,-15.5,0.0,-16,3
TM,TEAM_CR,574,970722,0.0,-1.2,-1.0,1.0,0.3,-15.5,-15.5,0.0,-16,3
TM,SUN_L,2268,SUN_R,2810,SUN_NDV,-0.1067,SUN_ANGLE,-67.76
TM,MAG_X,3.79,MAG_Y,59.68,MAG_Z,-3.28,MAG_HEADING,86.36
TM,GYRO_X,-1.365,GYRO_Y,-4.436,GYRO_Z,4.264,BODY_RATE,-4.264
TM,TEAM_CR,575,970762,0.0,-1.1,-1.0,1.0,0.1,-15.5,-15.5,0.0,-16,3
TM,ADCS_MODE,MANUAL,ADCS_REFERENCE,SUN,TARGET,0.00,POINTING_ERROR,75.66,SUN_ERROR,67.76,MAG_ERROR,-86.36,GYRO_Z,-1.791,RW_CMD,0
TM,EST_RAW,-75.66,EST_FILTERED,-75.66,EST_ANGLE,-75.66,EST_FILTER,ON,EST_FILTER_TYPE,MOVING_AVERAGE,EST_MA_WINDOW,1,EST_FILTER_STRENGTH,0.35
TM,EST_FUSION,ON,EST_GYRO_WEIGHT,0.98,EST_VALID,1
TM,TEAM_CR,576,970802,0.0,-1.0,-1.0,1.0,0.1,-15.5,-15.5,0.0,-16,3
TM,TEAM_CR,577,970851,0.0,-1.0,-1.0,1.0,-0.2,-15.5,-15.5,0.0,-16,3
TM,TEAM_CR,578,970891,0.0,-0.9,-1.0,1.0,-0.3,-15.5,-15.5,0.0,-16,3
TM,TEAM_CR,579,970931,0.0,-1.0,-1.0,1.0,-0.3,-15.5,-15.5,0.0,-16,3
TM,TEAM_CR,580,970971,0.0,-1.1,-1.0,1.0,0.1,-13.6,-15.5,0.0,-14,3
TM,TEAM_CR,581,971020,0.0,-1.1,-1.0,1.0,0.1,-13.6,-15.5,0.0,-14,3
TM,TEAM_CR,582,971060,0.0,-0.8,-1.0,1.0,0.4,-15.5,-15.5,0.0,-15,3
TM,TEAM_CR,583,971101,0.0,-0.9,-1.0,1.0,0.4,-15.5,-15.5,0.0,-15,3
TM,TEAM_CR,584,971141,0.0,-1.1,-0.9,0.9,0.4,-15.5,-15.5,0.0,-15,3
TM,TEAM_CR,585,971181,0.0,-0.9,-0.9,0.9,0.1,-15.5,-15.5,0.0,-15,3
TM,TEAM_CR,586,971221,0.0,-0.7,-0.9,0.9,0.1,-15.5,-15.5,0.0,-15,3
TM,TEAM_CR,587,971261,0.0,-0.8,-0.9,0.9,0.2,-15.5,-15.5,0.0,-15,3
TM,TEAM_CR,588,971301,0.0,-0.7,-0.9,0.9,0.2,-15.5,-15.5,0.0,-15,3
TM,TEAM_CR,589,971351,0.0,-1.0,-0.9,0.9,0.0,-15.5,-15.5,0.0,-15,3
TM,TEAM_CR,590,971401,0.0,-1.0,-0.9,0.9,0.0,-15.5,-15.5,0.0,-15,3
TM,TEAM_CR,591,971441,0.0,-1.2,-0.9,0.9,0.0,-15.5,-15.5,0.0,-15,3
TM,TEAM_CR,592,971481,0.0,-1.0,-0.9,0.9,0.1,-15.5,-15.5,0.0,-15,3
TM,SUN_L,2269,SUN_R,2818,SUN_NDV,-0.1079,SUN_ANGLE,-67.76
TM,MAG_X,4.18,MAG_Y,59.68,MAG_Z,-3.25,MAG_HEADING,86.00
TM,GYRO_X,-0.901,GYRO_Y,-2.249,GYRO_Z,-0.443,BODY_RATE,0.443
TM,TEAM_CR,593,971521,0.0,-0.9,-0.9,0.9,0.2,-15.5,-15.5,0.0,-15,3
TM,TEAM_CR,594,971561,0.0,-1.2,-0.9,0.9,0.0,-15.5,-15.5,0.0,-15,3
TM,TEAM_CR,595,971602,0.0,-0.8,-0.9,0.9,0.2,-15.5,-15.5,0.0,-15,3
TM,TEAM_CR,596,971642,0.0,-0.9,-0.9,0.9,0.1,-15.5,-15.5,0.0,-15,3
TM,TEAM_CR,597,971682,0.0,-0.8,-0.9,0.9,0.4,-15.5,-15.5,0.0,-15,3
TM,TEAM_CR,598,971722,0.0,-0.9,-0.9,0.9,0.1,-15.5,-15.5,0.0,-15,3
TM,ADCS_MODE,MANUAL,ADCS_REFERENCE,SUN,TARGET,0.00,POINTING_ERROR,75.55,SUN_ERROR,67.76,MAG_ERROR,-86.00,GYRO_Z,0.554,RW_CMD,0
TM,EST_RAW,-75.55,EST_FILTERED,-75.55,EST_ANGLE,-75.55,EST_FILTER,ON,EST_FILTER_TYPE,MOVING_AVERAGE,EST_MA_WINDOW,1,EST_FILTER_STRENGTH,0.35
TM,EST_FUSION,ON,EST_GYRO_WEIGHT,0.98,EST_VALID,1
TM,TEAM_CR,599,971762,0.0,-1.0,-0.9,0.9,0.4,-15.5,-15.5,0.0,-15,3
TM,TEAM_CR,600,971803,0.0,-1.1,-0.9,0.9,0.2,-15.5,-15.5,0.0,-15,3
TM,TEAM_CR,601,971852,0.0,-0.9,-0.9,0.9,0.2,-15.5,-15.5,0.0,-15,3
TM,TEAM_CR,602,971892,0.0,-0.9,-0.9,0.9,0.2,-15.5,-15.5,0.0,-15,3
TM,TEAM_CR,603,971932,0.0,-0.9,-0.9,0.9,0.3,-15.5,-15.5,0.0,-15,3
TM,TEAM_CR,604,971972,0.0,-1.1,-0.9,0.9,-0.2,-15.5,-15.5,0.0,-15,3
TM,TEAM_CR,605,972020,0.0,-1.1,-0.9,0.9,0.0,-15.5,-15.5,0.0,-15,3
TM,TEAM_CR,606,972060,0.0,-0.9,-0.9,0.9,0.1,-15.5,-15.5,0.0,-15,3
TM,TEAM_CR,607,972102,0.0,-1.0,-0.9,0.9,0.0,-15.5,-15.5,0.0,-15,3
TM,TEAM_CR,608,972142,0.0,-1.0,-0.9,0.9,0.1,-15.5,-15.5,0.0,-15,3
TM,TEAM_CR,609,972182,0.0,-0.9,-0.9,0.9,0.0,-15.5,-15.5,0.0,-15,3
TM,TEAM_CR,610,972222,0.0,-1.1,-0.9,0.9,0.0,-15.5,-15.5,0.0,-15,3
TM,SUN_L,2270,SUN_R,2812,SUN_NDV,-0.1067,SUN_ANGLE,-67.76
TM,MAG_X,4.29,MAG_Y,59.84,MAG_Z,-3.25,MAG_HEADING,85.90
TM,GYRO_X,-1.278,GYRO_Y,-2.188,GYRO_Z,0.090,BODY_RATE,-0.090
TM,TEAM_CR,611,972262,0.0,-1.0,-0.9,0.9,0.2,-15.5,-15.5,0.0,-15,3
TM,TEAM_CR,612,972302,0.0,-1.0,-0.9,0.9,0.2,-15.5,-15.5,0.0,-15,3
TM,TEAM_CR,613,972352,0.0,-0.9,-0.9,0.9,-0.2,-15.5,-15.5,0.0,-15,3
TM,TEAM_CR,614,972400,0.0,-1.2,-0.9,0.9,0.1,-15.5,-15.5,0.0,-15,3
TM,TEAM_CR,615,972440,0.0,-1.1,-0.9,0.9,0.0,-15.5,-15.5,0.0,-15,3
TM,TEAM_CR,616,972480,0.0,-0.8,-0.9,0.9,-0.1,-15.5,-15.5,0.0,-15,3
TM,TEAM_CR,617,972520,0.0,-0.9,-0.9,0.9,-0.1,-15.5,-15.5,0.0,-15,3
TM,TEAM_CR,618,972561,0.0,-0.9,-0.9,0.9,0.3,-15.5,-15.5,0.0,-15,3
TM,TEAM_CR,619,972603,0.0,-1.0,-0.9,0.9,0.3,-15.5,-15.5,0.0,-15,3
TM,TEAM_CR,620,972642,0.0,-0.9,-0.9,0.9,-0.1,-15.5,-15.5,0.0,-15,3
TM,TEAM_CR,621,972682,0.0,-1.1,-0.9,0.9,-0.1,-15.5,-15.5,0.0,-15,3
TM,ADCS_MODE,MANUAL,ADCS_REFERENCE,SUN,TARGET,0.00,POINTING_ERROR,75.65,SUN_ERROR,67.76,MAG_ERROR,-85.91,GYRO_Z,0.589,RW_CMD,0
TM,EST_RAW,-75.65,EST_FILTERED,-75.65,EST_ANGLE,-75.65,EST_FILTER,ON,EST_FILTER_TYPE,MOVING_AVERAGE,EST_MA_WINDOW,1,EST_FILTER_STRENGTH,0.35
TM,EST_FUSION,ON,EST_GYRO_WEIGHT,0.98,EST_VALID,1
TM,TEAM_CR,622,972722,0.0,-1.1,-0.9,0.9,0.1,-15.5,-15.5,0.0,-15,3
TM,TEAM_CR,623,972762,0.0,-0.9,-0.9,0.9,-0.4,-15.5,-15.5,0.0,-15,3
TM,TEAM_CR,624,972802,0.0,-1.1,-0.9,0.9,0.2,-15.5,-15.5,0.0,-15,3
TM,TEAM_CR,625,972851,0.0,-1.2,-0.9,0.9,0.4,-15.5,-15.5,0.0,-15,3
TM,TEAM_CR,626,972891,0.0,-1.1,-0.9,0.9,0.2,-15.5,-15.5,0.0,-15,3
TM,TEAM_CR,627,972931,0.0,-1.2,-0.9,0.9,0.4,-15.5,-15.5,0.0,-15,3
TM,TEAM_CR,628,972971,0.0,-1.0,-0.9,0.9,0.1,-15.5,-15.5,0.0,-15,3
TM,SUN_L,2269,SUN_R,2814,SUN_NDV,-0.1072,SUN_ANGLE,-67.76
TM,MAG_X,4.27,MAG_Y,59.79,MAG_Z,-3.28,MAG_HEADING,85.91
TM,GYRO_X,-0.989,GYRO_Y,-2.179,GYRO_Z,0.204,BODY_RATE,-0.204
TM,TEAM_CR,629,973021,0.0,-0.9,-0.9,0.9,0.2,-15.5,-15.5,0.0,-15,3
TM,TEAM_CR,630,973060,0.0,-0.9,-0.9,0.9,0.3,-15.5,-15.5,0.0,-15,3
TM,TEAM_CR,631,973102,0.0,-0.9,-0.9,0.9,0.2,-15.5,-15.5,0.0,-15,3
TM,TEAM_CR,632,973142,0.0,-1.3,-0.9,0.9,0.1,-15.5,-15.5,0.0,-15,3
TM,TEAM_CR,633,973182,0.0,-1.0,-0.9,0.9,0.1,-15.5,-15.5,0.0,-15,3
TM,TEAM_CR,634,973222,0.0,-1.3,-0.9,0.9,0.0,-15.5,-15.5,0.0,-15,3
TM,TEAM_CR,635,973262,0.0,-1.1,-0.9,0.9,0.3,-15.5,-15.5,0.0,-15,3
TM,TEAM_CR,636,973302,0.0,-0.8,-0.9,0.9,0.1,-15.5,-15.5,0.0,-15,3
TM,TEAM_CR,637,973351,0.0,-0.8,-0.9,0.9,-0.1,-15.5,-15.5,0.0,-15,3
TM,TEAM_CR,638,973400,0.0,-0.9,-0.9,0.9,0.2,-15.5,-15.5,0.0,-15,3
TM,TEAM_CR,639,973440,0.0,-0.6,-0.9,0.9,-0.1,-15.5,-15.5,0.0,-15,3
TM,TEAM_CR,640,973480,0.0,-0.9,-0.9,0.9,0.2,-15.5,-15.5,0.0,-15,3
TM,TEAM_CR,641,973520,0.0,-0.9,-0.9,0.9,0.0,-15.5,-15.5,0.0,-15,3
TM,TEAM_CR,642,973560,0.0,-1.1,-0.9,0.9,0.0,-15.5,-15.5,0.0,-15,3
TM,TEAM_CR,643,973601,0.0,-1.4,-0.9,0.9,0.1,-15.5,-15.5,0.0,-15,3
TM,TEAM_CR,644,973641,0.0,-0.9,-0.9,0.9,0.0,-15.5,-15.5,0.0,-15,3
TM,ADCS_MODE,MANUAL,ADCS_REFERENCE,SUN,TARGET,0.00,POINTING_ERROR,75.69,SUN_ERROR,67.76,MAG_ERROR,-86.03,GYRO_Z,0.449,RW_CMD,0
TM,EST_RAW,-75.69,EST_FILTERED,-75.69,EST_ANGLE,-75.69,EST_FILTER,ON,EST_FILTER_TYPE,MOVING_AVERAGE,EST_MA_WINDOW,1,EST_FILTER_STRENGTH,0.35
TM,EST_FUSION,ON,EST_GYRO_WEIGHT,0.98,EST_VALID,1
TM,TEAM_CR,645,973681,0.0,-0.8,-0.9,0.9,0.1,-15.5,-15.5,0.0,-15,3
TM,TEAM_CR,646,973721,0.0,-1.0,-0.9,0.9,0.3,-15.5,-15.5,0.0,-15,3
TM,SUN_L,2270,SUN_R,2807,SUN_NDV,-0.1058,SUN_ANGLE,-67.76
TM,MAG_X,4.14,MAG_Y,59.76,MAG_Z,-2.99,MAG_HEADING,86.03
TM,GYRO_X,-1.374,GYRO_Y,-2.293,GYRO_Z,1.508,BODY_RATE,-1.508
TM,TEAM_CR,647,973761,0.0,-1.0,-0.9,0.9,-0.1,-15.5,-15.5,0.0,-15,3
TM,TEAM_CR,648,973801,0.0,-0.9,-0.9,0.9,0.2,-15.5,-15.5,0.0,-15,3
TM,TEAM_CR,649,973851,0.0,-0.9,-0.9,0.9,0.0,-15.5,-15.5,0.0,-15,3
TM,TEAM_CR,650,973891,0.0,-1.0,-0.9,0.9,-0.1,-15.5,-15.5,0.0,-15,3
TM,TEAM_CR,651,973931,0.0,-0.8,-0.9,0.9,0.0,-15.5,-15.5,0.0,-15,3
TM,TEAM_CR,652,973971,0.0,-0.9,-0.9,0.9,0.0,-15.5,-15.5,0.0,-15,3
TM,TEAM_CR,653,974020,0.0,-0.9,-0.9,0.9,-0.1,-15.5,-15.5,0.0,-15,3
TM,TEAM_CR,654,974060,0.0,-1.0,-0.9,0.9,0.0,-15.5,-15.5,0.0,-15,3
TM,TEAM_CR,655,974101,0.0,-0.8,-0.9,0.9,0.2,-15.5,-15.5,0.0,-15,3
TM,TEAM_CR,656,974141,0.0,-1.0,-0.9,0.9,0.0,-15.5,-15.5,0.0,-15,3
TM,TEAM_CR,657,974181,0.0,-0.9,-0.9,0.9,0.1,-15.5,-15.5,0.0,-15,3
TM,TEAM_CR,658,974221,0.0,-1.0,-0.9,0.9,0.0,-15.5,-15.5,0.0,-15,3
TM,TEAM_CR,659,974261,0.0,-0.8,-0.9,0.9,0.1,-15.5,-15.5,0.0,-15,3
TM,TEAM_CR,660,974301,0.0,-1.0,-0.9,0.9,0.1,-15.5,-15.5,0.0,-15,3
TM,TEAM_CR,661,974351,0.0,-1.1,-0.9,0.9,0.1,-15.5,-15.5,0.0,-15,3
TM,TEAM_CR,662,974400,0.0,-0.9,-0.9,0.9,0.2,-15.5,-15.5,0.0,-15,3
TM,TEAM_CR,663,974440,0.0,-0.8,-0.9,0.9,0.3,-15.5,-15.5,0.0,-15,3
TM,TEAM_CR,664,974480,0.0,-0.8,-0.9,0.9,-0.1,-15.5,-15.5,0.0,-15,3
TM,TEAM_CR,665,974520,0.0,-0.8,-0.9,0.9,0.1,-15.5,-15.5,0.0,-15,3
TM,SUN_L,2269,SUN_R,2793,SUN_NDV,-0.1035,SUN_ANGLE,-67.76
TM,MAG_X,4.38,MAG_Y,59.90,MAG_Z,-3.25,MAG_HEADING,85.81
TM,GYRO_X,-1.409,GYRO_Y,-2.818,GYRO_Z,1.840,BODY_RATE,-1.840
TM,TEAM_CR,666,974560,0.0,-0.9,-0.9,0.9,-0.1,-15.5,-15.5,0.0,-15,3
TM,ADCS_MODE,MANUAL,ADCS_REFERENCE,SUN,TARGET,0.00,POINTING_ERROR,75.93,SUN_ERROR,67.76,MAG_ERROR,-85.81,GYRO_Z,1.525,RW_CMD,0
TM,EST_RAW,-75.93,EST_FILTERED,-75.93,EST_ANGLE,-75.93,EST_FILTER,ON,EST_FILTER_TYPE,MOVING_AVERAGE,EST_MA_WINDOW,1,EST_FILTER_STRENGTH,0.35
TM,EST_FUSION,ON,EST_GYRO_WEIGHT,0.98,EST_VALID,1
TM,TEAM_CR,667,974601,0.0,-0.8,-0.9,0.9,0.0,-15.5,-15.5,0.0,-15,3
TM,TEAM_CR,668,974641,0.0,-0.8,-0.8,0.8,0.4,-15.5,-15.5,0.0,-15,3
TM,TEAM_CR,669,974681,0.0,-0.8,-0.8,0.8,-0.1,-15.5,-15.5,0.0,-15,3
TM,TEAM_CR,670,974721,0.0,-0.9,-0.8,0.8,0.0,-15.5,-15.5,0.0,-15,3
TM,TEAM_CR,671,974761,0.0,-0.8,-0.8,0.8,0.0,-15.5,-15.5,0.0,-15,3
TM,TEAM_CR,672,974802,0.0,-1.0,-0.8,0.8,0.0,-15.5,-15.5,0.0,-15,3
TM,TEAM_CR,673,974851,0.0,-0.6,-0.8,0.8,0.3,-15.5,-15.5,0.0,-15,3
TM,TEAM_CR,674,974891,0.0,-0.8,-0.8,0.8,-0.1,-15.5,-15.5,0.0,-15,3
TM,TEAM_CR,675,974931,0.0,-0.8,-0.8,0.8,0.0,-15.5,-15.5,0.0,-15,3
TM,TEAM_CR,676,974971,0.0,-0.8,-0.8,0.8,0.5,-15.5,-15.5,0.0,-15,3
TM,TEAM_CR,677,975019,0.0,-0.9,-0.8,0.8,-0.1,-15.5,-15.5,0.0,-15,3
TM,TEAM_CR,678,975059,0.0,-0.6,-0.8,0.8,0.1,-15.5,-15.5,0.0,-15,3
TM,TEAM_CR,679,975102,0.0,-1.0,-0.8,0.8,0.1,-15.5,-15.5,0.0,-15,3
TM,TEAM_CR,680,975142,0.0,-0.9,-0.8,0.8,0.2,-15.5,-15.5,0.0,-15,3
TM,TEAM_CR,681,975182,0.0,-1.0,-0.8,0.8,0.2,-15.5,-15.5,0.0,-15,3
TM,TEAM_CR,682,975222,0.0,-1.0,-0.8,0.8,0.3,-15.5,-15.5,0.0,-15,3
TM,TEAM_CR,683,975262,0.0,-0.8,-0.8,0.8,0.2,-15.5,-15.5,0.0,-15,3
TM,SUN_L,2269,SUN_R,2781,SUN_NDV,-0.1014,SUN_ANGLE,-67.76
TM,MAG_X,4.45,MAG_Y,59.98,MAG_Z,-3.28,MAG_HEADING,85.76
TM,GYRO_X,-1.155,GYRO_Y,-2.651,GYRO_Z,1.097,BODY_RATE,-1.097
TM,TEAM_CR,684,975302,0.0,-0.9,-0.8,0.8,0.1,-15.5,-15.5,0.0,-15,3
TM,TEAM_CR,685,975352,0.0,-0.8,-0.8,0.8,0.1,-15.5,-15.5,0.0,-15,3
TM,TEAM_CR,686,975400,0.0,-0.8,-0.8,0.8,0.3,-15.5,-15.5,0.0,-15,3
TM,TEAM_CR,687,975440,0.0,-0.7,-0.8,0.8,0.1,-15.5,-15.5,0.0,-15,3
TM,TEAM_CR,688,975480,0.0,-0.8,-0.8,0.8,0.2,-15.5,-15.5,0.0,-15,3
TM,TEAM_CR,689,975520,0.0,-0.8,-0.8,0.8,0.1,-15.5,-15.5,0.0,-15,3
TM,ADCS_MODE,MANUAL,ADCS_REFERENCE,SUN,TARGET,0.00,POINTING_ERROR,76.19,SUN_ERROR,67.76,MAG_ERROR,-85.76,GYRO_Z,1.639,RW_CMD,0
TM,EST_RAW,-76.19,EST_FILTERED,-76.19,EST_ANGLE,-76.19,EST_FILTER,ON,EST_FILTER_TYPE,MOVING_AVERAGE,EST_MA_WINDOW,1,EST_FILTER_STRENGTH,0.35
TM,EST_FUSION,ON,EST_GYRO_WEIGHT,0.98,EST_VALID,1
TM,TEAM_CR,690,975560,0.0,-0.8,-0.8,0.8,0.1,-15.5,-15.5,0.0,-15,3
TM,TEAM_CR,691,975602,0.0,-0.7,-0.8,0.8,0.1,-15.5,-15.5,0.0,-15,3
TM,TEAM_CR,692,975642,0.0,-0.8,-0.8,0.8,0.1,-15.5,-15.5,0.0,-15,3
TM,TEAM_CR,693,975682,0.0,-0.7,-0.8,0.8,0.0,-15.5,-15.5,0.0,-15,3
TM,TEAM_CR,694,975722,0.0,-0.7,-0.7,0.7,0.3,-15.5,-15.5,0.0,-15,3
TM,TEAM_CR,695,975762,0.0,-1.0,-0.8,0.8,0.2,-15.5,-15.5,0.0,-15,3
TM,TEAM_CR,696,975802,0.0,-0.8,-0.8,0.8,-0.2,-15.5,-15.5,0.0,-15,3
TM,TEAM_CR,697,975852,0.0,-0.8,-0.7,0.7,0.0,-15.5,-15.5,0.0,-15,3
TM,TEAM_CR,698,975892,0.0,-1.0,-0.8,0.8,-0.1,-15.5,-15.5,0.0,-15,3
TM,TEAM_CR,699,975932,0.0,-1.0,-0.8,0.8,0.2,-15.5,-15.5,0.0,-15,3
TM,TEAM_CR,700,975972,0.0,-1.1,-0.8,0.8,0.0,-15.5,-15.5,0.0,-15,3
TM,TEAM_CR,701,976020,0.0,-0.8,-0.8,0.8,0.0,-15.5,-15.5,0.0,-15,3
TM,TEAM_CR,702,976060,0.0,-1.1,-0.8,0.8,-0.1,-15.5,-15.5,0.0,-15,3
TM,SUN_L,2269,SUN_R,2773,SUN_NDV,-0.1000,SUN_ANGLE,-67.76
TM,MAG_X,4.66,MAG_Y,59.97,MAG_Z,-3.58,MAG_HEADING,85.56
TM,GYRO_X,-0.998,GYRO_Y,-2.284,GYRO_Z,-0.330,BODY_RATE,0.330
TM,TEAM_CR,703,976103,0.0,-0.8,-0.8,0.8,0.2,-15.5,-15.5,0.0,-15,3
TM,TEAM_CR,704,976142,0.0,-0.8,-0.8,0.8,0.1,-15.5,-15.5,0.0,-15,3
TM,TEAM_CR,705,976182,0.0,-0.8,-0.8,0.8,0.2,-15.5,-15.5,0.0,-15,3
TM,TEAM_CR,706,976222,0.0,-0.8,-0.8,0.8,-0.1,-15.5,-15.5,0.0,-15,3
TM,TEAM_CR,707,976262,0.0,-1.0,-0.8,0.8,-0.1,-15.5,-15.5,0.0,-15,3
TM,TEAM_CR,708,976302,0.0,-0.8,-0.8,0.8,0.3,-15.5,-15.5,0.0,-15,3
TM,TEAM_CR,709,976352,0.0,-0.7,-0.8,0.8,-0.1,-15.5,-15.5,0.0,-15,3
TM,TEAM_CR,710,976400,0.0,-0.6,-0.8,0.8,0.4,-15.5,-15.5,0.0,-15,3
TM,TEAM_CR,711,976440,0.0,-0.9,-0.8,0.8,0.0,-15.5,-15.5,0.0,-15,3
TM,TEAM_CR,712,976480,0.0,-0.8,-0.8,0.8,0.2,-15.5,-15.5,0.0,-15,3
TM,ADCS_MODE,MANUAL,ADCS_REFERENCE,SUN,TARGET,0.00,POINTING_ERROR,76.21,SUN_ERROR,67.76,MAG_ERROR,-85.54,GYRO_Z,0.327,RW_CMD,0
TM,EST_RAW,-76.21,EST_FILTERED,-76.21,EST_ANGLE,-76.21,EST_FILTER,ON,EST_FILTER_TYPE,MOVING_AVERAGE,EST_MA_WINDOW,1,EST_FILTER_STRENGTH,0.35
TM,EST_FUSION,ON,EST_GYRO_WEIGHT,0.98,EST_VALID,1
TM,TEAM_CR,713,976520,0.0,-0.7,-0.8,0.8,0.1,-15.5,-15.5,0.0,-15,3
TM,TEAM_CR,714,976560,0.0,-0.7,-0.8,0.8,0.1,-15.5,-15.5,0.0,-15,3
TM,TEAM_CR,715,976601,0.0,-0.9,-0.8,0.8,0.3,-15.5,-15.5,0.0,-15,3
TM,TEAM_CR,716,976641,0.0,-1.0,-0.8,0.8,0.3,-15.5,-15.5,0.0,-15,3
TM,TEAM_CR,717,976681,0.0,-0.9,-0.8,0.8,0.4,-15.5,-15.5,0.0,-15,3
TM,TEAM_CR,718,976721,0.0,-0.9,-0.7,0.7,0.2,-15.5,-15.5,0.0,-15,3
TM,TEAM_CR,719,976761,0.0,-1.0,-0.7,0.7,0.1,-15.5,-15.5,0.0,-15,3
TM,TEAM_CR,720,976801,0.0,-1.1,-0.7,0.7,0.3,-15.5,-15.5,0.0,-15,3
TM,SUN_L,2269,SUN_R,2781,SUN_NDV,-0.1014,SUN_ANGLE,-67.76
TM,MAG_X,4.64,MAG_Y,60.08,MAG_Z,-3.17,MAG_HEADING,85.58
TM,GYRO_X,-0.788,GYRO_Y,-2.721,GYRO_Z,0.160,BODY_RATE,-0.160
TM,TEAM_CR,721,976852,0.0,-0.6,-0.7,0.7,0.1,-15.5,-15.5,0.0,-15,3
TM,TEAM_CR,722,976892,0.0,-0.9,-0.7,0.7,-0.2,-15.5,-15.5,0.0,-15,3
TM,TEAM_CR,723,976932,0.0,-1.0,-0.7,0.7,0.1,-15.5,-15.5,0.0,-15,3
TM,TEAM_CR,724,976972,0.0,-0.8,-0.7,0.7,0.1,-15.5,-15.5,0.0,-15,3
TM,TEAM_CR,725,977020,0.0,-0.9,-0.7,0.7,0.1,-15.5,-15.5,0.0,-15,3
TM,TEAM_CR,726,977060,0.0,-1.0,-0.7,0.7,0.2,-15.5,-15.5,0.0,-15,3
TM,TEAM_CR,727,977102,0.0,-1.0,-0.8,0.8,0.0,-15.5,-15.5,0.0,-15,3
TM,TEAM_CR,728,977142,0.0,-1.1,-0.8,0.8,0.0,-15.5,-15.5,0.0,-15,3
TM,TEAM_CR,729,977182,0.0,-1.0,-0.8,0.8,0.1,-15.5,-15.5,0.0,-15,3
TM,TEAM_CR,730,977222,0.0,-0.5,-0.8,0.8,0.3,-15.5,-15.5,0.0,-15,3
TM,TEAM_CR,731,977262,0.0,-0.9,-0.8,0.8,0.0,-15.5,-15.5,0.0,-15,3
TM,TEAM_CR,732,977302,0.0,-0.8,-0.8,0.8,-0.1,-15.5,-15.5,0.0,-15,3
TM,TEAM_CR,733,977351,0.0,-0.9,-0.8,0.8,0.1,-15.5,-15.5,0.0,-15,3
TM,TEAM_CR,734,977400,0.0,-0.9,-0.8,0.8,0.1,-15.5,-15.5,0.0,-15,3
TM,TEAM_CR,735,977440,0.0,-0.8,-0.8,0.8,-0.2,-15.5,-15.5,0.0,-15,3
TM,TEAM_CR,736,977480,0.0,-1.0,-0.8,0.8,0.4,-15.5,-15.5,0.0,-15,3
TM,ADCS_MODE,MANUAL,ADCS_REFERENCE,SUN,TARGET,0.00,POINTING_ERROR,76.20,SUN_ERROR,67.76,MAG_ERROR,-85.58,GYRO_Z,0.598,RW_CMD,0
TM,EST_RAW,-76.20,EST_FILTERED,-76.20,EST_ANGLE,-76.20,EST_FILTER,ON,EST_FILTER_TYPE,MOVING_AVERAGE,EST_MA_WINDOW,1,EST_FILTER_STRENGTH,0.35
TM,EST_FUSION,ON,EST_GYRO_WEIGHT,0.98,EST_VALID,1
TM,TEAM_CR,737,977520,0.0,-0.7,-0.8,0.8,0.0,-15.5,-15.5,0.0,-15,3
TM,TEAM_CR,738,977560,0.0,-0.7,-0.8,0.8,0.0,-15.5,-15.5,0.0,-15,3
TM,TEAM_CR,739,977602,0.0,-0.9,-0.8,0.8,-0.3,-15.5,-15.5,0.0,-15,3
TM,SUN_L,2269,SUN_R,2772,SUN_NDV,-0.0998,SUN_ANGLE,-67.76
TM,MAG_X,4.64,MAG_Y,60.00,MAG_Z,-3.31,MAG_HEADING,85.58
TM,GYRO_X,-0.936,GYRO_Y,-2.485,GYRO_Z,0.414,BODY_RATE,-0.414
TM,TEAM_CR,740,977642,0.0,-0.5,-0.8,0.8,0.1,-15.5,-15.5,0.0,-15,3
TM,TEAM_CR,741,977682,0.0,-1.1,-0.8,0.8,0.1,-15.5,-15.5,0.0,-15,3
TM,TEAM_CR,742,977722,0.0,-1.0,-0.8,0.8,0.0,-15.5,-15.5,0.0,-15,3
TM,TEAM_CR,743,977762,0.0,-0.5,-0.8,0.8,0.0,-15.5,-15.5,0.0,-15,3
TM,TEAM_CR,744,977802,0.0,-0.9,-0.8,0.8,-0.1,-15.5,-15.5,0.0,-15,3
TM,TEAM_CR,745,977851,0.0,-0.7,-0.8,0.8,0.4,-15.5,-15.5,0.0,-15,3
TM,TEAM_CR,746,977891,0.0,-0.7,-0.8,0.8,0.0,-15.5,-15.5,0.0,-15,3
TM,TEAM_CR,747,977931,0.0,-0.7,-0.7,0.7,0.2,-15.5,-15.5,0.0,-15,3
TM,TEAM_CR,748,977971,0.0,-0.6,-0.7,0.7,0.0,-15.5,-15.5,0.0,-15,3
TM,TEAM_CR,749,978020,0.0,-0.9,-0.7,0.7,0.1,-15.5,-15.5,0.0,-15,3
TM,TEAM_CR,750,978060,0.0,-0.5,-0.7,0.7,-0.2,-15.5,-15.5,0.0,-15,3
TM,TEAM_CR,751,978101,0.0,-0.8,-0.7,0.7,-0.1,-15.5,-15.5,0.0,-15,3
TM,TEAM_CR,752,978141,0.0,-0.7,-0.7,0.7,0.1,-15.5,-15.5,0.0,-15,3
TM,TEAM_CR,753,978181,0.0,-0.7,-0.7,0.7,0.1,-15.5,-15.5,0.0,-15,3
TM,TEAM_CR,754,978221,0.0,-0.7,-0.7,0.7,0.2,-15.5,-15.5,0.0,-15,3
TM,TEAM_CR,755,978261,0.0,-0.9,-0.7,0.7,0.4,-15.5,-15.5,0.0,-15,3
TM,TEAM_CR,756,978301,0.0,-0.7,-0.7,0.7,0.2,-15.5,-15.5,0.0,-15,3
TM,TEAM_CR,757,978350,0.0,-0.6,-0.7,0.7,0.4,-15.5,-15.5,0.0,-15,3
TM,TEAM_CR,758,978400,0.0,-0.8,-0.7,0.7,0.0,-15.5,-15.5,0.0,-15,3
TM,SUN_L,2270,SUN_R,2765,SUN_NDV,-0.0983,SUN_ANGLE,-67.76
TM,MAG_X,4.67,MAG_Y,60.06,MAG_Z,-3.26,MAG_HEADING,85.55
TM,GYRO_X,-0.998,GYRO_Y,-2.503,GYRO_Z,-0.032,BODY_RATE,0.032
TM,TEAM_CR,759,978440,0.0,-0.6,-0.7,0.7,0.0,-15.5,-15.5,0.0,-15,3
TM,ADCS_MODE,MANUAL,ADCS_REFERENCE,SUN,TARGET,0.00,POINTING_ERROR,76.24,SUN_ERROR,67.76,MAG_ERROR,-85.55,GYRO_Z,0.117,RW_CMD,0
TM,EST_RAW,-76.24,EST_FILTERED,-76.24,EST_ANGLE,-76.24,EST_FILTER,ON,EST_FILTER_TYPE,MOVING_AVERAGE,EST_MA_WINDOW,1,EST_FILTER_STRENGTH,0.35
TM,EST_FUSION,ON,EST_GYRO_WEIGHT,0.98,EST_VALID,1
TM,TEAM_CR,760,978480,0.0,-0.8,-0.7,0.7,0.3,-15.5,-15.5,0.0,-15,3
TM,TEAM_CR,761,978520,0.0,-0.9,-0.7,0.7,0.1,-15.5,-15.5,0.0,-15,3
TM,TEAM_CR,762,978560,0.0,-0.7,-0.7,0.7,-0.1,-15.5,-15.5,0.0,-15,3
TM,TEAM_CR,763,978601,0.0,-0.6,-0.7,0.7,0.0,-15.5,-15.5,0.0,-15,3
TM,TEAM_CR,764,978641,0.0,-0.8,-0.7,0.7,0.2,-15.5,-15.5,0.0,-15,3
TM,TEAM_CR,765,978681,0.0,-0.6,-0.7,0.7,0.1,-15.5,-15.5,0.0,-15,3
TM,TEAM_CR,766,978722,0.0,-0.6,-0.7,0.7,-0.1,-15.5,-15.5,0.0,-15,3
TM,TEAM_CR,767,978761,0.0,-0.7,-0.7,0.7,0.0,-15.5,-15.5,0.0,-15,3
TM,TEAM_CR,768,978801,0.0,-0.6,-0.7,0.7,0.0,-15.5,-15.5,0.0,-15,3
TM,TEAM_CR,769,978852,0.0,-0.5,-0.7,0.7,-0.1,-15.5,-15.5,0.0,-15,3
TM,TEAM_CR,770,978892,0.0,-0.7,-0.7,0.7,0.1,-15.5,-15.5,0.0,-15,3
TM,TEAM_CR,771,978932,0.0,-0.8,-0.7,0.7,0.0,-15.5,-15.5,0.0,-15,3
TM,TEAM_CR,772,978973,0.0,-0.8,-0.7,0.7,-0.2,-15.5,-15.5,0.0,-15,3
TM,TEAM_CR,773,979020,0.0,-0.9,-0.7,0.7,0.1,-15.5,-15.5,0.0,-15,3
TM,TEAM_CR,774,979060,0.0,-0.8,-0.7,0.7,0.2,-15.5,-15.5,0.0,-15,3
TM,TEAM_CR,775,979102,0.0,-0.6,-0.7,0.7,0.0,-15.5,-15.5,0.0,-15,3
TM,TEAM_CR,776,979142,0.0,-0.8,-0.7,0.7,0.3,-15.5,-15.5,0.0,-15,3
TM,SUN_L,2270,SUN_R,2747,SUN_NDV,-0.0951,SUN_ANGLE,-67.76
TM,MAG_X,4.91,MAG_Y,60.00,MAG_Z,-3.68,MAG_HEADING,85.32
TM,GYRO_X,-1.199,GYRO_Y,-2.354,GYRO_Z,0.160,BODY_RATE,-0.160
TM,TEAM_CR,777,979182,0.0,-0.6,-0.7,0.7,-0.1,-15.5,-15.5,0.0,-15,3
TM,TEAM_CR,778,979223,0.0,-0.9,-0.7,0.7,-0.2,-15.5,-15.5,0.0,-15,3
TM,TEAM_CR,779,979263,0.0,-0.6,-0.7,0.7,0.2,-15.5,-15.5,0.0,-15,3
TM,TEAM_CR,780,979302,0.0,-1.0,-0.7,0.7,0.0,-15.5,-15.5,0.0,-15,3
TM,TEAM_CR,781,979352,0.0,-0.7,-0.6,0.6,0.4,-15.5,-15.5,0.0,-15,3
TM,TEAM_CR,782,979399,0.0,-0.7,-0.6,0.6,0.2,-15.5,-15.5,0.0,-15,3
TM,ADCS_MODE,MANUAL,ADCS_REFERENCE,SUN,TARGET,0.00,POINTING_ERROR,76.43,SUN_ERROR,67.76,MAG_ERROR,-85.25,GYRO_Z,-2.202,RW_CMD,0
TM,EST_RAW,-76.43,EST_FILTERED,-76.43,EST_ANGLE,-76.43,EST_FILTER,ON,EST_FILTER_TYPE,MOVING_AVERAGE,EST_MA_WINDOW,1,EST_FILTER_STRENGTH,0.35
TM,EST_FUSION,ON,EST_GYRO_WEIGHT,0.98,EST_VALID,1
TM,TEAM_CR,783,979439,0.0,-0.8,-0.7,0.7,-0.1,-15.5,-15.5,0.0,-15,3
TM,TEAM_CR,784,979479,0.0,-0.8,-0.7,0.7,-0.1,-15.5,-15.5,0.0,-15,3
TM,TEAM_CR,785,979519,0.0,-0.9,-0.7,0.7,0.4,-15.5,-15.5,0.0,-15,3
TM,TEAM_CR,786,979560,0.0,-0.8,-0.7,0.7,0.0,-15.5,-15.5,0.0,-15,3
TM,TEAM_CR,787,979602,0.0,-0.8,-0.7,0.7,0.2,-15.5,-15.5,0.0,-15,3
TM,TEAM_CR,788,979642,0.0,-0.7,-0.7,0.7,0.0,-15.5,-15.5,0.0,-15,3
TM,TEAM_CR,789,979682,0.0,-0.8,-0.7,0.7,0.2,-15.5,-15.5,0.0,-15,3
TM,TEAM_CR,790,979722,0.0,-0.9,-0.7,0.7,0.0,-15.5,-15.5,0.0,-15,3
TM,TEAM_CR,791,979762,0.0,-0.9,-0.7,0.7,0.0,-15.5,-15.5,0.0,-15,3
TM,TEAM_CR,792,979802,0.0,-0.8,-0.7,0.7,0.0,-15.5,-15.5,0.0,-15,3
TM,TEAM_CR,793,979853,0.0,-0.7,-0.7,0.7,-0.2,-15.5,-15.5,0.0,-15,3
TM,TEAM_CR,794,979892,0.0,-0.8,-0.7,0.7,0.0,-15.5,-15.5,0.0,-15,3
TM,SUN_L,2270,SUN_R,2761,SUN_NDV,-0.0976,SUN_ANGLE,-67.76
TM,MAG_X,4.69,MAG_Y,59.84,MAG_Z,-3.10,MAG_HEADING,85.52
TM,GYRO_X,-0.936,GYRO_Y,-2.030,GYRO_Z,-0.356,BODY_RATE,0.356
TM,TEAM_CR,795,979932,0.0,-1.0,-0.7,0.7,0.0,-15.5,-15.5,0.0,-15,3
TM,TEAM_CR,796,979972,0.0,-0.8,-0.7,0.7,0.1,-15.5,-15.5,0.0,-15,3
TM,TEAM_CR,797,980020,0.0,-0.7,-0.7,0.7,0.0,-15.5,-15.5,0.0,-15,3
TM,TEAM_CR,798,980060,0.0,-0.7,-0.7,0.7,-0.1,-15.5,-15.5,0.0,-15,3
TM,TEAM_CR,799,980102,0.0,-1.2,-0.7,0.7,0.3,-15.5,-15.5,0.0,-15,3
TM,TEAM_CR,800,980142,0.0,-0.6,-0.7,0.7,-0.1,-15.5,-15.5,0.0,-15,3
TM,TEAM_CR,801,980182,0.0,-0.9,-0.7,0.7,0.0,-15.5,-15.5,0.0,-15,3
TM,TEAM_CR,802,980222,0.0,-0.9,-0.7,0.7,0.0,-15.5,-15.5,0.0,-15,3
TM,TEAM_CR,803,980262,0.0,-0.5,-0.7,0.7,-0.1,-15.5,-15.5,0.0,-15,3
TM,TEAM_CR,804,980302,0.0,-0.7,-0.7,0.7,-0.1,-15.5,-15.5,0.0,-15,3
TM,TEAM_CR,805,980351,0.0,-0.5,-0.7,0.7,0.3,-15.5,-15.5,0.0,-15,3
TM,ADCS_MODE,MANUAL,ADCS_REFERENCE,SUN,TARGET,0.00,POINTING_ERROR,76.42,SUN_ERROR,67.76,MAG_ERROR,-85.52,GYRO_Z,0.397,RW_CMD,0
TM,EST_RAW,-76.42,EST_FILTERED,-76.42,EST_ANGLE,-76.42,EST_FILTER,ON,EST_FILTER_TYPE,MOVING_AVERAGE,EST_MA_WINDOW,1,EST_FILTER_STRENGTH,0.35
TM,EST_FUSION,ON,EST_GYRO_WEIGHT,0.98,EST_VALID,1
TM,TEAM_CR,806,980400,0.0,-0.7,-0.7,0.7,0.0,-15.5,-15.5,0.0,-15,3
TM,TEAM_CR,807,980440,0.0,-0.8,-0.7,0.7,0.0,-15.5,-15.5,0.0,-15,3
TM,TEAM_CR,808,980481,0.0,-0.8,-0.7,0.7,0.1,-15.5,-15.5,0.0,-15,3
TM,TEAM_CR,809,980520,0.0,-0.7,-0.7,0.7,-0.2,-15.5,-15.5,0.0,-15,3
TM,TEAM_CR,810,980560,0.0,-0.7,-0.7,0.7,0.3,-15.5,-15.5,0.0,-15,3
TM,TEAM_CR,811,980602,0.0,-0.5,-0.7,0.7,0.3,-15.5,-15.5,0.0,-15,3
TM,TEAM_CR,812,980642,0.0,-0.7,-0.7,0.7,-0.1,-15.5,-15.5,0.0,-15,3
TM,SUN_L,2270,SUN_R,2757,SUN_NDV,-0.0969,SUN_ANGLE,-67.76
TM,MAG_X,4.85,MAG_Y,60.16,MAG_Z,-3.17,MAG_HEADING,85.39
TM,GYRO_X,-0.630,GYRO_Y,-2.957,GYRO_Z,0.817,BODY_RATE,-0.817
TM,TEAM_CR,813,980682,0.0,-0.7,-0.7,0.7,0.1,-15.5,-15.5,0.0,-15,3
TM,TEAM_CR,814,980722,0.0,-0.8,-0.7,0.7,0.4,-15.5,-15.5,0.0,-15,3
TM,TEAM_CR,815,980762,0.0,-0.6,-0.7,0.7,0.0,-15.5,-15.5,0.0,-15,3
TM,TEAM_CR,816,980802,0.0,-0.9,-0.7,0.7,0.4,-15.5,-15.5,0.0,-15,3
TM,TEAM_CR,817,980852,0.0,-0.8,-0.7,0.7,-0.1,-15.5,-15.5,0.0,-15,3
TM,TEAM_CR,818,980892,0.0,-0.5,-0.7,0.7,-0.2,-15.5,-15.5,0.0,-15,3
TM,TEAM_CR,819,980932,0.0,-0.8,-0.7,0.7,0.2,-15.5,-15.5,0.0,-15,3
TM,TEAM_CR,820,980972,0.0,-0.6,-0.7,0.7,0.0,-15.5,-15.5,0.0,-15,3
TM,TEAM_CR,821,981020,0.0,-0.6,-0.7,0.7,0.0,-15.5,-15.5,0.0,-15,3
TM,TEAM_CR,822,981060,0.0,-0.7,-0.7,0.7,-0.1,-15.5,-15.5,0.0,-15,3
TM,TEAM_CR,823,981101,0.0,-0.5,-0.7,0.7,-0.1,-15.5,-15.5,0.0,-15,3
TM,TEAM_CR,824,981141,0.0,-0.5,-0.7,0.7,0.3,-15.5,-15.5,0.0,-15,3
TM,TEAM_CR,825,981181,0.0,-0.5,-0.6,0.6,0.0,-15.5,-15.5,0.0,-15,3
TM,TEAM_CR,826,981221,0.0,-0.6,-0.6,0.6,0.1,-15.5,-15.5,0.0,-15,3
TM,TEAM_CR,827,981261,0.0,-0.8,-0.6,0.6,-0.3,-15.5,-15.5,0.0,-15,3
TM,TEAM_CR,828,981301,0.0,-0.8,-0.7,0.7,-0.2,-15.5,-15.5,0.0,-15,3
TM,ADCS_MODE,MANUAL,ADCS_REFERENCE,SUN,TARGET,0.00,POINTING_ERROR,76.81,SUN_ERROR,67.76,MAG_ERROR,-85.17,GYRO_Z,1.035,RW_CMD,0
TM,EST_RAW,-76.81,EST_FILTERED,-76.81,EST_ANGLE,-76.81,EST_FILTER,ON,EST_FILTER_TYPE,MOVING_AVERAGE,EST_MA_WINDOW,1,EST_FILTER_STRENGTH,0.35
TM,EST_FUSION,ON,EST_GYRO_WEIGHT,0.98,EST_VALID,1
TM,TEAM_CR,829,981351,0.0,-0.7,-0.7,0.7,-0.2,-15.5,-15.5,0.0,-15,3
TM,TEAM_CR,830,981401,0.0,-0.8,-0.7,0.7,0.2,-15.5,-15.5,0.0,-15,3
TM,TEAM_CR,831,981440,0.0,-0.6,-0.7,0.7,0.0,-15.5,-15.5,0.0,-15,3
TM,SUN_L,2270,SUN_R,2730,SUN_NDV,-0.0920,SUN_ANGLE,-67.76
TM,MAG_X,5.09,MAG_Y,60.16,MAG_Z,-3.23,MAG_HEADING,85.17
TM,GYRO_X,-1.400,GYRO_Y,-2.091,GYRO_Z,-1.362,BODY_RATE,1.362
TM,TEAM_CR,832,981480,0.0,-0.7,-0.7,0.7,0.2,-15.5,-15.5,0.0,-15,3
TM,TEAM_CR,833,981520,0.0,-0.6,-0.7,0.7,0.0,-15.5,-15.5,0.0,-15,3
TM,TEAM_CR,834,981560,0.0,-0.6,-0.7,0.7,-0.3,-15.5,-15.5,0.0,-15,3
TM,TEAM_CR,835,981601,0.0,-0.7,-0.7,0.7,0.0,-15.5,-15.5,0.0,-15,3
TM,TEAM_CR,836,981641,0.0,-0.8,-0.6,0.6,0.4,-15.5,-15.5,0.0,-15,3
TM,TEAM_CR,837,981681,0.0,-0.7,-0.6,0.6,0.0,-15.5,-15.5,0.0,-15,3
TM,TEAM_CR,838,981721,0.0,-0.7,-0.7,0.7,-0.1,-15.5,-15.5,0.0,-15,3
TM,TEAM_CR,839,981761,0.0,-0.8,-0.7,0.7,-0.1,-15.5,-15.5,0.0,-15,3
TM,TEAM_CR,840,981801,0.0,-0.8,-0.7,0.7,-0.1,-15.5,-15.5,0.0,-15,3
TM,TEAM_CR,841,981852,0.0,-0.9,-0.7,0.7,0.2,-15.5,-15.5,0.0,-15,3
TM,TEAM_CR,842,981892,0.0,-0.6,-0.7,0.7,0.1,-15.5,-15.5,0.0,-15,3
TM,TEAM_CR,843,981932,0.0,-0.7,-0.7,0.7,-0.2,-15.5,-15.5,0.0,-15,3
TM,TEAM_CR,844,981972,0.0,-0.9,-0.7,0.7,0.2,-15.5,-15.5,0.0,-15,3
TM,TEAM_CR,845,982021,0.0,-0.6,-0.7,0.7,0.3,-15.5,-15.5,0.0,-15,3
TM,TEAM_CR,846,982061,0.0,-0.8,-0.7,0.7,0.2,-15.5,-15.5,0.0,-15,3
TM,TEAM_CR,847,982101,0.0,-0.5,-0.7,0.7,-0.1,-15.5,-15.5,0.0,-15,3
TM,TEAM_CR,848,982141,0.0,-0.7,-0.7,0.7,0.0,-15.5,-15.5,0.0,-15,3
TM,TEAM_CR,849,982181,0.0,-0.8,-0.7,0.7,0.2,-15.5,-15.5,0.0,-15,3
TM,TEAM_CR,850,982221,0.0,-0.7,-0.7,0.7,0.0,-15.5,-15.5,0.0,-15,3
TM,SUN_L,2268,SUN_R,2725,SUN_NDV,-0.0915,SUN_ANGLE,-67.76
TM,MAG_X,5.31,MAG_Y,60.24,MAG_Z,-3.41,MAG_HEADING,84.96
TM,GYRO_X,-0.840,GYRO_Y,-2.599,GYRO_Z,1.377,BODY_RATE,-1.377
TM,TEAM_CR,851,982261,0.0,-0.7,-0.7,0.7,0.1,-15.5,-15.5,0.0,-15,3
TM,ADCS_MODE,MANUAL,ADCS_REFERENCE,SUN,TARGET,0.00,POINTING_ERROR,76.87,SUN_ERROR,67.76,MAG_ERROR,-84.96,GYRO_Z,1.333,RW_CMD,0
TM,EST_RAW,-76.87,EST_FILTERED,-76.87,EST_ANGLE,-76.87,EST_FILTER,ON,EST_FILTER_TYPE,MOVING_AVERAGE,EST_MA_WINDOW,1,EST_FILTER_STRENGTH,0.35
TM,EST_FUSION,ON,EST_GYRO_WEIGHT,0.98,EST_VALID,1
TM,TEAM_CR,852,982302,0.0,-0.7,-0.7,0.7,-0.3,-15.5,-15.5,0.0,-15,3
TM,TEAM_CR,853,982351,0.0,-0.4,-0.7,0.7,0.1,-15.5,-15.5,0.0,-15,3
TM,TEAM_CR,854,982400,0.0,-0.8,-0.7,0.7,0.2,-15.5,-15.5,0.0,-15,3
TM,TEAM_CR,855,982440,0.0,-0.6,-0.7,0.7,0.0,-15.5,-15.5,0.0,-15,3
TM,TEAM_CR,856,982480,0.0,-0.7,-0.7,0.7,-0.1,-15.5,-15.5,0.0,-15,3
TM,TEAM_CR,857,982520,0.0,-0.6,-0.7,0.7,0.0,-15.5,-15.5,0.0,-15,3
TM,TEAM_CR,858,982560,0.0,-0.7,-0.7,0.7,-0.1,-15.5,-15.5,0.0,-15,3
TM,TEAM_CR,859,982601,0.0,-0.7,-0.7,0.7,-0.2,-15.5,-15.5,0.0,-15,3
TM,TEAM_CR,860,982641,0.0,-0.7,-0.7,0.7,0.1,-15.5,-15.5,0.0,-15,3
TM,TEAM_CR,861,982681,0.0,-0.4,-0.7,0.7,0.0,-15.5,-15.5,0.0,-15,3
TM,TEAM_CR,862,982722,0.0,-0.9,-0.7,0.7,0.3,-15.5,-15.5,0.0,-15,3
TM,TEAM_CR,863,982761,0.0,-0.6,-0.7,0.7,0.0,-15.5,-15.5,0.0,-15,3
TM,TEAM_CR,864,982802,0.0,-0.3,-0.7,0.7,-0.1,-15.5,-15.5,0.0,-15,3
TM,TEAM_CR,865,982852,0.0,-0.5,-0.7,0.7,0.1,-15.5,-15.5,0.0,-15,3
TM,TEAM_CR,866,982892,0.0,-0.8,-0.7,0.7,0.0,-15.5,-15.5,0.0,-15,3
TM,TEAM_CR,867,982932,0.0,-0.5,-0.7,0.7,-0.2,-15.5,-15.5,0.0,-15,3
TM,TEAM_CR,868,982972,0.0,-0.9,-0.7,0.7,-0.2,-15.5,-15.5,0.0,-15,3
TM,SUN_L,2270,SUN_R,2744,SUN_NDV,-0.0945,SUN_ANGLE,-67.76
TM,MAG_X,5.12,MAG_Y,60.08,MAG_Z,-3.17,MAG_HEADING,85.13
TM,GYRO_X,-0.735,GYRO_Y,-0.070,GYRO_Z,-18.022,BODY_RATE,18.022
TM,TEAM_CR,869,983020,0.0,-0.7,-0.7,0.7,0.2,-15.5,-15.5,0.0,-15,3
TM,TEAM_CR,870,983060,0.0,-0.6,-0.7,0.7,0.2,-15.5,-15.5,0.0,-15,3
TM,TEAM_CR,871,983102,0.0,-0.5,-0.7,0.7,0.0,-15.5,-15.5,0.0,-15,3
TM,TEAM_CR,872,983142,0.0,-0.5,-0.7,0.7,-0.2,-15.5,-15.5,0.0,-15,3
TM,TEAM_CR,873,983182,0.0,-0.6,-0.7,0.7,0.0,-15.5,-15.5,0.0,-15,3
TM,TEAM_CR,874,983223,0.0,-0.4,-0.6,0.6,0.2,-15.5,-15.5,0.0,-15,3
TM,ADCS_MODE,MANUAL,ADCS_REFERENCE,SUN,TARGET,0.00,POINTING_ERROR,74.24,SUN_ERROR,67.76,MAG_ERROR,-85.13,GYRO_Z,-40.448,RW_CMD,0
TM,EST_RAW,-74.23,EST_FILTERED,-74.23,EST_ANGLE,-74.24,EST_FILTER,ON,EST_FILTER_TYPE,MOVING_AVERAGE,EST_MA_WINDOW,1,EST_FILTER_STRENGTH,0.35
TM,EST_FUSION,ON,EST_GYRO_WEIGHT,0.98,EST_VALID,1
TM,TEAM_CR,875,983262,0.0,-0.5,-0.6,0.6,0.1,-15.5,-15.5,0.0,-15,3
TM,TEAM_CR,876,983302,0.0,-0.5,-0.6,0.6,0.1,-15.5,-15.5,0.0,-15,3
TM,TEAM_CR,877,983352,0.0,-0.3,-0.6,0.6,0.1,-15.5,-15.5,0.0,-15,3
TM,TEAM_CR,878,983399,0.0,-0.7,-0.6,0.6,0.0,-15.5,-15.5,0.0,-15,3
TM,TEAM_CR,879,983439,0.0,-0.7,-0.6,0.6,0.0,-15.5,-15.5,0.0,-15,3
TM,TEAM_CR,880,983479,0.0,-0.8,-0.6,0.6,0.1,-15.5,-15.5,0.0,-15,3
TM,TEAM_CR,881,983519,0.0,-0.6,-0.6,0.6,0.0,-15.5,-15.5,0.0,-15,3
TM,TEAM_CR,882,983560,0.0,-0.7,-0.6,0.6,-0.2,-15.5,-15.5,0.0,-15,3
TM,TEAM_CR,883,983602,0.0,-0.7,-0.6,0.6,0.0,-15.5,-15.5,0.0,-15,3
TM,TEAM_CR,884,983642,0.0,-0.1,-0.6,0.6,0.1,-15.5,-15.5,0.0,-15,3
TM,TEAM_CR,885,983682,0.0,-0.6,-0.6,0.6,-0.2,-15.5,-15.5,0.0,-15,3
TM,TEAM_CR,886,983722,0.0,-0.7,-0.6,0.6,0.0,-15.5,-15.5,0.0,-15,3
TM,SUN_L,2184,SUN_R,3241,SUN_NDV,-0.1948,SUN_ANGLE,-67.76
TM,MAG_X,1.86,MAG_Y,58.22,MAG_Z,-4.11,MAG_HEADING,88.17
TM,GYRO_X,24.972,GYRO_Y,-2.485,GYRO_Z,-140.198,BODY_RATE,140.198
TM,TEAM_CR,887,983762,0.0,-0.8,-0.6,0.6,0.1,-15.5,-15.5,0.0,-15,3
TM,TEAM_CR,888,983802,0.0,-0.6,-0.6,0.6,0.2,-15.5,-15.5,0.0,-15,3
TM,TEAM_CR,889,983852,0.0,-0.5,-0.6,0.6,0.0,-15.5,-15.5,0.0,-15,3
TM,TEAM_CR,890,983892,0.0,-0.7,-0.6,0.6,0.3,-15.5,-15.5,0.0,-15,3
TM,TEAM_CR,891,983932,0.0,-0.9,-0.6,0.6,0.0,-15.5,-15.5,0.0,-15,3
TM,TEAM_CR,892,983972,0.0,-0.7,-0.6,0.6,0.3,-15.5,-15.5,0.0,-15,3
TM,TEAM_CR,893,984020,0.0,-0.8,-0.6,0.6,-0.1,-15.5,-15.5,0.0,-15,3
TM,TEAM_CR,894,984060,0.0,-0.7,-0.6,0.6,0.2,-15.5,-15.5,0.0,-15,3
TM,TEAM_CR,895,984102,0.0,-0.8,-0.6,0.6,0.0,-15.5,-15.5,0.0,-15,3
TM,TEAM_CR,896,984142,0.0,-0.7,-0.6,0.6,0.0,-15.5,-15.5,0.0,-15,3
TM,TEAM_CR,897,984182,0.0,-0.6,-0.6,0.6,0.0,-15.5,-15.5,0.0,-15,3
TM,ADCS_MODE,MANUAL,ADCS_REFERENCE,SUN,TARGET,0.00,POINTING_ERROR,45.71,SUN_ERROR,47.11,MAG_ERROR,-101.14,GYRO_Z,-83.157,RW_CMD,0
TM,EST_RAW,-47.11,EST_FILTERED,-47.11,EST_ANGLE,-45.71,EST_FILTER,ON,EST_FILTER_TYPE,MOVING_AVERAGE,EST_MA_WINDOW,1,EST_FILTER_STRENGTH,0.35
TM,EST_FUSION,ON,EST_GYRO_WEIGHT,0.98,EST_VALID,1
TM,TEAM_CR,898,984222,0.0,-0.7,-0.6,0.6,-0.1,-15.5,-15.5,0.0,-15,3
TM,TEAM_CR,899,984262,0.0,-0.4,-0.6,0.6,0.2,-15.5,-15.5,0.0,-15,3
TM,TEAM_CR,900,984302,0.0,-0.8,-0.6,0.6,0.0,-15.5,-15.5,0.0,-15,3
TM,TEAM_CR,901,984351,0.0,-0.8,-0.6,0.6,0.0,-15.5,-15.5,0.0,-15,3
TM,TEAM_CR,902,984400,0.0,-0.8,-0.6,0.6,0.0,-15.5,-15.5,0.0,-15,3
TM,TEAM_CR,903,984440,0.0,-0.6,-0.6,0.6,0.1,-15.5,-15.5,0.0,-15,3
TM,TEAM_CR,904,984480,0.0,-0.4,-0.6,0.6,0.1,-15.5,-15.5,0.0,-15,3
TM,SUN_L,3117,SUN_R,3535,SUN_NDV,-0.0628,SUN_ANGLE,-43.67
TM,MAG_X,-9.47,MAG_Y,48.11,MAG_Z,-6.05,MAG_HEADING,101.14
TM,GYRO_X,6.597,GYRO_Y,-2.013,GYRO_Z,-36.441,BODY_RATE,36.441
TM,TEAM_CR,905,984520,0.0,-0.7,-0.6,0.6,0.0,-15.5,-15.5,0.0,-15,3
TM,TEAM_CR,906,984560,0.0,-0.7,-0.6,0.6,0.2,-15.5,-15.5,0.0,-15,3
TM,TEAM_CR,907,984603,0.0,-0.6,-0.6,0.6,0.3,-15.5,-15.5,0.0,-15,3
TM,TEAM_CR,908,984642,0.0,-0.6,-0.6,0.6,0.2,-15.5,-15.5,0.0,-15,3
TM,TEAM_CR,909,984682,0.0,-0.4,-0.5,0.5,0.1,-15.5,-15.5,0.0,-15,3
TM,TEAM_CR,910,984722,0.0,-0.6,-0.5,0.5,0.3,-15.5,-15.5,0.0,-15,3
TM,TEAM_CR,911,984762,0.0,-0.4,-0.5,0.5,0.3,-15.5,-15.5,0.0,-15,3
TM,TEAM_CR,912,984802,0.0,-0.6,-0.5,0.5,0.2,-15.5,-15.5,0.0,-15,3
TM,TEAM_CR,913,984852,0.0,-0.4,-0.5,0.5,0.2,-15.5,-15.5,0.0,-15,3
TM,TEAM_CR,914,984892,0.0,-0.3,-0.5,0.5,0.0,-15.5,-15.5,0.0,-15,3
TM,TEAM_CR,915,984932,0.0,-0.4,-0.5,0.5,0.1,-15.5,-15.5,0.0,-15,3
TM,TEAM_CR,916,984972,0.0,-0.6,-0.5,0.5,0.4,-15.5,-15.5,0.0,-15,3
TM,TEAM_CR,917,985020,0.0,-0.5,-0.5,0.5,-0.1,-15.5,-15.5,0.0,-15,3
TM,TEAM_CR,918,985060,0.0,-0.5,-0.5,0.5,0.0,-15.5,-15.5,0.0,-15,3
TM,TEAM_CR,919,985101,0.0,-0.6,-0.5,0.5,0.3,-15.5,-15.5,0.0,-15,3
TM,TEAM_CR,920,985141,0.0,-0.1,-0.5,0.5,-0.2,-15.5,-15.5,0.0,-15,3
TM,ADCS_MODE,MANUAL,ADCS_REFERENCE,SUN,TARGET,0.00,POINTING_ERROR,38.46,SUN_ERROR,39.47,MAG_ERROR,-108.94,GYRO_Z,-9.858,RW_CMD,0
TM,EST_RAW,-39.47,EST_FILTERED,-39.47,EST_ANGLE,-38.46,EST_FILTER,ON,EST_FILTER_TYPE,MOVING_AVERAGE,EST_MA_WINDOW,1,EST_FILTER_STRENGTH,0.35
TM,EST_FUSION,ON,EST_GYRO_WEIGHT,0.98,EST_VALID,1
TM,TEAM_CR,921,985181,0.0,-0.5,-0.5,0.5,0.2,-15.5,-15.5,0.0,-15,3
TM,TEAM_CR,922,985221,0.0,-0.1,-0.5,0.5,0.3,-15.5,-15.5,0.0,-15,3
TM,SUN_L,3239,SUN_R,3566,SUN_NDV,-0.0481,SUN_ANGLE,-39.05
TM,MAG_X,-15.52,MAG_Y,38.99,MAG_Z,-8.62,MAG_HEADING,111.70
TM,GYRO_X,-2.704,GYRO_Y,-2.310,GYRO_Z,5.270,BODY_RATE,-5.270
TM,TEAM_CR,923,985261,0.0,-0.5,-0.5,0.5,0.2,-15.5,-15.5,0.0,-15,3
TM,TEAM_CR,924,985301,0.0,-0.5,-0.5,0.5,0.3,-15.5,-15.5,0.0,-15,3
TM,TEAM_CR,925,985351,0.0,-0.5,-0.5,0.5,0.4,-15.5,-15.5,0.0,-15,3
TM,TEAM_CR,926,985400,0.0,-0.4,-0.4,0.4,-0.2,-15.5,-15.5,0.0,-15,3
TM,TEAM_CR,927,985440,0.0,-0.5,-0.4,0.4,0.2,-15.5,-15.5,0.0,-15,3
TM,TEAM_CR,928,985481,0.0,-0.6,-0.4,0.4,0.0,-15.5,-15.5,0.0,-15,3
TM,TEAM_CR,929,985520,0.0,-0.5,-0.5,0.5,-0.3,-15.5,-15.5,0.0,-15,3
TM,TEAM_CR,930,985560,0.0,-0.2,-0.4,0.4,0.0,-15.5,-15.5,0.0,-15,3
TM,TEAM_CR,931,985601,0.0,-0.4,-0.4,0.4,0.1,-15.5,-15.5,0.0,-15,3
TM,TEAM_CR,932,985641,0.0,0.0,-0.4,0.4,0.3,-15.5,-15.5,0.0,-15,3
TM,TEAM_CR,933,985681,0.0,-0.4,-0.4,0.4,0.0,-15.5,-15.5,0.0,-15,3
TM,TEAM_CR,934,985721,0.0,-0.6,-0.4,0.4,0.2,-15.5,-15.5,0.0,-15,3
TM,TEAM_CR,935,985761,0.0,-0.6,-0.4,0.4,0.1,-15.5,-15.5,0.0,-15,3
TM,TEAM_CR,936,985801,0.0,-0.9,-0.4,0.4,0.2,-15.5,-15.5,0.0,-15,3
TM,TEAM_CR,937,985852,0.0,-0.8,-0.4,0.4,0.0,-15.5,-15.5,0.0,-15,3
TM,TEAM_CR,938,985892,0.0,-0.6,-0.4,0.4,-0.1,-15.5,-15.5,0.0,-15,3
TM,TEAM_CR,939,985932,0.0,-0.4,-0.4,0.4,0.3,-15.5,-15.5,0.0,-15,3
TM,TEAM_CR,940,985972,0.0,-0.6,-0.4,0.4,0.1,-15.5,-15.5,0.0,-15,3
TM,TEAM_CR,941,986020,0.0,-0.3,-0.4,0.4,0.0,-15.5,-15.5,0.0,-15,3
TM,SUN_L,3219,SUN_R,3560,SUN_NDV,-0.0503,SUN_ANGLE,-39.92
TM,MAG_X,-15.18,MAG_Y,39.57,MAG_Z,-8.34,MAG_HEADING,110.99
TM,GYRO_X,-0.525,GYRO_Y,-2.380,GYRO_Z,-1.275,BODY_RATE,1.275
TM,TEAM_CR,942,986060,0.0,-0.5,-0.4,0.4,0.3,-15.5,-15.5,0.0,-15,3
TM,ADCS_MODE,MANUAL,ADCS_REFERENCE,SUN,TARGET,0.00,POINTING_ERROR,39.77,SUN_ERROR,39.88,MAG_ERROR,-110.99,GYRO_Z,-1.082,RW_CMD,0
TM,EST_RAW,-39.88,EST_FILTERED,-39.88,EST_ANGLE,-39.77,EST_FILTER,ON,EST_FILTER_TYPE,MOVING_AVERAGE,EST_MA_WINDOW,1,EST_FILTER_STRENGTH,0.35
TM,EST_FUSION,ON,EST_GYRO_WEIGHT,0.98,EST_VALID,1
TM,TEAM_CR,943,986102,0.0,-0.4,-0.4,0.4,0.3,-15.5,-15.5,0.0,-15,3
TM,TEAM_CR,944,986142,0.0,-0.5,-0.4,0.4,-0.1,-15.5,-15.5,0.0,-15,3
TM,TEAM_CR,945,986182,0.0,-0.5,-0.4,0.4,0.3,-15.5,-15.5,0.0,-15,3
TM,TEAM_CR,946,986222,0.0,-0.6,-0.4,0.4,0.1,-15.5,-15.5,0.0,-15,3
TM,TEAM_CR,947,986262,0.0,-0.5,-0.4,0.4,0.0,-15.5,-15.5,0.0,-15,3
TM,TEAM_CR,948,986302,0.0,-0.2,-0.4,0.4,0.3,-15.5,-15.5,0.0,-15,3
TM,TEAM_CR,949,986351,0.0,-0.5,-0.4,0.4,-0.1,-15.5,-15.5,0.0,-15,3
TM,TEAM_CR,950,986400,0.0,-0.9,-0.4,0.4,0.1,-15.5,-15.5,0.0,-15,3
TM,TEAM_CR,951,986440,0.0,-0.3,-0.4,0.4,-0.1,-15.5,-15.5,0.0,-15,3
TM,TEAM_CR,952,986480,0.0,-0.5,-0.4,0.4,0.4,-15.5,-15.5,0.0,-15,3
TM,TEAM_CR,953,986520,0.0,-0.5,-0.4,0.4,0.1,-15.5,-15.5,0.0,-15,3
TM,TEAM_CR,954,986560,0.0,-0.5,-0.4,0.4,0.1,-15.5,-15.5,0.0,-15,3
TM,TEAM_CR,955,986602,0.0,-0.6,-0.4,0.4,-0.2,-15.5,-15.5,0.0,-15,3
TM,TEAM_CR,956,986642,0.0,-0.5,-0.4,0.4,0.0,-15.5,-15.5,0.0,-15,3
TM,TEAM_CR,957,986682,0.0,-0.4,-0.4,0.4,0.4,-15.5,-15.5,0.0,-15,3
TM,TEAM_CR,958,986722,0.0,-0.4,-0.4,0.4,0.1,-15.5,-15.5,0.0,-15,3
TM,TEAM_CR,959,986762,0.0,-0.5,-0.4,0.4,0.0,-15.5,-15.5,0.0,-15,3
TM,SUN_L,3213,SUN_R,3561,SUN_NDV,-0.0514,SUN_ANGLE,-40.21
TM,MAG_X,-15.33,MAG_Y,39.50,MAG_Z,-8.45,MAG_HEADING,111.21
TM,GYRO_X,-0.805,GYRO_Y,-2.520,GYRO_Z,-0.557,BODY_RATE,0.557
TM,TEAM_CR,960,986802,0.0,-0.3,-0.4,0.4,0.3,-15.5,-15.5,0.0,-15,3
TM,TEAM_CR,961,986851,0.0,-0.4,-0.4,0.4,-0.2,-15.5,-15.5,0.0,-15,3
TM,TEAM_CR,962,986891,0.0,0.0,-0.4,0.4,0.0,-15.5,-15.5,0.0,-15,3
TM,TEAM_CR,963,986931,0.0,-0.5,-0.4,0.4,0.3,-15.5,-15.5,0.0,-15,3
TM,TEAM_CR,964,986971,0.0,-0.6,-0.4,0.4,0.1,-15.5,-15.5,0.0,-15,3
TM,TEAM_CR,965,987020,0.0,-0.3,-0.4,0.4,0.0,-15.5,-15.5,0.0,-15,3
TM,ADCS_MODE,MANUAL,ADCS_REFERENCE,SUN,TARGET,0.00,POINTING_ERROR,39.91,SUN_ERROR,40.19,MAG_ERROR,-110.82,GYRO_Z,-0.172,RW_CMD,0
TM,EST_RAW,-40.19,EST_FILTERED,-40.19,EST_ANGLE,-39.91,EST_FILTER,ON,EST_FILTER_TYPE,MOVING_AVERAGE,EST_MA_WINDOW,1,EST_FILTER_STRENGTH,0.35
TM,EST_FUSION,ON,EST_GYRO_WEIGHT,0.98,EST_VALID,1
TM,TEAM_CR,966,987060,0.0,-0.4,-0.4,0.4,0.2,-15.5,-15.5,0.0,-15,3
TM,TEAM_CR,967,987101,0.0,-0.4,-0.4,0.4,0.0,-15.5,-15.5,0.0,-15,3
TM,TEAM_CR,968,987141,0.0,-0.4,-0.4,0.4,-0.1,-15.5,-15.5,0.0,-15,3
TM,TEAM_CR,969,987181,0.0,-0.6,-0.4,0.4,0.3,-15.5,-15.5,0.0,-15,3
TM,TEAM_CR,970,987221,0.0,-0.3,-0.4,0.4,0.1,-15.5,-15.5,0.0,-15,3
TM,TEAM_CR,971,987261,0.0,-0.2,-0.4,0.4,0.0,-15.5,-15.5,0.0,-15,3
TM,TEAM_CR,972,987301,0.0,-0.4,-0.4,0.4,0.2,-15.5,-15.5,0.0,-15,3
TM,TEAM_CR,973,987351,0.0,-0.5,-0.4,0.4,-0.1,-15.5,-15.5,0.0,-15,3
TM,TEAM_CR,974,987401,0.0,-0.3,-0.4,0.4,0.0,-15.5,-15.5,0.0,-15,3
TM,TEAM_CR,975,987441,0.0,-0.3,-0.4,0.4,0.1,-15.5,-15.5,0.0,-15,3
TM,TEAM_CR,976,987481,0.0,-0.3,-0.4,0.4,0.0,-15.5,-15.5,0.0,-15,3
TM,TEAM_CR,977,987521,0.0,-0.3,-0.3,0.3,0.2,-15.5,-15.5,0.0,-15,3
TM,SUN_L,3224,SUN_R,3566,SUN_NDV,-0.0504,SUN_ANGLE,-39.77
TM,MAG_X,-15.12,MAG_Y,39.26,MAG_Z,-8.48,MAG_HEADING,111.06
TM,GYRO_X,0.822,GYRO_Y,-2.861,GYRO_Z,-11.643,BODY_RATE,11.643
TM,TEAM_CR,978,987561,0.0,-0.4,-0.3,0.3,0.1,-15.5,-15.5,0.0,-15,3
TM,TEAM_CR,979,987602,0.0,-0.1,-0.3,0.3,0.2,-15.5,-15.5,0.0,-15,3
TM,TEAM_CR,980,987642,0.0,-0.4,-0.3,0.3,-0.2,-15.5,-15.5,0.0,-15,3
TM,TEAM_CR,981,987682,0.0,-0.3,-0.3,0.3,0.2,-15.5,-15.5,0.0,-15,3
TM,TEAM_CR,982,987722,0.0,-0.3,-0.3,0.3,0.2,-15.5,-15.5,0.0,-15,3
TM,TEAM_CR,983,987762,0.0,-0.4,-0.3,0.3,-0.1,-15.5,-15.5,0.0,-15,3
TM,TEAM_CR,984,987803,0.0,-0.2,-0.3,0.3,0.1,-15.5,-15.5,0.0,-15,3
TM,TEAM_CR,985,987852,0.0,-0.4,-0.3,0.3,0.1,-15.5,-15.5,0.0,-15,3
TM,TEAM_CR,986,987892,0.0,-0.4,-0.3,0.3,-0.1,-15.5,-15.5,0.0,-15,3
TM,TEAM_CR,987,987932,0.0,-0.4,-0.3,0.3,0.1,-15.5,-15.5,0.0,-15,3
TM,TEAM_CR,988,987972,0.0,-0.3,-0.3,0.3,0.1,-15.5,-15.5,0.0,-15,3
TM,ADCS_MODE,MANUAL,ADCS_REFERENCE,SUN,TARGET,0.00,POINTING_ERROR,29.57,SUN_ERROR,32.44,MAG_ERROR,-111.06,GYRO_Z,-128.858,RW_CMD,0
TM,EST_RAW,-32.44,EST_FILTERED,-32.44,EST_ANGLE,-29.57,EST_FILTER,ON,EST_FILTER_TYPE,MOVING_AVERAGE,EST_MA_WINDOW,1,EST_FILTER_STRENGTH,0.35
TM,EST_FUSION,ON,EST_GYRO_WEIGHT,0.98,EST_VALID,1
TM,TEAM_CR,989,988020,0.0,-0.6,-0.3,0.3,0.1,-15.5,-15.5,0.0,-15,3
TM,TEAM_CR,990,988060,0.0,-0.5,-0.3,0.3,0.1,-15.5,-15.5,0.0,-15,3
TM,TEAM_CR,991,988102,0.0,-0.4,-0.3,0.3,0.0,-15.5,-15.5,0.0,-15,3
TM,TEAM_CR,992,988142,0.0,-0.2,-0.3,0.3,0.1,-15.5,-15.5,0.0,-15,3
TM,TEAM_CR,993,988182,0.0,-0.4,-0.3,0.3,0.2,-15.5,-15.5,0.0,-15,3
TM,TEAM_CR,994,988222,0.0,-0.1,-0.3,0.3,-0.1,-15.5,-15.5,0.0,-15,3
TM,TEAM_CR,995,988262,0.0,-0.6,-0.3,0.3,0.0,-15.5,-15.5,0.0,-15,3
TM,SUN_L,3519,SUN_R,3639,SUN_NDV,-0.0168,SUN_ANGLE,-18.99
TM,MAG_X,-18.62,MAG_Y,29.89,MAG_Z,-11.15,MAG_HEADING,121.93
TM,GYRO_X,20.073,GYRO_Y,-2.625,GYRO_Z,-122.943,BODY_RATE,122.943
TM,TEAM_CR,996,988302,0.0,-0.4,-0.3,0.3,0.2,-15.5,-15.5,0.0,-15,3
TM,TEAM_CR,997,988352,0.0,-0.2,-0.3,0.3,0.4,-15.5,-15.5,0.0,-15,3
TM,TEAM_CR,998,988400,0.0,-0.4,-0.3,0.3,0.0,-15.5,-15.5,0.0,-15,3
TM,TEAM_CR,999,988440,0.0,-0.4,-0.3,0.3,0.3,-15.5,-15.5,0.0,-15,3
TM,TEAM_CR,1000,988480,0.0,-0.4,-0.3,0.3,0.2,-15.5,-15.5,0.0,-15,3
TM,TEAM_CR,1001,988520,0.0,-0.4,-0.3,0.3,-0.1,-15.5,-15.5,0.0,-15,3
TM,TEAM_CR,1002,988561,0.0,-0.6,-0.3,0.3,0.0,-15.5,-15.5,0.0,-15,3
TM,TEAM_CR,1003,988603,0.0,-0.5,-0.3,0.3,0.2,-15.5,-15.5,0.0,-15,3
TM,TEAM_CR,1004,988642,0.0,-0.5,-0.3,0.3,0.0,-15.5,-15.5,0.0,-15,3
TM,TEAM_CR,1005,988682,0.0,-0.4,-0.3,0.3,0.2,-15.5,-15.5,0.0,-15,3
TM,TEAM_CR,1006,988722,0.0,-0.4,-0.3,0.3,0.3,-15.5,-15.5,0.0,-15,3
TM,TEAM_CR,1007,988762,0.0,-0.5,-0.3,0.3,0.0,-15.5,-15.5,0.0,-15,3
TM,TEAM_CR,1008,988802,0.0,-0.3,-0.3,0.3,0.3,-15.5,-15.5,0.0,-15,3
TM,TEAM_CR,1009,988852,0.0,-0.1,-0.3,0.3,0.0,-15.5,-15.5,0.0,-15,3
TM,TEAM_CR,1010,988891,0.0,-0.5,-0.3,0.3,0.1,-15.5,-15.5,0.0,-15,3
TM,TEAM_CR,1011,988931,0.0,-0.3,-0.3,0.3,0.1,-15.5,-15.5,0.0,-15,3
TM,ADCS_MODE,MANUAL,ADCS_REFERENCE,SUN,TARGET,0.00,POINTING_ERROR,8.48,SUN_ERROR,3.91,MAG_ERROR,-137.43,GYRO_Z,7.764,RW_CMD,0
TM,EST_RAW,-3.91,EST_FILTERED,-3.91,EST_ANGLE,-8.48,EST_FILTER,ON,EST_FILTER_TYPE,MOVING_AVERAGE,EST_MA_WINDOW,1,EST_FILTER_STRENGTH,0.35
TM,EST_FUSION,ON,EST_GYRO_WEIGHT,0.98,EST_VALID,1
TM,TEAM_CR,1012,988971,0.0,-0.4,-0.3,0.3,-0.1,-15.5,-15.5,0.0,-15,3
TM,TEAM_CR,1013,989020,0.0,-0.4,-0.3,0.3,-0.1,-15.5,-15.5,0.0,-15,3
TM,TEAM_CR,1014,989060,0.0,-0.5,-0.3,0.3,-0.2,-15.5,-15.5,0.0,-15,3
TM,SUN_L,3610,SUN_R,3625,SUN_NDV,-0.0021,SUN_ANGLE,-4.19
TM,MAG_X,-19.66,MAG_Y,18.06,MAG_Z,-14.72,MAG_HEADING,137.43
TM,GYRO_X,-6.344,GYRO_Y,-2.529,GYRO_Z,31.354,BODY_RATE,-31.354
TM,TEAM_CR,1015,989102,0.0,-0.6,-0.3,0.3,0.0,-15.5,-15.5,0.0,-15,3
TM,TEAM_CR,1016,989142,0.0,-0.1,-0.3,0.3,0.0,-15.5,-15.5,0.0,-15,3
TM,TEAM_CR,1017,989182,0.0,-0.2,-0.3,0.3,0.0,-15.5,-15.5,0.0,-15,3
TM,TEAM_CR,1018,989222,0.0,-0.3,-0.3,0.3,-0.1,-15.5,-15.5,0.0,-15,3
TM,TEAM_CR,1019,989262,0.0,-0.3,-0.3,0.3,0.0,-15.5,-15.5,0.0,-15,3
TM,TEAM_CR,1020,989302,0.0,-0.4,-0.3,0.3,-0.1,-15.5,-15.5,0.0,-15,3
TM,TEAM_CR,1021,989351,0.0,-0.2,-0.3,0.3,-0.1,-15.5,-15.5,0.0,-15,3
TM,TEAM_CR,1022,989400,0.0,-0.4,-0.3,0.3,0.2,-15.5,-15.5,0.0,-15,3
TM,TEAM_CR,1023,989440,0.0,-0.5,-0.3,0.3,-0.1,-15.5,-15.5,0.0,-15,3
TM,TEAM_CR,1024,989480,0.0,-0.3,-0.3,0.3,-0.1,-15.5,-15.5,0.0,-15,3
TM,TEAM_CR,1025,989520,0.0,-0.4,-0.3,0.3,0.1,-15.5,-15.5,0.0,-15,3
TM,TEAM_CR,1026,989560,0.0,-0.4,-0.3,0.3,0.0,-15.5,-15.5,0.0,-15,3
TM,TEAM_CR,1027,989601,0.0,-0.3,-0.3,0.3,0.1,-15.5,-15.5,0.0,-15,3
TM,TEAM_CR,1028,989641,0.0,-0.3,-0.3,0.3,0.2,-15.5,-15.5,0.0,-15,3
TM,TEAM_CR,1029,989681,0.0,-0.3,-0.3,0.3,0.2,-15.5,-15.5,0.0,-15,3
TM,TEAM_CR,1030,989721,0.0,-0.5,-0.3,0.3,0.2,-15.5,-15.5,0.0,-15,3
TM,TEAM_CR,1031,989761,0.0,-0.4,-0.3,0.3,0.1,-15.5,-15.5,0.0,-15,3
TM,TEAM_CR,1032,989801,0.0,-0.5,-0.3,0.3,0.2,-15.5,-15.5,0.0,-15,3
TM,TEAM_CR,1033,989852,0.0,-0.4,-0.3,0.3,0.2,-15.5,-15.5,0.0,-15,3
TM,SUN_L,3505,SUN_R,3640,SUN_NDV,-0.0189,SUN_ANGLE,-20.95
TM,MAG_X,-18.99,MAG_Y,28.54,MAG_Z,-11.22,MAG_HEADING,123.64
TM,GYRO_X,-11.506,GYRO_Y,-3.001,GYRO_Z,64.368,BODY_RATE,-64.368
TM,TEAM_CR,1034,989892,0.0,-0.7,-0.3,0.3,-0.1,-15.5,-15.5,0.0,-15,3
TM,ADCS_MODE,MANUAL,ADCS_REFERENCE,SUN,TARGET,0.00,POINTING_ERROR,23.72,SUN_ERROR,22.56,MAG_ERROR,-123.64,GYRO_Z,56.257,RW_CMD,0
TM,EST_RAW,-22.56,EST_FILTERED,-22.56,EST_ANGLE,-23.72,EST_FILTER,ON,EST_FILTER_TYPE,MOVING_AVERAGE,EST_MA_WINDOW,1,EST_FILTER_STRENGTH,0.35
TM,EST_FUSION,ON,EST_GYRO_WEIGHT,0.98,EST_VALID,1
TM,TEAM_CR,1035,989932,0.0,-0.5,-0.3,0.3,0.1,-15.5,-15.5,0.0,-15,3
TM,TEAM_CR,1036,989972,0.0,-0.4,-0.3,0.3,0.2,-15.5,-15.5,0.0,-15,3
TM,TEAM_CR,1037,990020,0.0,-0.6,-0.3,0.3,0.2,-15.5,-15.5,0.0,-15,3
TM,TEAM_CR,1038,990060,0.0,-0.6,-0.3,0.3,0.0,-15.5,-15.5,0.0,-15,3
TM,TEAM_CR,1039,990102,0.0,-0.5,-0.3,0.3,0.1,-15.5,-15.5,0.0,-15,3
TM,TEAM_CR,1040,990142,0.0,-0.5,-0.3,0.3,0.2,-15.5,-15.5,0.0,-15,3
TM,TEAM_CR,1041,990182,0.0,-0.6,-0.3,0.3,0.1,-15.5,-15.5,0.0,-15,3
TM,TEAM_CR,1042,990222,0.0,-0.5,-0.3,0.3,-0.1,-15.5,-15.5,0.0,-15,3
TM,TEAM_CR,1043,990262,0.0,-0.4,-0.3,0.3,0.0,-15.5,-15.5,0.0,-15,3
TM,TEAM_CR,1044,990302,0.0,-0.6,-0.3,0.3,-0.1,-15.5,-15.5,0.0,-15,3
TM,TEAM_CR,1045,990351,0.0,-0.7,-0.3,0.3,-0.2,-15.5,-15.5,0.0,-15,3
TM,TEAM_CR,1046,990400,0.0,-0.5,-0.3,0.3,-0.1,-15.5,-15.5,0.0,-15,3
TM,TEAM_CR,1047,990440,0.0,-0.5,-0.3,0.3,0.2,-15.5,-15.5,0.0,-15,3
TM,TEAM_CR,1048,990480,0.0,-0.2,-0.3,0.3,-0.1,-15.5,-15.5,0.0,-15,3
TM,TEAM_CR,1049,990520,0.0,-0.3,-0.3,0.3,0.2,-15.5,-15.5,0.0,-15,3
TM,TEAM_CR,1050,990560,0.0,-0.3,-0.3,0.3,0.1,-15.5,-15.5,0.0,-15,3
TM,TEAM_CR,1051,990601,0.0,-0.4,-0.3,0.3,-0.1,-15.5,-15.5,0.0,-15,3
TM,SUN_L,3467,SUN_R,3636,SUN_NDV,-0.0238,SUN_ANGLE,-24.71
TM,MAG_X,-18.54,MAG_Y,30.22,MAG_Z,-11.25,MAG_HEADING,121.53
TM,GYRO_X,2.756,GYRO_Y,-2.371,GYRO_Z,-25.057,BODY_RATE,25.057
TM,TEAM_CR,1052,990641,0.0,-0.3,-0.3,0.3,0.3,-15.5,-15.5,0.0,-15,3
TM,TEAM_CR,1053,990681,0.0,-0.4,-0.3,0.3,0.1,-15.5,-15.5,0.0,-15,3
TM,TEAM_CR,1054,990721,0.0,-0.2,-0.3,0.3,0.0,-15.5,-15.5,0.0,-15,3
TM,TEAM_CR,1055,990761,0.0,-0.4,-0.3,0.3,0.4,-15.5,-15.5,0.0,-15,3
TM,TEAM_CR,1056,990802,0.0,-0.3,-0.3,0.3,0.0,-15.5,-15.5,0.0,-15,3
TM,TEAM_CR,1057,990850,0.0,0.3,-0.3,0.3,-0.1,-15.5,-15.5,0.0,-15,3
TM,ADCS_MODE,MANUAL,ADCS_REFERENCE,SUN,TARGET,0.00,POINTING_ERROR,22.71,SUN_ERROR,22.96,MAG_ERROR,-121.53,GYRO_Z,-27.507,RW_CMD,0
TM,EST_RAW,-22.96,EST_FILTERED,-22.96,EST_ANGLE,-22.71,EST_FILTER,ON,EST_FILTER_TYPE,MOVING_AVERAGE,EST_MA_WINDOW,1,EST_FILTER_STRENGTH,0.35
TM,EST_FUSION,ON,EST_GYRO_WEIGHT,0.98,EST_VALID,1
TM,TEAM_CR,1058,990890,0.0,-0.2,-0.3,0.3,0.1,-15.5,-15.5,0.0,-15,3
TM,TEAM_CR,1059,990930,0.0,-0.4,-0.3,0.3,0.3,-15.5,-15.5,0.0,-15,3
TM,TEAM_CR,1060,990971,0.0,-0.4,-0.3,0.3,-0.2,-15.5,-15.5,0.0,-15,3
TM,TEAM_CR,1061,991019,0.0,-0.3,-0.3,0.3,0.2,-15.5,-15.5,0.0,-15,3
TM,TEAM_CR,1062,991059,0.0,-0.5,-0.3,0.3,0.3,-15.5,-15.5,0.0,-15,3
TM,TEAM_CR,1063,991102,0.0,-0.2,-0.3,0.3,-0.1,-15.5,-15.5,0.0,-15,3
TM,TEAM_CR,1064,991142,0.0,-0.4,-0.3,0.3,0.2,-15.5,-15.5,0.0,-15,3
TM,TEAM_CR,1065,991182,0.0,-0.4,-0.3,0.3,0.1,-15.5,-15.5,0.0,-15,3
TM,TEAM_CR,1066,991222,0.0,-0.6,-0.3,0.3,0.1,-15.5,-15.5,0.0,-15,3
TM,TEAM_CR,1067,991262,0.0,-0.5,-0.3,0.3,0.3,-15.5,-15.5,0.0,-15,3
TM,TEAM_CR,1068,991302,0.0,-0.6,-0.3,0.3,0.1,-15.5,-15.5,0.0,-15,3
TM,TEAM_CR,1069,991352,0.0,-0.2,-0.3,0.3,-0.3,-15.5,-15.5,0.0,-15,3
TM,SUN_L,3518,SUN_R,3641,SUN_NDV,-0.0172,SUN_ANGLE,-19.43
TM,MAG_X,-19.02,MAG_Y,27.39,MAG_Z,-12.40,MAG_HEADING,124.78
TM,GYRO_X,0.639,GYRO_Y,-2.433,GYRO_Z,-7.470,BODY_RATE,7.470
TM,TEAM_CR,1070,991400,0.0,-0.3,-0.3,0.3,0.3,-15.5,-15.5,0.0,-15,3
TM,TEAM_CR,1071,991440,0.0,-0.4,-0.3,0.3,-0.1,-15.5,-15.5,0.0,-15,3
TM,TEAM_CR,1072,991480,0.0,-0.4,-0.3,0.3,0.0,-15.5,-15.5,0.0,-15,3
TM,TEAM_CR,1073,991520,0.0,-0.4,-0.3,0.3,0.1,-15.5,-15.5,0.0,-15,3
TM,TEAM_CR,1074,991560,0.0,-0.5,-0.3,0.3,-0.3,-15.5,-15.5,0.0,-15,3
TM,TEAM_CR,1075,991602,0.0,-0.1,-0.3,0.3,0.1,-15.5,-15.5,0.0,-15,3
TM,TEAM_CR,1076,991642,0.0,-0.4,-0.3,0.3,0.1,-15.5,-15.5,0.0,-15,3
TM,TEAM_CR,1077,991682,0.0,-0.4,-0.3,0.3,0.1,-15.5,-15.5,0.0,-15,3
TM,TEAM_CR,1078,991722,0.0,-0.4,-0.3,0.3,0.0,-15.5,-15.5,0.0,-15,3
TM,TEAM_CR,1079,991762,0.0,-0.5,-0.3,0.3,0.2,-15.5,-15.5,0.0,-15,3
TM,TEAM_CR,1080,991802,0.0,-0.4,-0.3,0.3,0.0,-15.5,-15.5,0.0,-15,3
TM,ADCS_MODE,MANUAL,ADCS_REFERENCE,SUN,TARGET,0.00,POINTING_ERROR,20.80,SUN_ERROR,19.87,MAG_ERROR,-125.77,GYRO_Z,12.332,RW_CMD,0
TM,EST_RAW,-19.87,EST_FILTERED,-19.87,EST_ANGLE,-20.80,EST_FILTER,ON,EST_FILTER_TYPE,MOVING_AVERAGE,EST_MA_WINDOW,1,EST_FILTER_STRENGTH,0.35
TM,EST_FUSION,ON,EST_GYRO_WEIGHT,0.98,EST_VALID,1
TM,TEAM_CR,1081,991852,0.0,-0.4,-0.3,0.3,-0.1,-15.5,-15.5,0.0,-15,3
TM,TEAM_CR,1082,991892,0.0,-0.3,-0.3,0.3,0.3,-15.5,-15.5,0.0,-15,3
TM,TEAM_CR,1083,991932,0.0,-0.2,-0.3,0.3,0.1,-15.5,-15.5,0.0,-15,3
TM,TEAM_CR,1084,991972,0.0,-0.2,-0.3,0.3,0.0,-15.5,-15.5,0.0,-15,3
TM,TEAM_CR,1085,992020,0.0,-0.4,-0.3,0.3,0.3,-15.5,-15.5,0.0,-15,3
TM,TEAM_CR,1086,992060,0.0,-0.3,-0.3,0.3,0.0,-15.5,-15.5,0.0,-15,3
TM,TEAM_CR,1087,992103,0.0,-0.1,-0.3,0.3,0.0,-15.5,-15.5,0.0,-15,3
TM,SUN_L,3500,SUN_R,3639,SUN_NDV,-0.0195,SUN_ANGLE,-21.34
TM,MAG_X,-19.14,MAG_Y,26.56,MAG_Z,-12.10,MAG_HEADING,125.77
TM,GYRO_X,-3.745,GYRO_Y,-2.905,GYRO_Z,11.938,BODY_RATE,-11.938
TM,TEAM_CR,1088,992142,0.0,-0.3,-0.3,0.3,0.1,-15.5,-15.5,0.0,-15,3
TM,TEAM_CR,1089,992182,0.0,-0.5,-0.3,0.3,0.0,-15.5,-15.5,0.0,-15,3
TM,TEAM_CR,1090,992222,0.0,-0.3,-0.3,0.3,0.1,-15.5,-15.5,0.0,-15,3
TM,TEAM_CR,1091,992262,0.0,-0.3,-0.3,0.3,0.0,-15.5,-15.5,0.0,-15,3
TM,TEAM_CR,1092,992302,0.0,-0.3,-0.3,0.3,0.2,-15.5,-15.5,0.0,-15,3
TM,TEAM_CR,1093,992352,0.0,-0.3,-0.3,0.3,0.3,-15.5,-15.5,0.0,-15,3
TM,TEAM_CR,1094,992400,0.0,-0.5,-0.2,0.2,0.0,-15.5,-15.5,0.0,-15,3
TM,TEAM_CR,1095,992440,0.0,-0.5,-0.3,0.3,-0.2,-15.5,-15.5,0.0,-15,3
TM,TEAM_CR,1096,992480,0.0,-0.4,-0.3,0.3,0.2,-15.5,-15.5,0.0,-15,3
TM,TEAM_CR,1097,992520,0.0,-0.4,-0.3,0.3,0.0,-15.5,-15.5,0.0,-15,3
TM,TEAM_CR,1098,992560,0.0,-0.4,-0.3,0.3,0.3,-15.5,-15.5,0.0,-15,3
TM,TEAM_CR,1099,992601,0.0,-0.5,-0.3,0.3,0.2,-15.5,-15.5,0.0,-15,3
TM,TEAM_CR,1100,992641,0.0,-0.7,-0.3,0.3,0.1,-15.5,-15.5,0.0,-15,3
TM,TEAM_CR,1101,992681,0.0,-0.5,-0.3,0.3,0.0,-15.5,-15.5,0.0,-15,3
TM,TEAM_CR,1102,992721,0.0,-0.5,-0.3,0.3,0.0,-15.5,-15.5,0.0,-15,3
TM,TEAM_CR,1103,992761,0.0,-0.5,-0.3,0.3,-0.3,-15.5,-15.5,0.0,-15,3
TM,ADCS_MODE,MANUAL,ADCS_REFERENCE,SUN,TARGET,0.00,POINTING_ERROR,22.08,SUN_ERROR,21.89,MAG_ERROR,-124.06,GYRO_Z,-4.801,RW_CMD,0
TM,EST_RAW,-21.89,EST_FILTERED,-21.89,EST_ANGLE,-22.08,EST_FILTER,ON,EST_FILTER_TYPE,MOVING_AVERAGE,EST_MA_WINDOW,1,EST_FILTER_STRENGTH,0.35
TM,EST_FUSION,ON,EST_GYRO_WEIGHT,0.98,EST_VALID,1
TM,TEAM_CR,1104,992801,0.0,-0.5,-0.3,0.3,0.0,-15.5,-15.5,0.0,-15,3
TM,TEAM_CR,1105,992852,0.0,-0.3,-0.3,0.3,0.2,-15.5,-15.5,0.0,-15,3
TM,SUN_L,3495,SUN_R,3640,SUN_NDV,-0.0203,SUN_ANGLE,-21.95
TM,MAG_X,-19.07,MAG_Y,28.08,MAG_Z,-11.82,MAG_HEADING,124.18
TM,GYRO_X,-0.814,GYRO_Y,-2.354,GYRO_Z,-4.250,BODY_RATE,4.250
TM,TEAM_CR,1106,992892,0.0,-0.5,-0.3,0.3,-0.1,-15.5,-15.5,0.0,-15,3
TM,TEAM_CR,1107,992932,0.0,-0.1,-0.3,0.3,0.0,-15.5,-15.5,0.0,-15,3
TM,TEAM_CR,1108,992972,0.0,-0.3,-0.3,0.3,0.0,-15.5,-15.5,0.0,-15,3
TM,TEAM_CR,1109,993020,0.0,-0.4,-0.3,0.3,-0.2,-15.5,-15.5,0.0,-15,3
TM,TEAM_CR,1110,993060,0.0,-0.4,-0.3,0.3,0.3,-15.5,-15.5,0.0,-15,3
TM,TEAM_CR,1111,993102,0.0,-0.3,-0.3,0.3,0.3,-15.5,-15.5,0.0,-15,3
TM,TEAM_CR,1112,993142,0.0,-0.2,-0.3,0.3,0.0,-15.5,-15.5,0.0,-15,3
TM,TEAM_CR,1113,993182,0.0,-0.3,-0.3,0.3,-0.1,-15.5,-15.5,0.0,-15,3
TM,TEAM_CR,1114,993222,0.0,-0.4,-0.3,0.3,0.3,-15.5,-15.5,0.0,-15,3
TM,TEAM_CR,1115,993262,0.0,-0.5,-0.3,0.3,0.0,-15.5,-15.5,0.0,-15,3
TM,TEAM_CR,1116,993302,0.0,-0.3,-0.3,0.3,0.1,-15.5,-15.5,0.0,-15,3
TM,TEAM_CR,1117,993351,0.0,-0.6,-0.3,0.3,0.4,-15.5,-15.5,0.0,-15,3
TM,TEAM_CR,1118,993400,0.0,-0.5,-0.3,0.3,-0.1,-15.5,-15.5,0.0,-15,3
TM,TEAM_CR,1119,993440,0.0,-0.4,-0.3,0.3,0.1,-15.5,-15.5,0.0,-15,3
TM,TEAM_CR,1120,993480,0.0,-0.5,-0.3,0.3,0.1,-15.5,-15.5,0.0,-15,3
TM,TEAM_CR,1121,993520,0.0,-0.2,-0.3,0.3,0.1,-15.5,-15.5,0.0,-15,3
TM,TEAM_CR,1122,993560,0.0,-0.4,-0.3,0.3,0.1,-15.5,-15.5,0.0,-15,3
TM,TEAM_CR,1123,993602,0.0,-0.5,-0.3,0.3,0.1,-15.5,-15.5,0.0,-15,3
TM,TEAM_CR,1124,993642,0.0,-0.5,-0.3,0.3,0.0,-15.5,-15.5,0.0,-15,3
TM,SUN_L,3449,SUN_R,3630,SUN_NDV,-0.0256,SUN_ANGLE,-26.28
TM,MAG_X,-18.88,MAG_Y,28.43,MAG_Z,-11.78,MAG_HEADING,123.59
TM,GYRO_X,-26.871,GYRO_Y,-3.938,GYRO_Z,134.858,BODY_RATE,-134.858
TM,TEAM_CR,1125,993682,0.0,-0.4,-0.3,0.3,0.1,-15.5,-15.5,0.0,-15,3
TM,ADCS_MODE,MANUAL,ADCS_REFERENCE,SUN,TARGET,0.00,POINTING_ERROR,30.68,SUN_ERROR,29.02,MAG_ERROR,-123.59,GYRO_Z,130.544,RW_CMD,0
TM,EST_RAW,-29.02,EST_FILTERED,-29.02,EST_ANGLE,-30.68,EST_FILTER,ON,EST_FILTER_TYPE,MOVING_AVERAGE,EST_MA_WINDOW,1,EST_FILTER_STRENGTH,0.35
TM,EST_FUSION,ON,EST_GYRO_WEIGHT,0.98,EST_VALID,1
TM,TEAM_CR,1126,993722,0.0,-0.6,-0.3,0.3,0.1,-15.5,-15.5,0.0,-15,3
TM,TEAM_CR,1127,993762,0.0,-0.3,-0.3,0.3,-0.2,-15.5,-15.5,0.0,-15,3
TM,TEAM_CR,1128,993802,0.0,-0.1,-0.3,0.3,0.1,-15.5,-15.5,0.0,-15,3
TM,TEAM_CR,1129,993851,0.0,-0.5,-0.3,0.3,0.0,-15.5,-15.5,0.0,-15,3
TM,TEAM_CR,1130,993891,0.0,-0.6,-0.3,0.3,0.2,-15.5,-15.5,0.0,-15,3
TM,TEAM_CR,1131,993931,0.0,-0.2,-0.3,0.3,-0.2,-15.5,-15.5,0.0,-15,3
TM,TEAM_CR,1132,993971,0.0,-0.5,-0.3,0.3,0.0,-15.5,-15.5,0.0,-15,3
TM,TEAM_CR,1133,994020,0.0,-0.6,-0.3,0.3,-0.1,-15.5,-15.5,0.0,-15,3
TM,TEAM_CR,1134,994060,0.0,-0.4,-0.3,0.3,0.2,-15.5,-15.5,0.0,-15,3
TM,TEAM_CR,1135,994101,0.0,-0.4,-0.3,0.3,0.4,-15.5,-15.5,0.0,-15,3
TM,TEAM_CR,1136,994141,0.0,-0.5,-0.3,0.3,0.0,-15.5,-15.5,0.0,-15,3
TM,TEAM_CR,1137,994181,0.0,-0.3,-0.3,0.3,-0.1,-15.5,-15.5,0.0,-15,3
TM,TEAM_CR,1138,994221,0.0,-0.1,-0.3,0.3,0.1,-15.5,-15.5,0.0,-15,3
TM,TEAM_CR,1139,994262,0.0,-0.6,-0.3,0.3,0.0,-15.5,-15.5,0.0,-15,3
TM,TEAM_CR,1140,994301,0.0,-0.1,-0.3,0.3,0.3,-15.5,-15.5,0.0,-15,3
TM,TEAM_CR,1141,994351,0.0,-0.4,-0.3,0.3,-0.1,-15.5,-15.5,0.0,-15,3
TM,TEAM_CR,1142,994401,0.0,-0.4,-0.3,0.3,0.1,-15.5,-15.5,0.0,-15,3
TM,SUN_L,3339,SUN_R,3607,SUN_NDV,-0.0386,SUN_ANGLE,-34.76
TM,MAG_X,-15.74,MAG_Y,38.08,MAG_Z,-9.46,MAG_HEADING,112.46
TM,GYRO_X,9.188,GYRO_Y,-2.144,GYRO_Z,-60.766,BODY_RATE,60.766
TM,TEAM_CR,1143,994441,0.0,-0.2,-0.3,0.3,0.5,-15.5,-15.5,0.0,-15,3
TM,TEAM_CR,1144,994481,0.0,-0.4,-0.3,0.3,0.1,-15.5,-15.5,0.0,-15,3
TM,TEAM_CR,1145,994521,0.0,-0.6,-0.3,0.3,-0.1,-15.5,-15.5,0.0,-15,3
TM,TEAM_CR,1146,994561,0.0,-0.4,-0.3,0.3,0.4,-15.5,-15.5,0.0,-15,3
TM,TEAM_CR,1147,994602,0.0,-0.4,-0.3,0.3,0.2,-15.5,-15.5,0.0,-15,3
TM,TEAM_CR,1148,994642,0.0,-0.2,-0.3,0.3,0.0,-15.5,-15.5,0.0,-15,3
TM,ADCS_MODE,MANUAL,ADCS_REFERENCE,SUN,TARGET,0.00,POINTING_ERROR,31.13,SUN_ERROR,31.58,MAG_ERROR,-116.70,GYRO_Z,-1.642,RW_CMD,0
TM,EST_RAW,-31.58,EST_FILTERED,-31.58,EST_ANGLE,-31.13,EST_FILTER,ON,EST_FILTER_TYPE,MOVING_AVERAGE,EST_MA_WINDOW,1,EST_FILTER_STRENGTH,0.35
TM,EST_FUSION,ON,EST_GYRO_WEIGHT,0.98,EST_VALID,1
TM,TEAM_CR,1149,994682,0.0,-0.6,-0.3,0.3,0.2,-15.5,-15.5,0.0,-15,3
TM,TEAM_CR,1150,994722,0.0,-0.3,-0.3,0.3,0.1,-15.5,-15.5,0.0,-15,3
TM,TEAM_CR,1151,994762,0.0,-0.3,-0.3,0.3,-0.1,-15.5,-15.5,0.0,-15,3
TM,TEAM_CR,1152,994803,0.0,-0.1,-0.3,0.3,0.3,-15.5,-15.5,0.0,-15,3
TM,TEAM_CR,1153,994852,0.0,-0.4,-0.3,0.3,0.0,-15.5,-15.5,0.0,-15,3
TM,TEAM_CR,1154,994892,0.0,-0.4,-0.3,0.3,-0.2,-15.5,-15.5,0.0,-15,3
TM,TEAM_CR,1155,994932,0.0,-0.3,-0.3,0.3,0.3,-15.5,-15.5,0.0,-15,3
TM,TEAM_CR,1156,994972,0.0,-0.4,-0.3,0.3,0.0,-15.5,-15.5,0.0,-15,3
TM,TEAM_CR,1157,995020,0.0,-0.3,-0.3,0.3,-0.1,-15.5,-15.5,0.0,-15,3
TM,TEAM_CR,1158,995060,0.0,-0.3,-0.3,0.3,0.3,-15.5,-15.5,0.0,-15,3
TM,TEAM_CR,1159,995102,0.0,-0.2,-0.3,0.3,0.3,-15.5,-15.5,0.0,-15,3
TM,TEAM_CR,1160,995142,0.0,-0.2,-0.3,0.3,-0.1,-15.5,-15.5,0.0,-15,3
TM,SUN_L,3268,SUN_R,3581,SUN_NDV,-0.0457,SUN_ANGLE,-38.12
TM,MAG_X,-17.25,MAG_Y,34.29,MAG_Z,-10.16,MAG_HEADING,116.70
TM,GYRO_X,-4.856,GYRO_Y,-3.684,GYRO_Z,10.205,BODY_RATE,-10.205
TM,TEAM_CR,1161,995182,0.0,-0.7,-0.3,0.3,0.5,-15.5,-15.5,0.0,-15,3
TM,TEAM_CR,1162,995223,0.0,-0.6,-0.3,0.3,-0.1,-15.5,-15.5,0.0,-15,3
TM,TEAM_CR,1163,995262,0.0,-0.2,-0.3,0.3,0.2,-15.5,-15.5,0.0,-15,3
TM,TEAM_CR,1164,995302,0.0,-0.5,-0.3,0.3,0.3,-15.5,-15.5,0.0,-15,3
TM,TEAM_CR,1165,995352,0.0,-0.3,-0.3,0.3,0.4,-15.5,-15.5,0.0,-15,3
TM,TEAM_CR,1166,995399,0.0,-0.2,-0.3,0.3,0.0,-15.5,-15.5,0.0,-15,3
TM,TEAM_CR,1167,995439,0.0,-0.4,-0.3,0.3,0.4,-15.5,-15.5,0.0,-15,3
TM,TEAM_CR,1168,995479,0.0,-0.4,-0.3,0.3,-0.1,-15.5,-15.5,0.0,-15,3
TM,TEAM_CR,1169,995519,0.0,-0.1,-0.2,0.2,0.3,-15.5,-15.5,0.0,-15,3
TM,TEAM_CR,1170,995559,0.0,-0.4,-0.2,0.2,0.0,-15.5,-15.5,0.0,-15,3
TM,TEAM_CR,1171,995602,0.0,-0.2,-0.2,0.2,0.1,-15.5,-15.5,0.0,-15,3
TM,ADCS_MODE,MANUAL,ADCS_REFERENCE,SUN,TARGET,0.00,POINTING_ERROR,29.54,SUN_ERROR,31.10,MAG_ERROR,-111.60,GYRO_Z,-65.666,RW_CMD,0
TM,EST_RAW,-31.10,EST_FILTERED,-31.10,EST_ANGLE,-29.54,EST_FILTER,ON,EST_FILTER_TYPE,MOVING_AVERAGE,EST_MA_WINDOW,1,EST_FILTER_STRENGTH,0.35
TM,EST_FUSION,ON,EST_GYRO_WEIGHT,0.98,EST_VALID,1
TM,TEAM_CR,1172,995642,0.0,-0.2,-0.2,0.2,0.3,-15.5,-15.5,0.0,-15,3
TM,TEAM_CR,1173,995682,0.0,-0.4,-0.2,0.2,0.2,-15.5,-15.5,0.0,-15,3
TM,TEAM_CR,1174,995722,0.0,0.1,-0.2,0.2,0.2,-15.5,-15.5,0.0,-15,3
TM,TEAM_CR,1175,995762,0.0,-0.2,-0.2,0.2,0.1,-15.5,-15.5,0.0,-15,3
TM,TEAM_CR,1176,995802,0.0,-0.2,-0.2,0.2,-0.2,-15.5,-15.5,0.0,-15,3
TM,TEAM_CR,1177,995853,0.0,-0.5,-0.2,0.2,-0.1,-15.5,-15.5,0.0,-15,3
TM,TEAM_CR,1178,995892,0.0,-0.3,-0.2,0.2,0.2,-15.5,-15.5,0.0,-15,3
TM,SUN_L,3438,SUN_R,3630,SUN_NDV,-0.0272,SUN_ANGLE,-27.31
TM,MAG_X,-18.02,MAG_Y,32.03,MAG_Z,-10.91,MAG_HEADING,119.36
TM,GYRO_X,5.863,GYRO_Y,-0.735,GYRO_Z,-39.503,BODY_RATE,39.503
TM,TEAM_CR,1179,995932,0.0,-0.2,-0.2,0.2,0.0,-15.5,-15.5,0.0,-15,3
TM,TEAM_CR,1180,995972,0.0,-0.1,-0.2,0.2,-0.1,-15.5,-15.5,0.0,-15,3
TM,TEAM_CR,1181,996020,0.0,-0.3,-0.2,0.2,0.3,-15.5,-15.5,0.0,-15,3
TM,TEAM_CR,1182,996060,0.0,-0.6,-0.2,0.2,-0.1,-15.5,-15.5,0.0,-15,3
TM,TEAM_CR,1183,996102,0.0,-0.6,-0.2,0.2,0.0,-15.5,-15.5,0.0,-15,3
TM,TEAM_CR,1184,996142,0.0,-0.4,-0.2,0.2,0.0,-15.5,-15.5,0.0,-15,3
TM,TEAM_CR,1185,996182,0.0,-0.3,-0.2,0.2,-0.1,-15.5,-15.5,0.0,-15,3
TM,TEAM_CR,1186,996222,0.0,-0.3,-0.2,0.2,-0.2,-15.5,-15.5,0.0,-15,3
TM,TEAM_CR,1187,996262,0.0,-0.1,-0.2,0.2,0.2,-15.5,-15.5,0.0,-15,3
TM,TEAM_CR,1188,996302,0.0,-0.3,-0.2,0.2,0.1,-15.5,-15.5,0.0,-15,3
TM,TEAM_CR,1189,996351,0.0,-0.5,-0.2,0.2,-0.2,-15.5,-15.5,0.0,-15,3
TM,TEAM_CR,1190,996400,0.0,-0.4,-0.2,0.2,0.3,-15.5,-15.5,0.0,-15,3
TM,TEAM_CR,1191,996440,0.0,-0.4,-0.2,0.2,0.3,-15.5,-15.5,0.0,-15,3
TM,TEAM_CR,1192,996481,0.0,-0.3,-0.2,0.2,0.0,-15.5,-15.5,0.0,-15,3
TM,TEAM_CR,1193,996520,0.0,-0.3,-0.2,0.2,0.3,-15.5,-15.5,0.0,-15,3
TM,TEAM_CR,1194,996560,0.0,-0.7,-0.2,0.2,0.0,-15.5,-15.5,0.0,-15,3
TM,ADCS_MODE,MANUAL,ADCS_REFERENCE,SUN,TARGET,0.00,POINTING_ERROR,19.38,SUN_ERROR,17.70,MAG_ERROR,-126.19,GYRO_Z,-1.257,RW_CMD,0
TM,EST_RAW,-17.70,EST_FILTERED,-17.70,EST_ANGLE,-19.38,EST_FILTER,ON,EST_FILTER_TYPE,MOVING_AVERAGE,EST_MA_WINDOW,1,EST_FILTER_STRENGTH,0.35
TM,EST_FUSION,ON,EST_GYRO_WEIGHT,0.98,EST_VALID,1
TM,TEAM_CR,1195,996601,0.0,-0.3,-0.3,0.3,-0.1,-15.5,-15.5,0.0,-15,3
TM,TEAM_CR,1196,996641,0.0,-0.5,-0.3,0.3,0.3,-15.5,-15.5,0.0,-15,3
TM,SUN_L,3531,SUN_R,3643,SUN_NDV,-0.0156,SUN_ANGLE,-17.93
TM,MAG_X,-19.18,MAG_Y,26.22,MAG_Z,-12.75,MAG_HEADING,126.19
TM,GYRO_X,-4.279,GYRO_Y,-3.063,GYRO_Z,13.023,BODY_RATE,-13.023
TM,TEAM_CR,1197,996681,0.0,-0.7,-0.3,0.3,0.3,-15.5,-15.5,0.0,-15,3
TM,TEAM_CR,1198,996721,0.0,0.0,-0.3,0.3,-0.2,-15.5,-15.5,0.0,-15,3
TM,TEAM_CR,1199,996761,0.0,-0.3,-0.3,0.3,0.4,-15.5,-15.5,0.0,-15,3
TM,TEAM_CR,1200,996801,0.0,-0.6,-0.3,0.3,0.2,-15.5,-15.5,0.0,-15,3
TM,TEAM_CR,1201,996852,0.0,-0.9,-0.3,0.3,-0.3,-15.5,-15.5,0.0,-15,3
TM,TEAM_CR,1202,996892,0.0,-0.2,-0.3,0.3,0.5,-15.5,-15.5,0.0,-15,3
TM,TEAM_CR,1203,996932,0.0,-0.2,-0.3,0.3,0.1,-15.5,-15.5,0.0,-15,3
TM,TEAM_CR,1204,996972,0.0,-0.3,-0.3,0.3,-0.2,-15.5,-15.5,0.0,-15,3
TM,TEAM_CR,1205,997020,0.0,-0.4,-0.3,0.3,-0.4,-15.5,-15.5,0.0,-15,3
TM,TEAM_CR,1206,997060,0.0,-0.5,-0.3,0.3,0.0,-15.5,-15.5,0.0,-15,3
TM,TEAM_CR,1207,997102,0.0,-0.3,-0.3,0.3,0.1,-15.5,-15.5,0.0,-15,3
TM,TEAM_CR,1208,997142,0.0,-0.2,-0.3,0.3,0.1,-15.5,-15.5,0.0,-15,3
TM,TEAM_CR,1209,997182,0.0,-0.3,-0.3,0.3,0.0,-15.5,-15.5,0.0,-15,3
TM,TEAM_CR,1210,997222,0.0,-0.4,-0.3,0.3,0.1,-15.5,-15.5,0.0,-15,3
TM,TEAM_CR,1211,997262,0.0,-0.3,-0.3,0.3,0.3,-15.5,-15.5,0.0,-15,3
TM,TEAM_CR,1212,997302,0.0,-0.3,-0.3,0.3,0.0,-15.5,-15.5,0.0,-15,3
TM,TEAM_CR,1213,997351,0.0,-0.4,-0.3,0.3,0.1,-15.5,-15.5,0.0,-15,3
TM,TEAM_CR,1214,997400,0.0,-0.4,-0.3,0.3,0.2,-15.5,-15.5,0.0,-15,3
TM,TEAM_CR,1215,997441,0.0,-0.2,-0.3,0.3,-0.2,-15.5,-15.5,0.0,-15,3
TM,SUN_L,3517,SUN_R,3640,SUN_NDV,-0.0172,SUN_ANGLE,-19.54
TM,MAG_X,-19.12,MAG_Y,26.72,MAG_Z,-12.54,MAG_HEADING,125.59
TM,GYRO_X,-1.102,GYRO_Y,-2.336,GYRO_Z,-0.645,BODY_RATE,0.645
TM,TEAM_CR,1216,997480,0.0,-0.6,-0.3,0.3,0.4,-15.5,-15.5,0.0,-15,3
TM,ADCS_MODE,MANUAL,ADCS_REFERENCE,SUN,TARGET,0.00,POINTING_ERROR,20.84,SUN_ERROR,19.35,MAG_ERROR,-125.59,GYRO_Z,-1.695,RW_CMD,0
TM,EST_RAW,-19.35,EST_FILTERED,-19.35,EST_ANGLE,-20.84,EST_FILTER,ON,EST_FILTER_TYPE,MOVING_AVERAGE,EST_MA_WINDOW,1,EST_FILTER_STRENGTH,0.35
TM,EST_FUSION,ON,EST_GYRO_WEIGHT,0.98,EST_VALID,1
TM,TEAM_CR,1217,997520,0.0,-0.2,-0.3,0.3,0.0,-15.5,-15.5,0.0,-15,3
TM,TEAM_CR,1218,997560,0.0,-0.3,-0.3,0.3,-0.2,-15.5,-15.5,0.0,-15,3
TM,TEAM_CR,1219,997602,0.0,-0.5,-0.3,0.3,0.1,-15.5,-15.5,0.0,-15,3
TM,TEAM_CR,1220,997642,0.0,-0.1,-0.3,0.3,0.3,-15.5,-15.5,0.0,-15,3
TM,TEAM_CR,1221,997682,0.0,-0.5,-0.3,0.3,0.2,-15.5,-15.5,0.0,-15,3
TM,TEAM_CR,1222,997722,0.0,-0.2,-0.3,0.3,0.2,-15.5,-15.5,0.0,-15,3
TM,TEAM_CR,1223,997762,0.0,-0.6,-0.3,0.3,0.2,-15.5,-15.5,0.0,-15,3
TM,TEAM_CR,1224,997802,0.0,-0.2,-0.3,0.3,-0.2,-15.5,-15.5,0.0,-15,3
TM,TEAM_CR,1225,997851,0.0,-0.5,-0.3,0.3,0.4,-15.5,-15.5,0.0,-15,3
TM,TEAM_CR,1226,997891,0.0,-0.3,-0.3,0.3,0.0,-15.5,-15.5,0.0,-15,3
TM,TEAM_CR,1227,997931,0.0,-0.2,-0.3,0.3,-0.2,-15.5,-15.5,0.0,-15,3
EVT,TEAM_CDUMP,END,1228
TM,SUN_L,3526,SUN_R,3641,SUN_NDV,-0.0160,SUN_ANGLE,-18.26
TM,MAG_X,-19.14,MAG_Y,26.75,MAG_Z,-12.45,MAG_HEADING,125.58
TM,GYRO_X,-3.273,GYRO_Y,-2.896,GYRO_Z,6.110,BODY_RATE,-6.110
TM,ADCS_MODE,MANUAL,ADCS_REFERENCE,SUN,TARGET,0.00,POINTING_ERROR,20.08,SUN_ERROR,18.70,MAG_ERROR,-125.58,GYRO_Z,-0.365,RW_CMD,0
TM,EST_RAW,-18.70,EST_FILTERED,-18.70,EST_ANGLE,-20.08,EST_FILTER,ON,EST_FILTER_TYPE,MOVING_AVERAGE,EST_MA_WINDOW,1,EST_FILTER_STRENGTH,0.35
TM,EST_FUSION,ON,EST_GYRO_WEIGHT,0.98,EST_VALID,1
TM,SUN_L,3529,SUN_R,3640,SUN_NDV,-0.0155,SUN_ANGLE,-18.15
TM,MAG_X,-19.18,MAG_Y,26.46,MAG_Z,-12.83,MAG_HEADING,125.94
TM,GYRO_X,-1.487,GYRO_Y,-2.406,GYRO_Z,0.869,BODY_RATE,-0.869
TM,ADCS_MODE,MANUAL,ADCS_REFERENCE,SUN,TARGET,0.00,POINTING_ERROR,19.21,SUN_ERROR,17.92,MAG_ERROR,-125.48,GYRO_Z,3.695,RW_CMD,0
TM,EST_RAW,-17.92,EST_FILTERED,-17.92,EST_ANGLE,-19.21,EST_FILTER,ON,EST_FILTER_TYPE,MOVING_AVERAGE,EST_MA_WINDOW,1,EST_FILTER_STRENGTH,0.35
TM,EST_FUSION,ON,EST_GYRO_WEIGHT,0.98,EST_VALID,1
TM,SUN_L,3530,SUN_R,3640,SUN_NDV,-0.0153,SUN_ANGLE,-18.05
TM,MAG_X,-18.94,MAG_Y,26.58,MAG_Z,-12.67,MAG_HEADING,125.48
TM,GYRO_X,-0.577,GYRO_Y,-3.132,GYRO_Z,0.073,BODY_RATE,-0.073
TM,ADCS_MODE,MANUAL,ADCS_REFERENCE,SUN,TARGET,0.00,POINTING_ERROR,19.11,SUN_ERROR,18.13,MAG_ERROR,-126.02,GYRO_Z,-0.820,RW_CMD,0
TM,EST_RAW,-18.13,EST_FILTERED,-18.13,EST_ANGLE,-19.11,EST_FILTER,ON,EST_FILTER_TYPE,MOVING_AVERAGE,EST_MA_WINDOW,1,EST_FILTER_STRENGTH,0.35
TM,EST_FUSION,ON,EST_GYRO_WEIGHT,0.98,EST_VALID,1
TM,SUN_L,3530,SUN_R,3641,SUN_NDV,-0.0155,SUN_ANGLE,-18.05
TM,MAG_X,-19.34,MAG_Y,26.61,MAG_Z,-12.67,MAG_HEADING,126.02
TM,GYRO_X,-1.190,GYRO_Y,-2.546,GYRO_Z,-3.576,BODY_RATE,3.576
TM,SUN_L,3543,SUN_R,3640,SUN_NDV,-0.0135,SUN_ANGLE,-16.72
TM,MAG_X,-19.04,MAG_Y,25.95,MAG_Z,-12.94,MAG_HEADING,126.27
TM,GYRO_X,-0.035,GYRO_Y,-2.030,GYRO_Z,-8.983,BODY_RATE,8.983
TM,ADCS_MODE,MANUAL,ADCS_REFERENCE,SUN,TARGET,0.00,POINTING_ERROR,17.19,SUN_ERROR,16.63,MAG_ERROR,-126.27,GYRO_Z,-7.785,RW_CMD,0
TM,EST_RAW,-16.63,EST_FILTERED,-16.63,EST_ANGLE,-17.19,EST_FILTER,ON,EST_FILTER_TYPE,MOVING_AVERAGE,EST_MA_WINDOW,1,EST_FILTER_STRENGTH,0.35
TM,EST_FUSION,ON,EST_GYRO_WEIGHT,0.98,EST_VALID,1
TM,SUN_L,3545,SUN_R,3641,SUN_NDV,-0.0134,SUN_ANGLE,-16.50
TM,MAG_X,-19.14,MAG_Y,25.50,MAG_Z,-12.82,MAG_HEADING,126.88
TM,GYRO_X,-1.977,GYRO_Y,-2.310,GYRO_Z,2.400,BODY_RATE,-2.400
TM,ADCS_MODE,MANUAL,ADCS_REFERENCE,SUN,TARGET,0.00,POINTING_ERROR,17.00,SUN_ERROR,16.44,MAG_ERROR,-126.88,GYRO_Z,-0.592,RW_CMD,0
TM,EST_RAW,-16.44,EST_FILTERED,-16.44,EST_ANGLE,-17.00,EST_FILTER,ON,EST_FILTER_TYPE,MOVING_AVERAGE,EST_MA_WINDOW,1,EST_FILTER_STRENGTH,0.35
TM,EST_FUSION,ON,EST_GYRO_WEIGHT,0.98,EST_VALID,1
TM,SUN_L,3545,SUN_R,3641,SUN_NDV,-0.0134,SUN_ANGLE,-16.41
TM,MAG_X,-19.20,MAG_Y,25.70,MAG_Z,-12.80,MAG_HEADING,126.77
TM,GYRO_X,-0.018,GYRO_Y,-2.284,GYRO_Z,-10.095,BODY_RATE,10.095
TM,ADCS_MODE,MANUAL,ADCS_REFERENCE,SUN,TARGET,0.00,POINTING_ERROR,15.73,SUN_ERROR,15.36,MAG_ERROR,-127.47,GYRO_Z,-5.886,RW_CMD,0
TM,EST_RAW,-15.36,EST_FILTERED,-15.36,EST_ANGLE,-15.73,EST_FILTER,ON,EST_FILTER_TYPE,MOVING_AVERAGE,EST_MA_WINDOW,1,EST_FILTER_STRENGTH,0.35
TM,EST_FUSION,ON,EST_GYRO_WEIGHT,0.98,EST_VALID,1
TM,SUN_L,3557,SUN_R,3642,SUN_NDV,-0.0118,SUN_ANGLE,-14.86
TM,MAG_X,-19.30,MAG_Y,24.58,MAG_Z,-13.47,MAG_HEADING,128.14
TM,GYRO_X,-1.094,GYRO_Y,-2.223,GYRO_Z,-4.110,BODY_RATE,4.110
TM,ADCS_MODE,MANUAL,ADCS_REFERENCE,SUN,TARGET,0.00,POINTING_ERROR,14.46,SUN_ERROR,14.19,MAG_ERROR,-128.99,GYRO_Z,-6.918,RW_CMD,0
TM,EST_RAW,-14.19,EST_FILTERED,-14.19,EST_ANGLE,-14.46,EST_FILTER,ON,EST_FILTER_TYPE,MOVING_AVERAGE,EST_MA_WINDOW,1,EST_FILTER_STRENGTH,0.35
TM,EST_FUSION,ON,EST_GYRO_WEIGHT,0.98,EST_VALID,1
TM,SUN_L,3566,SUN_R,3640,SUN_NDV,-0.0103,SUN_ANGLE,-13.81
TM,MAG_X,-19.39,MAG_Y,23.95,MAG_Z,-13.36,MAG_HEADING,128.99
TM,GYRO_X,0.228,GYRO_Y,-2.345,GYRO_Z,-5.300,BODY_RATE,5.300
TM,SUN_L,3566,SUN_R,3640,SUN_NDV,-0.0103,SUN_ANGLE,-14.06
TM,MAG_X,-19.38,MAG_Y,23.73,MAG_Z,-13.52,MAG_HEADING,129.23
TM,GYRO_X,-1.619,GYRO_Y,-2.293,GYRO_Z,0.178,BODY_RATE,-0.178
TM,ADCS_MODE,MANUAL,ADCS_REFERENCE,SUN,TARGET,0.00,POINTING_ERROR,14.10,SUN_ERROR,14.06,MAG_ERROR,-129.23,GYRO_Z,-2.981,RW_CMD,0
TM,EST_RAW,-14.06,EST_FILTERED,-14.06,EST_ANGLE,-14.10,EST_FILTER,ON,EST_FILTER_TYPE,MOVING_AVERAGE,EST_MA_WINDOW,1,EST_FILTER_STRENGTH,0.35
TM,EST_FUSION,ON,EST_GYRO_WEIGHT,0.98,EST_VALID,1
TM,SUN_L,3578,SUN_R,3637,SUN_NDV,-0.0082,SUN_ANGLE,-11.73
TM,MAG_X,-19.28,MAG_Y,23.54,MAG_Z,-13.49,MAG_HEADING,129.32
TM,GYRO_X,-0.166,GYRO_Y,-2.100,GYRO_Z,-0.601,BODY_RATE,0.601
TM,ADCS_MODE,MANUAL,ADCS_REFERENCE,SUN,TARGET,0.00,POINTING_ERROR,12.54,SUN_ERROR,11.66,MAG_ERROR,-130.84,GYRO_Z,5.078,RW_CMD,0
TM,EST_RAW,-11.66,EST_FILTERED,-11.66,EST_ANGLE,-12.54,EST_FILTER,ON,EST_FILTER_TYPE,MOVING_AVERAGE,EST_MA_WINDOW,1,EST_FILTER_STRENGTH,0.35
TM,EST_FUSION,ON,EST_GYRO_WEIGHT,0.98,EST_VALID,1
TM,SUN_L,3570,SUN_R,3637,SUN_NDV,-0.0093,SUN_ANGLE,-12.81
TM,MAG_X,-19.36,MAG_Y,23.22,MAG_Z,-13.58,MAG_HEADING,129.82
TM,GYRO_X,-2.231,GYRO_Y,-2.275,GYRO_Z,6.802,BODY_RATE,-6.802
TM,ADCS_MODE,MANUAL,ADCS_REFERENCE,SUN,TARGET,0.00,POINTING_ERROR,13.89,SUN_ERROR,13.63,MAG_ERROR,-129.82,GYRO_Z,0.519,RW_CMD,0
TM,EST_RAW,-13.63,EST_FILTERED,-13.63,EST_ANGLE,-13.89,EST_FILTER,ON,EST_FILTER_TYPE,MOVING_AVERAGE,EST_MA_WINDOW,1,EST_FILTER_STRENGTH,0.35
TM,EST_FUSION,ON,EST_GYRO_WEIGHT,0.98,EST_VALID,1
TM,SUN_L,3566,SUN_R,3638,SUN_NDV,-0.0100,SUN_ANGLE,-13.74
TM,MAG_X,-19.41,MAG_Y,23.62,MAG_Z,-13.47,MAG_HEADING,129.41
TM,GYRO_X,-0.604,GYRO_Y,-2.870,GYRO_Z,0.099,BODY_RATE,-0.099
TM,ADCS_MODE,MANUAL,ADCS_REFERENCE,SUN,TARGET,0.00,POINTING_ERROR,13.76,SUN_ERROR,13.83,MAG_ERROR,-129.28,GYRO_Z,-1.765,RW_CMD,0
TM,EST_RAW,-13.83,EST_FILTERED,-13.83,EST_ANGLE,-13.76,EST_FILTER,ON,EST_FILTER_TYPE,MOVING_AVERAGE,EST_MA_WINDOW,1,EST_FILTER_STRENGTH,0.35
TM,EST_FUSION,ON,EST_GYRO_WEIGHT,0.98,EST_VALID,1
TM,SUN_L,3565,SUN_R,3637,SUN_NDV,-0.0100,SUN_ANGLE,-13.48
TM,MAG_X,-19.34,MAG_Y,23.65,MAG_Z,-13.58,MAG_HEADING,129.28
TM,GYRO_X,-1.041,GYRO_Y,-2.371,GYRO_Z,-1.537,BODY_RATE,1.537
TM,SUN_L,3563,SUN_R,3641,SUN_NDV,-0.0108,SUN_ANGLE,-14.55
TM,MAG_X,-19.41,MAG_Y,23.66,MAG_Z,-13.49,MAG_HEADING,129.36
TM,GYRO_X,-1.033,GYRO_Y,-2.030,GYRO_Z,-0.487,BODY_RATE,0.487
TM,ADCS_MODE,MANUAL,ADCS_REFERENCE,SUN,TARGET,0.00,POINTING_ERROR,14.38,SUN_ERROR,14.15,MAG_ERROR,-128.73,GYRO_Z,-0.802,RW_CMD,0
TM,EST_RAW,-14.15,EST_FILTERED,-14.15,EST_ANGLE,-14.38,EST_FILTER,ON,EST_FILTER_TYPE,MOVING_AVERAGE,EST_MA_WINDOW,1,EST_FILTER_STRENGTH,0.35
TM,EST_FUSION,ON,EST_GYRO_WEIGHT,0.98,EST_VALID,1
TM,SUN_L,3564,SUN_R,3638,SUN_NDV,-0.0103,SUN_ANGLE,-14.23
TM,MAG_X,-19.28,MAG_Y,24.05,MAG_Z,-13.46,MAG_HEADING,128.72
TM,GYRO_X,-1.986,GYRO_Y,-1.837,GYRO_Z,3.494,BODY_RATE,-3.494
TM,ADCS_MODE,MANUAL,ADCS_REFERENCE,SUN,TARGET,0.00,POINTING_ERROR,14.60,SUN_ERROR,14.61,MAG_ERROR,-128.72,GYRO_Z,5.690,RW_CMD,0
TM,EST_RAW,-14.61,EST_FILTERED,-14.61,EST_ANGLE,-14.60,EST_FILTER,ON,EST_FILTER_TYPE,MOVING_AVERAGE,EST_MA_WINDOW,1,EST_FILTER_STRENGTH,0.35
TM,EST_FUSION,ON,EST_GYRO_WEIGHT,0.98,EST_VALID,1
TM,SUN_L,3562,SUN_R,3640,SUN_NDV,-0.0108,SUN_ANGLE,-14.46
TM,MAG_X,-19.25,MAG_Y,24.38,MAG_Z,-13.46,MAG_HEADING,128.29
TM,GYRO_X,-0.980,GYRO_Y,-2.266,GYRO_Z,-1.686,BODY_RATE,1.686
TM,ADCS_MODE,MANUAL,ADCS_REFERENCE,SUN,TARGET,0.00,POINTING_ERROR,14.49,SUN_ERROR,14.21,MAG_ERROR,-128.50,GYRO_Z,1.350,RW_CMD,0
TM,EST_RAW,-14.21,EST_FILTERED,-14.21,EST_ANGLE,-14.49,EST_FILTER,ON,EST_FILTER_TYPE,MOVING_AVERAGE,EST_MA_WINDOW,1,EST_FILTER_STRENGTH,0.35
TM,EST_FUSION,ON,EST_GYRO_WEIGHT,0.98,EST_VALID,1
TM,SUN_L,3561,SUN_R,3640,SUN_NDV,-0.0110,SUN_ANGLE,-14.59
TM,MAG_X,-19.36,MAG_Y,24.34,MAG_Z,-13.18,MAG_HEADING,128.50
TM,GYRO_X,-1.654,GYRO_Y,-2.362,GYRO_Z,1.009,BODY_RATE,-1.009
TM,ADCS_MODE,MANUAL,ADCS_REFERENCE,SUN,TARGET,0.00,POINTING_ERROR,14.52,SUN_ERROR,14.53,MAG_ERROR,-128.78,GYRO_Z,-1.625,RW_CMD,0
TM,EST_RAW,-14.53,EST_FILTERED,-14.53,EST_ANGLE,-14.52,EST_FILTER,ON,EST_FILTER_TYPE,MOVING_AVERAGE,EST_MA_WINDOW,1,EST_FILTER_STRENGTH,0.35
TM,EST_FUSION,ON,EST_GYRO_WEIGHT,0.98,EST_VALID,1
TM,SUN_L,3562,SUN_R,3638,SUN_NDV,-0.0106,SUN_ANGLE,-14.20
TM,MAG_X,-19.23,MAG_Y,24.14,MAG_Z,-13.47,MAG_HEADING,128.54
TM,GYRO_X,-0.516,GYRO_Y,-2.240,GYRO_Z,-4.416,BODY_RATE,4.416
TM,SUN_L,3564,SUN_R,3638,SUN_NDV,-0.0103,SUN_ANGLE,-13.85
TM,MAG_X,-19.34,MAG_Y,23.95,MAG_Z,-13.60,MAG_HEADING,128.92
TM,GYRO_X,-0.333,GYRO_Y,-2.608,GYRO_Z,-2.237,BODY_RATE,2.237
TM,ADCS_MODE,MANUAL,ADCS_REFERENCE,SUN,TARGET,0.00,POINTING_ERROR,13.92,SUN_ERROR,13.84,MAG_ERROR,-128.92,GYRO_Z,-0.828,RW_CMD,0
TM,EST_RAW,-13.84,EST_FILTERED,-13.84,EST_ANGLE,-13.92,EST_FILTER,ON,EST_FILTER_TYPE,MOVING_AVERAGE,EST_MA_WINDOW,1,EST_FILTER_STRENGTH,0.35
TM,EST_FUSION,ON,EST_GYRO_WEIGHT,0.98,EST_VALID,1
TM,SUN_L,3564,SUN_R,3638,SUN_NDV,-0.0103,SUN_ANGLE,-13.99
TM,MAG_X,-19.18,MAG_Y,23.76,MAG_Z,-13.63,MAG_HEADING,128.92
TM,GYRO_X,0.455,GYRO_Y,-2.415,GYRO_Z,-1.633,BODY_RATE,1.633
TM,ADCS_MODE,MANUAL,ADCS_REFERENCE,SUN,TARGET,0.00,POINTING_ERROR,13.68,SUN_ERROR,13.83,MAG_ERROR,-128.92,GYRO_Z,-1.318,RW_CMD,0
TM,EST_RAW,-13.83,EST_FILTERED,-13.83,EST_ANGLE,-13.68,EST_FILTER,ON,EST_FILTER_TYPE,MOVING_AVERAGE,EST_MA_WINDOW,1,EST_FILTER_STRENGTH,0.35
TM,EST_FUSION,ON,EST_GYRO_WEIGHT,0.98,EST_VALID,1
TM,SUN_L,3566,SUN_R,3638,SUN_NDV,-0.0100,SUN_ANGLE,-13.62
TM,MAG_X,-19.23,MAG_Y,23.89,MAG_Z,-13.63,MAG_HEADING,128.84
TM,GYRO_X,-0.420,GYRO_Y,-2.249,GYRO_Z,-1.143,BODY_RATE,1.143
TM,ADCS_MODE,MANUAL,ADCS_REFERENCE,SUN,TARGET,0.00,POINTING_ERROR,13.83,SUN_ERROR,13.81,MAG_ERROR,-128.97,GYRO_Z,2.164,RW_CMD,0
TM,EST_RAW,-13.81,EST_FILTERED,-13.81,EST_ANGLE,-13.83,EST_FILTER,ON,EST_FILTER_TYPE,MOVING_AVERAGE,EST_MA_WINDOW,1,EST_FILTER_STRENGTH,0.35
TM,EST_FUSION,ON,EST_GYRO_WEIGHT,0.98,EST_VALID,1
TM,SUN_L,3565,SUN_R,3639,SUN_NDV,-0.0103,SUN_ANGLE,-13.86
TM,MAG_X,-19.28,MAG_Y,23.79,MAG_Z,-13.70,MAG_HEADING,129.02
TM,GYRO_X,-0.289,GYRO_Y,-2.424,GYRO_Z,-2.500,BODY_RATE,2.500
TM,ADCS_MODE,MANUAL,ADCS_REFERENCE,SUN,TARGET,0.00,POINTING_ERROR,13.47,SUN_ERROR,13.62,MAG_ERROR,-129.02,GYRO_Z,-2.701,RW_CMD,0
TM,EST_RAW,-13.62,EST_FILTERED,-13.62,EST_ANGLE,-13.47,EST_FILTER,ON,EST_FILTER_TYPE,MOVING_AVERAGE,EST_MA_WINDOW,1,EST_FILTER_STRENGTH,0.35
TM,EST_FUSION,ON,EST_GYRO_WEIGHT,0.98,EST_VALID,1
TM,SUN_L,3569,SUN_R,3638,SUN_NDV,-0.0096,SUN_ANGLE,-13.34
TM,MAG_X,-19.15,MAG_Y,23.63,MAG_Z,-13.66,MAG_HEADING,129.02
TM,GYRO_X,-0.586,GYRO_Y,-2.336,GYRO_Z,-3.077,BODY_RATE,3.077
TM,SUN_L,3568,SUN_R,3637,SUN_NDV,-0.0096,SUN_ANGLE,-12.89
TM,MAG_X,-19.26,MAG_Y,23.49,MAG_Z,-13.87,MAG_HEADING,129.36
TM,GYRO_X,-0.507,GYRO_Y,-2.266,GYRO_Z,0.327,BODY_RATE,-0.327
TM,ADCS_MODE,MANUAL,ADCS_REFERENCE,SUN,TARGET,0.00,POINTING_ERROR,13.22,SUN_ERROR,13.25,MAG_ERROR,-129.36,GYRO_Z,1.193,RW_CMD,0
TM,EST_RAW,-13.25,EST_FILTERED,-13.25,EST_ANGLE,-13.22,EST_FILTER,ON,EST_FILTER_TYPE,MOVING_AVERAGE,EST_MA_WINDOW,1,EST_FILTER_STRENGTH,0.35
TM,EST_FUSION,ON,EST_GYRO_WEIGHT,0.98,EST_VALID,1
TM,SUN_L,3567,SUN_R,3639,SUN_NDV,-0.0100,SUN_ANGLE,-13.32
TM,MAG_X,-19.25,MAG_Y,23.54,MAG_Z,-13.79,MAG_HEADING,129.28
TM,GYRO_X,-1.278,GYRO_Y,-2.476,GYRO_Z,-1.817,BODY_RATE,1.817
TM,ADCS_MODE,MANUAL,ADCS_REFERENCE,SUN,TARGET,0.00,POINTING_ERROR,13.17,SUN_ERROR,13.13,MAG_ERROR,-129.20,GYRO_Z,-2.928,RW_CMD,0
TM,EST_RAW,-13.13,EST_FILTERED,-13.13,EST_ANGLE,-13.17,EST_FILTER,ON,EST_FILTER_TYPE,MOVING_AVERAGE,EST_MA_WINDOW,1,EST_FILTER_STRENGTH,0.35
TM,EST_FUSION,ON,EST_GYRO_WEIGHT,0.98,EST_VALID,1
TM,SUN_L,3568,SUN_R,3637,SUN_NDV,-0.0096,SUN_ANGLE,-13.42
TM,MAG_X,-19.30,MAG_Y,23.54,MAG_Z,-13.94,MAG_HEADING,129.35
TM,GYRO_X,-0.744,GYRO_Y,-2.494,GYRO_Z,-1.782,BODY_RATE,1.782
TM,ADCS_MODE,MANUAL,ADCS_REFERENCE,SUN,TARGET,0.00,POINTING_ERROR,13.14,SUN_ERROR,13.15,MAG_ERROR,-129.48,GYRO_Z,3.039,RW_CMD,0
TM,EST_RAW,-13.15,EST_FILTERED,-13.15,EST_ANGLE,-13.14,EST_FILTER,ON,EST_FILTER_TYPE,MOVING_AVERAGE,EST_MA_WINDOW,1,EST_FILTER_STRENGTH,0.35
TM,EST_FUSION,ON,EST_GYRO_WEIGHT,0.98,EST_VALID,1
TM,SUN_L,3569,SUN_R,3638,SUN_NDV,-0.0096,SUN_ANGLE,-13.25
TM,MAG_X,-19.36,MAG_Y,23.50,MAG_Z,-13.65,MAG_HEADING,129.48
TM,GYRO_X,-0.822,GYRO_Y,-2.450,GYRO_Z,-2.351,BODY_RATE,2.351
TM,ADCS_MODE,MANUAL,ADCS_REFERENCE,SUN,TARGET,0.00,POINTING_ERROR,13.10,SUN_ERROR,12.93,MAG_ERROR,-129.69,GYRO_Z,2.269,RW_CMD,0
TM,EST_RAW,-12.93,EST_FILTERED,-12.93,EST_ANGLE,-13.10,EST_FILTER,ON,EST_FILTER_TYPE,MOVING_AVERAGE,EST_MA_WINDOW,1,EST_FILTER_STRENGTH,0.35
TM,EST_FUSION,ON,EST_GYRO_WEIGHT,0.98,EST_VALID,1
TM,SUN_L,3570,SUN_R,3638,SUN_NDV,-0.0094,SUN_ANGLE,-13.29
TM,MAG_X,-19.30,MAG_Y,23.25,MAG_Z,-13.86,MAG_HEADING,129.69
TM,GYRO_X,-0.928,GYRO_Y,-2.590,GYRO_Z,0.887,BODY_RATE,-0.887
TM,SUN_L,3568,SUN_R,3637,SUN_NDV,-0.0096,SUN_ANGLE,-13.40
TM,MAG_X,-19.18,MAG_Y,23.31,MAG_Z,-13.76,MAG_HEADING,129.45
TM,GYRO_X,-1.138,GYRO_Y,-2.257,GYRO_Z,0.519,BODY_RATE,-0.519
TM,ADCS_MODE,MANUAL,ADCS_REFERENCE,SUN,TARGET,0.00,POINTING_ERROR,13.19,SUN_ERROR,13.40,MAG_ERROR,-129.45,GYRO_Z,-0.286,RW_CMD,0
TM,EST_RAW,-13.40,EST_FILTERED,-13.40,EST_ANGLE,-13.19,EST_FILTER,ON,EST_FILTER_TYPE,MOVING_AVERAGE,EST_MA_WINDOW,1,EST_FILTER_STRENGTH,0.35
TM,EST_FUSION,ON,EST_GYRO_WEIGHT,0.98,EST_VALID,1
TM,SUN_L,3569,SUN_R,3637,SUN_NDV,-0.0094,SUN_ANGLE,-13.40
TM,MAG_X,-19.25,MAG_Y,23.42,MAG_Z,-13.94,MAG_HEADING,129.41
TM,GYRO_X,-1.846,GYRO_Y,-2.293,GYRO_Z,0.983,BODY_RATE,-0.983
TM,ADCS_MODE,MANUAL,ADCS_REFERENCE,SUN,TARGET,0.00,POINTING_ERROR,13.23,SUN_ERROR,13.62,MAG_ERROR,-129.41,GYRO_Z,-0.986,RW_CMD,0
TM,EST_RAW,-13.62,EST_FILTERED,-13.62,EST_ANGLE,-13.23,EST_FILTER,ON,EST_FILTER_TYPE,MOVING_AVERAGE,EST_MA_WINDOW,1,EST_FILTER_STRENGTH,0.35
TM,EST_FUSION,ON,EST_GYRO_WEIGHT,0.98,EST_VALID,1
TM,SUN_L,3568,SUN_R,3639,SUN_NDV,-0.0099,SUN_ANGLE,-13.46
TM,MAG_X,-19.25,MAG_Y,23.41,MAG_Z,-13.66,MAG_HEADING,129.43
TM,GYRO_X,-2.223,GYRO_Y,-2.467,GYRO_Z,1.797,BODY_RATE,-1.797
TM,ADCS_MODE,MANUAL,ADCS_REFERENCE,SUN,TARGET,0.00,POINTING_ERROR,13.26,SUN_ERROR,13.42,MAG_ERROR,-129.49,GYRO_Z,-1.563,RW_CMD,0
TM,EST_RAW,-13.42,EST_FILTERED,-13.42,EST_ANGLE,-13.26,EST_FILTER,ON,EST_FILTER_TYPE,MOVING_AVERAGE,EST_MA_WINDOW,1,EST_FILTER_STRENGTH,0.35
TM,EST_FUSION,ON,EST_GYRO_WEIGHT,0.98,EST_VALID,1
TM,SUN_L,3568,SUN_R,3637,SUN_NDV,-0.0096,SUN_ANGLE,-13.30
TM,MAG_X,-19.26,MAG_Y,23.38,MAG_Z,-13.55,MAG_HEADING,129.49
TM,GYRO_X,-1.470,GYRO_Y,-2.371,GYRO_Z,1.884,BODY_RATE,-1.884
TM,ADCS_MODE,MANUAL,ADCS_REFERENCE,SUN,TARGET,0.00,POINTING_ERROR,13.48,SUN_ERROR,13.89,MAG_ERROR,-129.45,GYRO_Z,-0.723,RW_CMD,0
TM,EST_RAW,-13.89,EST_FILTERED,-13.89,EST_ANGLE,-13.48,EST_FILTER,ON,EST_FILTER_TYPE,MOVING_AVERAGE,EST_MA_WINDOW,1,EST_FILTER_STRENGTH,0.35
TM,EST_FUSION,ON,EST_GYRO_WEIGHT,0.98,EST_VALID,1
TM,SUN_L,3568,SUN_R,3637,SUN_NDV,-0.0096,SUN_ANGLE,-13.88
TM,MAG_X,-19.26,MAG_Y,23.50,MAG_Z,-13.39,MAG_HEADING,129.34
TM,GYRO_X,-0.849,GYRO_Y,-2.328,GYRO_Z,0.615,BODY_RATE,-0.615
TM,SUN_L,3568,SUN_R,3638,SUN_NDV,-0.0097,SUN_ANGLE,-13.60
TM,MAG_X,-19.31,MAG_Y,23.52,MAG_Z,-13.47,MAG_HEADING,129.39
TM,GYRO_X,-1.873,GYRO_Y,-2.511,GYRO_Z,1.727,BODY_RATE,-1.727
TM,ADCS_MODE,MANUAL,ADCS_REFERENCE,SUN,TARGET,0.00,POINTING_ERROR,13.52,SUN_ERROR,13.61,MAG_ERROR,-129.39,GYRO_Z,1.937,RW_CMD,0
TM,EST_RAW,-13.61,EST_FILTERED,-13.61,EST_ANGLE,-13.52,EST_FILTER,ON,EST_FILTER_TYPE,MOVING_AVERAGE,EST_MA_WINDOW,1,EST_FILTER_STRENGTH,0.35
TM,EST_FUSION,ON,EST_GYRO_WEIGHT,0.98,EST_VALID,1
TM,SUN_L,3562,SUN_R,3638,SUN_NDV,-0.0106,SUN_ANGLE,-14.27
TM,MAG_X,-19.33,MAG_Y,23.63,MAG_Z,-13.38,MAG_HEADING,129.28
TM,GYRO_X,-1.706,GYRO_Y,-2.257,GYRO_Z,1.315,BODY_RATE,-1.315
TM,ADCS_MODE,MANUAL,ADCS_REFERENCE,SUN,TARGET,0.00,POINTING_ERROR,14.05,SUN_ERROR,14.02,MAG_ERROR,-128.95,GYRO_Z,-3.130,RW_CMD,0
TM,EST_RAW,-14.02,EST_FILTERED,-14.02,EST_ANGLE,-14.05,EST_FILTER,ON,EST_FILTER_TYPE,MOVING_AVERAGE,EST_MA_WINDOW,1,EST_FILTER_STRENGTH,0.35
TM,EST_FUSION,ON,EST_GYRO_WEIGHT,0.98,EST_VALID,1
TM,SUN_L,3564,SUN_R,3638,SUN_NDV,-0.0103,SUN_ANGLE,-13.89
TM,MAG_X,-19.38,MAG_Y,23.81,MAG_Z,-13.39,MAG_HEADING,129.14
TM,GYRO_X,-1.181,GYRO_Y,-2.249,GYRO_Z,0.195,BODY_RATE,-0.195
TM,ADCS_MODE,MANUAL,ADCS_REFERENCE,SUN,TARGET,0.00,POINTING_ERROR,13.79,SUN_ERROR,13.62,MAG_ERROR,-129.14,GYRO_Z,-2.465,RW_CMD,0
TM,EST_RAW,-13.62,EST_FILTERED,-13.62,EST_ANGLE,-13.79,EST_FILTER,ON,EST_FILTER_TYPE,MOVING_AVERAGE,EST_MA_WINDOW,1,EST_FILTER_STRENGTH,0.35
TM,EST_FUSION,ON,EST_GYRO_WEIGHT,0.98,EST_VALID,1
TM,SUN_L,3566,SUN_R,3638,SUN_NDV,-0.0100,SUN_ANGLE,-13.77
TM,MAG_X,-19.30,MAG_Y,23.63,MAG_Z,-13.38,MAG_HEADING,129.23
TM,GYRO_X,-1.015,GYRO_Y,-2.467,GYRO_Z,-3.077,BODY_RATE,3.077
TM,ADCS_MODE,MANUAL,ADCS_REFERENCE,SUN,TARGET,0.00,POINTING_ERROR,13.09,SUN_ERROR,13.05,MAG_ERROR,-129.80,GYRO_Z,0.230,RW_CMD,0
TM,EST_RAW,-13.05,EST_FILTERED,-13.05,EST_ANGLE,-13.09,EST_FILTER,ON,EST_FILTER_TYPE,MOVING_AVERAGE,EST_MA_WINDOW,1,EST_FILTER_STRENGTH,0.35
TM,EST_FUSION,ON,EST_GYRO_WEIGHT,0.98,EST_VALID,1
TM,SUN_L,3568,SUN_R,3637,SUN_NDV,-0.0096,SUN_ANGLE,-13.46
TM,MAG_X,-19.41,MAG_Y,23.30,MAG_Z,-13.65,MAG_HEADING,129.80
TM,GYRO_X,-1.321,GYRO_Y,-2.494,GYRO_Z,3.450,BODY_RATE,-3.450
TM,SUN_L,3571,SUN_R,3637,SUN_NDV,-0.0092,SUN_ANGLE,-12.67
TM,MAG_X,-19.26,MAG_Y,23.52,MAG_Z,-13.66,MAG_HEADING,129.32
TM,GYRO_X,-1.041,GYRO_Y,-2.371,GYRO_Z,1.167,BODY_RATE,-1.167
TM,ADCS_MODE,MANUAL,ADCS_REFERENCE,SUN,TARGET,0.00,POINTING_ERROR,13.01,SUN_ERROR,12.72,MAG_ERROR,-129.32,GYRO_Z,2.120,RW_CMD,0
TM,EST_RAW,-12.72,EST_FILTERED,-12.72,EST_ANGLE,-13.01,EST_FILTER,ON,EST_FILTER_TYPE,MOVING_AVERAGE,EST_MA_WINDOW,1,EST_FILTER_STRENGTH,0.35
TM,EST_FUSION,ON,EST_GYRO_WEIGHT,0.98,EST_VALID,1
TM,SUN_L,3571,SUN_R,3638,SUN_NDV,-0.0093,SUN_ANGLE,-13.13
TM,MAG_X,-19.18,MAG_Y,23.34,MAG_Z,-13.84,MAG_HEADING,129.41
TM,GYRO_X,-1.094,GYRO_Y,-2.328,GYRO_Z,-0.575,BODY_RATE,0.575
TM,ADCS_MODE,MANUAL,ADCS_REFERENCE,SUN,TARGET,0.00,POINTING_ERROR,13.06,SUN_ERROR,13.05,MAG_ERROR,-129.41,GYRO_Z,1.263,RW_CMD,0
TM,EST_RAW,-13.05,EST_FILTERED,-13.05,EST_ANGLE,-13.06,EST_FILTER,ON,EST_FILTER_TYPE,MOVING_AVERAGE,EST_MA_WINDOW,1,EST_FILTER_STRENGTH,0.35
TM,EST_FUSION,ON,EST_GYRO_WEIGHT,0.98,EST_VALID,1
TM,SUN_L,3569,SUN_R,3638,SUN_NDV,-0.0096,SUN_ANGLE,-13.06
TM,MAG_X,-19.33,MAG_Y,23.25,MAG_Z,-13.81,MAG_HEADING,129.74
TM,GYRO_X,-1.006,GYRO_Y,-2.476,GYRO_Z,-0.303,BODY_RATE,0.303
TM,ADCS_MODE,MANUAL,ADCS_REFERENCE,SUN,TARGET,0.00,POINTING_ERROR,13.02,SUN_ERROR,12.86,MAG_ERROR,-129.51,GYRO_Z,-0.627,RW_CMD,0
TM,EST_RAW,-12.86,EST_FILTERED,-12.86,EST_ANGLE,-13.02,EST_FILTER,ON,EST_FILTER_TYPE,MOVING_AVERAGE,EST_MA_WINDOW,1,EST_FILTER_STRENGTH,0.35
TM,EST_FUSION,ON,EST_GYRO_WEIGHT,0.98,EST_VALID,1
TM,SUN_L,3570,SUN_R,3637,SUN_NDV,-0.0093,SUN_ANGLE,-12.70
TM,MAG_X,-19.26,MAG_Y,23.36,MAG_Z,-13.54,MAG_HEADING,129.51
TM,GYRO_X,-0.726,GYRO_Y,-1.899,GYRO_Z,-4.267,BODY_RATE,4.267
TM,ADCS_MODE,MANUAL,ADCS_REFERENCE,SUN,TARGET,0.00,POINTING_ERROR,12.65,SUN_ERROR,12.54,MAG_ERROR,-129.79,GYRO_Z,0.729,RW_CMD,0
TM,EST_RAW,-12.54,EST_FILTERED,-12.54,EST_ANGLE,-12.65,EST_FILTER,ON,EST_FILTER_TYPE,MOVING_AVERAGE,EST_MA_WINDOW,1,EST_FILTER_STRENGTH,0.35
TM,EST_FUSION,ON,EST_GYRO_WEIGHT,0.98,EST_VALID,1
TM,SUN_L,3573,SUN_R,3636,SUN_NDV,-0.0087,SUN_ANGLE,-12.47
TM,MAG_X,-19.23,MAG_Y,23.09,MAG_Z,-13.76,MAG_HEADING,129.79
TM,GYRO_X,-0.499,GYRO_Y,-2.476,GYRO_Z,-0.785,BODY_RATE,0.785
TM,SUN_L,3573,SUN_R,3637,SUN_NDV,-0.0089,SUN_ANGLE,-12.33
TM,MAG_X,-19.36,MAG_Y,23.14,MAG_Z,-13.86,MAG_HEADING,129.92
TM,GYRO_X,-0.726,GYRO_Y,-2.537,GYRO_Z,-0.942,BODY_RATE,0.942
TM,ADCS_MODE,MANUAL,ADCS_REFERENCE,SUN,TARGET,0.00,POINTING_ERROR,12.61,SUN_ERROR,12.46,MAG_ERROR,-129.92,GYRO_Z,-0.881,RW_CMD,0
TM,EST_RAW,-12.46,EST_FILTERED,-12.46,EST_ANGLE,-12.61,EST_FILTER,ON,EST_FILTER_TYPE,MOVING_AVERAGE,EST_MA_WINDOW,1,EST_FILTER_STRENGTH,0.35
TM,EST_FUSION,ON,EST_GYRO_WEIGHT,0.98,EST_VALID,1
TM,SUN_L,3573,SUN_R,3637,SUN_NDV,-0.0089,SUN_ANGLE,-12.59
TM,MAG_X,-19.30,MAG_Y,23.06,MAG_Z,-13.84,MAG_HEADING,129.93
TM,GYRO_X,-1.558,GYRO_Y,-2.581,GYRO_Z,0.545,BODY_RATE,-0.545
TM,ADCS_MODE,MANUAL,ADCS_REFERENCE,SUN,TARGET,0.00,POINTING_ERROR,12.56,SUN_ERROR,12.56,MAG_ERROR,-129.93,GYRO_Z,-1.546,RW_CMD,0
TM,EST_RAW,-12.56,EST_FILTERED,-12.56,EST_ANGLE,-12.56,EST_FILTER,ON,EST_FILTER_TYPE,MOVING_AVERAGE,EST_MA_WINDOW,1,EST_FILTER_STRENGTH,0.35
TM,EST_FUSION,ON,EST_GYRO_WEIGHT,0.98,EST_VALID,1
TM,SUN_L,3573,SUN_R,3637,SUN_NDV,-0.0089,SUN_ANGLE,-12.88
TM,MAG_X,-19.36,MAG_Y,23.10,MAG_Z,-13.82,MAG_HEADING,129.96
TM,GYRO_X,-1.610,GYRO_Y,-2.354,GYRO_Z,0.519,BODY_RATE,-0.519
TM,ADCS_MODE,MANUAL,ADCS_REFERENCE,SUN,TARGET,0.00,POINTING_ERROR,12.49,SUN_ERROR,12.59,MAG_ERROR,-130.02,GYRO_Z,-0.015,RW_CMD,0
TM,EST_RAW,-12.59,EST_FILTERED,-12.59,EST_ANGLE,-12.49,EST_FILTER,ON,EST_FILTER_TYPE,MOVING_AVERAGE,EST_MA_WINDOW,1,EST_FILTER_STRENGTH,0.35
TM,EST_FUSION,ON,EST_GYRO_WEIGHT,0.98,EST_VALID,1
TM,SUN_L,3573,SUN_R,3638,SUN_NDV,-0.0090,SUN_ANGLE,-12.54
TM,MAG_X,-19.33,MAG_Y,23.10,MAG_Z,-13.55,MAG_HEADING,129.91
TM,GYRO_X,-1.435,GYRO_Y,-2.678,GYRO_Z,0.834,BODY_RATE,-0.834
TM,ADCS_MODE,MANUAL,ADCS_REFERENCE,SUN,TARGET,0.00,POINTING_ERROR,12.49,SUN_ERROR,12.50,MAG_ERROR,-130.02,GYRO_Z,-0.312,RW_CMD,0
TM,EST_RAW,-12.50,EST_FILTERED,-12.50,EST_ANGLE,-12.49,EST_FILTER,ON,EST_FILTER_TYPE,MOVING_AVERAGE,EST_MA_WINDOW,1,EST_FILTER_STRENGTH,0.35
TM,EST_FUSION,ON,EST_GYRO_WEIGHT,0.98,EST_VALID,1
TM,SUN_L,3574,SUN_R,3637,SUN_NDV,-0.0087,SUN_ANGLE,-12.48
TM,MAG_X,-19.42,MAG_Y,23.14,MAG_Z,-13.87,MAG_HEADING,130.02
TM,GYRO_X,-2.004,GYRO_Y,-2.450,GYRO_Z,-0.487,BODY_RATE,0.487
TM,SUN_L,3572,SUN_R,3638,SUN_NDV,-0.0092,SUN_ANGLE,-12.86
TM,MAG_X,-19.31,MAG_Y,22.94,MAG_Z,-13.66,MAG_HEADING,130.09
TM,GYRO_X,-1.977,GYRO_Y,-2.398,GYRO_Z,3.870,BODY_RATE,-3.870
TM,ADCS_MODE,MANUAL,ADCS_REFERENCE,SUN,TARGET,0.00,POINTING_ERROR,12.80,SUN_ERROR,12.86,MAG_ERROR,-130.09,GYRO_Z,3.660,RW_CMD,0
TM,EST_RAW,-12.86,EST_FILTERED,-12.86,EST_ANGLE,-12.80,EST_FILTER,ON,EST_FILTER_TYPE,MOVING_AVERAGE,EST_MA_WINDOW,1,EST_FILTER_STRENGTH,0.35
TM,EST_FUSION,ON,EST_GYRO_WEIGHT,0.98,EST_VALID,1
TM,SUN_L,3569,SUN_R,3638,SUN_NDV,-0.0096,SUN_ANGLE,-13.03
TM,MAG_X,-19.50,MAG_Y,23.20,MAG_Z,-13.78,MAG_HEADING,130.05
TM,GYRO_X,-0.962,GYRO_Y,-2.380,GYRO_Z,-1.003,BODY_RATE,1.003
TM,ADCS_MODE,MANUAL,ADCS_REFERENCE,SUN,TARGET,0.00,POINTING_ERROR,12.97,SUN_ERROR,13.12,MAG_ERROR,-129.87,GYRO_Z,2.339,RW_CMD,0
TM,EST_RAW,-13.12,EST_FILTERED,-13.12,EST_ANGLE,-12.97,EST_FILTER,ON,EST_FILTER_TYPE,MOVING_AVERAGE,EST_MA_WINDOW,1,EST_FILTER_STRENGTH,0.35
TM,EST_FUSION,ON,EST_GYRO_WEIGHT,0.98,EST_VALID,1
TM,SUN_L,3563,SUN_R,3639,SUN_NDV,-0.0106,SUN_ANGLE,-14.04
TM,MAG_X,-19.36,MAG_Y,23.82,MAG_Z,-13.39,MAG_HEADING,129.10
TM,GYRO_X,-5.416,GYRO_Y,-2.257,GYRO_Z,26.857,BODY_RATE,-26.857
TM,ADCS_MODE,MANUAL,ADCS_REFERENCE,SUN,TARGET,0.00,POINTING_ERROR,21.92,SUN_ERROR,20.70,MAG_ERROR,-129.10,GYRO_Z,74.308,RW_CMD,0
TM,EST_RAW,-20.70,EST_FILTERED,-20.70,EST_ANGLE,-21.92,EST_FILTER,ON,EST_FILTER_TYPE,MOVING_AVERAGE,EST_MA_WINDOW,1,EST_FILTER_STRENGTH,0.35
TM,EST_FUSION,ON,EST_GYRO_WEIGHT,0.98,EST_VALID,1
TM,SUN_L,3453,SUN_R,3633,SUN_NDV,-0.0254,SUN_ANGLE,-25.97
TM,MAG_X,-18.29,MAG_Y,30.80,MAG_Z,-11.46,MAG_HEADING,120.70
TM,GYRO_X,2.231,GYRO_Y,-2.380,GYRO_Z,-9.255,BODY_RATE,9.255
TM,ADCS_MODE,MANUAL,ADCS_REFERENCE,SUN,TARGET,0.00,POINTING_ERROR,20.61,SUN_ERROR,22.41,MAG_ERROR,-122.74,GYRO_Z,-19.685,RW_CMD,0
TM,EST_RAW,-22.41,EST_FILTERED,-22.41,EST_ANGLE,-20.61,EST_FILTER,ON,EST_FILTER_TYPE,MOVING_AVERAGE,EST_MA_WINDOW,1,EST_FILTER_STRENGTH,0.35
TM,EST_FUSION,ON,EST_GYRO_WEIGHT,0.98,EST_VALID,1
TM,SUN_L,3493,SUN_R,3638,SUN_NDV,-0.0203,SUN_ANGLE,-21.96
TM,MAG_X,-18.78,MAG_Y,29.22,MAG_Z,-11.76,MAG_HEADING,122.74
TM,GYRO_X,0.726,GYRO_Y,-2.581,GYRO_Z,-8.353,BODY_RATE,8.353
TM,SUN_L,3487,SUN_R,3637,SUN_NDV,-0.0211,SUN_ANGLE,-22.75
TM,MAG_X,-19.02,MAG_Y,28.00,MAG_Z,-12.19,MAG_HEADING,124.19
TM,GYRO_X,-2.476,GYRO_Y,-2.476,GYRO_Z,5.034,BODY_RATE,-5.034
TM,ADCS_MODE,MANUAL,ADCS_REFERENCE,SUN,TARGET,0.00,POINTING_ERROR,21.54,SUN_ERROR,23.02,MAG_ERROR,-123.00,GYRO_Z,4.063,RW_CMD,0
TM,EST_RAW,-23.02,EST_FILTERED,-23.02,EST_ANGLE,-21.54,EST_FILTER,ON,EST_FILTER_TYPE,MOVING_AVERAGE,EST_MA_WINDOW,1,EST_FILTER_STRENGTH,0.35
TM,EST_FUSION,ON,EST_GYRO_WEIGHT,0.98,EST_VALID,1
TM,SUN_L,3491,SUN_R,3639,SUN_NDV,-0.0208,SUN_ANGLE,-22.31
TM,MAG_X,-18.75,MAG_Y,28.56,MAG_Z,-11.92,MAG_HEADING,123.29
TM,GYRO_X,-0.788,GYRO_Y,-2.459,GYRO_Z,-0.995,BODY_RATE,0.995
TM,ADCS_MODE,MANUAL,ADCS_REFERENCE,SUN,TARGET,0.00,POINTING_ERROR,21.47,SUN_ERROR,22.39,MAG_ERROR,-123.29,GYRO_Z,0.817,RW_CMD,0
TM,EST_RAW,-22.39,EST_FILTERED,-22.39,EST_ANGLE,-21.47,EST_FILTER,ON,EST_FILTER_TYPE,MOVING_AVERAGE,EST_MA_WINDOW,1,EST_FILTER_STRENGTH,0.35
TM,EST_FUSION,ON,EST_GYRO_WEIGHT,0.98,EST_VALID,1
TM,SUN_L,3493,SUN_R,3638,SUN_NDV,-0.0203,SUN_ANGLE,-22.04
TM,MAG_X,-18.69,MAG_Y,28.62,MAG_Z,-12.02,MAG_HEADING,123.14
TM,GYRO_X,-0.700,GYRO_Y,-2.537,GYRO_Z,-0.715,BODY_RATE,0.715
TM,ADCS_MODE,MANUAL,ADCS_REFERENCE,SUN,TARGET,0.00,POINTING_ERROR,21.60,SUN_ERROR,22.09,MAG_ERROR,-123.61,GYRO_Z,0.055,RW_CMD,0
TM,EST_RAW,-22.09,EST_FILTERED,-22.09,EST_ANGLE,-21.60,EST_FILTER,ON,EST_FILTER_TYPE,MOVING_AVERAGE,EST_MA_WINDOW,1,EST_FILTER_STRENGTH,0.35
TM,EST_FUSION,ON,EST_GYRO_WEIGHT,0.98,EST_VALID,1
TM,SUN_L,3491,SUN_R,3636,SUN_NDV,-0.0203,SUN_ANGLE,-22.17
TM,MAG_X,-19.06,MAG_Y,28.67,MAG_Z,-12.05,MAG_HEADING,123.61
TM,GYRO_X,-0.849,GYRO_Y,-2.406,GYRO_Z,0.090,BODY_RATE,-0.090
TM,ADCS_MODE,MANUAL,ADCS_REFERENCE,SUN,TARGET,0.00,POINTING_ERROR,21.69,SUN_ERROR,21.80,MAG_ERROR,-123.42,GYRO_Z,-0.268,RW_CMD,0
TM,EST_RAW,-21.80,EST_FILTERED,-21.80,EST_ANGLE,-21.69,EST_FILTER,ON,EST_FILTER_TYPE,MOVING_AVERAGE,EST_MA_WINDOW,1,EST_FILTER_STRENGTH,0.35
TM,EST_FUSION,ON,EST_GYRO_WEIGHT,0.98,EST_VALID,1
TM,SUN_L,3494,SUN_R,3636,SUN_NDV,-0.0199,SUN_ANGLE,-21.39
TM,MAG_X,-18.85,MAG_Y,28.72,MAG_Z,-12.10,MAG_HEADING,123.28
TM,GYRO_X,-1.129,GYRO_Y,-2.581,GYRO_Z,-0.330,BODY_RATE,0.330
TM,SUN_L,3498,SUN_R,3638,SUN_NDV,-0.0196,SUN_ANGLE,-21.25
TM,MAG_X,-18.82,MAG_Y,28.74,MAG_Z,-12.08,MAG_HEADING,123.22
TM,GYRO_X,-0.892,GYRO_Y,-2.406,GYRO_Z,0.143,BODY_RATE,-0.143
TM,ADCS_MODE,MANUAL,ADCS_REFERENCE,SUN,TARGET,0.00,POINTING_ERROR,21.64,SUN_ERROR,21.41,MAG_ERROR,-123.22,GYRO_Z,0.143,RW_CMD,0
TM,EST_RAW,-21.41,EST_FILTERED,-21.41,EST_ANGLE,-21.64,EST_FILTER,ON,EST_FILTER_TYPE,MOVING_AVERAGE,EST_MA_WINDOW,1,EST_FILTER_STRENGTH,0.35
TM,EST_FUSION,ON,EST_GYRO_WEIGHT,0.98,EST_VALID,1
TM,SUN_L,3500,SUN_R,3638,SUN_NDV,-0.0193,SUN_ANGLE,-21.36
TM,MAG_X,-18.80,MAG_Y,28.78,MAG_Z,-12.05,MAG_HEADING,123.15
TM,GYRO_X,-0.936,GYRO_Y,-2.328,GYRO_Z,-0.120,BODY_RATE,0.120
TM,ADCS_MODE,MANUAL,ADCS_REFERENCE,SUN,TARGET,0.00,POINTING_ERROR,21.57,SUN_ERROR,21.45,MAG_ERROR,-123.15,GYRO_Z,-0.260,RW_CMD,0
TM,EST_RAW,-21.45,EST_FILTERED,-21.45,EST_ANGLE,-21.57,EST_FILTER,ON,EST_FILTER_TYPE,MOVING_AVERAGE,EST_MA_WINDOW,1,EST_FILTER_STRENGTH,0.35
TM,EST_FUSION,ON,EST_GYRO_WEIGHT,0.98,EST_VALID,1
TM,SUN_L,3500,SUN_R,3638,SUN_NDV,-0.0193,SUN_ANGLE,-21.21
TM,MAG_X,-18.80,MAG_Y,28.66,MAG_Z,-12.08,MAG_HEADING,123.27
TM,GYRO_X,-0.954,GYRO_Y,-2.100,GYRO_Z,-0.128,BODY_RATE,0.128
TM,ADCS_MODE,MANUAL,ADCS_REFERENCE,SUN,TARGET,0.00,POINTING_ERROR,21.50,SUN_ERROR,21.10,MAG_ERROR,-123.19,GYRO_Z,0.003,RW_CMD,0
TM,EST_RAW,-21.10,EST_FILTERED,-21.10,EST_ANGLE,-21.50,EST_FILTER,ON,EST_FILTER_TYPE,MOVING_AVERAGE,EST_MA_WINDOW,1,EST_FILTER_STRENGTH,0.35
TM,EST_FUSION,ON,EST_GYRO_WEIGHT,0.98,EST_VALID,1
TM,SUN_L,3501,SUN_R,3639,SUN_NDV,-0.0193,SUN_ANGLE,-21.36
TM,MAG_X,-18.72,MAG_Y,28.82,MAG_Z,-12.29,MAG_HEADING,123.01
TM,GYRO_X,-1.199,GYRO_Y,-1.916,GYRO_Z,-0.015,BODY_RATE,0.015
TM,ADCS_MODE,MANUAL,ADCS_REFERENCE,SUN,TARGET,0.00,POINTING_ERROR,21.45,SUN_ERROR,21.18,MAG_ERROR,-123.14,GYRO_Z,0.038,RW_CMD,0
TM,EST_RAW,-21.18,EST_FILTERED,-21.18,EST_ANGLE,-21.45,EST_FILTER,ON,EST_FILTER_TYPE,MOVING_AVERAGE,EST_MA_WINDOW,1,EST_FILTER_STRENGTH,0.35
TM,EST_FUSION,ON,EST_GYRO_WEIGHT,0.98,EST_VALID,1
TM,SUN_L,3502,SUN_R,3638,SUN_NDV,-0.0190,SUN_ANGLE,-21.12
TM,MAG_X,-18.78,MAG_Y,28.77,MAG_Z,-12.10,MAG_HEADING,123.14
TM,GYRO_X,-1.067,GYRO_Y,-2.459,GYRO_Z,0.134,BODY_RATE,-0.134
TM,SUN_L,3501,SUN_R,3639,SUN_NDV,-0.0193,SUN_ANGLE,-21.12
TM,MAG_X,-18.80,MAG_Y,28.69,MAG_Z,-12.10,MAG_HEADING,123.24
TM,GYRO_X,-0.962,GYRO_Y,-2.074,GYRO_Z,-0.076,BODY_RATE,0.076
TM,ADCS_MODE,MANUAL,ADCS_REFERENCE,SUN,TARGET,0.00,POINTING_ERROR,21.39,SUN_ERROR,21.00,MAG_ERROR,-123.24,GYRO_Z,-0.006,RW_CMD,0
TM,EST_RAW,-21.00,EST_FILTERED,-21.00,EST_ANGLE,-21.39,EST_FILTER,ON,EST_FILTER_TYPE,MOVING_AVERAGE,EST_MA_WINDOW,1,EST_FILTER_STRENGTH,0.35
TM,EST_FUSION,ON,EST_GYRO_WEIGHT,0.98,EST_VALID,1
TM,SUN_L,3501,SUN_R,3639,SUN_NDV,-0.0193,SUN_ANGLE,-21.25
TM,MAG_X,-18.91,MAG_Y,28.64,MAG_Z,-12.10,MAG_HEADING,123.44
TM,GYRO_X,-0.901,GYRO_Y,-2.284,GYRO_Z,-0.032,BODY_RATE,0.032
TM,ADCS_MODE,MANUAL,ADCS_REFERENCE,SUN,TARGET,0.00,POINTING_ERROR,21.31,SUN_ERROR,21.17,MAG_ERROR,-123.30,GYRO_Z,-0.155,RW_CMD,0
TM,EST_RAW,-21.17,EST_FILTERED,-21.17,EST_ANGLE,-21.31,EST_FILTER,ON,EST_FILTER_TYPE,MOVING_AVERAGE,EST_MA_WINDOW,1,EST_FILTER_STRENGTH,0.35
TM,EST_FUSION,ON,EST_GYRO_WEIGHT,0.98,EST_VALID,1
TM,SUN_L,3502,SUN_R,3639,SUN_NDV,-0.0192,SUN_ANGLE,-21.25
TM,MAG_X,-18.85,MAG_Y,28.77,MAG_Z,-11.92,MAG_HEADING,123.23
TM,GYRO_X,-0.569,GYRO_Y,-2.380,GYRO_Z,-0.076,BODY_RATE,0.076
TM,ADCS_MODE,MANUAL,ADCS_REFERENCE,SUN,TARGET,0.00,POINTING_ERROR,21.26,SUN_ERROR,21.10,MAG_ERROR,-123.23,GYRO_Z,-0.102,RW_CMD,0
TM,EST_RAW,-21.10,EST_FILTERED,-21.10,EST_ANGLE,-21.26,EST_FILTER,ON,EST_FILTER_TYPE,MOVING_AVERAGE,EST_MA_WINDOW,1,EST_FILTER_STRENGTH,0.35
TM,EST_FUSION,ON,EST_GYRO_WEIGHT,0.98,EST_VALID,1
TM,SUN_L,3505,SUN_R,3640,SUN_NDV,-0.0189,SUN_ANGLE,-20.88
TM,MAG_X,-18.80,MAG_Y,28.64,MAG_Z,-11.98,MAG_HEADING,123.28
TM,GYRO_X,-0.971,GYRO_Y,-2.152,GYRO_Z,-0.015,BODY_RATE,0.015
TM,ADCS_MODE,MANUAL,ADCS_REFERENCE,SUN,TARGET,0.00,POINTING_ERROR,21.17,SUN_ERROR,21.14,MAG_ERROR,-123.20,GYRO_Z,-0.295,RW_CMD,0
TM,EST_RAW,-21.14,EST_FILTERED,-21.14,EST_ANGLE,-21.17,EST_FILTER,ON,EST_FILTER_TYPE,MOVING_AVERAGE,EST_MA_WINDOW,1,EST_FILTER_STRENGTH,0.35
TM,EST_FUSION,ON,EST_GYRO_WEIGHT,0.98,EST_VALID,1
TM,SUN_L,3502,SUN_R,3640,SUN_NDV,-0.0193,SUN_ANGLE,-21.03
TM,MAG_X,-18.82,MAG_Y,28.75,MAG_Z,-12.08,MAG_HEADING,123.20
TM,GYRO_X,-0.630,GYRO_Y,-2.686,GYRO_Z,0.073,BODY_RATE,-0.073
TM,SUN_L,3499,SUN_R,3640,SUN_NDV,-0.0198,SUN_ANGLE,-21.59
TM,MAG_X,-18.82,MAG_Y,28.67,MAG_Z,-12.11,MAG_HEADING,123.27
TM,GYRO_X,-0.971,GYRO_Y,-2.380,GYRO_Z,-0.347,BODY_RATE,0.347
TM,ADCS_MODE,MANUAL,ADCS_REFERENCE,SUN,TARGET,0.00,POINTING_ERROR,21.20,SUN_ERROR,21.59,MAG_ERROR,-123.27,GYRO_Z,-0.260,RW_CMD,0
TM,EST_RAW,-21.59,EST_FILTERED,-21.59,EST_ANGLE,-21.20,EST_FILTER,ON,EST_FILTER_TYPE,MOVING_AVERAGE,EST_MA_WINDOW,1,EST_FILTER_STRENGTH,0.35
TM,EST_FUSION,ON,EST_GYRO_WEIGHT,0.98,EST_VALID,1
TM,SUN_L,3499,SUN_R,3640,SUN_NDV,-0.0198,SUN_ANGLE,-21.46
TM,MAG_X,-18.72,MAG_Y,28.67,MAG_Z,-11.87,MAG_HEADING,123.14
TM,GYRO_X,-0.971,GYRO_Y,-2.082,GYRO_Z,0.012,BODY_RATE,-0.012
TM,ADCS_MODE,MANUAL,ADCS_REFERENCE,SUN,TARGET,0.00,POINTING_ERROR,21.24,SUN_ERROR,21.29,MAG_ERROR,-123.14,GYRO_Z,-0.216,RW_CMD,0
TM,EST_RAW,-21.29,EST_FILTERED,-21.29,EST_ANGLE,-21.24,EST_FILTER,ON,EST_FILTER_TYPE,MOVING_AVERAGE,EST_MA_WINDOW,1,EST_FILTER_STRENGTH,0.35
TM,EST_FUSION,ON,EST_GYRO_WEIGHT,0.98,EST_VALID,1
TM,SUN_L,3503,SUN_R,3640,SUN_NDV,-0.0192,SUN_ANGLE,-21.18
TM,MAG_X,-18.86,MAG_Y,28.69,MAG_Z,-11.95,MAG_HEADING,123.33
TM,GYRO_X,-1.111,GYRO_Y,-2.266,GYRO_Z,-0.006,BODY_RATE,0.006
TM,ADCS_MODE,MANUAL,ADCS_REFERENCE,SUN,TARGET,0.00,POINTING_ERROR,21.22,SUN_ERROR,21.09,MAG_ERROR,-123.59,GYRO_Z,-0.067,RW_CMD,0
TM,EST_RAW,-21.09,EST_FILTERED,-21.09,EST_ANGLE,-21.22,EST_FILTER,ON,EST_FILTER_TYPE,MOVING_AVERAGE,EST_MA_WINDOW,1,EST_FILTER_STRENGTH,0.35
TM,EST_FUSION,ON,EST_GYRO_WEIGHT,0.98,EST_VALID,1
TM,SUN_L,3505,SUN_R,3641,SUN_NDV,-0.0190,SUN_ANGLE,-21.01
TM,MAG_X,-18.98,MAG_Y,28.58,MAG_Z,-12.02,MAG_HEADING,123.59
TM,GYRO_X,-1.067,GYRO_Y,-2.082,GYRO_Z,-0.172,BODY_RATE,0.172
TM,ADCS_MODE,MANUAL,ADCS_REFERENCE,SUN,TARGET,0.00,POINTING_ERROR,22.73,SUN_ERROR,22.64,MAG_ERROR,-123.10,GYRO_Z,-10.532,RW_CMD,0
TM,EST_RAW,-22.64,EST_FILTERED,-22.64,EST_ANGLE,-22.73,EST_FILTER,ON,EST_FILTER_TYPE,MOVING_AVERAGE,EST_MA_WINDOW,1,EST_FILTER_STRENGTH,0.35
TM,EST_FUSION,ON,EST_GYRO_WEIGHT,0.98,EST_VALID,1
TM,SUN_L,3499,SUN_R,3645,SUN_NDV,-0.0204,SUN_ANGLE,-21.95
TM,MAG_X,-18.82,MAG_Y,29.58,MAG_Z,-11.58,MAG_HEADING,122.46
TM,GYRO_X,1.986,GYRO_Y,-2.599,GYRO_Z,-15.677,BODY_RATE,15.677
TM,SUN_L,3519,SUN_R,3644,SUN_NDV,-0.0175,SUN_ANGLE,-19.71
TM,MAG_X,-18.85,MAG_Y,28.19,MAG_Z,-12.08,MAG_HEADING,123.77
TM,GYRO_X,-1.426,GYRO_Y,-2.091,GYRO_Z,0.020,BODY_RATE,-0.020
TM,ADCS_MODE,MANUAL,ADCS_REFERENCE,SUN,TARGET,0.00,POINTING_ERROR,20.32,SUN_ERROR,19.63,MAG_ERROR,-123.77,GYRO_Z,0.178,RW_CMD,0
TM,EST_RAW,-19.63,EST_FILTERED,-19.63,EST_ANGLE,-20.32,EST_FILTER,ON,EST_FILTER_TYPE,MOVING_AVERAGE,EST_MA_WINDOW,1,EST_FILTER_STRENGTH,0.35
TM,EST_FUSION,ON,EST_GYRO_WEIGHT,0.98,EST_VALID,1
TM,SUN_L,3518,SUN_R,3643,SUN_NDV,-0.0175,SUN_ANGLE,-19.44
TM,MAG_X,-19.26,MAG_Y,27.81,MAG_Z,-12.21,MAG_HEADING,124.71
TM,GYRO_X,-1.697,GYRO_Y,-2.257,GYRO_Z,2.750,BODY_RATE,-2.750
TM,ADCS_MODE,MANUAL,ADCS_REFERENCE,SUN,TARGET,0.00,POINTING_ERROR,19.96,SUN_ERROR,19.55,MAG_ERROR,-124.22,GYRO_Z,1.438,RW_CMD,0
TM,EST_RAW,-19.55,EST_FILTERED,-19.55,EST_ANGLE,-19.96,EST_FILTER,ON,EST_FILTER_TYPE,MOVING_AVERAGE,EST_MA_WINDOW,1,EST_FILTER_STRENGTH,0.35
TM,EST_FUSION,ON,EST_GYRO_WEIGHT,0.98,EST_VALID,1
TM,SUN_L,3521,SUN_R,3642,SUN_NDV,-0.0169,SUN_ANGLE,-19.33
TM,MAG_X,-19.02,MAG_Y,27.97,MAG_Z,-12.10,MAG_HEADING,124.22
TM,GYRO_X,0.613,GYRO_Y,-2.879,GYRO_Z,-10.427,BODY_RATE,10.427
TM,ADCS_MODE,MANUAL,ADCS_REFERENCE,SUN,TARGET,0.00,POINTING_ERROR,18.54,SUN_ERROR,18.22,MAG_ERROR,-124.71,GYRO_Z,5.113,RW_CMD,0
TM,EST_RAW,-18.22,EST_FILTERED,-18.22,EST_ANGLE,-18.54,EST_FILTER,ON,EST_FILTER_TYPE,MOVING_AVERAGE,EST_MA_WINDOW,1,EST_FILTER_STRENGTH,0.35
TM,EST_FUSION,ON,EST_GYRO_WEIGHT,0.98,EST_VALID,1
TM,SUN_L,3525,SUN_R,3643,SUN_NDV,-0.0165,SUN_ANGLE,-18.66
TM,MAG_X,-19.20,MAG_Y,27.49,MAG_Z,-12.35,MAG_HEADING,124.93
TM,GYRO_X,-2.642,GYRO_Y,-2.450,GYRO_Z,7.125,BODY_RATE,-7.125
TM,ADCS_MODE,MANUAL,ADCS_REFERENCE,SUN,TARGET,0.00,POINTING_ERROR,19.58,SUN_ERROR,19.53,MAG_ERROR,-124.01,GYRO_Z,-0.032,RW_CMD,0
TM,EST_RAW,-19.53,EST_FILTERED,-19.53,EST_ANGLE,-19.58,EST_FILTER,ON,EST_FILTER_TYPE,MOVING_AVERAGE,EST_MA_WINDOW,1,EST_FILTER_STRENGTH,0.35
TM,EST_FUSION,ON,EST_GYRO_WEIGHT,0.98,EST_VALID,1
TM,SUN_L,3517,SUN_R,3643,SUN_NDV,-0.0176,SUN_ANGLE,-19.53
TM,MAG_X,-18.96,MAG_Y,28.10,MAG_Z,-12.03,MAG_HEADING,124.01
TM,GYRO_X,-1.199,GYRO_Y,-2.240,GYRO_Z,0.335,BODY_RATE,-0.335
TM,SUN_L,3516,SUN_R,3641,SUN_NDV,-0.0175,SUN_ANGLE,-19.63
TM,MAG_X,-18.93,MAG_Y,28.08,MAG_Z,-12.16,MAG_HEADING,123.98
TM,GYRO_X,-1.190,GYRO_Y,-2.205,GYRO_Z,0.685,BODY_RATE,-0.685
TM,ADCS_MODE,MANUAL,ADCS_REFERENCE,SUN,TARGET,0.00,POINTING_ERROR,19.72,SUN_ERROR,19.59,MAG_ERROR,-123.98,GYRO_Z,0.379,RW_CMD,0
TM,EST_RAW,-19.59,EST_FILTERED,-19.59,EST_ANGLE,-19.72,EST_FILTER,ON,EST_FILTER_TYPE,MOVING_AVERAGE,EST_MA_WINDOW,1,EST_FILTER_STRENGTH,0.35
TM,EST_FUSION,ON,EST_GYRO_WEIGHT,0.98,EST_VALID,1
TM,SUN_L,3508,SUN_R,3641,SUN_NDV,-0.0186,SUN_ANGLE,-20.50
TM,MAG_X,-18.93,MAG_Y,28.13,MAG_Z,-12.24,MAG_HEADING,123.94
TM,GYRO_X,-1.024,GYRO_Y,-2.240,GYRO_Z,-0.120,BODY_RATE,0.120
TM,ADCS_MODE,MANUAL,ADCS_REFERENCE,SUN,TARGET,0.00,POINTING_ERROR,19.76,SUN_ERROR,20.61,MAG_ERROR,-123.94,GYRO_Z,-0.102,RW_CMD,0
TM,EST_RAW,-20.61,EST_FILTERED,-20.61,EST_ANGLE,-19.76,EST_FILTER,ON,EST_FILTER_TYPE,MOVING_AVERAGE,EST_MA_WINDOW,1,EST_FILTER_STRENGTH,0.35
TM,EST_FUSION,ON,EST_GYRO_WEIGHT,0.98,EST_VALID,1
TM,SUN_L,3502,SUN_R,3638,SUN_NDV,-0.0190,SUN_ANGLE,-21.09
TM,MAG_X,-18.98,MAG_Y,28.16,MAG_Z,-12.30,MAG_HEADING,123.97
TM,GYRO_X,-0.621,GYRO_Y,-2.398,GYRO_Z,0.073,BODY_RATE,-0.073
TM,ADCS_MODE,MANUAL,ADCS_REFERENCE,SUN,TARGET,0.00,POINTING_ERROR,20.03,SUN_ERROR,21.19,MAG_ERROR,-123.99,GYRO_Z,0.160,RW_CMD,0
TM,EST_RAW,-21.19,EST_FILTERED,-21.19,EST_ANGLE,-20.03,EST_FILTER,ON,EST_FILTER_TYPE,MOVING_AVERAGE,EST_MA_WINDOW,1,EST_FILTER_STRENGTH,0.35
TM,EST_FUSION,ON,EST_GYRO_WEIGHT,0.98,EST_VALID,1
TM,SUN_L,3500,SUN_R,3637,SUN_NDV,-0.0192,SUN_ANGLE,-21.17
TM,MAG_X,-18.98,MAG_Y,28.14,MAG_Z,-12.21,MAG_HEADING,123.99
TM,GYRO_X,-0.796,GYRO_Y,-2.214,GYRO_Z,0.003,BODY_RATE,-0.003
TM,ADCS_MODE,MANUAL,ADCS_REFERENCE,SUN,TARGET,0.00,POINTING_ERROR,20.27,SUN_ERROR,21.23,MAG_ERROR,-123.96,GYRO_Z,0.108,RW_CMD,0
TM,EST_RAW,-21.23,EST_FILTERED,-21.23,EST_ANGLE,-20.27,EST_FILTER,ON,EST_FILTER_TYPE,MOVING_AVERAGE,EST_MA_WINDOW,1,EST_FILTER_STRENGTH,0.35
TM,EST_FUSION,ON,EST_GYRO_WEIGHT,0.98,EST_VALID,1
TM,SUN_L,3499,SUN_R,3636,SUN_NDV,-0.0192,SUN_ANGLE,-21.18
TM,MAG_X,-18.94,MAG_Y,28.13,MAG_Z,-12.40,MAG_HEADING,123.96
TM,GYRO_X,-0.875,GYRO_Y,-2.362,GYRO_Z,-0.023,BODY_RATE,0.023
TM,SUN_L,3500,SUN_R,3638,SUN_NDV,-0.0193,SUN_ANGLE,-21.17
TM,MAG_X,-18.80,MAG_Y,28.21,MAG_Z,-12.40,MAG_HEADING,123.68
TM,GYRO_X,-0.683,GYRO_Y,-2.537,GYRO_Z,-0.163,BODY_RATE,0.163
TM,ADCS_MODE,MANUAL,ADCS_REFERENCE,SUN,TARGET,0.00,POINTING_ERROR,20.46,SUN_ERROR,21.27,MAG_ERROR,-123.68,GYRO_Z,-0.181,RW_CMD,0
TM,EST_RAW,-21.27,EST_FILTERED,-21.27,EST_ANGLE,-20.46,EST_FILTER,ON,EST_FILTER_TYPE,MOVING_AVERAGE,EST_MA_WINDOW,1,EST_FILTER_STRENGTH,0.35
TM,EST_FUSION,ON,EST_GYRO_WEIGHT,0.98,EST_VALID,1
TM,SUN_L,3500,SUN_R,3637,SUN_NDV,-0.0192,SUN_ANGLE,-21.11
TM,MAG_X,-18.96,MAG_Y,28.24,MAG_Z,-12.34,MAG_HEADING,123.88
TM,GYRO_X,-0.858,GYRO_Y,-2.415,GYRO_Z,-0.155,BODY_RATE,0.155
TM,ADCS_MODE,MANUAL,ADCS_REFERENCE,SUN,TARGET,0.00,POINTING_ERROR,20.59,SUN_ERROR,21.05,MAG_ERROR,-123.88,GYRO_Z,0.090,RW_CMD,0
TM,EST_RAW,-21.05,EST_FILTERED,-21.05,EST_ANGLE,-20.59,EST_FILTER,ON,EST_FILTER_TYPE,MOVING_AVERAGE,EST_MA_WINDOW,1,EST_FILTER_STRENGTH,0.35
TM,EST_FUSION,ON,EST_GYRO_WEIGHT,0.98,EST_VALID,1
TM,SUN_L,3500,SUN_R,3636,SUN_NDV,-0.0191,SUN_ANGLE,-21.01
TM,MAG_X,-18.93,MAG_Y,28.32,MAG_Z,-12.14,MAG_HEADING,123.76
TM,GYRO_X,-0.971,GYRO_Y,-2.362,GYRO_Z,-0.023,BODY_RATE,0.023
TM,ADCS_MODE,MANUAL,ADCS_REFERENCE,SUN,TARGET,0.00,POINTING_ERROR,20.70,SUN_ERROR,20.97,MAG_ERROR,-124.07,GYRO_Z,0.020,RW_CMD,0
TM,EST_RAW,-20.97,EST_FILTERED,-20.97,EST_ANGLE,-20.70,EST_FILTER,ON,EST_FILTER_TYPE,MOVING_AVERAGE,EST_MA_WINDOW,1,EST_FILTER_STRENGTH,0.35
TM,EST_FUSION,ON,EST_GYRO_WEIGHT,0.98,EST_VALID,1
TM,SUN_L,3499,SUN_R,3638,SUN_NDV,-0.0195,SUN_ANGLE,-21.11
TM,MAG_X,-18.94,MAG_Y,28.42,MAG_Z,-12.43,MAG_HEADING,123.69
TM,GYRO_X,-0.892,GYRO_Y,-2.249,GYRO_Z,-0.015,BODY_RATE,0.015
TM,ADCS_MODE,MANUAL,ADCS_REFERENCE,SUN,TARGET,0.00,POINTING_ERROR,20.79,SUN_ERROR,21.19,MAG_ERROR,-123.44,GYRO_Z,0.125,RW_CMD,0
TM,EST_RAW,-21.19,EST_FILTERED,-21.19,EST_ANGLE,-20.79,EST_FILTER,ON,EST_FILTER_TYPE,MOVING_AVERAGE,EST_MA_WINDOW,1,EST_FILTER_STRENGTH,0.35
TM,EST_FUSION,ON,EST_GYRO_WEIGHT,0.98,EST_VALID,1
TM,SUN_L,3501,SUN_R,3638,SUN_NDV,-0.0192,SUN_ANGLE,-21.04
TM,MAG_X,-18.80,MAG_Y,28.46,MAG_Z,-12.35,MAG_HEADING,123.44
TM,GYRO_X,-0.936,GYRO_Y,-2.196,GYRO_Z,-0.015,BODY_RATE,0.015
TM,SUN_L,3502,SUN_R,3640,SUN_NDV,-0.0193,SUN_ANGLE,-21.17
TM,MAG_X,-18.80,MAG_Y,28.43,MAG_Z,-12.67,MAG_HEADING,123.47
TM,GYRO_X,-0.962,GYRO_Y,-2.398,GYRO_Z,-0.268,BODY_RATE,0.268
TM,ADCS_MODE,MANUAL,ADCS_REFERENCE,SUN,TARGET,0.00,POINTING_ERROR,20.85,SUN_ERROR,21.17,MAG_ERROR,-123.47,GYRO_Z,0.090,RW_CMD,0
TM,EST_RAW,-21.17,EST_FILTERED,-21.17,EST_ANGLE,-20.85,EST_FILTER,ON,EST_FILTER_TYPE,MOVING_AVERAGE,EST_MA_WINDOW,1,EST_FILTER_STRENGTH,0.35
TM,EST_FUSION,ON,EST_GYRO_WEIGHT,0.98,EST_VALID,1
TM,SUN_L,3498,SUN_R,3639,SUN_NDV,-0.0198,SUN_ANGLE,-21.59
TM,MAG_X,-18.72,MAG_Y,28.50,MAG_Z,-12.66,MAG_HEADING,123.30
TM,GYRO_X,-0.840,GYRO_Y,-2.424,GYRO_Z,0.292,BODY_RATE,-0.292
TM,ADCS_MODE,MANUAL,ADCS_REFERENCE,SUN,TARGET,0.00,POINTING_ERROR,20.97,SUN_ERROR,21.35,MAG_ERROR,-123.40,GYRO_Z,0.143,RW_CMD,0
TM,EST_RAW,-21.35,EST_FILTERED,-21.35,EST_ANGLE,-20.97,EST_FILTER,ON,EST_FILTER_TYPE,MOVING_AVERAGE,EST_MA_WINDOW,1,EST_FILTER_STRENGTH,0.35
TM,EST_FUSION,ON,EST_GYRO_WEIGHT,0.98,EST_VALID,1
TM,SUN_L,3500,SUN_R,3639,SUN_NDV,-0.0195,SUN_ANGLE,-21.34
TM,MAG_X,-18.82,MAG_Y,28.56,MAG_Z,-12.54,MAG_HEADING,123.38
TM,GYRO_X,-1.173,GYRO_Y,-2.135,GYRO_Z,0.055,BODY_RATE,-0.055
TM,ADCS_MODE,MANUAL,ADCS_REFERENCE,SUN,TARGET,0.00,POINTING_ERROR,21.03,SUN_ERROR,21.30,MAG_ERROR,-123.38,GYRO_Z,-0.233,RW_CMD,0
TM,EST_RAW,-21.30,EST_FILTERED,-21.30,EST_ANGLE,-21.03,EST_FILTER,ON,EST_FILTER_TYPE,MOVING_AVERAGE,EST_MA_WINDOW,1,EST_FILTER_STRENGTH,0.35
TM,EST_FUSION,ON,EST_GYRO_WEIGHT,0.98,EST_VALID,1
TM,SUN_L,3501,SUN_R,3640,SUN_NDV,-0.0195,SUN_ANGLE,-21.25
TM,MAG_X,-18.86,MAG_Y,28.62,MAG_Z,-12.69,MAG_HEADING,123.39
TM,GYRO_X,-0.796,GYRO_Y,-2.406,GYRO_Z,-0.093,BODY_RATE,0.093
TM,ADCS_MODE,MANUAL,ADCS_REFERENCE,SUN,TARGET,0.00,POINTING_ERROR,21.06,SUN_ERROR,21.12,MAG_ERROR,-123.39,GYRO_Z,0.064,RW_CMD,0
TM,EST_RAW,-21.12,EST_FILTERED,-21.12,EST_ANGLE,-21.06,EST_FILTER,ON,EST_FILTER_TYPE,MOVING_AVERAGE,EST_MA_WINDOW,1,EST_FILTER_STRENGTH,0.35
TM,EST_FUSION,ON,EST_GYRO_WEIGHT,0.98,EST_VALID,1
TM,SUN_L,3504,SUN_R,3640,SUN_NDV,-0.0190,SUN_ANGLE,-20.93
TM,MAG_X,-18.83,MAG_Y,28.58,MAG_Z,-12.54,MAG_HEADING,123.39
TM,GYRO_X,-0.919,GYRO_Y,-2.284,GYRO_Z,-0.085,BODY_RATE,0.085
TM,SUN_L,3506,SUN_R,3640,SUN_NDV,-0.0188,SUN_ANGLE,-20.82
TM,MAG_X,-18.82,MAG_Y,28.61,MAG_Z,-12.54,MAG_HEADING,123.33
TM,GYRO_X,-0.954,GYRO_Y,-2.118,GYRO_Z,-0.050,BODY_RATE,0.050
TM,ADCS_MODE,MANUAL,ADCS_REFERENCE,SUN,TARGET,0.00,POINTING_ERROR,21.00,SUN_ERROR,20.76,MAG_ERROR,-123.45,GYRO_Z,-0.006,RW_CMD,0
TM,EST_RAW,-20.76,EST_FILTERED,-20.76,EST_ANGLE,-21.00,EST_FILTER,ON,EST_FILTER_TYPE,MOVING_AVERAGE,EST_MA_WINDOW,1,EST_FILTER_STRENGTH,0.35
TM,EST_FUSION,ON,EST_GYRO_WEIGHT,0.98,EST_VALID,1
TM,SUN_L,3505,SUN_R,3641,SUN_NDV,-0.0190,SUN_ANGLE,-20.89
TM,MAG_X,-18.86,MAG_Y,28.51,MAG_Z,-12.67,MAG_HEADING,123.49
TM,GYRO_X,-0.962,GYRO_Y,-2.152,GYRO_Z,-0.128,BODY_RATE,0.128
TM,ADCS_MODE,MANUAL,ADCS_REFERENCE,SUN,TARGET,0.00,POINTING_ERROR,20.96,SUN_ERROR,20.68,MAG_ERROR,-123.49,GYRO_Z,0.117,RW_CMD,0
TM,EST_RAW,-20.68,EST_FILTERED,-20.68,EST_ANGLE,-20.96,EST_FILTER,ON,EST_FILTER_TYPE,MOVING_AVERAGE,EST_MA_WINDOW,1,EST_FILTER_STRENGTH,0.35
TM,EST_FUSION,ON,EST_GYRO_WEIGHT,0.98,EST_VALID,1
TM,SUN_L,3504,SUN_R,3639,SUN_NDV,-0.0189,SUN_ANGLE,-20.89
TM,MAG_X,-18.96,MAG_Y,28.53,MAG_Z,-12.37,MAG_HEADING,123.61
TM,GYRO_X,-1.085,GYRO_Y,-2.441,GYRO_Z,-0.093,BODY_RATE,0.093
TM,ADCS_MODE,MANUAL,ADCS_REFERENCE,SUN,TARGET,0.00,POINTING_ERROR,20.92,SUN_ERROR,21.17,MAG_ERROR,-123.50,GYRO_Z,-0.268,RW_CMD,0
TM,EST_RAW,-21.17,EST_FILTERED,-21.17,EST_ANGLE,-20.92,EST_FILTER,ON,EST_FILTER_TYPE,MOVING_AVERAGE,EST_MA_WINDOW,1,EST_FILTER_STRENGTH,0.35
TM,EST_FUSION,ON,EST_GYRO_WEIGHT,0.98,EST_VALID,1
TM,SUN_L,3502,SUN_R,3640,SUN_NDV,-0.0193,SUN_ANGLE,-21.30
TM,MAG_X,-18.88,MAG_Y,28.53,MAG_Z,-12.66,MAG_HEADING,123.50
TM,GYRO_X,-1.111,GYRO_Y,-2.188,GYRO_Z,-0.050,BODY_RATE,0.050
TM,ADCS_MODE,MANUAL,ADCS_REFERENCE,SUN,TARGET,0.00,POINTING_ERROR,20.95,SUN_ERROR,20.81,MAG_ERROR,-123.47,GYRO_Z,0.440,RW_CMD,0
TM,EST_RAW,-20.81,EST_FILTERED,-20.81,EST_ANGLE,-20.95,EST_FILTER,ON,EST_FILTER_TYPE,MOVING_AVERAGE,EST_MA_WINDOW,1,EST_FILTER_STRENGTH,0.35
TM,EST_FUSION,ON,EST_GYRO_WEIGHT,0.98,EST_VALID,1
TM,SUN_L,3507,SUN_R,3643,SUN_NDV,-0.0190,SUN_ANGLE,-20.77
TM,MAG_X,-19.09,MAG_Y,28.35,MAG_Z,-12.54,MAG_HEADING,123.95
TM,GYRO_X,-1.155,GYRO_Y,-2.231,GYRO_Z,-0.032,BODY_RATE,0.032
TM,SUN_L,3503,SUN_R,3641,SUN_NDV,-0.0193,SUN_ANGLE,-20.97
TM,MAG_X,-18.80,MAG_Y,28.51,MAG_Z,-12.59,MAG_HEADING,123.40
TM,GYRO_X,-1.138,GYRO_Y,-2.188,GYRO_Z,-0.023,BODY_RATE,0.023
TM,ADCS_MODE,MANUAL,ADCS_REFERENCE,SUN,TARGET,0.00,POINTING_ERROR,20.93,SUN_ERROR,21.21,MAG_ERROR,-123.40,GYRO_Z,0.082,RW_CMD,0
TM,EST_RAW,-21.21,EST_FILTERED,-21.21,EST_ANGLE,-20.93,EST_FILTER,ON,EST_FILTER_TYPE,MOVING_AVERAGE,EST_MA_WINDOW,1,EST_FILTER_STRENGTH,0.35
TM,EST_FUSION,ON,EST_GYRO_WEIGHT,0.98,EST_VALID,1
TM,SUN_L,3500,SUN_R,3640,SUN_NDV,-0.0196,SUN_ANGLE,-21.32
TM,MAG_X,-18.78,MAG_Y,28.45,MAG_Z,-12.58,MAG_HEADING,123.44
TM,GYRO_X,-1.015,GYRO_Y,-2.319,GYRO_Z,0.117,BODY_RATE,-0.117
TM,ADCS_MODE,MANUAL,ADCS_REFERENCE,SUN,TARGET,0.00,POINTING_ERROR,21.02,SUN_ERROR,21.44,MAG_ERROR,-123.44,GYRO_Z,-0.365,RW_CMD,0
TM,EST_RAW,-21.44,EST_FILTERED,-21.44,EST_ANGLE,-21.02,EST_FILTER,ON,EST_FILTER_TYPE,MOVING_AVERAGE,EST_MA_WINDOW,1,EST_FILTER_STRENGTH,0.35
TM,EST_FUSION,ON,EST_GYRO_WEIGHT,0.98,EST_VALID,1
TM,SUN_L,3501,SUN_R,3640,SUN_NDV,-0.0195,SUN_ANGLE,-21.42
TM,MAG_X,-18.86,MAG_Y,28.43,MAG_Z,-12.51,MAG_HEADING,123.56
TM,GYRO_X,-0.971,GYRO_Y,-2.459,GYRO_Z,-0.172,BODY_RATE,0.172
TM,ADCS_MODE,MANUAL,ADCS_REFERENCE,SUN,TARGET,0.00,POINTING_ERROR,21.07,SUN_ERROR,21.12,MAG_ERROR,-123.57,GYRO_Z,0.082,RW_CMD,0
TM,EST_RAW,-21.12,EST_FILTERED,-21.12,EST_ANGLE,-21.07,EST_FILTER,ON,EST_FILTER_TYPE,MOVING_AVERAGE,EST_MA_WINDOW,1,EST_FILTER_STRENGTH,0.35
TM,EST_FUSION,ON,EST_GYRO_WEIGHT,0.98,EST_VALID,1
TM,SUN_L,3505,SUN_R,3641,SUN_NDV,-0.0190,SUN_ANGLE,-20.84
TM,MAG_X,-18.88,MAG_Y,28.38,MAG_Z,-12.51,MAG_HEADING,123.63
TM,GYRO_X,-1.190,GYRO_Y,-2.118,GYRO_Z,0.038,BODY_RATE,-0.038
TM,ADCS_MODE,MANUAL,ADCS_REFERENCE,SUN,TARGET,0.00,POINTING_ERROR,21.03,SUN_ERROR,20.82,MAG_ERROR,-123.68,GYRO_Z,-0.338,RW_CMD,0
TM,EST_RAW,-20.82,EST_FILTERED,-20.82,EST_ANGLE,-21.03,EST_FILTER,ON,EST_FILTER_TYPE,MOVING_AVERAGE,EST_MA_WINDOW,1,EST_FILTER_STRENGTH,0.35
TM,EST_FUSION,ON,EST_GYRO_WEIGHT,0.98,EST_VALID,1
TM,SUN_L,3507,SUN_R,3641,SUN_NDV,-0.0187,SUN_ANGLE,-20.75
TM,MAG_X,-18.94,MAG_Y,28.43,MAG_Z,-12.14,MAG_HEADING,123.68
TM,GYRO_X,-1.199,GYRO_Y,-2.091,GYRO_Z,0.117,BODY_RATE,-0.117
TM,SUN_L,3509,SUN_R,3643,SUN_NDV,-0.0187,SUN_ANGLE,-20.62
TM,MAG_X,-18.86,MAG_Y,28.37,MAG_Z,-12.38,MAG_HEADING,123.62
TM,GYRO_X,-0.892,GYRO_Y,-2.231,GYRO_Z,-0.023,BODY_RATE,0.023
TM,ADCS_MODE,MANUAL,ADCS_REFERENCE,SUN,TARGET,0.00,POINTING_ERROR,20.94,SUN_ERROR,20.58,MAG_ERROR,-123.62,GYRO_Z,-0.041,RW_CMD,0
TM,EST_RAW,-20.58,EST_FILTERED,-20.58,EST_ANGLE,-20.94,EST_FILTER,ON,EST_FILTER_TYPE,MOVING_AVERAGE,EST_MA_WINDOW,1,EST_FILTER_STRENGTH,0.35
TM,EST_FUSION,ON,EST_GYRO_WEIGHT,0.98,EST_VALID,1
TM,SUN_L,3509,SUN_R,3642,SUN_NDV,-0.0186,SUN_ANGLE,-20.62
TM,MAG_X,-18.86,MAG_Y,28.22,MAG_Z,-12.46,MAG_HEADING,123.76
TM,GYRO_X,-0.936,GYRO_Y,-2.301,GYRO_Z,0.292,BODY_RATE,-0.292
TM,ADCS_MODE,MANUAL,ADCS_REFERENCE,SUN,TARGET,0.00,POINTING_ERROR,20.85,SUN_ERROR,20.45,MAG_ERROR,-123.70,GYRO_Z,-0.111,RW_CMD,0
TM,EST_RAW,-20.45,EST_FILTERED,-20.45,EST_ANGLE,-20.85,EST_FILTER,ON,EST_FILTER_TYPE,MOVING_AVERAGE,EST_MA_WINDOW,1,EST_FILTER_STRENGTH,0.35
TM,EST_FUSION,ON,EST_GYRO_WEIGHT,0.98,EST_VALID,1
TM,SUN_L,3510,SUN_R,3644,SUN_NDV,-0.0187,SUN_ANGLE,-20.31
TM,MAG_X,-18.85,MAG_Y,28.38,MAG_Z,-12.27,MAG_HEADING,123.59
TM,GYRO_X,-0.962,GYRO_Y,-2.459,GYRO_Z,-0.093,BODY_RATE,0.093
TM,ADCS_MODE,MANUAL,ADCS_REFERENCE,SUN,TARGET,0.00,POINTING_ERROR,20.76,SUN_ERROR,20.47,MAG_ERROR,-123.59,GYRO_Z,-0.041,RW_CMD,0
TM,EST_RAW,-20.47,EST_FILTERED,-20.47,EST_ANGLE,-20.76,EST_FILTER,ON,EST_FILTER_TYPE,MOVING_AVERAGE,EST_MA_WINDOW,1,EST_FILTER_STRENGTH,0.35
TM,EST_FUSION,ON,EST_GYRO_WEIGHT,0.98,EST_VALID,1
TM,SUN_L,3511,SUN_R,3646,SUN_NDV,-0.0189,SUN_ANGLE,-20.32
TM,MAG_X,-18.96,MAG_Y,28.34,MAG_Z,-12.48,MAG_HEADING,123.79
TM,GYRO_X,-0.962,GYRO_Y,-2.266,GYRO_Z,-0.067,BODY_RATE,0.067
TM,ADCS_MODE,MANUAL,ADCS_REFERENCE,SUN,TARGET,0.00,POINTING_ERROR,20.71,SUN_ERROR,20.60,MAG_ERROR,-123.68,GYRO_Z,-0.050,RW_CMD,0
TM,EST_RAW,-20.60,EST_FILTERED,-20.60,EST_ANGLE,-20.71,EST_FILTER,ON,EST_FILTER_TYPE,MOVING_AVERAGE,EST_MA_WINDOW,1,EST_FILTER_STRENGTH,0.35
TM,EST_FUSION,ON,EST_GYRO_WEIGHT,0.98,EST_VALID,1
TM,SUN_L,3511,SUN_R,3645,SUN_NDV,-0.0187,SUN_ANGLE,-20.43
TM,MAG_X,-18.88,MAG_Y,28.34,MAG_Z,-12.34,MAG_HEADING,123.68
TM,GYRO_X,-1.120,GYRO_Y,-2.328,GYRO_Z,0.020,BODY_RATE,-0.020
TM,SUN_L,3509,SUN_R,3644,SUN_NDV,-0.0189,SUN_ANGLE,-20.65
TM,MAG_X,-18.82,MAG_Y,28.42,MAG_Z,-12.43,MAG_HEADING,123.51
TM,GYRO_X,-0.945,GYRO_Y,-2.406,GYRO_Z,0.134,BODY_RATE,-0.134
TM,ADCS_MODE,MANUAL,ADCS_REFERENCE,SUN,TARGET,0.00,POINTING_ERROR,20.67,SUN_ERROR,20.65,MAG_ERROR,-123.51,GYRO_Z,-0.058,RW_CMD,0
TM,EST_RAW,-20.65,EST_FILTERED,-20.65,EST_ANGLE,-20.67,EST_FILTER,ON,EST_FILTER_TYPE,MOVING_AVERAGE,EST_MA_WINDOW,1,EST_FILTER_STRENGTH,0.35
TM,EST_FUSION,ON,EST_GYRO_WEIGHT,0.98,EST_VALID,1
TM,SUN_L,3506,SUN_R,3643,SUN_NDV,-0.0192,SUN_ANGLE,-20.90
TM,MAG_X,-18.78,MAG_Y,28.26,MAG_Z,-12.58,MAG_HEADING,123.62
TM,GYRO_X,-0.779,GYRO_Y,-2.336,GYRO_Z,-0.006,BODY_RATE,0.006
TM,ADCS_MODE,MANUAL,ADCS_REFERENCE,SUN,TARGET,0.00,POINTING_ERROR,20.71,SUN_ERROR,21.11,MAG_ERROR,-123.62,GYRO_Z,0.187,RW_CMD,0
TM,EST_RAW,-21.11,EST_FILTERED,-21.11,EST_ANGLE,-20.71,EST_FILTER,ON,EST_FILTER_TYPE,MOVING_AVERAGE,EST_MA_WINDOW,1,EST_FILTER_STRENGTH,0.35
TM,EST_FUSION,ON,EST_GYRO_WEIGHT,0.98,EST_VALID,1
TM,SUN_L,3502,SUN_R,3641,SUN_NDV,-0.0195,SUN_ANGLE,-21.12
TM,MAG_X,-18.96,MAG_Y,28.45,MAG_Z,-12.66,MAG_HEADING,123.68
TM,GYRO_X,-0.919,GYRO_Y,-2.389,GYRO_Z,0.047,BODY_RATE,-0.047
TM,ADCS_MODE,MANUAL,ADCS_REFERENCE,SUN,TARGET,0.00,POINTING_ERROR,20.79,SUN_ERROR,21.08,MAG_ERROR,-123.62,GYRO_Z,-0.023,RW_CMD,0
TM,EST_RAW,-21.08,EST_FILTERED,-21.08,EST_ANGLE,-20.79,EST_FILTER,ON,EST_FILTER_TYPE,MOVING_AVERAGE,EST_MA_WINDOW,1,EST_FILTER_STRENGTH,0.35
TM,EST_FUSION,ON,EST_GYRO_WEIGHT,0.98,EST_VALID,1
TM,SUN_L,3502,SUN_R,3640,SUN_NDV,-0.0193,SUN_ANGLE,-21.08
TM,MAG_X,-18.86,MAG_Y,28.37,MAG_Z,-12.40,MAG_HEADING,123.62
TM,GYRO_X,-1.120,GYRO_Y,-1.916,GYRO_Z,0.248,BODY_RATE,-0.248
TM,ADCS_MODE,MANUAL,ADCS_REFERENCE,SUN,TARGET,0.00,POINTING_ERROR,20.83,SUN_ERROR,21.04,MAG_ERROR,-123.66,GYRO_Z,0.108,RW_CMD,0
TM,EST_RAW,-21.04,EST_FILTERED,-21.04,EST_ANGLE,-20.83,EST_FILTER,ON,EST_FILTER_TYPE,MOVING_AVERAGE,EST_MA_WINDOW,1,EST_FILTER_STRENGTH,0.35
TM,EST_FUSION,ON,EST_GYRO_WEIGHT,0.98,EST_VALID,1
TM,SUN_L,3503,SUN_R,3641,SUN_NDV,-0.0193,SUN_ANGLE,-21.06
TM,MAG_X,-18.70,MAG_Y,28.43,MAG_Z,-12.75,MAG_HEADING,123.34
TM,GYRO_X,-0.752,GYRO_Y,-2.424,GYRO_Z,-0.120,BODY_RATE,0.120
TM,SUN_L,3503,SUN_R,3639,SUN_NDV,-0.0190,SUN_ANGLE,-20.88
TM,MAG_X,-18.86,MAG_Y,28.42,MAG_Z,-12.35,MAG_HEADING,123.58
TM,GYRO_X,-1.067,GYRO_Y,-2.406,GYRO_Z,0.055,BODY_RATE,-0.055
TM,ADCS_MODE,MANUAL,ADCS_REFERENCE,SUN,TARGET,0.00,POINTING_ERROR,20.87,SUN_ERROR,21.08,MAG_ERROR,-123.58,GYRO_Z,-0.146,RW_CMD,0
TM,EST_RAW,-21.08,EST_FILTERED,-21.08,EST_ANGLE,-20.87,EST_FILTER,ON,EST_FILTER_TYPE,MOVING_AVERAGE,EST_MA_WINDOW,1,EST_FILTER_STRENGTH,0.35
TM,EST_FUSION,ON,EST_GYRO_WEIGHT,0.98,EST_VALID,1
TM,SUN_L,3506,SUN_R,3640,SUN_NDV,-0.0188,SUN_ANGLE,-20.72
TM,MAG_X,-18.86,MAG_Y,28.27,MAG_Z,-12.38,MAG_HEADING,123.71
TM,GYRO_X,-0.779,GYRO_Y,-2.398,GYRO_Z,-0.050,BODY_RATE,0.050
TM,ADCS_MODE,MANUAL,ADCS_REFERENCE,SUN,TARGET,0.00,POINTING_ERROR,20.86,SUN_ERROR,20.63,MAG_ERROR,-123.56,GYRO_Z,0.020,RW_CMD,0
TM,EST_RAW,-20.63,EST_FILTERED,-20.63,EST_ANGLE,-20.86,EST_FILTER,ON,EST_FILTER_TYPE,MOVING_AVERAGE,EST_MA_WINDOW,1,EST_FILTER_STRENGTH,0.35
TM,EST_FUSION,ON,EST_GYRO_WEIGHT,0.98,EST_VALID,1
TM,SUN_L,3507,SUN_R,3640,SUN_NDV,-0.0186,SUN_ANGLE,-20.37
TM,MAG_X,-18.82,MAG_Y,28.37,MAG_Z,-12.42,MAG_HEADING,123.56
TM,GYRO_X,-0.892,GYRO_Y,-2.284,GYRO_Z,-0.172,BODY_RATE,0.172
TM,ADCS_MODE,MANUAL,ADCS_REFERENCE,SUN,TARGET,0.00,POINTING_ERROR,20.75,SUN_ERROR,20.61,MAG_ERROR,-123.85,GYRO_Z,-0.207,RW_CMD,0
TM,EST_RAW,-20.61,EST_FILTERED,-20.61,EST_ANGLE,-20.75,EST_FILTER,ON,EST_FILTER_TYPE,MOVING_AVERAGE,EST_MA_WINDOW,1,EST_FILTER_STRENGTH,0.35
TM,EST_FUSION,ON,EST_GYRO_WEIGHT,0.98,EST_VALID,1
TM,SUN_L,3508,SUN_R,3640,SUN_NDV,-0.0185,SUN_ANGLE,-20.67
TM,MAG_X,-18.85,MAG_Y,28.43,MAG_Z,-12.46,MAG_HEADING,123.54
TM,GYRO_X,-1.015,GYRO_Y,-2.144,GYRO_Z,0.134,BODY_RATE,-0.134
TM,ADCS_MODE,MANUAL,ADCS_REFERENCE,SUN,TARGET,0.00,POINTING_ERROR,20.71,SUN_ERROR,20.52,MAG_ERROR,-123.79,GYRO_Z,0.117,RW_CMD,0
TM,EST_RAW,-20.52,EST_FILTERED,-20.52,EST_ANGLE,-20.71,EST_FILTER,ON,EST_FILTER_TYPE,MOVING_AVERAGE,EST_MA_WINDOW,1,EST_FILTER_STRENGTH,0.35
TM,EST_FUSION,ON,EST_GYRO_WEIGHT,0.98,EST_VALID,1
TM,SUN_L,3508,SUN_R,3638,SUN_NDV,-0.0182,SUN_ANGLE,-20.51
TM,MAG_X,-18.94,MAG_Y,28.30,MAG_Z,-12.22,MAG_HEADING,123.79
TM,GYRO_X,-1.207,GYRO_Y,-2.152,GYRO_Z,-0.216,BODY_RATE,0.216
TM,SUN_L,3508,SUN_R,3639,SUN_NDV,-0.0183,SUN_ANGLE,-20.68
TM,MAG_X,-18.85,MAG_Y,28.30,MAG_Z,-12.29,MAG_HEADING,123.66
TM,GYRO_X,-1.181,GYRO_Y,-2.249,GYRO_Z,0.125,BODY_RATE,-0.125
TM,ADCS_MODE,MANUAL,ADCS_REFERENCE,SUN,TARGET,0.00,POINTING_ERROR,20.68,SUN_ERROR,20.48,MAG_ERROR,-123.66,GYRO_Z,0.195,RW_CMD,0
TM,EST_RAW,-20.48,EST_FILTERED,-20.48,EST_ANGLE,-20.68,EST_FILTER,ON,EST_FILTER_TYPE,MOVING_AVERAGE,EST_MA_WINDOW,1,EST_FILTER_STRENGTH,0.35
TM,EST_FUSION,ON,EST_GYRO_WEIGHT,0.98,EST_VALID,1
TM,SUN_L,3507,SUN_R,3640,SUN_NDV,-0.0186,SUN_ANGLE,-20.59
TM,MAG_X,-18.94,MAG_Y,28.11,MAG_Z,-12.50,MAG_HEADING,123.98
TM,GYRO_X,-0.752,GYRO_Y,-2.546,GYRO_Z,-0.006,BODY_RATE,0.006
TM,ADCS_MODE,MANUAL,ADCS_REFERENCE,SUN,TARGET,0.00,POINTING_ERROR,20.64,SUN_ERROR,20.55,MAG_ERROR,-123.98,GYRO_Z,-0.050,RW_CMD,0
TM,EST_RAW,-20.55,EST_FILTERED,-20.55,EST_ANGLE,-20.64,EST_FILTER,ON,EST_FILTER_TYPE,MOVING_AVERAGE,EST_MA_WINDOW,1,EST_FILTER_STRENGTH,0.35
TM,EST_FUSION,ON,EST_GYRO_WEIGHT,0.98,EST_VALID,1
TM,SUN_L,3508,SUN_R,3639,SUN_NDV,-0.0183,SUN_ANGLE,-20.55
TM,MAG_X,-18.90,MAG_Y,28.42,MAG_Z,-12.50,MAG_HEADING,123.62
TM,GYRO_X,-0.954,GYRO_Y,-2.459,GYRO_Z,-0.137,BODY_RATE,0.137
TM,ADCS_MODE,MANUAL,ADCS_REFERENCE,SUN,TARGET,0.00,POINTING_ERROR,20.63,SUN_ERROR,20.63,MAG_ERROR,-123.88,GYRO_Z,-0.163,RW_CMD,0
TM,EST_RAW,-20.63,EST_FILTERED,-20.63,EST_ANGLE,-20.63,EST_FILTER,ON,EST_FILTER_TYPE,MOVING_AVERAGE,EST_MA_WINDOW,1,EST_FILTER_STRENGTH,0.35
TM,EST_FUSION,ON,EST_GYRO_WEIGHT,0.98,EST_VALID,1
TM,SUN_L,3508,SUN_R,3639,SUN_NDV,-0.0183,SUN_ANGLE,-20.67
TM,MAG_X,-18.98,MAG_Y,28.26,MAG_Z,-12.54,MAG_HEADING,123.88
TM,GYRO_X,-1.260,GYRO_Y,-2.214,GYRO_Z,0.160,BODY_RATE,-0.160
TM,ADCS_MODE,MANUAL,ADCS_REFERENCE,SUN,TARGET,0.00,POINTING_ERROR,20.61,SUN_ERROR,20.70,MAG_ERROR,-123.65,GYRO_Z,-0.251,RW_CMD,0
TM,EST_RAW,-20.70,EST_FILTERED,-20.70,EST_ANGLE,-20.61,EST_FILTER,ON,EST_FILTER_TYPE,MOVING_AVERAGE,EST_MA_WINDOW,1,EST_FILTER_STRENGTH,0.35
TM,EST_FUSION,ON,EST_GYRO_WEIGHT,0.98,EST_VALID,1
TM,SUN_L,3507,SUN_R,3640,SUN_NDV,-0.0186,SUN_ANGLE,-20.63
TM,MAG_X,-18.93,MAG_Y,28.43,MAG_Z,-12.53,MAG_HEADING,123.65
TM,GYRO_X,-0.884,GYRO_Y,-2.433,GYRO_Z,-0.102,BODY_RATE,0.102
TM,SUN_L,3508,SUN_R,3639,SUN_NDV,-0.0183,SUN_ANGLE,-20.43
TM,MAG_X,-18.93,MAG_Y,28.38,MAG_Z,-12.34,MAG_HEADING,123.70
TM,GYRO_X,-0.901,GYRO_Y,-2.214,GYRO_Z,0.038,BODY_RATE,-0.038
TM,ADCS_MODE,MANUAL,ADCS_REFERENCE,SUN,TARGET,0.00,POINTING_ERROR,20.57,SUN_ERROR,20.43,MAG_ERROR,-123.70,GYRO_Z,-0.120,RW_CMD,0
TM,EST_RAW,-20.43,EST_FILTERED,-20.43,EST_ANGLE,-20.57,EST_FILTER,ON,EST_FILTER_TYPE,MOVING_AVERAGE,EST_MA_WINDOW,1,EST_FILTER_STRENGTH,0.35
TM,EST_FUSION,ON,EST_GYRO_WEIGHT,0.98,EST_VALID,1
TM,SUN_L,3505,SUN_R,3639,SUN_NDV,-0.0188,SUN_ANGLE,-20.74
TM,MAG_X,-18.90,MAG_Y,28.48,MAG_Z,-12.59,MAG_HEADING,123.56
TM,GYRO_X,-0.919,GYRO_Y,-2.179,GYRO_Z,-0.058,BODY_RATE,0.058
TM,ADCS_MODE,MANUAL,ADCS_REFERENCE,SUN,TARGET,0.00,POINTING_ERROR,20.56,SUN_ERROR,20.65,MAG_ERROR,-123.56,GYRO_Z,-0.225,RW_CMD,0
TM,EST_RAW,-20.65,EST_FILTERED,-20.65,EST_ANGLE,-20.56,EST_FILTER,ON,EST_FILTER_TYPE,MOVING_AVERAGE,EST_MA_WINDOW,1,EST_FILTER_STRENGTH,0.35
TM,EST_FUSION,ON,EST_GYRO_WEIGHT,0.98,EST_VALID,1
TM,SUN_L,3509,SUN_R,3640,SUN_NDV,-0.0183,SUN_ANGLE,-20.48
TM,MAG_X,-18.90,MAG_Y,28.51,MAG_Z,-12.59,MAG_HEADING,123.53
TM,GYRO_X,-1.129,GYRO_Y,-2.118,GYRO_Z,0.038,BODY_RATE,-0.038
TM,ADCS_MODE,MANUAL,ADCS_REFERENCE,SUN,TARGET,0.00,POINTING_ERROR,20.56,SUN_ERROR,20.49,MAG_ERROR,-123.71,GYRO_Z,0.099,RW_CMD,0
TM,EST_RAW,-20.49,EST_FILTERED,-20.49,EST_ANGLE,-20.56,EST_FILTER,ON,EST_FILTER_TYPE,MOVING_AVERAGE,EST_MA_WINDOW,1,EST_FILTER_STRENGTH,0.35
TM,EST_FUSION,ON,EST_GYRO_WEIGHT,0.98,EST_VALID,1
TM,SUN_L,3508,SUN_R,3640,SUN_NDV,-0.0185,SUN_ANGLE,-20.50
TM,MAG_X,-18.96,MAG_Y,28.42,MAG_Z,-12.53,MAG_HEADING,123.71
TM,GYRO_X,-1.146,GYRO_Y,-2.336,GYRO_Z,0.090,BODY_RATE,-0.090
TM,ADCS_MODE,MANUAL,ADCS_REFERENCE,SUN,TARGET,0.00,POINTING_ERROR,20.53,SUN_ERROR,20.40,MAG_ERROR,-123.65,GYRO_Z,-0.128,RW_CMD,0
TM,EST_RAW,-20.40,EST_FILTERED,-20.40,EST_ANGLE,-20.53,EST_FILTER,ON,EST_FILTER_TYPE,MOVING_AVERAGE,EST_MA_WINDOW,1,EST_FILTER_STRENGTH,0.35
TM,EST_FUSION,ON,EST_GYRO_WEIGHT,0.98,EST_VALID,1
TM,SUN_L,3508,SUN_R,3640,SUN_NDV,-0.0185,SUN_ANGLE,-20.46
TM,MAG_X,-18.67,MAG_Y,28.50,MAG_Z,-12.42,MAG_HEADING,123.23
TM,GYRO_X,-1.111,GYRO_Y,-2.161,GYRO_Z,-0.146,BODY_RATE,0.146
TM,SUN_L,3509,SUN_R,3641,SUN_NDV,-0.0185,SUN_ANGLE,-20.55
TM,MAG_X,-18.93,MAG_Y,28.35,MAG_Z,-12.18,MAG_HEADING,123.73
TM,GYRO_X,-0.954,GYRO_Y,-2.293,GYRO_Z,0.082,BODY_RATE,-0.082
TM,ADCS_MODE,MANUAL,ADCS_REFERENCE,SUN,TARGET,0.00,POINTING_ERROR,20.51,SUN_ERROR,20.36,MAG_ERROR,-123.73,GYRO_Z,-0.032,RW_CMD,0
TM,EST_RAW,-20.36,EST_FILTERED,-20.36,EST_ANGLE,-20.51,EST_FILTER,ON,EST_FILTER_TYPE,MOVING_AVERAGE,EST_MA_WINDOW,1,EST_FILTER_STRENGTH,0.35
TM,EST_FUSION,ON,EST_GYRO_WEIGHT,0.98,EST_VALID,1
TM,SUN_L,3513,SUN_R,3642,SUN_NDV,-0.0180,SUN_ANGLE,-19.98
TM,MAG_X,-18.96,MAG_Y,28.29,MAG_Z,-12.32,MAG_HEADING,123.83
TM,GYRO_X,-0.866,GYRO_Y,-2.196,GYRO_Z,-0.102,BODY_RATE,0.102
TM,ADCS_MODE,MANUAL,ADCS_REFERENCE,SUN,TARGET,0.00,POINTING_ERROR,20.42,SUN_ERROR,19.91,MAG_ERROR,-123.76,GYRO_Z,-0.032,RW_CMD,0
TM,EST_RAW,-19.91,EST_FILTERED,-19.91,EST_ANGLE,-20.42,EST_FILTER,ON,EST_FILTER_TYPE,MOVING_AVERAGE,EST_MA_WINDOW,1,EST_FILTER_STRENGTH,0.35
TM,EST_FUSION,ON,EST_GYRO_WEIGHT,0.98,EST_VALID,1
TM,SUN_L,3512,SUN_R,3641,SUN_NDV,-0.0180,SUN_ANGLE,-20.10
TM,MAG_X,-19.04,MAG_Y,28.30,MAG_Z,-12.42,MAG_HEADING,123.93
TM,GYRO_X,-1.286,GYRO_Y,-2.188,GYRO_Z,0.274,BODY_RATE,-0.274
TM,ADCS_MODE,MANUAL,ADCS_REFERENCE,SUN,TARGET,0.00,POINTING_ERROR,20.33,SUN_ERROR,20.08,MAG_ERROR,-123.93,GYRO_Z,0.003,RW_CMD,0
TM,EST_RAW,-20.08,EST_FILTERED,-20.08,EST_ANGLE,-20.33,EST_FILTER,ON,EST_FILTER_TYPE,MOVING_AVERAGE,EST_MA_WINDOW,1,EST_FILTER_STRENGTH,0.35
TM,EST_FUSION,ON,EST_GYRO_WEIGHT,0.98,EST_VALID,1
TM,SUN_L,3509,SUN_R,3640,SUN_NDV,-0.0183,SUN_ANGLE,-20.31
TM,MAG_X,-18.88,MAG_Y,28.32,MAG_Z,-12.37,MAG_HEADING,123.69
TM,GYRO_X,-0.892,GYRO_Y,-2.441,GYRO_Z,0.012,BODY_RATE,-0.012
TM,ADCS_MODE,MANUAL,ADCS_REFERENCE,SUN,TARGET,0.00,POINTING_ERROR,20.33,SUN_ERROR,20.28,MAG_ERROR,-123.68,GYRO_Z,-0.050,RW_CMD,0
TM,EST_RAW,-20.28,EST_FILTERED,-20.28,EST_ANGLE,-20.33,EST_FILTER,ON,EST_FILTER_TYPE,MOVING_AVERAGE,EST_MA_WINDOW,1,EST_FILTER_STRENGTH,0.35
TM,EST_FUSION,ON,EST_GYRO_WEIGHT,0.98,EST_VALID,1
TM,SUN_L,3509,SUN_R,3639,SUN_NDV,-0.0182,SUN_ANGLE,-20.53
TM,MAG_X,-18.86,MAG_Y,28.30,MAG_Z,-12.45,MAG_HEADING,123.68
TM,GYRO_X,-0.989,GYRO_Y,-2.328,GYRO_Z,-0.093,BODY_RATE,0.093
TM,SUN_L,3509,SUN_R,3640,SUN_NDV,-0.0183,SUN_ANGLE,-20.44
TM,MAG_X,-18.88,MAG_Y,28.32,MAG_Z,-12.53,MAG_HEADING,123.69
TM,GYRO_X,-1.164,GYRO_Y,-2.196,GYRO_Z,0.090,BODY_RATE,-0.090
TM,ADCS_MODE,MANUAL,ADCS_REFERENCE,SUN,TARGET,0.00,POINTING_ERROR,20.35,SUN_ERROR,20.29,MAG_ERROR,-123.85,GYRO_Z,0.012,RW_CMD,0
TM,EST_RAW,-20.29,EST_FILTERED,-20.29,EST_ANGLE,-20.35,EST_FILTER,ON,EST_FILTER_TYPE,MOVING_AVERAGE,EST_MA_WINDOW,1,EST_FILTER_STRENGTH,0.35
TM,EST_FUSION,ON,EST_GYRO_WEIGHT,0.98,EST_VALID,1
TM,SUN_L,3509,SUN_R,3640,SUN_NDV,-0.0183,SUN_ANGLE,-20.28
TM,MAG_X,-19.01,MAG_Y,28.30,MAG_Z,-12.45,MAG_HEADING,123.88
TM,GYRO_X,-0.980,GYRO_Y,-2.013,GYRO_Z,0.055,BODY_RATE,-0.055
TM,ADCS_MODE,MANUAL,ADCS_REFERENCE,SUN,TARGET,0.00,POINTING_ERROR,20.33,SUN_ERROR,20.35,MAG_ERROR,-123.88,GYRO_Z,-0.006,RW_CMD,0
TM,EST_RAW,-20.35,EST_FILTERED,-20.35,EST_ANGLE,-20.33,EST_FILTER,ON,EST_FILTER_TYPE,MOVING_AVERAGE,EST_MA_WINDOW,1,EST_FILTER_STRENGTH,0.35
TM,EST_FUSION,ON,EST_GYRO_WEIGHT,0.98,EST_VALID,1
TM,SUN_L,3510,SUN_R,3639,SUN_NDV,-0.0180,SUN_ANGLE,-20.29
TM,MAG_X,-18.96,MAG_Y,28.30,MAG_Z,-12.40,MAG_HEADING,123.82
TM,GYRO_X,-0.525,GYRO_Y,-2.424,GYRO_Z,-0.032,BODY_RATE,0.032
TM,ADCS_MODE,MANUAL,ADCS_REFERENCE,SUN,TARGET,0.00,POINTING_ERROR,20.29,SUN_ERROR,20.16,MAG_ERROR,-123.93,GYRO_Z,-0.041,RW_CMD,0
TM,EST_RAW,-20.16,EST_FILTERED,-20.16,EST_ANGLE,-20.29,EST_FILTER,ON,EST_FILTER_TYPE,MOVING_AVERAGE,EST_MA_WINDOW,1,EST_FILTER_STRENGTH,0.35
TM,EST_FUSION,ON,EST_GYRO_WEIGHT,0.98,EST_VALID,1
TM,SUN_L,3510,SUN_R,3640,SUN_NDV,-0.0182,SUN_ANGLE,-20.10
TM,MAG_X,-19.01,MAG_Y,28.26,MAG_Z,-12.45,MAG_HEADING,123.93
TM,GYRO_X,-1.050,GYRO_Y,-2.231,GYRO_Z,-0.041,BODY_RATE,0.041
TM,ADCS_MODE,MANUAL,ADCS_REFERENCE,SUN,TARGET,0.00,POINTING_ERROR,20.25,SUN_ERROR,20.29,MAG_ERROR,-123.68,GYRO_Z,0.178,RW_CMD,0
TM,EST_RAW,-20.29,EST_FILTERED,-20.29,EST_ANGLE,-20.25,EST_FILTER,ON,EST_FILTER_TYPE,MOVING_AVERAGE,EST_MA_WINDOW,1,EST_FILTER_STRENGTH,0.35
TM,EST_FUSION,ON,EST_GYRO_WEIGHT,0.98,EST_VALID,1
TM,SUN_L,3510,SUN_R,3640,SUN_NDV,-0.0182,SUN_ANGLE,-20.07
TM,MAG_X,-18.93,MAG_Y,28.35,MAG_Z,-12.48,MAG_HEADING,123.73
TM,GYRO_X,-1.102,GYRO_Y,-2.257,GYRO_Z,0.029,BODY_RATE,-0.029
TM,SUN_L,3510,SUN_R,3639,SUN_NDV,-0.0180,SUN_ANGLE,-20.24
TM,MAG_X,-18.90,MAG_Y,28.34,MAG_Z,-12.16,MAG_HEADING,123.70
TM,GYRO_X,-1.120,GYRO_Y,-2.328,GYRO_Z,-0.058,BODY_RATE,0.058
TM,ADCS_MODE,MANUAL,ADCS_REFERENCE,SUN,TARGET,0.00,POINTING_ERROR,20.22,SUN_ERROR,20.24,MAG_ERROR,-123.70,GYRO_Z,-0.295,RW_CMD,0
TM,EST_RAW,-20.24,EST_FILTERED,-20.24,EST_ANGLE,-20.22,EST_FILTER,ON,EST_FILTER_TYPE,MOVING_AVERAGE,EST_MA_WINDOW,1,EST_FILTER_STRENGTH,0.35
TM,EST_FUSION,ON,EST_GYRO_WEIGHT,0.98,EST_VALID,1
TM,SUN_L,3510,SUN_R,3640,SUN_NDV,-0.0182,SUN_ANGLE,-20.12
TM,MAG_X,-18.85,MAG_Y,28.34,MAG_Z,-12.61,MAG_HEADING,123.63
TM,GYRO_X,-1.041,GYRO_Y,-2.345,GYRO_Z,-0.102,BODY_RATE,0.102
TM,ADCS_MODE,MANUAL,ADCS_REFERENCE,SUN,TARGET,0.00,POINTING_ERROR,20.20,SUN_ERROR,20.25,MAG_ERROR,-123.63,GYRO_Z,-0.050,RW_CMD,0
TM,EST_RAW,-20.25,EST_FILTERED,-20.25,EST_ANGLE,-20.20,EST_FILTER,ON,EST_FILTER_TYPE,MOVING_AVERAGE,EST_MA_WINDOW,1,EST_FILTER_STRENGTH,0.35
TM,EST_FUSION,ON,EST_GYRO_WEIGHT,0.98,EST_VALID,1
TM,SUN_L,3510,SUN_R,3639,SUN_NDV,-0.0180,SUN_ANGLE,-20.24
TM,MAG_X,-18.72,MAG_Y,28.50,MAG_Z,-12.56,MAG_HEADING,123.30
TM,GYRO_X,-0.971,GYRO_Y,-2.266,GYRO_Z,0.152,BODY_RATE,-0.152
TM,ADCS_MODE,MANUAL,ADCS_REFERENCE,SUN,TARGET,0.00,POINTING_ERROR,20.18,SUN_ERROR,20.11,MAG_ERROR,-123.70,GYRO_Z,-0.102,RW_CMD,0
TM,EST_RAW,-20.11,EST_FILTERED,-20.11,EST_ANGLE,-20.18,EST_FILTER,ON,EST_FILTER_TYPE,MOVING_AVERAGE,EST_MA_WINDOW,1,EST_FILTER_STRENGTH,0.35
TM,EST_FUSION,ON,EST_GYRO_WEIGHT,0.98,EST_VALID,1
TM,SUN_L,3511,SUN_R,3640,SUN_NDV,-0.0180,SUN_ANGLE,-20.08
TM,MAG_X,-18.91,MAG_Y,28.37,MAG_Z,-12.64,MAG_HEADING,123.69
TM,GYRO_X,-1.050,GYRO_Y,-2.266,GYRO_Z,-0.128,BODY_RATE,0.128
TM,ADCS_MODE,MANUAL,ADCS_REFERENCE,SUN,TARGET,0.00,POINTING_ERROR,20.16,SUN_ERROR,20.08,MAG_ERROR,-123.58,GYRO_Z,-0.085,RW_CMD,0
TM,EST_RAW,-20.08,EST_FILTERED,-20.08,EST_ANGLE,-20.16,EST_FILTER,ON,EST_FILTER_TYPE,MOVING_AVERAGE,EST_MA_WINDOW,1,EST_FILTER_STRENGTH,0.35
TM,EST_FUSION,ON,EST_GYRO_WEIGHT,0.98,EST_VALID,1
TM,SUN_L,3510,SUN_R,3639,SUN_NDV,-0.0180,SUN_ANGLE,-20.12
TM,MAG_X,-18.86,MAG_Y,28.42,MAG_Z,-12.50,MAG_HEADING,123.58
TM,GYRO_X,-1.059,GYRO_Y,-2.266,GYRO_Z,0.003,BODY_RATE,-0.003
TM,SUN_L,3510,SUN_R,3639,SUN_NDV,-0.0180,SUN_ANGLE,-20.18
TM,MAG_X,-18.96,MAG_Y,28.42,MAG_Z,-12.34,MAG_HEADING,123.71
TM,GYRO_X,-0.814,GYRO_Y,-2.266,GYRO_Z,0.012,BODY_RATE,-0.012
TM,ADCS_MODE,MANUAL,ADCS_REFERENCE,SUN,TARGET,0.00,POINTING_ERROR,20.15,SUN_ERROR,20.29,MAG_ERROR,-123.71,GYRO_Z,0.152,RW_CMD,0
TM,EST_RAW,-20.29,EST_FILTERED,-20.29,EST_ANGLE,-20.15,EST_FILTER,ON,EST_FILTER_TYPE,MOVING_AVERAGE,EST_MA_WINDOW,1,EST_FILTER_STRENGTH,0.35
TM,EST_FUSION,ON,EST_GYRO_WEIGHT,0.98,EST_VALID,1
TM,SUN_L,3511,SUN_R,3639,SUN_NDV,-0.0179,SUN_ANGLE,-20.19
TM,MAG_X,-18.88,MAG_Y,28.42,MAG_Z,-12.37,MAG_HEADING,123.60
TM,GYRO_X,-1.015,GYRO_Y,-2.310,GYRO_Z,-0.032,BODY_RATE,0.032
TM,ADCS_MODE,MANUAL,ADCS_REFERENCE,SUN,TARGET,0.00,POINTING_ERROR,20.17,SUN_ERROR,20.24,MAG_ERROR,-123.62,GYRO_Z,0.012,RW_CMD,0
TM,EST_RAW,-20.24,EST_FILTERED,-20.24,EST_ANGLE,-20.17,EST_FILTER,ON,EST_FILTER_TYPE,MOVING_AVERAGE,EST_MA_WINDOW,1,EST_FILTER_STRENGTH,0.35
TM,EST_FUSION,ON,EST_GYRO_WEIGHT,0.98,EST_VALID,1
TM,SUN_L,3510,SUN_R,3639,SUN_NDV,-0.0180,SUN_ANGLE,-20.08
TM,MAG_X,-18.88,MAG_Y,28.45,MAG_Z,-12.50,MAG_HEADING,123.57
TM,GYRO_X,-1.094,GYRO_Y,-2.056,GYRO_Z,-0.006,BODY_RATE,0.006
TM,ADCS_MODE,MANUAL,ADCS_REFERENCE,SUN,TARGET,0.00,POINTING_ERROR,20.14,SUN_ERROR,20.18,MAG_ERROR,-123.57,GYRO_Z,-0.146,RW_CMD,0
TM,EST_RAW,-20.18,EST_FILTERED,-20.18,EST_ANGLE,-20.14,EST_FILTER,ON,EST_FILTER_TYPE,MOVING_AVERAGE,EST_MA_WINDOW,1,EST_FILTER_STRENGTH,0.35
TM,EST_FUSION,ON,EST_GYRO_WEIGHT,0.98,EST_VALID,1
TM,SUN_L,3509,SUN_R,3638,SUN_NDV,-0.0180,SUN_ANGLE,-20.18
TM,MAG_X,-18.85,MAG_Y,28.46,MAG_Z,-12.51,MAG_HEADING,123.51
TM,GYRO_X,-0.910,GYRO_Y,-2.310,GYRO_Z,-0.181,BODY_RATE,0.181
TM,ADCS_MODE,MANUAL,ADCS_REFERENCE,SUN,TARGET,0.00,POINTING_ERROR,20.15,SUN_ERROR,20.29,MAG_ERROR,-123.37,GYRO_Z,-0.181,RW_CMD,0
TM,EST_RAW,-20.29,EST_FILTERED,-20.29,EST_ANGLE,-20.15,EST_FILTER,ON,EST_FILTER_TYPE,MOVING_AVERAGE,EST_MA_WINDOW,1,EST_FILTER_STRENGTH,0.35
TM,EST_FUSION,ON,EST_GYRO_WEIGHT,0.98,EST_VALID,1
TM,SUN_L,3511,SUN_R,3639,SUN_NDV,-0.0179,SUN_ANGLE,-20.23
TM,MAG_X,-18.70,MAG_Y,28.40,MAG_Z,-12.48,MAG_HEADING,123.37
TM,GYRO_X,-0.718,GYRO_Y,-2.555,GYRO_Z,-0.102,BODY_RATE,0.102
TM,SUN_L,3508,SUN_R,3639,SUN_NDV,-0.0183,SUN_ANGLE,-20.22
TM,MAG_X,-18.96,MAG_Y,28.37,MAG_Z,-12.62,MAG_HEADING,123.76
TM,GYRO_X,-0.805,GYRO_Y,-2.494,GYRO_Z,0.117,BODY_RATE,-0.117
TM,ADCS_MODE,MANUAL,ADCS_REFERENCE,SUN,TARGET,0.00,POINTING_ERROR,20.19,SUN_ERROR,20.24,MAG_ERROR,-123.76,GYRO_Z,0.160,RW_CMD,0
TM,EST_RAW,-20.24,EST_FILTERED,-20.24,EST_ANGLE,-20.19,EST_FILTER,ON,EST_FILTER_TYPE,MOVING_AVERAGE,EST_MA_WINDOW,1,EST_FILTER_STRENGTH,0.35
TM,EST_FUSION,ON,EST_GYRO_WEIGHT,0.98,EST_VALID,1
TM,SUN_L,3509,SUN_R,3638,SUN_NDV,-0.0180,SUN_ANGLE,-20.36
TM,MAG_X,-18.91,MAG_Y,28.40,MAG_Z,-12.64,MAG_HEADING,123.66
TM,GYRO_X,-0.761,GYRO_Y,-2.503,GYRO_Z,0.020,BODY_RATE,-0.020
TM,ADCS_MODE,MANUAL,ADCS_REFERENCE,SUN,TARGET,0.00,POINTING_ERROR,20.16,SUN_ERROR,20.18,MAG_ERROR,-123.66,GYRO_Z,-0.190,RW_CMD,0
TM,EST_RAW,-20.18,EST_FILTERED,-20.18,EST_ANGLE,-20.16,EST_FILTER,ON,EST_FILTER_TYPE,MOVING_AVERAGE,EST_MA_WINDOW,1,EST_FILTER_STRENGTH,0.35
TM,EST_FUSION,ON,EST_GYRO_WEIGHT,0.98,EST_VALID,1
TM,SUN_L,3510,SUN_R,3638,SUN_NDV,-0.0179,SUN_ANGLE,-19.88
TM,MAG_X,-18.99,MAG_Y,28.40,MAG_Z,-12.48,MAG_HEADING,123.77
TM,GYRO_X,-0.892,GYRO_Y,-2.354,GYRO_Z,-0.163,BODY_RATE,0.163
TM,ADCS_MODE,MANUAL,ADCS_REFERENCE,SUN,TARGET,0.00,POINTING_ERROR,20.13,SUN_ERROR,20.15,MAG_ERROR,-123.62,GYRO_Z,0.108,RW_CMD,0
TM,EST_RAW,-20.15,EST_FILTERED,-20.15,EST_ANGLE,-20.13,EST_FILTER,ON,EST_FILTER_TYPE,MOVING_AVERAGE,EST_MA_WINDOW,1,EST_FILTER_STRENGTH,0.35
TM,EST_FUSION,ON,EST_GYRO_WEIGHT,0.98,EST_VALID,1
TM,SUN_L,3510,SUN_R,3639,SUN_NDV,-0.0180,SUN_ANGLE,-20.05
TM,MAG_X,-18.83,MAG_Y,28.32,MAG_Z,-12.46,MAG_HEADING,123.62
TM,GYRO_X,-1.138,GYRO_Y,-2.161,GYRO_Z,0.064,BODY_RATE,-0.064
TM,ADCS_MODE,MANUAL,ADCS_REFERENCE,SUN,TARGET,0.00,POINTING_ERROR,20.07,SUN_ERROR,20.02,MAG_ERROR,-123.35,GYRO_Z,-0.251,RW_CMD,0
TM,EST_RAW,-20.02,EST_FILTERED,-20.02,EST_ANGLE,-20.07,EST_FILTER,ON,EST_FILTER_TYPE,MOVING_AVERAGE,EST_MA_WINDOW,1,EST_FILTER_STRENGTH,0.35
TM,EST_FUSION,ON,EST_GYRO_WEIGHT,0.98,EST_VALID,1
TM,SUN_L,3511,SUN_R,3638,SUN_NDV,-0.0178,SUN_ANGLE,-19.93
TM,MAG_X,-18.86,MAG_Y,28.37,MAG_Z,-12.48,MAG_HEADING,123.62
TM,GYRO_X,-0.796,GYRO_Y,-2.328,GYRO_Z,0.012,BODY_RATE,-0.012
TM,SUN_L,3512,SUN_R,3639,SUN_NDV,-0.0178,SUN_ANGLE,-19.81
TM,MAG_X,-18.98,MAG_Y,28.32,MAG_Z,-12.42,MAG_HEADING,123.82
TM,GYRO_X,-1.024,GYRO_Y,-2.223,GYRO_Z,-0.076,BODY_RATE,0.076
TM,ADCS_MODE,MANUAL,ADCS_REFERENCE,SUN,TARGET,0.00,POINTING_ERROR,20.04,SUN_ERROR,19.81,MAG_ERROR,-123.82,GYRO_Z,-0.041,RW_CMD,0
TM,EST_RAW,-19.81,EST_FILTERED,-19.81,EST_ANGLE,-20.04,EST_FILTER,ON,EST_FILTER_TYPE,MOVING_AVERAGE,EST_MA_WINDOW,1,EST_FILTER_STRENGTH,0.35
TM,EST_FUSION,ON,EST_GYRO_WEIGHT,0.98,EST_VALID,1
TM,SUN_L,3511,SUN_R,3640,SUN_NDV,-0.0180,SUN_ANGLE,-20.02
TM,MAG_X,-18.93,MAG_Y,28.34,MAG_Z,-12.37,MAG_HEADING,123.74
TM,GYRO_X,-0.831,GYRO_Y,-2.467,GYRO_Z,-0.251,BODY_RATE,0.251
TM,ADCS_MODE,MANUAL,ADCS_REFERENCE,SUN,TARGET,0.00,POINTING_ERROR,20.00,SUN_ERROR,19.93,MAG_ERROR,-123.68,GYRO_Z,-0.023,RW_CMD,0
TM,EST_RAW,-19.93,EST_FILTERED,-19.93,EST_ANGLE,-20.00,EST_FILTER,ON,EST_FILTER_TYPE,MOVING_AVERAGE,EST_MA_WINDOW,1,EST_FILTER_STRENGTH,0.35
TM,EST_FUSION,ON,EST_GYRO_WEIGHT,0.98,EST_VALID,1
TM,SUN_L,3511,SUN_R,3639,SUN_NDV,-0.0179,SUN_ANGLE,-19.99
TM,MAG_X,-18.90,MAG_Y,28.35,MAG_Z,-12.53,MAG_HEADING,123.68
TM,GYRO_X,-0.805,GYRO_Y,-2.380,GYRO_Z,-0.181,BODY_RATE,0.181
TM,ADCS_MODE,MANUAL,ADCS_REFERENCE,SUN,TARGET,0.00,POINTING_ERROR,19.98,SUN_ERROR,20.01,MAG_ERROR,-123.55,GYRO_Z,-0.015,RW_CMD,0
TM,EST_RAW,-20.01,EST_FILTERED,-20.01,EST_ANGLE,-19.98,EST_FILTER,ON,EST_FILTER_TYPE,MOVING_AVERAGE,EST_MA_WINDOW,1,EST_FILTER_STRENGTH,0.35
TM,EST_FUSION,ON,EST_GYRO_WEIGHT,0.98,EST_VALID,1
TM,SUN_L,3512,SUN_R,3639,SUN_NDV,-0.0178,SUN_ANGLE,-19.87
TM,MAG_X,-19.02,MAG_Y,28.26,MAG_Z,-12.38,MAG_HEADING,123.95
TM,GYRO_X,-0.831,GYRO_Y,-2.415,GYRO_Z,0.160,BODY_RATE,-0.160
TM,ADCS_MODE,MANUAL,ADCS_REFERENCE,SUN,TARGET,0.00,POINTING_ERROR,19.97,SUN_ERROR,20.07,MAG_ERROR,-123.65,GYRO_Z,0.012,RW_CMD,0
TM,EST_RAW,-20.07,EST_FILTERED,-20.07,EST_ANGLE,-19.97,EST_FILTER,ON,EST_FILTER_TYPE,MOVING_AVERAGE,EST_MA_WINDOW,1,EST_FILTER_STRENGTH,0.35
TM,EST_FUSION,ON,EST_GYRO_WEIGHT,0.98,EST_VALID,1
TM,SUN_L,3512,SUN_R,3639,SUN_NDV,-0.0178,SUN_ANGLE,-19.88
TM,MAG_X,-18.78,MAG_Y,28.22,MAG_Z,-12.37,MAG_HEADING,123.65
TM,GYRO_X,-0.971,GYRO_Y,-2.354,GYRO_Z,-0.137,BODY_RATE,0.137
TM,SUN_L,3511,SUN_R,3639,SUN_NDV,-0.0179,SUN_ANGLE,-19.99
TM,MAG_X,-18.91,MAG_Y,28.16,MAG_Z,-12.38,MAG_HEADING,123.88
TM,GYRO_X,-0.910,GYRO_Y,-2.301,GYRO_Z,0.117,BODY_RATE,-0.117
TM,ADCS_MODE,MANUAL,ADCS_REFERENCE,SUN,TARGET,0.00,POINTING_ERROR,19.96,SUN_ERROR,20.01,MAG_ERROR,-123.88,GYRO_Z,-0.120,RW_CMD,0
TM,EST_RAW,-20.01,EST_FILTERED,-20.01,EST_ANGLE,-19.96,EST_FILTER,ON,EST_FILTER_TYPE,MOVING_AVERAGE,EST_MA_WINDOW,1,EST_FILTER_STRENGTH,0.35
TM,EST_FUSION,ON,EST_GYRO_WEIGHT,0.98,EST_VALID,1
TM,SUN_L,3511,SUN_R,3640,SUN_NDV,-0.0180,SUN_ANGLE,-20.10
TM,MAG_X,-18.88,MAG_Y,28.14,MAG_Z,-12.27,MAG_HEADING,123.86
TM,GYRO_X,-0.875,GYRO_Y,-2.293,GYRO_Z,-0.190,BODY_RATE,0.190
TM,ADCS_MODE,MANUAL,ADCS_REFERENCE,SUN,TARGET,0.00,POINTING_ERROR,19.95,SUN_ERROR,19.97,MAG_ERROR,-123.86,GYRO_Z,-0.006,RW_CMD,0
TM,EST_RAW,-19.97,EST_FILTERED,-19.97,EST_ANGLE,-19.95,EST_FILTER,ON,EST_FILTER_TYPE,MOVING_AVERAGE,EST_MA_WINDOW,1,EST_FILTER_STRENGTH,0.35
TM,EST_FUSION,ON,EST_GYRO_WEIGHT,0.98,EST_VALID,1
TM,SUN_L,3512,SUN_R,3640,SUN_NDV,-0.0179,SUN_ANGLE,-19.91
TM,MAG_X,-18.88,MAG_Y,28.22,MAG_Z,-12.34,MAG_HEADING,123.78
TM,GYRO_X,-0.726,GYRO_Y,-2.310,GYRO_Z,0.265,BODY_RATE,-0.265
TM,ADCS_MODE,MANUAL,ADCS_REFERENCE,SUN,TARGET,0.00,POINTING_ERROR,19.94,SUN_ERROR,19.97,MAG_ERROR,-123.85,GYRO_Z,-0.085,RW_CMD,0
TM,EST_RAW,-19.97,EST_FILTERED,-19.97,EST_ANGLE,-19.94,EST_FILTER,ON,EST_FILTER_TYPE,MOVING_AVERAGE,EST_MA_WINDOW,1,EST_FILTER_STRENGTH,0.35
TM,EST_FUSION,ON,EST_GYRO_WEIGHT,0.98,EST_VALID,1
TM,SUN_L,3511,SUN_R,3639,SUN_NDV,-0.0179,SUN_ANGLE,-19.83
TM,MAG_X,-18.93,MAG_Y,28.22,MAG_Z,-12.19,MAG_HEADING,123.85
TM,GYRO_X,-0.849,GYRO_Y,-2.310,GYRO_Z,-0.032,BODY_RATE,0.032
TM,ADCS_MODE,MANUAL,ADCS_REFERENCE,SUN,TARGET,0.00,POINTING_ERROR,19.91,SUN_ERROR,19.99,MAG_ERROR,-123.82,GYRO_Z,0.020,RW_CMD,0
TM,EST_RAW,-19.99,EST_FILTERED,-19.99,EST_ANGLE,-19.91,EST_FILTER,ON,EST_FILTER_TYPE,MOVING_AVERAGE,EST_MA_WINDOW,1,EST_FILTER_STRENGTH,0.35
TM,EST_FUSION,ON,EST_GYRO_WEIGHT,0.98,EST_VALID,1
TM,SUN_L,3512,SUN_R,3638,SUN_NDV,-0.0176,SUN_ANGLE,-19.80
TM,MAG_X,-18.90,MAG_Y,28.21,MAG_Z,-12.30,MAG_HEADING,123.82
TM,GYRO_X,-0.814,GYRO_Y,-2.476,GYRO_Z,0.099,BODY_RATE,-0.099
TM,SUN_L,3511,SUN_R,3638,SUN_NDV,-0.0178,SUN_ANGLE,-19.87
TM,MAG_X,-18.99,MAG_Y,28.26,MAG_Z,-12.08,MAG_HEADING,123.91
TM,GYRO_X,-1.033,GYRO_Y,-2.240,GYRO_Z,-0.111,BODY_RATE,0.111
TM,ADCS_MODE,MANUAL,ADCS_REFERENCE,SUN,TARGET,0.00,POINTING_ERROR,19.91,SUN_ERROR,19.84,MAG_ERROR,-123.91,GYRO_Z,-0.015,RW_CMD,0
TM,EST_RAW,-19.84,EST_FILTERED,-19.84,EST_ANGLE,-19.91,EST_FILTER,ON,EST_FILTER_TYPE,MOVING_AVERAGE,EST_MA_WINDOW,1,EST_FILTER_STRENGTH,0.35
TM,EST_FUSION,ON,EST_GYRO_WEIGHT,0.98,EST_VALID,1
TM,SUN_L,3511,SUN_R,3639,SUN_NDV,-0.0179,SUN_ANGLE,-19.84
TM,MAG_X,-18.96,MAG_Y,28.11,MAG_Z,-12.11,MAG_HEADING,124.00
TM,GYRO_X,-0.866,GYRO_Y,-2.511,GYRO_Z,-0.032,BODY_RATE,0.032
TM,ADCS_MODE,MANUAL,ADCS_REFERENCE,SUN,TARGET,0.00,POINTING_ERROR,19.90,SUN_ERROR,19.98,MAG_ERROR,-124.00,GYRO_Z,0.038,RW_CMD,0
TM,EST_RAW,-19.98,EST_FILTERED,-19.98,EST_ANGLE,-19.90,EST_FILTER,ON,EST_FILTER_TYPE,MOVING_AVERAGE,EST_MA_WINDOW,1,EST_FILTER_STRENGTH,0.35
TM,EST_FUSION,ON,EST_GYRO_WEIGHT,0.98,EST_VALID,1
TM,SUN_L,3511,SUN_R,3639,SUN_NDV,-0.0179,SUN_ANGLE,-19.92
TM,MAG_X,-18.91,MAG_Y,28.18,MAG_Z,-12.16,MAG_HEADING,123.87
TM,GYRO_X,-1.155,GYRO_Y,-2.091,GYRO_Z,0.187,BODY_RATE,-0.187
TM,ADCS_MODE,MANUAL,ADCS_REFERENCE,SUN,TARGET,0.00,POINTING_ERROR,19.90,SUN_ERROR,19.91,MAG_ERROR,-123.79,GYRO_Z,0.143,RW_CMD,0
TM,EST_RAW,-19.91,EST_FILTERED,-19.91,EST_ANGLE,-19.90,EST_FILTER,ON,EST_FILTER_TYPE,MOVING_AVERAGE,EST_MA_WINDOW,1,EST_FILTER_STRENGTH,0.35
TM,EST_FUSION,ON,EST_GYRO_WEIGHT,0.98,EST_VALID,1
TM,SUN_L,3512,SUN_R,3640,SUN_NDV,-0.0179,SUN_ANGLE,-19.90
TM,MAG_X,-18.90,MAG_Y,28.24,MAG_Z,-12.22,MAG_HEADING,123.79
TM,GYRO_X,-0.962,GYRO_Y,-2.424,GYRO_Z,0.055,BODY_RATE,-0.055
TM,ADCS_MODE,MANUAL,ADCS_REFERENCE,SUN,TARGET,0.00,POINTING_ERROR,19.87,SUN_ERROR,19.88,MAG_ERROR,-123.88,GYRO_Z,-0.050,RW_CMD,0
TM,EST_RAW,-19.88,EST_FILTERED,-19.88,EST_ANGLE,-19.87,EST_FILTER,ON,EST_FILTER_TYPE,MOVING_AVERAGE,EST_MA_WINDOW,1,EST_FILTER_STRENGTH,0.35
TM,EST_FUSION,ON,EST_GYRO_WEIGHT,0.98,EST_VALID,1
TM,SUN_L,3512,SUN_R,3640,SUN_NDV,-0.0179,SUN_ANGLE,-19.78
TM,MAG_X,-18.98,MAG_Y,28.11,MAG_Z,-12.29,MAG_HEADING,124.02
TM,GYRO_X,-1.015,GYRO_Y,-2.503,GYRO_Z,-0.137,BODY_RATE,0.137
TM,SUN_L,3513,SUN_R,3640,SUN_NDV,-0.0178,SUN_ANGLE,-19.81
TM,MAG_X,-18.98,MAG_Y,28.16,MAG_Z,-12.13,MAG_HEADING,123.97
TM,GYRO_X,-0.831,GYRO_Y,-2.467,GYRO_Z,-0.190,BODY_RATE,0.190
TM,ADCS_MODE,MANUAL,ADCS_REFERENCE,SUN,TARGET,0.00,POINTING_ERROR,19.84,SUN_ERROR,19.69,MAG_ERROR,-123.97,GYRO_Z,-0.242,RW_CMD,0
TM,EST_RAW,-19.69,EST_FILTERED,-19.69,EST_ANGLE,-19.84,EST_FILTER,ON,EST_FILTER_TYPE,MOVING_AVERAGE,EST_MA_WINDOW,1,EST_FILTER_STRENGTH,0.35
TM,EST_FUSION,ON,EST_GYRO_WEIGHT,0.98,EST_VALID,1
TM,SUN_L,3512,SUN_R,3640,SUN_NDV,-0.0179,SUN_ANGLE,-20.06
TM,MAG_X,-18.96,MAG_Y,28.18,MAG_Z,-11.97,MAG_HEADING,123.94
TM,GYRO_X,-0.962,GYRO_Y,-2.336,GYRO_Z,0.178,BODY_RATE,-0.178
TM,ADCS_MODE,MANUAL,ADCS_REFERENCE,SUN,TARGET,0.00,POINTING_ERROR,19.85,SUN_ERROR,20.03,MAG_ERROR,-124.22,GYRO_Z,-0.181,RW_CMD,0
TM,EST_RAW,-20.03,EST_FILTERED,-20.03,EST_ANGLE,-19.85,EST_FILTER,ON,EST_FILTER_TYPE,MOVING_AVERAGE,EST_MA_WINDOW,1,EST_FILTER_STRENGTH,0.35
TM,EST_FUSION,ON,EST_GYRO_WEIGHT,0.98,EST_VALID,1
TM,SUN_L,3507,SUN_R,3640,SUN_NDV,-0.0186,SUN_ANGLE,-20.36
TM,MAG_X,-18.96,MAG_Y,28.13,MAG_Z,-12.19,MAG_HEADING,123.98
TM,GYRO_X,-1.085,GYRO_Y,-2.293,GYRO_Z,0.353,BODY_RATE,-0.353
TM,ADCS_MODE,MANUAL,ADCS_REFERENCE,SUN,TARGET,0.00,POINTING_ERROR,19.93,SUN_ERROR,20.36,MAG_ERROR,-123.98,GYRO_Z,-0.163,RW_CMD,0
TM,EST_RAW,-20.36,EST_FILTERED,-20.36,EST_ANGLE,-19.93,EST_FILTER,ON,EST_FILTER_TYPE,MOVING_AVERAGE,EST_MA_WINDOW,1,EST_FILTER_STRENGTH,0.35
TM,EST_FUSION,ON,EST_GYRO_WEIGHT,0.98,EST_VALID,1
TM,SUN_L,3509,SUN_R,3639,SUN_NDV,-0.0182,SUN_ANGLE,-20.44
TM,MAG_X,-18.94,MAG_Y,28.03,MAG_Z,-12.19,MAG_HEADING,124.05
TM,GYRO_X,-0.858,GYRO_Y,-2.362,GYRO_Z,-0.137,BODY_RATE,0.137
TM,ADCS_MODE,MANUAL,ADCS_REFERENCE,SUN,TARGET,0.00,POINTING_ERROR,20.01,SUN_ERROR,20.21,MAG_ERROR,-123.99,GYRO_Z,0.125,RW_CMD,0
TM,EST_RAW,-20.21,EST_FILTERED,-20.21,EST_ANGLE,-20.01,EST_FILTER,ON,EST_FILTER_TYPE,MOVING_AVERAGE,EST_MA_WINDOW,1,EST_FILTER_STRENGTH,0.35
TM,EST_FUSION,ON,EST_GYRO_WEIGHT,0.98,EST_VALID,1
TM,SUN_L,3509,SUN_R,3641,SUN_NDV,-0.0185,SUN_ANGLE,-20.00
TM,MAG_X,-18.98,MAG_Y,28.14,MAG_Z,-12.21,MAG_HEADING,123.99
TM,GYRO_X,-1.138,GYRO_Y,-2.275,GYRO_Z,0.125,BODY_RATE,-0.125
TM,SUN_L,3510,SUN_R,3640,SUN_NDV,-0.0182,SUN_ANGLE,-20.33
TM,MAG_X,-18.90,MAG_Y,28.05,MAG_Z,-12.16,MAG_HEADING,123.97
TM,GYRO_X,-0.884,GYRO_Y,-2.249,GYRO_Z,0.038,BODY_RATE,-0.038
TM,ADCS_MODE,MANUAL,ADCS_REFERENCE,SUN,TARGET,0.00,POINTING_ERROR,20.04,SUN_ERROR,20.33,MAG_ERROR,-123.97,GYRO_Z,0.003,RW_CMD,0
TM,EST_RAW,-20.33,EST_FILTERED,-20.33,EST_ANGLE,-20.04,EST_FILTER,ON,EST_FILTER_TYPE,MOVING_AVERAGE,EST_MA_WINDOW,1,EST_FILTER_STRENGTH,0.35
TM,EST_FUSION,ON,EST_GYRO_WEIGHT,0.98,EST_VALID,1
TM,SUN_L,3511,SUN_R,3640,SUN_NDV,-0.0180,SUN_ANGLE,-19.98
TM,MAG_X,-18.93,MAG_Y,28.03,MAG_Z,-12.18,MAG_HEADING,124.03
TM,GYRO_X,-0.980,GYRO_Y,-2.450,GYRO_Z,-0.093,BODY_RATE,0.093
TM,ADCS_MODE,MANUAL,ADCS_REFERENCE,SUN,TARGET,0.00,POINTING_ERROR,20.04,SUN_ERROR,20.13,MAG_ERROR,-124.03,GYRO_Z,-0.085,RW_CMD,0
TM,EST_RAW,-20.13,EST_FILTERED,-20.13,EST_ANGLE,-20.04,EST_FILTER,ON,EST_FILTER_TYPE,MOVING_AVERAGE,EST_MA_WINDOW,1,EST_FILTER_STRENGTH,0.35
TM,EST_FUSION,ON,EST_GYRO_WEIGHT,0.98,EST_VALID,1
TM,SUN_L,3513,SUN_R,3642,SUN_NDV,-0.0180,SUN_ANGLE,-19.92
TM,MAG_X,-18.96,MAG_Y,28.21,MAG_Z,-12.14,MAG_HEADING,123.91
TM,GYRO_X,-1.102,GYRO_Y,-2.249,GYRO_Z,-0.128,BODY_RATE,0.128
TM,ADCS_MODE,MANUAL,ADCS_REFERENCE,SUN,TARGET,0.00,POINTING_ERROR,20.02,SUN_ERROR,19.96,MAG_ERROR,-124.13,GYRO_Z,-0.067,RW_CMD,0
TM,EST_RAW,-19.96,EST_FILTERED,-19.96,EST_ANGLE,-20.02,EST_FILTER,ON,EST_FILTER_TYPE,MOVING_AVERAGE,EST_MA_WINDOW,1,EST_FILTER_STRENGTH,0.35
TM,EST_FUSION,ON,EST_GYRO_WEIGHT,0.98,EST_VALID,1
TM,SUN_L,3512,SUN_R,3642,SUN_NDV,-0.0182,SUN_ANGLE,-20.23
TM,MAG_X,-18.99,MAG_Y,28.02,MAG_Z,-12.13,MAG_HEADING,124.13
TM,GYRO_X,-0.962,GYRO_Y,-2.537,GYRO_Z,0.099,BODY_RATE,-0.099
TM,ADCS_MODE,MANUAL,ADCS_REFERENCE,SUN,TARGET,0.00,POINTING_ERROR,20.03,SUN_ERROR,20.17,MAG_ERROR,-123.98,GYRO_Z,-0.120,RW_CMD,0
TM,EST_RAW,-20.17,EST_FILTERED,-20.17,EST_ANGLE,-20.03,EST_FILTER,ON,EST_FILTER_TYPE,MOVING_AVERAGE,EST_MA_WINDOW,1,EST_FILTER_STRENGTH,0.35
TM,EST_FUSION,ON,EST_GYRO_WEIGHT,0.98,EST_VALID,1
TM,SUN_L,3509,SUN_R,3640,SUN_NDV,-0.0183,SUN_ANGLE,-20.27
TM,MAG_X,-18.90,MAG_Y,28.03,MAG_Z,-12.06,MAG_HEADING,123.98
TM,GYRO_X,-0.962,GYRO_Y,-2.389,GYRO_Z,0.090,BODY_RATE,-0.090
TM,SUN_L,3510,SUN_R,3641,SUN_NDV,-0.0183,SUN_ANGLE,-20.61
TM,MAG_X,-18.94,MAG_Y,28.02,MAG_Z,-12.14,MAG_HEADING,124.07
TM,GYRO_X,-0.884,GYRO_Y,-2.336,GYRO_Z,-0.102,BODY_RATE,0.102
TM,ADCS_MODE,MANUAL,ADCS_REFERENCE,SUN,TARGET,0.00,POINTING_ERROR,20.09,SUN_ERROR,20.34,MAG_ERROR,-124.07,GYRO_Z,0.160,RW_CMD,0
TM,EST_RAW,-20.34,EST_FILTERED,-20.34,EST_ANGLE,-20.09,EST_FILTER,ON,EST_FILTER_TYPE,MOVING_AVERAGE,EST_MA_WINDOW,1,EST_FILTER_STRENGTH,0.35
TM,EST_FUSION,ON,EST_GYRO_WEIGHT,0.98,EST_VALID,1
TM,SUN_L,3511,SUN_R,3640,SUN_NDV,-0.0180,SUN_ANGLE,-20.40
TM,MAG_X,-19.07,MAG_Y,28.02,MAG_Z,-11.95,MAG_HEADING,124.25
TM,GYRO_X,-0.971,GYRO_Y,-2.564,GYRO_Z,-0.181,BODY_RATE,0.181
TM,ADCS_MODE,MANUAL,ADCS_REFERENCE,SUN,TARGET,0.00,POINTING_ERROR,20.15,SUN_ERROR,20.37,MAG_ERROR,-124.25,GYRO_Z,0.047,RW_CMD,0
TM,EST_RAW,-20.37,EST_FILTERED,-20.37,EST_ANGLE,-20.15,EST_FILTER,ON,EST_FILTER_TYPE,MOVING_AVERAGE,EST_MA_WINDOW,1,EST_FILTER_STRENGTH,0.35
TM,EST_FUSION,ON,EST_GYRO_WEIGHT,0.98,EST_VALID,1
TM,SUN_L,3509,SUN_R,3640,SUN_NDV,-0.0183,SUN_ANGLE,-20.52
TM,MAG_X,-19.06,MAG_Y,28.05,MAG_Z,-12.21,MAG_HEADING,124.19
TM,GYRO_X,-0.744,GYRO_Y,-2.564,GYRO_Z,-0.111,BODY_RATE,0.111
TM,ADCS_MODE,MANUAL,ADCS_REFERENCE,SUN,TARGET,0.00,POINTING_ERROR,20.20,SUN_ERROR,20.42,MAG_ERROR,-123.85,GYRO_Z,-0.277,RW_CMD,0
TM,EST_RAW,-20.42,EST_FILTERED,-20.42,EST_ANGLE,-20.20,EST_FILTER,ON,EST_FILTER_TYPE,MOVING_AVERAGE,EST_MA_WINDOW,1,EST_FILTER_STRENGTH,0.35
TM,EST_FUSION,ON,EST_GYRO_WEIGHT,0.98,EST_VALID,1
TM,SUN_L,3508,SUN_R,3640,SUN_NDV,-0.0185,SUN_ANGLE,-20.63
TM,MAG_X,-18.82,MAG_Y,28.08,MAG_Z,-12.05,MAG_HEADING,123.83
TM,GYRO_X,-0.928,GYRO_Y,-2.459,GYRO_Z,-0.102,BODY_RATE,0.102
TM,ADCS_MODE,MANUAL,ADCS_REFERENCE,SUN,TARGET,0.00,POINTING_ERROR,20.25,SUN_ERROR,20.57,MAG_ERROR,-124.10,GYRO_Z,0.213,RW_CMD,0
TM,EST_RAW,-20.57,EST_FILTERED,-20.57,EST_ANGLE,-20.25,EST_FILTER,ON,EST_FILTER_TYPE,MOVING_AVERAGE,EST_MA_WINDOW,1,EST_FILTER_STRENGTH,0.35
TM,EST_FUSION,ON,EST_GYRO_WEIGHT,0.98,EST_VALID,1
TM,SUN_L,3508,SUN_R,3641,SUN_NDV,-0.0186,SUN_ANGLE,-20.40
TM,MAG_X,-18.96,MAG_Y,28.00,MAG_Z,-12.06,MAG_HEADING,124.10
TM,GYRO_X,-1.356,GYRO_Y,-2.257,GYRO_Z,0.055,BODY_RATE,-0.055
TM,SUN_L,3510,SUN_R,3640,SUN_NDV,-0.0182,SUN_ANGLE,-20.44
TM,MAG_X,-19.02,MAG_Y,27.95,MAG_Z,-12.13,MAG_HEADING,124.24
TM,GYRO_X,-0.849,GYRO_Y,-2.328,GYRO_Z,-0.172,BODY_RATE,0.172
TM,ADCS_MODE,MANUAL,ADCS_REFERENCE,SUN,TARGET,0.00,POINTING_ERROR,20.30,SUN_ERROR,20.54,MAG_ERROR,-124.24,GYRO_Z,-0.102,RW_CMD,0
TM,EST_RAW,-20.54,EST_FILTERED,-20.54,EST_ANGLE,-20.30,EST_FILTER,ON,EST_FILTER_TYPE,MOVING_AVERAGE,EST_MA_WINDOW,1,EST_FILTER_STRENGTH,0.35
TM,EST_FUSION,ON,EST_GYRO_WEIGHT,0.98,EST_VALID,1
TM,SUN_L,3508,SUN_R,3640,SUN_NDV,-0.0185,SUN_ANGLE,-20.53
TM,MAG_X,-19.30,MAG_Y,27.95,MAG_Z,-11.94,MAG_HEADING,124.62
TM,GYRO_X,-1.015,GYRO_Y,-2.284,GYRO_Z,-0.041,BODY_RATE,0.041
TM,ADCS_MODE,MANUAL,ADCS_REFERENCE,SUN,TARGET,0.00,POINTING_ERROR,20.32,SUN_ERROR,20.46,MAG_ERROR,-123.96,GYRO_Z,-0.128,RW_CMD,0
TM,EST_RAW,-20.46,EST_FILTERED,-20.46,EST_ANGLE,-20.32,EST_FILTER,ON,EST_FILTER_TYPE,MOVING_AVERAGE,EST_MA_WINDOW,1,EST_FILTER_STRENGTH,0.35
TM,EST_FUSION,ON,EST_GYRO_WEIGHT,0.98,EST_VALID,1
TM,SUN_L,3509,SUN_R,3640,SUN_NDV,-0.0183,SUN_ANGLE,-20.33
TM,MAG_X,-19.01,MAG_Y,28.16,MAG_Z,-12.10,MAG_HEADING,124.02
TM,GYRO_X,-0.875,GYRO_Y,-2.170,GYRO_Z,-0.041,BODY_RATE,0.041
TM,ADCS_MODE,MANUAL,ADCS_REFERENCE,SUN,TARGET,0.00,POINTING_ERROR,20.35,SUN_ERROR,20.50,MAG_ERROR,-124.02,GYRO_Z,-0.093,RW_CMD,0
TM,EST_RAW,-20.50,EST_FILTERED,-20.50,EST_ANGLE,-20.35,EST_FILTER,ON,EST_FILTER_TYPE,MOVING_AVERAGE,EST_MA_WINDOW,1,EST_FILTER_STRENGTH,0.35
TM,EST_FUSION,ON,EST_GYRO_WEIGHT,0.98,EST_VALID,1
TM,SUN_L,3510,SUN_R,3640,SUN_NDV,-0.0182,SUN_ANGLE,-20.22
TM,MAG_X,-19.04,MAG_Y,28.05,MAG_Z,-11.98,MAG_HEADING,124.17
TM,GYRO_X,-0.989,GYRO_Y,-2.249,GYRO_Z,0.082,BODY_RATE,-0.082
TM,ADCS_MODE,MANUAL,ADCS_REFERENCE,SUN,TARGET,0.00,POINTING_ERROR,20.36,SUN_ERROR,20.43,MAG_ERROR,-124.01,GYRO_Z,-0.155,RW_CMD,0
TM,EST_RAW,-20.43,EST_FILTERED,-20.43,EST_ANGLE,-20.36,EST_FILTER,ON,EST_FILTER_TYPE,MOVING_AVERAGE,EST_MA_WINDOW,1,EST_FILTER_STRENGTH,0.35
TM,EST_FUSION,ON,EST_GYRO_WEIGHT,0.98,EST_VALID,1
TM,SUN_L,3509,SUN_R,3639,SUN_NDV,-0.0182,SUN_ANGLE,-20.63
TM,MAG_X,-18.99,MAG_Y,28.14,MAG_Z,-12.14,MAG_HEADING,124.01
TM,GYRO_X,-1.076,GYRO_Y,-2.039,GYRO_Z,-0.058,BODY_RATE,0.058
TM,SUN_L,3508,SUN_R,3639,SUN_NDV,-0.0183,SUN_ANGLE,-20.51
TM,MAG_X,-18.99,MAG_Y,27.95,MAG_Z,-11.92,MAG_HEADING,124.19
TM,GYRO_X,-0.761,GYRO_Y,-2.406,GYRO_Z,-0.251,BODY_RATE,0.251
TM,ADCS_MODE,MANUAL,ADCS_REFERENCE,SUN,TARGET,0.00,POINTING_ERROR,20.39,SUN_ERROR,20.54,MAG_ERROR,-124.19,GYRO_Z,-0.391,RW_CMD,0
TM,EST_RAW,-20.54,EST_FILTERED,-20.54,EST_ANGLE,-20.39,EST_FILTER,ON,EST_FILTER_TYPE,MOVING_AVERAGE,EST_MA_WINDOW,1,EST_FILTER_STRENGTH,0.35
TM,EST_FUSION,ON,EST_GYRO_WEIGHT,0.98,EST_VALID,1
TM,SUN_L,3507,SUN_R,3639,SUN_NDV,-0.0185,SUN_ANGLE,-20.39
TM,MAG_X,-19.01,MAG_Y,28.03,MAG_Z,-11.82,MAG_HEADING,124.14
TM,GYRO_X,-0.700,GYRO_Y,-2.678,GYRO_Z,-0.006,BODY_RATE,0.006
TM,ADCS_MODE,MANUAL,ADCS_REFERENCE,SUN,TARGET,0.00,POINTING_ERROR,20.39,SUN_ERROR,20.58,MAG_ERROR,-124.14,GYRO_Z,-0.277,RW_CMD,0
TM,EST_RAW,-20.58,EST_FILTERED,-20.58,EST_ANGLE,-20.39,EST_FILTER,ON,EST_FILTER_TYPE,MOVING_AVERAGE,EST_MA_WINDOW,1,EST_FILTER_STRENGTH,0.35
TM,EST_FUSION,ON,EST_GYRO_WEIGHT,0.98,EST_VALID,1
TM,SUN_L,3509,SUN_R,3640,SUN_NDV,-0.0183,SUN_ANGLE,-20.45
TM,MAG_X,-19.01,MAG_Y,28.13,MAG_Z,-12.21,MAG_HEADING,124.05
TM,GYRO_X,-0.709,GYRO_Y,-2.362,GYRO_Z,-0.032,BODY_RATE,0.032
TM,ADCS_MODE,MANUAL,ADCS_REFERENCE,SUN,TARGET,0.00,POINTING_ERROR,20.41,SUN_ERROR,20.59,MAG_ERROR,-124.19,GYRO_Z,0.003,RW_CMD,0
TM,EST_RAW,-20.59,EST_FILTERED,-20.59,EST_ANGLE,-20.41,EST_FILTER,ON,EST_FILTER_TYPE,MOVING_AVERAGE,EST_MA_WINDOW,1,EST_FILTER_STRENGTH,0.35
TM,EST_FUSION,ON,EST_GYRO_WEIGHT,0.98,EST_VALID,1
TM,SUN_L,3508,SUN_R,3641,SUN_NDV,-0.0186,SUN_ANGLE,-20.48
TM,MAG_X,-19.04,MAG_Y,28.03,MAG_Z,-12.19,MAG_HEADING,124.19
TM,GYRO_X,-0.910,GYRO_Y,-2.275,GYRO_Z,-0.050,BODY_RATE,0.050
TM,ADCS_MODE,MANUAL,ADCS_REFERENCE,SUN,TARGET,0.00,POINTING_ERROR,20.43,SUN_ERROR,20.42,MAG_ERROR,-124.47,GYRO_Z,-0.041,RW_CMD,0
TM,EST_RAW,-20.42,EST_FILTERED,-20.42,EST_ANGLE,-20.43,EST_FILTER,ON,EST_FILTER_TYPE,MOVING_AVERAGE,EST_MA_WINDOW,1,EST_FILTER_STRENGTH,0.35
TM,EST_FUSION,ON,EST_GYRO_WEIGHT,0.98,EST_VALID,1
TM,SUN_L,3508,SUN_R,3638,SUN_NDV,-0.0182,SUN_ANGLE,-20.61
TM,MAG_X,-18.98,MAG_Y,28.03,MAG_Z,-11.95,MAG_HEADING,124.10
TM,GYRO_X,-0.822,GYRO_Y,-2.520,GYRO_Z,0.020,BODY_RATE,-0.020
TM,SUN_L,3508,SUN_R,3640,SUN_NDV,-0.0185,SUN_ANGLE,-20.44
TM,MAG_X,-19.07,MAG_Y,28.10,MAG_Z,-12.13,MAG_HEADING,124.17
TM,GYRO_X,-0.709,GYRO_Y,-2.231,GYRO_Z,-0.251,BODY_RATE,0.251
TM,ADCS_MODE,MANUAL,ADCS_REFERENCE,SUN,TARGET,0.00,POINTING_ERROR,20.42,SUN_ERROR,20.44,MAG_ERROR,-124.17,GYRO_Z,0.160,RW_CMD,0
TM,EST_RAW,-20.44,EST_FILTERED,-20.44,EST_ANGLE,-20.42,EST_FILTER,ON,EST_FILTER_TYPE,MOVING_AVERAGE,EST_MA_WINDOW,1,EST_FILTER_STRENGTH,0.35
TM,EST_FUSION,ON,EST_GYRO_WEIGHT,0.98,EST_VALID,1
TM,SUN_L,3509,SUN_R,3639,SUN_NDV,-0.0182,SUN_ANGLE,-20.27
TM,MAG_X,-18.91,MAG_Y,27.98,MAG_Z,-12.27,MAG_HEADING,124.05
TM,GYRO_X,-0.884,GYRO_Y,-2.398,GYRO_Z,-0.041,BODY_RATE,0.041
TM,ADCS_MODE,MANUAL,ADCS_REFERENCE,SUN,TARGET,0.00,POINTING_ERROR,20.40,SUN_ERROR,20.36,MAG_ERROR,-123.93,GYRO_Z,0.117,RW_CMD,0
TM,EST_RAW,-20.36,EST_FILTERED,-20.36,EST_ANGLE,-20.40,EST_FILTER,ON,EST_FILTER_TYPE,MOVING_AVERAGE,EST_MA_WINDOW,1,EST_FILTER_STRENGTH,0.35
TM,EST_FUSION,ON,EST_GYRO_WEIGHT,0.98,EST_VALID,1
TM,SUN_L,3509,SUN_R,3640,SUN_NDV,-0.0183,SUN_ANGLE,-20.57
TM,MAG_X,-18.91,MAG_Y,28.11,MAG_Z,-12.00,MAG_HEADING,123.93
TM,GYRO_X,-0.954,GYRO_Y,-2.284,GYRO_Z,0.064,BODY_RATE,-0.064
TM,ADCS_MODE,MANUAL,ADCS_REFERENCE,SUN,TARGET,0.00,POINTING_ERROR,20.40,SUN_ERROR,20.70,MAG_ERROR,-123.99,GYRO_Z,0.064,RW_CMD,0
TM,EST_RAW,-20.70,EST_FILTERED,-20.70,EST_ANGLE,-20.40,EST_FILTER,ON,EST_FILTER_TYPE,MOVING_AVERAGE,EST_MA_WINDOW,1,EST_FILTER_STRENGTH,0.35
TM,EST_FUSION,ON,EST_GYRO_WEIGHT,0.98,EST_VALID,1
TM,SUN_L,3506,SUN_R,3638,SUN_NDV,-0.0185,SUN_ANGLE,-20.87
TM,MAG_X,-18.96,MAG_Y,28.02,MAG_Z,-11.98,MAG_HEADING,124.09
TM,GYRO_X,-1.347,GYRO_Y,-2.266,GYRO_Z,0.012,BODY_RATE,-0.012
TM,ADCS_MODE,MANUAL,ADCS_REFERENCE,SUN,TARGET,0.00,POINTING_ERROR,20.45,SUN_ERROR,20.65,MAG_ERROR,-123.92,GYRO_Z,0.012,RW_CMD,0
TM,EST_RAW,-20.65,EST_FILTERED,-20.65,EST_ANGLE,-20.45,EST_FILTER,ON,EST_FILTER_TYPE,MOVING_AVERAGE,EST_MA_WINDOW,1,EST_FILTER_STRENGTH,0.35
TM,EST_FUSION,ON,EST_GYRO_WEIGHT,0.98,EST_VALID,1
TM,SUN_L,3505,SUN_R,3639,SUN_NDV,-0.0188,SUN_ANGLE,-20.60
TM,MAG_X,-18.86,MAG_Y,28.05,MAG_Z,-12.26,MAG_HEADING,123.92
TM,GYRO_X,-0.919,GYRO_Y,-2.389,GYRO_Z,-0.006,BODY_RATE,0.006
TM,SUN_L,3504,SUN_R,3638,SUN_NDV,-0.0188,SUN_ANGLE,-20.55
TM,MAG_X,-19.14,MAG_Y,28.10,MAG_Z,-12.11,MAG_HEADING,124.26
TM,GYRO_X,-0.892,GYRO_Y,-2.126,GYRO_Z,0.187,BODY_RATE,-0.187
TM,ADCS_MODE,MANUAL,ADCS_REFERENCE,SUN,TARGET,0.00,POINTING_ERROR,20.48,SUN_ERROR,20.70,MAG_ERROR,-124.26,GYRO_Z,-0.093,RW_CMD,0
TM,EST_RAW,-20.70,EST_FILTERED,-20.70,EST_ANGLE,-20.48,EST_FILTER,ON,EST_FILTER_TYPE,MOVING_AVERAGE,EST_MA_WINDOW,1,EST_FILTER_STRENGTH,0.35
TM,EST_FUSION,ON,EST_GYRO_WEIGHT,0.98,EST_VALID,1
TM,SUN_L,3504,SUN_R,3639,SUN_NDV,-0.0189,SUN_ANGLE,-20.85
TM,MAG_X,-18.91,MAG_Y,28.21,MAG_Z,-11.89,MAG_HEADING,123.84
TM,GYRO_X,-1.067,GYRO_Y,-2.266,GYRO_Z,-0.295,BODY_RATE,0.295
TM,ADCS_MODE,MANUAL,ADCS_REFERENCE,SUN,TARGET,0.00,POINTING_ERROR,20.51,SUN_ERROR,20.65,MAG_ERROR,-123.84,GYRO_Z,0.012,RW_CMD,0
TM,EST_RAW,-20.65,EST_FILTERED,-20.65,EST_ANGLE,-20.51,EST_FILTER,ON,EST_FILTER_TYPE,MOVING_AVERAGE,EST_MA_WINDOW,1,EST_FILTER_STRENGTH,0.35
TM,EST_FUSION,ON,EST_GYRO_WEIGHT,0.98,EST_VALID,1
TM,SUN_L,3504,SUN_R,3639,SUN_NDV,-0.0189,SUN_ANGLE,-20.71
TM,MAG_X,-18.91,MAG_Y,27.97,MAG_Z,-12.06,MAG_HEADING,124.07
TM,GYRO_X,-0.989,GYRO_Y,-2.362,GYRO_Z,0.055,BODY_RATE,-0.055
TM,ADCS_MODE,MANUAL,ADCS_REFERENCE,SUN,TARGET,0.00,POINTING_ERROR,20.56,SUN_ERROR,20.89,MAG_ERROR,-124.11,GYRO_Z,0.020,RW_CMD,0
TM,EST_RAW,-20.89,EST_FILTERED,-20.89,EST_ANGLE,-20.56,EST_FILTER,ON,EST_FILTER_TYPE,MOVING_AVERAGE,EST_MA_WINDOW,1,EST_FILTER_STRENGTH,0.35
TM,EST_FUSION,ON,EST_GYRO_WEIGHT,0.98,EST_VALID,1
TM,SUN_L,3504,SUN_R,3639,SUN_NDV,-0.0189,SUN_ANGLE,-20.67
TM,MAG_X,-18.98,MAG_Y,28.02,MAG_Z,-12.19,MAG_HEADING,124.11
TM,GYRO_X,-1.006,GYRO_Y,-2.380,GYRO_Z,0.187,BODY_RATE,-0.187
TM,ADCS_MODE,MANUAL,ADCS_REFERENCE,SUN,TARGET,0.00,POINTING_ERROR,20.59,SUN_ERROR,20.63,MAG_ERROR,-124.08,GYRO_Z,-0.058,RW_CMD,0
TM,EST_RAW,-20.63,EST_FILTERED,-20.63,EST_ANGLE,-20.59,EST_FILTER,ON,EST_FILTER_TYPE,MOVING_AVERAGE,EST_MA_WINDOW,1,EST_FILTER_STRENGTH,0.35
TM,EST_FUSION,ON,EST_GYRO_WEIGHT,0.98,EST_VALID,1
TM,SUN_L,3504,SUN_R,3635,SUN_NDV,-0.0183,SUN_ANGLE,-20.68
TM,MAG_X,-18.94,MAG_Y,28.00,MAG_Z,-12.08,MAG_HEADING,124.08
TM,GYRO_X,-0.980,GYRO_Y,-2.433,GYRO_Z,-0.181,BODY_RATE,0.181
TM,SUN_L,3503,SUN_R,3638,SUN_NDV,-0.0189,SUN_ANGLE,-20.60
TM,MAG_X,-19.02,MAG_Y,28.00,MAG_Z,-12.06,MAG_HEADING,124.19
TM,GYRO_X,-1.164,GYRO_Y,-1.995,GYRO_Z,-0.155,BODY_RATE,0.155
TM,ADCS_MODE,MANUAL,ADCS_REFERENCE,SUN,TARGET,0.00,POINTING_ERROR,20.59,SUN_ERROR,20.72,MAG_ERROR,-124.19,GYRO_Z,0.003,RW_CMD,0
TM,EST_RAW,-20.72,EST_FILTERED,-20.72,EST_ANGLE,-20.59,EST_FILTER,ON,EST_FILTER_TYPE,MOVING_AVERAGE,EST_MA_WINDOW,1,EST_FILTER_STRENGTH,0.35
TM,EST_FUSION,ON,EST_GYRO_WEIGHT,0.98,EST_VALID,1
TM,SUN_L,3503,SUN_R,3638,SUN_NDV,-0.0189,SUN_ANGLE,-20.60
TM,MAG_X,-18.94,MAG_Y,28.11,MAG_Z,-12.11,MAG_HEADING,123.98
TM,GYRO_X,-0.866,GYRO_Y,-2.459,GYRO_Z,-0.111,BODY_RATE,0.111
TM,ADCS_MODE,MANUAL,ADCS_REFERENCE,SUN,TARGET,0.00,POINTING_ERROR,20.61,SUN_ERROR,20.81,MAG_ERROR,-123.98,GYRO_Z,-0.286,RW_CMD,0
TM,EST_RAW,-20.81,EST_FILTERED,-20.81,EST_ANGLE,-20.61,EST_FILTER,ON,EST_FILTER_TYPE,MOVING_AVERAGE,EST_MA_WINDOW,1,EST_FILTER_STRENGTH,0.35
TM,EST_FUSION,ON,EST_GYRO_WEIGHT,0.98,EST_VALID,1
TM,SUN_L,3504,SUN_R,3639,SUN_NDV,-0.0189,SUN_ANGLE,-20.60
TM,MAG_X,-18.90,MAG_Y,28.08,MAG_Z,-11.98,MAG_HEADING,123.94
TM,GYRO_X,-1.312,GYRO_Y,-1.925,GYRO_Z,-0.093,BODY_RATE,0.093
TM,ADCS_MODE,MANUAL,ADCS_REFERENCE,SUN,TARGET,0.00,POINTING_ERROR,20.64,SUN_ERROR,20.65,MAG_ERROR,-124.11,GYRO_Z,-0.032,RW_CMD,0
TM,EST_RAW,-20.65,EST_FILTERED,-20.65,EST_ANGLE,-20.64,EST_FILTER,ON,EST_FILTER_TYPE,MOVING_AVERAGE,EST_MA_WINDOW,1,EST_FILTER_STRENGTH,0.35
TM,EST_FUSION,ON,EST_GYRO_WEIGHT,0.98,EST_VALID,1
TM,SUN_L,3503,SUN_R,3638,SUN_NDV,-0.0189,SUN_ANGLE,-20.78
TM,MAG_X,-18.94,MAG_Y,27.97,MAG_Z,-12.13,MAG_HEADING,124.11
TM,GYRO_X,-0.892,GYRO_Y,-2.257,GYRO_Z,0.012,BODY_RATE,-0.012
TM,ADCS_MODE,MANUAL,ADCS_REFERENCE,SUN,TARGET,0.00,POINTING_ERROR,20.66,SUN_ERROR,20.76,MAG_ERROR,-124.10,GYRO_Z,-0.120,RW_CMD,0
TM,EST_RAW,-20.76,EST_FILTERED,-20.76,EST_ANGLE,-20.66,EST_FILTER,ON,EST_FILTER_TYPE,MOVING_AVERAGE,EST_MA_WINDOW,1,EST_FILTER_STRENGTH,0.35
TM,EST_FUSION,ON,EST_GYRO_WEIGHT,0.98,EST_VALID,1
TM,SUN_L,3504,SUN_R,3637,SUN_NDV,-0.0186,SUN_ANGLE,-20.80
TM,MAG_X,-18.86,MAG_Y,28.08,MAG_Z,-12.00,MAG_HEADING,123.89
TM,GYRO_X,-1.251,GYRO_Y,-2.362,GYRO_Z,0.213,BODY_RATE,-0.213
TM,SUN_L,3504,SUN_R,3638,SUN_NDV,-0.0188,SUN_ANGLE,-20.73
TM,MAG_X,-18.91,MAG_Y,28.02,MAG_Z,-12.02,MAG_HEADING,124.02
TM,GYRO_X,-0.936,GYRO_Y,-2.118,GYRO_Z,-0.093,BODY_RATE,0.093
TM,ADCS_MODE,MANUAL,ADCS_REFERENCE,SUN,TARGET,0.00,POINTING_ERROR,20.68,SUN_ERROR,20.61,MAG_ERROR,-124.02,GYRO_Z,0.029,RW_CMD,0
TM,EST_RAW,-20.61,EST_FILTERED,-20.61,EST_ANGLE,-20.68,EST_FILTER,ON,EST_FILTER_TYPE,MOVING_AVERAGE,EST_MA_WINDOW,1,EST_FILTER_STRENGTH,0.35
TM,EST_FUSION,ON,EST_GYRO_WEIGHT,0.98,EST_VALID,1
TM,SUN_L,3505,SUN_R,3638,SUN_NDV,-0.0186,SUN_ANGLE,-20.75
TM,MAG_X,-18.96,MAG_Y,28.00,MAG_Z,-12.06,MAG_HEADING,124.10
TM,GYRO_X,-0.919,GYRO_Y,-2.188,GYRO_Z,-0.058,BODY_RATE,0.058
TM,ADCS_MODE,MANUAL,ADCS_REFERENCE,SUN,TARGET,0.00,POINTING_ERROR,20.68,SUN_ERROR,20.65,MAG_ERROR,-124.08,GYRO_Z,-0.277,RW_CMD,0
TM,EST_RAW,-20.65,EST_FILTERED,-20.65,EST_ANGLE,-20.68,EST_FILTER,ON,EST_FILTER_TYPE,MOVING_AVERAGE,EST_MA_WINDOW,1,EST_FILTER_STRENGTH,0.35
TM,EST_FUSION,ON,EST_GYRO_WEIGHT,0.98,EST_VALID,1
TM,SUN_L,3503,SUN_R,3639,SUN_NDV,-0.0190,SUN_ANGLE,-20.73
TM,MAG_X,-18.98,MAG_Y,28.11,MAG_Z,-12.06,MAG_HEADING,124.02
TM,GYRO_X,-0.928,GYRO_Y,-2.380,GYRO_Z,0.099,BODY_RATE,-0.099
TM,ADCS_MODE,MANUAL,ADCS_REFERENCE,SUN,TARGET,0.00,POINTING_ERROR,20.68,SUN_ERROR,20.63,MAG_ERROR,-124.02,GYRO_Z,-0.128,RW_CMD,0
TM,EST_RAW,-20.63,EST_FILTERED,-20.63,EST_ANGLE,-20.68,EST_FILTER,ON,EST_FILTER_TYPE,MOVING_AVERAGE,EST_MA_WINDOW,1,EST_FILTER_STRENGTH,0.35
TM,EST_FUSION,ON,EST_GYRO_WEIGHT,0.98,EST_VALID,1
TM,SUN_L,3506,SUN_R,3637,SUN_NDV,-0.0183,SUN_ANGLE,-20.75
TM,MAG_X,-18.86,MAG_Y,28.10,MAG_Z,-12.18,MAG_HEADING,123.88
TM,GYRO_X,-0.709,GYRO_Y,-2.616,GYRO_Z,-0.102,BODY_RATE,0.102
TM,ADCS_MODE,MANUAL,ADCS_REFERENCE,SUN,TARGET,0.00,POINTING_ERROR,20.64,SUN_ERROR,20.55,MAG_ERROR,-123.88,GYRO_Z,-0.006,RW_CMD,0
TM,EST_RAW,-20.55,EST_FILTERED,-20.55,EST_ANGLE,-20.64,EST_FILTER,ON,EST_FILTER_TYPE,MOVING_AVERAGE,EST_MA_WINDOW,1,EST_FILTER_STRENGTH,0.35
TM,EST_FUSION,ON,EST_GYRO_WEIGHT,0.98,EST_VALID,1
TM,SUN_L,3509,SUN_R,3640,SUN_NDV,-0.0183,SUN_ANGLE,-20.48
TM,MAG_X,-18.86,MAG_Y,28.10,MAG_Z,-12.05,MAG_HEADING,123.88
TM,GYRO_X,-1.015,GYRO_Y,-2.223,GYRO_Z,0.388,BODY_RATE,-0.388
TM,SUN_L,3507,SUN_R,3639,SUN_NDV,-0.0185,SUN_ANGLE,-20.42
TM,MAG_X,-18.98,MAG_Y,27.95,MAG_Z,-12.10,MAG_HEADING,124.17
TM,GYRO_X,-1.295,GYRO_Y,-2.144,GYRO_Z,0.178,BODY_RATE,-0.178
TM,ADCS_MODE,MANUAL,ADCS_REFERENCE,SUN,TARGET,0.00,POINTING_ERROR,20.58,SUN_ERROR,20.42,MAG_ERROR,-124.17,GYRO_Z,0.038,RW_CMD,0
TM,EST_RAW,-20.42,EST_FILTERED,-20.42,EST_ANGLE,-20.58,EST_FILTER,ON,EST_FILTER_TYPE,MOVING_AVERAGE,EST_MA_WINDOW,1,EST_FILTER_STRENGTH,0.35
TM,EST_FUSION,ON,EST_GYRO_WEIGHT,0.98,EST_VALID,1
TM,SUN_L,3507,SUN_R,3641,SUN_NDV,-0.0187,SUN_ANGLE,-20.74
TM,MAG_X,-18.99,MAG_Y,28.11,MAG_Z,-12.03,MAG_HEADING,124.04
TM,GYRO_X,-1.146,GYRO_Y,-2.485,GYRO_Z,-0.067,BODY_RATE,0.067
TM,ADCS_MODE,MANUAL,ADCS_REFERENCE,SUN,TARGET,0.00,POINTING_ERROR,20.59,SUN_ERROR,20.91,MAG_ERROR,-124.04,GYRO_Z,-0.330,RW_CMD,0
TM,EST_RAW,-20.91,EST_FILTERED,-20.91,EST_ANGLE,-20.59,EST_FILTER,ON,EST_FILTER_TYPE,MOVING_AVERAGE,EST_MA_WINDOW,1,EST_FILTER_STRENGTH,0.35
TM,EST_FUSION,ON,EST_GYRO_WEIGHT,0.98,EST_VALID,1
TM,SUN_L,3503,SUN_R,3640,SUN_NDV,-0.0192,SUN_ANGLE,-20.89
TM,MAG_X,-19.04,MAG_Y,28.05,MAG_Z,-12.19,MAG_HEADING,124.17
TM,GYRO_X,-0.779,GYRO_Y,-2.511,GYRO_Z,-0.128,BODY_RATE,0.128
TM,ADCS_MODE,MANUAL,ADCS_REFERENCE,SUN,TARGET,0.00,POINTING_ERROR,20.62,SUN_ERROR,21.04,MAG_ERROR,-123.98,GYRO_Z,0.073,RW_CMD,0
TM,EST_RAW,-21.04,EST_FILTERED,-21.04,EST_ANGLE,-20.62,EST_FILTER,ON,EST_FILTER_TYPE,MOVING_AVERAGE,EST_MA_WINDOW,1,EST_FILTER_STRENGTH,0.35
TM,EST_FUSION,ON,EST_GYRO_WEIGHT,0.98,EST_VALID,1
TM,SUN_L,3504,SUN_R,3640,SUN_NDV,-0.0190,SUN_ANGLE,-21.02
TM,MAG_X,-18.99,MAG_Y,28.18,MAG_Z,-12.19,MAG_HEADING,123.98
TM,GYRO_X,-0.822,GYRO_Y,-2.424,GYRO_Z,-0.093,BODY_RATE,0.093
TM,ADCS_MODE,MANUAL,ADCS_REFERENCE,SUN,TARGET,0.00,POINTING_ERROR,20.70,SUN_ERROR,21.07,MAG_ERROR,-124.05,GYRO_Z,-0.015,RW_CMD,0
TM,EST_RAW,-21.07,EST_FILTERED,-21.07,EST_ANGLE,-20.70,EST_FILTER,ON,EST_FILTER_TYPE,MOVING_AVERAGE,EST_MA_WINDOW,1,EST_FILTER_STRENGTH,0.35
TM,EST_FUSION,ON,EST_GYRO_WEIGHT,0.98,EST_VALID,1
TM,SUN_L,3502,SUN_R,3640,SUN_NDV,-0.0193,SUN_ANGLE,-21.24
TM,MAG_X,-18.94,MAG_Y,28.03,MAG_Z,-12.24,MAG_HEADING,124.05
TM,GYRO_X,-0.945,GYRO_Y,-2.170,GYRO_Z,-0.268,BODY_RATE,0.268
TM,SUN_L,3502,SUN_R,3640,SUN_NDV,-0.0193,SUN_ANGLE,-21.06
TM,MAG_X,-19.10,MAG_Y,27.84,MAG_Z,-12.10,MAG_HEADING,124.46
TM,GYRO_X,-0.980,GYRO_Y,-2.450,GYRO_Z,0.125,BODY_RATE,-0.125
TM,ADCS_MODE,MANUAL,ADCS_REFERENCE,SUN,TARGET,0.00,POINTING_ERROR,20.79,SUN_ERROR,21.00,MAG_ERROR,-124.46,GYRO_Z,1.744,RW_CMD,0
TM,EST_RAW,-21.00,EST_FILTERED,-21.00,EST_ANGLE,-20.79,EST_FILTER,ON,EST_FILTER_TYPE,MOVING_AVERAGE,EST_MA_WINDOW,1,EST_FILTER_STRENGTH,0.35
TM,EST_FUSION,ON,EST_GYRO_WEIGHT,0.98,EST_VALID,1
TM,SUN_L,3410,SUN_R,3623,SUN_NDV,-0.0303,SUN_ANGLE,-29.56
TM,MAG_X,-17.89,MAG_Y,32.80,MAG_Z,-10.78,MAG_HEADING,118.61
TM,GYRO_X,0.341,GYRO_Y,-1.654,GYRO_Z,-10.121,BODY_RATE,10.121
TM,ADCS_MODE,MANUAL,ADCS_REFERENCE,SUN,TARGET,0.00,POINTING_ERROR,26.16,SUN_ERROR,28.04,MAG_ERROR,-118.61,GYRO_Z,-37.395,RW_CMD,0
TM,EST_RAW,-28.04,EST_FILTERED,-28.04,EST_ANGLE,-26.16,EST_FILTER,ON,EST_FILTER_TYPE,MOVING_AVERAGE,EST_MA_WINDOW,1,EST_FILTER_STRENGTH,0.35
TM,EST_FUSION,ON,EST_GYRO_WEIGHT,0.98,EST_VALID,1
TM,SUN_L,3489,SUN_R,3638,SUN_NDV,-0.0209,SUN_ANGLE,-22.54
TM,MAG_X,-18.13,MAG_Y,31.22,MAG_Z,-11.07,MAG_HEADING,120.14
TM,GYRO_X,2.651,GYRO_Y,-2.345,GYRO_Z,-22.625,BODY_RATE,22.625
TM,ADCS_MODE,MANUAL,ADCS_REFERENCE,SUN,TARGET,0.00,POINTING_ERROR,21.02,SUN_ERROR,20.93,MAG_ERROR,-124.19,GYRO_Z,10.634,RW_CMD,0
TM,EST_RAW,-20.93,EST_FILTERED,-20.93,EST_ANGLE,-21.02,EST_FILTER,ON,EST_FILTER_TYPE,MOVING_AVERAGE,EST_MA_WINDOW,1,EST_FILTER_STRENGTH,0.35
TM,EST_FUSION,ON,EST_GYRO_WEIGHT,0.98,EST_VALID,1
TM,SUN_L,3491,SUN_R,3638,SUN_NDV,-0.0206,SUN_ANGLE,-22.34
TM,MAG_X,-18.64,MAG_Y,28.74,MAG_Z,-11.87,MAG_HEADING,122.97
TM,GYRO_X,-3.500,GYRO_Y,-2.695,GYRO_Z,10.275,BODY_RATE,-10.275
TM,ADCS_MODE,MANUAL,ADCS_REFERENCE,SUN,TARGET,0.00,POINTING_ERROR,21.53,SUN_ERROR,22.12,MAG_ERROR,-123.60,GYRO_Z,-13.700,RW_CMD,0
TM,EST_RAW,-22.12,EST_FILTERED,-22.12,EST_ANGLE,-21.53,EST_FILTER,ON,EST_FILTER_TYPE,MOVING_AVERAGE,EST_MA_WINDOW,1,EST_FILTER_STRENGTH,0.35
TM,EST_FUSION,ON,EST_GYRO_WEIGHT,0.98,EST_VALID,1
TM,SUN_L,3496,SUN_R,3635,SUN_NDV,-0.0195,SUN_ANGLE,-21.33
TM,MAG_X,-18.91,MAG_Y,28.46,MAG_Z,-11.97,MAG_HEADING,123.60
TM,GYRO_X,-0.613,GYRO_Y,-2.170,GYRO_Z,-4.556,BODY_RATE,4.556
TM,SUN_L,3489,SUN_R,3638,SUN_NDV,-0.0209,SUN_ANGLE,-22.42
TM,MAG_X,-18.80,MAG_Y,28.66,MAG_Z,-12.06,MAG_HEADING,123.27
TM,GYRO_X,-1.418,GYRO_Y,-0.044,GYRO_Z,0.598,BODY_RATE,-0.598
TM,ADCS_MODE,MANUAL,ADCS_REFERENCE,SUN,TARGET,0.00,POINTING_ERROR,22.41,SUN_ERROR,22.41,MAG_ERROR,-123.27,GYRO_Z,-0.443,RW_CMD,0
TM,EST_RAW,-22.41,EST_FILTERED,-22.41,EST_ANGLE,-22.41,EST_FILTER,ON,EST_FILTER_TYPE,MOVING_AVERAGE,EST_MA_WINDOW,1,EST_FILTER_STRENGTH,0.35
TM,EST_FUSION,ON,EST_GYRO_WEIGHT,0.98,EST_VALID,1
TM,SUN_L,3494,SUN_R,3638,SUN_NDV,-0.0202,SUN_ANGLE,-21.74
TM,MAG_X,-18.78,MAG_Y,29.02,MAG_Z,-11.94,MAG_HEADING,122.91
TM,GYRO_X,-1.339,GYRO_Y,-2.074,GYRO_Z,1.543,BODY_RATE,-1.543
TM,ADCS_MODE,MANUAL,ADCS_REFERENCE,SUN,TARGET,0.00,POINTING_ERROR,22.09,SUN_ERROR,21.91,MAG_ERROR,-122.89,GYRO_Z,1.254,RW_CMD,0
TM,EST_RAW,-21.91,EST_FILTERED,-21.91,EST_ANGLE,-22.09,EST_FILTER,ON,EST_FILTER_TYPE,MOVING_AVERAGE,EST_MA_WINDOW,1,EST_FILTER_STRENGTH,0.35
TM,EST_FUSION,ON,EST_GYRO_WEIGHT,0.98,EST_VALID,1
TM,SUN_L,3494,SUN_R,3638,SUN_NDV,-0.0202,SUN_ANGLE,-21.83
TM,MAG_X,-18.80,MAG_Y,28.88,MAG_Z,-12.10,MAG_HEADING,123.06
TM,GYRO_X,-0.971,GYRO_Y,-2.529,GYRO_Z,-1.100,BODY_RATE,1.100
TM,ADCS_MODE,MANUAL,ADCS_REFERENCE,SUN,TARGET,0.00,POINTING_ERROR,22.01,SUN_ERROR,21.86,MAG_ERROR,-123.06,GYRO_Z,0.388,RW_CMD,0
TM,EST_RAW,-21.86,EST_FILTERED,-21.86,EST_ANGLE,-22.01,EST_FILTER,ON,EST_FILTER_TYPE,MOVING_AVERAGE,EST_MA_WINDOW,1,EST_FILTER_STRENGTH,0.35
TM,EST_FUSION,ON,EST_GYRO_WEIGHT,0.98,EST_VALID,1
TM,SUN_L,3493,SUN_R,3638,SUN_NDV,-0.0203,SUN_ANGLE,-22.09
TM,MAG_X,-18.86,MAG_Y,28.93,MAG_Z,-11.98,MAG_HEADING,123.11
TM,GYRO_X,-0.822,GYRO_Y,-2.616,GYRO_Z,-0.032,BODY_RATE,0.032
TM,ADCS_MODE,MANUAL,ADCS_REFERENCE,SUN,TARGET,0.00,POINTING_ERROR,22.03,SUN_ERROR,22.20,MAG_ERROR,-123.18,GYRO_Z,-0.006,RW_CMD,0
TM,EST_RAW,-22.20,EST_FILTERED,-22.20,EST_ANGLE,-22.03,EST_FILTER,ON,EST_FILTER_TYPE,MOVING_AVERAGE,EST_MA_WINDOW,1,EST_FILTER_STRENGTH,0.35
TM,EST_FUSION,ON,EST_GYRO_WEIGHT,0.98,EST_VALID,1
TM,SUN_L,3495,SUN_R,3638,SUN_NDV,-0.0200,SUN_ANGLE,-21.90
TM,MAG_X,-18.86,MAG_Y,28.85,MAG_Z,-11.92,MAG_HEADING,123.18
TM,GYRO_X,-0.998,GYRO_Y,-2.214,GYRO_Z,-0.032,BODY_RATE,0.032
TM,SUN_L,3495,SUN_R,3638,SUN_NDV,-0.0200,SUN_ANGLE,-21.66
TM,MAG_X,-18.70,MAG_Y,28.86,MAG_Z,-11.95,MAG_HEADING,122.94
TM,GYRO_X,-0.892,GYRO_Y,-2.354,GYRO_Z,-0.312,BODY_RATE,0.312
TM,ADCS_MODE,MANUAL,ADCS_REFERENCE,SUN,TARGET,0.00,POINTING_ERROR,21.93,SUN_ERROR,21.66,MAG_ERROR,-123.23,GYRO_Z,-0.391,RW_CMD,0
TM,EST_RAW,-21.66,EST_FILTERED,-21.66,EST_ANGLE,-21.93,EST_FILTER,ON,EST_FILTER_TYPE,MOVING_AVERAGE,EST_MA_WINDOW,1,EST_FILTER_STRENGTH,0.35
TM,EST_FUSION,ON,EST_GYRO_WEIGHT,0.98,EST_VALID,1
TM,SUN_L,3495,SUN_R,3637,SUN_NDV,-0.0199,SUN_ANGLE,-21.70
TM,MAG_X,-18.86,MAG_Y,28.94,MAG_Z,-12.00,MAG_HEADING,123.09
TM,GYRO_X,-0.954,GYRO_Y,-2.240,GYRO_Z,-0.076,BODY_RATE,0.076
TM,ADCS_MODE,MANUAL,ADCS_REFERENCE,SUN,TARGET,0.00,POINTING_ERROR,21.85,SUN_ERROR,21.30,MAG_ERROR,-123.09,GYRO_Z,0.152,RW_CMD,0
TM,EST_RAW,-21.30,EST_FILTERED,-21.30,EST_ANGLE,-21.85,EST_FILTER,ON,EST_FILTER_TYPE,MOVING_AVERAGE,EST_MA_WINDOW,1,EST_FILTER_STRENGTH,0.35
TM,EST_FUSION,ON,EST_GYRO_WEIGHT,0.98,EST_VALID,1
TM,SUN_L,3495,SUN_R,3637,SUN_NDV,-0.0199,SUN_ANGLE,-21.62
TM,MAG_X,-18.69,MAG_Y,28.98,MAG_Z,-12.10,MAG_HEADING,122.82
TM,GYRO_X,-0.980,GYRO_Y,-2.362,GYRO_Z,0.117,BODY_RATE,-0.117
TM,ADCS_MODE,MANUAL,ADCS_REFERENCE,SUN,TARGET,0.00,POINTING_ERROR,21.79,SUN_ERROR,21.57,MAG_ERROR,-123.03,GYRO_Z,0.090,RW_CMD,0
TM,EST_RAW,-21.57,EST_FILTERED,-21.57,EST_ANGLE,-21.79,EST_FILTER,ON,EST_FILTER_TYPE,MOVING_AVERAGE,EST_MA_WINDOW,1,EST_FILTER_STRENGTH,0.35
TM,EST_FUSION,ON,EST_GYRO_WEIGHT,0.98,EST_VALID,1
TM,SUN_L,3495,SUN_R,3637,SUN_NDV,-0.0199,SUN_ANGLE,-21.79
TM,MAG_X,-18.85,MAG_Y,28.99,MAG_Z,-12.02,MAG_HEADING,123.03
TM,GYRO_X,-0.962,GYRO_Y,-2.503,GYRO_Z,-0.233,BODY_RATE,0.233
TM,ADCS_MODE,MANUAL,ADCS_REFERENCE,SUN,TARGET,0.00,POINTING_ERROR,21.72,SUN_ERROR,21.36,MAG_ERROR,-122.90,GYRO_Z,0.134,RW_CMD,0
TM,EST_RAW,-21.36,EST_FILTERED,-21.36,EST_ANGLE,-21.72,EST_FILTER,ON,EST_FILTER_TYPE,MOVING_AVERAGE,EST_MA_WINDOW,1,EST_FILTER_STRENGTH,0.35
TM,EST_FUSION,ON,EST_GYRO_WEIGHT,0.98,EST_VALID,1
TM,SUN_L,3496,SUN_R,3635,SUN_NDV,-0.0195,SUN_ANGLE,-21.91
TM,MAG_X,-18.77,MAG_Y,28.83,MAG_Z,-12.10,MAG_HEADING,123.06
TM,GYRO_X,-0.919,GYRO_Y,-2.301,GYRO_Z,-0.006,BODY_RATE,0.006
TM,SUN_L,3494,SUN_R,3638,SUN_NDV,-0.0202,SUN_ANGLE,-21.76
TM,MAG_X,-18.74,MAG_Y,29.02,MAG_Z,-12.03,MAG_HEADING,122.84
TM,GYRO_X,-1.033,GYRO_Y,-2.336,GYRO_Z,0.195,BODY_RATE,-0.195
TM,ADCS_MODE,MANUAL,ADCS_REFERENCE,SUN,TARGET,0.00,POINTING_ERROR,21.70,SUN_ERROR,21.64,MAG_ERROR,-122.84,GYRO_Z,0.318,RW_CMD,0
TM,EST_RAW,-21.64,EST_FILTERED,-21.64,EST_ANGLE,-21.70,EST_FILTER,ON,EST_FILTER_TYPE,MOVING_AVERAGE,EST_MA_WINDOW,1,EST_FILTER_STRENGTH,0.35
TM,EST_FUSION,ON,EST_GYRO_WEIGHT,0.98,EST_VALID,1
TM,SUN_L,3495,SUN_R,3637,SUN_NDV,-0.0199,SUN_ANGLE,-21.69
TM,MAG_X,-18.75,MAG_Y,28.99,MAG_Z,-12.30,MAG_HEADING,122.89
TM,GYRO_X,-0.928,GYRO_Y,-2.467,GYRO_Z,0.038,BODY_RATE,-0.038
TM,ADCS_MODE,MANUAL,ADCS_REFERENCE,SUN,TARGET,0.00,POINTING_ERROR,21.71,SUN_ERROR,21.62,MAG_ERROR,-122.89,GYRO_Z,-0.041,RW_CMD,0
TM,EST_RAW,-21.62,EST_FILTERED,-21.62,EST_ANGLE,-21.71,EST_FILTER,ON,EST_FILTER_TYPE,MOVING_AVERAGE,EST_MA_WINDOW,1,EST_FILTER_STRENGTH,0.35
TM,EST_FUSION,ON,EST_GYRO_WEIGHT,0.98,EST_VALID,1
TM,SUN_L,3496,SUN_R,3635,SUN_NDV,-0.0195,SUN_ANGLE,-21.54
TM,MAG_X,-18.83,MAG_Y,29.10,MAG_Z,-11.98,MAG_HEADING,122.91
TM,GYRO_X,-0.962,GYRO_Y,-2.371,GYRO_Z,-0.330,BODY_RATE,0.330
TM,ADCS_MODE,MANUAL,ADCS_REFERENCE,SUN,TARGET,0.00,POINTING_ERROR,21.65,SUN_ERROR,21.47,MAG_ERROR,-122.95,GYRO_Z,-0.120,RW_CMD,0
TM,EST_RAW,-21.47,EST_FILTERED,-21.47,EST_ANGLE,-21.65,EST_FILTER,ON,EST_FILTER_TYPE,MOVING_AVERAGE,EST_MA_WINDOW,1,EST_FILTER_STRENGTH,0.35
TM,EST_FUSION,ON,EST_GYRO_WEIGHT,0.98,EST_VALID,1
TM,SUN_L,3495,SUN_R,3637,SUN_NDV,-0.0199,SUN_ANGLE,-21.42
TM,MAG_X,-18.80,MAG_Y,29.04,MAG_Z,-12.08,MAG_HEADING,122.92
TM,GYRO_X,-0.945,GYRO_Y,-2.345,GYRO_Z,0.090,BODY_RATE,-0.090
TM,ADCS_MODE,MANUAL,ADCS_REFERENCE,SUN,TARGET,0.00,POINTING_ERROR,21.62,SUN_ERROR,21.50,MAG_ERROR,-123.00,GYRO_Z,-0.155,RW_CMD,0
TM,EST_RAW,-21.50,EST_FILTERED,-21.50,EST_ANGLE,-21.62,EST_FILTER,ON,EST_FILTER_TYPE,MOVING_AVERAGE,EST_MA_WINDOW,1,EST_FILTER_STRENGTH,0.35
TM,EST_FUSION,ON,EST_GYRO_WEIGHT,0.98,EST_VALID,1
TM,SUN_L,3496,SUN_R,3637,SUN_NDV,-0.0198,SUN_ANGLE,-21.44
TM,MAG_X,-18.78,MAG_Y,28.93,MAG_Z,-12.03,MAG_HEADING,123.00
TM,GYRO_X,-0.866,GYRO_Y,-2.275,GYRO_Z,0.082,BODY_RATE,-0.082
TM,SUN_L,3495,SUN_R,3638,SUN_NDV,-0.0200,SUN_ANGLE,-21.46
TM,MAG_X,-18.85,MAG_Y,28.90,MAG_Z,-12.02,MAG_HEADING,123.12
TM,GYRO_X,-1.006,GYRO_Y,-2.590,GYRO_Z,-0.120,BODY_RATE,0.120
TM,ADCS_MODE,MANUAL,ADCS_REFERENCE,SUN,TARGET,0.00,POINTING_ERROR,21.61,SUN_ERROR,21.75,MAG_ERROR,-123.12,GYRO_Z,-0.093,RW_CMD,0
TM,EST_RAW,-21.75,EST_FILTERED,-21.75,EST_ANGLE,-21.61,EST_FILTER,ON,EST_FILTER_TYPE,MOVING_AVERAGE,EST_MA_WINDOW,1,EST_FILTER_STRENGTH,0.35
TM,EST_FUSION,ON,EST_GYRO_WEIGHT,0.98,EST_VALID,1
TM,SUN_L,3493,SUN_R,3637,SUN_NDV,-0.0202,SUN_ANGLE,-21.39
TM,MAG_X,-18.77,MAG_Y,28.99,MAG_Z,-12.05,MAG_HEADING,122.92
TM,GYRO_X,-0.796,GYRO_Y,-2.284,GYRO_Z,-0.085,BODY_RATE,0.085
TM,ADCS_MODE,MANUAL,ADCS_REFERENCE,SUN,TARGET,0.00,POINTING_ERROR,21.58,SUN_ERROR,21.72,MAG_ERROR,-122.77,GYRO_Z,-0.198,RW_CMD,0
TM,EST_RAW,-21.72,EST_FILTERED,-21.72,EST_ANGLE,-21.58,EST_FILTER,ON,EST_FILTER_TYPE,MOVING_AVERAGE,EST_MA_WINDOW,1,EST_FILTER_STRENGTH,0.35
TM,EST_FUSION,ON,EST_GYRO_WEIGHT,0.98,EST_VALID,1
TM,SUN_L,3494,SUN_R,3636,SUN_NDV,-0.0199,SUN_ANGLE,-21.79
TM,MAG_X,-18.82,MAG_Y,28.91,MAG_Z,-12.13,MAG_HEADING,123.06
TM,GYRO_X,-0.928,GYRO_Y,-2.415,GYRO_Z,-0.268,BODY_RATE,0.268
TM,ADCS_MODE,MANUAL,ADCS_REFERENCE,SUN,TARGET,0.00,POINTING_ERROR,21.59,SUN_ERROR,21.36,MAG_ERROR,-123.05,GYRO_Z,0.169,RW_CMD,0
TM,EST_RAW,-21.36,EST_FILTERED,-21.36,EST_ANGLE,-21.59,EST_FILTER,ON,EST_FILTER_TYPE,MOVING_AVERAGE,EST_MA_WINDOW,1,EST_FILTER_STRENGTH,0.35
TM,EST_FUSION,ON,EST_GYRO_WEIGHT,0.98,EST_VALID,1
TM,SUN_L,3496,SUN_R,3637,SUN_NDV,-0.0198,SUN_ANGLE,-21.46
TM,MAG_X,-18.83,MAG_Y,28.94,MAG_Z,-11.97,MAG_HEADING,123.05
TM,GYRO_X,-0.822,GYRO_Y,-2.616,GYRO_Z,-0.120,BODY_RATE,0.120
TM,ADCS_MODE,MANUAL,ADCS_REFERENCE,SUN,TARGET,0.00,POINTING_ERROR,21.53,SUN_ERROR,21.52,MAG_ERROR,-122.89,GYRO_Z,0.012,RW_CMD,0
TM,EST_RAW,-21.52,EST_FILTERED,-21.52,EST_ANGLE,-21.53,EST_FILTER,ON,EST_FILTER_TYPE,MOVING_AVERAGE,EST_MA_WINDOW,1,EST_FILTER_STRENGTH,0.35
TM,EST_FUSION,ON,EST_GYRO_WEIGHT,0.98,EST_VALID,1
TM,SUN_L,3500,SUN_R,3639,SUN_NDV,-0.0195,SUN_ANGLE,-21.34
TM,MAG_X,-18.74,MAG_Y,28.98,MAG_Z,-12.10,MAG_HEADING,122.89
TM,GYRO_X,-0.875,GYRO_Y,-2.433,GYRO_Z,-0.050,BODY_RATE,0.050
TM,SUN_L,3508,SUN_R,3640,SUN_NDV,-0.0185,SUN_ANGLE,-20.69
TM,MAG_X,-19.01,MAG_Y,28.86,MAG_Z,-12.05,MAG_HEADING,123.37
TM,GYRO_X,-1.120,GYRO_Y,-2.161,GYRO_Z,-0.023,BODY_RATE,0.023
TM,ADCS_MODE,MANUAL,ADCS_REFERENCE,SUN,TARGET,0.00,POINTING_ERROR,21.38,SUN_ERROR,20.69,MAG_ERROR,-123.37,GYRO_Z,-0.102,RW_CMD,0
TM,EST_RAW,-20.69,EST_FILTERED,-20.69,EST_ANGLE,-21.38,EST_FILTER,ON,EST_FILTER_TYPE,MOVING_AVERAGE,EST_MA_WINDOW,1,EST_FILTER_STRENGTH,0.35
TM,EST_FUSION,ON,EST_GYRO_WEIGHT,0.98,EST_VALID,1
TM,SUN_L,3499,SUN_R,3639,SUN_NDV,-0.0196,SUN_ANGLE,-21.50
TM,MAG_X,-18.64,MAG_Y,29.14,MAG_Z,-12.08,MAG_HEADING,122.61
TM,GYRO_X,-2.537,GYRO_Y,-2.371,GYRO_Z,3.319,BODY_RATE,-3.319
TM,ADCS_MODE,MANUAL,ADCS_REFERENCE,SUN,TARGET,0.00,POINTING_ERROR,21.75,SUN_ERROR,21.78,MAG_ERROR,-122.61,GYRO_Z,-5.230,RW_CMD,0
TM,EST_RAW,-21.78,EST_FILTERED,-21.78,EST_ANGLE,-21.75,EST_FILTER,ON,EST_FILTER_TYPE,MOVING_AVERAGE,EST_MA_WINDOW,1,EST_FILTER_STRENGTH,0.35
TM,EST_FUSION,ON,EST_GYRO_WEIGHT,0.98,EST_VALID,1
TM,SUN_L,3500,SUN_R,3640,SUN_NDV,-0.0196,SUN_ANGLE,-21.44
TM,MAG_X,-18.51,MAG_Y,29.17,MAG_Z,-12.24,MAG_HEADING,122.40
TM,GYRO_X,-0.989,GYRO_Y,-2.467,GYRO_Z,1.097,BODY_RATE,-1.097
TM,ADCS_MODE,MANUAL,ADCS_REFERENCE,SUN,TARGET,0.00,POINTING_ERROR,21.53,SUN_ERROR,21.91,MAG_ERROR,-122.81,GYRO_Z,0.484,RW_CMD,0
TM,EST_RAW,-21.91,EST_FILTERED,-21.91,EST_ANGLE,-21.53,EST_FILTER,ON,EST_FILTER_TYPE,MOVING_AVERAGE,EST_MA_WINDOW,1,EST_FILTER_STRENGTH,0.35
TM,EST_FUSION,ON,EST_GYRO_WEIGHT,0.98,EST_VALID,1
TM,SUN_L,3484,SUN_R,3638,SUN_NDV,-0.0216,SUN_ANGLE,-23.09
TM,MAG_X,-18.74,MAG_Y,29.06,MAG_Z,-12.02,MAG_HEADING,122.81
TM,GYRO_X,-0.674,GYRO_Y,-2.555,GYRO_Z,-0.977,BODY_RATE,0.977
TM,ADCS_MODE,MANUAL,ADCS_REFERENCE,SUN,TARGET,0.00,POINTING_ERROR,21.70,SUN_ERROR,22.89,MAG_ERROR,-123.04,GYRO_Z,0.318,RW_CMD,0
TM,EST_RAW,-22.89,EST_FILTERED,-22.89,EST_ANGLE,-21.70,EST_FILTER,ON,EST_FILTER_TYPE,MOVING_AVERAGE,EST_MA_WINDOW,1,EST_FILTER_STRENGTH,0.35
TM,EST_FUSION,ON,EST_GYRO_WEIGHT,0.98,EST_VALID,1
TM,SUN_L,3484,SUN_R,3636,SUN_NDV,-0.0213,SUN_ANGLE,-22.84
TM,MAG_X,-18.69,MAG_Y,28.98,MAG_Z,-12.13,MAG_HEADING,122.82
TM,GYRO_X,-1.234,GYRO_Y,-2.389,GYRO_Z,0.668,BODY_RATE,-0.668
TM,SUN_L,3485,SUN_R,3637,SUN_NDV,-0.0213,SUN_ANGLE,-22.85
TM,MAG_X,-18.78,MAG_Y,28.96,MAG_Z,-12.13,MAG_HEADING,122.97
TM,GYRO_X,-0.954,GYRO_Y,-2.336,GYRO_Z,0.073,BODY_RATE,-0.073
TM,ADCS_MODE,MANUAL,ADCS_REFERENCE,SUN,TARGET,0.00,POINTING_ERROR,21.92,SUN_ERROR,23.06,MAG_ERROR,-122.97,GYRO_Z,-0.111,RW_CMD,0
TM,EST_RAW,-23.06,EST_FILTERED,-23.06,EST_ANGLE,-21.92,EST_FILTER,ON,EST_FILTER_TYPE,MOVING_AVERAGE,EST_MA_WINDOW,1,EST_FILTER_STRENGTH,0.35
TM,EST_FUSION,ON,EST_GYRO_WEIGHT,0.98,EST_VALID,1
TM,SUN_L,3485,SUN_R,3635,SUN_NDV,-0.0211,SUN_ANGLE,-22.87
TM,MAG_X,-18.74,MAG_Y,29.09,MAG_Z,-12.10,MAG_HEADING,122.79
TM,GYRO_X,-1.050,GYRO_Y,-2.004,GYRO_Z,-0.277,BODY_RATE,0.277
TM,ADCS_MODE,MANUAL,ADCS_REFERENCE,SUN,TARGET,0.00,POINTING_ERROR,22.10,SUN_ERROR,22.77,MAG_ERROR,-122.94,GYRO_Z,-0.050,RW_CMD,0
TM,EST_RAW,-22.77,EST_FILTERED,-22.77,EST_ANGLE,-22.10,EST_FILTER,ON,EST_FILTER_TYPE,MOVING_AVERAGE,EST_MA_WINDOW,1,EST_FILTER_STRENGTH,0.35
TM,EST_FUSION,ON,EST_GYRO_WEIGHT,0.98,EST_VALID,1
TM,SUN_L,3484,SUN_R,3636,SUN_NDV,-0.0213,SUN_ANGLE,-22.62
TM,MAG_X,-18.78,MAG_Y,29.01,MAG_Z,-12.14,MAG_HEADING,122.92
TM,GYRO_X,-0.674,GYRO_Y,-2.336,GYRO_Z,-0.172,BODY_RATE,0.172
TM,ADCS_MODE,MANUAL,ADCS_REFERENCE,SUN,TARGET,0.00,POINTING_ERROR,22.24,SUN_ERROR,22.99,MAG_ERROR,-122.92,GYRO_Z,-0.050,RW_CMD,0
TM,EST_RAW,-22.99,EST_FILTERED,-22.99,EST_ANGLE,-22.24,EST_FILTER,ON,EST_FILTER_TYPE,MOVING_AVERAGE,EST_MA_WINDOW,1,EST_FILTER_STRENGTH,0.35
TM,EST_FUSION,ON,EST_GYRO_WEIGHT,0.98,EST_VALID,1
TM,SUN_L,3485,SUN_R,3636,SUN_NDV,-0.0212,SUN_ANGLE,-22.75
TM,MAG_X,-18.75,MAG_Y,29.01,MAG_Z,-11.95,MAG_HEADING,122.88
TM,GYRO_X,-0.936,GYRO_Y,-2.284,GYRO_Z,0.038,BODY_RATE,-0.038
TM,ADCS_MODE,MANUAL,ADCS_REFERENCE,SUN,TARGET,0.00,POINTING_ERROR,22.36,SUN_ERROR,22.77,MAG_ERROR,-123.03,GYRO_Z,-0.242,RW_CMD,0
TM,EST_RAW,-22.77,EST_FILTERED,-22.77,EST_ANGLE,-22.36,EST_FILTER,ON,EST_FILTER_TYPE,MOVING_AVERAGE,EST_MA_WINDOW,1,EST_FILTER_STRENGTH,0.35
TM,EST_FUSION,ON,EST_GYRO_WEIGHT,0.98,EST_VALID,1
TM,SUN_L,3486,SUN_R,3636,SUN_NDV,-0.0211,SUN_ANGLE,-22.87
TM,MAG_X,-18.83,MAG_Y,28.96,MAG_Z,-12.11,MAG_HEADING,123.03
TM,GYRO_X,-1.050,GYRO_Y,-2.380,GYRO_Z,-0.233,BODY_RATE,0.233
TM,SUN_L,3486,SUN_R,3636,SUN_NDV,-0.0211,SUN_ANGLE,-22.83
TM,MAG_X,-18.78,MAG_Y,28.91,MAG_Z,-11.94,MAG_HEADING,123.01
TM,GYRO_X,-1.015,GYRO_Y,-2.319,GYRO_Z,-0.085,BODY_RATE,0.085
TM,ADCS_MODE,MANUAL,ADCS_REFERENCE,SUN,TARGET,0.00,POINTING_ERROR,22.44,SUN_ERROR,22.60,MAG_ERROR,-123.01,GYRO_Z,-0.032,RW_CMD,0
TM,EST_RAW,-22.60,EST_FILTERED,-22.60,EST_ANGLE,-22.44,EST_FILTER,ON,EST_FILTER_TYPE,MOVING_AVERAGE,EST_MA_WINDOW,1,EST_FILTER_STRENGTH,0.35
TM,EST_FUSION,ON,EST_GYRO_WEIGHT,0.98,EST_VALID,1
TM,SUN_L,3486,SUN_R,3637,SUN_NDV,-0.0212,SUN_ANGLE,-22.71
TM,MAG_X,-18.72,MAG_Y,29.09,MAG_Z,-11.98,MAG_HEADING,122.76
TM,GYRO_X,-0.849,GYRO_Y,-2.441,GYRO_Z,0.038,BODY_RATE,-0.038
TM,ADCS_MODE,MANUAL,ADCS_REFERENCE,SUN,TARGET,0.00,POINTING_ERROR,22.51,SUN_ERROR,22.87,MAG_ERROR,-122.76,GYRO_Z,-0.085,RW_CMD,0
TM,EST_RAW,-22.87,EST_FILTERED,-22.87,EST_ANGLE,-22.51,EST_FILTER,ON,EST_FILTER_TYPE,MOVING_AVERAGE,EST_MA_WINDOW,1,EST_FILTER_STRENGTH,0.35
TM,EST_FUSION,ON,EST_GYRO_WEIGHT,0.98,EST_VALID,1
TM,SUN_L,3486,SUN_R,3637,SUN_NDV,-0.0212,SUN_ANGLE,-22.67
TM,MAG_X,-18.70,MAG_Y,28.99,MAG_Z,-12.06,MAG_HEADING,122.83
TM,GYRO_X,-1.059,GYRO_Y,-2.275,GYRO_Z,-0.102,BODY_RATE,0.102
TM,ADCS_MODE,MANUAL,ADCS_REFERENCE,SUN,TARGET,0.00,POINTING_ERROR,22.53,SUN_ERROR,22.52,MAG_ERROR,-122.95,GYRO_Z,-0.058,RW_CMD,0
TM,EST_RAW,-22.52,EST_FILTERED,-22.52,EST_ANGLE,-22.53,EST_FILTER,ON,EST_FILTER_TYPE,MOVING_AVERAGE,EST_MA_WINDOW,1,EST_FILTER_STRENGTH,0.35
TM,EST_FUSION,ON,EST_GYRO_WEIGHT,0.98,EST_VALID,1
TM,SUN_L,3488,SUN_R,3637,SUN_NDV,-0.0209,SUN_ANGLE,-22.53
TM,MAG_X,-18.75,MAG_Y,28.93,MAG_Z,-12.06,MAG_HEADING,122.95
TM,GYRO_X,-0.919,GYRO_Y,-2.284,GYRO_Z,-0.032,BODY_RATE,0.032
TM,ADCS_MODE,MANUAL,ADCS_REFERENCE,SUN,TARGET,0.00,POINTING_ERROR,22.53,SUN_ERROR,22.44,MAG_ERROR,-123.00,GYRO_Z,-0.015,RW_CMD,0
TM,EST_RAW,-22.44,EST_FILTERED,-22.44,EST_ANGLE,-22.53,EST_FILTER,ON,EST_FILTER_TYPE,MOVING_AVERAGE,EST_MA_WINDOW,1,EST_FILTER_STRENGTH,0.35
TM,EST_FUSION,ON,EST_GYRO_WEIGHT,0.98,EST_VALID,1
TM,SUN_L,3489,SUN_R,3637,SUN_NDV,-0.0208,SUN_ANGLE,-22.73
TM,MAG_X,-18.77,MAG_Y,28.90,MAG_Z,-12.06,MAG_HEADING,123.00
TM,GYRO_X,-0.971,GYRO_Y,-2.415,GYRO_Z,0.134,BODY_RATE,-0.134
TM,SUN_L,3489,SUN_R,3638,SUN_NDV,-0.0209,SUN_ANGLE,-22.58
TM,MAG_X,-18.80,MAG_Y,28.91,MAG_Z,-11.94,MAG_HEADING,123.03
TM,GYRO_X,-1.269,GYRO_Y,-2.328,GYRO_Z,0.117,BODY_RATE,-0.117
TM,ADCS_MODE,MANUAL,ADCS_REFERENCE,SUN,TARGET,0.00,POINTING_ERROR,22.52,SUN_ERROR,22.39,MAG_ERROR,-123.03,GYRO_Z,-0.242,RW_CMD,0
TM,EST_RAW,-22.39,EST_FILTERED,-22.39,EST_ANGLE,-22.52,EST_FILTER,ON,EST_FILTER_TYPE,MOVING_AVERAGE,EST_MA_WINDOW,1,EST_FILTER_STRENGTH,0.35
TM,EST_FUSION,ON,EST_GYRO_WEIGHT,0.98,EST_VALID,1
TM,SUN_L,3488,SUN_R,3637,SUN_NDV,-0.0209,SUN_ANGLE,-22.45
TM,MAG_X,-18.62,MAG_Y,29.02,MAG_Z,-12.08,MAG_HEADING,122.69
TM,GYRO_X,-1.050,GYRO_Y,-2.301,GYRO_Z,-0.111,BODY_RATE,0.111
TM,ADCS_MODE,MANUAL,ADCS_REFERENCE,SUN,TARGET,0.00,POINTING_ERROR,22.48,SUN_ERROR,22.46,MAG_ERROR,-122.69,GYRO_Z,-0.041,RW_CMD,0
TM,EST_RAW,-22.46,EST_FILTERED,-22.46,EST_ANGLE,-22.48,EST_FILTER,ON,EST_FILTER_TYPE,MOVING_AVERAGE,EST_MA_WINDOW,1,EST_FILTER_STRENGTH,0.35
TM,EST_FUSION,ON,EST_GYRO_WEIGHT,0.98,EST_VALID,1
TM,SUN_L,3488,SUN_R,3638,SUN_NDV,-0.0210,SUN_ANGLE,-22.46
TM,MAG_X,-18.85,MAG_Y,28.93,MAG_Z,-11.87,MAG_HEADING,123.09
TM,GYRO_X,-1.138,GYRO_Y,-2.275,GYRO_Z,0.012,BODY_RATE,-0.012
TM,ADCS_MODE,MANUAL,ADCS_REFERENCE,SUN,TARGET,0.00,POINTING_ERROR,22.45,SUN_ERROR,22.52,MAG_ERROR,-123.12,GYRO_Z,0.152,RW_CMD,0
TM,EST_RAW,-22.52,EST_FILTERED,-22.52,EST_ANGLE,-22.45,EST_FILTER,ON,EST_FILTER_TYPE,MOVING_AVERAGE,EST_MA_WINDOW,1,EST_FILTER_STRENGTH,0.35
TM,EST_FUSION,ON,EST_GYRO_WEIGHT,0.98,EST_VALID,1
TM,SUN_L,3487,SUN_R,3637,SUN_NDV,-0.0211,SUN_ANGLE,-22.46
TM,MAG_X,-18.74,MAG_Y,28.82,MAG_Z,-12.08,MAG_HEADING,123.03
TM,GYRO_X,-1.120,GYRO_Y,-2.100,GYRO_Z,-0.015,BODY_RATE,0.015
TM,ADCS_MODE,MANUAL,ADCS_REFERENCE,SUN,TARGET,0.00,POINTING_ERROR,22.41,SUN_ERROR,22.09,MAG_ERROR,-123.21,GYRO_Z,-0.128,RW_CMD,0
TM,EST_RAW,-22.09,EST_FILTERED,-22.09,EST_ANGLE,-22.41,EST_FILTER,ON,EST_FILTER_TYPE,MOVING_AVERAGE,EST_MA_WINDOW,1,EST_FILTER_STRENGTH,0.35
TM,EST_FUSION,ON,EST_GYRO_WEIGHT,0.98,EST_VALID,1
TM,SUN_L,3493,SUN_R,3638,SUN_NDV,-0.0203,SUN_ANGLE,-21.67
TM,MAG_X,-18.83,MAG_Y,28.77,MAG_Z,-12.02,MAG_HEADING,123.21
TM,GYRO_X,-1.015,GYRO_Y,-2.275,GYRO_Z,-0.181,BODY_RATE,0.181
TM,SUN_L,3498,SUN_R,3640,SUN_NDV,-0.0199,SUN_ANGLE,-21.58
TM,MAG_X,-18.88,MAG_Y,28.82,MAG_Z,-12.08,MAG_HEADING,123.23
TM,GYRO_X,-1.006,GYRO_Y,-2.354,GYRO_Z,-0.050,BODY_RATE,0.050
TM,ADCS_MODE,MANUAL,ADCS_REFERENCE,SUN,TARGET,0.00,POINTING_ERROR,22.25,SUN_ERROR,21.58,MAG_ERROR,-123.23,GYRO_Z,-0.067,RW_CMD,0
TM,EST_RAW,-21.58,EST_FILTERED,-21.58,EST_ANGLE,-22.25,EST_FILTER,ON,EST_FILTER_TYPE,MOVING_AVERAGE,EST_MA_WINDOW,1,EST_FILTER_STRENGTH,0.35
TM,EST_FUSION,ON,EST_GYRO_WEIGHT,0.98,EST_VALID,1
TM,SUN_L,3501,SUN_R,3640,SUN_NDV,-0.0195,SUN_ANGLE,-21.38
TM,MAG_X,-18.78,MAG_Y,28.91,MAG_Z,-12.06,MAG_HEADING,123.01
TM,GYRO_X,-0.998,GYRO_Y,-1.995,GYRO_Z,-0.198,BODY_RATE,0.198
TM,ADCS_MODE,MANUAL,ADCS_REFERENCE,SUN,TARGET,0.00,POINTING_ERROR,22.05,SUN_ERROR,21.46,MAG_ERROR,-122.97,GYRO_Z,-0.058,RW_CMD,0
TM,EST_RAW,-21.46,EST_FILTERED,-21.46,EST_ANGLE,-22.05,EST_FILTER,ON,EST_FILTER_TYPE,MOVING_AVERAGE,EST_MA_WINDOW,1,EST_FILTER_STRENGTH,0.35
TM,EST_FUSION,ON,EST_GYRO_WEIGHT,0.98,EST_VALID,1
TM,SUN_L,3500,SUN_R,3640,SUN_NDV,-0.0196,SUN_ANGLE,-21.66
TM,MAG_X,-18.82,MAG_Y,28.85,MAG_Z,-11.95,MAG_HEADING,123.11
TM,GYRO_X,-0.954,GYRO_Y,-2.424,GYRO_Z,0.038,BODY_RATE,-0.038
TM,ADCS_MODE,MANUAL,ADCS_REFERENCE,SUN,TARGET,0.00,POINTING_ERROR,21.96,SUN_ERROR,21.60,MAG_ERROR,-123.11,GYRO_Z,0.020,RW_CMD,0
TM,EST_RAW,-21.60,EST_FILTERED,-21.60,EST_ANGLE,-21.96,EST_FILTER,ON,EST_FILTER_TYPE,MOVING_AVERAGE,EST_MA_WINDOW,1,EST_FILTER_STRENGTH,0.35
TM,EST_FUSION,ON,EST_GYRO_WEIGHT,0.98,EST_VALID,1
TM,SUN_L,3496,SUN_R,3638,SUN_NDV,-0.0199,SUN_ANGLE,-21.52
TM,MAG_X,-18.74,MAG_Y,28.90,MAG_Z,-11.92,MAG_HEADING,122.96
TM,GYRO_X,-0.962,GYRO_Y,-2.266,GYRO_Z,-0.155,BODY_RATE,0.155
TM,ADCS_MODE,MANUAL,ADCS_REFERENCE,SUN,TARGET,0.00,POINTING_ERROR,21.87,SUN_ERROR,21.72,MAG_ERROR,-122.97,GYRO_Z,-0.365,RW_CMD,0
TM,EST_RAW,-21.72,EST_FILTERED,-21.72,EST_ANGLE,-21.87,EST_FILTER,ON,EST_FILTER_TYPE,MOVING_AVERAGE,EST_MA_WINDOW,1,EST_FILTER_STRENGTH,0.35
TM,EST_FUSION,ON,EST_GYRO_WEIGHT,0.98,EST_VALID,1
TM,SUN_L,3496,SUN_R,3639,SUN_NDV,-0.0200,SUN_ANGLE,-21.60
TM,MAG_X,-18.77,MAG_Y,28.93,MAG_Z,-11.92,MAG_HEADING,122.97
TM,GYRO_X,-0.822,GYRO_Y,-2.398,GYRO_Z,-0.190,BODY_RATE,0.190
TM,SUN_L,3497,SUN_R,3638,SUN_NDV,-0.0198,SUN_ANGLE,-21.55
TM,MAG_X,-18.80,MAG_Y,28.88,MAG_Z,-11.97,MAG_HEADING,123.06
TM,GYRO_X,-0.858,GYRO_Y,-2.424,GYRO_Z,-0.111,BODY_RATE,0.111
TM,ADCS_MODE,MANUAL,ADCS_REFERENCE,SUN,TARGET,0.00,POINTING_ERROR,21.81,SUN_ERROR,21.52,MAG_ERROR,-122.92,GYRO_Z,-0.172,RW_CMD,0
TM,EST_RAW,-21.52,EST_FILTERED,-21.52,EST_ANGLE,-21.81,EST_FILTER,ON,EST_FILTER_TYPE,MOVING_AVERAGE,EST_MA_WINDOW,1,EST_FILTER_STRENGTH,0.35
TM,EST_FUSION,ON,EST_GYRO_WEIGHT,0.98,EST_VALID,1
TM,SUN_L,3496,SUN_R,3637,SUN_NDV,-0.0198,SUN_ANGLE,-21.49
TM,MAG_X,-18.90,MAG_Y,28.96,MAG_Z,-11.97,MAG_HEADING,123.12
TM,GYRO_X,-0.770,GYRO_Y,-2.406,GYRO_Z,0.099,BODY_RATE,-0.099
TM,ADCS_MODE,MANUAL,ADCS_REFERENCE,SUN,TARGET,0.00,POINTING_ERROR,21.73,SUN_ERROR,21.63,MAG_ERROR,-123.12,GYRO_Z,0.090,RW_CMD,0
TM,EST_RAW,-21.63,EST_FILTERED,-21.63,EST_ANGLE,-21.73,EST_FILTER,ON,EST_FILTER_TYPE,MOVING_AVERAGE,EST_MA_WINDOW,1,EST_FILTER_STRENGTH,0.35
TM,EST_FUSION,ON,EST_GYRO_WEIGHT,0.98,EST_VALID,1
TM,SUN_L,3497,SUN_R,3638,SUN_NDV,-0.0198,SUN_ANGLE,-21.46
TM,MAG_X,-18.85,MAG_Y,28.88,MAG_Z,-11.92,MAG_HEADING,123.13
TM,GYRO_X,-0.954,GYRO_Y,-2.284,GYRO_Z,-0.163,BODY_RATE,0.163
TM,ADCS_MODE,MANUAL,ADCS_REFERENCE,SUN,TARGET,0.00,POINTING_ERROR,21.67,SUN_ERROR,21.54,MAG_ERROR,-123.28,GYRO_Z,0.055,RW_CMD,0
TM,EST_RAW,-21.54,EST_FILTERED,-21.54,EST_ANGLE,-21.67,EST_FILTER,ON,EST_FILTER_TYPE,MOVING_AVERAGE,EST_MA_WINDOW,1,EST_FILTER_STRENGTH,0.35
TM,EST_FUSION,ON,EST_GYRO_WEIGHT,0.98,EST_VALID,1
TM,SUN_L,3498,SUN_R,3639,SUN_NDV,-0.0198,SUN_ANGLE,-21.35
TM,MAG_X,-18.93,MAG_Y,28.83,MAG_Z,-11.79,MAG_HEADING,123.28
TM,GYRO_X,-0.989,GYRO_Y,-2.424,GYRO_Z,-0.172,BODY_RATE,0.172
TM,ADCS_MODE,MANUAL,ADCS_REFERENCE,SUN,TARGET,0.00,POINTING_ERROR,21.64,SUN_ERROR,21.56,MAG_ERROR,-123.12,GYRO_Z,0.178,RW_CMD,0
TM,EST_RAW,-21.56,EST_FILTERED,-21.56,EST_ANGLE,-21.64,EST_FILTER,ON,EST_FILTER_TYPE,MOVING_AVERAGE,EST_MA_WINDOW,1,EST_FILTER_STRENGTH,0.35
TM,EST_FUSION,ON,EST_GYRO_WEIGHT,0.98,EST_VALID,1
TM,SUN_L,3499,SUN_R,3637,SUN_NDV,-0.0193,SUN_ANGLE,-21.58
TM,MAG_X,-18.70,MAG_Y,28.99,MAG_Z,-11.98,MAG_HEADING,122.83
TM,GYRO_X,-0.849,GYRO_Y,-2.467,GYRO_Z,0.064,BODY_RATE,-0.064
TM,SUN_L,3498,SUN_R,3638,SUN_NDV,-0.0196,SUN_ANGLE,-21.58
TM,MAG_X,-18.82,MAG_Y,28.90,MAG_Z,-11.98,MAG_HEADING,123.07
TM,GYRO_X,-0.805,GYRO_Y,-2.371,GYRO_Z,-0.146,BODY_RATE,0.146
TM,ADCS_MODE,MANUAL,ADCS_REFERENCE,SUN,TARGET,0.00,POINTING_ERROR,21.58,SUN_ERROR,21.64,MAG_ERROR,-123.07,GYRO_Z,-0.085,RW_CMD,0
TM,EST_RAW,-21.64,EST_FILTERED,-21.64,EST_ANGLE,-21.58,EST_FILTER,ON,EST_FILTER_TYPE,MOVING_AVERAGE,EST_MA_WINDOW,1,EST_FILTER_STRENGTH,0.35
TM,EST_FUSION,ON,EST_GYRO_WEIGHT,0.98,EST_VALID,1
TM,SUN_L,3497,SUN_R,3639,SUN_NDV,-0.0199,SUN_ANGLE,-21.74
TM,MAG_X,-18.78,MAG_Y,28.96,MAG_Z,-11.95,MAG_HEADING,122.97
TM,GYRO_X,-1.041,GYRO_Y,-2.249,GYRO_Z,-0.111,BODY_RATE,0.111
TM,ADCS_MODE,MANUAL,ADCS_REFERENCE,SUN,TARGET,0.00,POINTING_ERROR,21.58,SUN_ERROR,21.63,MAG_ERROR,-122.97,GYRO_Z,-0.120,RW_CMD,0
TM,EST_RAW,-21.63,EST_FILTERED,-21.63,EST_ANGLE,-21.58,EST_FILTER,ON,EST_FILTER_TYPE,MOVING_AVERAGE,EST_MA_WINDOW,1,EST_FILTER_STRENGTH,0.35
TM,EST_FUSION,ON,EST_GYRO_WEIGHT,0.98,EST_VALID,1
TM,SUN_L,3497,SUN_R,3638,SUN_NDV,-0.0198,SUN_ANGLE,-21.57
TM,MAG_X,-18.75,MAG_Y,28.91,MAG_Z,-11.92,MAG_HEADING,122.97
TM,GYRO_X,-1.164,GYRO_Y,-2.231,GYRO_Z,-0.216,BODY_RATE,0.216
TM,ADCS_MODE,MANUAL,ADCS_REFERENCE,SUN,TARGET,0.00,POINTING_ERROR,21.59,SUN_ERROR,21.66,MAG_ERROR,-123.09,GYRO_Z,-0.408,RW_CMD,0
TM,EST_RAW,-21.66,EST_FILTERED,-21.66,EST_ANGLE,-21.59,EST_FILTER,ON,EST_FILTER_TYPE,MOVING_AVERAGE,EST_MA_WINDOW,1,EST_FILTER_STRENGTH,0.35
TM,EST_FUSION,ON,EST_GYRO_WEIGHT,0.98,EST_VALID,1
TM,SUN_L,3495,SUN_R,3638,SUN_NDV,-0.0200,SUN_ANGLE,-21.79
TM,MAG_X,-18.83,MAG_Y,28.90,MAG_Z,-11.65,MAG_HEADING,123.09
TM,GYRO_X,-1.146,GYRO_Y,-2.118,GYRO_Z,-0.207,BODY_RATE,0.207
TM,ADCS_MODE,MANUAL,ADCS_REFERENCE,SUN,TARGET,0.00,POINTING_ERROR,21.62,SUN_ERROR,21.90,MAG_ERROR,-123.19,GYRO_Z,0.090,RW_CMD,0
TM,EST_RAW,-21.90,EST_FILTERED,-21.90,EST_ANGLE,-21.62,EST_FILTER,ON,EST_FILTER_TYPE,MOVING_AVERAGE,EST_MA_WINDOW,1,EST_FILTER_STRENGTH,0.35
TM,EST_FUSION,ON,EST_GYRO_WEIGHT,0.98,EST_VALID,1
TM,SUN_L,3495,SUN_R,3638,SUN_NDV,-0.0200,SUN_ANGLE,-22.03
TM,MAG_X,-18.88,MAG_Y,28.86,MAG_Z,-11.82,MAG_HEADING,123.19
TM,GYRO_X,-0.954,GYRO_Y,-2.546,GYRO_Z,-0.102,BODY_RATE,0.102
TM,SUN_L,3494,SUN_R,3638,SUN_NDV,-0.0202,SUN_ANGLE,-21.81
TM,MAG_X,-18.85,MAG_Y,28.78,MAG_Z,-11.92,MAG_HEADING,123.22
TM,GYRO_X,-0.980,GYRO_Y,-2.336,GYRO_Z,0.099,BODY_RATE,-0.099
TM,ADCS_MODE,MANUAL,ADCS_REFERENCE,SUN,TARGET,0.00,POINTING_ERROR,21.69,SUN_ERROR,22.04,MAG_ERROR,-123.22,GYRO_Z,0.099,RW_CMD,0
TM,EST_RAW,-22.04,EST_FILTERED,-22.04,EST_ANGLE,-21.69,EST_FILTER,ON,EST_FILTER_TYPE,MOVING_AVERAGE,EST_MA_WINDOW,1,EST_FILTER_STRENGTH,0.35
TM,EST_FUSION,ON,EST_GYRO_WEIGHT,0.98,EST_VALID,1
TM,SUN_L,3494,SUN_R,3637,SUN_NDV,-0.0201,SUN_ANGLE,-21.77
TM,MAG_X,-18.74,MAG_Y,28.88,MAG_Z,-11.86,MAG_HEADING,122.97
TM,GYRO_X,-0.954,GYRO_Y,-2.441,GYRO_Z,-0.163,BODY_RATE,0.163
TM,ADCS_MODE,MANUAL,ADCS_REFERENCE,SUN,TARGET,0.00,POINTING_ERROR,21.73,SUN_ERROR,22.00,MAG_ERROR,-123.38,GYRO_Z,-0.233,RW_CMD,0
TM,EST_RAW,-22.00,EST_FILTERED,-22.00,EST_ANGLE,-21.73,EST_FILTER,ON,EST_FILTER_TYPE,MOVING_AVERAGE,EST_MA_WINDOW,1,EST_FILTER_STRENGTH,0.35
TM,EST_FUSION,ON,EST_GYRO_WEIGHT,0.98,EST_VALID,1
TM,SUN_L,3495,SUN_R,3640,SUN_NDV,-0.0203,SUN_ANGLE,-22.05
TM,MAG_X,-18.78,MAG_Y,28.74,MAG_Z,-11.76,MAG_HEADING,123.17
TM,GYRO_X,-0.928,GYRO_Y,-2.205,GYRO_Z,0.082,BODY_RATE,-0.082
TM,ADCS_MODE,MANUAL,ADCS_REFERENCE,SUN,TARGET,0.00,POINTING_ERROR,21.74,SUN_ERROR,21.98,MAG_ERROR,-123.17,GYRO_Z,-0.093,RW_CMD,0
TM,EST_RAW,-21.98,EST_FILTERED,-21.98,EST_ANGLE,-21.74,EST_FILTER,ON,EST_FILTER_TYPE,MOVING_AVERAGE,EST_MA_WINDOW,1,EST_FILTER_STRENGTH,0.35
TM,EST_FUSION,ON,EST_GYRO_WEIGHT,0.98,EST_VALID,1
TM,SUN_L,3494,SUN_R,3638,SUN_NDV,-0.0202,SUN_ANGLE,-22.15
TM,MAG_X,-18.96,MAG_Y,28.75,MAG_Z,-11.76,MAG_HEADING,123.40
TM,GYRO_X,-0.831,GYRO_Y,-2.310,GYRO_Z,-0.198,BODY_RATE,0.198
TM,ADCS_MODE,MANUAL,ADCS_REFERENCE,SUN,TARGET,0.00,POINTING_ERROR,21.77,SUN_ERROR,22.18,MAG_ERROR,-123.27,GYRO_Z,-0.225,RW_CMD,0
TM,EST_RAW,-22.18,EST_FILTERED,-22.18,EST_ANGLE,-21.77,EST_FILTER,ON,EST_FILTER_TYPE,MOVING_AVERAGE,EST_MA_WINDOW,1,EST_FILTER_STRENGTH,0.35
TM,EST_FUSION,ON,EST_GYRO_WEIGHT,0.98,EST_VALID,1
TM,SUN_L,3494,SUN_R,3638,SUN_NDV,-0.0202,SUN_ANGLE,-22.00
TM,MAG_X,-18.83,MAG_Y,28.70,MAG_Z,-11.82,MAG_HEADING,123.27
TM,GYRO_X,-1.050,GYRO_Y,-2.389,GYRO_Z,0.029,BODY_RATE,-0.029
TM,SUN_L,3490,SUN_R,3636,SUN_NDV,-0.0205,SUN_ANGLE,-22.23
TM,MAG_X,-18.86,MAG_Y,28.70,MAG_Z,-11.82,MAG_HEADING,123.31
TM,GYRO_X,-0.796,GYRO_Y,-2.599,GYRO_Z,-0.058,BODY_RATE,0.058
TM,ADCS_MODE,MANUAL,ADCS_REFERENCE,SUN,TARGET,0.00,POINTING_ERROR,21.85,SUN_ERROR,22.23,MAG_ERROR,-123.31,GYRO_Z,-0.111,RW_CMD,0
TM,EST_RAW,-22.23,EST_FILTERED,-22.23,EST_ANGLE,-21.85,EST_FILTER,ON,EST_FILTER_TYPE,MOVING_AVERAGE,EST_MA_WINDOW,1,EST_FILTER_STRENGTH,0.35
TM,EST_FUSION,ON,EST_GYRO_WEIGHT,0.98,EST_VALID,1
TM,SUN_L,3489,SUN_R,3637,SUN_NDV,-0.0208,SUN_ANGLE,-22.36
TM,MAG_X,-18.82,MAG_Y,28.82,MAG_Z,-11.87,MAG_HEADING,123.14
TM,GYRO_X,-1.015,GYRO_Y,-2.161,GYRO_Z,-0.216,BODY_RATE,0.216
TM,ADCS_MODE,MANUAL,ADCS_REFERENCE,SUN,TARGET,0.00,POINTING_ERROR,21.93,SUN_ERROR,22.29,MAG_ERROR,-123.14,GYRO_Z,-0.032,RW_CMD,0
TM,EST_RAW,-22.29,EST_FILTERED,-22.29,EST_ANGLE,-21.93,EST_FILTER,ON,EST_FILTER_TYPE,MOVING_AVERAGE,EST_MA_WINDOW,1,EST_FILTER_STRENGTH,0.35
TM,EST_FUSION,ON,EST_GYRO_WEIGHT,0.98,EST_VALID,1
TM,SUN_L,3491,SUN_R,3637,SUN_NDV,-0.0205,SUN_ANGLE,-22.53
TM,MAG_X,-18.69,MAG_Y,28.78,MAG_Z,-11.76,MAG_HEADING,122.99
TM,GYRO_X,-0.901,GYRO_Y,-2.039,GYRO_Z,-0.128,BODY_RATE,0.128
TM,ADCS_MODE,MANUAL,ADCS_REFERENCE,SUN,TARGET,0.00,POINTING_ERROR,21.98,SUN_ERROR,22.09,MAG_ERROR,-123.25,GYRO_Z,-0.146,RW_CMD,0
TM,EST_RAW,-22.09,EST_FILTERED,-22.09,EST_ANGLE,-21.98,EST_FILTER,ON,EST_FILTER_TYPE,MOVING_AVERAGE,EST_MA_WINDOW,1,EST_FILTER_STRENGTH,0.35
TM,EST_FUSION,ON,EST_GYRO_WEIGHT,0.98,EST_VALID,1
TM,SUN_L,3492,SUN_R,3639,SUN_NDV,-0.0206,SUN_ANGLE,-22.37
TM,MAG_X,-18.86,MAG_Y,28.77,MAG_Z,-11.89,MAG_HEADING,123.25
TM,GYRO_X,-0.910,GYRO_Y,-2.433,GYRO_Z,0.047,BODY_RATE,-0.047
TM,ADCS_MODE,MANUAL,ADCS_REFERENCE,SUN,TARGET,0.00,POINTING_ERROR,22.00,SUN_ERROR,21.97,MAG_ERROR,-123.29,GYRO_Z,-0.102,RW_CMD,0
TM,EST_RAW,-21.97,EST_FILTERED,-21.97,EST_ANGLE,-22.00,EST_FILTER,ON,EST_FILTER_TYPE,MOVING_AVERAGE,EST_MA_WINDOW,1,EST_FILTER_STRENGTH,0.35
TM,EST_FUSION,ON,EST_GYRO_WEIGHT,0.98,EST_VALID,1
TM,SUN_L,3493,SUN_R,3637,SUN_NDV,-0.0202,SUN_ANGLE,-21.95
TM,MAG_X,-18.91,MAG_Y,28.72,MAG_Z,-11.79,MAG_HEADING,123.36
TM,GYRO_X,-1.067,GYRO_Y,-2.406,GYRO_Z,0.160,BODY_RATE,-0.160
TM,SUN_L,3494,SUN_R,3638,SUN_NDV,-0.0202,SUN_ANGLE,-21.84
TM,MAG_X,-18.78,MAG_Y,28.85,MAG_Z,-11.76,MAG_HEADING,123.07
TM,GYRO_X,-0.919,GYRO_Y,-2.179,GYRO_Z,0.134,BODY_RATE,-0.134
TM,ADCS_MODE,MANUAL,ADCS_REFERENCE,SUN,TARGET,0.00,POINTING_ERROR,22.00,SUN_ERROR,21.76,MAG_ERROR,-123.07,GYRO_Z,-0.093,RW_CMD,0
TM,EST_RAW,-21.76,EST_FILTERED,-21.76,EST_ANGLE,-22.00,EST_FILTER,ON,EST_FILTER_TYPE,MOVING_AVERAGE,EST_MA_WINDOW,1,EST_FILTER_STRENGTH,0.35
TM,EST_FUSION,ON,EST_GYRO_WEIGHT,0.98,EST_VALID,1
TM,SUN_L,3496,SUN_R,3639,SUN_NDV,-0.0200,SUN_ANGLE,-22.07
TM,MAG_X,-18.83,MAG_Y,28.80,MAG_Z,-11.98,MAG_HEADING,123.18
TM,GYRO_X,-0.700,GYRO_Y,-2.511,GYRO_Z,-0.015,BODY_RATE,0.015
TM,ADCS_MODE,MANUAL,ADCS_REFERENCE,SUN,TARGET,0.00,POINTING_ERROR,21.98,SUN_ERROR,21.98,MAG_ERROR,-123.11,GYRO_Z,0.029,RW_CMD,0
TM,EST_RAW,-21.98,EST_FILTERED,-21.98,EST_ANGLE,-21.98,EST_FILTER,ON,EST_FILTER_TYPE,MOVING_AVERAGE,EST_MA_WINDOW,1,EST_FILTER_STRENGTH,0.35
TM,EST_FUSION,ON,EST_GYRO_WEIGHT,0.98,EST_VALID,1
TM,SUN_L,3492,SUN_R,3639,SUN_NDV,-0.0206,SUN_ANGLE,-22.33
TM,MAG_X,-18.82,MAG_Y,28.85,MAG_Z,-11.90,MAG_HEADING,123.11
TM,GYRO_X,-1.033,GYRO_Y,-2.249,GYRO_Z,-0.198,BODY_RATE,0.198
TM,ADCS_MODE,MANUAL,ADCS_REFERENCE,SUN,TARGET,0.00,POINTING_ERROR,22.00,SUN_ERROR,22.21,MAG_ERROR,-123.08,GYRO_Z,-0.146,RW_CMD,0
TM,EST_RAW,-22.21,EST_FILTERED,-22.21,EST_ANGLE,-22.00,EST_FILTER,ON,EST_FILTER_TYPE,MOVING_AVERAGE,EST_MA_WINDOW,1,EST_FILTER_STRENGTH,0.35
TM,EST_FUSION,ON,EST_GYRO_WEIGHT,0.98,EST_VALID,1
TM,SUN_L,3493,SUN_R,3638,SUN_NDV,-0.0203,SUN_ANGLE,-22.00
TM,MAG_X,-18.88,MAG_Y,28.78,MAG_Z,-11.71,MAG_HEADING,123.26
TM,GYRO_X,-1.085,GYRO_Y,-2.109,GYRO_Z,0.064,BODY_RATE,-0.064
TM,ADCS_MODE,MANUAL,ADCS_REFERENCE,SUN,TARGET,0.00,POINTING_ERROR,22.01,SUN_ERROR,22.08,MAG_ERROR,-123.28,GYRO_Z,-0.190,RW_CMD,0
TM,EST_RAW,-22.08,EST_FILTERED,-22.08,EST_ANGLE,-22.01,EST_FILTER,ON,EST_FILTER_TYPE,MOVING_AVERAGE,EST_MA_WINDOW,1,EST_FILTER_STRENGTH,0.35
TM,EST_FUSION,ON,EST_GYRO_WEIGHT,0.98,EST_VALID,1
TM,SUN_L,3494,SUN_R,3638,SUN_NDV,-0.0202,SUN_ANGLE,-22.10
TM,MAG_X,-18.91,MAG_Y,28.82,MAG_Z,-11.82,MAG_HEADING,123.28
TM,GYRO_X,-0.971,GYRO_Y,-2.310,GYRO_Z,0.108,BODY_RATE,-0.108
TM,SUN_L,3493,SUN_R,3638,SUN_NDV,-0.0203,SUN_ANGLE,-22.12
TM,MAG_X,-18.75,MAG_Y,28.77,MAG_Z,-11.82,MAG_HEADING,123.10
TM,GYRO_X,-0.936,GYRO_Y,-2.293,GYRO_Z,-0.216,BODY_RATE,0.216
TM,ADCS_MODE,MANUAL,ADCS_REFERENCE,SUN,TARGET,0.00,POINTING_ERROR,22.01,SUN_ERROR,22.12,MAG_ERROR,-123.10,GYRO_Z,-0.041,RW_CMD,0
TM,EST_RAW,-22.12,EST_FILTERED,-22.12,EST_ANGLE,-22.01,EST_FILTER,ON,EST_FILTER_TYPE,MOVING_AVERAGE,EST_MA_WINDOW,1,EST_FILTER_STRENGTH,0.35
TM,EST_FUSION,ON,EST_GYRO_WEIGHT,0.98,EST_VALID,1
TM,SUN_L,3492,SUN_R,3638,SUN_NDV,-0.0205,SUN_ANGLE,-22.19
TM,MAG_X,-18.91,MAG_Y,28.78,MAG_Z,-11.82,MAG_HEADING,123.31
TM,GYRO_X,-1.120,GYRO_Y,-2.345,GYRO_Z,-0.085,BODY_RATE,0.085
TM,ADCS_MODE,MANUAL,ADCS_REFERENCE,SUN,TARGET,0.00,POINTING_ERROR,22.03,SUN_ERROR,22.26,MAG_ERROR,-123.31,GYRO_Z,-0.365,RW_CMD,0
TM,EST_RAW,-22.26,EST_FILTERED,-22.26,EST_ANGLE,-22.03,EST_FILTER,ON,EST_FILTER_TYPE,MOVING_AVERAGE,EST_MA_WINDOW,1,EST_FILTER_STRENGTH,0.35
TM,EST_FUSION,ON,EST_GYRO_WEIGHT,0.98,EST_VALID,1
TM,SUN_L,3490,SUN_R,3637,SUN_NDV,-0.0206,SUN_ANGLE,-22.14
TM,MAG_X,-18.85,MAG_Y,28.90,MAG_Z,-11.71,MAG_HEADING,123.12
TM,GYRO_X,-0.840,GYRO_Y,-2.161,GYRO_Z,-0.198,BODY_RATE,0.198
TM,ADCS_MODE,MANUAL,ADCS_REFERENCE,SUN,TARGET,0.00,POINTING_ERROR,22.05,SUN_ERROR,22.21,MAG_ERROR,-123.22,GYRO_Z,0.169,RW_CMD,0
TM,EST_RAW,-22.21,EST_FILTERED,-22.21,EST_ANGLE,-22.05,EST_FILTER,ON,EST_FILTER_TYPE,MOVING_AVERAGE,EST_MA_WINDOW,1,EST_FILTER_STRENGTH,0.35
TM,EST_FUSION,ON,EST_GYRO_WEIGHT,0.98,EST_VALID,1
TM,SUN_L,3493,SUN_R,3638,SUN_NDV,-0.0203,SUN_ANGLE,-22.11
TM,MAG_X,-18.88,MAG_Y,28.83,MAG_Z,-11.74,MAG_HEADING,123.22
TM,GYRO_X,-1.076,GYRO_Y,-2.328,GYRO_Z,-0.163,BODY_RATE,0.163
TM,ADCS_MODE,MANUAL,ADCS_REFERENCE,SUN,TARGET,0.00,POINTING_ERROR,22.04,SUN_ERROR,22.14,MAG_ERROR,-123.34,GYRO_Z,-0.373,RW_CMD,0
TM,EST_RAW,-22.14,EST_FILTERED,-22.14,EST_ANGLE,-22.04,EST_FILTER,ON,EST_FILTER_TYPE,MOVING_AVERAGE,EST_MA_WINDOW,1,EST_FILTER_STRENGTH,0.35
TM,EST_FUSION,ON,EST_GYRO_WEIGHT,0.98,EST_VALID,1
TM,SUN_L,3490,SUN_R,3636,SUN_NDV,-0.0205,SUN_ANGLE,-22.30
TM,MAG_X,-18.94,MAG_Y,28.80,MAG_Z,-11.74,MAG_HEADING,123.34
TM,GYRO_X,-1.059,GYRO_Y,-2.100,GYRO_Z,-0.111,BODY_RATE,0.111
TM,SUN_L,3488,SUN_R,3635,SUN_NDV,-0.0206,SUN_ANGLE,-22.48
TM,MAG_X,-18.77,MAG_Y,28.77,MAG_Z,-11.89,MAG_HEADING,123.12
TM,GYRO_X,-1.190,GYRO_Y,-2.319,GYRO_Z,-0.015,BODY_RATE,0.015
TM,ADCS_MODE,MANUAL,ADCS_REFERENCE,SUN,TARGET,0.00,POINTING_ERROR,22.10,SUN_ERROR,22.42,MAG_ERROR,-123.12,GYRO_Z,0.082,RW_CMD,0
TM,EST_RAW,-22.42,EST_FILTERED,-22.42,EST_ANGLE,-22.10,EST_FILTER,ON,EST_FILTER_TYPE,MOVING_AVERAGE,EST_MA_WINDOW,1,EST_FILTER_STRENGTH,0.35
TM,EST_FUSION,ON,EST_GYRO_WEIGHT,0.98,EST_VALID,1
TM,SUN_L,3489,SUN_R,3636,SUN_NDV,-0.0206,SUN_ANGLE,-22.09
TM,MAG_X,-18.83,MAG_Y,28.72,MAG_Z,-11.81,MAG_HEADING,123.25
TM,GYRO_X,-0.875,GYRO_Y,-2.371,GYRO_Z,-0.015,BODY_RATE,0.015
TM,ADCS_MODE,MANUAL,ADCS_REFERENCE,SUN,TARGET,0.00,POINTING_ERROR,22.10,SUN_ERROR,22.13,MAG_ERROR,-123.25,GYRO_Z,-0.067,RW_CMD,0
TM,EST_RAW,-22.13,EST_FILTERED,-22.13,EST_ANGLE,-22.10,EST_FILTER,ON,EST_FILTER_TYPE,MOVING_AVERAGE,EST_MA_WINDOW,1,EST_FILTER_STRENGTH,0.35
TM,EST_FUSION,ON,EST_GYRO_WEIGHT,0.98,EST_VALID,1
TM,SUN_L,3492,SUN_R,3638,SUN_NDV,-0.0205,SUN_ANGLE,-22.03
TM,MAG_X,-18.88,MAG_Y,28.80,MAG_Z,-11.63,MAG_HEADING,123.25
TM,GYRO_X,-0.998,GYRO_Y,-2.319,GYRO_Z,-0.277,BODY_RATE,0.277
TM,ADCS_MODE,MANUAL,ADCS_REFERENCE,SUN,TARGET,0.00,POINTING_ERROR,22.12,SUN_ERROR,22.36,MAG_ERROR,-123.52,GYRO_Z,-0.111,RW_CMD,0
TM,EST_RAW,-22.36,EST_FILTERED,-22.36,EST_ANGLE,-22.12,EST_FILTER,ON,EST_FILTER_TYPE,MOVING_AVERAGE,EST_MA_WINDOW,1,EST_FILTER_STRENGTH,0.35
TM,EST_FUSION,ON,EST_GYRO_WEIGHT,0.98,EST_VALID,1
TM,SUN_L,3488,SUN_R,3636,SUN_NDV,-0.0208,SUN_ANGLE,-22.49
TM,MAG_X,-18.82,MAG_Y,28.74,MAG_Z,-11.66,MAG_HEADING,123.22
TM,GYRO_X,-1.006,GYRO_Y,-2.275,GYRO_Z,-0.286,BODY_RATE,0.286
TM,ADCS_MODE,MANUAL,ADCS_REFERENCE,SUN,TARGET,0.00,POINTING_ERROR,22.15,SUN_ERROR,22.40,MAG_ERROR,-123.22,GYRO_Z,-0.155,RW_CMD,0
TM,EST_RAW,-22.40,EST_FILTERED,-22.40,EST_ANGLE,-22.15,EST_FILTER,ON,EST_FILTER_TYPE,MOVING_AVERAGE,EST_MA_WINDOW,1,EST_FILTER_STRENGTH,0.35
TM,EST_FUSION,ON,EST_GYRO_WEIGHT,0.98,EST_VALID,1
TM,SUN_L,3489,SUN_R,3636,SUN_NDV,-0.0206,SUN_ANGLE,-22.37
TM,MAG_X,-19.02,MAG_Y,28.56,MAG_Z,-11.78,MAG_HEADING,123.67
TM,GYRO_X,-0.796,GYRO_Y,-2.651,GYRO_Z,-0.006,BODY_RATE,0.006
TM,SUN_L,3490,SUN_R,3637,SUN_NDV,-0.0206,SUN_ANGLE,-22.28
TM,MAG_X,-18.82,MAG_Y,28.56,MAG_Z,-11.79,MAG_HEADING,123.38
TM,GYRO_X,-0.928,GYRO_Y,-2.380,GYRO_Z,-0.102,BODY_RATE,0.102
TM,ADCS_MODE,MANUAL,ADCS_REFERENCE,SUN,TARGET,0.00,POINTING_ERROR,22.20,SUN_ERROR,22.28,MAG_ERROR,-123.38,GYRO_Z,-0.093,RW_CMD,0
TM,EST_RAW,-22.28,EST_FILTERED,-22.28,EST_ANGLE,-22.20,EST_FILTER,ON,EST_FILTER_TYPE,MOVING_AVERAGE,EST_MA_WINDOW,1,EST_FILTER_STRENGTH,0.35
TM,EST_FUSION,ON,EST_GYRO_WEIGHT,0.98,EST_VALID,1
TM,SUN_L,3490,SUN_R,3638,SUN_NDV,-0.0208,SUN_ANGLE,-22.10
TM,MAG_X,-18.90,MAG_Y,28.75,MAG_Z,-11.86,MAG_HEADING,123.31
TM,GYRO_X,-0.998,GYRO_Y,-2.082,GYRO_Z,-0.058,BODY_RATE,0.058
TM,ADCS_MODE,MANUAL,ADCS_REFERENCE,SUN,TARGET,0.00,POINTING_ERROR,22.21,SUN_ERROR,22.30,MAG_ERROR,-123.27,GYRO_Z,-0.041,RW_CMD,0
TM,EST_RAW,-22.30,EST_FILTERED,-22.30,EST_ANGLE,-22.21,EST_FILTER,ON,EST_FILTER_TYPE,MOVING_AVERAGE,EST_MA_WINDOW,1,EST_FILTER_STRENGTH,0.35
TM,EST_FUSION,ON,EST_GYRO_WEIGHT,0.98,EST_VALID,1
TM,SUN_L,3486,SUN_R,3635,SUN_NDV,-0.0209,SUN_ANGLE,-22.57
TM,MAG_X,-19.01,MAG_Y,28.74,MAG_Z,-11.76,MAG_HEADING,123.48
TM,GYRO_X,-0.884,GYRO_Y,-2.214,GYRO_Z,-0.102,BODY_RATE,0.102
TM,ADCS_MODE,MANUAL,ADCS_REFERENCE,SUN,TARGET,0.00,POINTING_ERROR,22.25,SUN_ERROR,22.62,MAG_ERROR,-123.48,GYRO_Z,0.029,RW_CMD,0
TM,EST_RAW,-22.62,EST_FILTERED,-22.62,EST_ANGLE,-22.25,EST_FILTER,ON,EST_FILTER_TYPE,MOVING_AVERAGE,EST_MA_WINDOW,1,EST_FILTER_STRENGTH,0.35
TM,EST_FUSION,ON,EST_GYRO_WEIGHT,0.98,EST_VALID,1
TM,SUN_L,3484,SUN_R,3635,SUN_NDV,-0.0212,SUN_ANGLE,-22.78
TM,MAG_X,-18.77,MAG_Y,28.77,MAG_Z,-11.82,MAG_HEADING,123.12
TM,GYRO_X,-0.901,GYRO_Y,-2.249,GYRO_Z,-0.102,BODY_RATE,0.102
TM,ADCS_MODE,MANUAL,ADCS_REFERENCE,SUN,TARGET,0.00,POINTING_ERROR,22.33,SUN_ERROR,22.71,MAG_ERROR,-123.58,GYRO_Z,-0.128,RW_CMD,0
TM,EST_RAW,-22.71,EST_FILTERED,-22.71,EST_ANGLE,-22.33,EST_FILTER,ON,EST_FILTER_TYPE,MOVING_AVERAGE,EST_MA_WINDOW,1,EST_FILTER_STRENGTH,0.35
TM,EST_FUSION,ON,EST_GYRO_WEIGHT,0.98,EST_VALID,1
TM,SUN_L,3483,SUN_R,3634,SUN_NDV,-0.0212,SUN_ANGLE,-22.61
TM,MAG_X,-18.99,MAG_Y,28.61,MAG_Z,-11.65,MAG_HEADING,123.58
TM,GYRO_X,-0.683,GYRO_Y,-2.249,GYRO_Z,0.117,BODY_RATE,-0.117
TM,SUN_L,3484,SUN_R,3635,SUN_NDV,-0.0212,SUN_ANGLE,-22.80
TM,MAG_X,-18.80,MAG_Y,28.69,MAG_Z,-11.70,MAG_HEADING,123.24
TM,GYRO_X,-0.962,GYRO_Y,-2.467,GYRO_Z,0.003,BODY_RATE,-0.003
TM,ADCS_MODE,MANUAL,ADCS_REFERENCE,SUN,TARGET,0.00,POINTING_ERROR,22.40,SUN_ERROR,22.68,MAG_ERROR,-123.19,GYRO_Z,-0.093,RW_CMD,0
TM,EST_RAW,-22.68,EST_FILTERED,-22.68,EST_ANGLE,-22.40,EST_FILTER,ON,EST_FILTER_TYPE,MOVING_AVERAGE,EST_MA_WINDOW,1,EST_FILTER_STRENGTH,0.35
TM,EST_FUSION,ON,EST_GYRO_WEIGHT,0.98,EST_VALID,1
TM,SUN_L,3485,SUN_R,3636,SUN_NDV,-0.0212,SUN_ANGLE,-22.62
TM,MAG_X,-18.82,MAG_Y,28.69,MAG_Z,-11.89,MAG_HEADING,123.26
TM,GYRO_X,-0.779,GYRO_Y,-2.362,GYRO_Z,-0.102,BODY_RATE,0.102
TM,ADCS_MODE,MANUAL,ADCS_REFERENCE,SUN,TARGET,0.00,POINTING_ERROR,22.46,SUN_ERROR,22.72,MAG_ERROR,-123.26,GYRO_Z,-0.155,RW_CMD,0
TM,EST_RAW,-22.72,EST_FILTERED,-22.72,EST_ANGLE,-22.46,EST_FILTER,ON,EST_FILTER_TYPE,MOVING_AVERAGE,EST_MA_WINDOW,1,EST_FILTER_STRENGTH,0.35
TM,EST_FUSION,ON,EST_GYRO_WEIGHT,0.98,EST_VALID,1
TM,SUN_L,3484,SUN_R,3636,SUN_NDV,-0.0213,SUN_ANGLE,-22.70
TM,MAG_X,-18.82,MAG_Y,28.80,MAG_Z,-11.71,MAG_HEADING,123.16
TM,GYRO_X,-1.102,GYRO_Y,-2.336,GYRO_Z,0.195,BODY_RATE,-0.195
TM,ADCS_MODE,MANUAL,ADCS_REFERENCE,SUN,TARGET,0.00,POINTING_ERROR,22.48,SUN_ERROR,22.64,MAG_ERROR,-123.48,GYRO_Z,-0.356,RW_CMD,0
TM,EST_RAW,-22.64,EST_FILTERED,-22.64,EST_ANGLE,-22.48,EST_FILTER,ON,EST_FILTER_TYPE,MOVING_AVERAGE,EST_MA_WINDOW,1,EST_FILTER_STRENGTH,0.35
TM,EST_FUSION,ON,EST_GYRO_WEIGHT,0.98,EST_VALID,1
TM,SUN_L,3485,SUN_R,3635,SUN_NDV,-0.0211,SUN_ANGLE,-22.58
TM,MAG_X,-18.98,MAG_Y,28.69,MAG_Z,-11.94,MAG_HEADING,123.48
TM,GYRO_X,-0.971,GYRO_Y,-2.214,GYRO_Z,0.029,BODY_RATE,-0.029
TM,ADCS_MODE,MANUAL,ADCS_REFERENCE,SUN,TARGET,0.00,POINTING_ERROR,22.47,SUN_ERROR,22.50,MAG_ERROR,-123.29,GYRO_Z,-0.137,RW_CMD,0
TM,EST_RAW,-22.50,EST_FILTERED,-22.50,EST_ANGLE,-22.47,EST_FILTER,ON,EST_FILTER_TYPE,MOVING_AVERAGE,EST_MA_WINDOW,1,EST_FILTER_STRENGTH,0.35
TM,EST_FUSION,ON,EST_GYRO_WEIGHT,0.98,EST_VALID,1
TM,SUN_L,3487,SUN_R,3633,SUN_NDV,-0.0205,SUN_ANGLE,-22.18
TM,MAG_X,-18.85,MAG_Y,28.74,MAG_Z,-12.10,MAG_HEADING,123.26
TM,GYRO_X,-0.892,GYRO_Y,-2.284,GYRO_Z,-0.006,BODY_RATE,0.006
TM,SUN_L,3487,SUN_R,3632,SUN_NDV,-0.0204,SUN_ANGLE,-22.48
TM,MAG_X,-18.77,MAG_Y,28.66,MAG_Z,-11.81,MAG_HEADING,123.22
TM,GYRO_X,-0.945,GYRO_Y,-2.371,GYRO_Z,0.073,BODY_RATE,-0.073
TM,ADCS_MODE,MANUAL,ADCS_REFERENCE,SUN,TARGET,0.00,POINTING_ERROR,22.44,SUN_ERROR,22.16,MAG_ERROR,-123.22,GYRO_Z,-0.260,RW_CMD,0
TM,EST_RAW,-22.16,EST_FILTERED,-22.16,EST_ANGLE,-22.44,EST_FILTER,ON,EST_FILTER_TYPE,MOVING_AVERAGE,EST_MA_WINDOW,1,EST_FILTER_STRENGTH,0.35
TM,EST_FUSION,ON,EST_GYRO_WEIGHT,0.98,EST_VALID,1
TM,SUN_L,3488,SUN_R,3634,SUN_NDV,-0.0205,SUN_ANGLE,-22.27
TM,MAG_X,-18.80,MAG_Y,28.69,MAG_Z,-11.74,MAG_HEADING,123.24
TM,GYRO_X,-1.015,GYRO_Y,-2.056,GYRO_Z,0.169,BODY_RATE,-0.169
TM,ADCS_MODE,MANUAL,ADCS_REFERENCE,SUN,TARGET,0.00,POINTING_ERROR,22.40,SUN_ERROR,22.21,MAG_ERROR,-123.24,GYRO_Z,-0.041,RW_CMD,0
TM,EST_RAW,-22.21,EST_FILTERED,-22.21,EST_ANGLE,-22.40,EST_FILTER,ON,EST_FILTER_TYPE,MOVING_AVERAGE,EST_MA_WINDOW,1,EST_FILTER_STRENGTH,0.35
TM,EST_FUSION,ON,EST_GYRO_WEIGHT,0.98,EST_VALID,1
TM,SUN_L,3488,SUN_R,3633,SUN_NDV,-0.0204,SUN_ANGLE,-22.13
TM,MAG_X,-18.82,MAG_Y,28.62,MAG_Z,-11.94,MAG_HEADING,123.32
TM,GYRO_X,-0.805,GYRO_Y,-2.301,GYRO_Z,-0.093,BODY_RATE,0.093
TM,ADCS_MODE,MANUAL,ADCS_REFERENCE,SUN,TARGET,0.00,POINTING_ERROR,22.35,SUN_ERROR,21.80,MAG_ERROR,-123.25,GYRO_Z,-0.391,RW_CMD,0
TM,EST_RAW,-21.80,EST_FILTERED,-21.80,EST_ANGLE,-22.35,EST_FILTER,ON,EST_FILTER_TYPE,MOVING_AVERAGE,EST_MA_WINDOW,1,EST_FILTER_STRENGTH,0.35
TM,EST_FUSION,ON,EST_GYRO_WEIGHT,0.98,EST_VALID,1
TM,SUN_L,3488,SUN_R,3634,SUN_NDV,-0.0205,SUN_ANGLE,-22.21
TM,MAG_X,-18.90,MAG_Y,28.69,MAG_Z,-11.76,MAG_HEADING,123.37
TM,GYRO_X,-0.919,GYRO_Y,-2.301,GYRO_Z,0.108,BODY_RATE,-0.108
TM,ADCS_MODE,MANUAL,ADCS_REFERENCE,SUN,TARGET,0.00,POINTING_ERROR,22.32,SUN_ERROR,22.27,MAG_ERROR,-123.05,GYRO_Z,0.012,RW_CMD,0
TM,EST_RAW,-22.27,EST_FILTERED,-22.27,EST_ANGLE,-22.32,EST_FILTER,ON,EST_FILTER_TYPE,MOVING_AVERAGE,EST_MA_WINDOW,1,EST_FILTER_STRENGTH,0.35
TM,EST_FUSION,ON,EST_GYRO_WEIGHT,0.98,EST_VALID,1
TM,SUN_L,3490,SUN_R,3635,SUN_NDV,-0.0204,SUN_ANGLE,-22.24
TM,MAG_X,-18.75,MAG_Y,28.82,MAG_Z,-11.71,MAG_HEADING,123.05
TM,GYRO_X,-0.604,GYRO_Y,-2.301,GYRO_Z,-0.190,BODY_RATE,0.190
TM,SUN_L,3485,SUN_R,3634,SUN_NDV,-0.0209,SUN_ANGLE,-22.24
TM,MAG_X,-18.85,MAG_Y,28.72,MAG_Z,-11.68,MAG_HEADING,123.28
TM,GYRO_X,-0.884,GYRO_Y,-2.310,GYRO_Z,-0.225,BODY_RATE,0.225
TM,ADCS_MODE,MANUAL,ADCS_REFERENCE,SUN,TARGET,0.00,POINTING_ERROR,22.29,SUN_ERROR,22.24,MAG_ERROR,-123.28,GYRO_Z,0.055,RW_CMD,0
TM,EST_RAW,-22.24,EST_FILTERED,-22.24,EST_ANGLE,-22.29,EST_FILTER,ON,EST_FILTER_TYPE,MOVING_AVERAGE,EST_MA_WINDOW,1,EST_FILTER_STRENGTH,0.35
TM,EST_FUSION,ON,EST_GYRO_WEIGHT,0.98,EST_VALID,1
TM,SUN_L,3487,SUN_R,3631,SUN_NDV,-0.0202,SUN_ANGLE,-22.13
TM,MAG_X,-18.66,MAG_Y,28.88,MAG_Z,-11.87,MAG_HEADING,122.86
TM,GYRO_X,-1.138,GYRO_Y,-2.004,GYRO_Z,-0.155,BODY_RATE,0.155
TM,ADCS_MODE,MANUAL,ADCS_REFERENCE,SUN,TARGET,0.00,POINTING_ERROR,22.30,SUN_ERROR,22.38,MAG_ERROR,-123.23,GYRO_Z,0.073,RW_CMD,0
TM,EST_RAW,-22.38,EST_FILTERED,-22.38,EST_ANGLE,-22.30,EST_FILTER,ON,EST_FILTER_TYPE,MOVING_AVERAGE,EST_MA_WINDOW,1,EST_FILTER_STRENGTH,0.35
TM,EST_FUSION,ON,EST_GYRO_WEIGHT,0.98,EST_VALID,1
TM,SUN_L,3482,SUN_R,3627,SUN_NDV,-0.0204,SUN_ANGLE,-22.32
TM,MAG_X,-18.69,MAG_Y,28.78,MAG_Z,-11.92,MAG_HEADING,122.99
TM,GYRO_X,-0.875,GYRO_Y,-2.249,GYRO_Z,-0.181,BODY_RATE,0.181
TM,ADCS_MODE,MANUAL,ADCS_REFERENCE,SUN,TARGET,0.00,POINTING_ERROR,22.26,SUN_ERROR,22.32,MAG_ERROR,-122.99,GYRO_Z,-0.058,RW_CMD,0
TM,EST_RAW,-22.32,EST_FILTERED,-22.32,EST_ANGLE,-22.26,EST_FILTER,ON,EST_FILTER_TYPE,MOVING_AVERAGE,EST_MA_WINDOW,1,EST_FILTER_STRENGTH,0.35
TM,EST_FUSION,ON,EST_GYRO_WEIGHT,0.98,EST_VALID,1
TM,SUN_L,3486,SUN_R,3632,SUN_NDV,-0.0205,SUN_ANGLE,-22.10
TM,MAG_X,-18.75,MAG_Y,28.82,MAG_Z,-11.92,MAG_HEADING,123.05
TM,GYRO_X,-0.919,GYRO_Y,-2.205,GYRO_Z,-0.023,BODY_RATE,0.023
TM,ADCS_MODE,MANUAL,ADCS_REFERENCE,SUN,TARGET,0.00,POINTING_ERROR,22.17,SUN_ERROR,21.54,MAG_ERROR,-123.16,GYRO_Z,-0.085,RW_CMD,0
TM,EST_RAW,-21.54,EST_FILTERED,-21.54,EST_ANGLE,-22.17,EST_FILTER,ON,EST_FILTER_TYPE,MOVING_AVERAGE,EST_MA_WINDOW,1,EST_FILTER_STRENGTH,0.35
TM,EST_FUSION,ON,EST_GYRO_WEIGHT,0.98,EST_VALID,1
TM,SUN_L,3497,SUN_R,3635,SUN_NDV,-0.0193,SUN_ANGLE,-21.62
TM,MAG_X,-18.80,MAG_Y,28.77,MAG_Z,-11.92,MAG_HEADING,123.16
TM,GYRO_X,-1.899,GYRO_Y,1.015,GYRO_Z,-0.496,BODY_RATE,0.496
TM,SUN_L,3499,SUN_R,3643,SUN_NDV,-0.0202,SUN_ANGLE,-21.73
TM,MAG_X,-18.78,MAG_Y,28.75,MAG_Z,-11.92,MAG_HEADING,123.16
TM,GYRO_X,-0.499,GYRO_Y,0.490,GYRO_Z,0.335,BODY_RATE,-0.335
TM,ADCS_MODE,MANUAL,ADCS_REFERENCE,SUN,TARGET,0.00,POINTING_ERROR,22.07,SUN_ERROR,21.54,MAG_ERROR,-123.16,GYRO_Z,-1.117,RW_CMD,0
TM,EST_RAW,-21.54,EST_FILTERED,-21.54,EST_ANGLE,-22.07,EST_FILTER,ON,EST_FILTER_TYPE,MOVING_AVERAGE,EST_MA_WINDOW,1,EST_FILTER_STRENGTH,0.35
TM,EST_FUSION,ON,EST_GYRO_WEIGHT,0.98,EST_VALID,1
TM,SUN_L,3486,SUN_R,3641,SUN_NDV,-0.0217,SUN_ANGLE,-23.45
TM,MAG_X,-18.67,MAG_Y,29.71,MAG_Z,-10.77,MAG_HEADING,122.15
TM,GYRO_X,-6.615,GYRO_Y,-4.891,GYRO_Z,-2.167,BODY_RATE,2.167
TM,ADCS_MODE,MANUAL,ADCS_REFERENCE,SUN,TARGET,0.00,POINTING_ERROR,23.19,SUN_ERROR,23.28,MAG_ERROR,-122.15,GYRO_Z,-0.741,RW_CMD,0
TM,EST_RAW,-23.28,EST_FILTERED,-23.28,EST_ANGLE,-23.19,EST_FILTER,ON,EST_FILTER_TYPE,MOVING_AVERAGE,EST_MA_WINDOW,1,EST_FILTER_STRENGTH,0.35
TM,EST_FUSION,ON,EST_GYRO_WEIGHT,0.98,EST_VALID,1
TM,SUN_L,3469,SUN_R,3641,SUN_NDV,-0.0242,SUN_ANGLE,-25.24
TM,MAG_X,-19.70,MAG_Y,29.54,MAG_Z,-10.50,MAG_HEADING,123.70
TM,GYRO_X,-4.690,GYRO_Y,-17.920,GYRO_Z,33.769,BODY_RATE,-33.769
TM,ADCS_MODE,MANUAL,ADCS_REFERENCE,SUN,TARGET,0.00,POINTING_ERROR,25.93,SUN_ERROR,27.54,MAG_ERROR,-122.90,GYRO_Z,-5.002,RW_CMD,0
TM,EST_RAW,-27.54,EST_FILTERED,-27.54,EST_ANGLE,-25.93,EST_FILTER,ON,EST_FILTER_TYPE,MOVING_AVERAGE,EST_MA_WINDOW,1,EST_FILTER_STRENGTH,0.35
TM,EST_FUSION,ON,EST_GYRO_WEIGHT,0.98,EST_VALID,1
TM,SUN_L,3434,SUN_R,3642,SUN_NDV,-0.0294,SUN_ANGLE,-28.64
TM,MAG_X,-20.05,MAG_Y,30.99,MAG_Z,-10.26,MAG_HEADING,122.90
TM,GYRO_X,-7.919,GYRO_Y,5.985,GYRO_Z,33.139,BODY_RATE,-33.139
TM,ADCS_MODE,MANUAL,ADCS_REFERENCE,SUN,TARGET,0.00,POINTING_ERROR,34.58,SUN_ERROR,35.02,MAG_ERROR,-120.56,GYRO_Z,14.799,RW_CMD,0
TM,EST_RAW,-35.02,EST_FILTERED,-35.02,EST_ANGLE,-34.58,EST_FILTER,ON,EST_FILTER_TYPE,MOVING_AVERAGE,EST_MA_WINDOW,1,EST_FILTER_STRENGTH,0.35
TM,EST_FUSION,ON,EST_GYRO_WEIGHT,0.98,EST_VALID,1
TM,SUN_L,3339,SUN_R,3604,SUN_NDV,-0.0382,SUN_ANGLE,-34.65
TM,MAG_X,-17.87,MAG_Y,37.23,MAG_Z,-8.37,MAG_HEADING,115.64
TM,GYRO_X,4.165,GYRO_Y,36.181,GYRO_Z,-15.240,BODY_RATE,15.240
TM,SUN_L,3353,SUN_R,3605,SUN_NDV,-0.0362,SUN_ANGLE,-33.42
TM,MAG_X,-17.49,MAG_Y,36.99,MAG_Z,-9.15,MAG_HEADING,115.30
TM,GYRO_X,-0.866,GYRO_Y,-1.951,GYRO_Z,-6.953,BODY_RATE,6.953
TM,ADCS_MODE,MANUAL,ADCS_REFERENCE,SUN,TARGET,0.00,POINTING_ERROR,32.78,SUN_ERROR,33.43,MAG_ERROR,-115.30,GYRO_Z,-12.912,RW_CMD,0
TM,EST_RAW,-33.43,EST_FILTERED,-33.43,EST_ANGLE,-32.78,EST_FILTER,ON,EST_FILTER_TYPE,MOVING_AVERAGE,EST_MA_WINDOW,1,EST_FILTER_STRENGTH,0.35
TM,EST_FUSION,ON,EST_GYRO_WEIGHT,0.98,EST_VALID,1
TM,SUN_L,3436,SUN_R,3634,SUN_NDV,-0.0280,SUN_ANGLE,-27.97
TM,MAG_X,-18.75,MAG_Y,34.94,MAG_Z,-9.79,MAG_HEADING,118.22
TM,GYRO_X,-3.622,GYRO_Y,-10.999,GYRO_Z,5.507,BODY_RATE,-5.507
TM,ADCS_MODE,MANUAL,ADCS_REFERENCE,SUN,TARGET,0.00,POINTING_ERROR,27.65,SUN_ERROR,28.28,MAG_ERROR,-121.39,GYRO_Z,-7.732,RW_CMD,0
TM,EST_RAW,-28.28,EST_FILTERED,-28.28,EST_ANGLE,-27.65,EST_FILTER,ON,EST_FILTER_TYPE,MOVING_AVERAGE,EST_MA_WINDOW,1,EST_FILTER_STRENGTH,0.35
TM,EST_FUSION,ON,EST_GYRO_WEIGHT,0.98,EST_VALID,1
TM,SUN_L,3452,SUN_R,3639,SUN_NDV,-0.0264,SUN_ANGLE,-26.86
TM,MAG_X,-19.71,MAG_Y,32.30,MAG_Z,-9.66,MAG_HEADING,121.39
TM,GYRO_X,1.916,GYRO_Y,-4.602,GYRO_Z,-20.420,BODY_RATE,20.420
TM,ADCS_MODE,MANUAL,ADCS_REFERENCE,SUN,TARGET,0.00,POINTING_ERROR,23.96,SUN_ERROR,24.21,MAG_ERROR,-122.74,GYRO_Z,-7.435,RW_CMD,0
TM,EST_RAW,-24.21,EST_FILTERED,-24.21,EST_ANGLE,-23.96,EST_FILTER,ON,EST_FILTER_TYPE,MOVING_AVERAGE,EST_MA_WINDOW,1,EST_FILTER_STRENGTH,0.35
TM,EST_FUSION,ON,EST_GYRO_WEIGHT,0.98,EST_VALID,1
TM,SUN_L,3513,SUN_R,3654,SUN_NDV,-0.0197,SUN_ANGLE,-21.17
TM,MAG_X,-20.70,MAG_Y,28.98,MAG_Z,-10.18,MAG_HEADING,125.55
TM,GYRO_X,-5.793,GYRO_Y,-1.951,GYRO_Z,-36.520,BODY_RATE,36.520
TM,ADCS_MODE,MANUAL,ADCS_REFERENCE,SUN,TARGET,0.00,POINTING_ERROR,24.83,SUN_ERROR,23.77,MAG_ERROR,-123.39,GYRO_Z,34.530,RW_CMD,0
TM,EST_RAW,-23.77,EST_FILTERED,-23.77,EST_ANGLE,-24.83,EST_FILTER,ON,EST_FILTER_TYPE,MOVING_AVERAGE,EST_MA_WINDOW,1,EST_FILTER_STRENGTH,0.35
TM,EST_FUSION,ON,EST_GYRO_WEIGHT,0.98,EST_VALID,1
TM,SUN_L,3463,SUN_R,3638,SUN_NDV,-0.0246,SUN_ANGLE,-25.77
TM,MAG_X,-20.02,MAG_Y,30.37,MAG_Z,-10.06,MAG_HEADING,123.39
TM,GYRO_X,1.155,GYRO_Y,3.701,GYRO_Z,27.382,BODY_RATE,-27.382
TM,SUN_L,3396,SUN_R,3616,SUN_NDV,-0.0314,SUN_ANGLE,-29.87
TM,MAG_X,-18.16,MAG_Y,33.84,MAG_Z,-8.86,MAG_HEADING,118.22
TM,GYRO_X,7.166,GYRO_Y,5.267,GYRO_Z,-48.796,BODY_RATE,48.796
TM,ADCS_MODE,MANUAL,ADCS_REFERENCE,SUN,TARGET,0.00,POINTING_ERROR,27.98,SUN_ERROR,29.87,MAG_ERROR,-118.22,GYRO_Z,-52.742,RW_CMD,0
TM,EST_RAW,-29.87,EST_FILTERED,-29.87,EST_ANGLE,-27.98,EST_FILTER,ON,EST_FILTER_TYPE,MOVING_AVERAGE,EST_MA_WINDOW,1,EST_FILTER_STRENGTH,0.35
TM,EST_FUSION,ON,EST_GYRO_WEIGHT,0.98,EST_VALID,1
TM,SUN_L,3470,SUN_R,3636,SUN_NDV,-0.0234,SUN_ANGLE,-24.19
TM,MAG_X,-17.50,MAG_Y,30.86,MAG_Z,-8.88,MAG_HEADING,119.56
TM,GYRO_X,2.511,GYRO_Y,-3.553,GYRO_Z,-14.776,BODY_RATE,14.776
TM,ADCS_MODE,MANUAL,ADCS_REFERENCE,SUN,TARGET,0.00,POINTING_ERROR,22.07,SUN_ERROR,22.85,MAG_ERROR,-119.56,GYRO_Z,-21.023,RW_CMD,0
TM,EST_RAW,-22.85,EST_FILTERED,-22.85,EST_ANGLE,-22.07,EST_FILTER,ON,EST_FILTER_TYPE,MOVING_AVERAGE,EST_MA_WINDOW,1,EST_FILTER_STRENGTH,0.35
TM,EST_FUSION,ON,EST_GYRO_WEIGHT,0.98,EST_VALID,1
TM,SUN_L,3497,SUN_R,3641,SUN_NDV,-0.0202,SUN_ANGLE,-22.03
TM,MAG_X,-18.37,MAG_Y,29.07,MAG_Z,-9.14,MAG_HEADING,122.29
TM,GYRO_X,-10.106,GYRO_Y,-2.564,GYRO_Z,19.428,BODY_RATE,-19.428
TM,ADCS_MODE,MANUAL,ADCS_REFERENCE,SUN,TARGET,0.00,POINTING_ERROR,23.63,SUN_ERROR,23.74,MAG_ERROR,-120.22,GYRO_Z,31.485,RW_CMD,0
TM,EST_RAW,-23.74,EST_FILTERED,-23.74,EST_ANGLE,-23.63,EST_FILTER,ON,EST_FILTER_TYPE,MOVING_AVERAGE,EST_MA_WINDOW,1,EST_FILTER_STRENGTH,0.35
TM,EST_FUSION,ON,EST_GYRO_WEIGHT,0.98,EST_VALID,1
TM,SUN_L,3459,SUN_R,3630,SUN_NDV,-0.0241,SUN_ANGLE,-24.95
TM,MAG_X,-18.02,MAG_Y,30.93,MAG_Z,-8.53,MAG_HEADING,120.22
TM,GYRO_X,13.615,GYRO_Y,4.025,GYRO_Z,-32.188,BODY_RATE,32.188
TM,ADCS_MODE,MANUAL,ADCS_REFERENCE,SUN,TARGET,0.00,POINTING_ERROR,20.43,SUN_ERROR,21.33,MAG_ERROR,-118.86,GYRO_Z,-30.176,RW_CMD,0
TM,EST_RAW,-21.33,EST_FILTERED,-21.33,EST_ANGLE,-20.43,EST_FILTER,ON,EST_FILTER_TYPE,MOVING_AVERAGE,EST_MA_WINDOW,1,EST_FILTER_STRENGTH,0.35
TM,EST_FUSION,ON,EST_GYRO_WEIGHT,0.98,EST_VALID,1
TM,SUN_L,3509,SUN_R,3642,SUN_NDV,-0.0186,SUN_ANGLE,-20.47
TM,MAG_X,-16.93,MAG_Y,30.72,MAG_Z,-8.88,MAG_HEADING,118.86
TM,GYRO_X,3.745,GYRO_Y,-1.479,GYRO_Z,-20.428,BODY_RATE,20.428
TM,SUN_L,3557,SUN_R,3643,SUN_NDV,-0.0119,SUN_ANGLE,-15.29
TM,MAG_X,-18.21,MAG_Y,24.85,MAG_Z,-10.99,MAG_HEADING,126.23
TM,GYRO_X,-7.035,GYRO_Y,-6.352,GYRO_Z,13.504,BODY_RATE,-13.504
TM,ADCS_MODE,MANUAL,ADCS_REFERENCE,SUN,TARGET,0.00,POINTING_ERROR,15.97,SUN_ERROR,15.63,MAG_ERROR,-126.23,GYRO_Z,10.249,RW_CMD,0
TM,EST_RAW,-15.63,EST_FILTERED,-15.63,EST_ANGLE,-15.97,EST_FILTER,ON,EST_FILTER_TYPE,MOVING_AVERAGE,EST_MA_WINDOW,1,EST_FILTER_STRENGTH,0.35
TM,EST_FUSION,ON,EST_GYRO_WEIGHT,0.98,EST_VALID,1
TM,SUN_L,3550,SUN_R,3645,SUN_NDV,-0.0132,SUN_ANGLE,-16.27
TM,MAG_X,-18.56,MAG_Y,25.47,MAG_Z,-11.18,MAG_HEADING,126.08
TM,GYRO_X,0.341,GYRO_Y,-9.502,GYRO_Z,14.327,BODY_RATE,-14.327
TM,ADCS_MODE,MANUAL,ADCS_REFERENCE,SUN,TARGET,0.00,POINTING_ERROR,19.09,SUN_ERROR,17.95,MAG_ERROR,-126.08,GYRO_Z,49.589,RW_CMD,0
TM,EST_RAW,-17.95,EST_FILTERED,-17.95,EST_ANGLE,-19.09,EST_FILTER,ON,EST_FILTER_TYPE,MOVING_AVERAGE,EST_MA_WINDOW,1,EST_FILTER_STRENGTH,0.35
TM,EST_FUSION,ON,EST_GYRO_WEIGHT,0.98,EST_VALID,1
TM,SUN_L,3466,SUN_R,3635,SUN_NDV,-0.0238,SUN_ANGLE,-24.89
TM,MAG_X,-18.72,MAG_Y,27.98,MAG_Z,-11.06,MAG_HEADING,123.78
TM,GYRO_X,-7.166,GYRO_Y,-4.244,GYRO_Z,37.295,BODY_RATE,-37.295
TM,ADCS_MODE,MANUAL,ADCS_REFERENCE,SUN,TARGET,0.00,POINTING_ERROR,27.90,SUN_ERROR,28.74,MAG_ERROR,-118.84,GYRO_Z,-10.436,RW_CMD,0
TM,EST_RAW,-28.74,EST_FILTERED,-28.74,EST_ANGLE,-27.90,EST_FILTER,ON,EST_FILTER_TYPE,MOVING_AVERAGE,EST_MA_WINDOW,1,EST_FILTER_STRENGTH,0.35
TM,EST_FUSION,ON,EST_GYRO_WEIGHT,0.98,EST_VALID,1
TM,SUN_L,3431,SUN_R,3624,SUN_NDV,-0.0274,SUN_ANGLE,-27.56
TM,MAG_X,-18.00,MAG_Y,32.69,MAG_Z,-9.87,MAG_HEADING,118.84
TM,GYRO_X,3.832,GYRO_Y,-1.383,GYRO_Z,-35.758,BODY_RATE,35.758
TM,ADCS_MODE,MANUAL,ADCS_REFERENCE,SUN,TARGET,0.00,POINTING_ERROR,21.24,SUN_ERROR,22.14,MAG_ERROR,-120.37,GYRO_Z,-12.658,RW_CMD,0
TM,EST_RAW,-22.14,EST_FILTERED,-22.14,EST_ANGLE,-21.24,EST_FILTER,ON,EST_FILTER_TYPE,MOVING_AVERAGE,EST_MA_WINDOW,1,EST_FILTER_STRENGTH,0.35
TM,EST_FUSION,ON,EST_GYRO_WEIGHT,0.98,EST_VALID,1
TM,SUN_L,3494,SUN_R,3629,SUN_NDV,-0.0190,SUN_ANGLE,-21.15
TM,MAG_X,-18.88,MAG_Y,27.92,MAG_Z,-11.28,MAG_HEADING,124.07
TM,GYRO_X,-1.383,GYRO_Y,-1.846,GYRO_Z,1.263,BODY_RATE,-1.263
TM,SUN_L,3479,SUN_R,3631,SUN_NDV,-0.0214,SUN_ANGLE,-22.72
TM,MAG_X,-18.88,MAG_Y,28.56,MAG_Z,-10.96,MAG_HEADING,123.47
TM,GYRO_X,-1.094,GYRO_Y,-2.371,GYRO_Z,0.134,BODY_RATE,-0.134
TM,ADCS_MODE,MANUAL,ADCS_REFERENCE,SUN,TARGET,0.00,POINTING_ERROR,22.63,SUN_ERROR,22.69,MAG_ERROR,-123.47,GYRO_Z,-0.942,RW_CMD,0
TM,EST_RAW,-22.69,EST_FILTERED,-22.69,EST_ANGLE,-22.63,EST_FILTER,ON,EST_FILTER_TYPE,MOVING_AVERAGE,EST_MA_WINDOW,1,EST_FILTER_STRENGTH,0.35
TM,EST_FUSION,ON,EST_GYRO_WEIGHT,0.98,EST_VALID,1
TM,SUN_L,3484,SUN_R,3633,SUN_NDV,-0.0209,SUN_ANGLE,-22.45
TM,MAG_X,-18.90,MAG_Y,28.61,MAG_Z,-11.06,MAG_HEADING,123.45
TM,GYRO_X,-1.479,GYRO_Y,-2.214,GYRO_Z,1.403,BODY_RATE,-1.403
TM,ADCS_MODE,MANUAL,ADCS_REFERENCE,SUN,TARGET,0.00,POINTING_ERROR,22.41,SUN_ERROR,22.50,MAG_ERROR,-123.39,GYRO_Z,2.208,RW_CMD,0
TM,EST_RAW,-22.50,EST_FILTERED,-22.50,EST_ANGLE,-22.41,EST_FILTER,ON,EST_FILTER_TYPE,MOVING_AVERAGE,EST_MA_WINDOW,1,EST_FILTER_STRENGTH,0.35
TM,EST_FUSION,ON,EST_GYRO_WEIGHT,0.98,EST_VALID,1
TM,SUN_L,3482,SUN_R,3632,SUN_NDV,-0.0211,SUN_ANGLE,-22.65
TM,MAG_X,-18.82,MAG_Y,28.67,MAG_Z,-11.10,MAG_HEADING,123.27
TM,GYRO_X,-1.549,GYRO_Y,-3.255,GYRO_Z,-1.222,BODY_RATE,1.222
TM,ADCS_MODE,MANUAL,ADCS_REFERENCE,SUN,TARGET,0.00,POINTING_ERROR,22.30,SUN_ERROR,22.23,MAG_ERROR,-123.27,GYRO_Z,0.983,RW_CMD,0
TM,EST_RAW,-22.23,EST_FILTERED,-22.23,EST_ANGLE,-22.30,EST_FILTER,ON,EST_FILTER_TYPE,MOVING_AVERAGE,EST_MA_WINDOW,1,EST_FILTER_STRENGTH,0.35
TM,EST_FUSION,ON,EST_GYRO_WEIGHT,0.98,EST_VALID,1
TM,SUN_L,3486,SUN_R,3639,SUN_NDV,-0.0215,SUN_ANGLE,-23.31
TM,MAG_X,-18.83,MAG_Y,28.66,MAG_Z,-11.01,MAG_HEADING,123.31
TM,GYRO_X,-1.365,GYRO_Y,-2.642,GYRO_Z,-0.610,BODY_RATE,0.610
TM,ADCS_MODE,MANUAL,ADCS_REFERENCE,SUN,TARGET,0.00,POINTING_ERROR,23.74,SUN_ERROR,46.18,MAG_ERROR,-124.06,GYRO_Z,-4.670,RW_CMD,0
TM,EST_RAW,-46.18,EST_FILTERED,-46.18,EST_ANGLE,-23.74,EST_FILTER,ON,EST_FILTER_TYPE,MOVING_AVERAGE,EST_MA_WINDOW,1,EST_FILTER_STRENGTH,0.35
TM,EST_FUSION,ON,EST_GYRO_WEIGHT,0.98,EST_VALID,1
TM,SUN_L,2762,SUN_R,3080,SUN_NDV,-0.0544,SUN_ANGLE,-45.26
TM,MAG_X,-18.93,MAG_Y,28.00,MAG_Z,-11.31,MAG_HEADING,124.06
TM,GYRO_X,-1.732,GYRO_Y,-2.205,GYRO_Z,2.873,BODY_RATE,-2.873
TM,SUN_L,3513,SUN_R,3640,SUN_NDV,-0.0178,SUN_ANGLE,-19.78
TM,MAG_X,-18.86,MAG_Y,28.53,MAG_Z,-11.09,MAG_HEADING,123.47
TM,GYRO_X,4.077,GYRO_Y,-2.572,GYRO_Z,-33.343,BODY_RATE,33.343
TM,ADCS_MODE,MANUAL,ADCS_REFERENCE,SUN,TARGET,0.00,POINTING_ERROR,22.11,SUN_ERROR,19.78,MAG_ERROR,-125.63,GYRO_Z,-34.621,RW_CMD,0
TM,EST_RAW,-19.78,EST_FILTERED,-19.78,EST_ANGLE,-22.11,EST_FILTER,ON,EST_FILTER_TYPE,MOVING_AVERAGE,EST_MA_WINDOW,1,EST_FILTER_STRENGTH,0.35
TM,EST_FUSION,ON,EST_GYRO_WEIGHT,0.98,EST_VALID,1
TM,SUN_L,3600,SUN_R,3628,SUN_NDV,-0.0039,SUN_ANGLE,-6.11
TM,MAG_X,-19.36,MAG_Y,20.00,MAG_Z,-13.76,MAG_HEADING,134.07
TM,GYRO_X,13.773,GYRO_Y,-4.883,GYRO_Z,-94.025,BODY_RATE,94.025
TM,ADCS_MODE,MANUAL,ADCS_REFERENCE,SUN,TARGET,0.00,POINTING_ERROR,6.24,SUN_ERROR,1.95,MAG_ERROR,-134.07,GYRO_Z,-42.146,RW_CMD,0
TM,EST_RAW,-1.95,EST_FILTERED,-1.95,EST_ANGLE,-6.24,EST_FILTER,ON,EST_FILTER_TYPE,MOVING_AVERAGE,EST_MA_WINDOW,1,EST_FILTER_STRENGTH,0.35
TM,EST_FUSION,ON,EST_GYRO_WEIGHT,0.98,EST_VALID,1
TM,SUN_L,3626,SUN_R,3592,SUN_NDV,0.0047,SUN_ANGLE,0.46
TM,MAG_X,-18.85,MAG_Y,14.54,MAG_Z,-15.15,MAG_HEADING,142.34
TM,GYRO_X,0.254,GYRO_Y,-2.503,GYRO_Z,-12.728,BODY_RATE,12.728
TM,ADCS_MODE,MANUAL,ADCS_REFERENCE,SUN,TARGET,0.00,POINTING_ERROR,0.73,SUN_ERROR,-0.29,MAG_ERROR,-145.74,GYRO_Z,-30.167,RW_CMD,0
TM,EST_RAW,0.29,EST_FILTERED,0.29,EST_ANGLE,-0.73,EST_FILTER,ON,EST_FILTER_TYPE,MOVING_AVERAGE,EST_MA_WINDOW,1,EST_FILTER_STRENGTH,0.35
TM,EST_FUSION,ON,EST_GYRO_WEIGHT,0.98,EST_VALID,1
TM,SUN_L,3634,SUN_R,3580,SUN_NDV,0.0075,SUN_ANGLE,2.57
TM,MAG_X,-18.77,MAG_Y,12.78,MAG_Z,-15.79,MAG_HEADING,145.74
TM,GYRO_X,8.601,GYRO_Y,-3.588,GYRO_Z,-52.663,BODY_RATE,52.663
TM,ADCS_MODE,MANUAL,ADCS_REFERENCE,SUN,TARGET,0.00,POINTING_ERROR,-12.74,SUN_ERROR,-12.73,MAG_ERROR,-153.17,GYRO_Z,-78.922,RW_CMD,0
TM,EST_RAW,12.73,EST_FILTERED,12.73,EST_ANGLE,12.74,EST_FILTER,ON,EST_FILTER_TYPE,MOVING_AVERAGE,EST_MA_WINDOW,1,EST_FILTER_STRENGTH,0.35
TM,EST_FUSION,ON,EST_GYRO_WEIGHT,0.98,EST_VALID,1
TM,SUN_L,3635,SUN_R,3465,SUN_NDV,0.0239,SUN_ANGLE,14.96
TM,MAG_X,-13.17,MAG_Y,1.78,MAG_Z,-18.99,MAG_HEADING,172.32
TM,GYRO_X,11.410,GYRO_Y,-2.266,GYRO_Z,-73.497,BODY_RATE,73.497
TM,SUN_L,3613,SUN_R,3386,SUN_NDV,0.0324,SUN_ANGLE,20.70
TM,MAG_X,-10.99,MAG_Y,-0.70,MAG_Z,-19.73,MAG_HEADING,183.66
TM,GYRO_X,-6.256,GYRO_Y,-2.074,GYRO_Z,34.609,BODY_RATE,-34.609
TM,ADCS_MODE,MANUAL,ADCS_REFERENCE,SUN,TARGET,0.00,POINTING_ERROR,-19.56,SUN_ERROR,-20.26,MAG_ERROR,176.34,GYRO_Z,31.310,RW_CMD,0
TM,EST_RAW,20.26,EST_FILTERED,20.26,EST_ANGLE,19.56,EST_FILTER,ON,EST_FILTER_TYPE,MOVING_AVERAGE,EST_MA_WINDOW,1,EST_FILTER_STRENGTH,0.35
TM,EST_FUSION,ON,EST_GYRO_WEIGHT,0.98,EST_VALID,1
TM,SUN_L,3623,SUN_R,3411,SUN_NDV,0.0301,SUN_ANGLE,19.52
TM,MAG_X,-12.18,MAG_Y,0.67,MAG_Z,-19.74,MAG_HEADING,176.84
TM,GYRO_X,-0.245,GYRO_Y,-2.170,GYRO_Z,-6.612,BODY_RATE,6.612
TM,ADCS_MODE,MANUAL,ADCS_REFERENCE,SUN,TARGET,0.00,POINTING_ERROR,-20.21,SUN_ERROR,-20.14,MAG_ERROR,-176.84,GYRO_Z,-11.993,RW_CMD,0
TM,EST_RAW,20.14,EST_FILTERED,20.14,EST_ANGLE,20.21,EST_FILTER,ON,EST_FILTER_TYPE,MOVING_AVERAGE,EST_MA_WINDOW,1,EST_FILTER_STRENGTH,0.35
TM,EST_FUSION,ON,EST_GYRO_WEIGHT,0.98,EST_VALID,1
TM,SUN_L,3615,SUN_R,3380,SUN_NDV,0.0336,SUN_ANGLE,21.24
TM,MAG_X,-11.58,MAG_Y,0.00,MAG_Z,-19.86,MAG_HEADING,180.00
TM,GYRO_X,-0.814,GYRO_Y,-3.658,GYRO_Z,-4.477,BODY_RATE,4.477
TM,ADCS_MODE,MANUAL,ADCS_REFERENCE,SUN,TARGET,0.00,POINTING_ERROR,-22.45,SUN_ERROR,-21.71,MAG_ERROR,176.14,GYRO_Z,-10.147,RW_CMD,0
TM,EST_RAW,21.71,EST_FILTERED,21.71,EST_ANGLE,22.45,EST_FILTER,ON,EST_FILTER_TYPE,MOVING_AVERAGE,EST_MA_WINDOW,1,EST_FILTER_STRENGTH,0.35
TM,EST_FUSION,ON,EST_GYRO_WEIGHT,0.98,EST_VALID,1
TM,SUN_L,3607,SUN_R,3351,SUN_NDV,0.0368,SUN_ANGLE,22.71
TM,MAG_X,-10.11,MAG_Y,-1.82,MAG_Z,-20.45,MAG_HEADING,190.23
TM,GYRO_X,0.394,GYRO_Y,-3.316,GYRO_Z,-13.210,BODY_RATE,13.210
TM,ADCS_MODE,MANUAL,ADCS_REFERENCE,SUN,TARGET,0.00,POINTING_ERROR,-29.18,SUN_ERROR,-25.17,MAG_ERROR,150.01,GYRO_Z,-51.972,RW_CMD,0
TM,EST_RAW,25.17,EST_FILTERED,25.17,EST_ANGLE,29.18,EST_FILTER,ON,EST_FILTER_TYPE,MOVING_AVERAGE,EST_MA_WINDOW,1,EST_FILTER_STRENGTH,0.35
TM,EST_FUSION,ON,EST_GYRO_WEIGHT,0.98,EST_VALID,1
TM,SUN_L,3560,SUN_R,3226,SUN_NDV,0.0492,SUN_ANGLE,28.12
TM,MAG_X,-7.38,MAG_Y,-4.26,MAG_Z,-21.30,MAG_HEADING,209.99
TM,GYRO_X,4.463,GYRO_Y,-0.254,GYRO_Z,-32.853,BODY_RATE,32.853
TM,SUN_L,3427,SUN_R,2800,SUN_NDV,0.1007,SUN_ANGLE,43.19
TM,MAG_X,-3.15,MAG_Y,-6.83,MAG_Z,-22.18,MAG_HEADING,245.23
TM,GYRO_X,14.656,GYRO_Y,-2.380,GYRO_Z,-87.672,BODY_RATE,87.672
TM,ADCS_MODE,MANUAL,ADCS_REFERENCE,SUN,TARGET,0.00,POINTING_ERROR,-45.72,SUN_ERROR,-43.74,MAG_ERROR,114.77,GYRO_Z,-88.337,RW_CMD,0
TM,EST_RAW,43.74,EST_FILTERED,43.74,EST_ANGLE,45.72,EST_FILTER,ON,EST_FILTER_TYPE,MOVING_AVERAGE,EST_MA_WINDOW,1,EST_FILTER_STRENGTH,0.35
TM,EST_FUSION,ON,EST_GYRO_WEIGHT,0.98,EST_VALID,1
TM,SUN_L,3230,SUN_R,2647,SUN_NDV,0.0992,SUN_ANGLE,42.28
TM,MAG_X,5.92,MAG_Y,-10.62,MAG_Z,-23.58,MAG_HEADING,299.13
TM,GYRO_X,3.421,GYRO_Y,-2.870,GYRO_Z,-30.141,BODY_RATE,30.141
TM,ADCS_MODE,MANUAL,ADCS_REFERENCE,SUN,TARGET,0.00,POINTING_ERROR,-54.59,SUN_ERROR,-41.68,MAG_ERROR,47.28,GYRO_Z,-12.177,RW_CMD,0
TM,EST_RAW,41.68,EST_FILTERED,41.68,EST_ANGLE,54.59,EST_FILTER,ON,EST_FILTER_TYPE,MOVING_AVERAGE,EST_MA_WINDOW,1,EST_FILTER_STRENGTH,0.35
TM,EST_FUSION,ON,EST_GYRO_WEIGHT,0.98,EST_VALID,1
TM,SUN_L,3191,SUN_R,2643,SUN_NDV,0.0939,SUN_ANGLE,40.94
TM,MAG_X,11.10,MAG_Y,-11.60,MAG_Z,-23.78,MAG_HEADING,313.75
TM,GYRO_X,0.394,GYRO_Y,-0.184,GYRO_Z,-12.300,BODY_RATE,12.300
TM,ADCS_MODE,MANUAL,ADCS_REFERENCE,SUN,TARGET,0.00,POINTING_ERROR,-53.21,SUN_ERROR,-39.95,MAG_ERROR,46.25,GYRO_Z,-5.912,RW_CMD,0
TM,EST_RAW,39.95,EST_FILTERED,39.95,EST_ANGLE,53.21,EST_FILTER,ON,EST_FILTER_TYPE,MOVING_AVERAGE,EST_MA_WINDOW,1,EST_FILTER_STRENGTH,0.35
TM,EST_FUSION,ON,EST_GYRO_WEIGHT,0.98,EST_VALID,1
TM,SUN_L,3154,SUN_R,2646,SUN_NDV,0.0876,SUN_ANGLE,38.74
TM,MAG_X,11.95,MAG_Y,-11.60,MAG_Z,-23.71,MAG_HEADING,315.86
TM,GYRO_X,-0.621,GYRO_Y,0.621,GYRO_Z,-14.863,BODY_RATE,14.863
TM,ADCS_MODE,MANUAL,ADCS_REFERENCE,SUN,TARGET,0.00,POINTING_ERROR,-51.41,SUN_ERROR,-38.51,MAG_ERROR,42.13,GYRO_Z,-4.731,RW_CMD,0
TM,EST_RAW,38.51,EST_FILTERED,38.51,EST_ANGLE,51.41,EST_FILTER,ON,EST_FILTER_TYPE,MOVING_AVERAGE,EST_MA_WINDOW,1,EST_FILTER_STRENGTH,0.35
TM,EST_FUSION,ON,EST_GYRO_WEIGHT,0.98,EST_VALID,1
TM,SUN_L,3150,SUN_R,2647,SUN_NDV,0.0868,SUN_ANGLE,38.15
TM,MAG_X,12.75,MAG_Y,-11.54,MAG_Z,-24.14,MAG_HEADING,317.87
TM,GYRO_X,1.102,GYRO_Y,0.105,GYRO_Z,-8.388,BODY_RATE,8.388
TM,SUN_L,3133,SUN_R,2652,SUN_NDV,0.0831,SUN_ANGLE,36.41
TM,MAG_X,13.46,MAG_Y,-11.65,MAG_Z,-24.10,MAG_HEADING,319.12
TM,GYRO_X,-0.437,GYRO_Y,-0.271,GYRO_Z,-2.876,BODY_RATE,2.876
TM,ADCS_MODE,MANUAL,ADCS_REFERENCE,SUN,TARGET,0.00,POINTING_ERROR,-49.12,SUN_ERROR,-36.41,MAG_ERROR,40.88,GYRO_Z,3.249,RW_CMD,0
TM,EST_RAW,36.41,EST_FILTERED,36.41,EST_ANGLE,49.12,EST_FILTER,ON,EST_FILTER_TYPE,MOVING_AVERAGE,EST_MA_WINDOW,1,EST_FILTER_STRENGTH,0.35
TM,EST_FUSION,ON,EST_GYRO_WEIGHT,0.98,EST_VALID,1
TM,SUN_L,3135,SUN_R,2653,SUN_NDV,0.0833,SUN_ANGLE,36.51
TM,MAG_X,13.42,MAG_Y,-12.08,MAG_Z,-23.68,MAG_HEADING,318.02
TM,GYRO_X,-2.756,GYRO_Y,3.973,GYRO_Z,-7.242,BODY_RATE,7.242
TM,ADCS_MODE,MANUAL,ADCS_REFERENCE,SUN,TARGET,0.00,POINTING_ERROR,-46.68,SUN_ERROR,-34.91,MAG_ERROR,41.98,GYRO_Z,0.082,RW_CMD,0
TM,EST_RAW,34.91,EST_FILTERED,34.91,EST_ANGLE,46.68,EST_FILTER,ON,EST_FILTER_TYPE,MOVING_AVERAGE,EST_MA_WINDOW,1,EST_FILTER_STRENGTH,0.35
TM,EST_FUSION,ON,EST_GYRO_WEIGHT,0.98,EST_VALID,1
TM,SUN_L,3048,SUN_R,2652,SUN_NDV,0.0695,SUN_ANGLE,28.22
TM,MAG_X,13.81,MAG_Y,-11.50,MAG_Z,-23.90,MAG_HEADING,320.20
TM,GYRO_X,-2.039,GYRO_Y,-0.639,GYRO_Z,-3.760,BODY_RATE,3.760
TM,ADCS_MODE,MANUAL,ADCS_REFERENCE,SUN,TARGET,0.00,POINTING_ERROR,-42.88,SUN_ERROR,-16.98,MAG_ERROR,38.52,GYRO_Z,-0.977,RW_CMD,0
TM,EST_RAW,16.98,EST_FILTERED,16.98,EST_ANGLE,42.88,EST_FILTER,ON,EST_FILTER_TYPE,MOVING_AVERAGE,EST_MA_WINDOW,1,EST_FILTER_STRENGTH,0.35
TM,EST_FUSION,ON,EST_GYRO_WEIGHT,0.98,EST_VALID,1
TM,SUN_L,2945,SUN_R,2652,SUN_NDV,0.0523,SUN_ANGLE,15.66
TM,MAG_X,14.27,MAG_Y,-11.36,MAG_Z,-23.89,MAG_HEADING,321.48
TM,GYRO_X,-1.768,GYRO_Y,-1.741,GYRO_Z,-3.077,BODY_RATE,3.077
TM,ADCS_MODE,MANUAL,ADCS_REFERENCE,SUN,TARGET,0.00,POINTING_ERROR,-37.10,SUN_ERROR,-12.53,MAG_ERROR,38.48,GYRO_Z,-0.977,RW_CMD,0
TM,EST_RAW,12.53,EST_FILTERED,12.53,EST_ANGLE,37.10,EST_FILTER,ON,EST_FILTER_TYPE,MOVING_AVERAGE,EST_MA_WINDOW,1,EST_FILTER_STRENGTH,0.35
TM,EST_FUSION,ON,EST_GYRO_WEIGHT,0.98,EST_VALID,1
TM,SUN_L,2924,SUN_R,2652,SUN_NDV,0.0488,SUN_ANGLE,12.57
TM,MAG_X,14.48,MAG_Y,-11.74,MAG_Z,-23.82,MAG_HEADING,320.96
TM,GYRO_X,-1.881,GYRO_Y,0.140,GYRO_Z,-1.511,BODY_RATE,1.511
TM,SUN_L,3010,SUN_R,2652,SUN_NDV,0.0632,SUN_ANGLE,23.71
TM,MAG_X,14.29,MAG_Y,-11.71,MAG_Z,-24.21,MAG_HEADING,320.66
TM,GYRO_X,-1.741,GYRO_Y,-3.176,GYRO_Z,0.685,BODY_RATE,-0.685
TM,ADCS_MODE,MANUAL,ADCS_REFERENCE,SUN,TARGET,0.00,POINTING_ERROR,-33.33,SUN_ERROR,-23.05,MAG_ERROR,39.34,GYRO_Z,0.537,RW_CMD,0
TM,EST_RAW,23.05,EST_FILTERED,23.05,EST_ANGLE,33.33,EST_FILTER,ON,EST_FILTER_TYPE,MOVING_AVERAGE,EST_MA_WINDOW,1,EST_FILTER_STRENGTH,0.35
TM,EST_FUSION,ON,EST_GYRO_WEIGHT,0.98,EST_VALID,1
TM,SUN_L,3082,SUN_R,2652,SUN_NDV,0.0750,SUN_ANGLE,31.74
TM,MAG_X,14.08,MAG_Y,-11.62,MAG_Z,-23.95,MAG_HEADING,320.48
TM,GYRO_X,0.761,GYRO_Y,0.656,GYRO_Z,-6.638,BODY_RATE,6.638
TM,ADCS_MODE,MANUAL,ADCS_REFERENCE,SUN,TARGET,0.00,POINTING_ERROR,-32.51,SUN_ERROR,-32.44,MAG_ERROR,39.68,GYRO_Z,-5.116,RW_CMD,0
TM,EST_RAW,32.44,EST_FILTERED,32.44,EST_ANGLE,32.51,EST_FILTER,ON,EST_FILTER_TYPE,MOVING_AVERAGE,EST_MA_WINDOW,1,EST_FILTER_STRENGTH,0.35
TM,EST_FUSION,ON,EST_GYRO_WEIGHT,0.98,EST_VALID,1
TM,SUN_L,3062,SUN_R,2657,SUN_NDV,0.0708,SUN_ANGLE,29.52
TM,MAG_X,14.56,MAG_Y,-12.08,MAG_Z,-23.68,MAG_HEADING,320.32
TM,GYRO_X,2.809,GYRO_Y,-15.453,GYRO_Z,3.065,BODY_RATE,-3.065
TM,ADCS_MODE,MANUAL,ADCS_REFERENCE,SUN,TARGET,0.00,POINTING_ERROR,-31.70,SUN_ERROR,-25.30,MAG_ERROR,39.39,GYRO_Z,-1.502,RW_CMD,0
TM,EST_RAW,25.30,EST_FILTERED,25.30,EST_ANGLE,31.70,EST_FILTER,ON,EST_FILTER_TYPE,MOVING_AVERAGE,EST_MA_WINDOW,1,EST_FILTER_STRENGTH,0.35
TM,EST_FUSION,ON,EST_GYRO_WEIGHT,0.98,EST_VALID,1
TM,SUN_L,3037,SUN_R,2655,SUN_NDV,0.0671,SUN_ANGLE,26.40
TM,MAG_X,14.72,MAG_Y,-12.06,MAG_Z,-23.62,MAG_HEADING,320.66
TM,GYRO_X,-0.683,GYRO_Y,-3.736,GYRO_Z,0.283,BODY_RATE,-0.283
TM,ADCS_MODE,MANUAL,ADCS_REFERENCE,SUN,TARGET,0.00,POINTING_ERROR,-30.89,SUN_ERROR,-24.18,MAG_ERROR,38.57,GYRO_Z,-1.931,RW_CMD,0
TM,EST_RAW,24.18,EST_FILTERED,24.18,EST_ANGLE,30.89,EST_FILTER,ON,EST_FILTER_TYPE,MOVING_AVERAGE,EST_MA_WINDOW,1,EST_FILTER_STRENGTH,0.35
TM,EST_FUSION,ON,EST_GYRO_WEIGHT,0.98,EST_VALID,1
TM,SUN_L,3062,SUN_R,2654,SUN_NDV,0.0714,SUN_ANGLE,29.46
TM,MAG_X,14.85,MAG_Y,-11.84,MAG_Z,-23.82,MAG_HEADING,321.43
TM,GYRO_X,-0.507,GYRO_Y,-4.174,GYRO_Z,-0.610,BODY_RATE,0.610
TM,SUN_L,3052,SUN_R,2656,SUN_NDV,0.0694,SUN_ANGLE,27.96
TM,MAG_X,14.88,MAG_Y,-11.97,MAG_Z,-23.78,MAG_HEADING,321.19
TM,GYRO_X,-1.015,GYRO_Y,-4.148,GYRO_Z,1.403,BODY_RATE,-1.403
TM,ADCS_MODE,MANUAL,ADCS_REFERENCE,SUN,TARGET,0.00,POINTING_ERROR,-30.72,SUN_ERROR,-28.12,MAG_ERROR,38.81,GYRO_Z,1.692,RW_CMD,0
TM,EST_RAW,28.12,EST_FILTERED,28.12,EST_ANGLE,30.72,EST_FILTER,ON,EST_FILTER_TYPE,MOVING_AVERAGE,EST_MA_WINDOW,1,EST_FILTER_STRENGTH,0.35
TM,EST_FUSION,ON,EST_GYRO_WEIGHT,0.98,EST_VALID,1
TM,SUN_L,3064,SUN_R,2661,SUN_NDV,0.0704,SUN_ANGLE,28.91
TM,MAG_X,15.38,MAG_Y,-11.86,MAG_Z,-23.58,MAG_HEADING,322.37
TM,GYRO_X,-0.910,GYRO_Y,-2.651,GYRO_Z,-3.488,BODY_RATE,3.488
TM,ADCS_MODE,MANUAL,ADCS_REFERENCE,SUN,TARGET,0.00,POINTING_ERROR,-30.48,SUN_ERROR,-28.42,MAG_ERROR,37.63,GYRO_Z,-0.942,RW_CMD,0
TM,EST_RAW,28.42,EST_FILTERED,28.42,EST_ANGLE,30.48,EST_FILTER,ON,EST_FILTER_TYPE,MOVING_AVERAGE,EST_MA_WINDOW,1,EST_FILTER_STRENGTH,0.35
TM,EST_FUSION,ON,EST_GYRO_WEIGHT,0.98,EST_VALID,1
TM,SUN_L,3078,SUN_R,2663,SUN_NDV,0.0723,SUN_ANGLE,30.08
TM,MAG_X,15.58,MAG_Y,-12.02,MAG_Z,-23.81,MAG_HEADING,322.37
TM,GYRO_X,-0.665,GYRO_Y,-2.695,GYRO_Z,-2.010,BODY_RATE,2.010
TM,ADCS_MODE,MANUAL,ADCS_REFERENCE,SUN,TARGET,0.00,POINTING_ERROR,-30.66,SUN_ERROR,-30.72,MAG_ERROR,37.09,GYRO_Z,-0.286,RW_CMD,0
TM,EST_RAW,30.72,EST_FILTERED,30.72,EST_ANGLE,30.66,EST_FILTER,ON,EST_FILTER_TYPE,MOVING_AVERAGE,EST_MA_WINDOW,1,EST_FILTER_STRENGTH,0.35
TM,EST_FUSION,ON,EST_GYRO_WEIGHT,0.98,EST_VALID,1
TM,SUN_L,3089,SUN_R,2665,SUN_NDV,0.0737,SUN_ANGLE,31.03
TM,MAG_X,15.60,MAG_Y,-11.79,MAG_Z,-23.81,MAG_HEADING,322.91
TM,GYRO_X,-2.328,GYRO_Y,-2.441,GYRO_Z,3.153,BODY_RATE,-3.153
TM,ADCS_MODE,MANUAL,ADCS_REFERENCE,SUN,TARGET,0.00,POINTING_ERROR,-30.48,SUN_ERROR,-32.49,MAG_ERROR,37.00,GYRO_Z,-0.198,RW_CMD,0
TM,EST_RAW,32.49,EST_FILTERED,32.49,EST_ANGLE,30.48,EST_FILTER,ON,EST_FILTER_TYPE,MOVING_AVERAGE,EST_MA_WINDOW,1,EST_FILTER_STRENGTH,0.35
TM,EST_FUSION,ON,EST_GYRO_WEIGHT,0.98,EST_VALID,1
TM,SUN_L,3101,SUN_R,2664,SUN_NDV,0.0758,SUN_ANGLE,32.41
TM,MAG_X,15.65,MAG_Y,-11.79,MAG_Z,-23.81,MAG_HEADING,323.00
TM,GYRO_X,-1.592,GYRO_Y,-1.129,GYRO_Z,0.580,BODY_RATE,-0.580
TM,SUN_L,3166,SUN_R,2664,SUN_NDV,0.0861,SUN_ANGLE,37.85
TM,MAG_X,13.98,MAG_Y,-11.97,MAG_Z,-23.66,MAG_HEADING,319.44
TM,GYRO_X,-6.186,GYRO_Y,3.798,GYRO_Z,21.432,BODY_RATE,-21.432
TM,ADCS_MODE,MANUAL,ADCS_REFERENCE,SUN,TARGET,0.00,POINTING_ERROR,-28.87,SUN_ERROR,-39.03,MAG_ERROR,40.56,GYRO_Z,22.429,RW_CMD,0
TM,EST_RAW,39.03,EST_FILTERED,39.03,EST_ANGLE,28.87,EST_FILTER,ON,EST_FILTER_TYPE,MOVING_AVERAGE,EST_MA_WINDOW,1,EST_FILTER_STRENGTH,0.35
TM,EST_FUSION,ON,EST_GYRO_WEIGHT,0.98,EST_VALID,1
TM,SUN_L,3259,SUN_R,2652,SUN_NDV,0.1027,SUN_ANGLE,43.00
TM,MAG_X,11.02,MAG_Y,-11.54,MAG_Z,-23.73,MAG_HEADING,313.70
TM,GYRO_X,-5.950,GYRO_Y,-2.844,GYRO_Z,23.637,BODY_RATE,-23.637
TM,ADCS_MODE,MANUAL,ADCS_REFERENCE,SUN,TARGET,0.00,POINTING_ERROR,-26.50,SUN_ERROR,-44.11,MAG_ERROR,46.30,GYRO_Z,26.340,RW_CMD,0
TM,EST_RAW,44.11,EST_FILTERED,44.11,EST_ANGLE,26.50,EST_FILTER,ON,EST_FILTER_TYPE,MOVING_AVERAGE,EST_MA_WINDOW,1,EST_FILTER_STRENGTH,0.35
TM,EST_FUSION,ON,EST_GYRO_WEIGHT,0.98,EST_VALID,1
TM,SUN_L,3432,SUN_R,2778,SUN_NDV,0.1053,SUN_ANGLE,44.02
TM,MAG_X,7.70,MAG_Y,-11.09,MAG_Z,-23.62,MAG_HEADING,304.76
TM,GYRO_X,-20.020,GYRO_Y,-2.809,GYRO_Z,110.568,BODY_RATE,-110.568
TM,ADCS_MODE,MANUAL,ADCS_REFERENCE,SUN,TARGET,0.00,POINTING_ERROR,-3.63,SUN_ERROR,-28.09,MAG_ERROR,112.64,GYRO_Z,167.565,RW_CMD,0
TM,EST_RAW,28.09,EST_FILTERED,28.09,EST_ANGLE,3.63,EST_FILTER,ON,EST_FILTER_TYPE,MOVING_AVERAGE,EST_MA_WINDOW,1,EST_FILTER_STRENGTH,0.35
TM,EST_FUSION,ON,EST_GYRO_WEIGHT,0.98,EST_VALID,1
TM,SUN_L,3637,SUN_R,3480,SUN_NDV,0.0221,SUN_ANGLE,14.16
TM,MAG_X,-2.98,MAG_Y,-7.14,MAG_Z,-22.18,MAG_HEADING,247.36
TM,GYRO_X,-37.091,GYRO_Y,-1.837,GYRO_Z,213.704,BODY_RATE,-213.704
TM,ADCS_MODE,MANUAL,ADCS_REFERENCE,SUN,TARGET,0.00,POINTING_ERROR,25.97,SUN_ERROR,11.26,MAG_ERROR,-155.98,GYRO_Z,17.197,RW_CMD,0
TM,EST_RAW,-11.26,EST_FILTERED,-11.26,EST_ANGLE,-25.97,EST_FILTER,ON,EST_FILTER_TYPE,MOVING_AVERAGE,EST_MA_WINDOW,1,EST_FILTER_STRENGTH,0.35
TM,EST_FUSION,ON,EST_GYRO_WEIGHT,0.98,EST_VALID,1
TM,SUN_L,3571,SUN_R,3631,SUN_NDV,-0.0083,SUN_ANGLE,-11.48
TM,MAG_X,-19.42,MAG_Y,17.70,MAG_Z,-14.35,MAG_HEADING,137.67
TM,GYRO_X,-0.954,GYRO_Y,-2.503,GYRO_Z,-2.937,BODY_RATE,2.937
TM,SUN_L,3563,SUN_R,3628,SUN_NDV,-0.0090,SUN_ANGLE,-13.08
TM,MAG_X,-19.60,MAG_Y,17.79,MAG_Z,-14.26,MAG_HEADING,137.77
TM,GYRO_X,-2.301,GYRO_Y,-2.100,GYRO_Z,7.055,BODY_RATE,-7.055
TM,ADCS_MODE,MANUAL,ADCS_REFERENCE,SUN,TARGET,0.00,POINTING_ERROR,23.88,SUN_ERROR,13.08,MAG_ERROR,-137.77,GYRO_Z,8.123,RW_CMD,0
TM,EST_RAW,-13.08,EST_FILTERED,-13.08,EST_ANGLE,-23.88,EST_FILTER,ON,EST_FILTER_TYPE,MOVING_AVERAGE,EST_MA_WINDOW,1,EST_FILTER_STRENGTH,0.35
TM,EST_FUSION,ON,EST_GYRO_WEIGHT,0.98,EST_VALID,1
TM,SUN_L,3564,SUN_R,3634,SUN_NDV,-0.0097,SUN_ANGLE,-13.33
TM,MAG_X,-19.71,MAG_Y,18.46,MAG_Z,-14.29,MAG_HEADING,136.87
TM,GYRO_X,-1.444,GYRO_Y,-1.969,GYRO_Z,7.729,BODY_RATE,-7.729
TM,ADCS_MODE,MANUAL,ADCS_REFERENCE,SUN,TARGET,0.00,POINTING_ERROR,22.06,SUN_ERROR,13.95,MAG_ERROR,-137.35,GYRO_Z,5.262,RW_CMD,0
TM,EST_RAW,-13.95,EST_FILTERED,-13.95,EST_ANGLE,-22.06,EST_FILTER,ON,EST_FILTER_TYPE,MOVING_AVERAGE,EST_MA_WINDOW,1,EST_FILTER_STRENGTH,0.35
TM,EST_FUSION,ON,EST_GYRO_WEIGHT,0.98,EST_VALID,1
TM,SUN_L,3561,SUN_R,3640,SUN_NDV,-0.0110,SUN_ANGLE,-14.45
TM,MAG_X,-19.66,MAG_Y,18.69,MAG_Z,-13.92,MAG_HEADING,136.46
TM,GYRO_X,0.044,GYRO_Y,-1.085,GYRO_Z,-6.175,BODY_RATE,6.175
TM,ADCS_MODE,MANUAL,ADCS_REFERENCE,SUN,TARGET,0.00,POINTING_ERROR,19.87,SUN_ERROR,13.20,MAG_ERROR,-136.46,GYRO_Z,-26.317,RW_CMD,0
TM,EST_RAW,-13.20,EST_FILTERED,-13.20,EST_ANGLE,-19.87,EST_FILTER,ON,EST_FILTER_TYPE,MOVING_AVERAGE,EST_MA_WINDOW,1,EST_FILTER_STRENGTH,0.35
TM,EST_FUSION,ON,EST_GYRO_WEIGHT,0.98,EST_VALID,1
TM,SUN_L,3687,SUN_R,3718,SUN_NDV,-0.0042,SUN_ANGLE,-4.18
TM,MAG_X,-19.95,MAG_Y,16.13,MAG_Z,-14.74,MAG_HEADING,141.05
TM,GYRO_X,-20.737,GYRO_Y,-58.039,GYRO_Z,-35.531,BODY_RATE,35.531
TM,ADCS_MODE,MANUAL,ADCS_REFERENCE,SUN,TARGET,0.00,POINTING_ERROR,13.78,SUN_ERROR,2.74,MAG_ERROR,-146.89,GYRO_Z,6.977,RW_CMD,0
TM,EST_RAW,-2.74,EST_FILTERED,-2.74,EST_ANGLE,-13.78,EST_FILTER,ON,EST_FILTER_TYPE,MOVING_AVERAGE,EST_MA_WINDOW,1,EST_FILTER_STRENGTH,0.35
TM,EST_FUSION,ON,EST_GYRO_WEIGHT,0.98,EST_VALID,1
TM,SUN_L,3733,SUN_R,3758,SUN_NDV,-0.0033,SUN_ANGLE,-2.80
TM,MAG_X,-20.46,MAG_Y,13.34,MAG_Z,-14.37,MAG_HEADING,146.89
TM,GYRO_X,15.278,GYRO_Y,27.799,GYRO_Z,-5.676,BODY_RATE,5.676
TM,SUN_L,3685,SUN_R,3709,SUN_NDV,-0.0032,SUN_ANGLE,-3.48
TM,MAG_X,-19.68,MAG_Y,14.34,MAG_Z,-15.17,MAG_HEADING,143.93
TM,GYRO_X,-0.385,GYRO_Y,-3.815,GYRO_Z,4.999,BODY_RATE,-4.999
TM,ADCS_MODE,MANUAL,ADCS_REFERENCE,SUN,TARGET,0.00,POINTING_ERROR,10.87,SUN_ERROR,3.74,MAG_ERROR,-143.93,GYRO_Z,5.104,RW_CMD,0
TM,EST_RAW,-3.74,EST_FILTERED,-3.74,EST_ANGLE,-10.87,EST_FILTER,ON,EST_FILTER_TYPE,MOVING_AVERAGE,EST_MA_WINDOW,1,EST_FILTER_STRENGTH,0.35
TM,EST_FUSION,ON,EST_GYRO_WEIGHT,0.98,EST_VALID,1
TM,SUN_L,3669,SUN_R,3678,SUN_NDV,-0.0012,SUN_ANGLE,-2.58
TM,MAG_X,-19.47,MAG_Y,14.72,MAG_Z,-14.66,MAG_HEADING,142.91
TM,GYRO_X,-0.560,GYRO_Y,-2.354,GYRO_Z,-2.263,BODY_RATE,2.263
TM,ADCS_MODE,MANUAL,ADCS_REFERENCE,SUN,TARGET,0.00,POINTING_ERROR,9.19,SUN_ERROR,2.71,MAG_ERROR,-142.91,GYRO_Z,3.223,RW_CMD,0
TM,EST_RAW,-2.71,EST_FILTERED,-2.71,EST_ANGLE,-9.19,EST_FILTER,ON,EST_FILTER_TYPE,MOVING_AVERAGE,EST_MA_WINDOW,1,EST_FILTER_STRENGTH,0.35
TM,EST_FUSION,ON,EST_GYRO_WEIGHT,0.98,EST_VALID,1
TM,SUN_L,3660,SUN_R,3672,SUN_NDV,-0.0016,SUN_ANGLE,-2.94
TM,MAG_X,-19.55,MAG_Y,14.94,MAG_Z,-14.70,MAG_HEADING,142.61
TM,GYRO_X,-2.257,GYRO_Y,-1.041,GYRO_Z,5.655,BODY_RATE,-5.655
TM,ADCS_MODE,MANUAL,ADCS_REFERENCE,SUN,TARGET,0.00,POINTING_ERROR,7.76,SUN_ERROR,3.18,MAG_ERROR,-142.55,GYRO_Z,-1.957,RW_CMD,0
TM,EST_RAW,-3.18,EST_FILTERED,-3.18,EST_ANGLE,-7.76,EST_FILTER,ON,EST_FILTER_TYPE,MOVING_AVERAGE,EST_MA_WINDOW,1,EST_FILTER_STRENGTH,0.35
TM,EST_FUSION,ON,EST_GYRO_WEIGHT,0.98,EST_VALID,1
TM,SUN_L,3632,SUN_R,3641,SUN_NDV,-0.0012,SUN_ANGLE,-3.57
TM,MAG_X,-19.34,MAG_Y,14.82,MAG_Z,-14.74,MAG_HEADING,142.55
TM,GYRO_X,-4.226,GYRO_Y,-2.144,GYRO_Z,25.107,BODY_RATE,-25.107
TM,ADCS_MODE,MANUAL,ADCS_REFERENCE,SUN,TARGET,0.00,POINTING_ERROR,10.33,SUN_ERROR,10.26,MAG_ERROR,-138.97,GYRO_Z,0.143,RW_CMD,0
TM,EST_RAW,-10.26,EST_FILTERED,-10.26,EST_ANGLE,-10.33,EST_FILTER,ON,EST_FILTER_TYPE,MOVING_AVERAGE,EST_MA_WINDOW,1,EST_FILTER_STRENGTH,0.35
TM,EST_FUSION,ON,EST_GYRO_WEIGHT,0.98,EST_VALID,1
TM,SUN_L,3567,SUN_R,3632,SUN_NDV,-0.0090,SUN_ANGLE,-12.56
TM,MAG_X,-19.34,MAG_Y,16.83,MAG_Z,-14.37,MAG_HEADING,138.97
TM,GYRO_X,0.192,GYRO_Y,11.882,GYRO_Z,4.780,BODY_RATE,-4.780
TM,SUN_L,3576,SUN_R,3637,SUN_NDV,-0.0085,SUN_ANGLE,-12.40
TM,MAG_X,-19.30,MAG_Y,17.38,MAG_Z,-14.40,MAG_HEADING,138.00
TM,GYRO_X,-0.858,GYRO_Y,-2.336,GYRO_Z,-1.082,BODY_RATE,1.082
TM,ADCS_MODE,MANUAL,ADCS_REFERENCE,SUN,TARGET,0.00,POINTING_ERROR,10.32,SUN_ERROR,11.89,MAG_ERROR,-138.00,GYRO_Z,-3.777,RW_CMD,0
TM,EST_RAW,-11.89,EST_FILTERED,-11.89,EST_ANGLE,-10.32,EST_FILTER,ON,EST_FILTER_TYPE,MOVING_AVERAGE,EST_MA_WINDOW,1,EST_FILTER_STRENGTH,0.35
TM,EST_FUSION,ON,EST_GYRO_WEIGHT,0.98,EST_VALID,1
TM,SUN_L,3567,SUN_R,3637,SUN_NDV,-0.0097,SUN_ANGLE,-13.33
TM,MAG_X,-19.36,MAG_Y,17.46,MAG_Z,-14.26,MAG_HEADING,137.96
TM,GYRO_X,-5.924,GYRO_Y,-3.063,GYRO_Z,13.749,BODY_RATE,-13.749
TM,ADCS_MODE,MANUAL,ADCS_REFERENCE,SUN,TARGET,0.00,POINTING_ERROR,12.65,SUN_ERROR,13.78,MAG_ERROR,-137.96,GYRO_Z,12.253,RW_CMD,0
TM,EST_RAW,-13.78,EST_FILTERED,-13.78,EST_ANGLE,-12.65,EST_FILTER,ON,EST_FILTER_TYPE,MOVING_AVERAGE,EST_MA_WINDOW,1,EST_FILTER_STRENGTH,0.35
TM,EST_FUSION,ON,EST_GYRO_WEIGHT,0.98,EST_VALID,1
TM,SUN_L,3542,SUN_R,3638,SUN_NDV,-0.0134,SUN_ANGLE,-16.33
TM,MAG_X,-19.55,MAG_Y,19.02,MAG_Z,-13.79,MAG_HEADING,135.78
TM,GYRO_X,-2.669,GYRO_Y,-2.599,GYRO_Z,4.037,BODY_RATE,-4.037
TM,ADCS_MODE,MANUAL,ADCS_REFERENCE,SUN,TARGET,0.00,POINTING_ERROR,15.09,SUN_ERROR,16.23,MAG_ERROR,-133.70,GYRO_Z,-5.510,RW_CMD,0
TM,EST_RAW,-16.23,EST_FILTERED,-16.23,EST_ANGLE,-15.09,EST_FILTER,ON,EST_FILTER_TYPE,MOVING_AVERAGE,EST_MA_WINDOW,1,EST_FILTER_STRENGTH,0.35
TM,EST_FUSION,ON,EST_GYRO_WEIGHT,0.98,EST_VALID,1
TM,SUN_L,3545,SUN_R,3632,SUN_NDV,-0.0121,SUN_ANGLE,-15.71
TM,MAG_X,-19.57,MAG_Y,19.82,MAG_Z,-13.71,MAG_HEADING,134.63
TM,GYRO_X,-0.577,GYRO_Y,-3.264,GYRO_Z,-9.570,BODY_RATE,9.570
TM,ADCS_MODE,MANUAL,ADCS_REFERENCE,SUN,TARGET,0.00,POINTING_ERROR,10.72,SUN_ERROR,12.47,MAG_ERROR,-138.62,GYRO_Z,-35.767,RW_CMD,0
TM,EST_RAW,-12.47,EST_FILTERED,-12.47,EST_ANGLE,-10.72,EST_FILTER,ON,EST_FILTER_TYPE,MOVING_AVERAGE,EST_MA_WINDOW,1,EST_FILTER_STRENGTH,0.35
TM,EST_FUSION,ON,EST_GYRO_WEIGHT,0.98,EST_VALID,1
TM,SUN_L,3574,SUN_R,3626,SUN_NDV,-0.0072,SUN_ANGLE,-11.17
TM,MAG_X,-19.49,MAG_Y,17.17,MAG_Z,-14.32,MAG_HEADING,138.62
TM,GYRO_X,-2.152,GYRO_Y,-2.599,GYRO_Z,-11.976,BODY_RATE,11.976
TM,SUN_L,3556,SUN_R,3631,SUN_NDV,-0.0104,SUN_ANGLE,-14.15
TM,MAG_X,-19.49,MAG_Y,17.73,MAG_Z,-14.08,MAG_HEADING,137.71
TM,GYRO_X,-3.308,GYRO_Y,-3.168,GYRO_Z,6.802,BODY_RATE,-6.802
TM,ADCS_MODE,MANUAL,ADCS_REFERENCE,SUN,TARGET,0.00,POINTING_ERROR,13.62,SUN_ERROR,14.50,MAG_ERROR,-137.71,GYRO_Z,4.859,RW_CMD,0
TM,EST_RAW,-14.50,EST_FILTERED,-14.50,EST_ANGLE,-13.62,EST_FILTER,ON,EST_FILTER_TYPE,MOVING_AVERAGE,EST_MA_WINDOW,1,EST_FILTER_STRENGTH,0.35
TM,EST_FUSION,ON,EST_GYRO_WEIGHT,0.98,EST_VALID,1
TM,SUN_L,3535,SUN_R,3636,SUN_NDV,-0.0141,SUN_ANGLE,-17.01
TM,MAG_X,-19.78,MAG_Y,19.49,MAG_Z,-13.70,MAG_HEADING,135.42
TM,GYRO_X,-3.841,GYRO_Y,0.884,GYRO_Z,-2.727,BODY_RATE,2.727
TM,ADCS_MODE,MANUAL,ADCS_REFERENCE,SUN,TARGET,0.00,POINTING_ERROR,15.92,SUN_ERROR,16.39,MAG_ERROR,-134.05,GYRO_Z,-4.258,RW_CMD,0
TM,EST_RAW,-16.39,EST_FILTERED,-16.39,EST_ANGLE,-15.92,EST_FILTER,ON,EST_FILTER_TYPE,MOVING_AVERAGE,EST_MA_WINDOW,1,EST_FILTER_STRENGTH,0.35
TM,EST_FUSION,ON,EST_GYRO_WEIGHT,0.98,EST_VALID,1
TM,SUN_L,3645,SUN_R,3696,SUN_NDV,-0.0069,SUN_ANGLE,-9.16
TM,MAG_X,-19.57,MAG_Y,19.58,MAG_Z,-14.32,MAG_HEADING,134.98
TM,GYRO_X,1.496,GYRO_Y,-2.188,GYRO_Z,25.763,BODY_RATE,-25.763
TM,ADCS_MODE,MANUAL,ADCS_REFERENCE,SUN,TARGET,0.00,POINTING_ERROR,16.23,SUN_ERROR,9.84,MAG_ERROR,-134.98,GYRO_Z,13.775,RW_CMD,0
TM,EST_RAW,-9.84,EST_FILTERED,-9.84,EST_ANGLE,-16.23,EST_FILTER,ON,EST_FILTER_TYPE,MOVING_AVERAGE,EST_MA_WINDOW,1,EST_FILTER_STRENGTH,0.35
TM,EST_FUSION,ON,EST_GYRO_WEIGHT,0.98,EST_VALID,1
TM,SUN_L,3633,SUN_R,3701,SUN_NDV,-0.0093,SUN_ANGLE,-11.99
TM,MAG_X,-19.66,MAG_Y,21.57,MAG_Z,-13.66,MAG_HEADING,132.36
TM,GYRO_X,-6.991,GYRO_Y,-6.904,GYRO_Z,1.665,BODY_RATE,-1.665
TM,ADCS_MODE,MANUAL,ADCS_REFERENCE,SUN,TARGET,0.00,POINTING_ERROR,15.68,SUN_ERROR,13.14,MAG_ERROR,-132.15,GYRO_Z,-8.861,RW_CMD,0
TM,EST_RAW,-13.14,EST_FILTERED,-13.14,EST_ANGLE,-15.68,EST_FILTER,ON,EST_FILTER_TYPE,MOVING_AVERAGE,EST_MA_WINDOW,1,EST_FILTER_STRENGTH,0.35
TM,EST_FUSION,ON,EST_GYRO_WEIGHT,0.98,EST_VALID,1
TM,SUN_L,3602,SUN_R,3681,SUN_NDV,-0.0108,SUN_ANGLE,-13.65
TM,MAG_X,-19.66,MAG_Y,21.73,MAG_Z,-13.28,MAG_HEADING,132.15
TM,GYRO_X,-0.219,GYRO_Y,-3.894,GYRO_Z,4.352,BODY_RATE,-4.352
TM,SUN_L,3545,SUN_R,3645,SUN_NDV,-0.0139,SUN_ANGLE,-16.97
TM,MAG_X,-19.46,MAG_Y,22.00,MAG_Z,-13.44,MAG_HEADING,131.49
TM,GYRO_X,-13.326,GYRO_Y,-21.569,GYRO_Z,-14.426,BODY_RATE,14.426
TM,ADCS_MODE,MANUAL,ADCS_REFERENCE,SUN,TARGET,0.00,POINTING_ERROR,16.09,SUN_ERROR,16.97,MAG_ERROR,-130.96,GYRO_Z,-4.083,RW_CMD,0
TM,EST_RAW,-16.97,EST_FILTERED,-16.97,EST_ANGLE,-16.09,EST_FILTER,ON,EST_FILTER_TYPE,MOVING_AVERAGE,EST_MA_WINDOW,1,EST_FILTER_STRENGTH,0.35
TM,EST_FUSION,ON,EST_GYRO_WEIGHT,0.98,EST_VALID,1
TM,SUN_L,3555,SUN_R,3658,SUN_NDV,-0.0143,SUN_ANGLE,-16.78
TM,MAG_X,-19.82,MAG_Y,21.71,MAG_Z,-12.80,MAG_HEADING,132.40
TM,GYRO_X,-2.336,GYRO_Y,-3.027,GYRO_Z,-8.590,BODY_RATE,8.590
TM,ADCS_MODE,MANUAL,ADCS_REFERENCE,SUN,TARGET,0.00,POINTING_ERROR,15.49,SUN_ERROR,16.11,MAG_ERROR,-132.40,GYRO_Z,1.858,RW_CMD,0
TM,EST_RAW,-16.11,EST_FILTERED,-16.11,EST_ANGLE,-15.49,EST_FILTER,ON,EST_FILTER_TYPE,MOVING_AVERAGE,EST_MA_WINDOW,1,EST_FILTER_STRENGTH,0.35
TM,EST_FUSION,ON,EST_GYRO_WEIGHT,0.98,EST_VALID,1
TM,SUN_L,3550,SUN_R,3672,SUN_NDV,-0.0169,SUN_ANGLE,-18.73
TM,MAG_X,-19.70,MAG_Y,22.11,MAG_Z,-12.91,MAG_HEADING,131.69
TM,GYRO_X,-5.451,GYRO_Y,-18.961,GYRO_Z,13.618,BODY_RATE,-13.618
TM,ADCS_MODE,MANUAL,ADCS_REFERENCE,SUN,TARGET,0.00,POINTING_ERROR,17.50,SUN_ERROR,18.34,MAG_ERROR,-130.65,GYRO_Z,-24.313,RW_CMD,0
TM,EST_RAW,-18.34,EST_FILTERED,-18.34,EST_ANGLE,-17.50,EST_FILTER,ON,EST_FILTER_TYPE,MOVING_AVERAGE,EST_MA_WINDOW,1,EST_FILTER_STRENGTH,0.35
TM,EST_FUSION,ON,EST_GYRO_WEIGHT,0.98,EST_VALID,1
TM,SUN_L,3577,SUN_R,3674,SUN_NDV,-0.0134,SUN_ANGLE,-15.66
TM,MAG_X,-19.81,MAG_Y,23.07,MAG_Z,-12.45,MAG_HEADING,130.65
TM,GYRO_X,6.729,GYRO_Y,1.820,GYRO_Z,-45.033,BODY_RATE,45.033
TM,ADCS_MODE,MANUAL,ADCS_REFERENCE,SUN,TARGET,0.00,POINTING_ERROR,16.13,SUN_ERROR,15.11,MAG_ERROR,-135.68,GYRO_Z,53.938,RW_CMD,0
TM,EST_RAW,-15.11,EST_FILTERED,-15.11,EST_ANGLE,-16.13,EST_FILTER,ON,EST_FILTER_TYPE,MOVING_AVERAGE,EST_MA_WINDOW,1,EST_FILTER_STRENGTH,0.35
TM,EST_FUSION,ON,EST_GYRO_WEIGHT,0.98,EST_VALID,1
TM,SUN_L,3578,SUN_R,3694,SUN_NDV,-0.0160,SUN_ANGLE,-17.62
TM,MAG_X,-20.21,MAG_Y,21.89,MAG_Z,-12.46,MAG_HEADING,132.71
TM,GYRO_X,-8.435,GYRO_Y,-11.769,GYRO_Z,41.347,BODY_RATE,-41.347
TM,SUN_L,3620,SUN_R,3728,SUN_NDV,-0.0147,SUN_ANGLE,-16.55
TM,MAG_X,-20.27,MAG_Y,20.88,MAG_Z,-12.69,MAG_HEADING,134.15
TM,GYRO_X,-4.025,GYRO_Y,7.604,GYRO_Z,-9.263,BODY_RATE,9.263
TM,ADCS_MODE,MANUAL,ADCS_REFERENCE,SUN,TARGET,0.00,POINTING_ERROR,16.47,SUN_ERROR,15.87,MAG_ERROR,-134.15,GYRO_Z,-7.671,RW_CMD,0
TM,EST_RAW,-15.87,EST_FILTERED,-15.87,EST_ANGLE,-16.47,EST_FILTER,ON,EST_FILTER_TYPE,MOVING_AVERAGE,EST_MA_WINDOW,1,EST_FILTER_STRENGTH,0.35
TM,EST_FUSION,ON,EST_GYRO_WEIGHT,0.98,EST_VALID,1
TM,SUN_L,3586,SUN_R,3700,SUN_NDV,-0.0156,SUN_ANGLE,-17.32
TM,MAG_X,-19.54,MAG_Y,20.14,MAG_Z,-13.68,MAG_HEADING,134.12
TM,GYRO_X,76.037,GYRO_Y,27.519,GYRO_Z,-1.030,BODY_RATE,1.030
TM,ADCS_MODE,MANUAL,ADCS_REFERENCE,SUN,TARGET,0.00,POINTING_ERROR,15.30,SUN_ERROR,19.51,MAG_ERROR,-134.12,GYRO_Z,-4.731,RW_CMD,0
TM,EST_RAW,-19.51,EST_FILTERED,-19.51,EST_ANGLE,-15.30,EST_FILTER,ON,EST_FILTER_TYPE,MOVING_AVERAGE,EST_MA_WINDOW,1,EST_FILTER_STRENGTH,0.35
TM,EST_FUSION,ON,EST_GYRO_WEIGHT,0.98,EST_VALID,1
TM,SUN_L,3415,SUN_R,3546,SUN_NDV,-0.0188,SUN_ANGLE,-22.09
TM,MAG_X,-15.82,MAG_Y,21.39,MAG_Z,-17.84,MAG_HEADING,126.49
TM,GYRO_X,-2.660,GYRO_Y,28.569,GYRO_Z,-22.861,BODY_RATE,22.861
TM,ADCS_MODE,MANUAL,ADCS_REFERENCE,SUN,TARGET,0.00,POINTING_ERROR,10.84,SUN_ERROR,21.82,MAG_ERROR,-122.31,GYRO_Z,-45.961,RW_CMD,0
TM,EST_RAW,-21.82,EST_FILTERED,-21.82,EST_ANGLE,-10.84,EST_FILTER,ON,EST_FILTER_TYPE,MOVING_AVERAGE,EST_MA_WINDOW,1,EST_FILTER_STRENGTH,0.35
TM,EST_FUSION,ON,EST_GYRO_WEIGHT,0.98,EST_VALID,1
TM,SUN_L,3233,SUN_R,3308,SUN_NDV,-0.0115,SUN_ANGLE,-21.13
TM,MAG_X,-14.02,MAG_Y,21.18,MAG_Z,-18.62,MAG_HEADING,123.49
TM,GYRO_X,0.096,GYRO_Y,28.875,GYRO_Z,-38.462,BODY_RATE,38.462
TM,ADCS_MODE,MANUAL,ADCS_REFERENCE,SUN,TARGET,0.00,POINTING_ERROR,4.65,SUN_ERROR,17.80,MAG_ERROR,-121.65,GYRO_Z,-32.416,RW_CMD,0
TM,EST_RAW,-17.80,EST_FILTERED,-17.80,EST_ANGLE,-4.65,EST_FILTER,ON,EST_FILTER_TYPE,MOVING_AVERAGE,EST_MA_WINDOW,1,EST_FILTER_STRENGTH,0.35
TM,EST_FUSION,ON,EST_GYRO_WEIGHT,0.98,EST_VALID,1
TM,SUN_L,3189,SUN_R,3204,SUN_NDV,-0.0023,SUN_ANGLE,-16.77
TM,MAG_X,-12.29,MAG_Y,19.94,MAG_Z,-19.34,MAG_HEADING,121.65
TM,GYRO_X,10.299,GYRO_Y,-0.989,GYRO_Z,-23.587,BODY_RATE,23.587
TM,SUN_L,3254,SUN_R,3247,SUN_NDV,0.0011,SUN_ANGLE,-13.32
TM,MAG_X,-11.22,MAG_Y,18.82,MAG_Z,-20.14,MAG_HEADING,120.80
TM,GYRO_X,-16.853,GYRO_Y,40.994,GYRO_Z,16.470,BODY_RATE,-16.470
TM,ADCS_MODE,MANUAL,ADCS_REFERENCE,SUN,TARGET,0.00,POINTING_ERROR,6.08,SUN_ERROR,13.18,MAG_ERROR,-120.80,GYRO_Z,17.214,RW_CMD,0
TM,EST_RAW,-13.18,EST_FILTERED,-13.18,EST_ANGLE,-6.08,EST_FILTER,ON,EST_FILTER_TYPE,MOVING_AVERAGE,EST_MA_WINDOW,1,EST_FILTER_STRENGTH,0.35
TM,EST_FUSION,ON,EST_GYRO_WEIGHT,0.98,EST_VALID,1
TM,SUN_L,3318,SUN_R,3339,SUN_NDV,-0.0032,SUN_ANGLE,-14.25
TM,MAG_X,-12.34,MAG_Y,24.40,MAG_Z,-17.62,MAG_HEADING,116.82
TM,GYRO_X,-18.253,GYRO_Y,23.170,GYRO_Z,-2.500,BODY_RATE,2.500
TM,ADCS_MODE,MANUAL,ADCS_REFERENCE,SUN,TARGET,0.00,POINTING_ERROR,10.81,SUN_ERROR,14.18,MAG_ERROR,-116.82,GYRO_Z,12.585,RW_CMD,0
TM,EST_RAW,-14.18,EST_FILTERED,-14.18,EST_ANGLE,-10.81,EST_FILTER,ON,EST_FILTER_TYPE,MOVING_AVERAGE,EST_MA_WINDOW,1,EST_FILTER_STRENGTH,0.35
TM,EST_FUSION,ON,EST_GYRO_WEIGHT,0.98,EST_VALID,1
TM,SUN_L,3185,SUN_R,3321,SUN_NDV,-0.0209,SUN_ANGLE,-27.28
TM,MAG_X,-11.98,MAG_Y,23.89,MAG_Z,-18.38,MAG_HEADING,116.64
TM,GYRO_X,2.747,GYRO_Y,-15.313,GYRO_Z,-9.675,BODY_RATE,9.675
TM,ADCS_MODE,MANUAL,ADCS_REFERENCE,SUN,TARGET,0.00,POINTING_ERROR,12.42,SUN_ERROR,17.95,MAG_ERROR,-117.99,GYRO_Z,-11.985,RW_CMD,0
TM,EST_RAW,-17.95,EST_FILTERED,-17.95,EST_ANGLE,-12.42,EST_FILTER,ON,EST_FILTER_TYPE,MOVING_AVERAGE,EST_MA_WINDOW,1,EST_FILTER_STRENGTH,0.35
TM,EST_FUSION,ON,EST_GYRO_WEIGHT,0.98,EST_VALID,1
TM,SUN_L,3255,SUN_R,3288,SUN_NDV,-0.0050,SUN_ANGLE,-17.01
TM,MAG_X,-11.47,MAG_Y,21.58,MAG_Z,-19.52,MAG_HEADING,117.99
TM,GYRO_X,1.601,GYRO_Y,8.461,GYRO_Z,-22.782,BODY_RATE,22.782
TM,ADCS_MODE,MANUAL,ADCS_REFERENCE,SUN,TARGET,0.00,POINTING_ERROR,10.84,SUN_ERROR,18.72,MAG_ERROR,-117.35,GYRO_Z,-0.190,RW_CMD,0
TM,EST_RAW,-18.72,EST_FILTERED,-18.72,EST_ANGLE,-10.84,EST_FILTER,ON,EST_FILTER_TYPE,MOVING_AVERAGE,EST_MA_WINDOW,1,EST_FILTER_STRENGTH,0.35
TM,EST_FUSION,ON,EST_GYRO_WEIGHT,0.98,EST_VALID,1
TM,SUN_L,3254,SUN_R,3285,SUN_NDV,-0.0047,SUN_ANGLE,-16.71
TM,MAG_X,-10.77,MAG_Y,20.82,MAG_Z,-19.97,MAG_HEADING,117.35
TM,GYRO_X,6.668,GYRO_Y,-24.579,GYRO_Z,0.668,BODY_RATE,-0.668
TM,SUN_L,3217,SUN_R,3254,SUN_NDV,-0.0057,SUN_ANGLE,-18.10
TM,MAG_X,-10.78,MAG_Y,16.90,MAG_Z,-21.17,MAG_HEADING,122.55
TM,GYRO_X,1.995,GYRO_Y,-33.092,GYRO_Z,8.674,BODY_RATE,-8.674
TM,ADCS_MODE,MANUAL,ADCS_REFERENCE,SUN,TARGET,0.00,POINTING_ERROR,13.49,SUN_ERROR,18.21,MAG_ERROR,-122.55,GYRO_Z,8.753,RW_CMD,0
TM,EST_RAW,-18.21,EST_FILTERED,-18.21,EST_ANGLE,-13.49,EST_FILTER,ON,EST_FILTER_TYPE,MOVING_AVERAGE,EST_MA_WINDOW,1,EST_FILTER_STRENGTH,0.35
TM,EST_FUSION,ON,EST_GYRO_WEIGHT,0.98,EST_VALID,1
TM,SUN_L,3224,SUN_R,3270,SUN_NDV,-0.0071,SUN_ANGLE,-18.74
TM,MAG_X,-11.62,MAG_Y,16.50,MAG_Z,-20.83,MAG_HEADING,125.15
TM,GYRO_X,1.426,GYRO_Y,2.004,GYRO_Z,-7.242,BODY_RATE,7.242
TM,ADCS_MODE,MANUAL,ADCS_REFERENCE,SUN,TARGET,0.00,POINTING_ERROR,14.51,SUN_ERROR,18.19,MAG_ERROR,-125.15,GYRO_Z,-9.080,RW_CMD,0
TM,EST_RAW,-18.19,EST_FILTERED,-18.19,EST_ANGLE,-14.51,EST_FILTER,ON,EST_FILTER_TYPE,MOVING_AVERAGE,EST_MA_WINDOW,1,EST_FILTER_STRENGTH,0.35
TM,EST_FUSION,ON,EST_GYRO_WEIGHT,0.98,EST_VALID,1
TM,SUN_L,3221,SUN_R,3250,SUN_NDV,-0.0045,SUN_ANGLE,-17.44
TM,MAG_X,-11.28,MAG_Y,16.51,MAG_Z,-21.14,MAG_HEADING,124.34
TM,GYRO_X,4.445,GYRO_Y,21.236,GYRO_Z,-15.038,BODY_RATE,15.038
TM,ADCS_MODE,MANUAL,ADCS_REFERENCE,SUN,TARGET,0.00,POINTING_ERROR,11.79,SUN_ERROR,15.89,MAG_ERROR,-120.08,GYRO_Z,-16.526,RW_CMD,0
TM,EST_RAW,-15.89,EST_FILTERED,-15.89,EST_ANGLE,-11.79,EST_FILTER,ON,EST_FILTER_TYPE,MOVING_AVERAGE,EST_MA_WINDOW,1,EST_FILTER_STRENGTH,0.35
TM,EST_FUSION,ON,EST_GYRO_WEIGHT,0.98,EST_VALID,1
TM,SUN_L,3240,SUN_R,3113,SUN_NDV,0.0200,SUN_ANGLE,-0.09
TM,MAG_X,-10.13,MAG_Y,17.49,MAG_Z,-21.12,MAG_HEADING,120.08
TM,GYRO_X,3.063,GYRO_Y,11.051,GYRO_Z,-17.112,BODY_RATE,17.112
TM,ADCS_MODE,MANUAL,ADCS_REFERENCE,SUN,TARGET,0.00,POINTING_ERROR,7.50,SUN_ERROR,1.22,MAG_ERROR,-117.71,GYRO_Z,-11.083,RW_CMD,0
TM,EST_RAW,-1.22,EST_FILTERED,-1.22,EST_ANGLE,-7.50,EST_FILTER,ON,EST_FILTER_TYPE,MOVING_AVERAGE,EST_MA_WINDOW,1,EST_FILTER_STRENGTH,0.35
TM,EST_FUSION,ON,EST_GYRO_WEIGHT,0.98,EST_VALID,1
TM,SUN_L,3252,SUN_R,3246,SUN_NDV,0.0009,SUN_ANGLE,-13.60
TM,MAG_X,-8.70,MAG_Y,17.44,MAG_Z,-21.95,MAG_HEADING,116.52
TM,GYRO_X,3.771,GYRO_Y,-5.093,GYRO_Z,-7.645,BODY_RATE,7.645
TM,SUN_L,3244,SUN_R,3226,SUN_NDV,0.0028,SUN_ANGLE,-12.45
TM,MAG_X,-8.37,MAG_Y,16.06,MAG_Z,-22.67,MAG_HEADING,117.52
TM,GYRO_X,-1.347,GYRO_Y,-15.960,GYRO_Z,-2.062,BODY_RATE,2.062
TM,ADCS_MODE,MANUAL,ADCS_REFERENCE,SUN,TARGET,0.00,POINTING_ERROR,7.53,SUN_ERROR,12.45,MAG_ERROR,-117.52,GYRO_Z,-1.476,RW_CMD,0
TM,EST_RAW,-12.45,EST_FILTERED,-12.45,EST_ANGLE,-7.53,EST_FILTER,ON,EST_FILTER_TYPE,MOVING_AVERAGE,EST_MA_WINDOW,1,EST_FILTER_STRENGTH,0.35
TM,EST_FUSION,ON,EST_GYRO_WEIGHT,0.98,EST_VALID,1
TM,SUN_L,3224,SUN_R,3200,SUN_NDV,0.0037,SUN_ANGLE,-12.30
TM,MAG_X,-8.13,MAG_Y,14.70,MAG_Z,-22.85,MAG_HEADING,118.93
TM,GYRO_X,-0.184,GYRO_Y,-11.602,GYRO_Z,1.762,BODY_RATE,-1.762
TM,ADCS_MODE,MANUAL,ADCS_REFERENCE,SUN,TARGET,0.00,POINTING_ERROR,8.75,SUN_ERROR,12.93,MAG_ERROR,-119.99,GYRO_Z,3.100,RW_CMD,0
TM,EST_RAW,-12.93,EST_FILTERED,-12.93,EST_ANGLE,-8.75,EST_FILTER,ON,EST_FILTER_TYPE,MOVING_AVERAGE,EST_MA_WINDOW,1,EST_FILTER_STRENGTH,0.35
TM,EST_FUSION,ON,EST_GYRO_WEIGHT,0.98,EST_VALID,1
TM,SUN_L,3213,SUN_R,3193,SUN_NDV,0.0031,SUN_ANGLE,-13.04
TM,MAG_X,-8.45,MAG_Y,14.14,MAG_Z,-23.06,MAG_HEADING,120.85
TM,GYRO_X,0.866,GYRO_Y,-2.398,GYRO_Z,-3.331,BODY_RATE,3.331
TM,ADCS_MODE,MANUAL,ADCS_REFERENCE,SUN,TARGET,0.00,POINTING_ERROR,9.09,SUN_ERROR,12.52,MAG_ERROR,-120.85,GYRO_Z,-4.547,RW_CMD,0
TM,EST_RAW,-12.52,EST_FILTERED,-12.52,EST_ANGLE,-9.09,EST_FILTER,ON,EST_FILTER_TYPE,MOVING_AVERAGE,EST_MA_WINDOW,1,EST_FILTER_STRENGTH,0.35
TM,EST_FUSION,ON,EST_GYRO_WEIGHT,0.98,EST_VALID,1
TM,SUN_L,3221,SUN_R,3191,SUN_NDV,0.0047,SUN_ANGLE,-11.91
TM,MAG_X,-8.34,MAG_Y,14.34,MAG_Z,-22.85,MAG_HEADING,120.18
TM,GYRO_X,-4.305,GYRO_Y,0.306,GYRO_Z,-1.563,BODY_RATE,1.563
TM,ADCS_MODE,MANUAL,ADCS_REFERENCE,SUN,TARGET,0.00,POINTING_ERROR,9.46,SUN_ERROR,12.05,MAG_ERROR,-120.62,GYRO_Z,1.202,RW_CMD,0
TM,EST_RAW,-12.05,EST_FILTERED,-12.05,EST_ANGLE,-9.46,EST_FILTER,ON,EST_FILTER_TYPE,MOVING_AVERAGE,EST_MA_WINDOW,1,EST_FILTER_STRENGTH,0.35
TM,EST_FUSION,ON,EST_GYRO_WEIGHT,0.98,EST_VALID,1
TM,SUN_L,3207,SUN_R,3180,SUN_NDV,0.0042,SUN_ANGLE,-12.43
TM,MAG_X,-8.24,MAG_Y,13.92,MAG_Z,-22.83,MAG_HEADING,120.62
TM,GYRO_X,3.281,GYRO_Y,-11.480,GYRO_Z,1.683,BODY_RATE,-1.683
TM,SUN_L,3197,SUN_R,3177,SUN_NDV,0.0031,SUN_ANGLE,-13.51
TM,MAG_X,-8.29,MAG_Y,13.49,MAG_Z,-22.85,MAG_HEADING,121.57
TM,GYRO_X,0.604,GYRO_Y,-4.830,GYRO_Z,-0.015,BODY_RATE,0.015
TM,ADCS_MODE,MANUAL,ADCS_REFERENCE,SUN,TARGET,0.00,POINTING_ERROR,10.44,SUN_ERROR,13.54,MAG_ERROR,-121.57,GYRO_Z,-0.198,RW_CMD,0
TM,EST_RAW,-13.54,EST_FILTERED,-13.54,EST_ANGLE,-10.44,EST_FILTER,ON,EST_FILTER_TYPE,MOVING_AVERAGE,EST_MA_WINDOW,1,EST_FILTER_STRENGTH,0.35
TM,EST_FUSION,ON,EST_GYRO_WEIGHT,0.98,EST_VALID,1
TM,SUN_L,3195,SUN_R,3176,SUN_NDV,0.0030,SUN_ANGLE,-13.66
TM,MAG_X,-8.21,MAG_Y,12.98,MAG_Z,-23.01,MAG_HEADING,122.32
TM,GYRO_X,-2.957,GYRO_Y,-3.386,GYRO_Z,1.455,BODY_RATE,-1.455
TM,ADCS_MODE,MANUAL,ADCS_REFERENCE,SUN,TARGET,0.00,POINTING_ERROR,11.23,SUN_ERROR,13.79,MAG_ERROR,-122.32,GYRO_Z,-0.093,RW_CMD,0
TM,EST_RAW,-13.79,EST_FILTERED,-13.79,EST_ANGLE,-11.23,EST_FILTER,ON,EST_FILTER_TYPE,MOVING_AVERAGE,EST_MA_WINDOW,1,EST_FILTER_STRENGTH,0.35
TM,EST_FUSION,ON,EST_GYRO_WEIGHT,0.98,EST_VALID,1
TM,SUN_L,3191,SUN_R,3174,SUN_NDV,0.0027,SUN_ANGLE,-14.08
TM,MAG_X,-8.11,MAG_Y,12.83,MAG_Z,-23.01,MAG_HEADING,122.30
TM,GYRO_X,2.651,GYRO_Y,-4.786,GYRO_Z,-1.152,BODY_RATE,1.152
TM,ADCS_MODE,MANUAL,ADCS_REFERENCE,SUN,TARGET,0.00,POINTING_ERROR,11.65,SUN_ERROR,14.04,MAG_ERROR,-122.99,GYRO_Z,-0.688,RW_CMD,0
TM,EST_RAW,-14.04,EST_FILTERED,-14.04,EST_ANGLE,-11.65,EST_FILTER,ON,EST_FILTER_TYPE,MOVING_AVERAGE,EST_MA_WINDOW,1,EST_FILTER_STRENGTH,0.35
TM,EST_FUSION,ON,EST_GYRO_WEIGHT,0.98,EST_VALID,1
TM,SUN_L,3193,SUN_R,3175,SUN_NDV,0.0028,SUN_ANGLE,-14.04
TM,MAG_X,-8.26,MAG_Y,12.72,MAG_Z,-22.96,MAG_HEADING,122.99
TM,GYRO_X,-5.355,GYRO_Y,-3.946,GYRO_Z,2.007,BODY_RATE,-2.007
TM,ADCS_MODE,MANUAL,ADCS_REFERENCE,SUN,TARGET,0.00,POINTING_ERROR,12.42,SUN_ERROR,13.88,MAG_ERROR,-123.49,GYRO_Z,0.020,RW_CMD,0
TM,EST_RAW,-13.88,EST_FILTERED,-13.88,EST_ANGLE,-12.42,EST_FILTER,ON,EST_FILTER_TYPE,MOVING_AVERAGE,EST_MA_WINDOW,1,EST_FILTER_STRENGTH,0.35
TM,EST_FUSION,ON,EST_GYRO_WEIGHT,0.98,EST_VALID,1
TM,SUN_L,3193,SUN_R,3175,SUN_NDV,0.0028,SUN_ANGLE,-14.18
TM,MAG_X,-8.29,MAG_Y,12.53,MAG_Z,-22.99,MAG_HEADING,123.49
TM,GYRO_X,6.930,GYRO_Y,-10.351,GYRO_Z,-0.697,BODY_RATE,0.697
TM,SUN_L,3193,SUN_R,3176,SUN_NDV,0.0027,SUN_ANGLE,-13.88
TM,MAG_X,-7.86,MAG_Y,11.68,MAG_Z,-23.26,MAG_HEADING,123.92
TM,GYRO_X,-3.474,GYRO_Y,-2.940,GYRO_Z,0.187,BODY_RATE,-0.187
TM,ADCS_MODE,MANUAL,ADCS_REFERENCE,SUN,TARGET,0.00,POINTING_ERROR,12.62,SUN_ERROR,14.05,MAG_ERROR,-123.92,GYRO_Z,0.274,RW_CMD,0
TM,EST_RAW,-14.05,EST_FILTERED,-14.05,EST_ANGLE,-12.62,EST_FILTER,ON,EST_FILTER_TYPE,MOVING_AVERAGE,EST_MA_WINDOW,1,EST_FILTER_STRENGTH,0.35
TM,EST_FUSION,ON,EST_GYRO_WEIGHT,0.98,EST_VALID,1
TM,SUN_L,3194,SUN_R,3177,SUN_NDV,0.0027,SUN_ANGLE,-13.83
TM,MAG_X,-8.00,MAG_Y,11.39,MAG_Z,-23.15,MAG_HEADING,125.08
TM,GYRO_X,-0.298,GYRO_Y,-3.063,GYRO_Z,1.482,BODY_RATE,-1.482
TM,ADCS_MODE,MANUAL,ADCS_REFERENCE,SUN,TARGET,0.00,POINTING_ERROR,13.02,SUN_ERROR,13.76,MAG_ERROR,-125.08,GYRO_Z,1.377,RW_CMD,0
TM,EST_RAW,-13.76,EST_FILTERED,-13.76,EST_ANGLE,-13.02,EST_FILTER,ON,EST_FILTER_TYPE,MOVING_AVERAGE,EST_MA_WINDOW,1,EST_FILTER_STRENGTH,0.35
TM,EST_FUSION,ON,EST_GYRO_WEIGHT,0.98,EST_VALID,1
TM,SUN_L,3197,SUN_R,3181,SUN_NDV,0.0025,SUN_ANGLE,-14.01
TM,MAG_X,-8.00,MAG_Y,11.23,MAG_Z,-23.25,MAG_HEADING,125.46
TM,GYRO_X,-2.616,GYRO_Y,-6.720,GYRO_Z,4.080,BODY_RATE,-4.080
TM,ADCS_MODE,MANUAL,ADCS_REFERENCE,SUN,TARGET,0.00,POINTING_ERROR,15.59,SUN_ERROR,14.14,MAG_ERROR,-125.68,GYRO_Z,36.097,RW_CMD,0
TM,EST_RAW,-14.14,EST_FILTERED,-14.14,EST_ANGLE,-15.59,EST_FILTER,ON,EST_FILTER_TYPE,MOVING_AVERAGE,EST_MA_WINDOW,1,EST_FILTER_STRENGTH,0.35
TM,EST_FUSION,ON,EST_GYRO_WEIGHT,0.98,EST_VALID,1
TM,SUN_L,3221,SUN_R,3234,SUN_NDV,-0.0020,SUN_ANGLE,-15.86
TM,MAG_X,-10.54,MAG_Y,15.31,MAG_Z,-21.44,MAG_HEADING,124.55
TM,GYRO_X,-36.269,GYRO_Y,22.391,GYRO_Z,35.125,BODY_RATE,-35.125
TM,ADCS_MODE,MANUAL,ADCS_REFERENCE,SUN,TARGET,0.00,POINTING_ERROR,22.85,SUN_ERROR,4.09,MAG_ERROR,-127.41,GYRO_Z,42.265,RW_CMD,0
TM,EST_RAW,-4.09,EST_FILTERED,-4.09,EST_ANGLE,-22.85,EST_FILTER,ON,EST_FILTER_TYPE,MOVING_AVERAGE,EST_MA_WINDOW,1,EST_FILTER_STRENGTH,0.35
TM,EST_FUSION,ON,EST_GYRO_WEIGHT,0.98,EST_VALID,1
TM,SUN_L,3364,SUN_R,3318,SUN_NDV,0.0069,SUN_ANGLE,-4.24
TM,MAG_X,-16.64,MAG_Y,21.76,MAG_Z,-14.77,MAG_HEADING,127.41
TM,GYRO_X,-5.093,GYRO_Y,-118.309,GYRO_Z,34.994,BODY_RATE,-34.994
TM,SUN_L,3740,SUN_R,3691,SUN_NDV,0.0066,SUN_ANGLE,4.36
TM,MAG_X,-19.17,MAG_Y,15.12,MAG_Z,-15.50,MAG_HEADING,141.73
TM,GYRO_X,3.938,GYRO_Y,-31.981,GYRO_Z,-67.171,BODY_RATE,67.171
TM,ADCS_MODE,MANUAL,ADCS_REFERENCE,SUN,TARGET,0.00,POINTING_ERROR,15.18,SUN_ERROR,-6.68,MAG_ERROR,-141.73,GYRO_Z,-73.156,RW_CMD,0
TM,EST_RAW,6.68,EST_FILTERED,6.68,EST_ANGLE,-15.18,EST_FILTER,ON,EST_FILTER_TYPE,MOVING_AVERAGE,EST_MA_WINDOW,1,EST_FILTER_STRENGTH,0.35
TM,EST_FUSION,ON,EST_GYRO_WEIGHT,0.98,EST_VALID,1
TM,SUN_L,3791,SUN_R,3662,SUN_NDV,0.0173,SUN_ANGLE,15.71
TM,MAG_X,-17.65,MAG_Y,4.82,MAG_Z,-17.82,MAG_HEADING,164.74
TM,GYRO_X,-13.641,GYRO_Y,40.057,GYRO_Z,14.773,BODY_RATE,-14.773
TM,ADCS_MODE,MANUAL,ADCS_REFERENCE,SUN,TARGET,0.00,POINTING_ERROR,6.30,SUN_ERROR,-13.80,MAG_ERROR,-161.92,GYRO_Z,8.508,RW_CMD,0
TM,EST_RAW,13.80,EST_FILTERED,13.80,EST_ANGLE,-6.30,EST_FILTER,ON,EST_FILTER_TYPE,MOVING_AVERAGE,EST_MA_WINDOW,1,EST_FILTER_STRENGTH,0.35
TM,EST_FUSION,ON,EST_GYRO_WEIGHT,0.98,EST_VALID,1
TM,SUN_L,3739,SUN_R,3658,SUN_NDV,0.0110,SUN_ANGLE,9.11
TM,MAG_X,-17.60,MAG_Y,7.74,MAG_Z,-17.95,MAG_HEADING,156.25
TM,GYRO_X,20.081,GYRO_Y,-2.170,GYRO_Z,2.759,BODY_RATE,-2.759
TM,ADCS_MODE,MANUAL,ADCS_REFERENCE,SUN,TARGET,0.00,POINTING_ERROR,4.31,SUN_ERROR,-6.88,MAG_ERROR,-156.25,GYRO_Z,0.537,RW_CMD,0
TM,EST_RAW,6.88,EST_FILTERED,6.88,EST_ANGLE,-4.31,EST_FILTER,ON,EST_FILTER_TYPE,MOVING_AVERAGE,EST_MA_WINDOW,1,EST_FILTER_STRENGTH,0.35
TM,EST_FUSION,ON,EST_GYRO_WEIGHT,0.98,EST_VALID,1
TM,SUN_L,3695,SUN_R,3627,SUN_NDV,0.0093,SUN_ANGLE,5.42
TM,MAG_X,-17.82,MAG_Y,8.42,MAG_Z,-17.26,MAG_HEADING,154.72
TM,GYRO_X,2.634,GYRO_Y,1.374,GYRO_Z,22.429,BODY_RATE,-22.429
TM,ADCS_MODE,MANUAL,ADCS_REFERENCE,SUN,TARGET,0.00,POINTING_ERROR,3.29,SUN_ERROR,-4.85,MAG_ERROR,-152.95,GYRO_Z,-3.401,RW_CMD,0
TM,EST_RAW,4.85,EST_FILTERED,4.85,EST_ANGLE,-3.29,EST_FILTER,ON,EST_FILTER_TYPE,MOVING_AVERAGE,EST_MA_WINDOW,1,EST_FILTER_STRENGTH,0.35
TM,EST_FUSION,ON,EST_GYRO_WEIGHT,0.98,EST_VALID,1
TM,SUN_L,3699,SUN_R,3633,SUN_NDV,0.0090,SUN_ANGLE,5.52
TM,MAG_X,-18.11,MAG_Y,9.25,MAG_Z,-16.85,MAG_HEADING,152.95
TM,GYRO_X,1.671,GYRO_Y,-2.082,GYRO_Z,-17.375,BODY_RATE,17.375
TM,SUN_L,3683,SUN_R,3646,SUN_NDV,0.0050,SUN_ANGLE,2.39
TM,MAG_X,-17.78,MAG_Y,8.40,MAG_Z,-17.20,MAG_HEADING,154.71
TM,GYRO_X,-10.045,GYRO_Y,-2.109,GYRO_Z,56.362,BODY_RATE,-56.362
TM,ADCS_MODE,MANUAL,ADCS_REFERENCE,SUN,TARGET,0.00,POINTING_ERROR,6.16,SUN_ERROR,-2.39,MAG_ERROR,-147.49,GYRO_Z,73.503,RW_CMD,0
TM,EST_RAW,2.39,EST_FILTERED,2.39,EST_ANGLE,-6.16,EST_FILTER,ON,EST_FILTER_TYPE,MOVING_AVERAGE,EST_MA_WINDOW,1,EST_FILTER_STRENGTH,0.35
TM,EST_FUSION,ON,EST_GYRO_WEIGHT,0.98,EST_VALID,1
TM,SUN_L,3645,SUN_R,3671,SUN_NDV,-0.0036,SUN_ANGLE,-4.58
TM,MAG_X,-20.03,MAG_Y,16.26,MAG_Z,-14.69,MAG_HEADING,140.94
TM,GYRO_X,2.713,GYRO_Y,-3.745,GYRO_Z,-20.052,BODY_RATE,20.052
TM,ADCS_MODE,MANUAL,ADCS_REFERENCE,SUN,TARGET,0.00,POINTING_ERROR,8.41,SUN_ERROR,3.13,MAG_ERROR,-140.94,GYRO_Z,-15.660,RW_CMD,0
TM,EST_RAW,-3.13,EST_FILTERED,-3.13,EST_ANGLE,-8.41,EST_FILTER,ON,EST_FILTER_TYPE,MOVING_AVERAGE,EST_MA_WINDOW,1,EST_FILTER_STRENGTH,0.35
TM,EST_FUSION,ON,EST_GYRO_WEIGHT,0.98,EST_VALID,1
TM,SUN_L,3653,SUN_R,3668,SUN_NDV,-0.0020,SUN_ANGLE,-3.47
TM,MAG_X,-19.86,MAG_Y,14.53,MAG_Z,-15.22,MAG_HEADING,143.81
TM,GYRO_X,-5.994,GYRO_Y,-2.485,GYRO_Z,23.759,BODY_RATE,-23.759
TM,ADCS_MODE,MANUAL,ADCS_REFERENCE,SUN,TARGET,0.00,POINTING_ERROR,10.82,SUN_ERROR,7.62,MAG_ERROR,-139.13,GYRO_Z,10.109,RW_CMD,0
TM,EST_RAW,-7.62,EST_FILTERED,-7.62,EST_ANGLE,-10.82,EST_FILTER,ON,EST_FILTER_TYPE,MOVING_AVERAGE,EST_MA_WINDOW,1,EST_FILTER_STRENGTH,0.35
TM,EST_FUSION,ON,EST_GYRO_WEIGHT,0.98,EST_VALID,1
TM,SUN_L,3637,SUN_R,3674,SUN_NDV,-0.0051,SUN_ANGLE,-6.35
TM,MAG_X,-20.08,MAG_Y,17.38,MAG_Z,-14.27,MAG_HEADING,139.13
TM,GYRO_X,1.925,GYRO_Y,-3.465,GYRO_Z,-17.488,BODY_RATE,17.488
TM,ADCS_MODE,MANUAL,ADCS_REFERENCE,SUN,TARGET,0.00,POINTING_ERROR,7.74,SUN_ERROR,4.45,MAG_ERROR,-140.13,GYRO_Z,-11.486,RW_CMD,0
TM,EST_RAW,-4.45,EST_FILTERED,-4.45,EST_ANGLE,-7.74,EST_FILTER,ON,EST_FILTER_TYPE,MOVING_AVERAGE,EST_MA_WINDOW,1,EST_FILTER_STRENGTH,0.35
TM,EST_FUSION,ON,EST_GYRO_WEIGHT,0.98,EST_VALID,1
TM,SUN_L,3657,SUN_R,3682,SUN_NDV,-0.0034,SUN_ANGLE,-4.32
TM,MAG_X,-20.05,MAG_Y,15.82,MAG_Z,-14.93,MAG_HEADING,141.72
TM,GYRO_X,-4.034,GYRO_Y,-3.386,GYRO_Z,2.715,BODY_RATE,-2.715
TM,SUN_L,3671,SUN_R,3688,SUN_NDV,-0.0023,SUN_ANGLE,-3.29
TM,MAG_X,-20.08,MAG_Y,15.47,MAG_Z,-14.82,MAG_HEADING,142.39
TM,GYRO_X,-8.899,GYRO_Y,5.075,GYRO_Z,-9.333,BODY_RATE,9.333
TM,ADCS_MODE,MANUAL,ADCS_REFERENCE,SUN,TARGET,0.00,POINTING_ERROR,6.06,SUN_ERROR,3.15,MAG_ERROR,-142.39,GYRO_Z,-4.766,RW_CMD,0
TM,EST_RAW,-3.15,EST_FILTERED,-3.15,EST_ANGLE,-6.06,EST_FILTER,ON,EST_FILTER_TYPE,MOVING_AVERAGE,EST_MA_WINDOW,1,EST_FILTER_STRENGTH,0.35
TM,EST_FUSION,ON,EST_GYRO_WEIGHT,0.98,EST_VALID,1
TM,SUN_L,3659,SUN_R,3661,SUN_NDV,-0.0003,SUN_ANGLE,-2.06
TM,MAG_X,-20.03,MAG_Y,15.02,MAG_Z,-14.83,MAG_HEADING,143.13
TM,GYRO_X,1.558,GYRO_Y,2.774,GYRO_Z,1.018,BODY_RATE,-1.018
TM,ADCS_MODE,MANUAL,ADCS_REFERENCE,SUN,TARGET,0.00,POINTING_ERROR,5.18,SUN_ERROR,2.34,MAG_ERROR,-143.13,GYRO_Z,-1.800,RW_CMD,0
TM,EST_RAW,-2.34,EST_FILTERED,-2.34,EST_ANGLE,-5.18,EST_FILTER,ON,EST_FILTER_TYPE,MOVING_AVERAGE,EST_MA_WINDOW,1,EST_FILTER_STRENGTH,0.35
TM,EST_FUSION,ON,EST_GYRO_WEIGHT,0.98,EST_VALID,1
TM,SUN_L,3647,SUN_R,3651,SUN_NDV,-0.0005,SUN_ANGLE,-2.27
TM,MAG_X,-19.82,MAG_Y,15.02,MAG_Z,-14.69,MAG_HEADING,142.84
TM,GYRO_X,1.977,GYRO_Y,-2.476,GYRO_Z,-7.312,BODY_RATE,7.312
TM,ADCS_MODE,MANUAL,ADCS_REFERENCE,SUN,TARGET,0.00,POINTING_ERROR,3.10,SUN_ERROR,1.86,MAG_ERROR,-144.12,GYRO_Z,-0.085,RW_CMD,0
TM,EST_RAW,-1.86,EST_FILTERED,-1.86,EST_ANGLE,-3.10,EST_FILTER,ON,EST_FILTER_TYPE,MOVING_AVERAGE,EST_MA_WINDOW,1,EST_FILTER_STRENGTH,0.35
TM,EST_FUSION,ON,EST_GYRO_WEIGHT,0.98,EST_VALID,1
TM,SUN_L,3661,SUN_R,3664,SUN_NDV,-0.0004,SUN_ANGLE,-1.77
TM,MAG_X,-19.84,MAG_Y,14.14,MAG_Z,-14.90,MAG_HEADING,144.51
TM,GYRO_X,-1.706,GYRO_Y,-2.730,GYRO_Z,1.105,BODY_RATE,-1.105
TM,ADCS_MODE,MANUAL,ADCS_REFERENCE,SUN,TARGET,0.00,POINTING_ERROR,3.36,SUN_ERROR,2.34,MAG_ERROR,-144.01,GYRO_Z,6.872,RW_CMD,0
TM,EST_RAW,-2.34,EST_FILTERED,-2.34,EST_ANGLE,-3.36,EST_FILTER,ON,EST_FILTER_TYPE,MOVING_AVERAGE,EST_MA_WINDOW,1,EST_FILTER_STRENGTH,0.35
TM,EST_FUSION,ON,EST_GYRO_WEIGHT,0.98,EST_VALID,1
TM,SUN_L,3659,SUN_R,3665,SUN_NDV,-0.0008,SUN_ANGLE,-2.81
TM,MAG_X,-19.76,MAG_Y,14.35,MAG_Z,-14.94,MAG_HEADING,144.01
TM,GYRO_X,-1.330,GYRO_Y,-2.266,GYRO_Z,-0.268,BODY_RATE,0.268
TM,SUN_L,3646,SUN_R,3658,SUN_NDV,-0.0016,SUN_ANGLE,-2.94
TM,MAG_X,-19.98,MAG_Y,14.64,MAG_Z,-14.67,MAG_HEADING,143.77
TM,GYRO_X,-4.821,GYRO_Y,-5.775,GYRO_Z,3.153,BODY_RATE,-3.153
TM,ADCS_MODE,MANUAL,ADCS_REFERENCE,SUN,TARGET,0.00,POINTING_ERROR,4.31,SUN_ERROR,3.27,MAG_ERROR,-143.77,GYRO_Z,-6.726,RW_CMD,0
TM,EST_RAW,-3.27,EST_FILTERED,-3.27,EST_ANGLE,-4.31,EST_FILTER,ON,EST_FILTER_TYPE,MOVING_AVERAGE,EST_MA_WINDOW,1,EST_FILTER_STRENGTH,0.35
TM,EST_FUSION,ON,EST_GYRO_WEIGHT,0.98,EST_VALID,1
TM,SUN_L,3640,SUN_R,3647,SUN_NDV,-0.0010,SUN_ANGLE,-2.80
TM,MAG_X,-20.19,MAG_Y,14.69,MAG_Z,-14.50,MAG_HEADING,143.97
TM,GYRO_X,2.756,GYRO_Y,-4.086,GYRO_Z,-10.025,BODY_RATE,10.025
TM,ADCS_MODE,MANUAL,ADCS_REFERENCE,SUN,TARGET,0.00,POINTING_ERROR,1.99,SUN_ERROR,2.51,MAG_ERROR,-147.01,GYRO_Z,9.680,RW_CMD,0
TM,EST_RAW,-2.51,EST_FILTERED,-2.51,EST_ANGLE,-1.99,EST_FILTER,ON,EST_FILTER_TYPE,MOVING_AVERAGE,EST_MA_WINDOW,1,EST_FILTER_STRENGTH,0.35
TM,EST_FUSION,ON,EST_GYRO_WEIGHT,0.98,EST_VALID,1
TM,SUN_L,3648,SUN_R,3667,SUN_NDV,-0.0026,SUN_ANGLE,-4.01
TM,MAG_X,-20.32,MAG_Y,14.14,MAG_Z,-14.38,MAG_HEADING,145.16
TM,GYRO_X,-10.054,GYRO_Y,-0.157,GYRO_Z,60.282,BODY_RATE,-60.282
TM,ADCS_MODE,MANUAL,ADCS_REFERENCE,SUN,TARGET,0.00,POINTING_ERROR,9.43,SUN_ERROR,7.50,MAG_ERROR,-145.16,GYRO_Z,12.148,RW_CMD,0
TM,EST_RAW,-7.50,EST_FILTERED,-7.50,EST_ANGLE,-9.43,EST_FILTER,ON,EST_FILTER_TYPE,MOVING_AVERAGE,EST_MA_WINDOW,1,EST_FILTER_STRENGTH,0.35
TM,EST_FUSION,ON,EST_GYRO_WEIGHT,0.98,EST_VALID,1
TM,SUN_L,3641,SUN_R,3687,SUN_NDV,-0.0063,SUN_ANGLE,-8.35
TM,MAG_X,-20.80,MAG_Y,18.86,MAG_Z,-12.93,MAG_HEADING,137.79
TM,GYRO_X,6.361,GYRO_Y,6.983,GYRO_Z,-9.937,BODY_RATE,9.937
TM,ADCS_MODE,MANUAL,ADCS_REFERENCE,SUN,TARGET,0.00,POINTING_ERROR,7.86,SUN_ERROR,4.61,MAG_ERROR,-137.79,GYRO_Z,6.933,RW_CMD,0
TM,EST_RAW,-4.61,EST_FILTERED,-4.61,EST_ANGLE,-7.86,EST_FILTER,ON,EST_FILTER_TYPE,MOVING_AVERAGE,EST_MA_WINDOW,1,EST_FILTER_STRENGTH,0.35
TM,EST_FUSION,ON,EST_GYRO_WEIGHT,0.98,EST_VALID,1
TM,SUN_L,3639,SUN_R,3675,SUN_NDV,-0.0049,SUN_ANGLE,-6.09
TM,MAG_X,-20.11,MAG_Y,18.24,MAG_Z,-14.03,MAG_HEADING,137.79
TM,GYRO_X,-2.791,GYRO_Y,-4.384,GYRO_Z,-1.607,BODY_RATE,1.607
TM,SUN_L,3657,SUN_R,3671,SUN_NDV,-0.0019,SUN_ANGLE,-3.26
TM,MAG_X,-20.05,MAG_Y,16.10,MAG_Z,-14.50,MAG_HEADING,141.24
TM,GYRO_X,5.880,GYRO_Y,-5.066,GYRO_Z,-40.221,BODY_RATE,40.221
TM,ADCS_MODE,MANUAL,ADCS_REFERENCE,SUN,TARGET,0.00,POINTING_ERROR,3.58,SUN_ERROR,1.96,MAG_ERROR,-141.24,GYRO_Z,-49.898,RW_CMD,0
TM,EST_RAW,-1.96,EST_FILTERED,-1.96,EST_ANGLE,-3.58,EST_FILTER,ON,EST_FILTER_TYPE,MOVING_AVERAGE,EST_MA_WINDOW,1,EST_FILTER_STRENGTH,0.35
TM,EST_FUSION,ON,EST_GYRO_WEIGHT,0.98,EST_VALID,1
TM,SUN_L,3675,SUN_R,3665,SUN_NDV,0.0014,SUN_ANGLE,-0.32
TM,MAG_X,-19.55,MAG_Y,13.78,MAG_Z,-15.15,MAG_HEADING,144.83
TM,GYRO_X,-4.821,GYRO_Y,-6.055,GYRO_Z,31.345,BODY_RATE,-31.345
TM,ADCS_MODE,MANUAL,ADCS_REFERENCE,SUN,TARGET,0.00,POINTING_ERROR,2.98,SUN_ERROR,0.72,MAG_ERROR,-144.83,GYRO_Z,-13.201,RW_CMD,0
TM,EST_RAW,-0.72,EST_FILTERED,-0.72,EST_ANGLE,-2.98,EST_FILTER,ON,EST_FILTER_TYPE,MOVING_AVERAGE,EST_MA_WINDOW,1,EST_FILTER_STRENGTH,0.35
TM,EST_FUSION,ON,EST_GYRO_WEIGHT,0.98,EST_VALID,1
TM,SUN_L,3693,SUN_R,3656,SUN_NDV,0.0050,SUN_ANGLE,2.53
TM,MAG_X,-19.58,MAG_Y,13.95,MAG_Z,-15.07,MAG_HEADING,144.53
TM,GYRO_X,2.082,GYRO_Y,-2.809,GYRO_Z,-22.948,BODY_RATE,22.948
TM,ADCS_MODE,MANUAL,ADCS_REFERENCE,SUN,TARGET,0.00,POINTING_ERROR,-3.81,SUN_ERROR,-4.01,MAG_ERROR,-149.42,GYRO_Z,-10.698,RW_CMD,0
TM,EST_RAW,4.01,EST_FILTERED,4.01,EST_ANGLE,3.81,EST_FILTER,ON,EST_FILTER_TYPE,MOVING_AVERAGE,EST_MA_WINDOW,1,EST_FILTER_STRENGTH,0.35
TM,EST_FUSION,ON,EST_GYRO_WEIGHT,0.98,EST_VALID,1
TM,SUN_L,3718,SUN_R,3655,SUN_NDV,0.0085,SUN_ANGLE,5.09
TM,MAG_X,-18.90,MAG_Y,11.17,MAG_Z,-15.92,MAG_HEADING,149.42
TM,GYRO_X,-0.437,GYRO_Y,-1.628,GYRO_Z,-7.977,BODY_RATE,7.977
TM,ADCS_MODE,MANUAL,ADCS_REFERENCE,SUN,TARGET,0.00,POINTING_ERROR,-4.11,SUN_ERROR,-4.69,MAG_ERROR,-151.98,GYRO_Z,18.754,RW_CMD,0
TM,EST_RAW,4.69,EST_FILTERED,4.69,EST_ANGLE,4.11,EST_FILTER,ON,EST_FILTER_TYPE,MOVING_AVERAGE,EST_MA_WINDOW,1,EST_FILTER_STRENGTH,0.35
TM,EST_FUSION,ON,EST_GYRO_WEIGHT,0.98,EST_VALID,1
TM,SUN_L,3724,SUN_R,3678,SUN_NDV,0.0062,SUN_ANGLE,4.02
TM,MAG_X,-18.96,MAG_Y,10.83,MAG_Z,-16.03,MAG_HEADING,150.26
TM,GYRO_X,-6.554,GYRO_Y,-0.044,GYRO_Z,15.849,BODY_RATE,-15.849
TM,SUN_L,3722,SUN_R,3677,SUN_NDV,0.0061,SUN_ANGLE,3.71
TM,MAG_X,-19.26,MAG_Y,11.26,MAG_Z,-15.78,MAG_HEADING,149.68
TM,GYRO_X,0.219,GYRO_Y,-1.085,GYRO_Z,-7.286,BODY_RATE,7.286
TM,ADCS_MODE,MANUAL,ADCS_REFERENCE,SUN,TARGET,0.00,POINTING_ERROR,-3.91,SUN_ERROR,-3.71,MAG_ERROR,-149.68,GYRO_Z,-11.757,RW_CMD,0
TM,EST_RAW,3.71,EST_FILTERED,3.71,EST_ANGLE,3.91,EST_FILTER,ON,EST_FILTER_TYPE,MOVING_AVERAGE,EST_MA_WINDOW,1,EST_FILTER_STRENGTH,0.35
TM,EST_FUSION,ON,EST_GYRO_WEIGHT,0.98,EST_VALID,1
TM,SUN_L,3716,SUN_R,3650,SUN_NDV,0.0090,SUN_ANGLE,5.81
TM,MAG_X,-18.77,MAG_Y,10.06,MAG_Z,-16.29,MAG_HEADING,151.80
TM,GYRO_X,1.969,GYRO_Y,-3.412,GYRO_Z,-3.077,BODY_RATE,3.077
TM,ADCS_MODE,MANUAL,ADCS_REFERENCE,SUN,TARGET,0.00,POINTING_ERROR,-5.96,SUN_ERROR,-5.61,MAG_ERROR,-153.02,GYRO_Z,-5.475,RW_CMD,0
TM,EST_RAW,5.61,EST_FILTERED,5.61,EST_ANGLE,5.96,EST_FILTER,ON,EST_FILTER_TYPE,MOVING_AVERAGE,EST_MA_WINDOW,1,EST_FILTER_STRENGTH,0.35
TM,EST_FUSION,ON,EST_GYRO_WEIGHT,0.98,EST_VALID,1
TM,SUN_L,3688,SUN_R,3626,SUN_NDV,0.0085,SUN_ANGLE,4.56
TM,MAG_X,-18.35,MAG_Y,9.34,MAG_Z,-16.59,MAG_HEADING,153.02
TM,GYRO_X,-5.311,GYRO_Y,-4.568,GYRO_Z,21.974,BODY_RATE,-21.974
TM,ADCS_MODE,MANUAL,ADCS_REFERENCE,SUN,TARGET,0.00,POINTING_ERROR,-3.12,SUN_ERROR,-2.99,MAG_ERROR,-150.96,GYRO_Z,-0.478,RW_CMD,0
TM,EST_RAW,2.99,EST_FILTERED,2.99,EST_ANGLE,3.12,EST_FILTER,ON,EST_FILTER_TYPE,MOVING_AVERAGE,EST_MA_WINDOW,1,EST_FILTER_STRENGTH,0.35
TM,EST_FUSION,ON,EST_GYRO_WEIGHT,0.98,EST_VALID,1
TM,SUN_L,3688,SUN_R,3638,SUN_NDV,0.0068,SUN_ANGLE,3.45
TM,MAG_X,-18.83,MAG_Y,10.99,MAG_Z,-15.82,MAG_HEADING,149.73
TM,GYRO_X,2.406,GYRO_Y,-2.835,GYRO_Z,-15.668,BODY_RATE,15.668
TM,ADCS_MODE,MANUAL,ADCS_REFERENCE,SUN,TARGET,0.00,POINTING_ERROR,-4.48,SUN_ERROR,-4.33,MAG_ERROR,-150.83,GYRO_Z,-1.012,RW_CMD,0
TM,EST_RAW,4.33,EST_FILTERED,4.33,EST_ANGLE,4.48,EST_FILTER,ON,EST_FILTER_TYPE,MOVING_AVERAGE,EST_MA_WINDOW,1,EST_FILTER_STRENGTH,0.35
TM,EST_FUSION,ON,EST_GYRO_WEIGHT,0.98,EST_VALID,1
TM,SUN_L,3707,SUN_R,3651,SUN_NDV,0.0076,SUN_ANGLE,4.30
TM,MAG_X,-18.72,MAG_Y,10.45,MAG_Z,-16.18,MAG_HEADING,150.83
TM,GYRO_X,-2.441,GYRO_Y,-0.639,GYRO_Z,6.110,BODY_RATE,-6.110
TM,SUN_L,3705,SUN_R,3652,SUN_NDV,0.0072,SUN_ANGLE,4.32
TM,MAG_X,-18.66,MAG_Y,10.42,MAG_Z,-16.14,MAG_HEADING,150.82
TM,GYRO_X,-0.919,GYRO_Y,-2.704,GYRO_Z,-0.303,BODY_RATE,0.303
TM,ADCS_MODE,MANUAL,ADCS_REFERENCE,SUN,TARGET,0.00,POINTING_ERROR,-4.42,SUN_ERROR,-4.46,MAG_ERROR,-150.82,GYRO_Z,0.423,RW_CMD,0
TM,EST_RAW,4.46,EST_FILTERED,4.46,EST_ANGLE,4.42,EST_FILTER,ON,EST_FILTER_TYPE,MOVING_AVERAGE,EST_MA_WINDOW,1,EST_FILTER_STRENGTH,0.35
TM,EST_FUSION,ON,EST_GYRO_WEIGHT,0.98,EST_VALID,1
TM,SUN_L,3698,SUN_R,3659,SUN_NDV,0.0053,SUN_ANGLE,2.59
TM,MAG_X,-19.22,MAG_Y,11.84,MAG_Z,-15.63,MAG_HEADING,148.36
TM,GYRO_X,-6.694,GYRO_Y,-4.559,GYRO_Z,32.439,BODY_RATE,-32.439
TM,ADCS_MODE,MANUAL,ADCS_REFERENCE,SUN,TARGET,0.00,POINTING_ERROR,0.05,SUN_ERROR,-0.76,MAG_ERROR,-148.36,GYRO_Z,39.614,RW_CMD,0
TM,EST_RAW,0.76,EST_FILTERED,0.76,EST_ANGLE,-0.05,EST_FILTER,ON,EST_FILTER_TYPE,MOVING_AVERAGE,EST_MA_WINDOW,1,EST_FILTER_STRENGTH,0.35
TM,EST_FUSION,ON,EST_GYRO_WEIGHT,0.98,EST_VALID,1
TM,SUN_L,3232,SUN_R,3350,SUN_NDV,-0.0179,SUN_ANGLE,-25.13
TM,MAG_X,-20.08,MAG_Y,16.26,MAG_Z,-14.18,MAG_HEADING,141.01
TM,GYRO_X,-6.510,GYRO_Y,-2.922,GYRO_Z,28.318,BODY_RATE,-28.318
TM,ADCS_MODE,MANUAL,ADCS_REFERENCE,SUN,TARGET,0.00,POINTING_ERROR,9.75,SUN_ERROR,-2.48,MAG_ERROR,-137.35,GYRO_Z,-1.983,RW_CMD,0
TM,EST_RAW,2.48,EST_FILTERED,2.48,EST_ANGLE,-9.75,EST_FILTER,ON,EST_FILTER_TYPE,MOVING_AVERAGE,EST_MA_WINDOW,1,EST_FILTER_STRENGTH,0.35
TM,EST_FUSION,ON,EST_GYRO_WEIGHT,0.98,EST_VALID,1
TM,SUN_L,3649,SUN_R,3693,SUN_NDV,-0.0060,SUN_ANGLE,-7.56
TM,MAG_X,-20.27,MAG_Y,18.67,MAG_Z,-13.86,MAG_HEADING,137.35
TM,GYRO_X,-1.059,GYRO_Y,-2.494,GYRO_Z,-4.696,BODY_RATE,4.696
TM,ADCS_MODE,MANUAL,ADCS_REFERENCE,SUN,TARGET,0.00,POINTING_ERROR,10.09,SUN_ERROR,5.70,MAG_ERROR,-138.14,GYRO_Z,2.269,RW_CMD,0
TM,EST_RAW,-5.70,EST_FILTERED,-5.70,EST_ANGLE,-10.09,EST_FILTER,ON,EST_FILTER_TYPE,MOVING_AVERAGE,EST_MA_WINDOW,1,EST_FILTER_STRENGTH,0.35
TM,EST_FUSION,ON,EST_GYRO_WEIGHT,0.98,EST_VALID,1
TM,SUN_L,3659,SUN_R,3696,SUN_NDV,-0.0050,SUN_ANGLE,-5.92
TM,MAG_X,-20.32,MAG_Y,18.21,MAG_Z,-14.05,MAG_HEADING,138.14
TM,GYRO_X,-0.683,GYRO_Y,-2.494,GYRO_Z,-0.452,BODY_RATE,0.452
TM,SUN_L,3659,SUN_R,3696,SUN_NDV,-0.0050,SUN_ANGLE,-5.68
TM,MAG_X,-20.30,MAG_Y,18.51,MAG_Z,-14.05,MAG_HEADING,137.64
TM,GYRO_X,-0.919,GYRO_Y,-2.529,GYRO_Z,-0.137,BODY_RATE,0.137
TM,ADCS_MODE,MANUAL,ADCS_REFERENCE,SUN,TARGET,0.00,POINTING_ERROR,9.14,SUN_ERROR,5.82,MAG_ERROR,-137.64,GYRO_Z,0.047,RW_CMD,0
TM,EST_RAW,-5.82,EST_FILTERED,-5.82,EST_ANGLE,-9.14,EST_FILTER,ON,EST_FILTER_TYPE,MOVING_AVERAGE,EST_MA_WINDOW,1,EST_FILTER_STRENGTH,0.35
TM,EST_FUSION,ON,EST_GYRO_WEIGHT,0.98,EST_VALID,1
TM,SUN_L,3659,SUN_R,3695,SUN_NDV,-0.0049,SUN_ANGLE,-5.96
TM,MAG_X,-20.32,MAG_Y,18.46,MAG_Z,-14.11,MAG_HEADING,137.74
TM,GYRO_X,-0.858,GYRO_Y,-2.809,GYRO_Z,-0.347,BODY_RATE,0.347
TM,ADCS_MODE,MANUAL,ADCS_REFERENCE,SUN,TARGET,0.00,POINTING_ERROR,8.44,SUN_ERROR,5.74,MAG_ERROR,-137.74,GYRO_Z,-0.111,RW_CMD,0
TM,EST_RAW,-5.74,EST_FILTERED,-5.74,EST_ANGLE,-8.44,EST_FILTER,ON,EST_FILTER_TYPE,MOVING_AVERAGE,EST_MA_WINDOW,1,EST_FILTER_STRENGTH,0.35
TM,EST_FUSION,ON,EST_GYRO_WEIGHT,0.98,EST_VALID,1
TM,SUN_L,3659,SUN_R,3698,SUN_NDV,-0.0053,SUN_ANGLE,-5.87
TM,MAG_X,-20.30,MAG_Y,18.64,MAG_Z,-13.94,MAG_HEADING,137.45
TM,GYRO_X,-0.936,GYRO_Y,-2.380,GYRO_Z,-0.102,BODY_RATE,0.102
TM,ADCS_MODE,MANUAL,ADCS_REFERENCE,SUN,TARGET,0.00,POINTING_ERROR,7.87,SUN_ERROR,6.05,MAG_ERROR,-137.52,GYRO_Z,-0.006,RW_CMD,0
TM,EST_RAW,-6.05,EST_FILTERED,-6.05,EST_ANGLE,-7.87,EST_FILTER,ON,EST_FILTER_TYPE,MOVING_AVERAGE,EST_MA_WINDOW,1,EST_FILTER_STRENGTH,0.35
TM,EST_FUSION,ON,EST_GYRO_WEIGHT,0.98,EST_VALID,1
TM,SUN_L,3660,SUN_R,3695,SUN_NDV,-0.0048,SUN_ANGLE,-5.61
TM,MAG_X,-20.35,MAG_Y,18.62,MAG_Z,-14.06,MAG_HEADING,137.54
TM,GYRO_X,-0.831,GYRO_Y,-2.511,GYRO_Z,-0.111,BODY_RATE,0.111
TM,ADCS_MODE,MANUAL,ADCS_REFERENCE,SUN,TARGET,0.00,POINTING_ERROR,7.41,SUN_ERROR,5.70,MAG_ERROR,-137.43,GYRO_Z,-0.128,RW_CMD,0
TM,EST_RAW,-5.70,EST_FILTERED,-5.70,EST_ANGLE,-7.41,EST_FILTER,ON,EST_FILTER_TYPE,MOVING_AVERAGE,EST_MA_WINDOW,1,EST_FILTER_STRENGTH,0.35
TM,EST_FUSION,ON,EST_GYRO_WEIGHT,0.98,EST_VALID,1
TM,SUN_L,3659,SUN_R,3695,SUN_NDV,-0.0049,SUN_ANGLE,-5.69
TM,MAG_X,-20.26,MAG_Y,18.61,MAG_Z,-14.05,MAG_HEADING,137.43
TM,GYRO_X,-0.858,GYRO_Y,-2.441,GYRO_Z,-0.190,BODY_RATE,0.190
TM,SUN_L,3659,SUN_R,3696,SUN_NDV,-0.0050,SUN_ANGLE,-5.88
TM,MAG_X,-20.22,MAG_Y,18.61,MAG_Z,-14.18,MAG_HEADING,137.38
TM,GYRO_X,-0.945,GYRO_Y,-2.424,GYRO_Z,-0.146,BODY_RATE,0.146
TM,ADCS_MODE,MANUAL,ADCS_REFERENCE,SUN,TARGET,0.00,POINTING_ERROR,7.07,SUN_ERROR,5.88,MAG_ERROR,-137.38,GYRO_Z,-0.076,RW_CMD,0
TM,EST_RAW,-5.88,EST_FILTERED,-5.88,EST_ANGLE,-7.07,EST_FILTER,ON,EST_FILTER_TYPE,MOVING_AVERAGE,EST_MA_WINDOW,1,EST_FILTER_STRENGTH,0.35
TM,EST_FUSION,ON,EST_GYRO_WEIGHT,0.98,EST_VALID,1
TM,SUN_L,3659,SUN_R,3697,SUN_NDV,-0.0052,SUN_ANGLE,-5.84
TM,MAG_X,-20.27,MAG_Y,18.66,MAG_Z,-14.30,MAG_HEADING,137.38
TM,GYRO_X,-1.050,GYRO_Y,-2.284,GYRO_Z,0.274,BODY_RATE,-0.274
TM,ADCS_MODE,MANUAL,ADCS_REFERENCE,SUN,TARGET,0.00,POINTING_ERROR,6.81,SUN_ERROR,5.69,MAG_ERROR,-137.48,GYRO_Z,-0.120,RW_CMD,0
TM,EST_RAW,-5.69,EST_FILTERED,-5.69,EST_ANGLE,-6.81,EST_FILTER,ON,EST_FILTER_TYPE,MOVING_AVERAGE,EST_MA_WINDOW,1,EST_FILTER_STRENGTH,0.35
TM,EST_FUSION,ON,EST_GYRO_WEIGHT,0.98,EST_VALID,1
TM,SUN_L,3661,SUN_R,3697,SUN_NDV,-0.0049,SUN_ANGLE,-5.75
TM,MAG_X,-20.48,MAG_Y,18.77,MAG_Z,-14.10,MAG_HEADING,137.50
TM,GYRO_X,-0.919,GYRO_Y,-2.336,GYRO_Z,-0.190,BODY_RATE,0.190
TM,ADCS_MODE,MANUAL,ADCS_REFERENCE,SUN,TARGET,0.00,POINTING_ERROR,6.61,SUN_ERROR,6.12,MAG_ERROR,-137.50,GYRO_Z,-0.067,RW_CMD,0
TM,EST_RAW,-6.12,EST_FILTERED,-6.12,EST_ANGLE,-6.61,EST_FILTER,ON,EST_FILTER_TYPE,MOVING_AVERAGE,EST_MA_WINDOW,1,EST_FILTER_STRENGTH,0.35
TM,EST_FUSION,ON,EST_GYRO_WEIGHT,0.98,EST_VALID,1
TM,SUN_L,3659,SUN_R,3696,SUN_NDV,-0.0050,SUN_ANGLE,-5.98
TM,MAG_X,-20.29,MAG_Y,18.70,MAG_Z,-14.19,MAG_HEADING,137.33
TM,GYRO_X,-1.190,GYRO_Y,-2.144,GYRO_Z,-0.067,BODY_RATE,0.067
TM,ADCS_MODE,MANUAL,ADCS_REFERENCE,SUN,TARGET,0.00,POINTING_ERROR,6.47,SUN_ERROR,5.91,MAG_ERROR,-137.23,GYRO_Z,0.125,RW_CMD,0
TM,EST_RAW,-5.91,EST_FILTERED,-5.91,EST_ANGLE,-6.47,EST_FILTER,ON,EST_FILTER_TYPE,MOVING_AVERAGE,EST_MA_WINDOW,1,EST_FILTER_STRENGTH,0.35
TM,EST_FUSION,ON,EST_GYRO_WEIGHT,0.98,EST_VALID,1
TM,SUN_L,3660,SUN_R,3698,SUN_NDV,-0.0052,SUN_ANGLE,-5.61
TM,MAG_X,-20.29,MAG_Y,18.77,MAG_Z,-14.05,MAG_HEADING,137.23
TM,GYRO_X,-0.840,GYRO_Y,-2.441,GYRO_Z,-0.023,BODY_RATE,0.023
TM,SUN_L,3658,SUN_R,3695,SUN_NDV,-0.0050,SUN_ANGLE,-5.65
TM,MAG_X,-20.29,MAG_Y,18.75,MAG_Z,-14.19,MAG_HEADING,137.25
TM,GYRO_X,-1.033,GYRO_Y,-2.371,GYRO_Z,-0.128,BODY_RATE,0.128
TM,ADCS_MODE,MANUAL,ADCS_REFERENCE,SUN,TARGET,0.00,POINTING_ERROR,6.34,SUN_ERROR,5.65,MAG_ERROR,-137.95,GYRO_Z,-0.216,RW_CMD,0
TM,EST_RAW,-5.65,EST_FILTERED,-5.65,EST_ANGLE,-6.34,EST_FILTER,ON,EST_FILTER_TYPE,MOVING_AVERAGE,EST_MA_WINDOW,1,EST_FILTER_STRENGTH,0.35
TM,EST_FUSION,ON,EST_GYRO_WEIGHT,0.98,EST_VALID,1
TM,SUN_L,3660,SUN_R,3698,SUN_NDV,-0.0052,SUN_ANGLE,-5.86
TM,MAG_X,-20.32,MAG_Y,18.86,MAG_Z,-14.24,MAG_HEADING,137.13
TM,GYRO_X,-0.875,GYRO_Y,-2.345,GYRO_Z,-0.032,BODY_RATE,0.032
TM,ADCS_MODE,MANUAL,ADCS_REFERENCE,SUN,TARGET,0.00,POINTING_ERROR,6.24,SUN_ERROR,6.07,MAG_ERROR,-137.13,GYRO_Z,-0.111,RW_CMD,0
TM,EST_RAW,-6.07,EST_FILTERED,-6.07,EST_ANGLE,-6.24,EST_FILTER,ON,EST_FILTER_TYPE,MOVING_AVERAGE,EST_MA_WINDOW,1,EST_FILTER_STRENGTH,0.35
TM,EST_FUSION,ON,EST_GYRO_WEIGHT,0.98,EST_VALID,1
TM,SUN_L,3660,SUN_R,3695,SUN_NDV,-0.0048,SUN_ANGLE,-5.77
TM,MAG_X,-20.37,MAG_Y,18.74,MAG_Z,-14.18,MAG_HEADING,137.39
TM,GYRO_X,-0.761,GYRO_Y,-2.546,GYRO_Z,-0.085,BODY_RATE,0.085
TM,ADCS_MODE,MANUAL,ADCS_REFERENCE,SUN,TARGET,0.00,POINTING_ERROR,6.14,SUN_ERROR,5.69,MAG_ERROR,-137.47,GYRO_Z,-0.050,RW_CMD,0
TM,EST_RAW,-5.69,EST_FILTERED,-5.69,EST_ANGLE,-6.14,EST_FILTER,ON,EST_FILTER_TYPE,MOVING_AVERAGE,EST_MA_WINDOW,1,EST_FILTER_STRENGTH,0.35
TM,EST_FUSION,ON,EST_GYRO_WEIGHT,0.98,EST_VALID,1
TM,SUN_L,3659,SUN_R,3696,SUN_NDV,-0.0050,SUN_ANGLE,-6.19
TM,MAG_X,-20.32,MAG_Y,18.64,MAG_Z,-14.32,MAG_HEADING,137.47
TM,GYRO_X,-0.980,GYRO_Y,-2.572,GYRO_Z,-0.102,BODY_RATE,0.102
TM,ADCS_MODE,MANUAL,ADCS_REFERENCE,SUN,TARGET,0.00,POINTING_ERROR,6.06,SUN_ERROR,5.82,MAG_ERROR,-137.13,GYRO_Z,-0.093,RW_CMD,0
TM,EST_RAW,-5.82,EST_FILTERED,-5.82,EST_ANGLE,-6.06,EST_FILTER,ON,EST_FILTER_TYPE,MOVING_AVERAGE,EST_MA_WINDOW,1,EST_FILTER_STRENGTH,0.35
TM,EST_FUSION,ON,EST_GYRO_WEIGHT,0.98,EST_VALID,1
TM,SUN_L,3659,SUN_R,3697,SUN_NDV,-0.0052,SUN_ANGLE,-5.84
TM,MAG_X,-20.13,MAG_Y,18.74,MAG_Z,-14.16,MAG_HEADING,137.05
TM,GYRO_X,-1.138,GYRO_Y,-2.450,GYRO_Z,-0.146,BODY_RATE,0.146
TM,SUN_L,3661,SUN_R,3698,SUN_NDV,-0.0050,SUN_ANGLE,-5.94
TM,MAG_X,-20.16,MAG_Y,18.72,MAG_Z,-14.13,MAG_HEADING,137.12
TM,GYRO_X,-0.840,GYRO_Y,-2.564,GYRO_Z,0.029,BODY_RATE,-0.029
TM,ADCS_MODE,MANUAL,ADCS_REFERENCE,SUN,TARGET,0.00,POINTING_ERROR,6.03,SUN_ERROR,5.88,MAG_ERROR,-137.12,GYRO_Z,-0.076,RW_CMD,0
TM,EST_RAW,-5.88,EST_FILTERED,-5.88,EST_ANGLE,-6.03,EST_FILTER,ON,EST_FILTER_TYPE,MOVING_AVERAGE,EST_MA_WINDOW,1,EST_FILTER_STRENGTH,0.35
TM,EST_FUSION,ON,EST_GYRO_WEIGHT,0.98,EST_VALID,1
TM,SUN_L,3659,SUN_R,3697,SUN_NDV,-0.0052,SUN_ANGLE,-5.78
TM,MAG_X,-20.35,MAG_Y,18.77,MAG_Z,-14.30,MAG_HEADING,137.32
TM,GYRO_X,-0.980,GYRO_Y,-2.336,GYRO_Z,-0.216,BODY_RATE,0.216
TM,ADCS_MODE,MANUAL,ADCS_REFERENCE,SUN,TARGET,0.00,POINTING_ERROR,6.00,SUN_ERROR,5.99,MAG_ERROR,-137.32,GYRO_Z,-0.023,RW_CMD,0
TM,EST_RAW,-5.99,EST_FILTERED,-5.99,EST_ANGLE,-6.00,EST_FILTER,ON,EST_FILTER_TYPE,MOVING_AVERAGE,EST_MA_WINDOW,1,EST_FILTER_STRENGTH,0.35
TM,EST_FUSION,ON,EST_GYRO_WEIGHT,0.98,EST_VALID,1
TM,SUN_L,3656,SUN_R,3697,SUN_NDV,-0.0056,SUN_ANGLE,-5.88
TM,MAG_X,-20.26,MAG_Y,18.70,MAG_Z,-14.18,MAG_HEADING,137.28
TM,GYRO_X,-1.067,GYRO_Y,-2.275,GYRO_Z,-0.286,BODY_RATE,0.286
TM,ADCS_MODE,MANUAL,ADCS_REFERENCE,SUN,TARGET,0.00,POINTING_ERROR,5.96,SUN_ERROR,6.15,MAG_ERROR,-137.16,GYRO_Z,-0.076,RW_CMD,0
TM,EST_RAW,-6.15,EST_FILTERED,-6.15,EST_ANGLE,-5.96,EST_FILTER,ON,EST_FILTER_TYPE,MOVING_AVERAGE,EST_MA_WINDOW,1,EST_FILTER_STRENGTH,0.35
TM,EST_FUSION,ON,EST_GYRO_WEIGHT,0.98,EST_VALID,1
TM,SUN_L,3659,SUN_R,3695,SUN_NDV,-0.0049,SUN_ANGLE,-5.71
TM,MAG_X,-20.35,MAG_Y,18.82,MAG_Z,-14.21,MAG_HEADING,137.25
TM,GYRO_X,-0.840,GYRO_Y,-2.362,GYRO_Z,0.064,BODY_RATE,-0.064
TM,ADCS_MODE,MANUAL,ADCS_REFERENCE,SUN,TARGET,0.00,POINTING_ERROR,5.93,SUN_ERROR,6.06,MAG_ERROR,-137.46,GYRO_Z,0.064,RW_CMD,0
TM,EST_RAW,-6.06,EST_FILTERED,-6.06,EST_ANGLE,-5.93,EST_FILTER,ON,EST_FILTER_TYPE,MOVING_AVERAGE,EST_MA_WINDOW,1,EST_FILTER_STRENGTH,0.35
TM,EST_FUSION,ON,EST_GYRO_WEIGHT,0.98,EST_VALID,1
TM,SUN_L,3658,SUN_R,3696,SUN_NDV,-0.0052,SUN_ANGLE,-5.69
TM,MAG_X,-20.40,MAG_Y,18.72,MAG_Z,-13.98,MAG_HEADING,137.46
TM,GYRO_X,-1.190,GYRO_Y,-2.249,GYRO_Z,-0.137,BODY_RATE,0.137
TM,SUN_L,3661,SUN_R,3698,SUN_NDV,-0.0050,SUN_ANGLE,-5.84
TM,MAG_X,-20.32,MAG_Y,18.85,MAG_Z,-14.24,MAG_HEADING,137.15
TM,GYRO_X,-1.120,GYRO_Y,-2.301,GYRO_Z,-0.128,BODY_RATE,0.128
TM,ADCS_MODE,MANUAL,ADCS_REFERENCE,SUN,TARGET,0.00,POINTING_ERROR,5.92,SUN_ERROR,5.71,MAG_ERROR,-137.15,GYRO_Z,-0.041,RW_CMD,0
TM,EST_RAW,-5.71,EST_FILTERED,-5.71,EST_ANGLE,-5.92,EST_FILTER,ON,EST_FILTER_TYPE,MOVING_AVERAGE,EST_MA_WINDOW,1,EST_FILTER_STRENGTH,0.35
TM,EST_FUSION,ON,EST_GYRO_WEIGHT,0.98,EST_VALID,1
TM,SUN_L,3659,SUN_R,3696,SUN_NDV,-0.0050,SUN_ANGLE,-5.93
TM,MAG_X,-20.22,MAG_Y,18.72,MAG_Z,-14.19,MAG_HEADING,137.21
TM,GYRO_X,-1.173,GYRO_Y,-2.021,GYRO_Z,-0.050,BODY_RATE,0.050
TM,ADCS_MODE,MANUAL,ADCS_REFERENCE,SUN,TARGET,0.00,POINTING_ERROR,5.89,SUN_ERROR,6.08,MAG_ERROR,-137.75,GYRO_Z,-0.137,RW_CMD,0
TM,EST_RAW,-6.08,EST_FILTERED,-6.08,EST_ANGLE,-5.89,EST_FILTER,ON,EST_FILTER_TYPE,MOVING_AVERAGE,EST_MA_WINDOW,1,EST_FILTER_STRENGTH,0.35
TM,EST_FUSION,ON,EST_GYRO_WEIGHT,0.98,EST_VALID,1
TM,SUN_L,3659,SUN_R,3696,SUN_NDV,-0.0050,SUN_ANGLE,-5.84
TM,MAG_X,-20.59,MAG_Y,18.50,MAG_Z,-14.11,MAG_HEADING,138.07
TM,GYRO_X,-1.199,GYRO_Y,-2.389,GYRO_Z,0.055,BODY_RATE,-0.055
TM,ADCS_MODE,MANUAL,ADCS_REFERENCE,SUN,TARGET,0.00,POINTING_ERROR,5.85,SUN_ERROR,5.75,MAG_ERROR,-138.07,GYRO_Z,-0.050,RW_CMD,0
TM,EST_RAW,-5.75,EST_FILTERED,-5.75,EST_ANGLE,-5.85,EST_FILTER,ON,EST_FILTER_TYPE,MOVING_AVERAGE,EST_MA_WINDOW,1,EST_FILTER_STRENGTH,0.35
TM,EST_FUSION,ON,EST_GYRO_WEIGHT,0.98,EST_VALID,1
TM,SUN_L,3658,SUN_R,3695,SUN_NDV,-0.0050,SUN_ANGLE,-5.73
TM,MAG_X,-20.42,MAG_Y,18.69,MAG_Z,-14.10,MAG_HEADING,137.53
TM,GYRO_X,-0.945,GYRO_Y,-2.406,GYRO_Z,-0.268,BODY_RATE,0.268
TM,ADCS_MODE,MANUAL,ADCS_REFERENCE,SUN,TARGET,0.00,POINTING_ERROR,5.81,SUN_ERROR,6.12,MAG_ERROR,-137.65,GYRO_Z,-0.452,RW_CMD,0
TM,EST_RAW,-6.12,EST_FILTERED,-6.12,EST_ANGLE,-5.81,EST_FILTER,ON,EST_FILTER_TYPE,MOVING_AVERAGE,EST_MA_WINDOW,1,EST_FILTER_STRENGTH,0.35
TM,EST_FUSION,ON,EST_GYRO_WEIGHT,0.98,EST_VALID,1
TM,SUN_L,3660,SUN_R,3696,SUN_NDV,-0.0049,SUN_ANGLE,-5.76
TM,MAG_X,-20.45,MAG_Y,18.64,MAG_Z,-14.06,MAG_HEADING,137.65
TM,GYRO_X,-0.796,GYRO_Y,-2.450,GYRO_Z,-0.207,BODY_RATE,0.207
TM,SUN_L,3659,SUN_R,3695,SUN_NDV,-0.0049,SUN_ANGLE,-5.75
TM,MAG_X,-20.35,MAG_Y,18.70,MAG_Z,-14.00,MAG_HEADING,137.42
TM,GYRO_X,-0.761,GYRO_Y,-2.257,GYRO_Z,-0.015,BODY_RATE,0.015
TM,ADCS_MODE,MANUAL,ADCS_REFERENCE,SUN,TARGET,0.00,POINTING_ERROR,5.81,SUN_ERROR,5.52,MAG_ERROR,-137.42,GYRO_Z,-0.093,RW_CMD,0
TM,EST_RAW,-5.52,EST_FILTERED,-5.52,EST_ANGLE,-5.81,EST_FILTER,ON,EST_FILTER_TYPE,MOVING_AVERAGE,EST_MA_WINDOW,1,EST_FILTER_STRENGTH,0.35
TM,EST_FUSION,ON,EST_GYRO_WEIGHT,0.98,EST_VALID,1
TM,SUN_L,3658,SUN_R,3695,SUN_NDV,-0.0050,SUN_ANGLE,-5.84
TM,MAG_X,-20.40,MAG_Y,18.29,MAG_Z,-14.24,MAG_HEADING,138.12
TM,GYRO_X,-1.041,GYRO_Y,-2.266,GYRO_Z,-0.058,BODY_RATE,0.058
TM,ADCS_MODE,MANUAL,ADCS_REFERENCE,SUN,TARGET,0.00,POINTING_ERROR,5.78,SUN_ERROR,5.77,MAG_ERROR,-138.12,GYRO_Z,-0.181,RW_CMD,0
TM,EST_RAW,-5.77,EST_FILTERED,-5.77,EST_ANGLE,-5.78,EST_FILTER,ON,EST_FILTER_TYPE,MOVING_AVERAGE,EST_MA_WINDOW,1,EST_FILTER_STRENGTH,0.35
TM,EST_FUSION,ON,EST_GYRO_WEIGHT,0.98,EST_VALID,1
TM,SUN_L,3659,SUN_R,3697,SUN_NDV,-0.0052,SUN_ANGLE,-6.02
TM,MAG_X,-20.48,MAG_Y,18.43,MAG_Z,-14.19,MAG_HEADING,138.01
TM,GYRO_X,-1.173,GYRO_Y,-2.450,GYRO_Z,-0.128,BODY_RATE,0.128
TM,ADCS_MODE,MANUAL,ADCS_REFERENCE,SUN,TARGET,0.00,POINTING_ERROR,5.79,SUN_ERROR,5.98,MAG_ERROR,-139.02,GYRO_Z,-0.382,RW_CMD,0
TM,EST_RAW,-5.98,EST_FILTERED,-5.98,EST_ANGLE,-5.79,EST_FILTER,ON,EST_FILTER_TYPE,MOVING_AVERAGE,EST_MA_WINDOW,1,EST_FILTER_STRENGTH,0.35
TM,EST_FUSION,ON,EST_GYRO_WEIGHT,0.98,EST_VALID,1
TM,SUN_L,3659,SUN_R,3695,SUN_NDV,-0.0049,SUN_ANGLE,-5.63
TM,MAG_X,-20.69,MAG_Y,17.97,MAG_Z,-14.91,MAG_HEADING,139.02
TM,GYRO_X,-0.849,GYRO_Y,-2.503,GYRO_Z,-0.207,BODY_RATE,0.207
TM,ADCS_MODE,MANUAL,ADCS_REFERENCE,SUN,TARGET,0.00,POINTING_ERROR,5.78,SUN_ERROR,6.02,MAG_ERROR,-139.10,GYRO_Z,-0.233,RW_CMD,0
TM,EST_RAW,-6.02,EST_FILTERED,-6.02,EST_ANGLE,-5.78,EST_FILTER,ON,EST_FILTER_TYPE,MOVING_AVERAGE,EST_MA_WINDOW,1,EST_FILTER_STRENGTH,0.35
TM,EST_FUSION,ON,EST_GYRO_WEIGHT,0.98,EST_VALID,1
TM,SUN_L,3657,SUN_R,3694,SUN_NDV,-0.0050,SUN_ANGLE,-6.15
TM,MAG_X,-20.82,MAG_Y,17.98,MAG_Z,-14.99,MAG_HEADING,139.17
TM,GYRO_X,-0.875,GYRO_Y,-2.310,GYRO_Z,-0.312,BODY_RATE,0.312
TM,SUN_L,3659,SUN_R,3696,SUN_NDV,-0.0050,SUN_ANGLE,-5.64
TM,MAG_X,-20.64,MAG_Y,17.97,MAG_Z,-14.77,MAG_HEADING,138.96
TM,GYRO_X,-0.866,GYRO_Y,-2.345,GYRO_Z,-0.312,BODY_RATE,0.312
TM,ADCS_MODE,MANUAL,ADCS_REFERENCE,SUN,TARGET,0.00,POINTING_ERROR,5.79,SUN_ERROR,5.64,MAG_ERROR,-138.96,GYRO_Z,-0.058,RW_CMD,0
TM,EST_RAW,-5.64,EST_FILTERED,-5.64,EST_ANGLE,-5.79,EST_FILTER,ON,EST_FILTER_TYPE,MOVING_AVERAGE,EST_MA_WINDOW,1,EST_FILTER_STRENGTH,0.35
TM,EST_FUSION,ON,EST_GYRO_WEIGHT,0.98,EST_VALID,1
TM,SUN_L,3658,SUN_R,3695,SUN_NDV,-0.0050,SUN_ANGLE,-6.12
TM,MAG_X,-20.75,MAG_Y,17.81,MAG_Z,-14.91,MAG_HEADING,139.37
TM,GYRO_X,-1.059,GYRO_Y,-2.336,GYRO_Z,-0.260,BODY_RATE,0.260
TM,ADCS_MODE,MANUAL,ADCS_REFERENCE,SUN,TARGET,0.00,POINTING_ERROR,5.81,SUN_ERROR,6.09,MAG_ERROR,-139.38,GYRO_Z,-0.146,RW_CMD,0
TM,EST_RAW,-6.09,EST_FILTERED,-6.09,EST_ANGLE,-5.81,EST_FILTER,ON,EST_FILTER_TYPE,MOVING_AVERAGE,EST_MA_WINDOW,1,EST_FILTER_STRENGTH,0.35
TM,EST_FUSION,ON,EST_GYRO_WEIGHT,0.98,EST_VALID,1
TM,SUN_L,3660,SUN_R,3697,SUN_NDV,-0.0050,SUN_ANGLE,-6.09
TM,MAG_X,-20.80,MAG_Y,17.84,MAG_Z,-14.99,MAG_HEADING,139.38
TM,GYRO_X,-0.910,GYRO_Y,-2.494,GYRO_Z,-0.023,BODY_RATE,0.023
TM,ADCS_MODE,MANUAL,ADCS_REFERENCE,SUN,TARGET,0.00,POINTING_ERROR,5.82,SUN_ERROR,6.15,MAG_ERROR,-139.03,GYRO_Z,-0.155,RW_CMD,0
TM,EST_RAW,-6.15,EST_FILTERED,-6.15,EST_ANGLE,-5.82,EST_FILTER,ON,EST_FILTER_TYPE,MOVING_AVERAGE,EST_MA_WINDOW,1,EST_FILTER_STRENGTH,0.35
TM,EST_FUSION,ON,EST_GYRO_WEIGHT,0.98,EST_VALID,1
TM,SUN_L,3660,SUN_R,3696,SUN_NDV,-0.0049,SUN_ANGLE,-6.12
TM,MAG_X,-20.56,MAG_Y,17.89,MAG_Z,-14.94,MAG_HEADING,138.98
TM,GYRO_X,-1.024,GYRO_Y,-2.503,GYRO_Z,-0.146,BODY_RATE,0.146
TM,ADCS_MODE,MANUAL,ADCS_REFERENCE,SUN,TARGET,0.00,POINTING_ERROR,5.82,SUN_ERROR,5.96,MAG_ERROR,-139.56,GYRO_Z,0.125,RW_CMD,0
TM,EST_RAW,-5.96,EST_FILTERED,-5.96,EST_ANGLE,-5.82,EST_FILTER,ON,EST_FILTER_TYPE,MOVING_AVERAGE,EST_MA_WINDOW,1,EST_FILTER_STRENGTH,0.35
TM,EST_FUSION,ON,EST_GYRO_WEIGHT,0.98,EST_VALID,1
TM,SUN_L,3659,SUN_R,3695,SUN_NDV,-0.0049,SUN_ANGLE,-5.87
TM,MAG_X,-20.99,MAG_Y,17.89,MAG_Z,-14.93,MAG_HEADING,139.56
TM,GYRO_X,-1.138,GYRO_Y,-2.214,GYRO_Z,-0.102,BODY_RATE,0.102
TM,SUN_L,3660,SUN_R,3697,SUN_NDV,-0.0050,SUN_ANGLE,-5.97
TM,MAG_X,-20.72,MAG_Y,17.92,MAG_Z,-14.90,MAG_HEADING,139.14
TM,GYRO_X,-1.085,GYRO_Y,-2.345,GYRO_Z,0.064,BODY_RATE,-0.064
TM,ADCS_MODE,MANUAL,ADCS_REFERENCE,SUN,TARGET,0.00,POINTING_ERROR,5.84,SUN_ERROR,6.05,MAG_ERROR,-139.14,GYRO_Z,0.090,RW_CMD,0
TM,EST_RAW,-6.05,EST_FILTERED,-6.05,EST_ANGLE,-5.84,EST_FILTER,ON,EST_FILTER_TYPE,MOVING_AVERAGE,EST_MA_WINDOW,1,EST_FILTER_STRENGTH,0.35
TM,EST_FUSION,ON,EST_GYRO_WEIGHT,0.98,EST_VALID,1
TM,SUN_L,3659,SUN_R,3696,SUN_NDV,-0.0050,SUN_ANGLE,-5.64
TM,MAG_X,-20.77,MAG_Y,17.97,MAG_Z,-14.88,MAG_HEADING,139.13
TM,GYRO_X,-1.129,GYRO_Y,-2.503,GYRO_Z,-0.373,BODY_RATE,0.373
TM,ADCS_MODE,MANUAL,ADCS_REFERENCE,SUN,TARGET,0.00,POINTING_ERROR,5.82,SUN_ERROR,6.13,MAG_ERROR,-139.13,GYRO_Z,-0.067,RW_CMD,0
TM,EST_RAW,-6.13,EST_FILTERED,-6.13,EST_ANGLE,-5.82,EST_FILTER,ON,EST_FILTER_TYPE,MOVING_AVERAGE,EST_MA_WINDOW,1,EST_FILTER_STRENGTH,0.35
TM,EST_FUSION,ON,EST_GYRO_WEIGHT,0.98,EST_VALID,1
TM,SUN_L,3659,SUN_R,3696,SUN_NDV,-0.0050,SUN_ANGLE,-6.01
TM,MAG_X,-20.78,MAG_Y,17.90,MAG_Z,-14.91,MAG_HEADING,139.26
TM,GYRO_X,-0.866,GYRO_Y,-2.362,GYRO_Z,-0.155,BODY_RATE,0.155
TM,ADCS_MODE,MANUAL,ADCS_REFERENCE,SUN,TARGET,0.00,POINTING_ERROR,5.83,SUN_ERROR,6.02,MAG_ERROR,-139.09,GYRO_Z,-0.111,RW_CMD,0
TM,EST_RAW,-6.02,EST_FILTERED,-6.02,EST_ANGLE,-5.83,EST_FILTER,ON,EST_FILTER_TYPE,MOVING_AVERAGE,EST_MA_WINDOW,1,EST_FILTER_STRENGTH,0.35
TM,EST_FUSION,ON,EST_GYRO_WEIGHT,0.98,EST_VALID,1
TM,SUN_L,3657,SUN_R,3696,SUN_NDV,-0.0053,SUN_ANGLE,-5.87
TM,MAG_X,-20.74,MAG_Y,17.97,MAG_Z,-15.02,MAG_HEADING,139.09
TM,GYRO_X,-1.138,GYRO_Y,-2.336,GYRO_Z,-0.128,BODY_RATE,0.128
TM,ADCS_MODE,MANUAL,ADCS_REFERENCE,SUN,TARGET,0.00,POINTING_ERROR,5.81,SUN_ERROR,5.75,MAG_ERROR,-138.99,GYRO_Z,-0.058,RW_CMD,0
TM,EST_RAW,-5.75,EST_FILTERED,-5.75,EST_ANGLE,-5.81,EST_FILTER,ON,EST_FILTER_TYPE,MOVING_AVERAGE,EST_MA_WINDOW,1,EST_FILTER_STRENGTH,0.35
TM,EST_FUSION,ON,EST_GYRO_WEIGHT,0.98,EST_VALID,1
TM,SUN_L,3660,SUN_R,3697,SUN_NDV,-0.0050,SUN_ANGLE,-5.74
TM,MAG_X,-20.61,MAG_Y,17.92,MAG_Z,-14.96,MAG_HEADING,138.99
TM,GYRO_X,-1.050,GYRO_Y,-2.188,GYRO_Z,-0.181,BODY_RATE,0.181
TM,SUN_L,3658,SUN_R,3696,SUN_NDV,-0.0052,SUN_ANGLE,-6.11
TM,MAG_X,-20.72,MAG_Y,17.86,MAG_Z,-15.14,MAG_HEADING,139.25
TM,GYRO_X,-1.111,GYRO_Y,-2.196,GYRO_Z,-0.233,BODY_RATE,0.233
TM,ADCS_MODE,MANUAL,ADCS_REFERENCE,SUN,TARGET,0.00,POINTING_ERROR,5.85,SUN_ERROR,6.09,MAG_ERROR,-139.25,GYRO_Z,0.257,RW_CMD,0
TM,EST_RAW,-6.09,EST_FILTERED,-6.09,EST_ANGLE,-5.85,EST_FILTER,ON,EST_FILTER_TYPE,MOVING_AVERAGE,EST_MA_WINDOW,1,EST_FILTER_STRENGTH,0.35
TM,EST_FUSION,ON,EST_GYRO_WEIGHT,0.98,EST_VALID,1
TM,SUN_L,3659,SUN_R,3697,SUN_NDV,-0.0052,SUN_ANGLE,-6.08
TM,MAG_X,-20.74,MAG_Y,17.94,MAG_Z,-15.06,MAG_HEADING,139.14
TM,GYRO_X,-0.989,GYRO_Y,-2.266,GYRO_Z,-0.067,BODY_RATE,0.067
TM,ADCS_MODE,MANUAL,ADCS_REFERENCE,SUN,TARGET,0.00,POINTING_ERROR,5.86,SUN_ERROR,5.79,MAG_ERROR,-139.14,GYRO_Z,0.073,RW_CMD,0
TM,EST_RAW,-5.79,EST_FILTERED,-5.79,EST_ANGLE,-5.86,EST_FILTER,ON,EST_FILTER_TYPE,MOVING_AVERAGE,EST_MA_WINDOW,1,EST_FILTER_STRENGTH,0.35
TM,EST_FUSION,ON,EST_GYRO_WEIGHT,0.98,EST_VALID,1
TM,SUN_L,3660,SUN_R,3697,SUN_NDV,-0.0050,SUN_ANGLE,-5.85
TM,MAG_X,-20.64,MAG_Y,17.95,MAG_Z,-15.18,MAG_HEADING,138.98
TM,GYRO_X,-1.006,GYRO_Y,-2.319,GYRO_Z,-0.015,BODY_RATE,0.015
TM,ADCS_MODE,MANUAL,ADCS_REFERENCE,SUN,TARGET,0.00,POINTING_ERROR,5.89,SUN_ERROR,5.85,MAG_ERROR,-139.09,GYRO_Z,0.029,RW_CMD,0
TM,EST_RAW,-5.85,EST_FILTERED,-5.85,EST_ANGLE,-5.89,EST_FILTER,ON,EST_FILTER_TYPE,MOVING_AVERAGE,EST_MA_WINDOW,1,EST_FILTER_STRENGTH,0.35
TM,EST_FUSION,ON,EST_GYRO_WEIGHT,0.98,EST_VALID,1
TM,SUN_L,3659,SUN_R,3698,SUN_NDV,-0.0053,SUN_ANGLE,-6.12
TM,MAG_X,-20.75,MAG_Y,17.98,MAG_Z,-15.17,MAG_HEADING,139.09
TM,GYRO_X,-0.840,GYRO_Y,-2.249,GYRO_Z,-0.443,BODY_RATE,0.443
TM,ADCS_MODE,MANUAL,ADCS_REFERENCE,SUN,TARGET,0.00,POINTING_ERROR,5.91,SUN_ERROR,6.25,MAG_ERROR,-138.91,GYRO_Z,-0.111,RW_CMD,0
TM,EST_RAW,-6.25,EST_FILTERED,-6.25,EST_ANGLE,-5.91,EST_FILTER,ON,EST_FILTER_TYPE,MOVING_AVERAGE,EST_MA_WINDOW,1,EST_FILTER_STRENGTH,0.35
TM,EST_FUSION,ON,EST_GYRO_WEIGHT,0.98,EST_VALID,1
TM,SUN_L,3659,SUN_R,3697,SUN_NDV,-0.0052,SUN_ANGLE,-6.04
TM,MAG_X,-20.93,MAG_Y,17.95,MAG_Z,-15.07,MAG_HEADING,139.38
TM,GYRO_X,-0.761,GYRO_Y,-2.616,GYRO_Z,-0.076,BODY_RATE,0.076
TM,SUN_L,3659,SUN_R,3695,SUN_NDV,-0.0049,SUN_ANGLE,-5.74
TM,MAG_X,-20.70,MAG_Y,18.10,MAG_Z,-14.98,MAG_HEADING,138.85
TM,GYRO_X,-0.962,GYRO_Y,-2.284,GYRO_Z,-0.155,BODY_RATE,0.155
TM,ADCS_MODE,MANUAL,ADCS_REFERENCE,SUN,TARGET,0.00,POINTING_ERROR,5.94,SUN_ERROR,5.89,MAG_ERROR,-138.85,GYRO_Z,-0.190,RW_CMD,0
TM,EST_RAW,-5.89,EST_FILTERED,-5.89,EST_ANGLE,-5.94,EST_FILTER,ON,EST_FILTER_TYPE,MOVING_AVERAGE,EST_MA_WINDOW,1,EST_FILTER_STRENGTH,0.35
TM,EST_FUSION,ON,EST_GYRO_WEIGHT,0.98,EST_VALID,1
TM,SUN_L,3660,SUN_R,3696,SUN_NDV,-0.0049,SUN_ANGLE,-6.05
TM,MAG_X,-20.70,MAG_Y,18.00,MAG_Z,-15.26,MAG_HEADING,139.00
TM,GYRO_X,-0.779,GYRO_Y,-2.494,GYRO_Z,0.029,BODY_RATE,-0.029
TM,ADCS_MODE,MANUAL,ADCS_REFERENCE,SUN,TARGET,0.00,POINTING_ERROR,5.90,SUN_ERROR,5.81,MAG_ERROR,-139.09,GYRO_Z,-0.321,RW_CMD,0
TM,EST_RAW,-5.81,EST_FILTERED,-5.81,EST_ANGLE,-5.90,EST_FILTER,ON,EST_FILTER_TYPE,MOVING_AVERAGE,EST_MA_WINDOW,1,EST_FILTER_STRENGTH,0.35
TM,EST_FUSION,ON,EST_GYRO_WEIGHT,0.98,EST_VALID,1
TM,SUN_L,3657,SUN_R,3696,SUN_NDV,-0.0053,SUN_ANGLE,-5.79
TM,MAG_X,-20.80,MAG_Y,18.02,MAG_Z,-15.14,MAG_HEADING,139.10
TM,GYRO_X,-0.718,GYRO_Y,-2.669,GYRO_Z,0.038,BODY_RATE,-0.038
TM,ADCS_MODE,MANUAL,ADCS_REFERENCE,SUN,TARGET,0.00,POINTING_ERROR,5.88,SUN_ERROR,5.71,MAG_ERROR,-139.10,GYRO_Z,0.003,RW_CMD,0
TM,EST_RAW,-5.71,EST_FILTERED,-5.71,EST_ANGLE,-5.88,EST_FILTER,ON,EST_FILTER_TYPE,MOVING_AVERAGE,EST_MA_WINDOW,1,EST_FILTER_STRENGTH,0.35
TM,EST_FUSION,ON,EST_GYRO_WEIGHT,0.98,EST_VALID,1
TM,SUN_L,3658,SUN_R,3697,SUN_NDV,-0.0053,SUN_ANGLE,-6.49
TM,MAG_X,-20.67,MAG_Y,18.05,MAG_Z,-15.17,MAG_HEADING,138.88
TM,GYRO_X,-0.858,GYRO_Y,-2.336,GYRO_Z,-0.207,BODY_RATE,0.207
TM,ADCS_MODE,MANUAL,ADCS_REFERENCE,SUN,TARGET,0.00,POINTING_ERROR,5.87,SUN_ERROR,5.86,MAG_ERROR,-138.98,GYRO_Z,-0.137,RW_CMD,0
TM,EST_RAW,-5.86,EST_FILTERED,-5.86,EST_ANGLE,-5.87,EST_FILTER,ON,EST_FILTER_TYPE,MOVING_AVERAGE,EST_MA_WINDOW,1,EST_FILTER_STRENGTH,0.35
TM,EST_FUSION,ON,EST_GYRO_WEIGHT,0.98,EST_VALID,1
TM,SUN_L,3657,SUN_R,3694,SUN_NDV,-0.0050,SUN_ANGLE,-6.15
TM,MAG_X,-20.67,MAG_Y,17.98,MAG_Z,-15.12,MAG_HEADING,138.98
TM,GYRO_X,-0.989,GYRO_Y,-2.214,GYRO_Z,0.038,BODY_RATE,-0.038
TM,SUN_L,3659,SUN_R,3697,SUN_NDV,-0.0052,SUN_ANGLE,-5.84
TM,MAG_X,-20.72,MAG_Y,18.03,MAG_Z,-15.30,MAG_HEADING,138.97
TM,GYRO_X,-0.910,GYRO_Y,-2.310,GYRO_Z,-0.076,BODY_RATE,0.076
TM,ADCS_MODE,MANUAL,ADCS_REFERENCE,SUN,TARGET,0.00,POINTING_ERROR,5.86,SUN_ERROR,5.84,MAG_ERROR,-138.79,GYRO_Z,-0.102,RW_CMD,0
TM,EST_RAW,-5.84,EST_FILTERED,-5.84,EST_ANGLE,-5.86,EST_FILTER,ON,EST_FILTER_TYPE,MOVING_AVERAGE,EST_MA_WINDOW,1,EST_FILTER_STRENGTH,0.35
TM,EST_FUSION,ON,EST_GYRO_WEIGHT,0.98,EST_VALID,1
TM,SUN_L,3658,SUN_R,3696,SUN_NDV,-0.0052,SUN_ANGLE,-5.91
TM,MAG_X,-20.67,MAG_Y,18.02,MAG_Z,-15.02,MAG_HEADING,138.93
TM,GYRO_X,-0.910,GYRO_Y,-2.537,GYRO_Z,-0.023,BODY_RATE,0.023
TM,ADCS_MODE,MANUAL,ADCS_REFERENCE,SUN,TARGET,0.00,POINTING_ERROR,5.89,SUN_ERROR,5.99,MAG_ERROR,-138.93,GYRO_Z,0.012,RW_CMD,0
TM,EST_RAW,-5.99,EST_FILTERED,-5.99,EST_ANGLE,-5.89,EST_FILTER,ON,EST_FILTER_TYPE,MOVING_AVERAGE,EST_MA_WINDOW,1,EST_FILTER_STRENGTH,0.35
TM,EST_FUSION,ON,EST_GYRO_WEIGHT,0.98,EST_VALID,1
TM,SUN_L,3658,SUN_R,3695,SUN_NDV,-0.0050,SUN_ANGLE,-6.25
TM,MAG_X,-20.75,MAG_Y,18.05,MAG_Z,-15.12,MAG_HEADING,138.99
TM,GYRO_X,-0.752,GYRO_Y,-2.152,GYRO_Z,-0.032,BODY_RATE,0.032
TM,ADCS_MODE,MANUAL,ADCS_REFERENCE,SUN,TARGET,0.00,POINTING_ERROR,5.89,SUN_ERROR,5.74,MAG_ERROR,-138.89,GYRO_Z,-0.172,RW_CMD,0
TM,EST_RAW,-5.74,EST_FILTERED,-5.74,EST_ANGLE,-5.89,EST_FILTER,ON,EST_FILTER_TYPE,MOVING_AVERAGE,EST_MA_WINDOW,1,EST_FILTER_STRENGTH,0.35
TM,EST_FUSION,ON,EST_GYRO_WEIGHT,0.98,EST_VALID,1
TM,SUN_L,3659,SUN_R,3695,SUN_NDV,-0.0049,SUN_ANGLE,-5.93
TM,MAG_X,-20.59,MAG_Y,17.97,MAG_Z,-15.30,MAG_HEADING,138.89
TM,GYRO_X,-0.971,GYRO_Y,-2.284,GYRO_Z,0.353,BODY_RATE,-0.353
TM,ADCS_MODE,MANUAL,ADCS_REFERENCE,SUN,TARGET,0.00,POINTING_ERROR,5.89,SUN_ERROR,5.98,MAG_ERROR,-138.83,GYRO_Z,0.012,RW_CMD,0
TM,EST_RAW,-5.98,EST_FILTERED,-5.98,EST_ANGLE,-5.89,EST_FILTER,ON,EST_FILTER_TYPE,MOVING_AVERAGE,EST_MA_WINDOW,1,EST_FILTER_STRENGTH,0.35
TM,EST_FUSION,ON,EST_GYRO_WEIGHT,0.98,EST_VALID,1
TM,SUN_L,3659,SUN_R,3696,SUN_NDV,-0.0050,SUN_ANGLE,-5.98
TM,MAG_X,-20.66,MAG_Y,18.19,MAG_Z,-15.07,MAG_HEADING,138.63
TM,GYRO_X,-1.085,GYRO_Y,-2.257,GYRO_Z,-0.067,BODY_RATE,0.067
TM,SUN_L,3658,SUN_R,3696,SUN_NDV,-0.0052,SUN_ANGLE,-5.96
TM,MAG_X,-20.62,MAG_Y,18.03,MAG_Z,-15.06,MAG_HEADING,138.84
TM,GYRO_X,-1.059,GYRO_Y,-2.354,GYRO_Z,0.082,BODY_RATE,-0.082
TM,ADCS_MODE,MANUAL,ADCS_REFERENCE,SUN,TARGET,0.00,POINTING_ERROR,5.88,SUN_ERROR,5.75,MAG_ERROR,-138.84,GYRO_Z,-0.093,RW_CMD,0
TM,EST_RAW,-5.75,EST_FILTERED,-5.75,EST_ANGLE,-5.88,EST_FILTER,ON,EST_FILTER_TYPE,MOVING_AVERAGE,EST_MA_WINDOW,1,EST_FILTER_STRENGTH,0.35
TM,EST_FUSION,ON,EST_GYRO_WEIGHT,0.98,EST_VALID,1
TM,SUN_L,3659,SUN_R,3697,SUN_NDV,-0.0052,SUN_ANGLE,-5.86
TM,MAG_X,-20.82,MAG_Y,17.95,MAG_Z,-15.17,MAG_HEADING,139.23
TM,GYRO_X,-1.129,GYRO_Y,-2.275,GYRO_Z,-0.015,BODY_RATE,0.015
TM,ADCS_MODE,MANUAL,ADCS_REFERENCE,SUN,TARGET,0.00,POINTING_ERROR,5.88,SUN_ERROR,5.77,MAG_ERROR,-139.23,GYRO_Z,0.195,RW_CMD,0
TM,EST_RAW,-5.77,EST_FILTERED,-5.77,EST_ANGLE,-5.88,EST_FILTER,ON,EST_FILTER_TYPE,MOVING_AVERAGE,EST_MA_WINDOW,1,EST_FILTER_STRENGTH,0.35
TM,EST_FUSION,ON,EST_GYRO_WEIGHT,0.98,EST_VALID,1
TM,SUN_L,3659,SUN_R,3697,SUN_NDV,-0.0052,SUN_ANGLE,-6.01
TM,MAG_X,-20.61,MAG_Y,18.08,MAG_Z,-15.22,MAG_HEADING,138.74
TM,GYRO_X,-1.076,GYRO_Y,-2.179,GYRO_Z,0.169,BODY_RATE,-0.169
TM,ADCS_MODE,MANUAL,ADCS_REFERENCE,SUN,TARGET,0.00,POINTING_ERROR,5.88,SUN_ERROR,6.19,MAG_ERROR,-139.53,GYRO_Z,-0.076,RW_CMD,0
TM,EST_RAW,-6.19,EST_FILTERED,-6.19,EST_ANGLE,-5.88,EST_FILTER,ON,EST_FILTER_TYPE,MOVING_AVERAGE,EST_MA_WINDOW,1,EST_FILTER_STRENGTH,0.35
TM,EST_FUSION,ON,EST_GYRO_WEIGHT,0.98,EST_VALID,1
TM,SUN_L,3659,SUN_R,3697,SUN_NDV,-0.0052,SUN_ANGLE,-5.92
TM,MAG_X,-20.58,MAG_Y,17.98,MAG_Z,-15.12,MAG_HEADING,138.85
TM,GYRO_X,-1.242,GYRO_Y,-2.362,GYRO_Z,0.099,BODY_RATE,-0.099
TM,ADCS_MODE,MANUAL,ADCS_REFERENCE,SUN,TARGET,0.00,POINTING_ERROR,5.88,SUN_ERROR,5.81,MAG_ERROR,-139.01,GYRO_Z,-0.067,RW_CMD,0
TM,EST_RAW,-5.81,EST_FILTERED,-5.81,EST_ANGLE,-5.88,EST_FILTER,ON,EST_FILTER_TYPE,MOVING_AVERAGE,EST_MA_WINDOW,1,EST_FILTER_STRENGTH,0.35
TM,EST_FUSION,ON,EST_GYRO_WEIGHT,0.98,EST_VALID,1
TM,SUN_L,3659,SUN_R,3697,SUN_NDV,-0.0052,SUN_ANGLE,-5.73
TM,MAG_X,-20.74,MAG_Y,18.02,MAG_Z,-15.10,MAG_HEADING,139.01
TM,GYRO_X,-1.102,GYRO_Y,-2.336,GYRO_Z,-0.058,BODY_RATE,0.058
TM,SUN_L,3658,SUN_R,3695,SUN_NDV,-0.0050,SUN_ANGLE,-5.71
TM,MAG_X,-20.77,MAG_Y,18.11,MAG_Z,-14.99,MAG_HEADING,138.91
TM,GYRO_X,-1.076,GYRO_Y,-2.214,GYRO_Z,-0.303,BODY_RATE,0.303
TM,ADCS_MODE,MANUAL,ADCS_REFERENCE,SUN,TARGET,0.00,POINTING_ERROR,5.88,SUN_ERROR,5.89,MAG_ERROR,-138.91,GYRO_Z,-0.373,RW_CMD,0
TM,EST_RAW,-5.89,EST_FILTERED,-5.89,EST_ANGLE,-5.88,EST_FILTER,ON,EST_FILTER_TYPE,MOVING_AVERAGE,EST_MA_WINDOW,1,EST_FILTER_STRENGTH,0.35
TM,EST_FUSION,ON,EST_GYRO_WEIGHT,0.98,EST_VALID,1
TM,SUN_L,3658,SUN_R,3696,SUN_NDV,-0.0052,SUN_ANGLE,-6.28
TM,MAG_X,-20.72,MAG_Y,18.00,MAG_Z,-15.25,MAG_HEADING,139.02
TM,GYRO_X,-0.788,GYRO_Y,-2.599,GYRO_Z,-0.076,BODY_RATE,0.076
TM,ADCS_MODE,MANUAL,ADCS_REFERENCE,SUN,TARGET,0.00,POINTING_ERROR,5.90,SUN_ERROR,6.23,MAG_ERROR,-139.07,GYRO_Z,-0.242,RW_CMD,0
TM,EST_RAW,-6.23,EST_FILTERED,-6.23,EST_ANGLE,-5.90,EST_FILTER,ON,EST_FILTER_TYPE,MOVING_AVERAGE,EST_MA_WINDOW,1,EST_FILTER_STRENGTH,0.35
TM,EST_FUSION,ON,EST_GYRO_WEIGHT,0.98,EST_VALID,1
TM,SUN_L,3660,SUN_R,3697,SUN_NDV,-0.0050,SUN_ANGLE,-5.81
TM,MAG_X,-20.64,MAG_Y,17.97,MAG_Z,-14.99,MAG_HEADING,138.96
TM,GYRO_X,-0.892,GYRO_Y,-2.616,GYRO_Z,0.169,BODY_RATE,-0.169
TM,ADCS_MODE,MANUAL,ADCS_REFERENCE,SUN,TARGET,0.00,POINTING_ERROR,5.91,SUN_ERROR,5.94,MAG_ERROR,-138.96,GYRO_Z,-0.015,RW_CMD,0
TM,EST_RAW,-5.94,EST_FILTERED,-5.94,EST_ANGLE,-5.91,EST_FILTER,ON,EST_FILTER_TYPE,MOVING_AVERAGE,EST_MA_WINDOW,1,EST_FILTER_STRENGTH,0.35
TM,EST_FUSION,ON,EST_GYRO_WEIGHT,0.98,EST_VALID,1
TM,SUN_L,3660,SUN_R,3695,SUN_NDV,-0.0048,SUN_ANGLE,-6.09
TM,MAG_X,-20.69,MAG_Y,18.00,MAG_Z,-15.10,MAG_HEADING,138.97
TM,GYRO_X,-1.164,GYRO_Y,-2.152,GYRO_Z,0.047,BODY_RATE,-0.047
TM,ADCS_MODE,MANUAL,ADCS_REFERENCE,SUN,TARGET,0.00,POINTING_ERROR,5.88,SUN_ERROR,5.90,MAG_ERROR,-138.89,GYRO_Z,-0.023,RW_CMD,0
TM,EST_RAW,-5.90,EST_FILTERED,-5.90,EST_ANGLE,-5.88,EST_FILTER,ON,EST_FILTER_TYPE,MOVING_AVERAGE,EST_MA_WINDOW,1,EST_FILTER_STRENGTH,0.35
TM,EST_FUSION,ON,EST_GYRO_WEIGHT,0.98,EST_VALID,1
TM,SUN_L,3656,SUN_R,3695,SUN_NDV,-0.0053,SUN_ANGLE,-5.73
TM,MAG_X,-20.72,MAG_Y,18.08,MAG_Z,-15.15,MAG_HEADING,138.89
TM,GYRO_X,-0.805,GYRO_Y,-2.529,GYRO_Z,-0.163,BODY_RATE,0.163
TM,SUN_L,3658,SUN_R,3697,SUN_NDV,-0.0053,SUN_ANGLE,-5.86
TM,MAG_X,-20.75,MAG_Y,17.97,MAG_Z,-14.91,MAG_HEADING,139.11
TM,GYRO_X,-1.006,GYRO_Y,-2.179,GYRO_Z,0.012,BODY_RATE,-0.012
TM,ADCS_MODE,MANUAL,ADCS_REFERENCE,SUN,TARGET,0.00,POINTING_ERROR,5.88,SUN_ERROR,6.53,MAG_ERROR,-139.11,GYRO_Z,-0.041,RW_CMD,0
TM,EST_RAW,-6.53,EST_FILTERED,-6.53,EST_ANGLE,-5.88,EST_FILTER,ON,EST_FILTER_TYPE,MOVING_AVERAGE,EST_MA_WINDOW,1,EST_FILTER_STRENGTH,0.35
TM,EST_FUSION,ON,EST_GYRO_WEIGHT,0.98,EST_VALID,1
TM,SUN_L,3658,SUN_R,3695,SUN_NDV,-0.0050,SUN_ANGLE,-6.00
TM,MAG_X,-20.69,MAG_Y,17.98,MAG_Z,-15.18,MAG_HEADING,139.00
TM,GYRO_X,-0.954,GYRO_Y,-2.459,GYRO_Z,-0.286,BODY_RATE,0.286
TM,ADCS_MODE,MANUAL,ADCS_REFERENCE,SUN,TARGET,0.00,POINTING_ERROR,5.91,SUN_ERROR,6.24,MAG_ERROR,-139.00,GYRO_Z,-0.085,RW_CMD,0
TM,EST_RAW,-6.24,EST_FILTERED,-6.24,EST_ANGLE,-5.91,EST_FILTER,ON,EST_FILTER_TYPE,MOVING_AVERAGE,EST_MA_WINDOW,1,EST_FILTER_STRENGTH,0.35
TM,EST_FUSION,ON,EST_GYRO_WEIGHT,0.98,EST_VALID,1
TM,SUN_L,3659,SUN_R,3696,SUN_NDV,-0.0050,SUN_ANGLE,-5.70
TM,MAG_X,-20.58,MAG_Y,17.82,MAG_Z,-15.15,MAG_HEADING,139.10
TM,GYRO_X,-1.024,GYRO_Y,-2.476,GYRO_Z,-0.050,BODY_RATE,0.050
TM,ADCS_MODE,MANUAL,ADCS_REFERENCE,SUN,TARGET,0.00,POINTING_ERROR,5.94,SUN_ERROR,5.65,MAG_ERROR,-138.98,GYRO_Z,-0.102,RW_CMD,0
TM,EST_RAW,-5.65,EST_FILTERED,-5.65,EST_ANGLE,-5.94,EST_FILTER,ON,EST_FILTER_TYPE,MOVING_AVERAGE,EST_MA_WINDOW,1,EST_FILTER_STRENGTH,0.35
TM,EST_FUSION,ON,EST_GYRO_WEIGHT,0.98,EST_VALID,1
TM,SUN_L,3659,SUN_R,3697,SUN_NDV,-0.0052,SUN_ANGLE,-6.27
TM,MAG_X,-20.67,MAG_Y,17.98,MAG_Z,-15.20,MAG_HEADING,138.98
TM,GYRO_X,-0.980,GYRO_Y,-2.240,GYRO_Z,-0.225,BODY_RATE,0.225
TM,ADCS_MODE,MANUAL,ADCS_REFERENCE,SUN,TARGET,0.00,POINTING_ERROR,5.90,SUN_ERROR,6.02,MAG_ERROR,-138.90,GYRO_Z,-0.076,RW_CMD,0
TM,EST_RAW,-6.02,EST_FILTERED,-6.02,EST_ANGLE,-5.90,EST_FILTER,ON,EST_FILTER_TYPE,MOVING_AVERAGE,EST_MA_WINDOW,1,EST_FILTER_STRENGTH,0.35
TM,EST_FUSION,ON,EST_GYRO_WEIGHT,0.98,EST_VALID,1
TM,SUN_L,3658,SUN_R,3696,SUN_NDV,-0.0052,SUN_ANGLE,-5.98
TM,MAG_X,-20.72,MAG_Y,18.06,MAG_Z,-14.98,MAG_HEADING,138.92
TM,GYRO_X,-1.234,GYRO_Y,-2.485,GYRO_Z,0.003,BODY_RATE,-0.003
TM,SUN_L,3659,SUN_R,3695,SUN_NDV,-0.0049,SUN_ANGLE,-6.26
TM,MAG_X,-20.74,MAG_Y,18.05,MAG_Z,-14.85,MAG_HEADING,138.96
TM,GYRO_X,-1.059,GYRO_Y,-2.310,GYRO_Z,0.082,BODY_RATE,-0.082
TM,ADCS_MODE,MANUAL,ADCS_REFERENCE,SUN,TARGET,0.00,POINTING_ERROR,5.89,SUN_ERROR,6.26,MAG_ERROR,-138.96,GYRO_Z,-0.207,RW_CMD,0
TM,EST_RAW,-6.26,EST_FILTERED,-6.26,EST_ANGLE,-5.89,EST_FILTER,ON,EST_FILTER_TYPE,MOVING_AVERAGE,EST_MA_WINDOW,1,EST_FILTER_STRENGTH,0.35
TM,EST_FUSION,ON,EST_GYRO_WEIGHT,0.98,EST_VALID,1
TM,SUN_L,3658,SUN_R,3696,SUN_NDV,-0.0052,SUN_ANGLE,-6.11
TM,MAG_X,-20.66,MAG_Y,17.86,MAG_Z,-14.91,MAG_HEADING,139.16
TM,GYRO_X,-0.822,GYRO_Y,-2.345,GYRO_Z,-0.006,BODY_RATE,0.006
TM,ADCS_MODE,MANUAL,ADCS_REFERENCE,SUN,TARGET,0.00,POINTING_ERROR,5.91,SUN_ERROR,6.36,MAG_ERROR,-139.16,GYRO_Z,-0.190,RW_CMD,0
TM,EST_RAW,-6.36,EST_FILTERED,-6.36,EST_ANGLE,-5.91,EST_FILTER,ON,EST_FILTER_TYPE,MOVING_AVERAGE,EST_MA_WINDOW,1,EST_FILTER_STRENGTH,0.35
TM,EST_FUSION,ON,EST_GYRO_WEIGHT,0.98,EST_VALID,1
TM,SUN_L,3658,SUN_R,3695,SUN_NDV,-0.0050,SUN_ANGLE,-5.93
TM,MAG_X,-20.75,MAG_Y,17.94,MAG_Z,-15.17,MAG_HEADING,139.16
TM,GYRO_X,-0.761,GYRO_Y,-2.520,GYRO_Z,-0.015,BODY_RATE,0.015
TM,ADCS_MODE,MANUAL,ADCS_REFERENCE,SUN,TARGET,0.00,POINTING_ERROR,5.95,SUN_ERROR,6.42,MAG_ERROR,-139.36,GYRO_Z,-0.006,RW_CMD,0
TM,EST_RAW,-6.42,EST_FILTERED,-6.42,EST_ANGLE,-5.95,EST_FILTER,ON,EST_FILTER_TYPE,MOVING_AVERAGE,EST_MA_WINDOW,1,EST_FILTER_STRENGTH,0.35
TM,EST_FUSION,ON,EST_GYRO_WEIGHT,0.98,EST_VALID,1
TM,SUN_L,3660,SUN_R,3698,SUN_NDV,-0.0052,SUN_ANGLE,-6.27
TM,MAG_X,-20.61,MAG_Y,17.94,MAG_Z,-14.94,MAG_HEADING,138.97
TM,GYRO_X,-1.076,GYRO_Y,-2.179,GYRO_Z,-0.032,BODY_RATE,0.032
TM,ADCS_MODE,MANUAL,ADCS_REFERENCE,SUN,TARGET,0.00,POINTING_ERROR,5.95,SUN_ERROR,6.19,MAG_ERROR,-139.07,GYRO_Z,-0.391,RW_CMD,0
TM,EST_RAW,-6.19,EST_FILTERED,-6.19,EST_ANGLE,-5.95,EST_FILTER,ON,EST_FILTER_TYPE,MOVING_AVERAGE,EST_MA_WINDOW,1,EST_FILTER_STRENGTH,0.35
TM,EST_FUSION,ON,EST_GYRO_WEIGHT,0.98,EST_VALID,1
TM,SUN_L,3659,SUN_R,3698,SUN_NDV,-0.0053,SUN_ANGLE,-6.00
TM,MAG_X,-20.72,MAG_Y,17.97,MAG_Z,-15.01,MAG_HEADING,139.07
TM,GYRO_X,-0.683,GYRO_Y,-2.389,GYRO_Z,-0.172,BODY_RATE,0.172
TM,SUN_L,3659,SUN_R,3696,SUN_NDV,-0.0050,SUN_ANGLE,-6.25
TM,MAG_X,-20.67,MAG_Y,17.87,MAG_Z,-14.90,MAG_HEADING,139.15
TM,GYRO_X,-1.033,GYRO_Y,-2.257,GYRO_Z,-0.172,BODY_RATE,0.172
TM,ADCS_MODE,MANUAL,ADCS_REFERENCE,SUN,TARGET,0.00,POINTING_ERROR,5.95,SUN_ERROR,6.13,MAG_ERROR,-139.15,GYRO_Z,-0.233,RW_CMD,0
TM,EST_RAW,-6.13,EST_FILTERED,-6.13,EST_ANGLE,-5.95,EST_FILTER,ON,EST_FILTER_TYPE,MOVING_AVERAGE,EST_MA_WINDOW,1,EST_FILTER_STRENGTH,0.35
TM,EST_FUSION,ON,EST_GYRO_WEIGHT,0.98,EST_VALID,1
TM,SUN_L,3660,SUN_R,3695,SUN_NDV,-0.0048,SUN_ANGLE,-6.33
TM,MAG_X,-20.72,MAG_Y,17.98,MAG_Z,-15.10,MAG_HEADING,139.04
TM,GYRO_X,-0.971,GYRO_Y,-2.520,GYRO_Z,-0.093,BODY_RATE,0.093
TM,ADCS_MODE,MANUAL,ADCS_REFERENCE,SUN,TARGET,0.00,POINTING_ERROR,5.95,SUN_ERROR,6.42,MAG_ERROR,-139.04,GYRO_Z,-0.050,RW_CMD,0
TM,EST_RAW,-6.42,EST_FILTERED,-6.42,EST_ANGLE,-5.95,EST_FILTER,ON,EST_FILTER_TYPE,MOVING_AVERAGE,EST_MA_WINDOW,1,EST_FILTER_STRENGTH,0.35
TM,EST_FUSION,ON,EST_GYRO_WEIGHT,0.98,EST_VALID,1
TM,SUN_L,3657,SUN_R,3696,SUN_NDV,-0.0053,SUN_ANGLE,-6.40
TM,MAG_X,-20.70,MAG_Y,17.81,MAG_Z,-14.98,MAG_HEADING,139.30
TM,GYRO_X,-0.919,GYRO_Y,-2.441,GYRO_Z,-0.225,BODY_RATE,0.225
TM,ADCS_MODE,MANUAL,ADCS_REFERENCE,SUN,TARGET,0.00,POINTING_ERROR,5.95,SUN_ERROR,6.27,MAG_ERROR,-139.16,GYRO_Z,-0.102,RW_CMD,0
TM,EST_RAW,-6.27,EST_FILTERED,-6.27,EST_ANGLE,-5.95,EST_FILTER,ON,EST_FILTER_TYPE,MOVING_AVERAGE,EST_MA_WINDOW,1,EST_FILTER_STRENGTH,0.35
TM,EST_FUSION,ON,EST_GYRO_WEIGHT,0.98,EST_VALID,1
TM,SUN_L,3659,SUN_R,3699,SUN_NDV,-0.0054,SUN_ANGLE,-5.98
TM,MAG_X,-20.78,MAG_Y,17.97,MAG_Z,-14.99,MAG_HEADING,139.16
TM,GYRO_X,-1.041,GYRO_Y,-2.240,GYRO_Z,-0.032,BODY_RATE,0.032
TM,ADCS_MODE,MANUAL,ADCS_REFERENCE,SUN,TARGET,0.00,POINTING_ERROR,5.96,SUN_ERROR,6.10,MAG_ERROR,-139.15,GYRO_Z,-0.050,RW_CMD,0
TM,EST_RAW,-6.10,EST_FILTERED,-6.10,EST_ANGLE,-5.96,EST_FILTER,ON,EST_FILTER_TYPE,MOVING_AVERAGE,EST_MA_WINDOW,1,EST_FILTER_STRENGTH,0.35
TM,EST_FUSION,ON,EST_GYRO_WEIGHT,0.98,EST_VALID,1
TM,SUN_L,3658,SUN_R,3698,SUN_NDV,-0.0054,SUN_ANGLE,-6.03
TM,MAG_X,-20.67,MAG_Y,17.87,MAG_Z,-15.06,MAG_HEADING,139.15
TM,GYRO_X,-0.735,GYRO_Y,-2.537,GYRO_Z,-0.015,BODY_RATE,0.015
TM,SUN_L,3660,SUN_R,3698,SUN_NDV,-0.0052,SUN_ANGLE,-6.56
TM,MAG_X,-20.61,MAG_Y,17.94,MAG_Z,-14.88,MAG_HEADING,138.97
TM,GYRO_X,-1.059,GYRO_Y,-2.249,GYRO_Z,0.020,BODY_RATE,-0.020
TM,ADCS_MODE,MANUAL,ADCS_REFERENCE,SUN,TARGET,0.00,POINTING_ERROR,5.95,SUN_ERROR,5.82,MAG_ERROR,-138.97,GYRO_Z,-0.190,RW_CMD,0
TM,EST_RAW,-5.82,EST_FILTERED,-5.82,EST_ANGLE,-5.95,EST_FILTER,ON,EST_FILTER_TYPE,MOVING_AVERAGE,EST_MA_WINDOW,1,EST_FILTER_STRENGTH,0.35
TM,EST_FUSION,ON,EST_GYRO_WEIGHT,0.98,EST_VALID,1
TM,SUN_L,3658,SUN_R,3697,SUN_NDV,-0.0053,SUN_ANGLE,-5.80
TM,MAG_X,-20.59,MAG_Y,17.86,MAG_Z,-14.74,MAG_HEADING,139.07
TM,GYRO_X,-0.840,GYRO_Y,-2.257,GYRO_Z,-0.058,BODY_RATE,0.058
TM,ADCS_MODE,MANUAL,ADCS_REFERENCE,SUN,TARGET,0.00,POINTING_ERROR,5.96,SUN_ERROR,6.04,MAG_ERROR,-139.07,GYRO_Z,-0.076,RW_CMD,0
TM,EST_RAW,-6.04,EST_FILTERED,-6.04,EST_ANGLE,-5.96,EST_FILTER,ON,EST_FILTER_TYPE,MOVING_AVERAGE,EST_MA_WINDOW,1,EST_FILTER_STRENGTH,0.35
TM,EST_FUSION,ON,EST_GYRO_WEIGHT,0.98,EST_VALID,1
TM,SUN_L,3659,SUN_R,3696,SUN_NDV,-0.0050,SUN_ANGLE,-5.89
TM,MAG_X,-20.67,MAG_Y,17.90,MAG_Z,-15.02,MAG_HEADING,139.10
TM,GYRO_X,-0.875,GYRO_Y,-2.275,GYRO_Z,-0.198,BODY_RATE,0.198
TM,ADCS_MODE,MANUAL,ADCS_REFERENCE,SUN,TARGET,0.00,POINTING_ERROR,5.92,SUN_ERROR,5.98,MAG_ERROR,-139.27,GYRO_Z,0.134,RW_CMD,0
TM,EST_RAW,-5.98,EST_FILTERED,-5.98,EST_ANGLE,-5.92,EST_FILTER,ON,EST_FILTER_TYPE,MOVING_AVERAGE,EST_MA_WINDOW,1,EST_FILTER_STRENGTH,0.35
TM,EST_FUSION,ON,EST_GYRO_WEIGHT,0.98,EST_VALID,1
TM,SUN_L,3659,SUN_R,3696,SUN_NDV,-0.0050,SUN_ANGLE,-5.84
TM,MAG_X,-20.70,MAG_Y,17.82,MAG_Z,-14.96,MAG_HEADING,139.27
TM,GYRO_X,-1.033,GYRO_Y,-2.161,GYRO_Z,0.143,BODY_RATE,-0.143
TM,ADCS_MODE,MANUAL,ADCS_REFERENCE,SUN,TARGET,0.00,POINTING_ERROR,5.93,SUN_ERROR,5.94,MAG_ERROR,-139.24,GYRO_Z,-0.041,RW_CMD,0
TM,EST_RAW,-5.94,EST_FILTERED,-5.94,EST_ANGLE,-5.93,EST_FILTER,ON,EST_FILTER_TYPE,MOVING_AVERAGE,EST_MA_WINDOW,1,EST_FILTER_STRENGTH,0.35
TM,EST_FUSION,ON,EST_GYRO_WEIGHT,0.98,EST_VALID,1
TM,SUN_L,3659,SUN_R,3696,SUN_NDV,-0.0050,SUN_ANGLE,-6.00
TM,MAG_X,-20.66,MAG_Y,17.82,MAG_Z,-14.93,MAG_HEADING,139.21
TM,GYRO_X,-1.015,GYRO_Y,-2.336,GYRO_Z,-0.251,BODY_RATE,0.251
TM,SUN_L,3659,SUN_R,3697,SUN_NDV,-0.0052,SUN_ANGLE,-5.85
TM,MAG_X,-20.74,MAG_Y,17.87,MAG_Z,-15.06,MAG_HEADING,139.24
TM,GYRO_X,-1.242,GYRO_Y,-2.179,GYRO_Z,0.038,BODY_RATE,-0.038
TM,ADCS_MODE,MANUAL,ADCS_REFERENCE,SUN,TARGET,0.00,POINTING_ERROR,5.94,SUN_ERROR,5.82,MAG_ERROR,-139.24,GYRO_Z,-0.146,RW_CMD,0
TM,EST_RAW,-5.82,EST_FILTERED,-5.82,EST_ANGLE,-5.94,EST_FILTER,ON,EST_FILTER_TYPE,MOVING_AVERAGE,EST_MA_WINDOW,1,EST_FILTER_STRENGTH,0.35
TM,EST_FUSION,ON,EST_GYRO_WEIGHT,0.98,EST_VALID,1
TM,SUN_L,3659,SUN_R,3698,SUN_NDV,-0.0053,SUN_ANGLE,-6.31
TM,MAG_X,-20.78,MAG_Y,17.95,MAG_Z,-14.77,MAG_HEADING,139.18
TM,GYRO_X,-1.094,GYRO_Y,-2.100,GYRO_Z,-0.251,BODY_RATE,0.251
TM,ADCS_MODE,MANUAL,ADCS_REFERENCE,SUN,TARGET,0.00,POINTING_ERROR,5.97,SUN_ERROR,6.34,MAG_ERROR,-139.15,GYRO_Z,-0.006,RW_CMD,0
TM,EST_RAW,-6.34,EST_FILTERED,-6.34,EST_ANGLE,-5.97,EST_FILTER,ON,EST_FILTER_TYPE,MOVING_AVERAGE,EST_MA_WINDOW,1,EST_FILTER_STRENGTH,0.35
TM,EST_FUSION,ON,EST_GYRO_WEIGHT,0.98,EST_VALID,1
TM,SUN_L,3659,SUN_R,3697,SUN_NDV,-0.0052,SUN_ANGLE,-6.17
TM,MAG_X,-20.62,MAG_Y,17.92,MAG_Z,-15.10,MAG_HEADING,139.01
TM,GYRO_X,-1.155,GYRO_Y,-2.021,GYRO_Z,-0.190,BODY_RATE,0.190
TM,ADCS_MODE,MANUAL,ADCS_REFERENCE,SUN,TARGET,0.00,POINTING_ERROR,5.97,SUN_ERROR,6.50,MAG_ERROR,-139.01,GYRO_Z,-0.225,RW_CMD,0
TM,EST_RAW,-6.50,EST_FILTERED,-6.50,EST_ANGLE,-5.97,EST_FILTER,ON,EST_FILTER_TYPE,MOVING_AVERAGE,EST_MA_WINDOW,1,EST_FILTER_STRENGTH,0.35
TM,EST_FUSION,ON,EST_GYRO_WEIGHT,0.98,EST_VALID,1
TM,SUN_L,3660,SUN_R,3697,SUN_NDV,-0.0050,SUN_ANGLE,-6.15
TM,MAG_X,-20.69,MAG_Y,17.87,MAG_Z,-14.98,MAG_HEADING,139.18
TM,GYRO_X,-0.831,GYRO_Y,-2.415,GYRO_Z,0.020,BODY_RATE,-0.020
TM,ADCS_MODE,MANUAL,ADCS_REFERENCE,SUN,TARGET,0.00,POINTING_ERROR,5.99,SUN_ERROR,6.47,MAG_ERROR,-139.05,GYRO_Z,-0.067,RW_CMD,0
TM,EST_RAW,-6.47,EST_FILTERED,-6.47,EST_ANGLE,-5.99,EST_FILTER,ON,EST_FILTER_TYPE,MOVING_AVERAGE,EST_MA_WINDOW,1,EST_FILTER_STRENGTH,0.35
TM,EST_FUSION,ON,EST_GYRO_WEIGHT,0.98,EST_VALID,1
TM,SUN_L,3660,SUN_R,3698,SUN_NDV,-0.0052,SUN_ANGLE,-5.96
TM,MAG_X,-20.69,MAG_Y,17.95,MAG_Z,-14.99,MAG_HEADING,139.05
TM,GYRO_X,-0.919,GYRO_Y,-2.345,GYRO_Z,-0.163,BODY_RATE,0.163
TM,SUN_L,3660,SUN_R,3699,SUN_NDV,-0.0053,SUN_ANGLE,-6.34
TM,MAG_X,-20.74,MAG_Y,17.87,MAG_Z,-15.02,MAG_HEADING,139.24
TM,GYRO_X,-0.875,GYRO_Y,-2.380,GYRO_Z,-0.085,BODY_RATE,0.085
TM,ADCS_MODE,MANUAL,ADCS_REFERENCE,SUN,TARGET,0.00,POINTING_ERROR,6.01,SUN_ERROR,6.34,MAG_ERROR,-139.24,GYRO_Z,0.047,RW_CMD,0
TM,EST_RAW,-6.34,EST_FILTERED,-6.34,EST_ANGLE,-6.01,EST_FILTER,ON,EST_FILTER_TYPE,MOVING_AVERAGE,EST_MA_WINDOW,1,EST_FILTER_STRENGTH,0.35
TM,EST_FUSION,ON,EST_GYRO_WEIGHT,0.98,EST_VALID,1
TM,SUN_L,3661,SUN_R,3697,SUN_NDV,-0.0049,SUN_ANGLE,-6.25
TM,MAG_X,-20.86,MAG_Y,17.86,MAG_Z,-14.98,MAG_HEADING,139.44
TM,GYRO_X,-1.304,GYRO_Y,-2.231,GYRO_Z,-0.233,BODY_RATE,0.233
TM,ADCS_MODE,MANUAL,ADCS_REFERENCE,SUN,TARGET,0.00,POINTING_ERROR,6.04,SUN_ERROR,6.07,MAG_ERROR,-139.44,GYRO_Z,-0.155,RW_CMD,0
TM,EST_RAW,-6.07,EST_FILTERED,-6.07,EST_ANGLE,-6.04,EST_FILTER,ON,EST_FILTER_TYPE,MOVING_AVERAGE,EST_MA_WINDOW,1,EST_FILTER_STRENGTH,0.35
TM,EST_FUSION,ON,EST_GYRO_WEIGHT,0.98,EST_VALID,1
TM,SUN_L,3660,SUN_R,3698,SUN_NDV,-0.0052,SUN_ANGLE,-5.83
TM,MAG_X,-20.59,MAG_Y,17.84,MAG_Z,-15.04,MAG_HEADING,139.10
TM,GYRO_X,-1.059,GYRO_Y,-2.126,GYRO_Z,-0.146,BODY_RATE,0.146
TM,ADCS_MODE,MANUAL,ADCS_REFERENCE,SUN,TARGET,0.00,POINTING_ERROR,6.02,SUN_ERROR,5.83,MAG_ERROR,-139.00,GYRO_Z,-0.128,RW_CMD,0
TM,EST_RAW,-5.83,EST_FILTERED,-5.83,EST_ANGLE,-6.02,EST_FILTER,ON,EST_FILTER_TYPE,MOVING_AVERAGE,EST_MA_WINDOW,1,EST_FILTER_STRENGTH,0.35
TM,EST_FUSION,ON,EST_GYRO_WEIGHT,0.98,EST_VALID,1
TM,SUN_L,3660,SUN_R,3698,SUN_NDV,-0.0052,SUN_ANGLE,-6.48
TM,MAG_X,-20.67,MAG_Y,17.97,MAG_Z,-15.06,MAG_HEADING,139.00
TM,GYRO_X,-0.892,GYRO_Y,-2.441,GYRO_Z,-0.190,BODY_RATE,0.190
TM,ADCS_MODE,MANUAL,ADCS_REFERENCE,SUN,TARGET,0.00,POINTING_ERROR,6.04,SUN_ERROR,6.23,MAG_ERROR,-138.99,GYRO_Z,-0.190,RW_CMD,0
TM,EST_RAW,-6.23,EST_FILTERED,-6.23,EST_ANGLE,-6.04,EST_FILTER,ON,EST_FILTER_TYPE,MOVING_AVERAGE,EST_MA_WINDOW,1,EST_FILTER_STRENGTH,0.35
TM,EST_FUSION,ON,EST_GYRO_WEIGHT,0.98,EST_VALID,1
TM,SUN_L,3660,SUN_R,3696,SUN_NDV,-0.0049,SUN_ANGLE,-5.94
TM,MAG_X,-20.62,MAG_Y,17.94,MAG_Z,-15.07,MAG_HEADING,138.99
TM,GYRO_X,-0.962,GYRO_Y,-2.082,GYRO_Z,-0.163,BODY_RATE,0.163
TM,SUN_L,3659,SUN_R,3697,SUN_NDV,-0.0052,SUN_ANGLE,-6.19
TM,MAG_X,-20.82,MAG_Y,18.03,MAG_Z,-14.90,MAG_HEADING,139.10
TM,GYRO_X,-0.910,GYRO_Y,-2.406,GYRO_Z,0.047,BODY_RATE,-0.047
TM,ADCS_MODE,MANUAL,ADCS_REFERENCE,SUN,TARGET,0.00,POINTING_ERROR,6.05,SUN_ERROR,5.93,MAG_ERROR,-139.10,GYRO_Z,-0.093,RW_CMD,0
TM,EST_RAW,-5.93,EST_FILTERED,-5.93,EST_ANGLE,-6.05,EST_FILTER,ON,EST_FILTER_TYPE,MOVING_AVERAGE,EST_MA_WINDOW,1,EST_FILTER_STRENGTH,0.35
TM,EST_FUSION,ON,EST_GYRO_WEIGHT,0.98,EST_VALID,1
TM,SUN_L,3659,SUN_R,3697,SUN_NDV,-0.0052,SUN_ANGLE,-5.68
TM,MAG_X,-20.67,MAG_Y,18.02,MAG_Z,-14.72,MAG_HEADING,138.93
TM,GYRO_X,-0.892,GYRO_Y,-2.406,GYRO_Z,-0.233,BODY_RATE,0.233
TM,ADCS_MODE,MANUAL,ADCS_REFERENCE,SUN,TARGET,0.00,POINTING_ERROR,6.01,SUN_ERROR,6.31,MAG_ERROR,-138.93,GYRO_Z,-0.058,RW_CMD,0
TM,EST_RAW,-6.31,EST_FILTERED,-6.31,EST_ANGLE,-6.01,EST_FILTER,ON,EST_FILTER_TYPE,MOVING_AVERAGE,EST_MA_WINDOW,1,EST_FILTER_STRENGTH,0.35
TM,EST_FUSION,ON,EST_GYRO_WEIGHT,0.98,EST_VALID,1
TM,SUN_L,3659,SUN_R,3696,SUN_NDV,-0.0050,SUN_ANGLE,-5.95
TM,MAG_X,-20.72,MAG_Y,17.92,MAG_Z,-14.98,MAG_HEADING,139.14
TM,GYRO_X,-0.665,GYRO_Y,-2.380,GYRO_Z,0.047,BODY_RATE,-0.047
TM,ADCS_MODE,MANUAL,ADCS_REFERENCE,SUN,TARGET,0.00,POINTING_ERROR,5.97,SUN_ERROR,5.69,MAG_ERROR,-139.09,GYRO_Z,0.213,RW_CMD,0
TM,EST_RAW,-5.69,EST_FILTERED,-5.69,EST_ANGLE,-5.97,EST_FILTER,ON,EST_FILTER_TYPE,MOVING_AVERAGE,EST_MA_WINDOW,1,EST_FILTER_STRENGTH,0.35
TM,EST_FUSION,ON,EST_GYRO_WEIGHT,0.98,EST_VALID,1
TM,SUN_L,3659,SUN_R,3696,SUN_NDV,-0.0050,SUN_ANGLE,-6.24
TM,MAG_X,-20.66,MAG_Y,17.94,MAG_Z,-14.99,MAG_HEADING,139.03
TM,GYRO_X,-1.102,GYRO_Y,-2.476,GYRO_Z,0.195,BODY_RATE,-0.195
TM,ADCS_MODE,MANUAL,ADCS_REFERENCE,SUN,TARGET,0.00,POINTING_ERROR,5.95,SUN_ERROR,5.98,MAG_ERROR,-139.05,GYRO_Z,-0.155,RW_CMD,0
TM,EST_RAW,-5.98,EST_FILTERED,-5.98,EST_ANGLE,-5.95,EST_FILTER,ON,EST_FILTER_TYPE,MOVING_AVERAGE,EST_MA_WINDOW,1,EST_FILTER_STRENGTH,0.35
TM,EST_FUSION,ON,EST_GYRO_WEIGHT,0.98,EST_VALID,1
TM,SUN_L,3658,SUN_R,3698,SUN_NDV,-0.0054,SUN_ANGLE,-6.03
TM,MAG_X,-20.69,MAG_Y,17.95,MAG_Z,-15.09,MAG_HEADING,139.05
TM,GYRO_X,-0.901,GYRO_Y,-2.503,GYRO_Z,-0.111,BODY_RATE,0.111
TM,SUN_L,3659,SUN_R,3696,SUN_NDV,-0.0050,SUN_ANGLE,-6.00
TM,MAG_X,-20.59,MAG_Y,17.97,MAG_Z,-15.25,MAG_HEADING,138.89
TM,GYRO_X,-0.954,GYRO_Y,-2.266,GYRO_Z,0.090,BODY_RATE,-0.090
TM,ADCS_MODE,MANUAL,ADCS_REFERENCE,SUN,TARGET,0.00,POINTING_ERROR,5.95,SUN_ERROR,5.90,MAG_ERROR,-138.89,GYRO_Z,0.283,RW_CMD,0
TM,EST_RAW,-5.90,EST_FILTERED,-5.90,EST_ANGLE,-5.95,EST_FILTER,ON,EST_FILTER_TYPE,MOVING_AVERAGE,EST_MA_WINDOW,1,EST_FILTER_STRENGTH,0.35
TM,EST_FUSION,ON,EST_GYRO_WEIGHT,0.98,EST_VALID,1
TM,SUN_L,3658,SUN_R,3696,SUN_NDV,-0.0052,SUN_ANGLE,-5.92
TM,MAG_X,-20.64,MAG_Y,17.90,MAG_Z,-15.46,MAG_HEADING,139.06
TM,GYRO_X,-1.006,GYRO_Y,-2.214,GYRO_Z,-0.093,BODY_RATE,0.093
TM,ADCS_MODE,MANUAL,ADCS_REFERENCE,SUN,TARGET,0.00,POINTING_ERROR,6.02,SUN_ERROR,6.00,MAG_ERROR,-138.82,GYRO_Z,0.108,RW_CMD,0
TM,EST_RAW,-6.00,EST_FILTERED,-6.00,EST_ANGLE,-6.02,EST_FILTER,ON,EST_FILTER_TYPE,MOVING_AVERAGE,EST_MA_WINDOW,1,EST_FILTER_STRENGTH,0.35
TM,EST_FUSION,ON,EST_GYRO_WEIGHT,0.98,EST_VALID,1
TM,SUN_L,3660,SUN_R,3697,SUN_NDV,-0.0050,SUN_ANGLE,-6.05
TM,MAG_X,-20.78,MAG_Y,17.97,MAG_Z,-15.04,MAG_HEADING,139.16
TM,GYRO_X,-1.207,GYRO_Y,-2.424,GYRO_Z,-0.023,BODY_RATE,0.023
TM,ADCS_MODE,MANUAL,ADCS_REFERENCE,SUN,TARGET,0.00,POINTING_ERROR,6.00,SUN_ERROR,6.29,MAG_ERROR,-139.16,GYRO_Z,0.274,RW_CMD,0
TM,EST_RAW,-6.29,EST_FILTERED,-6.29,EST_ANGLE,-6.00,EST_FILTER,ON,EST_FILTER_TYPE,MOVING_AVERAGE,EST_MA_WINDOW,1,EST_FILTER_STRENGTH,0.35
TM,EST_FUSION,ON,EST_GYRO_WEIGHT,0.98,EST_VALID,1
TM,SUN_L,3660,SUN_R,3695,SUN_NDV,-0.0048,SUN_ANGLE,-5.89
TM,MAG_X,-20.69,MAG_Y,18.05,MAG_Z,-15.01,MAG_HEADING,138.90
TM,GYRO_X,-1.006,GYRO_Y,-2.310,GYRO_Z,0.134,BODY_RATE,-0.134
TM,ADCS_MODE,MANUAL,ADCS_REFERENCE,SUN,TARGET,0.00,POINTING_ERROR,6.00,SUN_ERROR,5.98,MAG_ERROR,-138.79,GYRO_Z,-0.286,RW_CMD,0
TM,EST_RAW,-5.98,EST_FILTERED,-5.98,EST_ANGLE,-6.00,EST_FILTER,ON,EST_FILTER_TYPE,MOVING_AVERAGE,EST_MA_WINDOW,1,EST_FILTER_STRENGTH,0.35
TM,EST_FUSION,ON,EST_GYRO_WEIGHT,0.98,EST_VALID,1
TM,SUN_L,3658,SUN_R,3700,SUN_NDV,-0.0057,SUN_ANGLE,-5.84
TM,MAG_X,-20.59,MAG_Y,18.03,MAG_Z,-15.07,MAG_HEADING,138.79
TM,GYRO_X,-1.033,GYRO_Y,-2.511,GYRO_Z,-0.120,BODY_RATE,0.120
TM,SUN_L,3660,SUN_R,3696,SUN_NDV,-0.0049,SUN_ANGLE,-5.78
TM,MAG_X,-20.75,MAG_Y,18.13,MAG_Z,-14.98,MAG_HEADING,138.86
TM,GYRO_X,-0.892,GYRO_Y,-2.336,GYRO_Z,-0.050,BODY_RATE,0.050
TM,ADCS_MODE,MANUAL,ADCS_REFERENCE,SUN,TARGET,0.00,POINTING_ERROR,5.97,SUN_ERROR,6.20,MAG_ERROR,-138.86,GYRO_Z,-0.128,RW_CMD,0
TM,EST_RAW,-6.20,EST_FILTERED,-6.20,EST_ANGLE,-5.97,EST_FILTER,ON,EST_FILTER_TYPE,MOVING_AVERAGE,EST_MA_WINDOW,1,EST_FILTER_STRENGTH,0.35
TM,EST_FUSION,ON,EST_GYRO_WEIGHT,0.98,EST_VALID,1
TM,SUN_L,3658,SUN_R,3697,SUN_NDV,-0.0053,SUN_ANGLE,-6.24
TM,MAG_X,-20.91,MAG_Y,17.97,MAG_Z,-14.93,MAG_HEADING,139.33
TM,GYRO_X,-0.945,GYRO_Y,-2.135,GYRO_Z,-0.041,BODY_RATE,0.041
TM,ADCS_MODE,MANUAL,ADCS_REFERENCE,SUN,TARGET,0.00,POINTING_ERROR,5.97,SUN_ERROR,5.86,MAG_ERROR,-139.33,GYRO_Z,-0.076,RW_CMD,0
TM,EST_RAW,-5.86,EST_FILTERED,-5.86,EST_ANGLE,-5.97,EST_FILTER,ON,EST_FILTER_TYPE,MOVING_AVERAGE,EST_MA_WINDOW,1,EST_FILTER_STRENGTH,0.35
TM,EST_FUSION,ON,EST_GYRO_WEIGHT,0.98,EST_VALID,1
TM,SUN_L,3660,SUN_R,3697,SUN_NDV,-0.0050,SUN_ANGLE,-6.05
TM,MAG_X,-20.59,MAG_Y,18.08,MAG_Z,-15.06,MAG_HEADING,138.72
TM,GYRO_X,-0.962,GYRO_Y,-2.293,GYRO_Z,0.125,BODY_RATE,-0.125
TM,ADCS_MODE,MANUAL,ADCS_REFERENCE,SUN,TARGET,0.00,POINTING_ERROR,5.97,SUN_ERROR,5.80,MAG_ERROR,-138.93,GYRO_Z,-0.067,RW_CMD,0
TM,EST_RAW,-5.80,EST_FILTERED,-5.80,EST_ANGLE,-5.97,EST_FILTER,ON,EST_FILTER_TYPE,MOVING_AVERAGE,EST_MA_WINDOW,1,EST_FILTER_STRENGTH,0.35
TM,EST_FUSION,ON,EST_GYRO_WEIGHT,0.98,EST_VALID,1
TM,SUN_L,3660,SUN_R,3696,SUN_NDV,-0.0049,SUN_ANGLE,-6.21
TM,MAG_X,-20.67,MAG_Y,18.02,MAG_Z,-15.14,MAG_HEADING,138.93
TM,GYRO_X,-0.761,GYRO_Y,-2.389,GYRO_Z,0.090,BODY_RATE,-0.090
TM,ADCS_MODE,MANUAL,ADCS_REFERENCE,SUN,TARGET,0.00,POINTING_ERROR,6.00,SUN_ERROR,5.94,MAG_ERROR,-138.92,GYRO_Z,-0.093,RW_CMD,0
TM,EST_RAW,-5.94,EST_FILTERED,-5.94,EST_ANGLE,-6.00,EST_FILTER,ON,EST_FILTER_TYPE,MOVING_AVERAGE,EST_MA_WINDOW,1,EST_FILTER_STRENGTH,0.35
TM,EST_FUSION,ON,EST_GYRO_WEIGHT,0.98,EST_VALID,1
TM,SUN_L,3660,SUN_R,3698,SUN_NDV,-0.0052,SUN_ANGLE,-6.19
TM,MAG_X,-20.62,MAG_Y,18.26,MAG_Z,-15.14,MAG_HEADING,138.49
TM,GYRO_X,-1.076,GYRO_Y,-2.415,GYRO_Z,0.134,BODY_RATE,-0.134
TM,SUN_L,3658,SUN_R,3698,SUN_NDV,-0.0054,SUN_ANGLE,-6.04
TM,MAG_X,-20.94,MAG_Y,18.02,MAG_Z,-15.07,MAG_HEADING,139.30
TM,GYRO_X,-0.840,GYRO_Y,-2.476,GYRO_Z,-0.338,BODY_RATE,0.338
TM,ADCS_MODE,MANUAL,ADCS_REFERENCE,SUN,TARGET,0.00,POINTING_ERROR,6.00,SUN_ERROR,6.04,MAG_ERROR,-139.30,GYRO_Z,-0.023,RW_CMD,0
TM,EST_RAW,-6.04,EST_FILTERED,-6.04,EST_ANGLE,-6.00,EST_FILTER,ON,EST_FILTER_TYPE,MOVING_AVERAGE,EST_MA_WINDOW,1,EST_FILTER_STRENGTH,0.35
TM,EST_FUSION,ON,EST_GYRO_WEIGHT,0.98,EST_VALID,1
TM,SUN_L,3658,SUN_R,3696,SUN_NDV,-0.0052,SUN_ANGLE,-6.38
TM,MAG_X,-20.70,MAG_Y,18.18,MAG_Z,-15.04,MAG_HEADING,138.72
TM,GYRO_X,-0.840,GYRO_Y,-2.266,GYRO_Z,-0.207,BODY_RATE,0.207
TM,ADCS_MODE,MANUAL,ADCS_REFERENCE,SUN,TARGET,0.00,POINTING_ERROR,6.01,SUN_ERROR,6.22,MAG_ERROR,-138.72,GYRO_Z,-0.146,RW_CMD,0
TM,EST_RAW,-6.22,EST_FILTERED,-6.22,EST_ANGLE,-6.01,EST_FILTER,ON,EST_FILTER_TYPE,MOVING_AVERAGE,EST_MA_WINDOW,1,EST_FILTER_STRENGTH,0.35
TM,EST_FUSION,ON,EST_GYRO_WEIGHT,0.98,EST_VALID,1
TM,SUN_L,3658,SUN_R,3696,SUN_NDV,-0.0052,SUN_ANGLE,-6.07
TM,MAG_X,-20.72,MAG_Y,18.05,MAG_Z,-14.94,MAG_HEADING,138.94
TM,GYRO_X,-0.971,GYRO_Y,-2.170,GYRO_Z,0.064,BODY_RATE,-0.064
TM,ADCS_MODE,MANUAL,ADCS_REFERENCE,SUN,TARGET,0.00,POINTING_ERROR,6.00,SUN_ERROR,6.57,MAG_ERROR,-138.91,GYRO_Z,-0.391,RW_CMD,0
TM,EST_RAW,-6.57,EST_FILTERED,-6.57,EST_ANGLE,-6.00,EST_FILTER,ON,EST_FILTER_TYPE,MOVING_AVERAGE,EST_MA_WINDOW,1,EST_FILTER_STRENGTH,0.35
TM,EST_FUSION,ON,EST_GYRO_WEIGHT,0.98,EST_VALID,1
TM,SUN_L,3660,SUN_R,3696,SUN_NDV,-0.0049,SUN_ANGLE,-5.90
TM,MAG_X,-20.77,MAG_Y,18.03,MAG_Z,-15.14,MAG_HEADING,139.03
TM,GYRO_X,-0.875,GYRO_Y,-2.380,GYRO_Z,-0.093,BODY_RATE,0.093
TM,ADCS_MODE,MANUAL,ADCS_REFERENCE,SUN,TARGET,0.00,POINTING_ERROR,6.03,SUN_ERROR,6.15,MAG_ERROR,-139.04,GYRO_Z,0.125,RW_CMD,0
TM,EST_RAW,-6.15,EST_FILTERED,-6.15,EST_ANGLE,-6.03,EST_FILTER,ON,EST_FILTER_TYPE,MOVING_AVERAGE,EST_MA_WINDOW,1,EST_FILTER_STRENGTH,0.35
TM,EST_FUSION,ON,EST_GYRO_WEIGHT,0.98,EST_VALID,1
TM,SUN_L,3658,SUN_R,3698,SUN_NDV,-0.0054,SUN_ANGLE,-5.95
TM,MAG_X,-20.61,MAG_Y,17.89,MAG_Z,-15.12,MAG_HEADING,139.04
TM,GYRO_X,-0.892,GYRO_Y,-2.336,GYRO_Z,0.178,BODY_RATE,-0.178
TM,SUN_L,3660,SUN_R,3698,SUN_NDV,-0.0052,SUN_ANGLE,-6.32
TM,MAG_X,-20.69,MAG_Y,17.92,MAG_Z,-15.14,MAG_HEADING,139.10
TM,GYRO_X,-0.840,GYRO_Y,-2.424,GYRO_Z,-0.006,BODY_RATE,0.006
TM,ADCS_MODE,MANUAL,ADCS_REFERENCE,SUN,TARGET,0.00,POINTING_ERROR,6.04,SUN_ERROR,6.53,MAG_ERROR,-139.10,GYRO_Z,-0.233,RW_CMD,0
TM,EST_RAW,-6.53,EST_FILTERED,-6.53,EST_ANGLE,-6.04,EST_FILTER,ON,EST_FILTER_TYPE,MOVING_AVERAGE,EST_MA_WINDOW,1,EST_FILTER_STRENGTH,0.35
TM,EST_FUSION,ON,EST_GYRO_WEIGHT,0.98,EST_VALID,1
TM,SUN_L,3658,SUN_R,3696,SUN_NDV,-0.0052,SUN_ANGLE,-5.96
TM,MAG_X,-20.70,MAG_Y,18.11,MAG_Z,-14.88,MAG_HEADING,138.82
TM,GYRO_X,-0.928,GYRO_Y,-2.223,GYRO_Z,-0.041,BODY_RATE,0.041
TM,ADCS_MODE,MANUAL,ADCS_REFERENCE,SUN,TARGET,0.00,POINTING_ERROR,6.02,SUN_ERROR,5.67,MAG_ERROR,-138.82,GYRO_Z,-0.041,RW_CMD,0
TM,EST_RAW,-5.67,EST_FILTERED,-5.67,EST_ANGLE,-6.02,EST_FILTER,ON,EST_FILTER_TYPE,MOVING_AVERAGE,EST_MA_WINDOW,1,EST_FILTER_STRENGTH,0.35
TM,EST_FUSION,ON,EST_GYRO_WEIGHT,0.98,EST_VALID,1
TM,SUN_L,3659,SUN_R,3696,SUN_NDV,-0.0050,SUN_ANGLE,-5.86
TM,MAG_X,-20.72,MAG_Y,17.95,MAG_Z,-15.09,MAG_HEADING,139.09
TM,GYRO_X,-1.050,GYRO_Y,-2.310,GYRO_Z,-0.277,BODY_RATE,0.277
TM,ADCS_MODE,MANUAL,ADCS_REFERENCE,SUN,TARGET,0.00,POINTING_ERROR,6.01,SUN_ERROR,6.36,MAG_ERROR,-138.96,GYRO_Z,-0.268,RW_CMD,0
TM,EST_RAW,-6.36,EST_FILTERED,-6.36,EST_ANGLE,-6.01,EST_FILTER,ON,EST_FILTER_TYPE,MOVING_AVERAGE,EST_MA_WINDOW,1,EST_FILTER_STRENGTH,0.35
TM,EST_FUSION,ON,EST_GYRO_WEIGHT,0.98,EST_VALID,1
TM,SUN_L,3660,SUN_R,3697,SUN_NDV,-0.0050,SUN_ANGLE,-6.05
TM,MAG_X,-20.66,MAG_Y,17.98,MAG_Z,-15.12,MAG_HEADING,138.96
TM,GYRO_X,-0.831,GYRO_Y,-2.424,GYRO_Z,-0.155,BODY_RATE,0.155
TM,ADCS_MODE,MANUAL,ADCS_REFERENCE,SUN,TARGET,0.00,POINTING_ERROR,6.02,SUN_ERROR,6.21,MAG_ERROR,-139.11,GYRO_Z,-0.111,RW_CMD,0
TM,EST_RAW,-6.21,EST_FILTERED,-6.21,EST_ANGLE,-6.02,EST_FILTER,ON,EST_FILTER_TYPE,MOVING_AVERAGE,EST_MA_WINDOW,1,EST_FILTER_STRENGTH,0.35
TM,EST_FUSION,ON,EST_GYRO_WEIGHT,0.98,EST_VALID,1
TM,SUN_L,3660,SUN_R,3699,SUN_NDV,-0.0053,SUN_ANGLE,-6.06
TM,MAG_X,-20.64,MAG_Y,17.87,MAG_Z,-14.99,MAG_HEADING,139.11
TM,GYRO_X,-0.892,GYRO_Y,-2.520,GYRO_Z,0.003,BODY_RATE,-0.003
TM,SUN_L,3658,SUN_R,3696,SUN_NDV,-0.0052,SUN_ANGLE,-6.36
TM,MAG_X,-20.61,MAG_Y,18.11,MAG_Z,-15.10,MAG_HEADING,138.69
TM,GYRO_X,-1.033,GYRO_Y,-2.240,GYRO_Z,-0.102,BODY_RATE,0.102
TM,ADCS_MODE,MANUAL,ADCS_REFERENCE,SUN,TARGET,0.00,POINTING_ERROR,6.04,SUN_ERROR,6.38,MAG_ERROR,-138.69,GYRO_Z,-0.058,RW_CMD,0
TM,EST_RAW,-6.38,EST_FILTERED,-6.38,EST_ANGLE,-6.04,EST_FILTER,ON,EST_FILTER_TYPE,MOVING_AVERAGE,EST_MA_WINDOW,1,EST_FILTER_STRENGTH,0.35
TM,EST_FUSION,ON,EST_GYRO_WEIGHT,0.98,EST_VALID,1
TM,SUN_L,3659,SUN_R,3696,SUN_NDV,-0.0050,SUN_ANGLE,-5.71
TM,MAG_X,-20.80,MAG_Y,17.98,MAG_Z,-15.02,MAG_HEADING,139.15
TM,GYRO_X,-1.085,GYRO_Y,-2.293,GYRO_Z,-0.111,BODY_RATE,0.111
TM,ADCS_MODE,MANUAL,ADCS_REFERENCE,SUN,TARGET,0.00,POINTING_ERROR,6.01,SUN_ERROR,5.62,MAG_ERROR,-139.15,GYRO_Z,-0.076,RW_CMD,0
TM,EST_RAW,-5.62,EST_FILTERED,-5.62,EST_ANGLE,-6.01,EST_FILTER,ON,EST_FILTER_TYPE,MOVING_AVERAGE,EST_MA_WINDOW,1,EST_FILTER_STRENGTH,0.35
TM,EST_FUSION,ON,EST_GYRO_WEIGHT,0.98,EST_VALID,1
TM,SUN_L,3660,SUN_R,3697,SUN_NDV,-0.0050,SUN_ANGLE,-5.96
TM,MAG_X,-20.53,MAG_Y,18.00,MAG_Z,-15.14,MAG_HEADING,138.75
TM,GYRO_X,-0.866,GYRO_Y,-2.713,GYRO_Z,0.134,BODY_RATE,-0.134
TM,ADCS_MODE,MANUAL,ADCS_REFERENCE,SUN,TARGET,0.00,POINTING_ERROR,6.04,SUN_ERROR,6.46,MAG_ERROR,-139.04,GYRO_Z,0.143,RW_CMD,0
TM,EST_RAW,-6.46,EST_FILTERED,-6.46,EST_ANGLE,-6.04,EST_FILTER,ON,EST_FILTER_TYPE,MOVING_AVERAGE,EST_MA_WINDOW,1,EST_FILTER_STRENGTH,0.35
TM,EST_FUSION,ON,EST_GYRO_WEIGHT,0.98,EST_VALID,1
TM,SUN_L,3658,SUN_R,3697,SUN_NDV,-0.0053,SUN_ANGLE,-6.35
TM,MAG_X,-20.74,MAG_Y,18.00,MAG_Z,-14.96,MAG_HEADING,139.04
TM,GYRO_X,-0.901,GYRO_Y,-2.441,GYRO_Z,0.082,BODY_RATE,-0.082
TM,ADCS_MODE,MANUAL,ADCS_REFERENCE,SUN,TARGET,0.00,POINTING_ERROR,6.04,SUN_ERROR,6.13,MAG_ERROR,-139.00,GYRO_Z,0.038,RW_CMD,0
TM,EST_RAW,-6.13,EST_FILTERED,-6.13,EST_ANGLE,-6.04,EST_FILTER,ON,EST_FILTER_TYPE,MOVING_AVERAGE,EST_MA_WINDOW,1,EST_FILTER_STRENGTH,0.35
TM,EST_FUSION,ON,EST_GYRO_WEIGHT,0.98,EST_VALID,1
TM,SUN_L,3658,SUN_R,3697,SUN_NDV,-0.0053,SUN_ANGLE,-6.26
TM,MAG_X,-20.78,MAG_Y,18.00,MAG_Z,-15.10,MAG_HEADING,139.11
TM,GYRO_X,-0.831,GYRO_Y,-2.433,GYRO_Z,0.020,BODY_RATE,-0.020
TM,SUN_L,3660,SUN_R,3698,SUN_NDV,-0.0052,SUN_ANGLE,-5.94
TM,MAG_X,-20.62,MAG_Y,18.03,MAG_Z,-15.09,MAG_HEADING,138.84
TM,GYRO_X,-0.884,GYRO_Y,-2.389,GYRO_Z,0.020,BODY_RATE,-0.020
TM,ADCS_MODE,MANUAL,ADCS_REFERENCE,SUN,TARGET,0.00,POINTING_ERROR,6.03,SUN_ERROR,6.05,MAG_ERROR,-138.84,GYRO_Z,0.029,RW_CMD,0
TM,EST_RAW,-6.05,EST_FILTERED,-6.05,EST_ANGLE,-6.03,EST_FILTER,ON,EST_FILTER_TYPE,MOVING_AVERAGE,EST_MA_WINDOW,1,EST_FILTER_STRENGTH,0.35
TM,EST_FUSION,ON,EST_GYRO_WEIGHT,0.98,EST_VALID,1
TM,SUN_L,3658,SUN_R,3696,SUN_NDV,-0.0052,SUN_ANGLE,-5.68
TM,MAG_X,-20.69,MAG_Y,18.06,MAG_Z,-14.98,MAG_HEADING,138.87
TM,GYRO_X,-0.858,GYRO_Y,-2.126,GYRO_Z,-0.006,BODY_RATE,0.006
TM,ADCS_MODE,MANUAL,ADCS_REFERENCE,SUN,TARGET,0.00,POINTING_ERROR,6.04,SUN_ERROR,5.86,MAG_ERROR,-139.19,GYRO_Z,-0.006,RW_CMD,0
TM,EST_RAW,-5.86,EST_FILTERED,-5.86,EST_ANGLE,-6.04,EST_FILTER,ON,EST_FILTER_TYPE,MOVING_AVERAGE,EST_MA_WINDOW,1,EST_FILTER_STRENGTH,0.35
TM,EST_FUSION,ON,EST_GYRO_WEIGHT,0.98,EST_VALID,1
TM,SUN_L,3659,SUN_R,3697,SUN_NDV,-0.0052,SUN_ANGLE,-6.17
TM,MAG_X,-20.69,MAG_Y,17.98,MAG_Z,-15.04,MAG_HEADING,139.00
TM,GYRO_X,-0.989,GYRO_Y,-2.450,GYRO_Z,-0.172,BODY_RATE,0.172
TM,ADCS_MODE,MANUAL,ADCS_REFERENCE,SUN,TARGET,0.00,POINTING_ERROR,6.01,SUN_ERROR,5.77,MAG_ERROR,-139.00,GYRO_Z,-0.032,RW_CMD,0
TM,EST_RAW,-5.77,EST_FILTERED,-5.77,EST_ANGLE,-6.01,EST_FILTER,ON,EST_FILTER_TYPE,MOVING_AVERAGE,EST_MA_WINDOW,1,EST_FILTER_STRENGTH,0.35
TM,EST_FUSION,ON,EST_GYRO_WEIGHT,0.98,EST_VALID,1
TM,SUN_L,3658,SUN_R,3697,SUN_NDV,-0.0053,SUN_ANGLE,-6.05
TM,MAG_X,-20.56,MAG_Y,17.94,MAG_Z,-15.15,MAG_HEADING,138.90
TM,GYRO_X,-0.998,GYRO_Y,-1.986,GYRO_Z,-0.225,BODY_RATE,0.225
TM,ADCS_MODE,MANUAL,ADCS_REFERENCE,SUN,TARGET,0.00,POINTING_ERROR,6.01,SUN_ERROR,5.99,MAG_ERROR,-138.88,GYRO_Z,-0.085,RW_CMD,0
TM,EST_RAW,-5.99,EST_FILTERED,-5.99,EST_ANGLE,-6.01,EST_FILTER,ON,EST_FILTER_TYPE,MOVING_AVERAGE,EST_MA_WINDOW,1,EST_FILTER_STRENGTH,0.35
TM,EST_FUSION,ON,EST_GYRO_WEIGHT,0.98,EST_VALID,1
TM,SUN_L,3660,SUN_R,3697,SUN_NDV,-0.0050,SUN_ANGLE,-6.19
TM,MAG_X,-20.66,MAG_Y,18.03,MAG_Z,-14.99,MAG_HEADING,138.88
TM,GYRO_X,-1.076,GYRO_Y,-2.336,GYRO_Z,0.230,BODY_RATE,-0.230
TM,SUN_L,3659,SUN_R,3699,SUN_NDV,-0.0054,SUN_ANGLE,-6.15
TM,MAG_X,-20.72,MAG_Y,17.92,MAG_Z,-15.04,MAG_HEADING,139.14
TM,GYRO_X,-0.954,GYRO_Y,-2.161,GYRO_Z,-0.085,BODY_RATE,0.085
TM,ADCS_MODE,MANUAL,ADCS_REFERENCE,SUN,TARGET,0.00,POINTING_ERROR,6.03,SUN_ERROR,6.15,MAG_ERROR,-139.14,GYRO_Z,-0.207,RW_CMD,0
TM,EST_RAW,-6.15,EST_FILTERED,-6.15,EST_ANGLE,-6.03,EST_FILTER,ON,EST_FILTER_TYPE,MOVING_AVERAGE,EST_MA_WINDOW,1,EST_FILTER_STRENGTH,0.35
TM,EST_FUSION,ON,EST_GYRO_WEIGHT,0.98,EST_VALID,1
TM,SUN_L,3660,SUN_R,3698,SUN_NDV,-0.0052,SUN_ANGLE,-6.38
TM,MAG_X,-20.54,MAG_Y,18.03,MAG_Z,-14.99,MAG_HEADING,138.73
TM,GYRO_X,-0.936,GYRO_Y,-2.424,GYRO_Z,-0.058,BODY_RATE,0.058
TM,ADCS_MODE,MANUAL,ADCS_REFERENCE,SUN,TARGET,0.00,POINTING_ERROR,6.04,SUN_ERROR,6.10,MAG_ERROR,-138.73,GYRO_Z,-0.198,RW_CMD,0
TM,EST_RAW,-6.10,EST_FILTERED,-6.10,EST_ANGLE,-6.04,EST_FILTER,ON,EST_FILTER_TYPE,MOVING_AVERAGE,EST_MA_WINDOW,1,EST_FILTER_STRENGTH,0.35
TM,EST_FUSION,ON,EST_GYRO_WEIGHT,0.98,EST_VALID,1
TM,SUN_L,3660,SUN_R,3697,SUN_NDV,-0.0050,SUN_ANGLE,-6.40
TM,MAG_X,-20.72,MAG_Y,17.98,MAG_Z,-14.98,MAG_HEADING,139.04
TM,GYRO_X,-0.945,GYRO_Y,-2.424,GYRO_Z,-0.338,BODY_RATE,0.338
TM,ADCS_MODE,MANUAL,ADCS_REFERENCE,SUN,TARGET,0.00,POINTING_ERROR,6.03,SUN_ERROR,6.26,MAG_ERROR,-138.65,GYRO_Z,0.029,RW_CMD,0
TM,EST_RAW,-6.26,EST_FILTERED,-6.26,EST_ANGLE,-6.03,EST_FILTER,ON,EST_FILTER_TYPE,MOVING_AVERAGE,EST_MA_WINDOW,1,EST_FILTER_STRENGTH,0.35
TM,EST_FUSION,ON,EST_GYRO_WEIGHT,0.98,EST_VALID,1
TM,SUN_L,3661,SUN_R,3698,SUN_NDV,-0.0050,SUN_ANGLE,-6.35
TM,MAG_X,-20.56,MAG_Y,18.10,MAG_Z,-15.02,MAG_HEADING,138.65
TM,GYRO_X,-0.954,GYRO_Y,-2.608,GYRO_Z,-0.225,BODY_RATE,0.225
TM,ADCS_MODE,MANUAL,ADCS_REFERENCE,SUN,TARGET,0.00,POINTING_ERROR,6.05,SUN_ERROR,5.90,MAG_ERROR,-138.77,GYRO_Z,0.073,RW_CMD,0
TM,EST_RAW,-5.90,EST_FILTERED,-5.90,EST_ANGLE,-6.05,EST_FILTER,ON,EST_FILTER_TYPE,MOVING_AVERAGE,EST_MA_WINDOW,1,EST_FILTER_STRENGTH,0.35
TM,EST_FUSION,ON,EST_GYRO_WEIGHT,0.98,EST_VALID,1
TM,SUN_L,3661,SUN_R,3697,SUN_NDV,-0.0049,SUN_ANGLE,-6.34
TM,MAG_X,-20.59,MAG_Y,18.05,MAG_Z,-15.02,MAG_HEADING,138.77
TM,GYRO_X,-0.945,GYRO_Y,-2.354,GYRO_Z,0.020,BODY_RATE,-0.020
TM,SUN_L,3659,SUN_R,3696,SUN_NDV,-0.0050,SUN_ANGLE,-6.35
TM,MAG_X,-20.61,MAG_Y,18.06,MAG_Z,-15.10,MAG_HEADING,138.76
TM,GYRO_X,-0.875,GYRO_Y,-2.328,GYRO_Z,-0.216,BODY_RATE,0.216
TM,ADCS_MODE,MANUAL,ADCS_REFERENCE,SUN,TARGET,0.00,POINTING_ERROR,6.05,SUN_ERROR,6.57,MAG_ERROR,-138.76,GYRO_Z,-0.058,RW_CMD,0
TM,EST_RAW,-6.57,EST_FILTERED,-6.57,EST_ANGLE,-6.05,EST_FILTER,ON,EST_FILTER_TYPE,MOVING_AVERAGE,EST_MA_WINDOW,1,EST_FILTER_STRENGTH,0.35
TM,EST_FUSION,ON,EST_GYRO_WEIGHT,0.98,EST_VALID,1
TM,SUN_L,3659,SUN_R,3697,SUN_NDV,-0.0052,SUN_ANGLE,-6.36
TM,MAG_X,-20.66,MAG_Y,18.02,MAG_Z,-15.09,MAG_HEADING,138.91
TM,GYRO_X,-0.971,GYRO_Y,-2.205,GYRO_Z,-0.312,BODY_RATE,0.312
TM,ADCS_MODE,MANUAL,ADCS_REFERENCE,SUN,TARGET,0.00,POINTING_ERROR,6.04,SUN_ERROR,6.13,MAG_ERROR,-138.91,GYRO_Z,0.099,RW_CMD,0
TM,EST_RAW,-6.13,EST_FILTERED,-6.13,EST_ANGLE,-6.04,EST_FILTER,ON,EST_FILTER_TYPE,MOVING_AVERAGE,EST_MA_WINDOW,1,EST_FILTER_STRENGTH,0.35
TM,EST_FUSION,ON,EST_GYRO_WEIGHT,0.98,EST_VALID,1
TM,SUN_L,3660,SUN_R,3698,SUN_NDV,-0.0052,SUN_ANGLE,-6.19
TM,MAG_X,-20.69,MAG_Y,18.16,MAG_Z,-15.14,MAG_HEADING,138.72
TM,GYRO_X,-0.892,GYRO_Y,-2.310,GYRO_Z,-0.006,BODY_RATE,0.006
TM,ADCS_MODE,MANUAL,ADCS_REFERENCE,SUN,TARGET,0.00,POINTING_ERROR,6.02,SUN_ERROR,5.98,MAG_ERROR,-138.87,GYRO_Z,-0.146,RW_CMD,0
TM,EST_RAW,-5.98,EST_FILTERED,-5.98,EST_ANGLE,-6.02,EST_FILTER,ON,EST_FILTER_TYPE,MOVING_AVERAGE,EST_MA_WINDOW,1,EST_FILTER_STRENGTH,0.35
TM,EST_FUSION,ON,EST_GYRO_WEIGHT,0.98,EST_VALID,1
TM,SUN_L,3659,SUN_R,3697,SUN_NDV,-0.0052,SUN_ANGLE,-6.39
TM,MAG_X,-20.58,MAG_Y,18.13,MAG_Z,-15.04,MAG_HEADING,138.62
TM,GYRO_X,-0.928,GYRO_Y,-2.389,GYRO_Z,-0.067,BODY_RATE,0.067
TM,ADCS_MODE,MANUAL,ADCS_REFERENCE,SUN,TARGET,0.00,POINTING_ERROR,6.06,SUN_ERROR,6.45,MAG_ERROR,-138.92,GYRO_Z,-0.146,RW_CMD,0
TM,EST_RAW,-6.45,EST_FILTERED,-6.45,EST_ANGLE,-6.06,EST_FILTER,ON,EST_FILTER_TYPE,MOVING_AVERAGE,EST_MA_WINDOW,1,EST_FILTER_STRENGTH,0.35
TM,EST_FUSION,ON,EST_GYRO_WEIGHT,0.98,EST_VALID,1
TM,SUN_L,3659,SUN_R,3696,SUN_NDV,-0.0050,SUN_ANGLE,-5.77
TM,MAG_X,-20.72,MAG_Y,18.06,MAG_Z,-14.99,MAG_HEADING,138.92
TM,GYRO_X,-0.989,GYRO_Y,-2.310,GYRO_Z,-0.067,BODY_RATE,0.067
TM,SUN_L,3659,SUN_R,3696,SUN_NDV,-0.0050,SUN_ANGLE,-6.05
TM,MAG_X,-20.58,MAG_Y,18.10,MAG_Z,-15.25,MAG_HEADING,138.67
TM,GYRO_X,-1.006,GYRO_Y,-2.257,GYRO_Z,-0.128,BODY_RATE,0.128
TM,ADCS_MODE,MANUAL,ADCS_REFERENCE,SUN,TARGET,0.00,POINTING_ERROR,6.04,SUN_ERROR,5.91,MAG_ERROR,-138.67,GYRO_Z,-0.198,RW_CMD,0
TM,EST_RAW,-5.91,EST_FILTERED,-5.91,EST_ANGLE,-6.04,EST_FILTER,ON,EST_FILTER_TYPE,MOVING_AVERAGE,EST_MA_WINDOW,1,EST_FILTER_STRENGTH,0.35
TM,EST_FUSION,ON,EST_GYRO_WEIGHT,0.98,EST_VALID,1
TM,SUN_L,3659,SUN_R,3696,SUN_NDV,-0.0050,SUN_ANGLE,-5.94
TM,MAG_X,-20.74,MAG_Y,18.13,MAG_Z,-15.23,MAG_HEADING,138.84
TM,GYRO_X,-1.059,GYRO_Y,-2.074,GYRO_Z,0.029,BODY_RATE,-0.029
TM,ADCS_MODE,MANUAL,ADCS_REFERENCE,SUN,TARGET,0.00,POINTING_ERROR,6.01,SUN_ERROR,5.86,MAG_ERROR,-139.20,GYRO_Z,-0.286,RW_CMD,0
TM,EST_RAW,-5.86,EST_FILTERED,-5.86,EST_ANGLE,-6.01,EST_FILTER,ON,EST_FILTER_TYPE,MOVING_AVERAGE,EST_MA_WINDOW,1,EST_FILTER_STRENGTH,0.35
TM,EST_FUSION,ON,EST_GYRO_WEIGHT,0.98,EST_VALID,1
TM,SUN_L,3659,SUN_R,3696,SUN_NDV,-0.0050,SUN_ANGLE,-6.08
TM,MAG_X,-20.66,MAG_Y,18.19,MAG_Z,-15.18,MAG_HEADING,138.63
TM,GYRO_X,-1.006,GYRO_Y,-2.389,GYRO_Z,-0.146,BODY_RATE,0.146
TM,ADCS_MODE,MANUAL,ADCS_REFERENCE,SUN,TARGET,0.00,POINTING_ERROR,5.99,SUN_ERROR,5.82,MAG_ERROR,-138.63,GYRO_Z,0.020,RW_CMD,0
TM,EST_RAW,-5.82,EST_FILTERED,-5.82,EST_ANGLE,-5.99,EST_FILTER,ON,EST_FILTER_TYPE,MOVING_AVERAGE,EST_MA_WINDOW,1,EST_FILTER_STRENGTH,0.35
TM,EST_FUSION,ON,EST_GYRO_WEIGHT,0.98,EST_VALID,1
TM,SUN_L,3659,SUN_R,3697,SUN_NDV,-0.0052,SUN_ANGLE,-5.94
TM,MAG_X,-20.82,MAG_Y,18.19,MAG_Z,-15.14,MAG_HEADING,138.85
TM,GYRO_X,-0.998,GYRO_Y,-2.389,GYRO_Z,-0.093,BODY_RATE,0.093
TM,ADCS_MODE,MANUAL,ADCS_REFERENCE,SUN,TARGET,0.00,POINTING_ERROR,5.97,SUN_ERROR,6.03,MAG_ERROR,-138.70,GYRO_Z,-0.128,RW_CMD,0
TM,EST_RAW,-6.03,EST_FILTERED,-6.03,EST_ANGLE,-5.97,EST_FILTER,ON,EST_FILTER_TYPE,MOVING_AVERAGE,EST_MA_WINDOW,1,EST_FILTER_STRENGTH,0.35
TM,EST_FUSION,ON,EST_GYRO_WEIGHT,0.98,EST_VALID,1
TM,SUN_L,3659,SUN_R,3698,SUN_NDV,-0.0053,SUN_ANGLE,-5.78
TM,MAG_X,-20.67,MAG_Y,18.16,MAG_Z,-15.15,MAG_HEADING,138.70
TM,GYRO_X,-1.033,GYRO_Y,-1.977,GYRO_Z,0.143,BODY_RATE,-0.143
TM,SUN_L,3659,SUN_R,3697,SUN_NDV,-0.0052,SUN_ANGLE,-6.05
TM,MAG_X,-20.69,MAG_Y,18.24,MAG_Z,-15.25,MAG_HEADING,138.60
TM,GYRO_X,-1.006,GYRO_Y,-2.328,GYRO_Z,0.020,BODY_RATE,-0.020
TM,ADCS_MODE,MANUAL,ADCS_REFERENCE,SUN,TARGET,0.00,POINTING_ERROR,5.99,SUN_ERROR,6.04,MAG_ERROR,-138.83,GYRO_Z,-0.137,RW_CMD,0
TM,EST_RAW,-6.04,EST_FILTERED,-6.04,EST_ANGLE,-5.99,EST_FILTER,ON,EST_FILTER_TYPE,MOVING_AVERAGE,EST_MA_WINDOW,1,EST_FILTER_STRENGTH,0.35
TM,EST_FUSION,ON,EST_GYRO_WEIGHT,0.98,EST_VALID,1
TM,SUN_L,3658,SUN_R,3694,SUN_NDV,-0.0049,SUN_ANGLE,-5.88
TM,MAG_X,-20.67,MAG_Y,18.30,MAG_Z,-15.34,MAG_HEADING,138.48
TM,GYRO_X,-0.910,GYRO_Y,-2.415,GYRO_Z,0.204,BODY_RATE,-0.204
TM,ADCS_MODE,MANUAL,ADCS_REFERENCE,SUN,TARGET,0.00,POINTING_ERROR,6.01,SUN_ERROR,6.00,MAG_ERROR,-138.48,GYRO_Z,0.283,RW_CMD,0
TM,EST_RAW,-6.00,EST_FILTERED,-6.00,EST_ANGLE,-6.01,EST_FILTER,ON,EST_FILTER_TYPE,MOVING_AVERAGE,EST_MA_WINDOW,1,EST_FILTER_STRENGTH,0.35
TM,EST_FUSION,ON,EST_GYRO_WEIGHT,0.98,EST_VALID,1
TM,SUN_L,3658,SUN_R,3698,SUN_NDV,-0.0054,SUN_ANGLE,-5.97
TM,MAG_X,-20.64,MAG_Y,18.16,MAG_Z,-15.22,MAG_HEADING,138.66
TM,GYRO_X,-0.901,GYRO_Y,-2.581,GYRO_Z,-0.198,BODY_RATE,0.198
TM,ADCS_MODE,MANUAL,ADCS_REFERENCE,SUN,TARGET,0.00,POINTING_ERROR,5.96,SUN_ERROR,5.61,MAG_ERROR,-138.51,GYRO_Z,-0.023,RW_CMD,0
TM,EST_RAW,-5.61,EST_FILTERED,-5.61,EST_ANGLE,-5.96,EST_FILTER,ON,EST_FILTER_TYPE,MOVING_AVERAGE,EST_MA_WINDOW,1,EST_FILTER_STRENGTH,0.35
TM,EST_FUSION,ON,EST_GYRO_WEIGHT,0.98,EST_VALID,1
TM,SUN_L,3659,SUN_R,3697,SUN_NDV,-0.0052,SUN_ANGLE,-5.97
TM,MAG_X,-20.62,MAG_Y,18.24,MAG_Z,-15.10,MAG_HEADING,138.51
TM,GYRO_X,-0.962,GYRO_Y,-2.433,GYRO_Z,0.064,BODY_RATE,-0.064
TM,ADCS_MODE,MANUAL,ADCS_REFERENCE,SUN,TARGET,0.00,POINTING_ERROR,6.01,SUN_ERROR,5.74,MAG_ERROR,-138.64,GYRO_Z,-0.015,RW_CMD,0
TM,EST_RAW,-5.74,EST_FILTERED,-5.74,EST_ANGLE,-6.01,EST_FILTER,ON,EST_FILTER_TYPE,MOVING_AVERAGE,EST_MA_WINDOW,1,EST_FILTER_STRENGTH,0.35
TM,EST_FUSION,ON,EST_GYRO_WEIGHT,0.98,EST_VALID,1
TM,SUN_L,3659,SUN_R,3699,SUN_NDV,-0.0054,SUN_ANGLE,-6.13
TM,MAG_X,-20.61,MAG_Y,18.29,MAG_Z,-15.33,MAG_HEADING,138.41
TM,GYRO_X,-0.683,GYRO_Y,-2.625,GYRO_Z,-0.207,BODY_RATE,0.207
TM,SUN_L,3660,SUN_R,3698,SUN_NDV,-0.0052,SUN_ANGLE,-5.90
TM,MAG_X,-20.61,MAG_Y,18.21,MAG_Z,-15.33,MAG_HEADING,138.54
TM,GYRO_X,-1.347,GYRO_Y,-2.091,GYRO_Z,-0.067,BODY_RATE,0.067
TM,ADCS_MODE,MANUAL,ADCS_REFERENCE,SUN,TARGET,0.00,POINTING_ERROR,6.02,SUN_ERROR,5.90,MAG_ERROR,-138.54,GYRO_Z,0.020,RW_CMD,0
TM,EST_RAW,-5.90,EST_FILTERED,-5.90,EST_ANGLE,-6.02,EST_FILTER,ON,EST_FILTER_TYPE,MOVING_AVERAGE,EST_MA_WINDOW,1,EST_FILTER_STRENGTH,0.35
TM,EST_FUSION,ON,EST_GYRO_WEIGHT,0.98,EST_VALID,1
TM,SUN_L,3659,SUN_R,3696,SUN_NDV,-0.0050,SUN_ANGLE,-5.70
TM,MAG_X,-20.62,MAG_Y,18.21,MAG_Z,-15.23,MAG_HEADING,138.56
TM,GYRO_X,-1.006,GYRO_Y,-2.179,GYRO_Z,0.003,BODY_RATE,-0.003
TM,ADCS_MODE,MANUAL,ADCS_REFERENCE,SUN,TARGET,0.00,POINTING_ERROR,6.02,SUN_ERROR,6.59,MAG_ERROR,-138.56,GYRO_Z,0.064,RW_CMD,0
TM,EST_RAW,-6.59,EST_FILTERED,-6.59,EST_ANGLE,-6.02,EST_FILTER,ON,EST_FILTER_TYPE,MOVING_AVERAGE,EST_MA_WINDOW,1,EST_FILTER_STRENGTH,0.35
TM,EST_FUSION,ON,EST_GYRO_WEIGHT,0.98,EST_VALID,1
TM,SUN_L,3660,SUN_R,3696,SUN_NDV,-0.0049,SUN_ANGLE,-5.61
TM,MAG_X,-20.56,MAG_Y,18.22,MAG_Z,-15.28,MAG_HEADING,138.45
TM,GYRO_X,-0.998,GYRO_Y,-2.494,GYRO_Z,0.029,BODY_RATE,-0.029
TM,ADCS_MODE,MANUAL,ADCS_REFERENCE,SUN,TARGET,0.00,POINTING_ERROR,6.03,SUN_ERROR,6.23,MAG_ERROR,-138.59,GYRO_Z,0.082,RW_CMD,0
TM,EST_RAW,-6.23,EST_FILTERED,-6.23,EST_ANGLE,-6.03,EST_FILTER,ON,EST_FILTER_TYPE,MOVING_AVERAGE,EST_MA_WINDOW,1,EST_FILTER_STRENGTH,0.35
TM,EST_FUSION,ON,EST_GYRO_WEIGHT,0.98,EST_VALID,1
TM,SUN_L,3659,SUN_R,3698,SUN_NDV,-0.0053,SUN_ANGLE,-6.00
TM,MAG_X,-20.83,MAG_Y,18.24,MAG_Z,-15.34,MAG_HEADING,138.80
TM,GYRO_X,-0.954,GYRO_Y,-2.249,GYRO_Z,-0.041,BODY_RATE,0.041
TM,ADCS_MODE,MANUAL,ADCS_REFERENCE,SUN,TARGET,0.00,POINTING_ERROR,6.01,SUN_ERROR,5.79,MAG_ERROR,-138.75,GYRO_Z,-0.146,RW_CMD,0
TM,EST_RAW,-5.79,EST_FILTERED,-5.79,EST_ANGLE,-6.01,EST_FILTER,ON,EST_FILTER_TYPE,MOVING_AVERAGE,EST_MA_WINDOW,1,EST_FILTER_STRENGTH,0.35
TM,EST_FUSION,ON,EST_GYRO_WEIGHT,0.98,EST_VALID,1
TM,SUN_L,3658,SUN_R,3694,SUN_NDV,-0.0049,SUN_ANGLE,-6.11
TM,MAG_X,-20.66,MAG_Y,18.11,MAG_Z,-15.36,MAG_HEADING,138.75
TM,GYRO_X,-1.207,GYRO_Y,-1.969,GYRO_Z,0.055,BODY_RATE,-0.055
TM,SUN_L,3660,SUN_R,3697,SUN_NDV,-0.0050,SUN_ANGLE,-5.65
TM,MAG_X,-20.69,MAG_Y,18.26,MAG_Z,-15.46,MAG_HEADING,138.57
TM,GYRO_X,-0.875,GYRO_Y,-2.625,GYRO_Z,-0.242,BODY_RATE,0.242
TM,ADCS_MODE,MANUAL,ADCS_REFERENCE,SUN,TARGET,0.00,POINTING_ERROR,6.03,SUN_ERROR,6.03,MAG_ERROR,-138.57,GYRO_Z,0.125,RW_CMD,0
TM,EST_RAW,-6.03,EST_FILTERED,-6.03,EST_ANGLE,-6.03,EST_FILTER,ON,EST_FILTER_TYPE,MOVING_AVERAGE,EST_MA_WINDOW,1,EST_FILTER_STRENGTH,0.35
TM,EST_FUSION,ON,EST_GYRO_WEIGHT,0.98,EST_VALID,1
TM,SUN_L,3658,SUN_R,3697,SUN_NDV,-0.0053,SUN_ANGLE,-6.25
TM,MAG_X,-20.67,MAG_Y,18.18,MAG_Z,-15.30,MAG_HEADING,138.68
TM,GYRO_X,-0.892,GYRO_Y,-2.362,GYRO_Z,0.143,BODY_RATE,-0.143
TM,ADCS_MODE,MANUAL,ADCS_REFERENCE,SUN,TARGET,0.00,POINTING_ERROR,6.04,SUN_ERROR,6.32,MAG_ERROR,-138.56,GYRO_Z,0.117,RW_CMD,0
TM,EST_RAW,-6.32,EST_FILTERED,-6.32,EST_ANGLE,-6.04,EST_FILTER,ON,EST_FILTER_TYPE,MOVING_AVERAGE,EST_MA_WINDOW,1,EST_FILTER_STRENGTH,0.35
TM,EST_FUSION,ON,EST_GYRO_WEIGHT,0.98,EST_VALID,1
TM,SUN_L,3659,SUN_R,3697,SUN_NDV,-0.0052,SUN_ANGLE,-5.98
TM,MAG_X,-20.59,MAG_Y,18.29,MAG_Z,-15.28,MAG_HEADING,138.39
TM,GYRO_X,-1.120,GYRO_Y,-2.030,GYRO_Z,-0.216,BODY_RATE,0.216
TM,ADCS_MODE,MANUAL,ADCS_REFERENCE,SUN,TARGET,0.00,POINTING_ERROR,6.03,SUN_ERROR,6.37,MAG_ERROR,-138.39,GYRO_Z,-0.023,RW_CMD,0
TM,EST_RAW,-6.37,EST_FILTERED,-6.37,EST_ANGLE,-6.03,EST_FILTER,ON,EST_FILTER_TYPE,MOVING_AVERAGE,EST_MA_WINDOW,1,EST_FILTER_STRENGTH,0.35
TM,EST_FUSION,ON,EST_GYRO_WEIGHT,0.98,EST_VALID,1
TM,SUN_L,3659,SUN_R,3696,SUN_NDV,-0.0050,SUN_ANGLE,-5.86
TM,MAG_X,-20.70,MAG_Y,18.26,MAG_Z,-15.12,MAG_HEADING,138.60
TM,GYRO_X,-0.884,GYRO_Y,-2.275,GYRO_Z,0.038,BODY_RATE,-0.038
TM,ADCS_MODE,MANUAL,ADCS_REFERENCE,SUN,TARGET,0.00,POINTING_ERROR,6.00,SUN_ERROR,5.98,MAG_ERROR,-138.66,GYRO_Z,-0.163,RW_CMD,0
TM,EST_RAW,-5.98,EST_FILTERED,-5.98,EST_ANGLE,-6.00,EST_FILTER,ON,EST_FILTER_TYPE,MOVING_AVERAGE,EST_MA_WINDOW,1,EST_FILTER_STRENGTH,0.35
TM,EST_FUSION,ON,EST_GYRO_WEIGHT,0.98,EST_VALID,1
TM,SUN_L,3659,SUN_R,3696,SUN_NDV,-0.0050,SUN_ANGLE,-6.04
TM,MAG_X,-20.61,MAG_Y,18.13,MAG_Z,-15.33,MAG_HEADING,138.66
TM,GYRO_X,-1.041,GYRO_Y,-2.293,GYRO_Z,-0.067,BODY_RATE,0.067
TM,SUN_L,3660,SUN_R,3697,SUN_NDV,-0.0050,SUN_ANGLE,-6.22
TM,MAG_X,-20.56,MAG_Y,18.18,MAG_Z,-15.33,MAG_HEADING,138.52
TM,GYRO_X,-1.181,GYRO_Y,-2.310,GYRO_Z,-0.303,BODY_RATE,0.303
TM,ADCS_MODE,MANUAL,ADCS_REFERENCE,SUN,TARGET,0.00,POINTING_ERROR,5.98,SUN_ERROR,6.09,MAG_ERROR,-138.52,GYRO_Z,-0.172,RW_CMD,0
TM,EST_RAW,-6.09,EST_FILTERED,-6.09,EST_ANGLE,-5.98,EST_FILTER,ON,EST_FILTER_TYPE,MOVING_AVERAGE,EST_MA_WINDOW,1,EST_FILTER_STRENGTH,0.35
TM,EST_FUSION,ON,EST_GYRO_WEIGHT,0.98,EST_VALID,1
TM,SUN_L,3659,SUN_R,3697,SUN_NDV,-0.0052,SUN_ANGLE,-6.31
TM,MAG_X,-20.78,MAG_Y,18.18,MAG_Z,-15.36,MAG_HEADING,138.83
TM,GYRO_X,-0.980,GYRO_Y,-2.599,GYRO_Z,-0.111,BODY_RATE,0.111
TM,ADCS_MODE,MANUAL,ADCS_REFERENCE,SUN,TARGET,0.00,POINTING_ERROR,6.01,SUN_ERROR,6.17,MAG_ERROR,-138.83,GYRO_Z,-0.172,RW_CMD,0
TM,EST_RAW,-6.17,EST_FILTERED,-6.17,EST_ANGLE,-6.01,EST_FILTER,ON,EST_FILTER_TYPE,MOVING_AVERAGE,EST_MA_WINDOW,1,EST_FILTER_STRENGTH,0.35
TM,EST_FUSION,ON,EST_GYRO_WEIGHT,0.98,EST_VALID,1
TM,SUN_L,3659,SUN_R,3697,SUN_NDV,-0.0052,SUN_ANGLE,-5.84
TM,MAG_X,-20.61,MAG_Y,18.21,MAG_Z,-15.38,MAG_HEADING,138.54
TM,GYRO_X,-0.936,GYRO_Y,-2.266,GYRO_Z,0.230,BODY_RATE,-0.230
TM,ADCS_MODE,MANUAL,ADCS_REFERENCE,SUN,TARGET,0.00,POINTING_ERROR,6.00,SUN_ERROR,6.48,MAG_ERROR,-138.69,GYRO_Z,-0.023,RW_CMD,0
TM,EST_RAW,-6.48,EST_FILTERED,-6.48,EST_ANGLE,-6.00,EST_FILTER,ON,EST_FILTER_TYPE,MOVING_AVERAGE,EST_MA_WINDOW,1,EST_FILTER_STRENGTH,0.35
TM,EST_FUSION,ON,EST_GYRO_WEIGHT,0.98,EST_VALID,1
TM,SUN_L,3660,SUN_R,3699,SUN_NDV,-0.0053,SUN_ANGLE,-6.09
TM,MAG_X,-20.72,MAG_Y,18.21,MAG_Z,-15.07,MAG_HEADING,138.69
TM,GYRO_X,-0.849,GYRO_Y,-2.441,GYRO_Z,-0.093,BODY_RATE,0.093
TM,ADCS_MODE,MANUAL,ADCS_REFERENCE,SUN,TARGET,0.00,POINTING_ERROR,6.01,SUN_ERROR,6.31,MAG_ERROR,-138.45,GYRO_Z,-0.067,RW_CMD,0
TM,EST_RAW,-6.31,EST_FILTERED,-6.31,EST_ANGLE,-6.01,EST_FILTER,ON,EST_FILTER_TYPE,MOVING_AVERAGE,EST_MA_WINDOW,1,EST_FILTER_STRENGTH,0.35
TM,EST_FUSION,ON,EST_GYRO_WEIGHT,0.98,EST_VALID,1
TM,SUN_L,3658,SUN_R,3697,SUN_NDV,-0.0053,SUN_ANGLE,-6.03
TM,MAG_X,-20.58,MAG_Y,18.02,MAG_Z,-15.15,MAG_HEADING,138.80
TM,GYRO_X,-0.989,GYRO_Y,-2.354,GYRO_Z,-0.268,BODY_RATE,0.268
TM,SUN_L,3660,SUN_R,3698,SUN_NDV,-0.0052,SUN_ANGLE,-6.08
TM,MAG_X,-20.66,MAG_Y,18.13,MAG_Z,-15.28,MAG_HEADING,138.73
TM,GYRO_X,-0.779,GYRO_Y,-2.529,GYRO_Z,0.038,BODY_RATE,-0.038
TM,ADCS_MODE,MANUAL,ADCS_REFERENCE,SUN,TARGET,0.00,POINTING_ERROR,6.00,SUN_ERROR,5.89,MAG_ERROR,-138.73,GYRO_Z,0.029,RW_CMD,0
TM,EST_RAW,-5.89,EST_FILTERED,-5.89,EST_ANGLE,-6.00,EST_FILTER,ON,EST_FILTER_TYPE,MOVING_AVERAGE,EST_MA_WINDOW,1,EST_FILTER_STRENGTH,0.35
TM,EST_FUSION,ON,EST_GYRO_WEIGHT,0.98,EST_VALID,1
TM,SUN_L,3659,SUN_R,3699,SUN_NDV,-0.0054,SUN_ANGLE,-5.84
TM,MAG_X,-20.69,MAG_Y,18.10,MAG_Z,-15.22,MAG_HEADING,138.82
TM,GYRO_X,-0.901,GYRO_Y,-2.301,GYRO_Z,0.012,BODY_RATE,-0.012
TM,ADCS_MODE,MANUAL,ADCS_REFERENCE,SUN,TARGET,0.00,POINTING_ERROR,6.00,SUN_ERROR,5.88,MAG_ERROR,-139.28,GYRO_Z,-0.312,RW_CMD,0
TM,EST_RAW,-5.88,EST_FILTERED,-5.88,EST_ANGLE,-6.00,EST_FILTER,ON,EST_FILTER_TYPE,MOVING_AVERAGE,EST_MA_WINDOW,1,EST_FILTER_STRENGTH,0.35
TM,EST_FUSION,ON,EST_GYRO_WEIGHT,0.98,EST_VALID,1
TM,SUN_L,3658,SUN_R,3696,SUN_NDV,-0.0052,SUN_ANGLE,-5.98
TM,MAG_X,-20.62,MAG_Y,18.13,MAG_Z,-15.15,MAG_HEADING,138.69
TM,GYRO_X,-0.875,GYRO_Y,-2.275,GYRO_Z,0.012,BODY_RATE,-0.012
TM,ADCS_MODE,MANUAL,ADCS_REFERENCE,SUN,TARGET,0.00,POINTING_ERROR,5.98,SUN_ERROR,5.77,MAG_ERROR,-138.69,GYRO_Z,-0.085,RW_CMD,0
TM,EST_RAW,-5.77,EST_FILTERED,-5.77,EST_ANGLE,-5.98,EST_FILTER,ON,EST_FILTER_TYPE,MOVING_AVERAGE,EST_MA_WINDOW,1,EST_FILTER_STRENGTH,0.35
TM,EST_FUSION,ON,EST_GYRO_WEIGHT,0.98,EST_VALID,1
TM,SUN_L,3659,SUN_R,3697,SUN_NDV,-0.0052,SUN_ANGLE,-6.12
TM,MAG_X,-20.75,MAG_Y,18.27,MAG_Z,-15.07,MAG_HEADING,138.64
TM,GYRO_X,-0.901,GYRO_Y,-2.161,GYRO_Z,0.099,BODY_RATE,-0.099
TM,ADCS_MODE,MANUAL,ADCS_REFERENCE,SUN,TARGET,0.00,POINTING_ERROR,5.97,SUN_ERROR,6.21,MAG_ERROR,-138.91,GYRO_Z,-0.225,RW_CMD,0
TM,EST_RAW,-6.21,EST_FILTERED,-6.21,EST_ANGLE,-5.97,EST_FILTER,ON,EST_FILTER_TYPE,MOVING_AVERAGE,EST_MA_WINDOW,1,EST_FILTER_STRENGTH,0.35
TM,EST_FUSION,ON,EST_GYRO_WEIGHT,0.98,EST_VALID,1
TM,SUN_L,3658,SUN_R,3696,SUN_NDV,-0.0052,SUN_ANGLE,-5.98
TM,MAG_X,-20.74,MAG_Y,18.08,MAG_Z,-15.22,MAG_HEADING,138.91
TM,GYRO_X,-0.954,GYRO_Y,-2.354,GYRO_Z,0.169,BODY_RATE,-0.169
TM,SUN_L,3660,SUN_R,3698,SUN_NDV,-0.0052,SUN_ANGLE,-6.15
TM,MAG_X,-20.62,MAG_Y,18.11,MAG_Z,-15.18,MAG_HEADING,138.71
TM,GYRO_X,-0.814,GYRO_Y,-2.529,GYRO_Z,-0.067,BODY_RATE,0.067
TM,ADCS_MODE,MANUAL,ADCS_REFERENCE,SUN,TARGET,0.00,POINTING_ERROR,6.00,SUN_ERROR,6.15,MAG_ERROR,-138.71,GYRO_Z,-0.137,RW_CMD,0
TM,EST_RAW,-6.15,EST_FILTERED,-6.15,EST_ANGLE,-6.00,EST_FILTER,ON,EST_FILTER_TYPE,MOVING_AVERAGE,EST_MA_WINDOW,1,EST_FILTER_STRENGTH,0.35
TM,EST_FUSION,ON,EST_GYRO_WEIGHT,0.98,EST_VALID,1
TM,SUN_L,3659,SUN_R,3696,SUN_NDV,-0.0050,SUN_ANGLE,-5.91
TM,MAG_X,-20.67,MAG_Y,18.08,MAG_Z,-15.10,MAG_HEADING,138.83
TM,GYRO_X,-0.840,GYRO_Y,-2.109,GYRO_Z,-0.137,BODY_RATE,0.137
TM,ADCS_MODE,MANUAL,ADCS_REFERENCE,SUN,TARGET,0.00,POINTING_ERROR,6.03,SUN_ERROR,6.09,MAG_ERROR,-138.83,GYRO_Z,0.082,RW_CMD,0
TM,EST_RAW,-6.09,EST_FILTERED,-6.09,EST_ANGLE,-6.03,EST_FILTER,ON,EST_FILTER_TYPE,MOVING_AVERAGE,EST_MA_WINDOW,1,EST_FILTER_STRENGTH,0.35
TM,EST_FUSION,ON,EST_GYRO_WEIGHT,0.98,EST_VALID,1
TM,SUN_L,3660,SUN_R,3697,SUN_NDV,-0.0050,SUN_ANGLE,-5.92
TM,MAG_X,-20.62,MAG_Y,18.11,MAG_Z,-15.01,MAG_HEADING,138.71
TM,GYRO_X,-0.866,GYRO_Y,-2.398,GYRO_Z,-0.093,BODY_RATE,0.093
TM,ADCS_MODE,MANUAL,ADCS_REFERENCE,SUN,TARGET,0.00,POINTING_ERROR,6.07,SUN_ERROR,6.43,MAG_ERROR,-139.01,GYRO_Z,-0.006,RW_CMD,0
TM,EST_RAW,-6.43,EST_FILTERED,-6.43,EST_ANGLE,-6.07,EST_FILTER,ON,EST_FILTER_TYPE,MOVING_AVERAGE,EST_MA_WINDOW,1,EST_FILTER_STRENGTH,0.35
TM,EST_FUSION,ON,EST_GYRO_WEIGHT,0.98,EST_VALID,1
TM,SUN_L,3661,SUN_R,3697,SUN_NDV,-0.0049,SUN_ANGLE,-6.42
TM,MAG_X,-20.74,MAG_Y,18.02,MAG_Z,-15.02,MAG_HEADING,139.01
TM,GYRO_X,-1.076,GYRO_Y,-2.126,GYRO_Z,0.003,BODY_RATE,-0.003
TM,ADCS_MODE,MANUAL,ADCS_REFERENCE,SUN,TARGET,0.00,POINTING_ERROR,6.06,SUN_ERROR,6.13,MAG_ERROR,-138.78,GYRO_Z,-0.303,RW_CMD,0
TM,EST_RAW,-6.13,EST_FILTERED,-6.13,EST_ANGLE,-6.06,EST_FILTER,ON,EST_FILTER_TYPE,MOVING_AVERAGE,EST_MA_WINDOW,1,EST_FILTER_STRENGTH,0.35
TM,EST_FUSION,ON,EST_GYRO_WEIGHT,0.98,EST_VALID,1
TM,SUN_L,3660,SUN_R,3699,SUN_NDV,-0.0053,SUN_ANGLE,-6.14
TM,MAG_X,-20.66,MAG_Y,18.10,MAG_Z,-14.85,MAG_HEADING,138.78
TM,GYRO_X,-1.146,GYRO_Y,-2.328,GYRO_Z,-0.277,BODY_RATE,0.277
TM,SUN_L,3659,SUN_R,3697,SUN_NDV,-0.0052,SUN_ANGLE,-5.93
TM,MAG_X,-20.70,MAG_Y,17.90,MAG_Z,-15.02,MAG_HEADING,139.15
TM,GYRO_X,-0.998,GYRO_Y,-2.205,GYRO_Z,-0.085,BODY_RATE,0.085
TM,ADCS_MODE,MANUAL,ADCS_REFERENCE,SUN,TARGET,0.00,POINTING_ERROR,6.07,SUN_ERROR,6.32,MAG_ERROR,-139.15,GYRO_Z,-0.155,RW_CMD,0
TM,EST_RAW,-6.32,EST_FILTERED,-6.32,EST_ANGLE,-6.07,EST_FILTER,ON,EST_FILTER_TYPE,MOVING_AVERAGE,EST_MA_WINDOW,1,EST_FILTER_STRENGTH,0.35
TM,EST_FUSION,ON,EST_GYRO_WEIGHT,0.98,EST_VALID,1
TM,SUN_L,3660,SUN_R,3698,SUN_NDV,-0.0052,SUN_ANGLE,-6.46
TM,MAG_X,-20.69,MAG_Y,17.94,MAG_Z,-14.99,MAG_HEADING,139.08
TM,GYRO_X,-0.726,GYRO_Y,-2.608,GYRO_Z,-0.181,BODY_RATE,0.181
TM,ADCS_MODE,MANUAL,ADCS_REFERENCE,SUN,TARGET,0.00,POINTING_ERROR,6.10,SUN_ERROR,6.14,MAG_ERROR,-139.08,GYRO_Z,0.020,RW_CMD,0
TM,EST_RAW,-6.14,EST_FILTERED,-6.14,EST_ANGLE,-6.10,EST_FILTER,ON,EST_FILTER_TYPE,MOVING_AVERAGE,EST_MA_WINDOW,1,EST_FILTER_STRENGTH,0.35
TM,EST_FUSION,ON,EST_GYRO_WEIGHT,0.98,EST_VALID,1
TM,SUN_L,3660,SUN_R,3698,SUN_NDV,-0.0052,SUN_ANGLE,-5.84
TM,MAG_X,-20.67,MAG_Y,17.98,MAG_Z,-14.82,MAG_HEADING,138.98
TM,GYRO_X,-0.840,GYRO_Y,-2.362,GYRO_Z,-0.137,BODY_RATE,0.137
TM,ADCS_MODE,MANUAL,ADCS_REFERENCE,SUN,TARGET,0.00,POINTING_ERROR,6.10,SUN_ERROR,6.23,MAG_ERROR,-139.18,GYRO_Z,-0.102,RW_CMD,0
TM,EST_RAW,-6.23,EST_FILTERED,-6.23,EST_ANGLE,-6.10,EST_FILTER,ON,EST_FILTER_TYPE,MOVING_AVERAGE,EST_MA_WINDOW,1,EST_FILTER_STRENGTH,0.35
TM,EST_FUSION,ON,EST_GYRO_WEIGHT,0.98,EST_VALID,1
TM,SUN_L,3660,SUN_R,3698,SUN_NDV,-0.0052,SUN_ANGLE,-6.05
TM,MAG_X,-20.64,MAG_Y,17.89,MAG_Z,-14.78,MAG_HEADING,139.09
TM,GYRO_X,-0.954,GYRO_Y,-2.126,GYRO_Z,0.108,BODY_RATE,-0.108
TM,ADCS_MODE,MANUAL,ADCS_REFERENCE,SUN,TARGET,0.00,POINTING_ERROR,6.09,SUN_ERROR,6.07,MAG_ERROR,-139.19,GYRO_Z,-0.181,RW_CMD,0
TM,EST_RAW,-6.07,EST_FILTERED,-6.07,EST_ANGLE,-6.09,EST_FILTER,ON,EST_FILTER_TYPE,MOVING_AVERAGE,EST_MA_WINDOW,1,EST_FILTER_STRENGTH,0.35
TM,EST_FUSION,ON,EST_GYRO_WEIGHT,0.98,EST_VALID,1
TM,SUN_L,3661,SUN_R,3699,SUN_NDV,-0.0052,SUN_ANGLE,-6.48
TM,MAG_X,-20.64,MAG_Y,17.82,MAG_Z,-15.01,MAG_HEADING,139.19
TM,GYRO_X,-1.041,GYRO_Y,-2.380,GYRO_Z,-0.006,BODY_RATE,0.006
TM,SUN_L,3658,SUN_R,3696,SUN_NDV,-0.0052,SUN_ANGLE,-5.74
TM,MAG_X,-20.66,MAG_Y,17.86,MAG_Z,-14.94,MAG_HEADING,139.16
TM,GYRO_X,-0.866,GYRO_Y,-2.415,GYRO_Z,-0.032,BODY_RATE,0.032
TM,ADCS_MODE,MANUAL,ADCS_REFERENCE,SUN,TARGET,0.00,POINTING_ERROR,6.02,SUN_ERROR,5.67,MAG_ERROR,-139.16,GYRO_Z,-0.277,RW_CMD,0
TM,EST_RAW,-5.67,EST_FILTERED,-5.67,EST_ANGLE,-6.02,EST_FILTER,ON,EST_FILTER_TYPE,MOVING_AVERAGE,EST_MA_WINDOW,1,EST_FILTER_STRENGTH,0.35
TM,EST_FUSION,ON,EST_GYRO_WEIGHT,0.98,EST_VALID,1
TM,SUN_L,3658,SUN_R,3696,SUN_NDV,-0.0052,SUN_ANGLE,-5.96
TM,MAG_X,-20.72,MAG_Y,17.90,MAG_Z,-14.96,MAG_HEADING,139.17
TM,GYRO_X,-1.015,GYRO_Y,-2.144,GYRO_Z,-0.225,BODY_RATE,0.225
TM,ADCS_MODE,MANUAL,ADCS_REFERENCE,SUN,TARGET,0.00,POINTING_ERROR,6.01,SUN_ERROR,5.90,MAG_ERROR,-139.01,GYRO_Z,-0.058,RW_CMD,0
TM,EST_RAW,-5.90,EST_FILTERED,-5.90,EST_ANGLE,-6.01,EST_FILTER,ON,EST_FILTER_TYPE,MOVING_AVERAGE,EST_MA_WINDOW,1,EST_FILTER_STRENGTH,0.35
TM,EST_FUSION,ON,EST_GYRO_WEIGHT,0.98,EST_VALID,1
TM,SUN_L,3660,SUN_R,3697,SUN_NDV,-0.0050,SUN_ANGLE,-5.64
TM,MAG_X,-20.75,MAG_Y,17.78,MAG_Z,-14.74,MAG_HEADING,139.42
TM,GYRO_X,-0.936,GYRO_Y,-2.389,GYRO_Z,-0.146,BODY_RATE,0.146
TM,ADCS_MODE,MANUAL,ADCS_REFERENCE,SUN,TARGET,0.00,POINTING_ERROR,6.00,SUN_ERROR,6.12,MAG_ERROR,-139.42,GYRO_Z,-0.286,RW_CMD,0
TM,EST_RAW,-6.12,EST_FILTERED,-6.12,EST_ANGLE,-6.00,EST_FILTER,ON,EST_FILTER_TYPE,MOVING_AVERAGE,EST_MA_WINDOW,1,EST_FILTER_STRENGTH,0.35
TM,EST_FUSION,ON,EST_GYRO_WEIGHT,0.98,EST_VALID,1
TM,SUN_L,3659,SUN_R,3695,SUN_NDV,-0.0049,SUN_ANGLE,-5.70
TM,MAG_X,-20.66,MAG_Y,17.90,MAG_Z,-14.70,MAG_HEADING,139.08
TM,GYRO_X,-0.936,GYRO_Y,-2.249,GYRO_Z,-0.058,BODY_RATE,0.058
TM,ADCS_MODE,MANUAL,ADCS_REFERENCE,SUN,TARGET,0.00,POINTING_ERROR,5.97,SUN_ERROR,5.82,MAG_ERROR,-139.03,GYRO_Z,-0.023,RW_CMD,0
TM,EST_RAW,-5.82,EST_FILTERED,-5.82,EST_ANGLE,-5.97,EST_FILTER,ON,EST_FILTER_TYPE,MOVING_AVERAGE,EST_MA_WINDOW,1,EST_FILTER_STRENGTH,0.35
TM,EST_FUSION,ON,EST_GYRO_WEIGHT,0.98,EST_VALID,1
TM,SUN_L,3659,SUN_R,3696,SUN_NDV,-0.0050,SUN_ANGLE,-5.94
TM,MAG_X,-20.64,MAG_Y,17.92,MAG_Z,-14.80,MAG_HEADING,139.03
TM,GYRO_X,-0.822,GYRO_Y,-2.424,GYRO_Z,-0.050,BODY_RATE,0.050
TM,SUN_L,3659,SUN_R,3696,SUN_NDV,-0.0050,SUN_ANGLE,-5.64
TM,MAG_X,-20.59,MAG_Y,17.65,MAG_Z,-14.86,MAG_HEADING,139.40
TM,GYRO_X,-1.050,GYRO_Y,-2.293,GYRO_Z,-0.181,BODY_RATE,0.181
TM,ADCS_MODE,MANUAL,ADCS_REFERENCE,SUN,TARGET,0.00,POINTING_ERROR,5.93,SUN_ERROR,6.05,MAG_ERROR,-139.16,GYRO_Z,-0.225,RW_CMD,0
TM,EST_RAW,-6.05,EST_FILTERED,-6.05,EST_ANGLE,-5.93,EST_FILTER,ON,EST_FILTER_TYPE,MOVING_AVERAGE,EST_MA_WINDOW,1,EST_FILTER_STRENGTH,0.35
TM,EST_FUSION,ON,EST_GYRO_WEIGHT,0.98,EST_VALID,1
TM,SUN_L,3660,SUN_R,3695,SUN_NDV,-0.0048,SUN_ANGLE,-6.21
TM,MAG_X,-20.83,MAG_Y,17.79,MAG_Z,-14.82,MAG_HEADING,139.50
TM,GYRO_X,-1.102,GYRO_Y,-2.223,GYRO_Z,0.003,BODY_RATE,-0.003
TM,ADCS_MODE,MANUAL,ADCS_REFERENCE,SUN,TARGET,0.00,POINTING_ERROR,5.94,SUN_ERROR,5.92,MAG_ERROR,-139.50,GYRO_Z,-0.146,RW_CMD,0
TM,EST_RAW,-5.92,EST_FILTERED,-5.92,EST_ANGLE,-5.94,EST_FILTER,ON,EST_FILTER_TYPE,MOVING_AVERAGE,EST_MA_WINDOW,1,EST_FILTER_STRENGTH,0.35
TM,EST_FUSION,ON,EST_GYRO_WEIGHT,0.98,EST_VALID,1
TM,SUN_L,3661,SUN_R,3697,SUN_NDV,-0.0049,SUN_ANGLE,-6.50
TM,MAG_X,-20.69,MAG_Y,17.82,MAG_Z,-14.70,MAG_HEADING,139.25
TM,GYRO_X,-1.155,GYRO_Y,-2.336,GYRO_Z,-0.120,BODY_RATE,0.120
TM,ADCS_MODE,MANUAL,ADCS_REFERENCE,SUN,TARGET,0.00,POINTING_ERROR,5.96,SUN_ERROR,6.12,MAG_ERROR,-139.48,GYRO_Z,0.003,RW_CMD,0
TM,EST_RAW,-6.12,EST_FILTERED,-6.12,EST_ANGLE,-5.96,EST_FILTER,ON,EST_FILTER_TYPE,MOVING_AVERAGE,EST_MA_WINDOW,1,EST_FILTER_STRENGTH,0.35
TM,EST_FUSION,ON,EST_GYRO_WEIGHT,0.98,EST_VALID,1
TM,SUN_L,3660,SUN_R,3697,SUN_NDV,-0.0050,SUN_ANGLE,-5.94
TM,MAG_X,-20.70,MAG_Y,17.70,MAG_Z,-14.88,MAG_HEADING,139.48
TM,GYRO_X,-0.998,GYRO_Y,-2.074,GYRO_Z,-0.093,BODY_RATE,0.093
TM,ADCS_MODE,MANUAL,ADCS_REFERENCE,SUN,TARGET,0.00,POINTING_ERROR,5.98,SUN_ERROR,6.12,MAG_ERROR,-139.35,GYRO_Z,-0.172,RW_CMD,0
TM,EST_RAW,-6.12,EST_FILTERED,-6.12,EST_ANGLE,-5.98,EST_FILTER,ON,EST_FILTER_TYPE,MOVING_AVERAGE,EST_MA_WINDOW,1,EST_FILTER_STRENGTH,0.35
TM,EST_FUSION,ON,EST_GYRO_WEIGHT,0.98,EST_VALID,1
TM,SUN_L,3660,SUN_R,3696,SUN_NDV,-0.0049,SUN_ANGLE,-5.84
TM,MAG_X,-20.59,MAG_Y,17.89,MAG_Z,-14.77,MAG_HEADING,139.02
TM,GYRO_X,-1.225,GYRO_Y,-2.074,GYRO_Z,-0.041,BODY_RATE,0.041
TM,SUN_L,3659,SUN_R,3696,SUN_NDV,-0.0050,SUN_ANGLE,-6.24
TM,MAG_X,-20.69,MAG_Y,17.89,MAG_Z,-14.90,MAG_HEADING,139.15
TM,GYRO_X,-0.928,GYRO_Y,-2.441,GYRO_Z,0.117,BODY_RATE,-0.117
TM,ADCS_MODE,MANUAL,ADCS_REFERENCE,SUN,TARGET,0.00,POINTING_ERROR,5.97,SUN_ERROR,6.24,MAG_ERROR,-139.15,GYRO_Z,0.134,RW_CMD,0
TM,EST_RAW,-6.24,EST_FILTERED,-6.24,EST_ANGLE,-5.97,EST_FILTER,ON,EST_FILTER_TYPE,MOVING_AVERAGE,EST_MA_WINDOW,1,EST_FILTER_STRENGTH,0.35
TM,EST_FUSION,ON,EST_GYRO_WEIGHT,0.98,EST_VALID,1
TM,SUN_L,3659,SUN_R,3696,SUN_NDV,-0.0050,SUN_ANGLE,-5.80
TM,MAG_X,-20.69,MAG_Y,17.81,MAG_Z,-14.78,MAG_HEADING,139.28
TM,GYRO_X,-1.155,GYRO_Y,-2.345,GYRO_Z,0.055,BODY_RATE,-0.055
TM,ADCS_MODE,MANUAL,ADCS_REFERENCE,SUN,TARGET,0.00,POINTING_ERROR,6.00,SUN_ERROR,6.59,MAG_ERROR,-139.28,GYRO_Z,-0.093,RW_CMD,0
TM,EST_RAW,-6.59,EST_FILTERED,-6.59,EST_ANGLE,-6.00,EST_FILTER,ON,EST_FILTER_TYPE,MOVING_AVERAGE,EST_MA_WINDOW,1,EST_FILTER_STRENGTH,0.35
TM,EST_FUSION,ON,EST_GYRO_WEIGHT,0.98,EST_VALID,1
TM,SUN_L,3660,SUN_R,3699,SUN_NDV,-0.0053,SUN_ANGLE,-5.95
TM,MAG_X,-20.64,MAG_Y,17.82,MAG_Z,-14.99,MAG_HEADING,139.19
TM,GYRO_X,-0.884,GYRO_Y,-2.013,GYRO_Z,-0.067,BODY_RATE,0.067
TM,ADCS_MODE,MANUAL,ADCS_REFERENCE,SUN,TARGET,0.00,POINTING_ERROR,6.00,SUN_ERROR,6.04,MAG_ERROR,-139.21,GYRO_Z,0.064,RW_CMD,0
TM,EST_RAW,-6.04,EST_FILTERED,-6.04,EST_ANGLE,-6.00,EST_FILTER,ON,EST_FILTER_TYPE,MOVING_AVERAGE,EST_MA_WINDOW,1,EST_FILTER_STRENGTH,0.35
TM,EST_FUSION,ON,EST_GYRO_WEIGHT,0.98,EST_VALID,1
TM,SUN_L,3659,SUN_R,3697,SUN_NDV,-0.0052,SUN_ANGLE,-6.32
TM,MAG_X,-20.77,MAG_Y,17.89,MAG_Z,-14.72,MAG_HEADING,139.26
TM,GYRO_X,-1.076,GYRO_Y,-2.056,GYRO_Z,0.099,BODY_RATE,-0.099
TM,ADCS_MODE,MANUAL,ADCS_REFERENCE,SUN,TARGET,0.00,POINTING_ERROR,6.03,SUN_ERROR,6.37,MAG_ERROR,-139.06,GYRO_Z,0.099,RW_CMD,0
TM,EST_RAW,-6.37,EST_FILTERED,-6.37,EST_ANGLE,-6.03,EST_FILTER,ON,EST_FILTER_TYPE,MOVING_AVERAGE,EST_MA_WINDOW,1,EST_FILTER_STRENGTH,0.35
TM,EST_FUSION,ON,EST_GYRO_WEIGHT,0.98,EST_VALID,1
TM,SUN_L,3660,SUN_R,3697,SUN_NDV,-0.0050,SUN_ANGLE,-6.03
TM,MAG_X,-20.64,MAG_Y,17.90,MAG_Z,-14.83,MAG_HEADING,139.06
TM,GYRO_X,-0.858,GYRO_Y,-2.406,GYRO_Z,-0.198,BODY_RATE,0.198
TM,SUN_L,3660,SUN_R,3697,SUN_NDV,-0.0050,SUN_ANGLE,-6.03
TM,MAG_X,-20.59,MAG_Y,17.89,MAG_Z,-14.90,MAG_HEADING,139.02
TM,GYRO_X,-0.700,GYRO_Y,-2.406,GYRO_Z,-0.023,BODY_RATE,0.023
TM,ADCS_MODE,MANUAL,ADCS_REFERENCE,SUN,TARGET,0.00,POINTING_ERROR,6.04,SUN_ERROR,6.10,MAG_ERROR,-139.02,GYRO_Z,-0.041,RW_CMD,0
TM,EST_RAW,-6.10,EST_FILTERED,-6.10,EST_ANGLE,-6.04,EST_FILTER,ON,EST_FILTER_TYPE,MOVING_AVERAGE,EST_MA_WINDOW,1,EST_FILTER_STRENGTH,0.35
TM,EST_FUSION,ON,EST_GYRO_WEIGHT,0.98,EST_VALID,1
TM,SUN_L,3661,SUN_R,3697,SUN_NDV,-0.0049,SUN_ANGLE,-5.69
TM,MAG_X,-20.72,MAG_Y,17.82,MAG_Z,-14.94,MAG_HEADING,139.30
TM,GYRO_X,-1.138,GYRO_Y,-2.284,GYRO_Z,-0.190,BODY_RATE,0.190
TM,ADCS_MODE,MANUAL,ADCS_REFERENCE,SUN,TARGET,0.00,POINTING_ERROR,6.07,SUN_ERROR,5.92,MAG_ERROR,-139.17,GYRO_Z,-0.146,RW_CMD,0
TM,EST_RAW,-5.92,EST_FILTERED,-5.92,EST_ANGLE,-6.07,EST_FILTER,ON,EST_FILTER_TYPE,MOVING_AVERAGE,EST_MA_WINDOW,1,EST_FILTER_STRENGTH,0.35
TM,EST_FUSION,ON,EST_GYRO_WEIGHT,0.98,EST_VALID,1
TM,SUN_L,3660,SUN_R,3699,SUN_NDV,-0.0053,SUN_ANGLE,-6.28
TM,MAG_X,-20.72,MAG_Y,17.71,MAG_Z,-14.80,MAG_HEADING,139.48
TM,GYRO_X,-1.173,GYRO_Y,-2.100,GYRO_Z,0.134,BODY_RATE,-0.134
TM,ADCS_MODE,MANUAL,ADCS_REFERENCE,SUN,TARGET,0.00,POINTING_ERROR,6.09,SUN_ERROR,6.09,MAG_ERROR,-139.48,GYRO_Z,0.169,RW_CMD,0
TM,EST_RAW,-6.09,EST_FILTERED,-6.09,EST_ANGLE,-6.09,EST_FILTER,ON,EST_FILTER_TYPE,MOVING_AVERAGE,EST_MA_WINDOW,1,EST_FILTER_STRENGTH,0.35
TM,EST_FUSION,ON,EST_GYRO_WEIGHT,0.98,EST_VALID,1
TM,SUN_L,3661,SUN_R,3698,SUN_NDV,-0.0050,SUN_ANGLE,-6.03
TM,MAG_X,-20.74,MAG_Y,17.84,MAG_Z,-14.86,MAG_HEADING,139.29
TM,GYRO_X,-0.989,GYRO_Y,-2.126,GYRO_Z,-0.085,BODY_RATE,0.085
TM,ADCS_MODE,MANUAL,ADCS_REFERENCE,SUN,TARGET,0.00,POINTING_ERROR,6.09,SUN_ERROR,6.37,MAG_ERROR,-139.29,GYRO_Z,-0.330,RW_CMD,0
TM,EST_RAW,-6.37,EST_FILTERED,-6.37,EST_ANGLE,-6.09,EST_FILTER,ON,EST_FILTER_TYPE,MOVING_AVERAGE,EST_MA_WINDOW,1,EST_FILTER_STRENGTH,0.35
TM,EST_FUSION,ON,EST_GYRO_WEIGHT,0.98,EST_VALID,1
TM,SUN_L,3660,SUN_R,3698,SUN_NDV,-0.0052,SUN_ANGLE,-6.72
TM,MAG_X,-20.77,MAG_Y,17.87,MAG_Z,-14.82,MAG_HEADING,139.29
TM,GYRO_X,-1.050,GYRO_Y,-2.494,GYRO_Z,0.064,BODY_RATE,-0.064
TM,SUN_L,3660,SUN_R,3698,SUN_NDV,-0.0052,SUN_ANGLE,-6.15
TM,MAG_X,-20.86,MAG_Y,17.79,MAG_Z,-14.86,MAG_HEADING,139.54
TM,GYRO_X,-0.971,GYRO_Y,-2.398,GYRO_Z,0.012,BODY_RATE,-0.012
TM,ADCS_MODE,MANUAL,ADCS_REFERENCE,SUN,TARGET,0.00,POINTING_ERROR,6.09,SUN_ERROR,6.11,MAG_ERROR,-139.54,GYRO_Z,0.020,RW_CMD,0
TM,EST_RAW,-6.11,EST_FILTERED,-6.11,EST_ANGLE,-6.09,EST_FILTER,ON,EST_FILTER_TYPE,MOVING_AVERAGE,EST_MA_WINDOW,1,EST_FILTER_STRENGTH,0.35
TM,EST_FUSION,ON,EST_GYRO_WEIGHT,0.98,EST_VALID,1
TM,SUN_L,3661,SUN_R,3699,SUN_NDV,-0.0052,SUN_ANGLE,-6.53
TM,MAG_X,-20.66,MAG_Y,17.87,MAG_Z,-14.91,MAG_HEADING,139.13
TM,GYRO_X,-0.910,GYRO_Y,-2.467,GYRO_Z,-0.251,BODY_RATE,0.251
TM,ADCS_MODE,MANUAL,ADCS_REFERENCE,SUN,TARGET,0.00,POINTING_ERROR,6.11,SUN_ERROR,6.33,MAG_ERROR,-139.13,GYRO_Z,-0.041,RW_CMD,0
TM,EST_RAW,-6.33,EST_FILTERED,-6.33,EST_ANGLE,-6.11,EST_FILTER,ON,EST_FILTER_TYPE,MOVING_AVERAGE,EST_MA_WINDOW,1,EST_FILTER_STRENGTH,0.35
TM,EST_FUSION,ON,EST_GYRO_WEIGHT,0.98,EST_VALID,1
TM,SUN_L,3660,SUN_R,3697,SUN_NDV,-0.0050,SUN_ANGLE,-6.03
TM,MAG_X,-20.82,MAG_Y,17.95,MAG_Z,-14.80,MAG_HEADING,139.23
TM,GYRO_X,-0.962,GYRO_Y,-2.398,GYRO_Z,-0.198,BODY_RATE,0.198
TM,ADCS_MODE,MANUAL,ADCS_REFERENCE,SUN,TARGET,0.00,POINTING_ERROR,6.07,SUN_ERROR,5.64,MAG_ERROR,-139.22,GYRO_Z,-0.111,RW_CMD,0
TM,EST_RAW,-5.64,EST_FILTERED,-5.64,EST_ANGLE,-6.07,EST_FILTER,ON,EST_FILTER_TYPE,MOVING_AVERAGE,EST_MA_WINDOW,1,EST_FILTER_STRENGTH,0.35
TM,EST_FUSION,ON,EST_GYRO_WEIGHT,0.98,EST_VALID,1
TM,SUN_L,3660,SUN_R,3699,SUN_NDV,-0.0053,SUN_ANGLE,-5.74
TM,MAG_X,-20.62,MAG_Y,17.79,MAG_Z,-14.98,MAG_HEADING,139.22
TM,GYRO_X,-1.015,GYRO_Y,-2.362,GYRO_Z,0.029,BODY_RATE,-0.029
TM,ADCS_MODE,MANUAL,ADCS_REFERENCE,SUN,TARGET,0.00,POINTING_ERROR,6.08,SUN_ERROR,5.82,MAG_ERROR,-139.24,GYRO_Z,-0.102,RW_CMD,0
TM,EST_RAW,-5.82,EST_FILTERED,-5.82,EST_ANGLE,-6.08,EST_FILTER,ON,EST_FILTER_TYPE,MOVING_AVERAGE,EST_MA_WINDOW,1,EST_FILTER_STRENGTH,0.35
TM,EST_FUSION,ON,EST_GYRO_WEIGHT,0.98,EST_VALID,1
TM,SUN_L,3659,SUN_R,3697,SUN_NDV,-0.0052,SUN_ANGLE,-6.07
TM,MAG_X,-20.69,MAG_Y,17.94,MAG_Z,-14.88,MAG_HEADING,139.08
TM,GYRO_X,-0.866,GYRO_Y,-2.319,GYRO_Z,-0.207,BODY_RATE,0.207
TM,SUN_L,3660,SUN_R,3697,SUN_NDV,-0.0050,SUN_ANGLE,-6.05
TM,MAG_X,-20.70,MAG_Y,17.79,MAG_Z,-14.93,MAG_HEADING,139.33
TM,GYRO_X,-0.928,GYRO_Y,-2.231,GYRO_Z,-0.102,BODY_RATE,0.102
TM,ADCS_MODE,MANUAL,ADCS_REFERENCE,SUN,TARGET,0.00,POINTING_ERROR,6.06,SUN_ERROR,6.07,MAG_ERROR,-139.33,GYRO_Z,-0.295,RW_CMD,0
TM,EST_RAW,-6.07,EST_FILTERED,-6.07,EST_ANGLE,-6.06,EST_FILTER,ON,EST_FILTER_TYPE,MOVING_AVERAGE,EST_MA_WINDOW,1,EST_FILTER_STRENGTH,0.35
TM,EST_FUSION,ON,EST_GYRO_WEIGHT,0.98,EST_VALID,1
TM,SUN_L,3659,SUN_R,3696,SUN_NDV,-0.0050,SUN_ANGLE,-6.08
TM,MAG_X,-20.75,MAG_Y,17.79,MAG_Z,-14.82,MAG_HEADING,139.39
TM,GYRO_X,-0.884,GYRO_Y,-2.293,GYRO_Z,-0.242,BODY_RATE,0.242
TM,ADCS_MODE,MANUAL,ADCS_REFERENCE,SUN,TARGET,0.00,POINTING_ERROR,6.03,SUN_ERROR,6.36,MAG_ERROR,-139.14,GYRO_Z,-0.181,RW_CMD,0
TM,EST_RAW,-6.36,EST_FILTERED,-6.36,EST_ANGLE,-6.03,EST_FILTER,ON,EST_FILTER_TYPE,MOVING_AVERAGE,EST_MA_WINDOW,1,EST_FILTER_STRENGTH,0.35
TM,EST_FUSION,ON,EST_GYRO_WEIGHT,0.98,EST_VALID,1
TM,SUN_L,3660,SUN_R,3697,SUN_NDV,-0.0050,SUN_ANGLE,-5.86
TM,MAG_X,-20.72,MAG_Y,17.92,MAG_Z,-14.94,MAG_HEADING,139.14
TM,GYRO_X,-1.234,GYRO_Y,-2.415,GYRO_Z,0.125,BODY_RATE,-0.125
