ACK,TEAM_CDUMP,1337
TM,TEAM_CR_AUTO,ON,TGT,20.00,EST,0.79,ANG,0.79,LIT,1,ERR,19.21,KP,4,KD,2,KI,1,SIGN,1,RSIGN,-1,MAX,60,DB,0.5,WRAP,1,SYNC,1,STRAT,RW
TM,TEAM_CR_HEAD,N,1337,DIV,2,COLS,i;t;tgt;ang;est;err;gz;u;I;K;rw;fl
TM,TEAM_CR,0,697687,20.0,0.5,0.8,19.2,0.1,77.0,0.4,0.0,2,9
TM,TEAM_CR,1,697728,20.0,0.8,0.8,19.2,0.1,77.0,0.4,0.0,22,9
TM,TEAM_CR,2,697768,20.0,0.6,0.8,19.2,1.7,73.7,0.4,0.0,42,9
TM,SUN_L,3518,SUN_R,2925,SUN_NDV,0.0920,SUN_ANGLE,42.46
TM,MAG_X,-6.05,MAG_Y,-2.88,MAG_Z,-18.62,MAG_HEADING,205.46
TM,GYRO_X,-0.901,GYRO_Y,-2.223,GYRO_Z,0.197,BODY_RATE,-0.197
TM,TEAM_CR,3,697807,20.0,0.7,1.0,19.0,3.7,69.3,0.4,0.0,60,9
TM,TEAM_CR,4,697847,20.0,0.9,1.2,18.8,7.7,60.1,0.4,0.0,60,9
TM,TEAM_CR,5,697887,20.0,1.1,1.6,18.4,12.2,49.8,0.8,0.0,53,1
TM,TEAM_CR,6,697927,20.0,1.6,2.2,17.8,16.3,39.9,1.5,0.0,41,1
TM,TEAM_CR,7,697967,20.0,2.4,3.0,17.0,19.5,31.3,2.2,0.0,34,1
TM,TEAM_CR,8,698007,20.0,3.0,3.8,16.2,21.5,24.7,2.8,0.0,27,1
TM,TEAM_CR,9,698052,20.0,3.5,4.8,15.2,23.0,18.4,3.4,0.0,20,1
TM,TEAM_CR,10,698106,20.0,4.9,6.0,14.0,23.5,13.0,4.0,0.0,15,1
TM,TEAM_CR,11,698146,20.0,5.9,6.9,13.1,23.9,9.4,4.5,0.0,11,1
TM,TEAM_CR,12,698185,20.0,6.4,7.7,12.3,23.4,7.3,5.0,0.0,7,1
TM,TEAM_CR,13,698225,20.0,7.9,8.6,11.4,22.0,7.0,5.5,0.0,7,1
TM,TEAM_CR,14,698265,20.0,8.6,9.4,10.6,19.4,9.5,5.9,0.0,9,1
TM,ADCS_MODE,MANUAL,ADCS_REFERENCE,SUN,TARGET,0.00,POINTING_ERROR,-42.62,SUN_ERROR,-42.45,MAG_ERROR,154.54,GYRO_Z,-0.311,RW_CMD,0
TM,EST_RAW,42.45,EST_FILTERED,42.45,EST_ANGLE,42.62,EST_FILTER,ON,EST_FILTER_TYPE,MOVING_AVERAGE,EST_MA_WINDOW,1,EST_FILTER_STRENGTH,0.35
TM,EST_FUSION,ON,EST_GYRO_WEIGHT,0.98,EST_VALID,1
TM,TEAM_CR,15,698305,20.0,9.9,10.1,9.9,16.6,12.8,6.3,0.0,13,1
TM,TEAM_CR,16,698345,20.0,10.1,10.6,9.4,13.2,17.8,6.7,0.0,17,1
TM,TEAM_CR,17,698385,20.0,11.0,11.1,8.9,11.0,20.8,7.1,0.0,20,1
TM,TEAM_CR,18,698425,20.0,11.8,11.5,8.5,9.0,23.4,7.4,0.0,23,1
TM,TEAM_CR,19,698465,20.0,12.1,11.8,8.2,8.2,24.1,7.8,0.0,24,1
TM,TEAM_CR,20,698505,20.0,12.4,12.1,7.9,7.9,23.7,8.1,0.0,24,1
TM,SUN_L,3520,SUN_R,2926,SUN_NDV,0.0922,SUN_ANGLE,42.47
TM,MAG_X,-5.97,MAG_Y,-2.75,MAG_Z,-19.01,MAG_HEADING,204.76
TM,GYRO_X,-0.971,GYRO_Y,-2.074,GYRO_Z,-0.258,BODY_RATE,0.258
TM,TEAM_CR,21,698551,20.0,12.7,12.5,7.5,7.9,22.6,8.4,0.0,23,1
TM,TEAM_CR,22,698591,20.0,12.9,12.9,7.1,8.8,19.6,8.7,0.0,21,1
TM,TEAM_CR,23,698631,20.0,13.4,13.3,6.7,10.2,15.4,8.9,0.0,15,1
TM,TEAM_CR,24,698671,20.0,13.7,13.7,6.3,9.7,15.1,9.2,0.0,15,1
TM,TEAM_CR,25,698725,20.0,14.1,14.2,5.8,10.1,12.4,9.4,0.0,12,1
TM,TEAM_CR,26,698765,20.0,14.5,14.6,5.4,9.1,13.2,9.7,0.0,13,1
TM,TEAM_CR,27,698805,20.0,14.9,14.9,5.1,9.3,11.6,9.9,0.0,12,1
TM,TEAM_CR,28,698845,20.0,15.0,15.3,4.7,8.6,11.8,10.1,0.0,12,1
TM,TEAM_CR,29,698885,20.0,15.3,15.5,4.5,5.8,16.6,10.2,0.0,16,1
TM,TEAM_CR,30,698925,20.0,15.7,15.7,4.3,4.6,18.5,10.4,0.0,18,1
TM,TEAM_CR,31,698965,20.0,15.9,15.8,4.2,2.3,22.8,10.6,0.0,23,1
TM,TEAM_CR,32,699005,20.0,15.8,15.8,4.2,0.2,27.1,10.7,0.0,27,1
TM,TEAM_CR,33,699053,20.0,15.9,15.9,4.1,1.5,24.4,10.9,0.0,24,1
TM,TEAM_CR,34,699106,20.0,15.9,16.1,3.9,3.3,20.2,11.1,0.0,21,1
TM,TEAM_CR,35,699146,20.0,15.8,16.2,3.8,2.9,20.7,11.2,0.0,21,1
TM,TEAM_CR,36,699186,20.0,16.0,16.2,3.8,1.9,22.5,11.4,0.0,23,1
TM,TEAM_CR,37,699226,20.0,16.1,16.3,3.7,2.4,21.4,11.5,0.0,21,1
TM,ADCS_MODE,MANUAL,ADCS_REFERENCE,SUN,TARGET,0.00,POINTING_ERROR,-42.61,SUN_ERROR,-42.45,MAG_ERROR,155.26,GYRO_Z,-0.188,RW_CMD,0
TM,EST_RAW,42.45,EST_FILTERED,42.45,EST_ANGLE,42.61,EST_FILTER,ON,EST_FILTER_TYPE,MOVING_AVERAGE,EST_MA_WINDOW,1,EST_FILTER_STRENGTH,0.35
TM,EST_FUSION,ON,EST_GYRO_WEIGHT,0.98,EST_VALID,1
TM,TEAM_CR,38,699266,20.0,16.3,16.4,3.6,3.1,19.8,11.7,0.0,20,1
TM,SUN_L,3518,SUN_R,2923,SUN_NDV,0.0924,SUN_ANGLE,42.42
TM,MAG_X,-6.11,MAG_Y,-2.82,MAG_Z,-18.69,MAG_HEADING,204.74
TM,GYRO_X,-1.207,GYRO_Y,-1.951,GYRO_Z,-0.066,BODY_RATE,0.066
TM,TEAM_CR,39,699306,20.0,16.3,16.6,3.4,4.9,15.6,11.8,0.0,17,1
TM,TEAM_CR,40,699346,20.0,16.3,16.8,3.2,5.7,13.3,11.9,0.0,14,1
TM,TEAM_CR,41,699386,20.0,17.1,17.0,3.0,5.7,12.5,12.1,0.0,13,1
TM,TEAM_CR,42,699426,20.0,17.6,17.2,2.8,5.1,13.1,12.2,0.0,13,1
TM,TEAM_CR,43,699467,20.0,17.4,17.4,2.6,4.3,14.1,12.3,0.0,14,1
TM,TEAM_CR,44,699506,20.0,17.5,17.6,2.4,4.4,13.2,12.4,0.0,13,1
TM,TEAM_CR,45,699553,20.0,17.9,17.8,2.2,5.5,10.0,12.5,0.0,10,1
TM,TEAM_CR,46,699593,20.0,18.3,18.1,1.9,5.7,8.9,12.5,0.0,9,1
TM,TEAM_CR,47,699634,20.0,18.4,18.3,1.7,5.4,8.6,12.6,0.0,9,1
TM,TEAM_CR,48,699673,20.0,18.6,18.5,1.5,4.6,9.4,12.7,0.0,9,1
TM,TEAM_CR,49,699725,20.0,18.8,18.7,1.3,4.9,8.0,12.7,0.0,8,1
TM,TEAM_CR,50,699765,20.0,19.0,19.0,1.0,5.3,6.4,12.8,0.0,6,1
TM,TEAM_CR,51,699805,20.0,19.5,19.2,0.8,5.7,4.7,12.8,0.0,5,1
TM,TEAM_CR,52,699845,20.0,19.4,19.4,0.6,5.3,4.6,12.8,0.0,5,1
TM,TEAM_CR,53,699886,20.0,19.7,19.6,0.4,3.3,12.8,12.8,0.0,8,1
TM,TEAM_CR,54,699925,20.0,19.9,19.7,0.3,2.4,12.8,12.8,0.0,13,1
TM,TEAM_CR,55,699965,20.0,19.8,19.8,0.2,2.3,12.8,12.8,0.0,13,1
TM,TEAM_CR,56,700005,20.0,20.0,19.9,0.1,3.4,12.8,12.8,0.0,13,1
TM,TEAM_CR,57,700052,20.0,20.0,20.0,0.0,2.8,12.8,12.8,0.0,13,1
TM,SUN_L,3519,SUN_R,2925,SUN_NDV,0.0922,SUN_ANGLE,42.45
TM,MAG_X,-6.06,MAG_Y,-2.82,MAG_Z,-18.86,MAG_HEADING,204.91
TM,GYRO_X,-0.989,GYRO_Y,-2.249,GYRO_Z,-0.354,BODY_RATE,0.354
TM,TEAM_CR,58,700104,20.0,20.3,20.2,-0.2,1.8,12.8,12.8,0.0,13,1
TM,TEAM_CR,59,700144,20.0,19.9,20.2,-0.2,0.1,12.8,12.8,0.0,13,1
TM,ADCS_MODE,MANUAL,ADCS_REFERENCE,SUN,TARGET,0.00,POINTING_ERROR,-42.60,SUN_ERROR,-42.45,MAG_ERROR,155.53,GYRO_Z,0.057,RW_CMD,0
TM,EST_RAW,42.45,EST_FILTERED,42.45,EST_ANGLE,42.60,EST_FILTER,ON,EST_FILTER_TYPE,MOVING_AVERAGE,EST_MA_WINDOW,1,EST_FILTER_STRENGTH,0.35
TM,EST_FUSION,ON,EST_GYRO_WEIGHT,0.98,EST_VALID,1
TM,TEAM_CR,60,700188,20.0,20.1,20.2,-0.2,0.2,12.8,12.8,0.0,13,3
TM,TEAM_CR,61,700224,20.0,20.2,20.2,-0.2,0.7,12.8,12.8,0.0,13,3
TM,TEAM_CR,62,700265,20.0,19.9,20.2,-0.2,0.8,12.8,12.8,0.0,13,3
TM,TEAM_CR,63,700306,20.0,19.9,20.2,-0.2,0.6,12.8,12.8,0.0,13,3
TM,TEAM_CR,64,700346,20.0,20.0,20.2,-0.2,-0.1,12.8,12.8,0.0,13,3
TM,TEAM_CR,65,700385,20.0,20.0,20.2,-0.2,0.3,12.8,12.8,0.0,13,3
TM,TEAM_CR,66,700425,20.0,19.9,20.2,-0.2,-0.6,12.8,12.8,0.0,13,3
TM,TEAM_CR,67,700465,20.0,20.2,20.2,-0.2,-0.1,12.8,12.8,0.0,13,3
TM,TEAM_CR,68,700505,20.0,20.1,20.2,-0.2,1.4,12.8,12.8,0.0,13,3
TM,TEAM_CR,69,700553,20.0,20.2,20.3,-0.3,1.2,12.8,12.8,0.0,13,3
TM,TEAM_CR,70,700593,20.0,20.2,20.3,-0.3,0.5,12.8,12.8,0.0,13,3
TM,TEAM_CR,71,700633,20.0,20.1,20.3,-0.3,0.9,12.8,12.8,0.0,13,3
TM,TEAM_CR,72,700673,20.0,20.1,20.4,-0.4,2.1,12.8,12.8,0.0,13,3
TM,TEAM_CR,73,700725,20.0,20.1,20.5,-0.5,3.1,12.8,12.8,0.0,13,3
TM,TEAM_CR,74,700766,20.0,20.4,20.7,-0.7,3.9,12.8,12.8,0.0,13,3
TM,TEAM_CR,75,700805,20.0,20.4,20.8,-0.8,3.5,12.8,12.8,0.0,13,3
TM,TEAM_CR,76,700845,20.0,20.6,20.9,-0.9,3.5,12.8,12.8,0.0,13,3
TM,SUN_L,3519,SUN_R,2925,SUN_NDV,0.0922,SUN_ANGLE,42.39
TM,MAG_X,-6.08,MAG_Y,-2.80,MAG_Z,-18.74,MAG_HEADING,204.73
TM,GYRO_X,-0.831,GYRO_Y,-2.275,GYRO_Z,-0.223,BODY_RATE,0.223
TM,TEAM_CR,77,700885,20.0,20.4,21.0,-1.0,4.1,12.8,12.8,0.0,13,3
TM,TEAM_CR,78,700925,20.0,20.7,21.2,-1.2,5.2,12.8,12.8,0.0,13,3
TM,TEAM_CR,79,700965,20.0,20.8,21.4,-1.4,5.9,12.8,12.8,0.0,13,3
TM,TEAM_CR,80,701005,20.0,20.9,21.6,-1.6,6.6,2.9,12.8,0.0,3,3
TM,TEAM_CR,81,701052,20.0,21.2,21.9,-1.9,5.7,3.3,12.8,0.0,3,3
TM,TEAM_CR,82,701105,20.0,21.6,22.1,-2.1,4.7,3.8,12.7,0.0,4,3
TM,ADCS_MODE,MANUAL,ADCS_REFERENCE,SUN,TARGET,0.00,POINTING_ERROR,-42.59,SUN_ERROR,-42.44,MAG_ERROR,155.27,GYRO_Z,-0.127,RW_CMD,0
TM,EST_RAW,42.44,EST_FILTERED,42.44,EST_ANGLE,42.59,EST_FILTER,ON,EST_FILTER_TYPE,MOVING_AVERAGE,EST_MA_WINDOW,1,EST_FILTER_STRENGTH,0.35
TM,EST_FUSION,ON,EST_GYRO_WEIGHT,0.98,EST_VALID,1
TM,TEAM_CR,83,701146,20.0,21.6,22.3,-2.3,4.5,3.6,12.7,0.0,4,3
TM,TEAM_CR,84,701185,20.0,21.7,22.4,-2.4,3.7,4.1,12.6,0.0,4,3
TM,TEAM_CR,85,701225,20.0,21.8,22.5,-2.5,1.5,6.1,12.6,0.0,6,3
TM,TEAM_CR,86,701265,20.0,21.9,22.5,-2.5,-0.1,7.8,12.5,0.0,8,3
TM,TEAM_CR,87,701306,20.0,22.0,22.4,-2.4,0.3,7.3,12.5,0.0,7,3
TM,TEAM_CR,88,701346,20.0,22.0,22.4,-2.4,0.7,6.9,12.4,0.0,7,3
TM,TEAM_CR,89,701386,20.0,21.9,22.4,-2.4,0.3,7.2,12.4,0.0,7,3
TM,TEAM_CR,90,701426,20.0,22.0,22.4,-2.4,0.1,7.4,12.3,0.0,7,3
TM,TEAM_CR,91,701466,20.0,22.0,22.4,-2.4,-0.2,7.7,12.3,0.0,8,3
TM,TEAM_CR,92,701506,20.0,21.9,22.4,-2.4,-0.6,8.1,12.2,0.0,8,3
TM,TEAM_CR,93,701552,20.0,21.8,22.3,-2.3,-1.0,8.6,12.2,0.0,9,3
TM,TEAM_CR,94,701592,20.0,21.8,22.3,-2.3,0.4,7.3,12.2,0.0,7,3
TM,SUN_L,3521,SUN_R,2925,SUN_NDV,0.0925,SUN_ANGLE,42.52
TM,MAG_X,-6.11,MAG_Y,-2.74,MAG_Z,-18.64,MAG_HEADING,204.12
TM,GYRO_X,-1.059,GYRO_Y,-2.039,GYRO_Z,-0.179,BODY_RATE,0.179
TM,TEAM_CR,95,701632,20.0,21.7,22.3,-2.3,0.6,7.0,12.1,0.0,7,3
TM,TEAM_CR,96,701672,20.0,21.7,22.3,-2.3,0.5,7.0,12.1,0.0,7,3
TM,TEAM_CR,97,701725,20.0,21.7,22.2,-2.2,-0.6,8.2,12.0,0.0,8,3
TM,TEAM_CR,98,701765,20.0,21.7,22.2,-2.2,-0.4,8.0,12.0,0.0,8,3
TM,TEAM_CR,99,701805,20.0,21.7,22.2,-2.2,-0.3,8.0,11.9,0.0,8,3
TM,TEAM_CR,100,701845,20.0,21.7,22.1,-2.1,-1.7,9.4,11.9,0.0,9,3
TM,TEAM_CR,101,701885,20.0,21.7,22.0,-2.0,-0.3,8.0,11.9,0.0,9,3
TM,TEAM_CR,102,701925,20.0,21.6,22.0,-2.0,1.0,6.7,11.8,0.0,7,3
TM,TEAM_CR,103,701965,20.0,21.7,22.1,-2.1,0.6,7.1,11.8,0.0,7,3
TM,TEAM_CR,104,702005,20.0,21.6,22.1,-2.1,0.1,7.5,11.7,0.0,8,3
TM,TEAM_CR,105,702052,20.0,21.6,22.0,-2.0,-0.1,7.7,11.7,0.0,8,3
TM,ADCS_MODE,MANUAL,ADCS_REFERENCE,SUN,TARGET,0.00,POINTING_ERROR,-42.58,SUN_ERROR,-42.47,MAG_ERROR,155.16,GYRO_Z,-0.319,RW_CMD,0
TM,EST_RAW,42.47,EST_FILTERED,42.47,EST_ANGLE,42.58,EST_FILTER,ON,EST_FILTER_TYPE,MOVING_AVERAGE,EST_MA_WINDOW,1,EST_FILTER_STRENGTH,0.35
TM,EST_FUSION,ON,EST_GYRO_WEIGHT,0.98,EST_VALID,1
TM,TEAM_CR,106,702105,20.0,21.7,22.0,-2.0,0.3,7.3,11.6,0.0,7,3
TM,TEAM_CR,107,702145,20.0,21.6,22.0,-2.0,0.9,6.6,11.6,0.0,7,3
TM,TEAM_CR,108,702185,20.0,21.6,22.1,-2.1,1.5,5.9,11.6,0.0,6,3
TM,TEAM_CR,109,702225,20.0,21.9,22.1,-2.1,1.8,5.4,11.5,0.0,5,3
TM,TEAM_CR,110,702265,20.0,21.8,22.2,-2.2,1.0,6.1,11.5,0.0,6,3
TM,TEAM_CR,111,702305,20.0,22.0,22.2,-2.2,-0.2,7.3,11.4,0.0,7,3
TM,TEAM_CR,112,702345,20.0,21.8,22.1,-2.1,-0.5,7.6,11.4,0.0,8,3
TM,SUN_L,3518,SUN_R,2926,SUN_NDV,0.0919,SUN_ANGLE,42.41
TM,MAG_X,-6.05,MAG_Y,-2.80,MAG_Z,-18.85,MAG_HEADING,204.84
TM,GYRO_X,-1.295,GYRO_Y,-2.362,GYRO_Z,-0.302,BODY_RATE,0.302
TM,TEAM_CR,113,702385,20.0,21.8,22.1,-2.1,-0.7,7.8,11.4,0.0,8,3
TM,TEAM_CR,114,702425,20.0,21.9,22.1,-2.1,0.1,7.0,11.3,0.0,7,3
TM,TEAM_CR,115,702466,20.0,21.9,22.1,-2.1,0.6,6.5,11.3,0.0,6,3
TM,TEAM_CR,116,702505,20.0,22.0,22.1,-2.1,0.6,6.4,11.2,0.0,6,3
TM,TEAM_CR,117,702553,20.0,21.9,22.1,-2.1,0.2,6.7,11.2,0.0,7,3
TM,TEAM_CR,118,702593,20.0,21.9,22.1,-2.1,0.5,6.4,11.1,0.0,6,3
TM,TEAM_CR,119,702633,20.0,22.0,22.1,-2.1,0.1,6.7,11.1,0.0,7,3
TM,TEAM_CR,120,702673,20.0,21.8,22.1,-2.1,0.1,6.6,11.1,0.0,7,3
TM,TEAM_CR,121,702725,20.0,21.8,22.1,-2.1,0.6,6.1,11.0,0.0,6,3
TM,TEAM_CR,122,702765,20.0,21.8,22.1,-2.1,0.3,6.4,11.0,0.0,6,3
TM,TEAM_CR,123,702805,20.0,22.0,22.2,-2.2,0.5,6.2,10.9,0.0,6,3
TM,TEAM_CR,124,702845,20.0,21.9,22.2,-2.2,0.5,6.0,10.9,0.0,6,3
TM,TEAM_CR,125,702885,20.0,21.8,22.2,-2.2,0.3,6.2,10.8,0.0,6,3
TM,TEAM_CR,126,702925,20.0,21.9,22.2,-2.2,-0.1,6.6,10.8,0.0,7,3
TM,TEAM_CR,127,702965,20.0,21.8,22.1,-2.1,-0.3,6.8,10.8,0.0,7,3
TM,TEAM_CR,128,703005,20.0,21.8,22.1,-2.1,-1.0,7.5,10.7,0.0,8,3
TM,ADCS_MODE,MANUAL,ADCS_REFERENCE,SUN,TARGET,0.00,POINTING_ERROR,-42.59,SUN_ERROR,-42.45,MAG_ERROR,154.65,GYRO_Z,-0.118,RW_CMD,0
TM,EST_RAW,42.45,EST_FILTERED,42.45,EST_ANGLE,42.59,EST_FILTER,ON,EST_FILTER_TYPE,MOVING_AVERAGE,EST_MA_WINDOW,1,EST_FILTER_STRENGTH,0.35
TM,EST_FUSION,ON,EST_GYRO_WEIGHT,0.98,EST_VALID,1
TM,TEAM_CR,129,703053,20.0,21.8,22.1,-2.1,-0.6,7.2,10.7,0.0,7,3
TM,TEAM_CR,130,703105,20.0,21.8,22.1,-2.1,0.4,6.1,10.6,0.0,6,3
TM,SUN_L,3518,SUN_R,2926,SUN_NDV,0.0919,SUN_ANGLE,42.41
TM,MAG_X,-6.06,MAG_Y,-2.80,MAG_Z,-18.59,MAG_HEADING,204.78
TM,GYRO_X,-1.173,GYRO_Y,-2.179,GYRO_Z,-0.153,BODY_RATE,0.153
TM,TEAM_CR,131,703145,20.0,21.8,22.1,-2.1,0.8,5.6,10.6,0.0,6,3
TM,TEAM_CR,132,703185,20.0,21.9,22.1,-2.1,0.4,6.0,10.5,0.0,6,3
TM,TEAM_CR,133,703225,20.0,21.9,22.1,-2.1,-0.2,6.5,10.5,0.0,7,3
TM,TEAM_CR,134,703265,20.0,21.9,22.1,-2.1,0.0,6.3,10.5,0.0,6,3
TM,TEAM_CR,135,703305,20.0,21.9,22.0,-2.0,-0.6,6.9,10.4,0.0,7,3
TM,TEAM_CR,136,703346,20.0,21.8,22.0,-2.0,-0.9,7.3,10.4,0.0,7,3
TM,TEAM_CR,137,703386,20.0,21.9,22.0,-2.0,-1.0,7.4,10.3,0.0,7,3
TM,TEAM_CR,138,703425,20.0,21.8,22.0,-2.0,0.3,6.1,10.3,0.0,6,3
TM,TEAM_CR,139,703465,20.0,21.9,22.0,-2.0,0.6,5.8,10.3,0.0,6,3
TM,TEAM_CR,140,703505,20.0,21.9,22.0,-2.0,0.9,5.3,10.2,0.0,5,3
TM,TEAM_CR,141,703553,20.0,22.0,22.1,-2.1,1.1,4.9,10.2,0.0,5,3
TM,TEAM_CR,142,703593,20.0,22.1,22.1,-2.1,0.8,5.2,10.1,0.0,5,3
TM,TEAM_CR,143,703633,20.0,22.3,22.1,-2.1,-0.9,6.8,10.1,0.0,7,3
TM,TEAM_CR,144,703673,20.0,22.1,22.0,-2.0,-0.8,6.7,10.1,0.0,7,3
TM,TEAM_CR,145,703725,20.0,22.3,22.0,-2.0,-0.6,6.6,10.0,0.0,7,3
TM,TEAM_CR,146,703765,20.0,22.3,22.0,-2.0,0.0,6.0,10.0,0.0,6,3
TM,TEAM_CR,147,703805,20.0,22.4,22.0,-2.0,-0.4,6.3,9.9,0.0,6,3
TM,TEAM_CR,148,703846,20.0,22.4,22.0,-2.0,-0.7,6.5,9.9,0.0,7,3
TM,TEAM_CR,149,703885,20.0,22.5,22.0,-2.0,-1.6,7.5,9.9,0.0,7,3
TM,SUN_L,3517,SUN_R,2926,SUN_NDV,0.0917,SUN_ANGLE,42.39
TM,MAG_X,-6.10,MAG_Y,-2.83,MAG_Z,-18.46,MAG_HEADING,204.92
TM,GYRO_X,-0.971,GYRO_Y,-2.161,GYRO_Z,-0.004,BODY_RATE,0.004
TM,TEAM_CR,150,703925,20.0,22.4,21.9,-1.9,-2.5,8.5,9.8,0.0,8,3
TM,ADCS_MODE,MANUAL,ADCS_REFERENCE,SUN,TARGET,0.00,POINTING_ERROR,-42.59,SUN_ERROR,-42.40,MAG_ERROR,155.08,GYRO_Z,-0.118,RW_CMD,0
TM,EST_RAW,42.40,EST_FILTERED,42.40,EST_ANGLE,42.59,EST_FILTER,ON,EST_FILTER_TYPE,MOVING_AVERAGE,EST_MA_WINDOW,1,EST_FILTER_STRENGTH,0.35
TM,EST_FUSION,ON,EST_GYRO_WEIGHT,0.98,EST_VALID,1
TM,TEAM_CR,151,703965,20.0,22.4,21.9,-1.9,-1.9,8.0,9.8,0.0,8,3
TM,TEAM_CR,152,704005,20.0,22.2,21.9,-1.9,0.5,5.5,9.7,0.0,6,3
TM,TEAM_CR,153,704053,20.0,22.5,22.0,-2.0,2.2,3.5,9.7,0.0,4,3
TM,TEAM_CR,154,704104,20.0,22.6,22.1,-2.1,3.0,2.4,9.7,0.0,2,3
TM,TEAM_CR,155,704144,20.0,22.7,22.3,-2.3,3.2,1.9,9.6,0.0,2,3
TM,TEAM_CR,156,704185,20.0,22.9,22.4,-2.4,2.3,2.4,9.6,0.0,2,3
TM,TEAM_CR,157,704225,20.0,22.9,22.4,-2.4,0.0,4.6,9.5,0.0,5,3
TM,TEAM_CR,158,704264,20.0,22.8,22.4,-2.4,-1.3,5.9,9.5,0.0,6,3
TM,TEAM_CR,159,704305,20.0,22.7,22.4,-2.4,-1.6,6.3,9.4,0.0,6,3
TM,TEAM_CR,160,704345,20.0,22.7,22.3,-2.3,-0.7,5.4,9.4,0.0,5,3
TM,TEAM_CR,161,704385,20.0,22.5,22.4,-2.4,0.1,4.5,9.3,0.0,5,3
TM,TEAM_CR,162,704425,20.0,22.7,22.4,-2.4,0.5,4.0,9.3,0.0,4,3
TM,TEAM_CR,163,704465,20.0,22.7,22.4,-2.4,-0.2,4.7,9.2,0.0,5,3
TM,TEAM_CR,164,704505,20.0,22.7,22.4,-2.4,-0.4,4.8,9.2,0.0,5,3
TM,TEAM_CR,165,704553,20.0,23.0,22.4,-2.4,-0.5,4.9,9.1,0.0,5,3
TM,TEAM_CR,166,704593,20.0,22.7,22.4,-2.4,-0.4,4.7,9.1,0.0,5,3
TM,TEAM_CR,167,704633,20.0,22.7,22.4,-2.4,0.5,3.7,9.0,0.0,4,3
TM,SUN_L,3519,SUN_R,2927,SUN_NDV,0.0918,SUN_ANGLE,42.41
TM,MAG_X,-6.06,MAG_Y,-2.80,MAG_Z,-18.61,MAG_HEADING,204.78
TM,GYRO_X,-1.059,GYRO_Y,-2.266,GYRO_Z,-0.232,BODY_RATE,0.232
TM,TEAM_CR,168,704673,20.0,22.7,22.5,-2.5,1.2,2.8,9.0,0.0,3,3
TM,TEAM_CR,169,704725,20.0,22.8,22.6,-2.6,2.0,1.8,8.9,0.0,2,3
TM,TEAM_CR,170,704765,20.0,22.8,22.7,-2.7,2.0,1.6,8.9,0.0,2,3
TM,TEAM_CR,171,704805,20.0,22.9,22.7,-2.7,1.6,1.8,8.8,0.0,2,3
TM,TEAM_CR,172,704845,20.0,23.1,22.8,-2.8,0.4,2.8,8.8,0.0,3,3
TM,TEAM_CR,173,704885,20.0,23.0,22.8,-2.8,0.2,3.0,8.7,0.0,3,3
TM,ADCS_MODE,MANUAL,ADCS_REFERENCE,SUN,TARGET,0.00,POINTING_ERROR,-42.60,SUN_ERROR,-42.40,MAG_ERROR,155.27,GYRO_Z,-0.092,RW_CMD,0
TM,EST_RAW,42.40,EST_FILTERED,42.40,EST_ANGLE,42.60,EST_FILTER,ON,EST_FILTER_TYPE,MOVING_AVERAGE,EST_MA_WINDOW,1,EST_FILTER_STRENGTH,0.35
TM,EST_FUSION,ON,EST_GYRO_WEIGHT,0.98,EST_VALID,1
TM,TEAM_CR,174,704925,20.0,23.0,22.8,-2.8,0.3,2.8,8.7,0.0,3,3
TM,TEAM_CR,175,704965,20.0,22.9,22.8,-2.8,-0.1,3.1,8.6,0.0,3,3
TM,TEAM_CR,176,705005,20.0,22.9,22.8,-2.8,0.2,2.7,8.6,0.0,3,3
TM,TEAM_CR,177,705052,20.0,22.9,22.8,-2.8,0.4,2.4,8.5,0.0,2,3
TM,TEAM_CR,178,705105,20.0,23.0,22.9,-2.9,0.2,2.5,8.4,0.0,2,3
TM,TEAM_CR,179,705146,20.0,22.7,22.9,-2.9,0.3,2.3,8.4,0.0,2,3
TM,TEAM_CR,180,705185,20.0,22.9,22.9,-2.9,0.2,2.4,8.3,0.0,2,3
TM,TEAM_CR,181,705225,20.0,23.0,22.9,-2.9,0.2,2.3,8.3,0.0,2,3
TM,TEAM_CR,182,705265,20.0,23.1,22.9,-2.9,0.2,2.2,8.2,0.0,2,3
TM,TEAM_CR,183,705305,20.0,23.0,22.9,-2.9,0.4,1.9,8.2,0.0,2,3
TM,TEAM_CR,184,705345,20.0,23.0,22.9,-2.9,0.2,2.0,8.1,0.0,2,3
TM,TEAM_CR,185,705385,20.0,23.2,22.9,-2.9,0.2,2.0,8.0,0.0,2,3
TM,SUN_L,3516,SUN_R,2926,SUN_NDV,0.0916,SUN_ANGLE,42.46
TM,MAG_X,-6.08,MAG_Y,-2.80,MAG_Z,-18.62,MAG_HEADING,204.73
TM,GYRO_X,-0.849,GYRO_Y,-2.328,GYRO_Z,-0.188,BODY_RATE,0.188
TM,TEAM_CR,186,705426,20.0,23.0,23.0,-3.0,0.2,1.8,8.0,0.0,2,3
TM,TEAM_CR,187,705467,-20.0,23.0,23.0,-43.0,0.0,-164.8,7.1,0.0,-10,17
TM,TEAM_CR,188,705507,-20.0,23.1,23.0,-43.0,-0.1,-164.5,7.1,0.0,-30,17
TM,TEAM_CR,189,705553,-20.0,23.0,22.9,-42.9,-2.3,-159.8,7.1,0.0,-53,17
TM,TEAM_CR,190,705593,-20.0,22.7,22.7,-42.7,-6.8,-150.0,7.1,0.0,-60,17
TM,TEAM_CR,191,705633,-20.0,22.6,22.3,-42.3,-12.0,-137.8,7.1,0.0,-60,17
TM,TEAM_CR,192,705673,-20.0,22.3,21.8,-41.8,-13.5,-132.9,7.1,0.0,-60,17
TM,TEAM_CR,193,705725,-20.0,21.9,21.0,-41.0,-16.3,-124.2,7.1,0.0,-60,17
TM,TEAM_CR,194,705765,-20.0,21.3,20.3,-40.3,-18.7,-116.7,7.1,0.0,-60,17
TM,TEAM_CR,195,705805,-20.0,20.4,19.5,-39.5,-20.5,-110.0,7.1,0.0,-60,17
TM,TEAM_CR,196,705845,-20.0,19.6,18.8,-38.8,-19.9,-108.1,7.1,0.0,-60,17
TM,ADCS_MODE,MANUAL,ADCS_REFERENCE,SUN,TARGET,0.00,POINTING_ERROR,-42.60,SUN_ERROR,-42.42,MAG_ERROR,155.63,GYRO_Z,0.083,RW_CMD,0
TM,EST_RAW,42.42,EST_FILTERED,42.42,EST_ANGLE,42.60,EST_FILTER,ON,EST_FILTER_TYPE,MOVING_AVERAGE,EST_MA_WINDOW,1,EST_FILTER_STRENGTH,0.35
TM,EST_FUSION,ON,EST_GYRO_WEIGHT,0.98,EST_VALID,1
TM,TEAM_CR,197,705885,-20.0,18.9,17.9,-37.9,-21.8,-101.0,7.1,0.0,-60,17
TM,TEAM_CR,198,705925,-20.0,18.1,17.0,-37.0,-25.1,-90.6,7.1,0.0,-60,17
TM,TEAM_CR,199,705965,-20.0,16.9,15.9,-35.9,-28.8,-78.9,7.1,0.0,-60,17
TM,TEAM_CR,200,706005,-20.0,15.1,14.7,-34.7,-31.9,-67.9,7.1,0.0,-60,17
TM,TEAM_CR,201,706053,-20.0,13.7,13.1,-33.1,-33.3,-58.9,7.1,0.0,-59,1
TM,TEAM_CR,202,706105,-20.0,12.3,11.4,-31.4,-33.8,-52.2,5.8,0.0,-55,1
TM,TEAM_CR,203,706145,-20.0,11.2,10.1,-30.1,-35.3,-45.0,4.6,0.0,-47,1
TM,SUN_L,3518,SUN_R,2927,SUN_NDV,0.0917,SUN_ANGLE,42.40
TM,MAG_X,-5.98,MAG_Y,-2.64,MAG_Z,-19.07,MAG_HEADING,203.81
TM,GYRO_X,-0.866,GYRO_Y,-2.310,GYRO_Z,-0.092,BODY_RATE,0.092
TM,TEAM_CR,204,706185,-20.0,8.9,8.7,-28.7,-35.9,-39.5,3.5,0.0,-42,1
TM,TEAM_CR,205,706225,-20.0,6.8,7.2,-27.2,-38.3,-29.7,2.4,0.0,-34,1
TM,TEAM_CR,206,706265,-20.0,5.0,5.6,-25.6,-39.0,-22.9,1.3,0.0,-25,1
TM,TEAM_CR,207,706305,-20.0,3.2,4.0,-24.0,-39.6,-16.4,0.3,0.0,-19,1
TM,TEAM_CR,208,706345,-20.0,1.7,2.4,-22.4,-38.1,-14.0,-0.6,0.0,-14,1
TM,TEAM_CR,209,706386,-20.0,0.8,0.9,-20.9,-37.2,-10.6,-1.4,0.0,-11,1
TM,TEAM_CR,210,706426,-20.0,-0.5,-0.6,-19.4,-36.5,-6.9,-2.2,0.0,-8,1
TM,TEAM_CR,211,706465,-20.0,-1.5,-1.9,-18.1,-33.4,-8.5,-2.9,0.0,-9,1
TM,TEAM_CR,212,706506,-20.0,-3.0,-3.2,-16.8,-31.3,-8.1,-3.6,0.0,-8,1
TM,TEAM_CR,213,706554,-20.0,-4.7,-4.6,-15.4,-29.9,-6.0,-4.3,0.0,-6,1
TM,TEAM_CR,214,706594,-20.0,-5.9,-5.8,-14.2,-26.7,-8.5,-4.8,0.0,-8,1
TM,TEAM_CR,215,706633,-20.0,-7.9,-6.8,-13.2,-25.4,-7.3,-5.4,0.0,-7,1
TM,TEAM_CR,216,706673,-20.0,-9.6,-7.9,-12.1,-23.1,-8.2,-5.9,0.0,-8,1
TM,TEAM_CR,217,706724,-20.0,-11.6,-9.0,-11.0,-20.2,-9.8,-6.3,0.0,-10,1
TM,TEAM_CR,218,706764,-20.0,-12.6,-9.8,-10.2,-14.4,-19.0,-6.7,0.0,-16,1
TM,TEAM_CR,219,706804,-20.0,-12.9,-10.4,-9.6,-12.6,-20.5,-7.1,0.0,-21,1
TM,ADCS_MODE,MANUAL,ADCS_REFERENCE,SUN,TARGET,0.00,POINTING_ERROR,-42.59,SUN_ERROR,-42.39,MAG_ERROR,155.58,GYRO_Z,-0.276,RW_CMD,0
TM,EST_RAW,42.39,EST_FILTERED,42.39,EST_ANGLE,42.59,EST_FILTER,ON,EST_FILTER_TYPE,MOVING_AVERAGE,EST_MA_WINDOW,1,EST_FILTER_STRENGTH,0.35
TM,EST_FUSION,ON,EST_GYRO_WEIGHT,0.98,EST_VALID,1
TM,TEAM_CR,220,706845,-20.0,-13.7,-11.0,-9.0,-12.5,-18.5,-7.5,0.0,-19,1
TM,TEAM_CR,221,706884,-20.0,-13.9,-11.5,-8.5,-10.1,-21.7,-7.8,0.0,-22,1
TM,SUN_L,3518,SUN_R,2927,SUN_NDV,0.0917,SUN_ANGLE,42.44
TM,MAG_X,-6.10,MAG_Y,-2.77,MAG_Z,-18.54,MAG_HEADING,204.42
TM,GYRO_X,-0.831,GYRO_Y,-2.170,GYRO_Z,-0.118,BODY_RATE,0.118
TM,TEAM_CR,222,706925,-20.0,-14.4,-11.9,-8.1,-7.3,-26.0,-8.2,0.0,-26,1
TM,TEAM_CR,223,706965,-20.0,-14.9,-12.3,-7.7,-8.1,-22.9,-8.5,0.0,-24,1
TM,TEAM_CR,224,707005,-20.0,-15.1,-12.8,-7.2,-7.8,-22.1,-8.8,0.0,-22,1
TM,TEAM_CR,225,707052,-20.0,-15.8,-13.2,-6.8,-7.9,-20.2,-9.0,0.0,-20,1
TM,TEAM_CR,226,707105,-20.0,-16.6,-13.8,-6.2,-9.5,-15.2,-9.3,0.0,-19,1
TM,TEAM_CR,227,707145,-20.0,-17.1,-14.3,-5.7,-9.5,-13.4,-9.5,0.0,-13,1
TM,TEAM_CR,228,707185,-20.0,-17.5,-14.8,-5.2,-8.8,-13.1,-9.7,0.0,-13,1
TM,TEAM_CR,229,707226,-20.0,-18.0,-15.2,-4.8,-9.4,-10.1,-9.9,0.0,-10,1
TM,TEAM_CR,230,707266,-20.0,-18.3,-15.7,-4.3,-8.3,-10.8,-10.1,0.0,-11,1
TM,TEAM_CR,231,707305,-20.0,-18.4,-16.1,-3.9,-6.8,-12.4,-10.3,0.0,-12,1
TM,TEAM_CR,232,707345,-20.0,-18.7,-16.4,-3.6,-6.5,-11.6,-10.4,0.0,-12,1
TM,TEAM_CR,233,707385,-20.0,-18.9,-16.8,-3.2,-7.0,-9.4,-10.6,0.0,-9,1
TM,TEAM_CR,234,707425,-20.0,-19.3,-17.1,-2.9,-5.2,-11.9,-10.7,0.0,-12,1
TM,TEAM_CR,235,707465,-20.0,-19.6,-17.4,-2.6,-4.8,-11.6,-10.8,0.0,-12,1
TM,TEAM_CR,236,707505,-20.0,-19.9,-17.6,-2.4,-2.9,-14.5,-10.9,0.0,-15,1
TM,TEAM_CR,237,707553,-20.0,-19.8,-17.7,-2.3,1.0,-22.2,-11.0,0.0,-21,1
TM,TEAM_CR,238,707593,-20.0,-19.9,-17.7,-2.3,1.6,-23.4,-11.1,0.0,-23,1
TM,TEAM_CR,239,707633,-20.0,-19.9,-17.8,-2.2,0.0,-19.9,-11.2,0.0,-20,1
TM,TEAM_CR,240,707673,-20.0,-19.9,-17.9,-2.1,0.7,-21.1,-11.2,0.0,-21,1
TM,SUN_L,3518,SUN_R,2927,SUN_NDV,0.0917,SUN_ANGLE,42.36
TM,MAG_X,-6.08,MAG_Y,-2.82,MAG_Z,-18.61,MAG_HEADING,204.85
TM,GYRO_X,-1.015,GYRO_Y,-2.257,GYRO_Z,-0.048,BODY_RATE,0.048
TM,TEAM_CR,241,707725,-20.0,-20.0,-17.9,-2.1,1.4,-22.7,-11.3,0.0,-23,1
TM,ADCS_MODE,MANUAL,ADCS_REFERENCE,SUN,TARGET,0.00,POINTING_ERROR,-42.58,SUN_ERROR,-42.45,MAG_ERROR,155.15,GYRO_Z,-0.153,RW_CMD,0
TM,EST_RAW,42.45,EST_FILTERED,42.45,EST_ANGLE,42.58,EST_FILTER,ON,EST_FILTER_TYPE,MOVING_AVERAGE,EST_MA_WINDOW,1,EST_FILTER_STRENGTH,0.35
TM,EST_FUSION,ON,EST_GYRO_WEIGHT,0.98,EST_VALID,1
TM,TEAM_CR,242,707765,-20.0,-20.0,-17.9,-2.1,0.1,-19.9,-11.4,0.0,-20,1
TM,TEAM_CR,243,707805,-20.0,-19.8,-18.0,-2.0,-0.2,-19.0,-11.5,0.0,-19,1
TM,TEAM_CR,244,707845,-20.0,-19.9,-18.1,-1.9,-1.0,-17.0,-11.6,0.0,-17,1
TM,TEAM_CR,245,707885,-20.0,-19.9,-18.3,-1.7,-1.9,-14.7,-11.6,0.0,-15,1
TM,TEAM_CR,246,707925,-20.0,-20.1,-18.4,-1.6,-1.3,-15.4,-11.7,0.0,-15,1
TM,TEAM_CR,247,707965,-20.0,-20.1,-18.5,-1.5,-1.8,-14.1,-11.8,0.0,-14,1
TM,TEAM_CR,248,708005,-20.0,-20.0,-18.7,-1.3,-1.7,-13.9,-11.8,0.0,-14,1
TM,TEAM_CR,249,708052,-20.0,-20.2,-18.8,-1.2,-1.2,-14.3,-11.9,0.0,-14,1
TM,TEAM_CR,250,708106,-20.0,-20.3,-18.9,-1.1,-2.0,-12.2,-11.9,0.0,-12,1
TM,TEAM_CR,251,708145,-20.0,-20.4,-19.0,-1.0,-1.3,-13.1,-11.9,0.0,-13,1
TM,TEAM_CR,252,708185,-20.0,-20.4,-19.1,-0.9,-1.2,-13.1,-12.0,0.0,-13,1
TM,TEAM_CR,253,708225,-20.0,-20.4,-19.2,-0.8,0.0,-15.2,-12.0,0.0,-15,1
TM,TEAM_CR,254,708265,-20.0,-20.5,-19.2,-0.8,2.1,-19.4,-12.0,0.0,-18,1
TM,TEAM_CR,255,708305,-20.0,-20.4,-19.1,-0.9,3.7,-22.9,-12.1,0.0,-23,1
TM,TEAM_CR,256,708345,-20.0,-20.4,-19.1,-0.9,1.6,-19.1,-12.1,0.0,-20,1
TM,TEAM_CR,257,708385,-20.0,-20.2,-19.1,-0.9,1.7,-19.2,-12.2,0.0,-19,1
TM,TEAM_CR,258,708425,-20.0,-20.2,-19.0,-1.0,2.1,-20.3,-12.2,0.0,-20,1
TM,SUN_L,3518,SUN_R,2927,SUN_NDV,0.0917,SUN_ANGLE,42.39
TM,MAG_X,-6.10,MAG_Y,-2.75,MAG_Z,-18.67,MAG_HEADING,204.30
TM,GYRO_X,-1.102,GYRO_Y,-2.161,GYRO_Z,-0.074,BODY_RATE,0.074
TM,TEAM_CR,259,708465,-20.0,-20.1,-19.0,-1.0,1.4,-12.2,-12.2,0.0,-12,3
TM,TEAM_CR,260,708505,-20.0,-20.0,-19.0,-1.0,2.0,-12.2,-12.2,0.0,-12,3
TM,TEAM_CR,261,708552,-20.0,-19.8,-19.0,-1.0,1.3,-12.2,-12.2,0.0,-12,3
TM,TEAM_CR,262,708592,-20.0,-19.9,-19.0,-1.0,0.6,-12.2,-12.2,0.0,-12,3
TM,TEAM_CR,263,708632,-20.0,-19.9,-19.0,-1.0,0.5,-12.2,-12.2,0.0,-12,3
TM,TEAM_CR,264,708673,-20.0,-19.9,-19.0,-1.0,-0.5,-12.2,-12.2,0.0,-12,3
TM,ADCS_MODE,MANUAL,ADCS_REFERENCE,SUN,TARGET,0.00,POINTING_ERROR,-42.57,SUN_ERROR,-42.39,MAG_ERROR,155.70,GYRO_Z,-0.162,RW_CMD,0
TM,EST_RAW,42.39,EST_FILTERED,42.39,EST_ANGLE,42.57,EST_FILTER,ON,EST_FILTER_TYPE,MOVING_AVERAGE,EST_MA_WINDOW,1,EST_FILTER_STRENGTH,0.35
TM,EST_FUSION,ON,EST_GYRO_WEIGHT,0.98,EST_VALID,1
TM,TEAM_CR,265,708725,-20.0,-20.0,-19.1,-0.9,0.1,-12.2,-12.2,0.0,-12,3
TM,TEAM_CR,266,708765,-20.0,-20.0,-19.1,-0.9,0.1,-12.2,-12.2,0.0,-12,3
TM,TEAM_CR,267,708805,-20.0,-19.6,-19.2,-0.8,-0.7,-12.2,-12.2,0.0,-12,3
TM,TEAM_CR,268,708845,-20.0,-20.1,-19.2,-0.8,0.0,-12.2,-12.2,0.0,-12,3
TM,TEAM_CR,269,708885,-20.0,-19.9,-19.2,-0.8,0.2,-12.2,-12.2,0.0,-12,3
TM,TEAM_CR,270,708925,-20.0,-20.0,-19.2,-0.8,0.8,-12.2,-12.2,0.0,-12,3
TM,TEAM_CR,271,708965,-20.0,-20.0,-19.1,-0.9,4.4,-12.2,-12.2,0.0,-12,3
TM,TEAM_CR,272,709005,-20.0,-19.6,-19.0,-1.0,4.1,-12.2,-12.2,0.0,-12,3
TM,TEAM_CR,273,709053,-20.0,-19.3,-18.8,-1.2,4.9,-12.2,-12.2,0.0,-12,3
TM,TEAM_CR,274,709105,-20.0,-19.0,-18.5,-1.5,6.2,-21.4,-12.2,0.0,-14,3
TM,TEAM_CR,275,709145,-20.0,-18.8,-18.3,-1.7,4.3,-19.9,-12.2,0.0,-20,3
TM,TEAM_CR,276,709185,-20.0,-18.8,-18.3,-1.7,1.3,-17.1,-12.3,0.0,-18,3
TM,SUN_L,3519,SUN_R,2927,SUN_NDV,0.0918,SUN_ANGLE,42.38
TM,MAG_X,-5.95,MAG_Y,-2.77,MAG_Z,-18.94,MAG_HEADING,204.94
TM,GYRO_X,-0.822,GYRO_Y,-2.266,GYRO_Z,-0.337,BODY_RATE,0.337
TM,TEAM_CR,277,709225,-20.0,-18.7,-18.3,-1.7,-0.6,-15.1,-12.3,0.0,-15,3
TM,TEAM_CR,278,709265,-20.0,-18.9,-18.4,-1.6,-2.1,-13.4,-12.3,0.0,-13,3
TM,TEAM_CR,279,709305,-20.0,-18.8,-18.5,-1.5,-1.8,-13.6,-12.4,0.0,-14,3
TM,TEAM_CR,280,709345,-20.0,-19.1,-18.6,-1.4,-2.8,-12.4,-12.4,0.0,-12,3
TM,TEAM_CR,281,709386,-20.0,-19.1,-18.7,-1.3,-1.8,-12.4,-12.4,0.0,-12,3
TM,TEAM_CR,282,709425,-20.0,-19.2,-18.8,-1.2,-1.8,-12.4,-12.4,0.0,-12,3
TM,TEAM_CR,283,709469,-20.0,-19.2,-18.9,-1.1,-1.9,-12.4,-12.4,0.0,-12,3
TM,TEAM_CR,284,709509,0.0,-19.4,-19.0,19.0,-0.6,65.1,-12.0,0.0,0,9
TM,TEAM_CR,285,709553,0.0,-19.5,-19.0,19.0,0.7,62.4,-12.0,0.0,22,9
TM,TEAM_CR,286,709593,0.0,-19.0,-18.8,18.8,5.4,52.9,-11.6,0.0,42,1
TM,TEAM_CR,287,709634,0.0,-18.8,-18.3,18.3,15.8,30.8,-10.9,0.0,40,1
TM,ADCS_MODE,MANUAL,ADCS_REFERENCE,SUN,TARGET,0.00,POINTING_ERROR,-42.58,SUN_ERROR,-42.37,MAG_ERROR,155.59,GYRO_Z,-0.258,RW_CMD,0
TM,EST_RAW,42.37,EST_FILTERED,42.37,EST_ANGLE,42.58,EST_FILTER,ON,EST_FILTER_TYPE,MOVING_AVERAGE,EST_MA_WINDOW,1,EST_FILTER_STRENGTH,0.35
TM,EST_FUSION,ON,EST_GYRO_WEIGHT,0.98,EST_VALID,1
TM,TEAM_CR,288,709673,0.0,-18.5,-17.6,17.6,19.3,21.6,-10.2,0.0,24,1
TM,TEAM_CR,289,709726,0.0,-17.4,-16.5,16.5,22.7,11.1,-9.5,0.0,16,1
TM,TEAM_CR,290,709766,0.0,-15.8,-15.5,15.5,27.3,-1.6,-8.9,0.0,4,1
TM,TEAM_CR,291,709806,0.0,-14.6,-14.3,14.3,28.3,-7.5,-8.3,0.0,-8,1
TM,TEAM_CR,292,709846,0.0,-12.8,-13.2,13.2,28.3,-11.5,-7.7,0.0,-11,1
TM,TEAM_CR,293,709886,0.0,-11.6,-12.1,12.1,27.7,-14.4,-7.3,0.0,-14,1
TM,TEAM_CR,294,709927,0.0,-9.9,-11.0,11.0,26.7,-16.3,-6.8,0.0,-16,1
TM,SUN_L,3520,SUN_R,2927,SUN_NDV,0.0920,SUN_ANGLE,42.43
TM,MAG_X,-6.06,MAG_Y,-2.75,MAG_Z,-18.74,MAG_HEADING,204.41
TM,GYRO_X,-1.015,GYRO_Y,-1.986,GYRO_Z,-0.249,BODY_RATE,0.249
TM,TEAM_CR,295,709966,0.0,-9.3,-9.9,9.9,24.5,-15.6,-6.4,0.0,-16,1
TM,TEAM_CR,296,710006,0.0,-7.4,-9.0,9.0,21.9,-14.0,-6.0,0.0,-14,1
TM,TEAM_CR,297,710054,0.0,-4.6,-7.8,7.8,20.8,-16.0,-5.7,0.0,-16,1
TM,TEAM_CR,298,710106,0.0,-4.3,-6.8,6.8,17.6,-13.6,-5.4,0.0,-14,1
TM,TEAM_CR,299,710146,0.0,-3.5,-6.0,6.0,15.7,-12.5,-5.2,0.0,-12,1
TM,TEAM_CR,300,710186,0.0,-3.0,-5.3,5.3,15.4,-14.5,-5.0,0.0,-14,1
TM,TEAM_CR,301,710226,0.0,-2.3,-4.7,4.7,13.5,-13.2,-4.8,0.0,-13,1
TM,TEAM_CR,302,710266,0.0,-1.7,-4.1,4.1,10.9,-9.9,-4.6,0.0,-10,1
TM,TEAM_CR,303,710307,0.0,-1.6,-3.6,3.6,10.5,-11.1,-4.4,0.0,-11,1
TM,TEAM_CR,304,710346,0.0,-1.1,-3.1,3.1,10.2,-12.3,-4.3,0.0,-12,1
TM,TEAM_CR,305,710386,0.0,-0.3,-2.6,2.6,9.2,-12.2,-4.2,0.0,-12,1
TM,TEAM_CR,306,710426,0.0,-0.5,-2.2,2.2,9.0,-13.3,-4.1,0.0,-13,1
TM,TEAM_CR,307,710466,0.0,-0.1,-1.7,1.7,10.4,-17.9,-4.0,0.0,-16,1
TM,TEAM_CR,308,710506,0.0,0.5,-1.2,1.2,10.1,-19.2,-4.0,0.0,-19,1
TM,TEAM_CR,309,710552,0.0,0.7,-0.8,0.8,7.0,-14.7,-3.9,0.0,-16,1
TM,TEAM_CR,310,710592,0.0,0.9,-0.5,0.5,6.5,-3.9,-3.9,0.0,-13,1
TM,ADCS_MODE,MANUAL,ADCS_REFERENCE,SUN,TARGET,0.00,POINTING_ERROR,-42.58,SUN_ERROR,-42.43,MAG_ERROR,155.86,GYRO_Z,-0.127,RW_CMD,0
TM,EST_RAW,42.43,EST_FILTERED,42.43,EST_ANGLE,42.58,EST_FILTER,ON,EST_FILTER_TYPE,MOVING_AVERAGE,EST_MA_WINDOW,1,EST_FILTER_STRENGTH,0.35
TM,EST_FUSION,ON,EST_GYRO_WEIGHT,0.98,EST_VALID,1
TM,TEAM_CR,311,710632,0.0,1.1,-0.1,0.1,7.9,-3.9,-3.9,0.0,-4,1
TM,TEAM_CR,312,710672,0.0,1.3,0.3,-0.3,9.4,-3.9,-3.9,0.0,-4,1
TM,SUN_L,3518,SUN_R,2927,SUN_NDV,0.0917,SUN_ANGLE,42.42
TM,MAG_X,-6.18,MAG_Y,-2.77,MAG_Z,-18.75,MAG_HEADING,204.14
TM,GYRO_X,-0.989,GYRO_Y,-2.476,GYRO_Z,-0.188,BODY_RATE,0.188
TM,TEAM_CR,313,710726,0.0,1.7,0.8,-0.8,9.8,-27.0,-4.0,0.0,-16,1
TM,TEAM_CR,314,710766,0.0,2.2,1.2,-1.2,7.6,-24.0,-4.0,0.0,-24,1
TM,TEAM_CR,315,710806,0.0,2.2,1.4,-1.4,3.7,-17.1,-4.1,0.0,-20,1
TM,TEAM_CR,316,710847,0.0,2.7,1.5,-1.5,1.9,-14.1,-4.1,0.0,-14,1
TM,TEAM_CR,317,710886,0.0,2.5,1.7,-1.7,1.7,-14.2,-4.2,0.0,-14,1
TM,TEAM_CR,318,710926,0.0,2.5,1.7,-1.7,1.1,-13.3,-4.3,0.0,-13,1
TM,TEAM_CR,319,710966,0.0,2.4,1.8,-1.8,0.4,-12.1,-4.3,0.0,-12,1
TM,TEAM_CR,320,711006,0.0,2.5,1.8,-1.8,0.9,-13.5,-4.4,0.0,-13,1
TM,TEAM_CR,321,711052,0.0,2.7,1.9,-1.9,0.2,-12.3,-4.5,0.0,-12,1
TM,TEAM_CR,322,711105,0.0,2.5,1.9,-1.9,0.4,-13.0,-4.5,0.0,-13,1
TM,TEAM_CR,323,711145,0.0,2.5,2.0,-2.0,0.4,-13.3,-4.6,0.0,-13,1
TM,TEAM_CR,324,711185,0.0,2.5,2.0,-2.0,0.4,-13.4,-4.7,0.0,-13,1
TM,TEAM_CR,325,711226,0.0,2.4,2.0,-2.0,0.8,-14.6,-4.8,0.0,-15,1
TM,TEAM_CR,326,711265,0.0,2.7,2.2,-2.2,4.2,-22.1,-4.9,0.0,-19,1
TM,TEAM_CR,327,711306,0.0,2.7,2.4,-2.4,3.5,-21.5,-5.0,0.0,-22,1
TM,TEAM_CR,328,711346,0.0,2.6,2.4,-2.4,1.5,-17.8,-5.1,0.0,-18,1
TM,TEAM_CR,329,711386,0.0,2.8,2.5,-2.5,1.3,-17.7,-5.2,0.0,-18,1
TM,TEAM_CR,330,711426,0.0,2.8,2.6,-2.6,0.9,-17.2,-5.3,0.0,-17,1
TM,TEAM_CR,331,711466,0.0,2.8,2.6,-2.6,0.0,-15.7,-5.4,0.0,-16,1
TM,SUN_L,3518,SUN_R,2925,SUN_NDV,0.0920,SUN_ANGLE,42.36
TM,MAG_X,-6.21,MAG_Y,-2.80,MAG_Z,-18.77,MAG_HEADING,204.28
TM,GYRO_X,-1.138,GYRO_Y,-2.004,GYRO_Z,-0.031,BODY_RATE,0.031
TM,TEAM_CR,332,711506,0.0,2.9,2.6,-2.6,0.1,-15.9,-5.5,0.0,-16,1
TM,ADCS_MODE,MANUAL,ADCS_REFERENCE,SUN,TARGET,0.00,POINTING_ERROR,-42.57,SUN_ERROR,-42.40,MAG_ERROR,155.72,GYRO_Z,-0.302,RW_CMD,0
TM,EST_RAW,42.40,EST_FILTERED,42.40,EST_ANGLE,42.57,EST_FILTER,ON,EST_FILTER_TYPE,MOVING_AVERAGE,EST_MA_WINDOW,1,EST_FILTER_STRENGTH,0.35
TM,EST_FUSION,ON,EST_GYRO_WEIGHT,0.98,EST_VALID,1
TM,TEAM_CR,333,711552,0.0,2.7,2.6,-2.6,0.1,-16.0,-5.6,0.0,-16,1
TM,TEAM_CR,334,711592,0.0,2.7,2.6,-2.6,-0.2,-15.6,-5.7,0.0,-16,1
TM,TEAM_CR,335,711632,0.0,2.5,2.6,-2.6,0.1,-16.4,-5.8,0.0,-16,1
TM,TEAM_CR,336,711672,0.0,2.6,2.6,-2.6,0.2,-16.6,-5.9,0.0,-17,1
TM,TEAM_CR,337,711726,0.0,2.4,2.6,-2.6,0.4,-17.2,-6.0,0.0,-17,1
TM,TEAM_CR,338,711766,0.0,2.5,2.6,-2.6,0.1,-16.6,-6.1,0.0,-17,1
TM,TEAM_CR,339,711806,0.0,2.5,2.6,-2.6,-0.6,-15.3,-6.2,0.0,-15,1
TM,TEAM_CR,340,711846,0.0,2.7,2.6,-2.6,0.3,-17.3,-6.3,0.0,-17,1
TM,TEAM_CR,341,711886,0.0,2.8,2.6,-2.6,0.2,-17.2,-6.4,0.0,-17,1
TM,TEAM_CR,342,711926,0.0,2.8,2.6,-2.6,0.2,-17.3,-6.5,0.0,-17,1
TM,TEAM_CR,343,711966,0.0,2.9,2.7,-2.7,1.2,-19.7,-6.6,0.0,-20,1
TM,TEAM_CR,344,712006,0.0,2.8,2.7,-2.7,1.5,-20.6,-6.7,0.0,-21,1
TM,TEAM_CR,345,712051,0.0,2.9,2.7,-2.7,0.2,-18.2,-6.8,0.0,-18,1
TM,TEAM_CR,346,712091,0.0,2.8,2.8,-2.8,0.7,-19.4,-6.9,0.0,-19,1
TM,TEAM_CR,347,712131,0.0,2.9,2.8,-2.8,0.2,-18.7,-7.1,0.0,-19,1
TM,TEAM_CR,348,712172,0.0,2.9,2.8,-2.8,0.0,-18.4,-7.2,0.0,-18,1
TM,TEAM_CR,349,712212,0.0,2.9,2.8,-2.8,0.0,-18.6,-7.3,0.0,-19,1
TM,SUN_L,3519,SUN_R,2926,SUN_NDV,0.0920,SUN_ANGLE,42.42
TM,MAG_X,-6.21,MAG_Y,-2.85,MAG_Z,-18.67,MAG_HEADING,204.64
TM,GYRO_X,-0.831,GYRO_Y,-2.205,GYRO_Z,-0.013,BODY_RATE,0.013
TM,TEAM_CR,350,712251,0.0,2.9,2.8,-2.8,-0.6,-17.4,-7.4,0.0,-17,1
TM,TEAM_CR,351,712291,0.0,2.9,2.8,-2.8,-0.3,-18.1,-7.5,0.0,-18,1
TM,TEAM_CR,352,712331,0.0,2.9,2.8,-2.8,0.0,-18.8,-7.6,0.0,-19,1
TM,TEAM_CR,353,712371,0.0,2.9,2.8,-2.8,-0.7,-17.4,-7.7,0.0,-18,1
TM,TEAM_CR,354,712411,0.0,2.9,2.8,-2.8,0.5,-19.9,-7.8,0.0,-20,1
TM,TEAM_CR,355,712451,0.0,2.9,2.8,-2.8,-1.0,-17.1,-7.9,0.0,-18,1
TM,ADCS_MODE,MANUAL,ADCS_REFERENCE,SUN,TARGET,0.00,POINTING_ERROR,-42.59,SUN_ERROR,-42.46,MAG_ERROR,155.36,GYRO_Z,-0.486,RW_CMD,0
TM,EST_RAW,42.46,EST_FILTERED,42.46,EST_ANGLE,42.59,EST_FILTER,ON,EST_FILTER_TYPE,MOVING_AVERAGE,EST_MA_WINDOW,1,EST_FILTER_STRENGTH,0.35
TM,EST_FUSION,ON,EST_GYRO_WEIGHT,0.98,EST_VALID,1
TM,TEAM_CR,356,712491,0.0,2.9,2.7,-2.7,-0.7,-17.7,-8.1,0.0,-18,1
TM,TEAM_CR,357,712536,0.0,2.8,2.7,-2.7,-0.5,-18.2,-8.2,0.0,-18,1
TM,TEAM_CR,358,712576,0.0,2.8,2.7,-2.7,0.4,-20.0,-8.3,0.0,-20,1
TM,TEAM_CR,359,712616,0.0,2.8,2.8,-2.8,2.4,-24.5,-8.4,0.0,-23,1
TM,TEAM_CR,360,712656,0.0,3.0,2.9,-2.9,1.0,-22.0,-8.5,0.0,-22,1
TM,TEAM_CR,361,712709,0.0,2.9,2.9,-2.9,1.1,-22.5,-8.6,0.0,-23,1
TM,TEAM_CR,362,712749,0.0,2.9,3.0,-3.0,1.1,-22.8,-8.7,0.0,-23,1
TM,TEAM_CR,363,712789,0.0,2.9,3.0,-3.0,0.0,-20.8,-8.9,0.0,-21,1
TM,TEAM_CR,364,712829,0.0,2.9,3.0,-3.0,-0.2,-20.5,-9.0,0.0,-21,1
TM,TEAM_CR,365,712869,0.0,2.8,2.9,-2.9,-1.2,-18.3,-9.1,0.0,-18,1
TM,TEAM_CR,366,712909,0.0,2.9,2.9,-2.9,-0.6,-19.6,-9.2,0.0,-20,1
TM,TEAM_CR,367,712949,0.0,2.9,2.8,-2.8,-1.6,-17.5,-9.3,0.0,-18,1
TM,SUN_L,3519,SUN_R,2926,SUN_NDV,0.0920,SUN_ANGLE,42.47
TM,MAG_X,-6.10,MAG_Y,-2.75,MAG_Z,-18.75,MAG_HEADING,204.30
TM,GYRO_X,-1.015,GYRO_Y,-2.030,GYRO_Z,-0.249,BODY_RATE,0.249
TM,TEAM_CR,368,712990,0.0,2.9,2.8,-2.8,-1.0,-18.6,-9.4,0.0,-19,1
TM,TEAM_CR,369,713035,0.0,2.7,2.7,-2.7,-1.2,-18.1,-9.5,0.0,-18,1
TM,TEAM_CR,370,713075,0.0,2.9,2.7,-2.7,-0.6,-19.2,-9.7,0.0,-19,1
TM,TEAM_CR,371,713130,0.0,2.7,2.7,-2.7,0.5,-21.6,-9.8,0.0,-22,1
TM,TEAM_CR,372,713170,0.0,2.7,2.8,-2.8,1.9,-24.7,-9.9,0.0,-24,1
TM,TEAM_CR,373,713210,0.0,2.7,2.9,-2.9,2.0,-25.5,-10.0,0.0,-25,1
TM,TEAM_CR,374,713250,0.0,2.8,2.9,-2.9,0.9,-23.6,-10.1,0.0,-24,1
TM,TEAM_CR,375,713290,0.0,2.9,2.9,-2.9,1.0,-24.0,-10.2,0.0,-24,1
TM,TEAM_CR,376,713330,0.0,2.9,2.9,-2.9,0.0,-22.0,-10.3,0.0,-22,1
TM,TEAM_CR,377,713370,0.0,2.8,2.9,-2.9,-0.4,-21.3,-10.5,0.0,-22,1
TM,TEAM_CR,378,713410,0.0,2.8,2.9,-2.9,-1.3,-19.4,-10.6,0.0,-19,1
TM,ADCS_MODE,MANUAL,ADCS_REFERENCE,SUN,TARGET,0.00,POINTING_ERROR,-42.59,SUN_ERROR,-42.40,MAG_ERROR,155.52,GYRO_Z,-0.267,RW_CMD,0
TM,EST_RAW,42.40,EST_FILTERED,42.40,EST_ANGLE,42.59,EST_FILTER,ON,EST_FILTER_TYPE,MOVING_AVERAGE,EST_MA_WINDOW,1,EST_FILTER_STRENGTH,0.35
TM,EST_FUSION,ON,EST_GYRO_WEIGHT,0.98,EST_VALID,1
TM,TEAM_CR,379,713450,0.0,2.8,2.8,-2.8,-1.1,-19.7,-10.7,0.0,-20,1
TM,TEAM_CR,380,713490,0.0,2.6,2.8,-2.8,-1.3,-19.3,-10.8,0.0,-19,1
TM,TEAM_CR,381,713536,0.0,2.9,2.7,-2.7,-0.7,-20.4,-10.9,0.0,-20,1
TM,TEAM_CR,382,713576,0.0,2.7,2.7,-2.7,0.0,-21.8,-11.0,0.0,-22,1
TM,TEAM_CR,383,713616,0.0,2.6,2.7,-2.7,0.2,-22.4,-11.1,0.0,-22,1
TM,TEAM_CR,384,713656,0.0,2.7,2.7,-2.7,0.8,-23.8,-11.2,0.0,-24,1
TM,TEAM_CR,385,713709,0.0,2.7,2.9,-2.9,2.6,-28.0,-11.3,0.0,-28,1
TM,SUN_L,3517,SUN_R,2927,SUN_NDV,0.0916,SUN_ANGLE,42.48
TM,MAG_X,-6.08,MAG_Y,-2.75,MAG_Z,-19.04,MAG_HEADING,204.35
TM,GYRO_X,-1.067,GYRO_Y,-2.100,GYRO_Z,-0.241,BODY_RATE,0.241
TM,TEAM_CR,386,713749,0.0,2.8,2.9,-2.9,2.0,-27.2,-11.5,0.0,-27,1
TM,TEAM_CR,387,713789,0.0,3.0,3.0,-3.0,2.0,-27.6,-11.6,0.0,-28,1
TM,TEAM_CR,388,713830,0.0,2.9,3.0,-3.0,0.3,-24.4,-11.7,0.0,-24,1
TM,TEAM_CR,389,713870,0.0,2.9,3.0,-3.0,-0.7,-22.5,-11.8,0.0,-22,1
TM,TEAM_CR,390,713909,0.0,2.7,2.9,-2.9,-1.4,-21.0,-11.9,0.0,-21,1
TM,TEAM_CR,391,713949,0.0,2.9,2.9,-2.9,-2.1,-19.3,-12.1,0.0,-19,1
TM,TEAM_CR,392,713989,0.0,2.8,2.8,-2.8,-1.6,-20.2,-12.2,0.0,-20,1
TM,TEAM_CR,393,714035,0.0,2.8,2.7,-2.7,-1.1,-21.1,-12.3,0.0,-21,1
TM,TEAM_CR,394,714075,0.0,2.7,2.7,-2.7,0.2,-23.7,-12.4,0.0,-24,1
TM,TEAM_CR,395,714129,0.0,2.7,2.8,-2.8,1.8,-27.3,-12.5,0.0,-27,1
TM,TEAM_CR,396,714169,0.0,2.7,2.9,-2.9,2.7,-29.7,-12.6,0.0,-30,1
TM,TEAM_CR,397,714209,0.0,2.9,3.0,-3.0,1.6,-27.9,-12.7,0.0,-28,1
TM,TEAM_CR,398,714249,0.0,2.7,3.0,-3.0,1.0,-26.9,-12.9,0.0,-27,1
TM,TEAM_CR,399,714289,0.0,2.8,3.0,-3.0,-0.1,-24.8,-13.0,0.0,-25,1
TM,TEAM_CR,400,714330,0.0,2.6,2.9,-2.9,-1.7,-21.6,-13.1,0.0,-22,1
TM,TEAM_CR,401,714369,0.0,2.8,2.9,-2.9,-2.2,-20.3,-13.2,0.0,-21,1
TM,ADCS_MODE,MANUAL,ADCS_REFERENCE,SUN,TARGET,0.00,POINTING_ERROR,-42.59,SUN_ERROR,-42.41,MAG_ERROR,154.89,GYRO_Z,-0.109,RW_CMD,0
TM,EST_RAW,42.41,EST_FILTERED,42.41,EST_ANGLE,42.59,EST_FILTER,ON,EST_FILTER_TYPE,MOVING_AVERAGE,EST_MA_WINDOW,1,EST_FILTER_STRENGTH,0.35
TM,EST_FUSION,ON,EST_GYRO_WEIGHT,0.98,EST_VALID,1
TM,TEAM_CR,402,714409,0.0,2.8,2.8,-2.8,-1.9,-20.6,-13.3,0.0,-21,1
TM,TEAM_CR,403,714449,0.0,2.8,2.7,-2.7,-1.1,-22.0,-13.4,0.0,-22,1
TM,SUN_L,3518,SUN_R,2926,SUN_NDV,0.0919,SUN_ANGLE,42.43
TM,MAG_X,-6.11,MAG_Y,-2.86,MAG_Z,-18.66,MAG_HEADING,205.11
TM,GYRO_X,-1.295,GYRO_Y,-2.135,GYRO_Z,-0.284,BODY_RATE,0.284
TM,TEAM_CR,404,714489,0.0,2.7,2.7,-2.7,0.4,-25.2,-13.5,0.0,-25,1
TM,TEAM_CR,405,714535,0.0,2.8,2.7,-2.7,0.7,-25.9,-13.6,0.0,-26,1
TM,TEAM_CR,406,714575,0.0,2.7,2.8,-2.8,3.5,-32.1,-13.8,0.0,-31,1
TM,TEAM_CR,407,714615,0.0,2.7,2.9,-2.9,2.0,-29.6,-13.9,0.0,-30,1
TM,TEAM_CR,408,714655,0.0,2.7,3.0,-3.0,1.7,-29.3,-14.0,0.0,-29,1
TM,TEAM_CR,409,714710,0.0,2.7,3.0,-3.0,-0.8,-24.3,-14.1,0.0,-25,1
TM,TEAM_CR,410,714750,0.0,2.9,2.9,-2.9,-1.7,-22.3,-14.2,0.0,-22,1
TM,TEAM_CR,411,714789,0.0,2.7,2.8,-2.8,-2.5,-20.4,-14.3,0.0,-20,1
TM,TEAM_CR,412,714829,0.0,2.7,2.7,-2.7,-0.9,-23.6,-14.4,0.0,-23,1
TM,TEAM_CR,413,714869,0.0,2.7,2.7,-2.7,-0.4,-24.6,-14.6,0.0,-25,1
TM,TEAM_CR,414,714909,0.0,2.7,2.7,-2.7,0.1,-25.7,-14.7,0.0,-26,1
TM,TEAM_CR,415,714949,0.0,2.7,2.8,-2.8,2.4,-30.6,-14.8,0.0,-29,1
TM,TEAM_CR,416,714989,0.0,2.6,2.9,-2.9,2.4,-31.2,-14.9,0.0,-31,1
TM,TEAM_CR,417,715036,0.0,2.8,2.9,-2.9,1.9,-30.6,-15.0,0.0,-31,1
TM,TEAM_CR,418,715076,0.0,2.8,2.9,-2.9,-0.4,-26.1,-15.1,0.0,-27,1
TM,TEAM_CR,419,715129,0.0,2.7,2.8,-2.8,-1.9,-22.7,-15.2,0.0,-23,1
TM,TEAM_CR,420,715169,0.0,2.7,2.7,-2.7,-2.5,-21.3,-15.3,0.0,-21,1
TM,TEAM_CR,421,715210,0.0,2.5,2.7,-2.7,-1.2,-23.7,-15.5,0.0,-24,1
TM,TEAM_CR,422,715249,0.0,2.5,2.6,-2.6,-0.2,-25.7,-15.6,0.0,-26,1
TM,SUN_L,3521,SUN_R,2927,SUN_NDV,0.0921,SUN_ANGLE,42.43
TM,MAG_X,-6.26,MAG_Y,-2.85,MAG_Z,-18.59,MAG_HEADING,204.48
TM,GYRO_X,-1.295,GYRO_Y,-2.118,GYRO_Z,-0.066,BODY_RATE,0.066
TM,TEAM_CR,423,715289,0.0,2.6,2.7,-2.7,0.4,-27.1,-15.7,0.0,-27,1
TM,ADCS_MODE,MANUAL,ADCS_REFERENCE,SUN,TARGET,0.00,POINTING_ERROR,-42.59,SUN_ERROR,-42.42,MAG_ERROR,155.52,GYRO_Z,-0.109,RW_CMD,0
TM,EST_RAW,42.42,EST_FILTERED,42.42,EST_ANGLE,42.59,EST_FILTER,ON,EST_FILTER_TYPE,MOVING_AVERAGE,EST_MA_WINDOW,1,EST_FILTER_STRENGTH,0.35
TM,EST_FUSION,ON,EST_GYRO_WEIGHT,0.98,EST_VALID,1
TM,TEAM_CR,424,715329,0.0,2.6,2.8,-2.8,2.6,-32.1,-15.8,0.0,-32,1
TM,TEAM_CR,425,715369,0.0,2.7,2.9,-2.9,2.9,-33.2,-15.9,0.0,-33,1
TM,TEAM_CR,426,715409,0.0,2.8,2.9,-2.9,1.7,-31.1,-16.0,0.0,-31,1
TM,TEAM_CR,427,715449,0.0,2.8,2.9,-2.9,-0.9,-25.9,-16.1,0.0,-28,1
TM,TEAM_CR,428,715489,0.0,2.6,2.8,-2.8,-2.4,-22.8,-16.2,0.0,-23,1
TM,TEAM_CR,429,715536,0.0,2.7,2.7,-2.7,-1.9,-23.5,-16.3,0.0,-23,1
TM,TEAM_CR,430,715575,0.0,2.5,2.7,-2.7,-1.2,-24.8,-16.5,0.0,-25,1
TM,TEAM_CR,431,715615,0.0,2.7,2.6,-2.6,-0.5,-26.2,-16.6,0.0,-26,1
TM,TEAM_CR,432,715655,0.0,2.6,2.7,-2.7,2.0,-31.4,-16.7,0.0,-30,1
TM,TEAM_CR,433,715709,0.0,2.7,2.8,-2.8,2.6,-33.3,-16.8,0.0,-33,1
TM,TEAM_CR,434,715749,0.0,2.6,2.9,-2.9,2.2,-32.8,-16.9,0.0,-33,1
TM,TEAM_CR,435,715789,0.0,2.8,2.9,-2.9,-0.5,-27.5,-17.0,0.0,-29,1
TM,TEAM_CR,436,715829,0.0,2.7,2.8,-2.8,-2.0,-24.4,-17.1,0.0,-24,1
TM,TEAM_CR,437,715869,0.0,2.7,2.7,-2.7,-1.6,-24.9,-17.2,0.0,-25,1
TM,TEAM_CR,438,715909,0.0,2.7,2.7,-2.7,-1.2,-25.7,-17.3,0.0,-26,1
TM,TEAM_CR,439,715949,0.0,2.7,2.7,-2.7,0.7,-29.6,-17.4,0.0,-28,1
TM,TEAM_CR,440,715989,0.0,2.7,2.7,-2.7,1.3,-31.0,-17.6,0.0,-31,1
TM,SUN_L,3517,SUN_R,2927,SUN_NDV,0.0916,SUN_ANGLE,42.43
TM,MAG_X,-6.16,MAG_Y,-2.74,MAG_Z,-18.70,MAG_HEADING,203.95
TM,GYRO_X,-0.989,GYRO_Y,-2.275,GYRO_Z,-0.232,BODY_RATE,0.232
TM,TEAM_CR,441,716034,0.0,2.6,2.8,-2.8,2.0,-32.9,-17.7,0.0,-33,1
TM,TEAM_CR,442,716074,0.0,2.8,2.9,-2.9,1.1,-31.4,-17.8,0.0,-31,1
TM,TEAM_CR,443,716114,0.0,2.7,2.8,-2.8,-0.9,-27.5,-17.9,0.0,-27,1
TM,TEAM_CR,444,716154,0.0,2.7,2.8,-2.8,-1.3,-26.5,-18.0,0.0,-27,1
TM,TEAM_CR,445,716194,0.0,2.6,2.7,-2.7,-1.4,-26.1,-18.1,0.0,-26,1
TM,TEAM_CR,446,716235,0.0,2.4,2.7,-2.7,-0.6,-27.6,-18.2,0.0,-28,1
TM,ADCS_MODE,MANUAL,ADCS_REFERENCE,SUN,TARGET,0.00,POINTING_ERROR,-42.60,SUN_ERROR,-42.44,MAG_ERROR,157.39,GYRO_Z,-0.381,RW_CMD,0
TM,EST_RAW,42.44,EST_FILTERED,42.44,EST_ANGLE,42.60,EST_FILTER,ON,EST_FILTER_TYPE,MOVING_AVERAGE,EST_MA_WINDOW,1,EST_FILTER_STRENGTH,0.35
TM,EST_FUSION,ON,EST_GYRO_WEIGHT,0.98,EST_VALID,1
TM,TEAM_CR,447,716274,0.0,2.6,2.7,-2.7,0.9,-30.8,-18.3,0.0,-31,1
TM,TEAM_CR,448,716314,0.0,2.4,2.7,-2.7,1.6,-32.7,-18.4,0.0,-33,1
TM,TEAM_CR,449,716354,0.0,2.7,2.8,-2.8,1.3,-32.4,-18.5,0.0,-32,1
TM,TEAM_CR,450,716394,0.0,2.6,2.8,-2.8,-0.1,-29.6,-18.7,0.0,-30,1
TM,TEAM_CR,451,716434,0.0,2.8,2.8,-2.8,-0.9,-28.0,-18.8,0.0,-28,1
TM,TEAM_CR,452,716474,0.0,2.6,2.7,-2.7,-1.4,-26.9,-18.9,0.0,-27,1
TM,TEAM_CR,453,716514,0.0,2.7,2.7,-2.7,-0.7,-28.1,-19.0,0.0,-28,1
TM,TEAM_CR,454,716559,0.0,2.5,2.7,-2.7,0.9,-31.7,-19.1,0.0,-32,1
TM,TEAM_CR,455,716599,0.0,2.6,2.7,-2.7,1.3,-32.8,-19.2,0.0,-33,1
TM,TEAM_CR,456,716639,0.0,2.5,2.8,-2.8,0.3,-31.0,-19.3,0.0,-31,1
TM,TEAM_CR,457,716679,0.0,2.5,2.7,-2.7,-0.6,-29.3,-19.4,0.0,-30,1
TM,TEAM_CR,458,716732,0.0,2.6,2.7,-2.7,-1.2,-27.9,-19.5,0.0,-28,1
TM,SUN_L,3518,SUN_R,2926,SUN_NDV,0.0919,SUN_ANGLE,42.41
TM,MAG_X,-6.18,MAG_Y,-2.74,MAG_Z,-18.62,MAG_HEADING,203.89
TM,GYRO_X,-0.936,GYRO_Y,-2.354,GYRO_Z,-0.039,BODY_RATE,0.039
TM,TEAM_CR,459,716772,0.0,2.5,2.6,-2.6,-1.4,-27.4,-19.6,0.0,-27,1
TM,TEAM_CR,460,716812,0.0,2.5,2.6,-2.6,0.3,-30.8,-19.7,0.0,-30,1
TM,TEAM_CR,461,716852,0.0,2.1,2.6,-2.6,0.7,-31.7,-19.8,0.0,-32,1
TM,TEAM_CR,462,716892,0.0,2.5,2.6,-2.6,0.3,-31.2,-20.0,0.0,-31,1
TM,TEAM_CR,463,716932,0.0,2.4,2.6,-2.6,-0.7,-29.0,-20.1,0.0,-29,1
TM,TEAM_CR,464,716972,0.0,2.4,2.6,-2.6,-1.1,-28.2,-20.2,0.0,-28,1
TM,TEAM_CR,465,717013,0.0,2.5,2.5,-2.5,-2.0,-26.2,-20.3,0.0,-26,1
TM,TEAM_CR,466,717058,0.0,2.2,2.4,-2.4,-1.2,-27.4,-20.4,0.0,-27,1
TM,TEAM_CR,467,717113,0.0,2.1,2.4,-2.4,-0.1,-29.8,-20.4,0.0,-30,1
TM,TEAM_CR,468,717153,0.0,2.1,2.3,-2.3,-1.2,-27.6,-20.5,0.0,-28,1
TM,TEAM_CR,469,717193,0.0,2.0,2.2,-2.2,-2.8,-23.9,-20.6,0.0,-24,1
TM,ADCS_MODE,MANUAL,ADCS_REFERENCE,SUN,TARGET,0.00,POINTING_ERROR,-42.60,SUN_ERROR,-42.40,MAG_ERROR,156.11,GYRO_Z,-0.013,RW_CMD,0
TM,EST_RAW,42.40,EST_FILTERED,42.40,EST_ANGLE,42.60,EST_FILTER,ON,EST_FILTER_TYPE,MOVING_AVERAGE,EST_MA_WINDOW,1,EST_FILTER_STRENGTH,0.35
TM,EST_FUSION,ON,EST_GYRO_WEIGHT,0.98,EST_VALID,1
TM,TEAM_CR,470,717233,0.0,2.2,2.1,-2.1,-3.6,-21.9,-20.7,0.0,-22,1
TM,TEAM_CR,471,717273,0.0,1.8,1.9,-1.9,-4.8,-18.9,-20.8,0.0,-19,1
TM,TEAM_CR,472,717313,0.0,1.6,1.8,-1.8,-2.9,-22.1,-20.9,0.0,-22,1
TM,TEAM_CR,473,717353,0.0,1.7,1.7,-1.7,-1.3,-25.1,-20.9,0.0,-25,1
TM,TEAM_CR,474,717393,0.0,1.5,1.6,-1.6,-0.7,-26.2,-21.0,0.0,-26,1
TM,TEAM_CR,475,717434,0.0,1.3,1.6,-1.6,-0.9,-25.7,-21.1,0.0,-26,1
TM,TEAM_CR,476,717473,0.0,1.5,1.6,-1.6,-0.9,-25.7,-21.1,0.0,-26,1
TM,SUN_L,3517,SUN_R,2927,SUN_NDV,0.0916,SUN_ANGLE,42.38
TM,MAG_X,-6.16,MAG_Y,-2.80,MAG_Z,-18.70,MAG_HEADING,204.44
TM,GYRO_X,-1.024,GYRO_Y,-1.951,GYRO_Z,-0.144,BODY_RATE,0.144
TM,TEAM_CR,477,717513,0.0,1.5,1.5,-1.5,-1.3,-24.6,-21.2,0.0,-25,1
TM,TEAM_CR,478,717560,0.0,1.3,1.5,-1.5,0.8,-28.9,-21.3,0.0,-28,1
TM,TEAM_CR,479,717599,0.0,1.4,1.5,-1.5,0.9,-29.2,-21.3,0.0,-29,1
TM,TEAM_CR,480,717639,0.0,1.5,1.5,-1.5,-0.5,-26.6,-21.4,0.0,-27,1
TM,TEAM_CR,481,717679,0.0,1.5,1.5,-1.5,-1.3,-24.8,-21.4,0.0,-25,1
TM,TEAM_CR,482,717722,0.0,1.6,1.4,-1.4,-1.7,-23.8,-21.5,0.0,-24,1
TM,TEAM_CR,483,717767,0.0,1.2,1.4,-1.4,-0.6,-25.9,-21.5,0.0,-26,1
TM,TEAM_CR,484,717811,0.0,1.5,1.4,-1.4,1.1,-29.4,-21.6,0.0,-29,1
TM,TEAM_CR,485,717851,0.0,1.4,1.5,-1.5,0.6,-28.7,-21.7,0.0,-29,1
TM,TEAM_CR,486,717890,0.0,1.3,1.4,-1.4,-0.9,-25.5,-21.7,0.0,-25,1
TM,TEAM_CR,487,717937,0.0,1.4,1.4,-1.4,-1.1,-25.1,-21.8,0.0,-25,1
TM,TEAM_CR,488,717978,0.0,1.3,1.3,-1.3,-0.5,-26.3,-21.8,0.0,-26,1
TM,TEAM_CR,489,718018,0.0,1.2,1.4,-1.4,1.3,-30.0,-21.9,0.0,-30,1
TM,TEAM_CR,490,718059,0.0,1.5,1.4,-1.4,1.1,-29.8,-21.9,0.0,-30,1
TM,TEAM_CR,491,718099,0.0,1.5,1.4,-1.4,-0.4,-26.9,-22.0,0.0,-27,1
TM,TEAM_CR,492,718139,0.0,1.4,1.4,-1.4,-1.1,-25.4,-22.1,0.0,-25,1
TM,ADCS_MODE,MANUAL,ADCS_REFERENCE,SUN,TARGET,0.00,POINTING_ERROR,-42.58,SUN_ERROR,-42.41,MAG_ERROR,156.62,GYRO_Z,-0.206,RW_CMD,0
TM,EST_RAW,42.41,EST_FILTERED,42.41,EST_ANGLE,42.58,EST_FILTER,ON,EST_FILTER_TYPE,MOVING_AVERAGE,EST_MA_WINDOW,1,EST_FILTER_STRENGTH,0.35
TM,EST_FUSION,ON,EST_GYRO_WEIGHT,0.98,EST_VALID,1
TM,TEAM_CR,493,718179,0.0,1.3,1.4,-1.4,-0.9,-22.1,-22.1,0.0,-22,3
TM,TEAM_CR,494,718219,0.0,1.4,1.4,-1.4,1.2,-22.1,-22.1,0.0,-22,3
TM,SUN_L,3518,SUN_R,2927,SUN_NDV,0.0917,SUN_ANGLE,42.39
TM,MAG_X,-6.14,MAG_Y,-2.66,MAG_Z,-18.59,MAG_HEADING,203.38
TM,GYRO_X,-0.980,GYRO_Y,-2.266,GYRO_Z,-0.031,BODY_RATE,0.031
TM,TEAM_CR,495,718259,0.0,1.3,1.5,-1.5,2.2,-22.1,-22.1,0.0,-22,3
TM,TEAM_CR,496,718317,0.0,1.5,1.5,-1.5,-0.8,-22.1,-22.1,0.0,-26,3
TM,TEAM_CR,497,718357,0.0,1.3,1.5,-1.5,-0.1,-25.0,-22.1,0.0,-25,3
TM,TEAM_CR,498,718398,0.0,1.4,1.5,-1.5,-1.0,-22.1,-22.1,0.0,-22,3
TM,TEAM_CR,499,718437,0.0,1.4,1.5,-1.5,0.3,-22.1,-22.1,0.0,-22,3
TM,TEAM_CR,500,718477,0.0,1.2,1.5,-1.5,0.8,-22.1,-22.1,0.0,-22,3
TM,TEAM_CR,501,718517,0.0,1.5,1.5,-1.5,1.0,-26.1,-22.1,0.0,-24,3
TM,TEAM_CR,502,718558,0.0,1.6,1.5,-1.5,-0.8,-22.1,-22.1,0.0,-24,3
TM,TEAM_CR,503,718598,0.0,1.3,1.4,-1.4,-1.0,-22.1,-22.1,0.0,-22,3
TM,TEAM_CR,504,718638,0.0,1.3,1.4,-1.4,-0.4,-22.1,-22.1,0.0,-22,3
TM,TEAM_CR,505,718678,0.0,1.4,1.5,-1.5,1.3,-22.1,-22.1,0.0,-22,3
TM,TEAM_CR,506,718718,0.0,1.4,1.5,-1.5,1.2,-26.4,-22.1,0.0,-24,3
TM,TEAM_CR,507,718758,0.0,1.2,1.5,-1.5,-0.2,-25.0,-22.2,0.0,-25,3
TM,TEAM_CR,508,718808,0.0,1.3,1.5,-1.5,-1.1,-22.2,-22.2,0.0,-22,3
TM,TEAM_CR,509,718848,0.0,1.4,1.4,-1.4,-0.9,-22.2,-22.2,0.0,-22,3
TM,TEAM_CR,510,718888,0.0,1.3,1.4,-1.4,0.7,-22.2,-22.2,0.0,-22,3
TM,TEAM_CR,511,718937,0.0,1.3,1.5,-1.5,1.2,-26.4,-22.2,0.0,-24,3
TM,TEAM_CR,512,718977,0.0,1.3,1.5,-1.5,-0.5,-22.2,-22.2,0.0,-25,3
TM,TEAM_CR,513,719017,0.0,1.1,1.4,-1.4,-1.0,-22.2,-22.2,0.0,-22,3
TM,SUN_L,3519,SUN_R,2927,SUN_NDV,0.0918,SUN_ANGLE,42.36
TM,MAG_X,-6.29,MAG_Y,-2.82,MAG_Z,-18.67,MAG_HEADING,204.12
TM,GYRO_X,-0.892,GYRO_Y,-2.170,GYRO_Z,-0.311,BODY_RATE,0.311
TM,TEAM_CR,514,719058,0.0,1.4,1.4,-1.4,-0.5,-22.2,-22.2,0.0,-22,3
TM,ADCS_MODE,MANUAL,ADCS_REFERENCE,SUN,TARGET,0.00,POINTING_ERROR,-42.58,SUN_ERROR,-42.42,MAG_ERROR,155.88,GYRO_Z,0.048,RW_CMD,0
TM,EST_RAW,42.42,EST_FILTERED,42.42,EST_ANGLE,42.58,EST_FILTER,ON,EST_FILTER_TYPE,MOVING_AVERAGE,EST_MA_WINDOW,1,EST_FILTER_STRENGTH,0.35
TM,EST_FUSION,ON,EST_GYRO_WEIGHT,0.98,EST_VALID,1
TM,TEAM_CR,515,719098,0.0,1.4,1.5,-1.5,1.0,-22.2,-22.2,0.0,-22,3
TM,TEAM_CR,516,719138,0.0,1.5,1.5,-1.5,1.0,-22.2,-22.2,0.0,-22,3
TM,TEAM_CR,517,719178,0.0,1.3,1.5,-1.5,0.2,-25.4,-22.2,0.0,-25,3
TM,TEAM_CR,518,719218,0.0,1.4,1.5,-1.5,-0.8,-22.2,-22.2,0.0,-22,3
TM,TEAM_CR,519,719259,0.0,1.5,1.4,-1.4,-0.6,-22.2,-22.2,0.0,-22,3
TM,TEAM_CR,520,719317,0.0,1.4,1.5,-1.5,1.0,-22.2,-22.2,0.0,-22,3
TM,TEAM_CR,521,719357,0.0,1.5,1.5,-1.5,0.4,-25.7,-22.3,0.0,-26,3
TM,TEAM_CR,522,719397,0.0,1.4,1.5,-1.5,-0.7,-22.3,-22.3,0.0,-24,3
TM,TEAM_CR,523,719437,0.0,1.5,1.4,-1.4,-1.0,-22.3,-22.3,0.0,-22,3
TM,TEAM_CR,524,719477,0.0,1.5,1.5,-1.5,0.7,-22.3,-22.3,0.0,-22,3
TM,TEAM_CR,525,719517,0.0,1.5,1.5,-1.5,1.4,-22.3,-22.3,0.0,-22,3
TM,TEAM_CR,526,719558,0.0,1.5,1.5,-1.5,0.7,-26.1,-22.3,0.0,-26,3
TM,TEAM_CR,527,719598,0.0,1.5,1.5,-1.5,-0.8,-24.5,-22.3,0.0,-25,3
TM,TEAM_CR,528,719638,0.0,1.4,1.5,-1.5,-1.1,-22.3,-22.3,0.0,-22,3
TM,TEAM_CR,529,719678,0.0,1.4,1.5,-1.5,0.8,-22.3,-22.3,0.0,-22,3
TM,TEAM_CR,530,719719,0.0,1.0,1.5,-1.5,1.5,-22.3,-22.3,0.0,-22,3
TM,TEAM_CR,531,719758,0.0,1.4,1.5,-1.5,0.6,-26.0,-22.4,0.0,-26,3
TM,SUN_L,3520,SUN_R,2927,SUN_NDV,0.0920,SUN_ANGLE,42.54
TM,MAG_X,-6.11,MAG_Y,-2.72,MAG_Z,-18.82,MAG_HEADING,203.99
TM,GYRO_X,-0.936,GYRO_Y,-2.170,GYRO_Z,-0.004,BODY_RATE,0.004
TM,TEAM_CR,532,719809,0.0,1.3,1.5,-1.5,-1.0,-22.4,-22.4,0.0,-24,3
TM,TEAM_CR,533,719849,0.0,1.2,1.4,-1.4,-0.7,-22.4,-22.4,0.0,-22,3
TM,TEAM_CR,534,719889,0.0,1.2,1.5,-1.5,0.9,-22.4,-22.4,0.0,-22,3
TM,TEAM_CR,535,719937,0.0,1.5,1.5,-1.5,1.0,-26.4,-22.4,0.0,-26,3
TM,TEAM_CR,536,719977,0.0,1.3,1.5,-1.5,-0.1,-25.4,-22.4,0.0,-25,3
TM,TEAM_CR,537,720017,0.0,1.5,1.5,-1.5,-0.8,-22.5,-22.5,0.0,-24,3
TM,ADCS_MODE,MANUAL,ADCS_REFERENCE,SUN,TARGET,0.00,POINTING_ERROR,-42.59,SUN_ERROR,-42.43,MAG_ERROR,156.01,GYRO_Z,-0.179,RW_CMD,0
TM,EST_RAW,42.43,EST_FILTERED,42.43,EST_ANGLE,42.59,EST_FILTER,ON,EST_FILTER_TYPE,MOVING_AVERAGE,EST_MA_WINDOW,1,EST_FILTER_STRENGTH,0.35
TM,EST_FUSION,ON,EST_GYRO_WEIGHT,0.98,EST_VALID,1
TM,TEAM_CR,538,720059,0.0,1.3,1.5,-1.5,0.2,-22.5,-22.5,0.0,-22,3
TM,TEAM_CR,539,720099,0.0,1.4,1.5,-1.5,1.4,-26.8,-22.5,0.0,-24,3
TM,TEAM_CR,540,720139,0.0,1.5,1.5,-1.5,0.7,-26.2,-22.5,0.0,-26,3
TM,TEAM_CR,541,720179,0.0,1.4,1.5,-1.5,-0.5,-25.0,-22.5,0.0,-25,3
TM,TEAM_CR,542,720219,0.0,1.3,1.5,-1.5,-1.0,-22.5,-22.5,0.0,-23,3
TM,TEAM_CR,543,720259,0.0,1.3,1.5,-1.5,0.8,-22.5,-22.5,0.0,-23,3
TM,TEAM_CR,544,720317,0.0,1.4,1.5,-1.5,0.5,-26.1,-22.6,0.0,-26,3
TM,TEAM_CR,545,720357,0.0,1.4,1.5,-1.5,-0.5,-25.1,-22.6,0.0,-25,3
TM,TEAM_CR,546,720397,0.0,1.3,1.5,-1.5,-1.0,-22.6,-22.6,0.0,-23,3
TM,TEAM_CR,547,720437,0.0,1.4,1.5,-1.5,0.8,-22.6,-22.6,0.0,-23,3
TM,TEAM_CR,548,720477,0.0,1.4,1.5,-1.5,1.5,-27.1,-22.6,0.0,-25,3
TM,TEAM_CR,549,720517,0.0,1.3,1.5,-1.5,0.5,-26.2,-22.6,0.0,-26,3
TM,SUN_L,3518,SUN_R,2927,SUN_NDV,0.0917,SUN_ANGLE,42.38
TM,MAG_X,-6.37,MAG_Y,-2.75,MAG_Z,-18.85,MAG_HEADING,203.37
TM,GYRO_X,-1.024,GYRO_Y,-2.179,GYRO_Z,-0.004,BODY_RATE,0.004
TM,TEAM_CR,550,720559,0.0,1.4,1.5,-1.5,-0.5,-25.1,-22.7,0.0,-25,3
TM,TEAM_CR,551,720599,0.0,1.3,1.5,-1.5,-0.8,-22.7,-22.7,0.0,-23,3
TM,TEAM_CR,552,720639,0.0,1.3,1.5,-1.5,0.9,-22.7,-22.7,0.0,-23,3
TM,TEAM_CR,553,720679,0.0,1.4,1.5,-1.5,1.2,-27.0,-22.7,0.0,-25,3
TM,TEAM_CR,554,720719,0.0,1.4,1.5,-1.5,-0.1,-25.7,-22.7,0.0,-26,3
TM,TEAM_CR,555,720759,0.0,1.4,1.5,-1.5,-1.0,-22.7,-22.7,0.0,-24,3
TM,TEAM_CR,556,720810,0.0,1.3,1.5,-1.5,0.7,-22.7,-22.7,0.0,-23,3
TM,TEAM_CR,557,720849,0.0,1.2,1.5,-1.5,1.0,-26.8,-22.8,0.0,-27,3
TM,TEAM_CR,558,720889,0.0,1.4,1.5,-1.5,-0.2,-25.7,-22.8,0.0,-26,3
TM,TEAM_CR,559,720937,0.0,1.3,1.5,-1.5,-1.2,-22.8,-22.8,0.0,-24,3
TM,TEAM_CR,560,720978,0.0,1.3,1.5,-1.5,0.2,-22.8,-22.8,0.0,-23,3
TM,ADCS_MODE,MANUAL,ADCS_REFERENCE,SUN,TARGET,0.00,POINTING_ERROR,-42.58,SUN_ERROR,-42.36,MAG_ERROR,156.22,GYRO_Z,-0.389,RW_CMD,0
TM,EST_RAW,42.36,EST_FILTERED,42.36,EST_ANGLE,42.58,EST_FILTER,ON,EST_FILTER_TYPE,MOVING_AVERAGE,EST_MA_WINDOW,1,EST_FILTER_STRENGTH,0.35
TM,EST_FUSION,ON,EST_GYRO_WEIGHT,0.98,EST_VALID,1
TM,TEAM_CR,561,721017,0.0,1.3,1.5,-1.5,1.4,-22.8,-22.8,0.0,-23,3
TM,TEAM_CR,562,721060,0.0,1.5,1.5,-1.5,0.6,-26.5,-22.8,0.0,-26,3
TM,TEAM_CR,563,721099,0.0,1.3,1.5,-1.5,-0.1,-25.8,-22.9,0.0,-26,3
TM,TEAM_CR,564,721139,0.0,1.3,1.5,-1.5,-0.9,-22.9,-22.9,0.0,-24,3
TM,TEAM_CR,565,721179,0.0,1.3,1.5,-1.5,0.9,-22.9,-22.9,0.0,-23,3
TM,TEAM_CR,566,721219,0.0,1.3,1.5,-1.5,1.0,-27.0,-22.9,0.0,-27,3
TM,TEAM_CR,567,721259,0.0,1.3,1.5,-1.5,-0.4,-25.5,-22.9,0.0,-26,3
TM,SUN_L,3520,SUN_R,2927,SUN_NDV,0.0920,SUN_ANGLE,42.39
TM,MAG_X,-6.21,MAG_Y,-2.74,MAG_Z,-18.48,MAG_HEADING,203.78
TM,GYRO_X,-1.033,GYRO_Y,-2.091,GYRO_Z,-0.074,BODY_RATE,0.074
TM,TEAM_CR,568,721317,0.0,1.1,1.5,-1.5,-0.6,-22.9,-22.9,0.0,-23,3
TM,TEAM_CR,569,721357,0.0,1.3,1.5,-1.5,1.0,-22.9,-22.9,0.0,-23,3
TM,TEAM_CR,570,721398,0.0,1.3,1.5,-1.5,1.4,-27.5,-23.0,0.0,-27,3
TM,TEAM_CR,571,721437,0.0,1.5,1.5,-1.5,-0.5,-25.6,-23.0,0.0,-26,3
TM,TEAM_CR,572,721477,0.0,1.4,1.5,-1.5,-0.9,-23.0,-23.0,0.0,-24,3
TM,TEAM_CR,573,721517,0.0,1.3,1.5,-1.5,0.3,-23.0,-23.0,0.0,-23,3
TM,TEAM_CR,574,721558,0.0,1.2,1.5,-1.5,1.0,-27.1,-23.0,0.0,-25,3
TM,TEAM_CR,575,721598,0.0,1.4,1.5,-1.5,-0.3,-23.1,-23.1,0.0,-26,3
TM,TEAM_CR,576,721638,0.0,1.2,1.5,-1.5,-0.5,-23.1,-23.1,0.0,-23,3
TM,TEAM_CR,577,721678,0.0,1.3,1.5,-1.5,0.8,-23.1,-23.1,0.0,-23,3
TM,TEAM_CR,578,721718,0.0,1.5,1.5,-1.5,1.3,-27.4,-23.1,0.0,-25,3
TM,TEAM_CR,579,721758,0.0,1.3,1.5,-1.5,0.5,-26.7,-23.1,0.0,-27,3
TM,TEAM_CR,580,721808,0.0,1.5,1.5,-1.5,-1.0,-23.1,-23.1,0.0,-25,3
TM,TEAM_CR,581,721848,0.0,1.4,1.5,-1.5,0.3,-23.1,-23.1,0.0,-23,3
TM,TEAM_CR,582,721888,0.0,1.2,1.5,-1.5,1.1,-27.3,-23.1,0.0,-25,3
TM,TEAM_CR,583,721937,0.0,1.3,1.5,-1.5,0.1,-26.3,-23.2,0.0,-26,3
TM,ADCS_MODE,MANUAL,ADCS_REFERENCE,SUN,TARGET,0.00,POINTING_ERROR,-42.57,SUN_ERROR,-42.39,MAG_ERROR,154.78,GYRO_Z,-0.153,RW_CMD,0
TM,EST_RAW,42.39,EST_FILTERED,42.39,EST_ANGLE,42.57,EST_FILTER,ON,EST_FILTER_TYPE,MOVING_AVERAGE,EST_MA_WINDOW,1,EST_FILTER_STRENGTH,0.35
TM,EST_FUSION,ON,EST_GYRO_WEIGHT,0.98,EST_VALID,1
TM,TEAM_CR,584,721977,0.0,1.4,1.5,-1.5,-0.5,-23.2,-23.2,0.0,-25,3
TM,TEAM_CR,585,722017,0.0,1.3,1.5,-1.5,0.4,-23.2,-23.2,0.0,-23,3
TM,SUN_L,3519,SUN_R,2927,SUN_NDV,0.0918,SUN_ANGLE,42.37
TM,MAG_X,-6.16,MAG_Y,-2.77,MAG_Z,-18.74,MAG_HEADING,204.20
TM,GYRO_X,-1.085,GYRO_Y,-1.969,GYRO_Z,-0.241,BODY_RATE,0.241
TM,TEAM_CR,586,722058,0.0,1.4,1.5,-1.5,1.2,-27.4,-23.2,0.0,-25,3
TM,TEAM_CR,587,722098,0.0,1.4,1.5,-1.5,0.3,-26.5,-23.2,0.0,-27,3
TM,TEAM_CR,588,722138,0.0,1.5,1.5,-1.5,-0.7,-25.6,-23.2,0.0,-26,3
TM,TEAM_CR,589,722178,0.0,1.3,1.5,-1.5,0.0,-23.2,-23.2,0.0,-23,3
TM,TEAM_CR,590,722218,0.0,1.4,1.5,-1.5,1.1,-27.4,-23.3,0.0,-25,3
TM,TEAM_CR,591,722258,0.0,1.4,1.5,-1.5,0.5,-26.9,-23.3,0.0,-27,3
TM,TEAM_CR,592,722317,0.0,1.3,1.5,-1.5,-0.8,-23.3,-23.3,0.0,-25,3
TM,TEAM_CR,593,722357,0.0,1.4,1.5,-1.5,0.7,-23.3,-23.3,0.0,-23,3
TM,TEAM_CR,594,722397,0.0,1.2,1.5,-1.5,1.1,-27.4,-23.3,0.0,-27,3
TM,TEAM_CR,595,722437,0.0,1.4,1.5,-1.5,-0.3,-26.1,-23.4,0.0,-26,3
TM,TEAM_CR,596,722477,0.0,1.1,1.5,-1.5,-0.8,-23.4,-23.4,0.0,-25,3
TM,TEAM_CR,597,722517,0.0,1.2,1.5,-1.5,0.9,-23.4,-23.4,0.0,-23,3
TM,TEAM_CR,598,722557,0.0,1.1,1.5,-1.5,1.0,-27.4,-23.4,0.0,-25,3
TM,TEAM_CR,599,722597,0.0,1.3,1.5,-1.5,0.3,-26.8,-23.4,0.0,-27,3
TM,TEAM_CR,600,722637,0.0,1.3,1.5,-1.5,-0.8,-23.4,-23.4,0.0,-25,3
TM,TEAM_CR,601,722677,0.0,1.3,1.5,-1.5,0.5,-23.4,-23.4,0.0,-23,3
TM,TEAM_CR,602,722718,0.0,1.5,1.5,-1.5,1.2,-27.6,-23.5,0.0,-25,3
TM,TEAM_CR,603,722758,0.0,1.3,1.5,-1.5,-0.1,-26.4,-23.5,0.0,-26,3
TM,TEAM_CR,604,722797,0.0,1.5,1.5,-1.5,-0.8,-23.5,-23.5,0.0,-23,3
TM,SUN_L,3519,SUN_R,2929,SUN_NDV,0.0915,SUN_ANGLE,42.34
TM,MAG_X,-6.21,MAG_Y,-2.78,MAG_Z,-18.66,MAG_HEADING,204.15
TM,GYRO_X,-1.033,GYRO_Y,-2.118,GYRO_Z,-0.074,BODY_RATE,0.074
TM,TEAM_CR,605,722837,0.0,1.4,1.5,-1.5,0.7,-23.5,-23.5,0.0,-23,3
TM,ADCS_MODE,MANUAL,ADCS_REFERENCE,SUN,TARGET,0.00,POINTING_ERROR,-42.57,SUN_ERROR,-42.38,MAG_ERROR,155.85,GYRO_Z,-0.057,RW_CMD,0
TM,EST_RAW,42.38,EST_FILTERED,42.38,EST_ANGLE,42.57,EST_FILTER,ON,EST_FILTER_TYPE,MOVING_AVERAGE,EST_MA_WINDOW,1,EST_FILTER_STRENGTH,0.35
TM,EST_FUSION,ON,EST_GYRO_WEIGHT,0.98,EST_VALID,1
TM,TEAM_CR,606,722877,0.0,1.4,1.5,-1.5,1.0,-27.6,-23.5,0.0,-25,3
TM,TEAM_CR,607,722917,0.0,1.4,1.5,-1.5,0.0,-26.5,-23.5,0.0,-27,3
TM,TEAM_CR,608,722957,0.0,1.4,1.5,-1.5,-0.8,-23.6,-23.6,0.0,-25,3
TM,TEAM_CR,609,722997,0.0,1.2,1.5,-1.5,0.2,-23.6,-23.6,0.0,-24,3
TM,TEAM_CR,610,723040,0.0,1.3,1.5,-1.5,0.8,-27.3,-23.6,0.0,-26,3
TM,TEAM_CR,611,723080,0.0,1.5,1.5,-1.5,-0.1,-26.5,-23.6,0.0,-27,3
TM,TEAM_CR,612,723120,0.0,1.1,1.5,-1.5,-0.3,-23.6,-23.6,0.0,-24,3
TM,TEAM_CR,613,723160,0.0,1.3,1.5,-1.5,0.7,-23.6,-23.6,0.0,-24,3
TM,TEAM_CR,614,723200,0.0,1.4,1.5,-1.5,1.0,-27.7,-23.6,0.0,-28,3
TM,TEAM_CR,615,723241,0.0,1.2,1.5,-1.5,-0.3,-26.4,-23.7,0.0,-26,3
TM,TEAM_CR,616,723280,0.0,1.0,1.5,-1.5,-0.8,-23.7,-23.7,0.0,-24,3
TM,TEAM_CR,617,723320,0.0,1.3,1.5,-1.5,0.9,-23.7,-23.7,0.0,-24,3
TM,TEAM_CR,618,723360,0.0,1.3,1.5,-1.5,0.7,-27.4,-23.7,0.0,-27,3
TM,TEAM_CR,619,723400,0.0,1.3,1.5,-1.5,-0.6,-23.7,-23.7,0.0,-26,3
TM,TEAM_CR,620,723440,0.0,1.4,1.5,-1.5,-0.6,-23.7,-23.7,0.0,-24,3
TM,TEAM_CR,621,723480,0.0,1.4,1.5,-1.5,0.9,-23.7,-23.7,0.0,-24,3
TM,TEAM_CR,622,723520,0.0,1.4,1.5,-1.5,0.4,-27.1,-23.7,0.0,-27,3
TM,SUN_L,3520,SUN_R,2928,SUN_NDV,0.0918,SUN_ANGLE,42.40
TM,MAG_X,-6.10,MAG_Y,-2.42,MAG_Z,-18.67,MAG_HEADING,201.62
TM,GYRO_X,-0.901,GYRO_Y,-2.284,GYRO_Z,-0.083,BODY_RATE,0.083
TM,TEAM_CR,623,723565,0.0,1.2,1.5,-1.5,-0.6,-23.7,-23.7,0.0,-26,3
TM,TEAM_CR,624,723605,0.0,1.2,1.5,-1.5,0.1,-23.7,-23.7,0.0,-24,3
TM,TEAM_CR,625,723645,0.0,1.2,1.5,-1.5,0.8,-23.7,-23.7,0.0,-24,3
TM,TEAM_CR,626,723685,0.0,1.2,1.5,-1.5,0.4,-23.7,-23.7,0.0,-24,3
TM,TEAM_CR,627,723738,0.0,1.5,1.5,-1.5,-0.1,-23.7,-23.7,0.0,-24,3
TM,TEAM_CR,628,723778,0.0,1.4,1.5,-1.5,0.8,-23.7,-23.7,0.0,-24,3
TM,ADCS_MODE,MANUAL,ADCS_REFERENCE,SUN,TARGET,0.00,POINTING_ERROR,-42.57,SUN_ERROR,-42.45,MAG_ERROR,156.66,GYRO_Z,-0.232,RW_CMD,0
TM,EST_RAW,42.45,EST_FILTERED,42.45,EST_ANGLE,42.57,EST_FILTER,ON,EST_FILTER_TYPE,MOVING_AVERAGE,EST_MA_WINDOW,1,EST_FILTER_STRENGTH,0.35
TM,EST_FUSION,ON,EST_GYRO_WEIGHT,0.98,EST_VALID,1
TM,TEAM_CR,629,723818,0.0,1.4,1.5,-1.5,0.3,-27.1,-23.8,0.0,-27,3
TM,TEAM_CR,630,723858,0.0,1.3,1.5,-1.5,-0.6,-23.8,-23.8,0.0,-26,3
TM,TEAM_CR,631,723898,0.0,1.6,1.5,-1.5,-0.5,-23.8,-23.8,0.0,-24,3
TM,TEAM_CR,632,723938,0.0,1.8,1.5,-1.5,0.8,-23.8,-23.8,0.0,-24,3
TM,TEAM_CR,633,723978,0.0,1.5,1.5,-1.5,0.7,-27.5,-23.8,0.0,-26,3
TM,TEAM_CR,634,724018,0.0,1.2,1.5,-1.5,-0.6,-23.8,-23.8,0.0,-26,3
TM,TEAM_CR,635,724064,0.0,1.2,1.5,-1.5,0.4,-23.8,-23.8,0.0,-24,3
TM,TEAM_CR,636,724119,0.0,1.3,1.5,-1.5,0.3,-23.8,-23.8,0.0,-24,3
TM,TEAM_CR,637,724159,0.0,1.3,1.5,-1.5,-0.3,-23.8,-23.8,0.0,-24,3
TM,TEAM_CR,638,724199,0.0,1.3,1.5,-1.5,0.6,-23.8,-23.8,0.0,-24,3
TM,TEAM_CR,639,724239,0.0,1.1,1.5,-1.5,0.9,-23.8,-23.8,0.0,-24,3
TM,TEAM_CR,640,724279,0.0,1.0,1.5,-1.5,-0.1,-23.8,-23.8,0.0,-26,3
TM,SUN_L,3519,SUN_R,2928,SUN_NDV,0.0917,SUN_ANGLE,42.41
TM,MAG_X,-6.29,MAG_Y,-2.90,MAG_Z,-18.69,MAG_HEADING,204.73
TM,GYRO_X,-0.945,GYRO_Y,-2.284,GYRO_Z,-0.136,BODY_RATE,0.136
TM,TEAM_CR,641,724319,0.0,1.3,1.5,-1.5,-0.7,-23.8,-23.8,0.0,-24,3
TM,TEAM_CR,642,724359,0.0,1.3,1.5,-1.5,0.2,-23.8,-23.8,0.0,-24,3
TM,TEAM_CR,643,724399,0.0,1.6,1.5,-1.5,0.7,-23.8,-23.8,0.0,-24,3
TM,TEAM_CR,644,724440,0.0,1.3,1.5,-1.5,0.0,-23.8,-23.8,0.0,-24,3
TM,TEAM_CR,645,724479,0.0,1.2,1.5,-1.5,-0.3,-23.8,-23.8,0.0,-24,3
TM,TEAM_CR,646,724520,0.0,1.5,1.5,-1.5,0.6,-23.8,-23.8,0.0,-24,3
TM,TEAM_CR,647,724565,0.0,1.3,1.5,-1.5,0.5,-27.3,-23.9,0.0,-27,3
TM,TEAM_CR,648,724605,0.0,1.4,1.5,-1.5,-0.7,-23.9,-23.9,0.0,-26,3
TM,TEAM_CR,649,724646,0.0,1.3,1.5,-1.5,0.1,-23.9,-23.9,0.0,-24,3
TM,TEAM_CR,650,724685,0.0,1.4,1.5,-1.5,0.8,-23.9,-23.9,0.0,-24,3
TM,TEAM_CR,651,724738,0.0,1.4,1.5,-1.5,0.0,-27.0,-23.9,0.0,-27,3
TM,ADCS_MODE,MANUAL,ADCS_REFERENCE,SUN,TARGET,0.00,POINTING_ERROR,-42.57,SUN_ERROR,-42.37,MAG_ERROR,155.27,GYRO_Z,-0.031,RW_CMD,0
TM,EST_RAW,42.37,EST_FILTERED,42.37,EST_ANGLE,42.57,EST_FILTER,ON,EST_FILTER_TYPE,MOVING_AVERAGE,EST_MA_WINDOW,1,EST_FILTER_STRENGTH,0.35
TM,EST_FUSION,ON,EST_GYRO_WEIGHT,0.98,EST_VALID,1
TM,TEAM_CR,652,724778,0.0,1.3,1.5,-1.5,0.3,-23.9,-23.9,0.0,-24,3
TM,TEAM_CR,653,724818,0.0,1.3,1.5,-1.5,0.7,-27.7,-23.9,0.0,-28,3
TM,TEAM_CR,654,724858,0.0,1.5,1.5,-1.5,-0.5,-26.5,-24.0,0.0,-26,3
TM,TEAM_CR,655,724898,0.0,1.3,1.5,-1.5,-0.7,-24.0,-24.0,0.0,-24,3
TM,TEAM_CR,656,724938,0.0,1.4,1.5,-1.5,0.9,-24.0,-24.0,0.0,-24,3
TM,TEAM_CR,657,724978,0.0,1.3,1.5,-1.5,0.6,-27.7,-24.0,0.0,-28,3
TM,TEAM_CR,658,725018,0.0,1.3,1.5,-1.5,-0.3,-26.8,-24.0,0.0,-27,3
TM,SUN_L,3520,SUN_R,2927,SUN_NDV,0.0920,SUN_ANGLE,42.45
TM,MAG_X,-6.03,MAG_Y,-2.74,MAG_Z,-18.72,MAG_HEADING,204.40
TM,GYRO_X,-0.945,GYRO_Y,-2.275,GYRO_Z,-0.337,BODY_RATE,0.337
TM,TEAM_CR,659,725065,0.0,1.3,1.5,-1.5,-0.2,-24.0,-24.0,0.0,-24,3
TM,TEAM_CR,660,725118,0.0,1.4,1.5,-1.5,0.8,-27.9,-24.1,0.0,-26,3
TM,TEAM_CR,661,725158,0.0,1.5,1.5,-1.5,-0.1,-27.0,-24.1,0.0,-27,3
TM,TEAM_CR,662,725198,0.0,1.2,1.5,-1.5,-0.4,-24.1,-24.1,0.0,-26,3
TM,TEAM_CR,663,725238,0.0,1.3,1.5,-1.5,0.9,-28.0,-24.1,0.0,-26,3
TM,TEAM_CR,664,725278,0.0,1.4,1.5,-1.5,0.2,-27.4,-24.1,0.0,-27,3
TM,TEAM_CR,665,725319,0.0,1.4,1.5,-1.5,-0.4,-26.7,-24.2,0.0,-27,3
TM,TEAM_CR,666,725358,0.0,1.3,1.5,-1.5,0.3,-24.2,-24.2,0.0,-24,3
TM,TEAM_CR,667,725398,0.0,1.4,1.5,-1.5,0.7,-27.9,-24.2,0.0,-28,3
TM,TEAM_CR,668,725438,0.0,1.5,1.5,-1.5,0.1,-27.3,-24.2,0.0,-27,3
TM,TEAM_CR,669,725478,0.0,1.1,1.5,-1.5,-0.1,-24.2,-24.2,0.0,-26,3
TM,TEAM_CR,670,725518,0.0,1.3,1.5,-1.5,0.6,-27.8,-24.3,0.0,-28,3
TM,TEAM_CR,671,725564,0.0,1.3,1.5,-1.5,0.0,-27.3,-24.3,0.0,-27,3
TM,TEAM_CR,672,725604,0.0,1.3,1.5,-1.5,-0.6,-24.3,-24.3,0.0,-26,3
TM,TEAM_CR,673,725644,0.0,1.3,1.5,-1.5,0.5,-24.3,-24.3,0.0,-24,3
TM,TEAM_CR,674,725684,0.0,1.3,1.5,-1.5,0.9,-28.3,-24.3,0.0,-26,3
TM,ADCS_MODE,MANUAL,ADCS_REFERENCE,SUN,TARGET,0.00,POINTING_ERROR,-42.57,SUN_ERROR,-42.44,MAG_ERROR,156.26,GYRO_Z,-0.171,RW_CMD,0
TM,EST_RAW,42.44,EST_FILTERED,42.44,EST_ANGLE,42.57,EST_FILTER,ON,EST_FILTER_TYPE,MOVING_AVERAGE,EST_MA_WINDOW,1,EST_FILTER_STRENGTH,0.35
TM,EST_FUSION,ON,EST_GYRO_WEIGHT,0.98,EST_VALID,1
TM,TEAM_CR,675,725738,0.0,1.3,1.5,-1.5,-0.1,-24.4,-24.4,0.0,-26,3
TM,TEAM_CR,676,725779,0.0,1.4,1.5,-1.5,0.3,-24.4,-24.4,0.0,-24,3
TM,SUN_L,3518,SUN_R,2927,SUN_NDV,0.0917,SUN_ANGLE,42.39
TM,MAG_X,-6.11,MAG_Y,-2.69,MAG_Z,-18.75,MAG_HEADING,203.74
TM,GYRO_X,-1.076,GYRO_Y,-2.118,GYRO_Z,0.074,BODY_RATE,-0.074
TM,TEAM_CR,677,725818,0.0,1.5,1.5,-1.5,0.3,-27.7,-24.4,0.0,-28,3
TM,TEAM_CR,678,725858,0.0,1.5,1.5,-1.5,-0.7,-24.4,-24.4,0.0,-26,3
TM,TEAM_CR,679,725898,0.0,1.3,1.5,-1.5,0.0,-24.4,-24.4,0.0,-24,3
TM,TEAM_CR,680,725939,0.0,1.4,1.5,-1.5,0.6,-24.4,-24.4,0.0,-24,3
TM,TEAM_CR,681,725979,0.0,1.5,1.5,-1.5,0.3,-27.8,-24.4,0.0,-26,3
TM,TEAM_CR,682,726019,0.0,1.4,1.5,-1.5,-0.2,-24.4,-24.4,0.0,-24,3
TM,TEAM_CR,683,726065,0.0,1.1,1.5,-1.5,0.4,-24.4,-24.4,0.0,-24,3
TM,TEAM_CR,684,726118,0.0,1.2,1.5,-1.5,0.1,-24.4,-24.4,0.0,-24,3
TM,TEAM_CR,685,726158,0.0,1.1,1.5,-1.5,0.1,-24.4,-24.4,0.0,-24,3
TM,TEAM_CR,686,726199,0.0,1.1,1.5,-1.5,0.7,-24.4,-24.4,0.0,-24,3
TM,TEAM_CR,687,726238,0.0,1.2,1.5,-1.5,0.3,-24.4,-24.4,0.0,-24,3
TM,TEAM_CR,688,726278,0.0,1.2,1.5,-1.5,-0.4,-24.4,-24.4,0.0,-24,3
TM,TEAM_CR,689,726318,0.0,1.4,1.5,-1.5,0.7,-24.4,-24.4,0.0,-24,3
TM,TEAM_CR,690,726358,0.0,1.3,1.5,-1.5,0.5,-28.0,-24.4,0.0,-26,3
TM,TEAM_CR,691,726398,0.0,1.4,1.5,-1.5,-0.6,-24.4,-24.4,0.0,-27,3
TM,TEAM_CR,692,726438,0.0,1.3,1.5,-1.5,0.2,-24.4,-24.4,0.0,-24,3
TM,TEAM_CR,693,726478,0.0,1.4,1.5,-1.5,0.7,-28.2,-24.5,0.0,-26,3
TM,TEAM_CR,694,726518,0.0,1.4,1.5,-1.5,-0.3,-27.2,-24.5,0.0,-27,3
TM,TEAM_CR,695,726564,0.0,1.2,1.5,-1.5,0.0,-24.5,-24.5,0.0,-24,3
TM,SUN_L,3518,SUN_R,2927,SUN_NDV,0.0917,SUN_ANGLE,42.52
TM,MAG_X,-6.10,MAG_Y,-2.70,MAG_Z,-18.56,MAG_HEADING,203.92
TM,GYRO_X,-1.059,GYRO_Y,-2.380,GYRO_Z,-0.101,BODY_RATE,0.101
TM,TEAM_CR,696,726604,0.0,1.3,1.5,-1.5,0.5,-24.5,-24.5,0.0,-24,3
TM,ADCS_MODE,MANUAL,ADCS_REFERENCE,SUN,TARGET,0.00,POINTING_ERROR,-42.56,SUN_ERROR,-42.38,MAG_ERROR,157.60,GYRO_Z,-0.171,RW_CMD,0
TM,EST_RAW,42.38,EST_FILTERED,42.38,EST_ANGLE,42.56,EST_FILTER,ON,EST_FILTER_TYPE,MOVING_AVERAGE,EST_MA_WINDOW,1,EST_FILTER_STRENGTH,0.35
TM,EST_FUSION,ON,EST_GYRO_WEIGHT,0.98,EST_VALID,1
TM,TEAM_CR,697,726644,0.0,1.2,1.5,-1.5,0.1,-24.5,-24.5,0.0,-24,3
TM,TEAM_CR,698,726684,0.0,1.3,1.5,-1.5,0.2,-24.5,-24.5,0.0,-24,3
TM,TEAM_CR,699,726738,0.0,1.2,1.5,-1.5,0.4,-24.5,-24.5,0.0,-24,3
TM,TEAM_CR,700,726778,0.0,1.4,1.5,-1.5,-0.1,-24.5,-24.5,0.0,-27,3
TM,TEAM_CR,701,726818,0.0,1.4,1.5,-1.5,0.1,-24.5,-24.5,0.0,-25,3
TM,TEAM_CR,702,726858,0.0,1.3,1.5,-1.5,0.6,-24.5,-24.5,0.0,-25,3
TM,TEAM_CR,703,726898,0.0,1.3,1.5,-1.5,0.2,-27.7,-24.5,0.0,-28,3
TM,TEAM_CR,704,726938,0.0,1.2,1.5,-1.5,-0.2,-24.5,-24.5,0.0,-25,3
TM,TEAM_CR,705,726978,0.0,1.2,1.5,-1.5,0.4,-24.5,-24.5,0.0,-25,3
TM,TEAM_CR,706,727018,0.0,1.3,1.5,-1.5,0.1,-24.5,-24.5,0.0,-25,3
TM,TEAM_CR,707,727064,0.0,1.4,1.5,-1.5,-0.3,-24.5,-24.5,0.0,-27,3
TM,TEAM_CR,708,727118,0.0,1.4,1.5,-1.5,0.4,-28.0,-24.6,0.0,-27,3
TM,TEAM_CR,709,727159,0.0,1.2,1.5,-1.5,-0.2,-24.6,-24.6,0.0,-27,3
TM,TEAM_CR,710,727198,0.0,1.2,1.5,-1.5,-0.4,-24.6,-24.6,0.0,-25,3
TM,TEAM_CR,711,727238,0.0,1.0,1.5,-1.5,0.5,-24.6,-24.6,0.0,-25,3
TM,TEAM_CR,712,727278,0.0,1.3,1.5,-1.5,0.2,-24.6,-24.6,0.0,-25,3
TM,TEAM_CR,713,727318,0.0,1.3,1.5,-1.5,0.0,-24.6,-24.6,0.0,-25,3
TM,SUN_L,3520,SUN_R,2928,SUN_NDV,0.0918,SUN_ANGLE,42.42
TM,MAG_X,-6.13,MAG_Y,-2.78,MAG_Z,-18.90,MAG_HEADING,204.43
TM,GYRO_X,-1.085,GYRO_Y,-2.188,GYRO_Z,-0.171,BODY_RATE,0.171
TM,TEAM_CR,714,727358,0.0,1.2,1.5,-1.5,0.4,-24.6,-24.6,0.0,-25,3
TM,TEAM_CR,715,727398,0.0,1.4,1.5,-1.5,0.1,-24.6,-24.6,0.0,-25,3
TM,TEAM_CR,716,727438,0.0,1.4,1.5,-1.5,-0.2,-24.6,-24.6,0.0,-25,3
TM,TEAM_CR,717,727478,0.0,1.3,1.5,-1.5,0.2,-24.6,-24.6,0.0,-25,3
TM,TEAM_CR,718,727519,0.0,1.2,1.5,-1.5,0.5,-24.6,-24.6,0.0,-25,3
TM,TEAM_CR,719,727565,0.0,1.4,1.5,-1.5,-0.3,-24.6,-24.6,0.0,-25,3
TM,ADCS_MODE,MANUAL,ADCS_REFERENCE,SUN,TARGET,0.00,POINTING_ERROR,-42.55,SUN_ERROR,-42.44,MAG_ERROR,155.57,GYRO_Z,0.074,RW_CMD,0
TM,EST_RAW,42.44,EST_FILTERED,42.44,EST_ANGLE,42.55,EST_FILTER,ON,EST_FILTER_TYPE,MOVING_AVERAGE,EST_MA_WINDOW,1,EST_FILTER_STRENGTH,0.35
TM,EST_FUSION,ON,EST_GYRO_WEIGHT,0.98,EST_VALID,1
TM,TEAM_CR,720,727605,0.0,1.4,1.5,-1.5,0.1,-24.6,-24.6,0.0,-25,3
TM,TEAM_CR,721,727645,0.0,1.4,1.5,-1.5,0.2,-24.6,-24.6,0.0,-25,3
TM,TEAM_CR,722,727686,0.0,1.4,1.5,-1.5,0.0,-24.6,-24.6,0.0,-25,3
TM,TEAM_CR,723,727738,0.0,1.3,1.5,-1.5,0.5,-24.6,-24.6,0.0,-25,3
TM,TEAM_CR,724,727778,0.0,1.4,1.5,-1.5,0.3,-27.9,-24.6,0.0,-27,3
TM,TEAM_CR,725,727818,0.0,1.4,1.5,-1.5,-0.3,-24.6,-24.6,0.0,-25,3
TM,TEAM_CR,726,727858,0.0,1.4,1.5,-1.5,0.2,-24.6,-24.6,0.0,-25,3
TM,TEAM_CR,727,727898,0.0,1.4,1.5,-1.5,0.4,-28.1,-24.6,0.0,-27,3
TM,TEAM_CR,728,727938,0.0,1.4,1.5,-1.5,-0.4,-24.6,-24.6,0.0,-27,3
TM,TEAM_CR,729,727978,0.0,1.4,1.5,-1.5,0.2,-24.6,-24.6,0.0,-25,3
TM,TEAM_CR,730,728018,0.0,1.3,1.5,-1.5,0.4,-24.6,-24.6,0.0,-25,3
TM,TEAM_CR,731,728064,0.0,1.4,1.5,-1.5,-0.2,-24.6,-24.6,0.0,-25,3
TM,SUN_L,3518,SUN_R,2927,SUN_NDV,0.0917,SUN_ANGLE,42.42
TM,MAG_X,-5.98,MAG_Y,-2.75,MAG_Z,-18.50,MAG_HEADING,204.70
TM,GYRO_X,-1.365,GYRO_Y,-2.275,GYRO_Z,-0.381,BODY_RATE,0.381
TM,TEAM_CR,732,728118,0.0,1.3,1.5,-1.5,0.6,-28.3,-24.6,0.0,-27,3
TM,TEAM_CR,733,728158,0.0,1.2,1.5,-1.5,0.2,-27.8,-24.7,0.0,-28,3
TM,TEAM_CR,734,728198,0.0,1.0,1.5,-1.5,-0.6,-24.7,-24.7,0.0,-25,3
TM,TEAM_CR,735,728238,0.0,1.3,1.5,-1.5,0.5,-24.7,-24.7,0.0,-25,3
TM,TEAM_CR,736,728278,0.0,1.1,1.5,-1.5,0.5,-24.7,-24.7,0.0,-25,3
TM,TEAM_CR,737,728318,0.0,1.3,1.5,-1.5,0.1,-24.7,-24.7,0.0,-25,3
TM,TEAM_CR,738,728358,0.0,1.1,1.5,-1.5,0.7,-24.7,-24.7,0.0,-25,3
TM,TEAM_CR,739,728399,0.0,1.1,1.5,-1.5,0.3,-28.0,-24.7,0.0,-28,3
TM,TEAM_CR,740,728438,0.0,1.3,1.5,-1.5,-0.5,-24.7,-24.7,0.0,-25,3
TM,TEAM_CR,741,728478,0.0,1.2,1.5,-1.5,0.2,-24.7,-24.7,0.0,-25,3
TM,TEAM_CR,742,728518,0.0,1.1,1.5,-1.5,0.4,-24.7,-24.7,0.0,-25,3
TM,ADCS_MODE,MANUAL,ADCS_REFERENCE,SUN,TARGET,0.00,POINTING_ERROR,-42.56,SUN_ERROR,-42.39,MAG_ERROR,156.44,GYRO_Z,-0.153,RW_CMD,0
TM,EST_RAW,42.39,EST_FILTERED,42.39,EST_ANGLE,42.56,EST_FILTER,ON,EST_FILTER_TYPE,MOVING_AVERAGE,EST_MA_WINDOW,1,EST_FILTER_STRENGTH,0.35
TM,EST_FUSION,ON,EST_GYRO_WEIGHT,0.98,EST_VALID,1
TM,TEAM_CR,743,728565,0.0,1.2,1.5,-1.5,0.0,-24.7,-24.7,0.0,-25,3
TM,TEAM_CR,744,728606,0.0,1.5,1.5,-1.5,0.2,-24.7,-24.7,0.0,-25,3
TM,TEAM_CR,745,728645,0.0,1.4,1.5,-1.5,0.4,-28.1,-24.7,0.0,-27,3
TM,TEAM_CR,746,728685,0.0,1.4,1.5,-1.5,-0.1,-24.7,-24.7,0.0,-26,3
TM,TEAM_CR,747,728737,0.0,1.3,1.5,-1.5,0.2,-28.0,-24.8,0.0,-28,3
TM,TEAM_CR,748,728777,0.0,1.4,1.5,-1.5,0.0,-24.8,-24.8,0.0,-27,3
TM,TEAM_CR,749,728817,0.0,1.3,1.5,-1.5,0.1,-24.8,-24.8,0.0,-25,3
TM,SUN_L,3519,SUN_R,2931,SUN_NDV,0.0912,SUN_ANGLE,42.40
TM,MAG_X,-6.13,MAG_Y,-2.67,MAG_Z,-18.78,MAG_HEADING,203.56
TM,GYRO_X,-0.901,GYRO_Y,-2.590,GYRO_Z,-0.162,BODY_RATE,0.162
TM,TEAM_CR,750,728857,0.0,1.3,1.5,-1.5,0.7,-24.8,-24.8,0.0,-25,3
TM,TEAM_CR,751,728897,0.0,1.3,1.5,-1.5,0.3,-28.1,-24.8,0.0,-28,3
TM,TEAM_CR,752,728938,0.0,1.4,1.5,-1.5,0.0,-24.8,-24.8,0.0,-25,3
TM,TEAM_CR,753,728978,0.0,1.4,1.5,-1.5,0.3,-24.8,-24.8,0.0,-25,3
TM,TEAM_CR,754,729018,0.0,1.3,1.5,-1.5,0.1,-24.8,-24.8,0.0,-25,3
TM,TEAM_CR,755,729065,0.0,1.2,1.5,-1.5,0.1,-24.8,-24.8,0.0,-25,3
TM,TEAM_CR,756,729118,0.0,1.3,1.5,-1.5,0.2,-24.8,-24.8,0.0,-25,3
TM,TEAM_CR,757,729158,0.0,1.3,1.5,-1.5,0.0,-24.8,-24.8,0.0,-25,3
TM,TEAM_CR,758,729198,0.0,1.4,1.5,-1.5,0.3,-24.8,-24.8,0.0,-25,3
TM,TEAM_CR,759,729239,0.0,1.2,1.5,-1.5,0.2,-24.8,-24.8,0.0,-25,3
TM,TEAM_CR,760,729278,0.0,1.4,1.5,-1.5,0.0,-24.8,-24.8,0.0,-25,3
TM,TEAM_CR,761,729318,0.0,1.4,1.5,-1.5,0.0,-24.8,-24.8,0.0,-25,3
TM,TEAM_CR,762,729358,0.0,1.4,1.5,-1.5,0.2,-24.8,-24.8,0.0,-25,3
TM,TEAM_CR,763,729398,0.0,1.4,1.5,-1.5,0.1,-24.8,-24.8,0.0,-25,3
TM,TEAM_CR,764,729438,0.0,1.3,1.5,-1.5,0.3,-24.8,-24.8,0.0,-25,3
TM,TEAM_CR,765,729478,0.0,1.3,1.5,-1.5,0.5,-24.8,-24.8,0.0,-25,3
TM,ADCS_MODE,MANUAL,ADCS_REFERENCE,SUN,TARGET,0.00,POINTING_ERROR,-42.55,SUN_ERROR,-42.34,MAG_ERROR,155.41,GYRO_Z,0.004,RW_CMD,0
TM,EST_RAW,42.34,EST_FILTERED,42.34,EST_ANGLE,42.55,EST_FILTER,ON,EST_FILTER_TYPE,MOVING_AVERAGE,EST_MA_WINDOW,1,EST_FILTER_STRENGTH,0.35
TM,EST_FUSION,ON,EST_GYRO_WEIGHT,0.98,EST_VALID,1
TM,TEAM_CR,766,729518,0.0,1.3,1.5,-1.5,-0.1,-24.8,-24.8,0.0,-25,3
TM,TEAM_CR,767,729564,0.0,1.4,1.5,-1.5,0.2,-24.8,-24.8,0.0,-25,3
TM,SUN_L,3519,SUN_R,2928,SUN_NDV,0.0917,SUN_ANGLE,42.41
TM,MAG_X,-6.16,MAG_Y,-2.62,MAG_Z,-18.82,MAG_HEADING,203.07
TM,GYRO_X,-1.120,GYRO_Y,-2.161,GYRO_Z,0.074,BODY_RATE,-0.074
TM,TEAM_CR,768,729604,0.0,1.3,1.5,-1.5,0.1,-24.8,-24.8,0.0,-25,3
TM,TEAM_CR,769,729644,0.0,1.3,1.5,-1.5,0.4,-24.8,-24.8,0.0,-25,3
TM,TEAM_CR,770,729684,0.0,1.2,1.5,-1.5,0.1,-24.8,-24.8,0.0,-25,3
TM,TEAM_CR,771,729738,0.0,1.4,1.5,-1.5,-0.2,-24.8,-24.8,0.0,-25,3
TM,TEAM_CR,772,729778,0.0,1.1,1.5,-1.5,0.2,-24.8,-24.8,0.0,-25,3
TM,TEAM_CR,773,729818,0.0,1.1,1.5,-1.5,0.1,-24.8,-24.8,0.0,-25,3
TM,TEAM_CR,774,729858,0.0,1.3,1.5,-1.5,0.1,-24.8,-24.8,0.0,-25,3
TM,TEAM_CR,775,729898,0.0,1.2,1.5,-1.5,0.2,-24.8,-24.8,0.0,-25,3
TM,TEAM_CR,776,729938,0.0,1.2,1.5,-1.5,0.1,-24.8,-24.8,0.0,-25,3
TM,TEAM_CR,777,729978,0.0,1.4,1.5,-1.5,-0.1,-24.8,-24.8,0.0,-25,3
TM,TEAM_CR,778,730018,0.0,1.3,1.5,-1.5,0.2,-24.8,-24.8,0.0,-25,3
TM,TEAM_CR,779,730064,0.0,1.3,1.5,-1.5,0.4,-24.8,-24.8,0.0,-25,3
TM,TEAM_CR,780,730118,0.0,1.4,1.5,-1.5,0.1,-24.8,-24.8,0.0,-25,3
TM,TEAM_CR,781,730157,0.0,1.4,1.5,-1.5,0.4,-24.8,-24.8,0.0,-25,3
TM,TEAM_CR,782,730197,0.0,1.4,1.5,-1.5,0.2,-24.8,-24.8,0.0,-25,3
TM,TEAM_CR,783,730237,0.0,1.4,1.5,-1.5,0.6,-24.8,-24.8,0.0,-25,3
TM,TEAM_CR,784,730277,0.0,1.4,1.5,-1.5,0.4,-24.8,-24.8,0.0,-25,3
TM,TEAM_CR,785,730318,0.0,1.5,1.5,-1.5,-0.1,-24.8,-24.8,0.0,-25,3
TM,TEAM_CR,786,730358,0.0,1.0,1.5,-1.5,0.1,-24.8,-24.8,0.0,-25,3
TM,SUN_L,3519,SUN_R,2928,SUN_NDV,0.0917,SUN_ANGLE,42.35
TM,MAG_X,-6.11,MAG_Y,-2.69,MAG_Z,-18.94,MAG_HEADING,203.74
TM,GYRO_X,-0.910,GYRO_Y,-2.293,GYRO_Z,-0.241,BODY_RATE,0.241
TM,TEAM_CR,787,730398,0.0,1.3,1.5,-1.5,0.0,-24.8,-24.8,0.0,-25,3
TM,ADCS_MODE,MANUAL,ADCS_REFERENCE,SUN,TARGET,0.00,POINTING_ERROR,-42.55,SUN_ERROR,-42.34,MAG_ERROR,156.26,GYRO_Z,-0.328,RW_CMD,0
TM,EST_RAW,42.34,EST_FILTERED,42.34,EST_ANGLE,42.55,EST_FILTER,ON,EST_FILTER_TYPE,MOVING_AVERAGE,EST_MA_WINDOW,1,EST_FILTER_STRENGTH,0.35
TM,EST_FUSION,ON,EST_GYRO_WEIGHT,0.98,EST_VALID,1
TM,TEAM_CR,788,730438,0.0,1.5,1.5,-1.5,0.3,-24.8,-24.8,0.0,-25,3
TM,TEAM_CR,789,730478,0.0,1.3,1.5,-1.5,0.1,-24.8,-24.8,0.0,-25,3
TM,TEAM_CR,790,730518,0.0,1.2,1.5,-1.5,0.5,-24.8,-24.8,0.0,-25,3
TM,TEAM_CR,791,730564,0.0,1.4,1.5,-1.5,0.2,-24.8,-24.8,0.0,-25,3
TM,TEAM_CR,792,730604,0.0,1.4,1.5,-1.5,0.1,-24.8,-24.8,0.0,-25,3
TM,TEAM_CR,793,730644,0.0,1.3,1.5,-1.5,0.4,-24.8,-24.8,0.0,-25,3
TM,TEAM_CR,794,730685,0.0,1.3,1.5,-1.5,0.1,-24.8,-24.8,0.0,-25,3
TM,TEAM_CR,795,730738,0.0,1.3,1.5,-1.5,0.3,-28.2,-24.8,0.0,-28,3
TM,TEAM_CR,796,730778,0.0,1.1,1.5,-1.5,-0.3,-24.8,-24.8,0.0,-25,3
TM,TEAM_CR,797,730818,0.0,1.4,1.5,-1.5,-0.1,-24.8,-24.8,0.0,-25,3
TM,TEAM_CR,798,730858,0.0,1.3,1.5,-1.5,0.2,-24.8,-24.8,0.0,-25,3
TM,TEAM_CR,799,730898,0.0,1.5,1.5,-1.5,0.6,-24.8,-24.8,0.0,-25,3
TM,TEAM_CR,800,730938,0.0,1.3,1.5,-1.5,0.3,-24.8,-24.8,0.0,-25,3
TM,TEAM_CR,801,730978,0.0,1.3,1.5,-1.5,0.3,-28.2,-24.9,0.0,-28,3
TM,TEAM_CR,802,731018,0.0,1.3,1.5,-1.5,-0.2,-24.9,-24.9,0.0,-25,3
TM,TEAM_CR,803,731064,0.0,1.5,1.5,-1.5,0.0,-24.9,-24.9,0.0,-25,3
TM,TEAM_CR,804,731118,0.0,1.3,1.5,-1.5,0.3,-24.9,-24.9,0.0,-25,3
TM,SUN_L,3524,SUN_R,2929,SUN_NDV,0.0922,SUN_ANGLE,42.29
TM,MAG_X,-6.24,MAG_Y,-2.70,MAG_Z,-18.75,MAG_HEADING,203.43
TM,GYRO_X,-0.910,GYRO_Y,-2.196,GYRO_Z,-0.206,BODY_RATE,0.206
TM,TEAM_CR,805,731158,0.0,1.2,1.5,-1.5,0.4,-24.9,-24.9,0.0,-25,3
TM,TEAM_CR,806,731198,0.0,1.3,1.5,-1.5,0.1,-24.9,-24.9,0.0,-25,3
TM,TEAM_CR,807,731238,0.0,1.5,1.5,-1.5,0.4,-28.3,-24.9,0.0,-27,3
TM,TEAM_CR,808,731278,0.0,1.3,1.5,-1.5,0.0,-24.9,-24.9,0.0,-27,3
TM,TEAM_CR,809,731318,0.0,1.4,1.5,-1.5,0.1,-24.9,-24.9,0.0,-25,3
TM,TEAM_CR,810,731358,0.0,1.3,1.5,-1.5,0.1,-24.9,-24.9,0.0,-25,3
TM,ADCS_MODE,MANUAL,ADCS_REFERENCE,SUN,TARGET,0.00,POINTING_ERROR,-42.54,SUN_ERROR,-42.35,MAG_ERROR,156.00,GYRO_Z,-0.171,RW_CMD,0
TM,EST_RAW,42.35,EST_FILTERED,42.35,EST_ANGLE,42.54,EST_FILTER,ON,EST_FILTER_TYPE,MOVING_AVERAGE,EST_MA_WINDOW,1,EST_FILTER_STRENGTH,0.35
TM,EST_FUSION,ON,EST_GYRO_WEIGHT,0.98,EST_VALID,1
TM,TEAM_CR,811,731398,0.0,1.2,1.5,-1.5,0.1,-24.9,-24.9,0.0,-25,3
TM,TEAM_CR,812,731438,0.0,1.3,1.5,-1.5,0.1,-24.9,-24.9,0.0,-25,3
TM,TEAM_CR,813,731478,0.0,1.4,1.5,-1.5,0.3,-24.9,-24.9,0.0,-25,3
TM,TEAM_CR,814,731518,0.0,1.4,1.5,-1.5,0.7,-28.6,-24.9,0.0,-29,3
TM,TEAM_CR,815,731565,0.0,1.3,1.5,-1.5,-0.4,-24.9,-24.9,0.0,-27,3
TM,TEAM_CR,816,731605,0.0,1.3,1.5,-1.5,-0.3,-24.9,-24.9,0.0,-25,3
TM,TEAM_CR,817,731645,0.0,1.3,1.5,-1.5,0.5,-24.9,-24.9,0.0,-25,3
TM,TEAM_CR,818,731685,0.0,1.2,1.5,-1.5,0.2,-24.9,-24.9,0.0,-25,3
TM,TEAM_CR,819,731738,0.0,1.5,1.5,-1.5,0.7,-28.6,-25.0,0.0,-27,3
TM,TEAM_CR,820,731778,0.0,1.3,1.5,-1.5,0.2,-28.3,-25.0,0.0,-28,3
TM,TEAM_CR,821,731818,0.0,1.2,1.5,-1.5,-0.3,-27.8,-25.0,0.0,-28,3
TM,TEAM_CR,822,731858,0.0,1.3,1.5,-1.5,-0.6,-25.0,-25.0,0.0,-25,3
TM,SUN_L,3518,SUN_R,2929,SUN_NDV,0.0914,SUN_ANGLE,42.37
TM,MAG_X,-6.14,MAG_Y,-2.74,MAG_Z,-18.78,MAG_HEADING,204.00
TM,GYRO_X,-0.962,GYRO_Y,-2.223,GYRO_Z,-0.039,BODY_RATE,0.039
TM,TEAM_CR,823,731898,0.0,1.3,1.4,-1.4,-0.9,-25.0,-25.0,0.0,-25,3
TM,TEAM_CR,824,731938,0.0,1.3,1.4,-1.4,-0.8,-25.0,-25.0,0.0,-25,3
TM,TEAM_CR,825,731978,0.0,1.1,1.4,-1.4,-0.7,-25.0,-25.0,0.0,-25,3
TM,TEAM_CR,826,732018,0.0,1.2,1.3,-1.3,-0.4,-25.0,-25.0,0.0,-25,3
TM,TEAM_CR,827,732065,0.0,1.1,1.3,-1.3,0.0,-25.0,-25.0,0.0,-25,3
TM,TEAM_CR,828,732118,0.0,1.2,1.3,-1.3,0.2,-25.0,-25.0,0.0,-25,3
TM,TEAM_CR,829,732158,0.0,1.3,1.3,-1.3,-0.3,-25.0,-25.0,0.0,-25,3
TM,TEAM_CR,830,732198,0.0,1.2,1.3,-1.3,0.3,-25.0,-25.0,0.0,-25,3
TM,TEAM_CR,831,732238,0.0,1.1,1.3,-1.3,0.2,-25.0,-25.0,0.0,-25,3
TM,TEAM_CR,832,732278,0.0,1.0,1.3,-1.3,0.1,-25.0,-25.0,0.0,-25,3
TM,TEAM_CR,833,732319,0.0,1.0,1.3,-1.3,0.1,-25.0,-25.0,0.0,-25,3
TM,ADCS_MODE,MANUAL,ADCS_REFERENCE,SUN,TARGET,0.00,POINTING_ERROR,-42.54,SUN_ERROR,-42.40,MAG_ERROR,156.66,GYRO_Z,-0.109,RW_CMD,0
TM,EST_RAW,42.40,EST_FILTERED,42.40,EST_ANGLE,42.54,EST_FILTER,ON,EST_FILTER_TYPE,MOVING_AVERAGE,EST_MA_WINDOW,1,EST_FILTER_STRENGTH,0.35
TM,EST_FUSION,ON,EST_GYRO_WEIGHT,0.98,EST_VALID,1
TM,TEAM_CR,834,732358,0.0,1.1,1.3,-1.3,-0.3,-25.0,-25.0,0.0,-25,3
TM,TEAM_CR,835,732398,0.0,1.0,1.3,-1.3,0.2,-25.0,-25.0,0.0,-25,3
TM,TEAM_CR,836,732438,0.0,1.1,1.3,-1.3,-0.3,-25.0,-25.0,0.0,-25,3
TM,TEAM_CR,837,732478,0.0,1.1,1.2,-1.2,-0.7,-25.0,-25.0,0.0,-25,3
TM,TEAM_CR,838,732518,0.0,1.1,1.2,-1.2,-0.3,-25.0,-25.0,0.0,-25,3
TM,TEAM_CR,839,732564,0.0,1.0,1.2,-1.2,-0.6,-25.0,-25.0,0.0,-25,3
TM,TEAM_CR,840,732604,0.0,1.2,1.2,-1.2,-0.1,-25.0,-25.0,0.0,-25,3
TM,SUN_L,3519,SUN_R,2928,SUN_NDV,0.0917,SUN_ANGLE,42.38
TM,MAG_X,-6.06,MAG_Y,-2.80,MAG_Z,-18.90,MAG_HEADING,204.78
TM,GYRO_X,-1.146,GYRO_Y,-2.091,GYRO_Z,-0.031,BODY_RATE,0.031
TM,TEAM_CR,841,732644,0.0,0.8,1.1,-1.1,-0.2,-25.0,-25.0,0.0,-25,3
TM,TEAM_CR,842,732684,0.0,1.0,1.1,-1.1,-0.9,-25.0,-25.0,0.0,-25,3
TM,TEAM_CR,843,732738,0.0,0.6,1.1,-1.1,-0.3,-25.0,-25.0,0.0,-25,3
TM,TEAM_CR,844,732778,0.0,0.9,1.0,-1.0,-0.4,-25.0,-25.0,0.0,-25,3
TM,TEAM_CR,845,732818,0.0,0.7,1.0,-1.0,-0.7,-25.0,-25.0,0.0,-25,3
TM,TEAM_CR,846,732858,0.0,0.5,1.0,-1.0,0.3,-25.0,-25.0,0.0,-25,3
TM,TEAM_CR,847,732898,0.0,0.6,1.0,-1.0,-0.7,-25.0,-25.0,0.0,-25,3
TM,TEAM_CR,848,732939,0.0,1.0,1.0,-1.0,0.6,-25.0,-25.0,0.0,-25,3
TM,TEAM_CR,849,732979,0.0,0.9,1.0,-1.0,1.1,-25.0,-25.0,0.0,-25,3
TM,TEAM_CR,850,733019,0.0,0.7,1.0,-1.0,-0.4,-25.0,-25.0,0.0,-25,3
TM,TEAM_CR,851,733065,0.0,0.8,1.0,-1.0,0.7,-25.0,-25.0,0.0,-25,3
TM,TEAM_CR,852,733118,0.0,0.9,1.0,-1.0,-1.0,-25.0,-25.0,0.0,-25,3
TM,TEAM_CR,853,733158,0.0,0.8,1.0,-1.0,0.1,-25.0,-25.0,0.0,-25,3
TM,TEAM_CR,854,733198,0.0,0.7,1.0,-1.0,0.4,-25.0,-25.0,0.0,-25,3
TM,TEAM_CR,855,733238,0.0,0.9,1.0,-1.0,-0.4,-25.0,-25.0,0.0,-25,3
TM,TEAM_CR,856,733278,0.0,0.7,1.0,-1.0,1.0,-25.0,-25.0,0.0,-25,3
TM,ADCS_MODE,MANUAL,ADCS_REFERENCE,SUN,TARGET,0.00,POINTING_ERROR,-42.54,SUN_ERROR,-42.37,MAG_ERROR,156.06,GYRO_Z,-0.083,RW_CMD,0
TM,EST_RAW,42.37,EST_FILTERED,42.37,EST_ANGLE,42.54,EST_FILTER,ON,EST_FILTER_TYPE,MOVING_AVERAGE,EST_MA_WINDOW,1,EST_FILTER_STRENGTH,0.35
TM,EST_FUSION,ON,EST_GYRO_WEIGHT,0.98,EST_VALID,1
TM,TEAM_CR,857,733318,0.0,1.0,1.0,-1.0,0.0,-25.0,-25.0,0.0,-25,3
TM,TEAM_CR,858,733358,0.0,1.1,1.0,-1.0,0.0,-25.0,-25.0,0.0,-25,3
TM,SUN_L,3519,SUN_R,2927,SUN_NDV,0.0918,SUN_ANGLE,42.43
TM,MAG_X,-6.42,MAG_Y,-2.85,MAG_Z,-18.80,MAG_HEADING,203.94
TM,GYRO_X,-0.971,GYRO_Y,-2.091,GYRO_Z,-0.241,BODY_RATE,0.241
TM,TEAM_CR,859,733398,0.0,0.8,1.0,-1.0,0.6,-25.0,-25.0,0.0,-25,3
TM,TEAM_CR,860,733438,0.0,0.9,1.0,-1.0,-0.7,-25.0,-25.0,0.0,-25,3
TM,TEAM_CR,861,733478,0.0,0.5,1.0,-1.0,0.9,-25.0,-25.0,0.0,-25,3
TM,TEAM_CR,862,733518,0.0,1.0,1.0,-1.0,0.4,-25.0,-25.0,0.0,-25,3
TM,TEAM_CR,863,733564,0.0,0.9,1.0,-1.0,0.7,-25.0,-25.0,0.0,-25,3
TM,TEAM_CR,864,733604,0.0,0.9,1.0,-1.0,1.3,-25.0,-25.0,0.0,-25,3
TM,TEAM_CR,865,733644,0.0,0.9,1.0,-1.0,-0.2,-25.0,-25.0,0.0,-25,3
TM,TEAM_CR,866,733684,0.0,0.8,1.1,-1.1,0.6,-25.0,-25.0,0.0,-25,3
TM,TEAM_CR,867,733738,0.0,0.7,1.0,-1.0,-0.4,-25.0,-25.0,0.0,-25,3
TM,TEAM_CR,868,733778,0.0,0.9,1.0,-1.0,0.0,-25.0,-25.0,0.0,-25,3
TM,TEAM_CR,869,733818,0.0,0.7,1.0,-1.0,0.1,-25.0,-25.0,0.0,-25,3
TM,TEAM_CR,870,733858,0.0,1.0,1.0,-1.0,-1.0,-25.0,-25.0,0.0,-25,3
TM,TEAM_CR,871,733898,0.0,0.7,1.0,-1.0,0.6,-25.0,-25.0,0.0,-25,3
TM,TEAM_CR,872,733938,0.0,1.0,1.0,-1.0,0.0,-25.0,-25.0,0.0,-25,3
TM,TEAM_CR,873,733978,0.0,0.7,1.0,-1.0,0.6,-25.0,-25.0,0.0,-25,3
TM,TEAM_CR,874,734018,0.0,0.6,1.0,-1.0,1.0,-25.0,-25.0,0.0,-25,3
TM,TEAM_CR,875,734063,0.0,0.9,1.0,-1.0,-0.3,-25.0,-25.0,0.0,-25,3
TM,TEAM_CR,876,734103,0.0,0.6,1.0,-1.0,0.7,-25.0,-25.0,0.0,-25,3
TM,TEAM_CR,877,734143,0.0,0.9,1.0,-1.0,-0.2,-25.0,-25.0,0.0,-25,3
TM,SUN_L,3519,SUN_R,2928,SUN_NDV,0.0917,SUN_ANGLE,42.46
TM,MAG_X,-6.10,MAG_Y,-2.54,MAG_Z,-18.74,MAG_HEADING,202.65
TM,GYRO_X,-0.752,GYRO_Y,-2.441,GYRO_Z,-0.179,BODY_RATE,0.179
TM,TEAM_CR,878,734184,0.0,0.8,1.0,-1.0,0.0,-25.0,-25.0,0.0,-25,3
TM,ADCS_MODE,MANUAL,ADCS_REFERENCE,SUN,TARGET,0.00,POINTING_ERROR,-42.55,SUN_ERROR,-42.43,MAG_ERROR,157.35,GYRO_Z,-0.214,RW_CMD,0
TM,EST_RAW,42.43,EST_FILTERED,42.43,EST_ANGLE,42.55,EST_FILTER,ON,EST_FILTER_TYPE,MOVING_AVERAGE,EST_MA_WINDOW,1,EST_FILTER_STRENGTH,0.35
TM,EST_FUSION,ON,EST_GYRO_WEIGHT,0.98,EST_VALID,1
TM,TEAM_CR,879,734223,0.0,0.7,1.0,-1.0,0.6,-25.0,-25.0,0.0,-25,3
TM,TEAM_CR,880,734263,0.0,1.0,1.0,-1.0,-1.3,-25.0,-25.0,0.0,-25,3
TM,TEAM_CR,881,734303,0.0,0.7,1.0,-1.0,0.6,-25.0,-25.0,0.0,-25,3
TM,TEAM_CR,882,734343,0.0,0.9,1.0,-1.0,0.4,-25.0,-25.0,0.0,-25,3
TM,TEAM_CR,883,734383,0.0,0.6,1.0,-1.0,0.2,-25.0,-25.0,0.0,-25,3
TM,TEAM_CR,884,734423,0.0,0.8,1.0,-1.0,1.5,-25.0,-25.0,0.0,-25,3
TM,TEAM_CR,885,734463,0.0,0.7,1.0,-1.0,0.3,-25.0,-25.0,0.0,-25,3
TM,TEAM_CR,886,734503,0.0,1.0,1.0,-1.0,0.7,-25.0,-25.0,0.0,-25,3
TM,TEAM_CR,887,734548,0.0,0.7,1.1,-1.1,0.4,-25.0,-25.0,0.0,-25,3
TM,TEAM_CR,888,734588,0.0,1.1,1.0,-1.0,0.0,-25.0,-25.0,0.0,-25,3
TM,TEAM_CR,889,734628,0.0,0.8,1.1,-1.1,0.6,-25.0,-25.0,0.0,-25,3
TM,TEAM_CR,890,734668,0.0,0.9,1.0,-1.0,-0.9,-25.0,-25.0,0.0,-25,3
TM,TEAM_CR,891,734722,0.0,1.0,1.0,-1.0,0.4,-25.0,-25.0,0.0,-25,3
TM,TEAM_CR,892,734762,0.0,1.0,1.0,-1.0,-0.4,-25.0,-25.0,0.0,-25,3
TM,TEAM_CR,893,734802,0.0,0.9,1.0,-1.0,-0.1,-25.0,-25.0,0.0,-25,3
TM,TEAM_CR,894,734842,0.0,0.7,1.0,-1.0,0.9,-25.0,-25.0,0.0,-25,3
TM,TEAM_CR,895,734882,0.0,0.8,1.0,-1.0,-1.0,-25.0,-25.0,0.0,-25,3
TM,SUN_L,3518,SUN_R,2927,SUN_NDV,0.0917,SUN_ANGLE,42.41
TM,MAG_X,-6.06,MAG_Y,-2.62,MAG_Z,-18.72,MAG_HEADING,203.40
TM,GYRO_X,-0.971,GYRO_Y,-2.074,GYRO_Z,-0.267,BODY_RATE,0.267
TM,TEAM_CR,896,734922,0.0,0.9,1.0,-1.0,-0.1,-25.0,-25.0,0.0,-25,3
TM,TEAM_CR,897,734962,0.0,0.8,1.0,-1.0,-0.3,-25.0,-25.0,0.0,-25,3
TM,TEAM_CR,898,735002,0.0,0.9,1.0,-1.0,0.3,-25.0,-25.0,0.0,-25,3
TM,TEAM_CR,899,735048,0.0,0.7,1.0,-1.0,1.3,-25.0,-25.0,0.0,-25,3
TM,TEAM_CR,900,735088,0.0,0.8,1.0,-1.0,-0.6,-25.0,-25.0,0.0,-25,3
TM,TEAM_CR,901,735141,0.0,0.7,1.0,-1.0,1.1,-25.0,-25.0,0.0,-25,3
TM,ADCS_MODE,MANUAL,ADCS_REFERENCE,SUN,TARGET,0.00,POINTING_ERROR,-42.57,SUN_ERROR,-42.50,MAG_ERROR,156.60,GYRO_Z,-0.328,RW_CMD,0
TM,EST_RAW,42.50,EST_FILTERED,42.50,EST_ANGLE,42.57,EST_FILTER,ON,EST_FILTER_TYPE,MOVING_AVERAGE,EST_MA_WINDOW,1,EST_FILTER_STRENGTH,0.35
TM,EST_FUSION,ON,EST_GYRO_WEIGHT,0.98,EST_VALID,1
TM,TEAM_CR,902,735181,0.0,0.9,1.0,-1.0,-0.9,-25.0,-25.0,0.0,-25,3
TM,TEAM_CR,903,735221,0.0,0.7,1.0,-1.0,0.3,-25.0,-25.0,0.0,-25,3
TM,TEAM_CR,904,735261,0.0,0.9,1.0,-1.0,0.0,-25.0,-25.0,0.0,-25,3
TM,TEAM_CR,905,735301,0.0,0.7,1.0,-1.0,-0.2,-25.0,-25.0,0.0,-25,3
TM,TEAM_CR,906,735341,0.0,0.7,1.0,-1.0,1.1,-25.0,-25.0,0.0,-25,3
TM,TEAM_CR,907,735381,0.0,1.2,1.0,-1.0,-0.2,-25.0,-25.0,0.0,-25,3
TM,TEAM_CR,908,735421,0.0,0.8,1.0,-1.0,0.5,-25.0,-25.0,0.0,-25,3
TM,TEAM_CR,909,735461,0.0,0.7,1.0,-1.0,-0.1,-25.0,-25.0,0.0,-25,3
TM,TEAM_CR,910,735501,0.0,0.9,1.0,-1.0,-0.6,-25.0,-25.0,0.0,-25,3
TM,TEAM_CR,911,735548,0.0,0.5,1.0,-1.0,0.5,-25.0,-25.0,0.0,-25,3
TM,TEAM_CR,912,735588,0.0,0.7,0.9,-0.9,-1.0,-25.0,-25.0,0.0,-25,3
TM,TEAM_CR,913,735628,0.0,0.7,1.0,-1.0,1.3,-25.0,-25.0,0.0,-25,3
TM,SUN_L,3519,SUN_R,2928,SUN_NDV,0.0917,SUN_ANGLE,42.39
TM,MAG_X,-6.06,MAG_Y,-2.62,MAG_Z,-18.96,MAG_HEADING,203.40
TM,GYRO_X,-0.718,GYRO_Y,-2.424,GYRO_Z,-0.179,BODY_RATE,0.179
TM,TEAM_CR,914,735668,0.0,0.7,1.0,-1.0,0.1,-25.0,-25.0,0.0,-25,3
TM,TEAM_CR,915,735721,0.0,0.6,1.0,-1.0,0.5,-25.0,-25.0,0.0,-25,3
TM,TEAM_CR,916,735761,0.0,0.6,1.0,-1.0,0.8,-25.0,-25.0,0.0,-25,3
TM,TEAM_CR,917,735801,0.0,0.6,1.0,-1.0,0.1,-25.0,-25.0,0.0,-25,3
TM,TEAM_CR,918,735841,0.0,0.7,1.0,-1.0,0.9,-25.0,-25.0,0.0,-25,3
TM,TEAM_CR,919,735881,0.0,1.0,1.0,-1.0,-0.9,-25.0,-25.0,0.0,-25,3
TM,TEAM_CR,920,735921,0.0,0.7,0.9,-0.9,0.2,-25.0,-25.0,0.0,-25,3
TM,TEAM_CR,921,735961,0.0,0.7,0.9,-0.9,-0.1,-25.0,-25.0,0.0,-25,3
TM,TEAM_CR,922,736001,0.0,0.8,0.9,-0.9,-0.5,-25.0,-25.0,0.0,-25,3
TM,TEAM_CR,923,736049,0.0,0.6,0.9,-0.9,1.2,-25.0,-25.0,0.0,-25,3
TM,TEAM_CR,924,736088,0.0,1.1,0.9,-0.9,-0.9,-25.0,-25.0,0.0,-25,3
TM,ADCS_MODE,MANUAL,ADCS_REFERENCE,SUN,TARGET,0.00,POINTING_ERROR,-42.56,SUN_ERROR,-42.41,MAG_ERROR,156.18,GYRO_Z,-0.302,RW_CMD,0
TM,EST_RAW,42.41,EST_FILTERED,42.41,EST_ANGLE,42.56,EST_FILTER,ON,EST_FILTER_TYPE,MOVING_AVERAGE,EST_MA_WINDOW,1,EST_FILTER_STRENGTH,0.35
TM,EST_FUSION,ON,EST_GYRO_WEIGHT,0.98,EST_VALID,1
TM,TEAM_CR,925,736141,0.0,0.6,1.0,-1.0,1.7,-25.0,-25.0,0.0,-25,3
TM,TEAM_CR,926,736181,0.0,0.7,1.0,-1.0,-0.1,-25.0,-25.0,0.0,-25,3
TM,TEAM_CR,927,736221,0.0,0.7,1.0,-1.0,1.2,-25.0,-25.0,0.0,-25,3
TM,TEAM_CR,928,736261,0.0,0.7,1.0,-1.0,0.5,-25.0,-25.0,0.0,-25,3
TM,TEAM_CR,929,736301,0.0,0.8,1.0,-1.0,0.1,-25.0,-25.0,0.0,-25,3
TM,TEAM_CR,930,736342,0.0,0.5,1.0,-1.0,1.0,-25.0,-25.0,0.0,-25,3
TM,TEAM_CR,931,736381,0.0,0.8,1.0,-1.0,-1.1,-25.0,-25.0,0.0,-25,3
TM,SUN_L,3519,SUN_R,2927,SUN_NDV,0.0918,SUN_ANGLE,42.41
TM,MAG_X,-6.02,MAG_Y,-2.66,MAG_Z,-18.72,MAG_HEADING,203.82
TM,GYRO_X,-1.085,GYRO_Y,-2.319,GYRO_Z,-0.486,BODY_RATE,0.486
TM,TEAM_CR,932,736421,0.0,1.0,1.0,-1.0,0.2,-25.0,-25.0,0.0,-25,3
TM,TEAM_CR,933,736461,0.0,0.7,1.0,-1.0,-0.5,-25.0,-25.0,0.0,-25,3
TM,TEAM_CR,934,736501,0.0,0.7,0.9,-0.9,-0.2,-25.0,-25.0,0.0,-25,3
TM,TEAM_CR,935,736547,0.0,0.7,0.9,-0.9,0.4,-25.0,-25.0,0.0,-25,3
TM,TEAM_CR,936,736587,0.0,0.8,0.9,-0.9,-0.4,-25.0,-25.0,0.0,-25,3
TM,TEAM_CR,937,736627,0.0,0.9,0.9,-0.9,0.6,-25.0,-25.0,0.0,-25,3
TM,TEAM_CR,938,736667,0.0,1.0,0.9,-0.9,-0.5,-25.0,-25.0,0.0,-25,3
TM,TEAM_CR,939,736721,0.0,0.7,1.0,-1.0,0.9,-25.0,-25.0,0.0,-25,3
TM,TEAM_CR,940,736762,0.0,0.8,0.9,-0.9,-0.8,-25.0,-25.0,0.0,-25,3
TM,TEAM_CR,941,736801,0.0,0.8,0.9,-0.9,0.1,-25.0,-25.0,0.0,-25,3
TM,TEAM_CR,942,736841,0.0,0.7,0.9,-0.9,0.4,-25.0,-25.0,0.0,-25,3
TM,TEAM_CR,943,736881,0.0,0.7,0.9,-0.9,-0.5,-25.0,-25.0,0.0,-25,3
TM,TEAM_CR,944,736922,0.0,0.6,0.9,-0.9,1.2,-25.0,-25.0,0.0,-25,3
TM,TEAM_CR,945,736962,0.0,0.8,0.9,-0.9,-0.7,-25.0,-25.0,0.0,-25,3
TM,TEAM_CR,946,737002,0.0,0.8,0.9,-0.9,0.8,-25.0,-25.0,0.0,-25,3
TM,TEAM_CR,947,737048,0.0,0.6,0.9,-0.9,0.0,-25.0,-25.0,0.0,-25,3
TM,ADCS_MODE,MANUAL,ADCS_REFERENCE,SUN,TARGET,0.00,POINTING_ERROR,-42.57,SUN_ERROR,-42.40,MAG_ERROR,156.19,GYRO_Z,-0.127,RW_CMD,0
TM,EST_RAW,42.40,EST_FILTERED,42.40,EST_ANGLE,42.57,EST_FILTER,ON,EST_FILTER_TYPE,MOVING_AVERAGE,EST_MA_WINDOW,1,EST_FILTER_STRENGTH,0.35
TM,EST_FUSION,ON,EST_GYRO_WEIGHT,0.98,EST_VALID,1
TM,TEAM_CR,948,737088,0.0,0.9,0.9,-0.9,-0.1,-25.0,-25.0,0.0,-25,3
TM,TEAM_CR,949,737141,0.0,0.6,0.9,-0.9,0.3,-25.0,-25.0,0.0,-25,3
TM,SUN_L,3520,SUN_R,2927,SUN_NDV,0.0920,SUN_ANGLE,42.39
TM,MAG_X,-5.98,MAG_Y,-2.64,MAG_Z,-19.04,MAG_HEADING,203.81
TM,GYRO_X,-1.067,GYRO_Y,-2.223,GYRO_Z,-0.398,BODY_RATE,0.398
TM,TEAM_CR,950,737181,0.0,0.7,0.9,-0.9,-0.4,-25.0,-25.0,0.0,-25,3
TM,TEAM_CR,951,737221,0.0,0.5,0.9,-0.9,1.1,-25.0,-25.0,0.0,-25,3
TM,TEAM_CR,952,737261,0.0,0.8,0.9,-0.9,-0.9,-25.0,-25.0,0.0,-25,3
TM,TEAM_CR,953,737301,0.0,0.8,0.9,-0.9,0.4,-25.0,-25.0,0.0,-25,3
TM,TEAM_CR,954,737341,0.0,0.7,0.9,-0.9,-0.3,-25.0,-25.0,0.0,-25,3
TM,TEAM_CR,955,737381,0.0,0.9,0.9,-0.9,0.0,-25.0,-25.0,0.0,-25,3
TM,TEAM_CR,956,737421,0.0,0.5,0.9,-0.9,0.7,-25.0,-25.0,0.0,-25,3
TM,TEAM_CR,957,737461,0.0,1.1,0.9,-0.9,-0.7,-25.0,-25.0,0.0,-25,3
TM,TEAM_CR,958,737501,0.0,0.8,0.9,-0.9,0.7,-25.0,-25.0,0.0,-25,3
TM,TEAM_CR,959,737548,0.0,0.6,0.8,-0.8,-1.1,-25.0,-25.0,0.0,-25,3
TM,TEAM_CR,960,737587,0.0,0.8,0.8,-0.8,0.5,-25.0,-25.0,0.0,-25,3
TM,TEAM_CR,961,737627,0.0,0.8,0.8,-0.8,0.0,-25.0,-25.0,0.0,-25,3
TM,TEAM_CR,962,737667,0.0,0.8,0.8,-0.8,0.1,-25.0,-25.0,0.0,-25,3
TM,TEAM_CR,963,737721,0.0,0.6,0.9,-0.9,0.7,-25.0,-25.0,0.0,-25,3
TM,TEAM_CR,964,737761,0.0,0.9,0.8,-0.8,0.2,-25.0,-25.0,0.0,-25,3
TM,TEAM_CR,965,737801,0.0,0.7,0.9,-0.9,1.0,-25.0,-25.0,0.0,-25,3
TM,TEAM_CR,966,737841,0.0,0.7,0.8,-0.8,-0.8,-25.0,-25.0,0.0,-25,3
TM,TEAM_CR,967,737881,0.0,0.9,0.9,-0.9,0.6,-25.0,-25.0,0.0,-25,3
TM,TEAM_CR,968,737921,0.0,0.5,0.8,-0.8,-0.5,-25.0,-25.0,0.0,-25,3
TM,SUN_L,3521,SUN_R,2928,SUN_NDV,0.0920,SUN_ANGLE,42.45
TM,MAG_X,-6.13,MAG_Y,-2.66,MAG_Z,-18.78,MAG_HEADING,203.43
TM,GYRO_X,-0.910,GYRO_Y,-2.310,GYRO_Z,-0.363,BODY_RATE,0.363
TM,TEAM_CR,969,737961,0.0,1.0,0.8,-0.8,0.0,-25.0,-25.0,0.0,-25,3
TM,ADCS_MODE,MANUAL,ADCS_REFERENCE,SUN,TARGET,0.00,POINTING_ERROR,-42.56,SUN_ERROR,-42.38,MAG_ERROR,156.57,GYRO_Z,-0.136,RW_CMD,0
TM,EST_RAW,42.38,EST_FILTERED,42.38,EST_ANGLE,42.56,EST_FILTER,ON,EST_FILTER_TYPE,MOVING_AVERAGE,EST_MA_WINDOW,1,EST_FILTER_STRENGTH,0.35
TM,EST_FUSION,ON,EST_GYRO_WEIGHT,0.98,EST_VALID,1
TM,TEAM_CR,970,738001,0.0,0.8,0.9,-0.9,0.6,-25.0,-25.0,0.0,-25,3
TM,TEAM_CR,971,738046,0.0,1.0,0.8,-0.8,-0.1,-25.0,-25.0,0.0,-25,3
TM,TEAM_CR,972,738086,0.0,0.6,0.9,-0.9,0.9,-25.0,-25.0,0.0,-25,3
TM,TEAM_CR,973,738141,0.0,0.7,0.8,-0.8,0.2,-25.0,-25.0,0.0,-25,3
TM,TEAM_CR,974,738181,0.0,0.8,0.9,-0.9,1.0,-25.0,-25.0,0.0,-25,3
TM,TEAM_CR,975,738221,0.0,0.7,0.8,-0.8,-1.2,-25.0,-25.0,0.0,-25,3
TM,TEAM_CR,976,738261,0.0,0.8,0.8,-0.8,0.7,-25.0,-25.0,0.0,-25,3
TM,TEAM_CR,977,738301,0.0,0.7,0.8,-0.8,-0.5,-25.0,-25.0,0.0,-25,3
TM,TEAM_CR,978,738341,0.0,0.7,0.8,-0.8,-0.1,-25.0,-25.0,0.0,-25,3
TM,TEAM_CR,979,738381,0.0,0.7,0.8,-0.8,0.4,-25.0,-25.0,0.0,-25,3
TM,TEAM_CR,980,738421,0.0,0.8,0.9,-0.9,1.3,-25.0,-25.0,0.0,-25,3
TM,TEAM_CR,981,738461,0.0,0.8,0.9,-0.9,1.1,-25.0,-25.0,0.0,-25,3
TM,TEAM_CR,982,738501,0.0,0.6,0.9,-0.9,-0.5,-25.0,-25.0,0.0,-25,3
TM,TEAM_CR,983,738548,0.0,0.8,0.9,-0.9,1.1,-25.0,-25.0,0.0,-25,3
TM,TEAM_CR,984,738588,0.0,0.9,0.9,-0.9,-0.3,-25.0,-25.0,0.0,-25,3
TM,TEAM_CR,985,738628,0.0,0.9,0.9,-0.9,0.1,-25.0,-25.0,0.0,-25,3
TM,TEAM_CR,986,738668,0.0,0.7,0.9,-0.9,0.7,-25.0,-25.0,0.0,-25,3
TM,SUN_L,3519,SUN_R,2929,SUN_NDV,0.0915,SUN_ANGLE,42.38
TM,MAG_X,-6.05,MAG_Y,-2.74,MAG_Z,-18.90,MAG_HEADING,204.34
TM,GYRO_X,-1.181,GYRO_Y,-2.284,GYRO_Z,-0.109,BODY_RATE,0.109
TM,TEAM_CR,987,738721,0.0,1.0,0.9,-0.9,0.1,-25.0,-25.0,0.0,-25,3
TM,TEAM_CR,988,738761,0.0,0.7,0.9,-0.9,0.5,-25.0,-25.0,0.0,-25,3
TM,TEAM_CR,989,738801,0.0,0.7,0.9,-0.9,-1.0,-25.0,-25.0,0.0,-25,3
TM,TEAM_CR,990,738841,0.0,0.8,0.9,-0.9,1.1,-25.0,-25.0,0.0,-25,3
TM,TEAM_CR,991,738881,0.0,0.9,0.9,-0.9,-1.3,-25.0,-25.0,0.0,-25,3
TM,TEAM_CR,992,738921,0.0,0.7,0.9,-0.9,0.2,-25.0,-25.0,0.0,-25,3
TM,ADCS_MODE,MANUAL,ADCS_REFERENCE,SUN,TARGET,0.00,POINTING_ERROR,-42.55,SUN_ERROR,-42.39,MAG_ERROR,155.66,GYRO_Z,-0.013,RW_CMD,0
TM,EST_RAW,42.39,EST_FILTERED,42.39,EST_ANGLE,42.55,EST_FILTER,ON,EST_FILTER_TYPE,MOVING_AVERAGE,EST_MA_WINDOW,1,EST_FILTER_STRENGTH,0.35
TM,EST_FUSION,ON,EST_GYRO_WEIGHT,0.98,EST_VALID,1
TM,TEAM_CR,993,738962,0.0,0.8,0.9,-0.9,-0.2,-25.0,-25.0,0.0,-25,3
TM,TEAM_CR,994,739001,0.0,0.7,0.8,-0.8,0.0,-25.0,-25.0,0.0,-25,3
TM,TEAM_CR,995,739047,0.0,0.4,0.8,-0.8,0.2,-25.0,-25.0,0.0,-25,3
TM,TEAM_CR,996,739087,0.0,0.7,0.8,-0.8,-1.2,-25.0,-25.0,0.0,-25,3
TM,TEAM_CR,997,739141,0.0,0.7,0.8,-0.8,0.4,-25.0,-25.0,0.0,-25,3
TM,TEAM_CR,998,739181,0.0,0.8,0.8,-0.8,-0.8,-25.0,-25.0,0.0,-25,3
TM,TEAM_CR,999,739221,0.0,0.5,0.8,-0.8,1.2,-25.0,-25.0,0.0,-25,3
TM,TEAM_CR,1000,739261,0.0,0.6,0.8,-0.8,-0.5,-25.0,-25.0,0.0,-25,3
TM,TEAM_CR,1001,739301,0.0,0.7,0.8,-0.8,1.0,-25.0,-25.0,0.0,-25,3
TM,TEAM_CR,1002,739341,0.0,0.8,0.8,-0.8,0.1,-25.0,-25.0,0.0,-25,3
TM,TEAM_CR,1003,739381,0.0,0.7,0.8,-0.8,0.3,-25.0,-25.0,0.0,-25,3
TM,TEAM_CR,1004,739421,0.0,0.7,0.9,-0.9,1.4,-25.0,-25.0,0.0,-25,3
TM,SUN_L,3520,SUN_R,2928,SUN_NDV,0.0918,SUN_ANGLE,42.36
TM,MAG_X,-6.08,MAG_Y,-2.67,MAG_Z,-18.83,MAG_HEADING,203.72
TM,GYRO_X,-0.805,GYRO_Y,-2.188,GYRO_Z,-0.179,BODY_RATE,0.179
TM,TEAM_CR,1005,739461,0.0,0.8,0.9,-0.9,-0.1,-25.0,-25.0,0.0,-25,3
TM,TEAM_CR,1006,739501,0.0,0.7,0.9,-0.9,1.8,-25.0,-25.0,0.0,-25,3
TM,TEAM_CR,1007,739549,0.0,0.8,0.9,-0.9,-0.4,-25.0,-25.0,0.0,-25,3
TM,TEAM_CR,1008,739588,0.0,0.8,0.9,-0.9,0.9,-25.0,-25.0,0.0,-25,3
TM,TEAM_CR,1009,739628,0.0,0.9,1.0,-1.0,-0.1,-25.0,-25.0,0.0,-25,3
TM,TEAM_CR,1010,739668,0.0,0.8,1.0,-1.0,0.3,-25.0,-25.0,0.0,-25,3
TM,TEAM_CR,1011,739720,0.0,0.7,1.0,-1.0,-0.3,-25.0,-25.0,0.0,-25,3
TM,TEAM_CR,1012,739760,0.0,0.8,0.9,-0.9,0.3,-25.0,-25.0,0.0,-25,3
TM,TEAM_CR,1013,739801,0.0,0.9,1.0,-1.0,0.5,-25.0,-25.0,0.0,-25,3
TM,TEAM_CR,1014,739840,0.0,0.8,0.9,-0.9,-0.6,-25.0,-25.0,0.0,-25,3
TM,TEAM_CR,1015,739880,0.0,0.8,1.0,-1.0,1.5,-25.0,-25.0,0.0,-25,3
TM,ADCS_MODE,MANUAL,ADCS_REFERENCE,SUN,TARGET,0.00,POINTING_ERROR,-42.57,SUN_ERROR,-42.41,MAG_ERROR,156.91,GYRO_Z,-0.249,RW_CMD,0
TM,EST_RAW,42.41,EST_FILTERED,42.41,EST_ANGLE,42.57,EST_FILTER,ON,EST_FILTER_TYPE,MOVING_AVERAGE,EST_MA_WINDOW,1,EST_FILTER_STRENGTH,0.35
TM,EST_FUSION,ON,EST_GYRO_WEIGHT,0.98,EST_VALID,1
TM,TEAM_CR,1016,739921,0.0,1.0,1.0,-1.0,-0.8,-25.0,-25.0,0.0,-25,3
TM,TEAM_CR,1017,739961,0.0,0.9,1.0,-1.0,1.1,-25.0,-25.0,0.0,-25,3
TM,TEAM_CR,1018,740001,0.0,0.9,1.0,-1.0,0.0,-25.0,-25.0,0.0,-25,3
TM,TEAM_CR,1019,740048,0.0,1.1,1.0,-1.0,1.3,-25.0,-25.0,0.0,-25,3
TM,TEAM_CR,1020,740088,0.0,0.7,1.1,-1.1,0.9,-25.0,-25.0,0.0,-25,3
TM,TEAM_CR,1021,740141,0.0,0.9,1.1,-1.1,1.4,-25.0,-25.0,0.0,-25,3
TM,TEAM_CR,1022,740181,0.0,1.0,1.2,-1.2,0.2,-25.0,-25.0,0.0,-25,3
TM,SUN_L,3520,SUN_R,2928,SUN_NDV,0.0918,SUN_ANGLE,42.35
TM,MAG_X,-6.11,MAG_Y,-2.77,MAG_Z,-18.83,MAG_HEADING,204.36
TM,GYRO_X,-1.076,GYRO_Y,-2.056,GYRO_Z,-0.223,BODY_RATE,0.223
TM,TEAM_CR,1023,740221,0.0,1.3,1.2,-1.2,0.5,-25.0,-25.0,0.0,-25,3
TM,TEAM_CR,1024,740261,0.0,1.0,1.2,-1.2,1.6,-25.0,-25.0,0.0,-25,3
TM,TEAM_CR,1025,740302,0.0,1.2,1.2,-1.2,0.2,-25.0,-25.0,0.0,-25,3
TM,TEAM_CR,1026,740341,0.0,1.0,1.3,-1.3,1.5,-25.0,-25.0,0.0,-25,3
TM,TEAM_CR,1027,740381,0.0,1.1,1.3,-1.3,-0.8,-25.0,-25.0,0.0,-25,3
TM,TEAM_CR,1028,740421,0.0,1.0,1.3,-1.3,1.4,-25.0,-25.0,0.0,-25,3
TM,TEAM_CR,1029,740461,0.0,0.8,1.3,-1.3,0.0,-25.0,-25.0,0.0,-25,3
TM,TEAM_CR,1030,740501,0.0,1.2,1.3,-1.3,0.1,-25.0,-25.0,0.0,-25,3
TM,TEAM_CR,1031,740547,0.0,1.1,1.3,-1.3,0.4,-25.0,-25.0,0.0,-25,3
TM,TEAM_CR,1032,740587,0.0,1.1,1.3,-1.3,0.0,-25.0,-25.0,0.0,-25,3
TM,TEAM_CR,1033,740627,0.0,1.1,1.3,-1.3,1.2,-25.0,-25.0,0.0,-25,3
TM,TEAM_CR,1034,740667,0.0,1.3,1.3,-1.3,-1.4,-25.0,-25.0,0.0,-25,3
TM,TEAM_CR,1035,740721,0.0,1.2,1.3,-1.3,1.1,-25.0,-25.0,0.0,-25,3
TM,TEAM_CR,1036,740761,0.0,1.3,1.3,-1.3,-0.7,-25.0,-25.0,0.0,-25,3
TM,TEAM_CR,1037,740801,0.0,1.1,1.3,-1.3,1.4,-25.0,-25.0,0.0,-25,3
TM,TEAM_CR,1038,740841,0.0,1.1,1.3,-1.3,-0.9,-25.0,-25.0,0.0,-25,3
TM,ADCS_MODE,MANUAL,ADCS_REFERENCE,SUN,TARGET,0.00,POINTING_ERROR,-42.54,SUN_ERROR,-42.33,MAG_ERROR,155.35,GYRO_Z,0.293,RW_CMD,0
TM,EST_RAW,42.33,EST_FILTERED,42.33,EST_ANGLE,42.54,EST_FILTER,ON,EST_FILTER_TYPE,MOVING_AVERAGE,EST_MA_WINDOW,1,EST_FILTER_STRENGTH,0.35
TM,EST_FUSION,ON,EST_GYRO_WEIGHT,0.98,EST_VALID,1
TM,TEAM_CR,1039,740881,0.0,1.2,1.3,-1.3,0.8,-25.0,-25.0,0.0,-25,3
TM,TEAM_CR,1040,740921,0.0,1.1,1.3,-1.3,-0.1,-25.0,-25.0,0.0,-25,3
TM,SUN_L,3520,SUN_R,2930,SUN_NDV,0.0915,SUN_ANGLE,42.31
TM,MAG_X,-6.03,MAG_Y,-2.77,MAG_Z,-18.77,MAG_HEADING,204.65
TM,GYRO_X,-1.094,GYRO_Y,-2.354,GYRO_Z,0.136,BODY_RATE,-0.136
TM,TEAM_CR,1041,740961,0.0,1.0,1.3,-1.3,-0.1,-25.0,-25.0,0.0,-25,3
TM,TEAM_CR,1042,741001,0.0,1.1,1.3,-1.3,0.0,-25.0,-25.0,0.0,-25,3
TM,TEAM_CR,1043,741048,0.0,1.1,1.3,-1.3,-0.1,-25.0,-25.0,0.0,-25,3
TM,TEAM_CR,1044,741087,0.0,0.8,1.3,-1.3,0.7,-25.0,-25.0,0.0,-25,3
TM,TEAM_CR,1045,741140,0.0,1.1,1.2,-1.2,-0.2,-25.0,-25.0,0.0,-25,3
TM,TEAM_CR,1046,741180,0.0,1.0,1.2,-1.2,0.6,-25.0,-25.0,0.0,-25,3
TM,TEAM_CR,1047,741220,0.0,1.1,1.2,-1.2,-0.5,-25.0,-25.0,0.0,-25,3
TM,TEAM_CR,1048,741260,0.0,1.0,1.2,-1.2,0.8,-25.0,-25.0,0.0,-25,3
TM,TEAM_CR,1049,741300,0.0,0.9,1.2,-1.2,-1.4,-25.0,-25.0,0.0,-25,3
TM,TEAM_CR,1050,741341,0.0,0.9,1.2,-1.2,1.1,-25.0,-25.0,0.0,-25,3
TM,TEAM_CR,1051,741381,0.0,0.8,1.2,-1.2,-0.5,-25.0,-25.0,0.0,-25,3
TM,TEAM_CR,1052,741421,0.0,0.8,1.1,-1.1,-0.5,-25.0,-25.0,0.0,-25,3
TM,TEAM_CR,1053,741461,0.0,0.9,1.1,-1.1,-0.1,-25.0,-25.0,0.0,-25,3
TM,TEAM_CR,1054,741501,0.0,1.1,1.1,-1.1,-0.9,-25.0,-25.0,0.0,-25,3
TM,TEAM_CR,1055,741548,0.0,0.7,1.1,-1.1,0.3,-25.0,-25.0,0.0,-25,3
TM,TEAM_CR,1056,741588,0.0,0.8,1.0,-1.0,-1.2,-25.0,-25.0,0.0,-25,3
TM,TEAM_CR,1057,741628,0.0,0.6,1.0,-1.0,1.5,-25.0,-25.0,0.0,-25,3
TM,TEAM_CR,1058,741668,0.0,1.0,1.0,-1.0,-1.0,-25.0,-25.0,0.0,-25,3
TM,TEAM_CR,1059,741721,0.0,0.9,1.0,-1.0,1.1,-25.0,-25.0,0.0,-25,3
TM,SUN_L,3520,SUN_R,2931,SUN_NDV,0.0913,SUN_ANGLE,42.31
TM,MAG_X,-6.18,MAG_Y,-2.78,MAG_Z,-18.72,MAG_HEADING,204.26
TM,GYRO_X,-0.901,GYRO_Y,-2.266,GYRO_Z,-0.136,BODY_RATE,0.136
TM,TEAM_CR,1060,741761,0.0,0.8,1.0,-1.0,-0.8,-25.0,-25.0,0.0,-25,3
TM,ADCS_MODE,MANUAL,ADCS_REFERENCE,SUN,TARGET,0.00,POINTING_ERROR,-42.53,SUN_ERROR,-42.30,MAG_ERROR,155.74,GYRO_Z,-0.066,RW_CMD,0
TM,EST_RAW,42.30,EST_FILTERED,42.30,EST_ANGLE,42.53,EST_FILTER,ON,EST_FILTER_TYPE,MOVING_AVERAGE,EST_MA_WINDOW,1,EST_FILTER_STRENGTH,0.35
TM,EST_FUSION,ON,EST_GYRO_WEIGHT,0.98,EST_VALID,1
TM,TEAM_CR,1061,741801,0.0,1.0,1.1,-1.1,1.9,-25.0,-25.0,0.0,-25,3
TM,TEAM_CR,1062,741841,0.0,0.9,1.0,-1.0,-0.9,-25.0,-25.0,0.0,-25,3
TM,TEAM_CR,1063,741881,0.0,1.1,1.1,-1.1,0.8,-25.0,-25.0,0.0,-25,3
TM,TEAM_CR,1064,741921,0.0,0.7,1.1,-1.1,0.0,-25.0,-25.0,0.0,-25,3
TM,TEAM_CR,1065,741961,0.0,1.1,1.1,-1.1,0.5,-25.0,-25.0,0.0,-25,3
TM,TEAM_CR,1066,742002,0.0,1.0,1.1,-1.1,0.9,-25.0,-25.0,0.0,-25,3
TM,TEAM_CR,1067,742047,0.0,1.2,1.1,-1.1,0.4,-25.0,-25.0,0.0,-25,3
TM,TEAM_CR,1068,742087,0.0,0.8,1.2,-1.2,1.3,-25.0,-25.0,0.0,-25,3
TM,TEAM_CR,1069,742142,0.0,1.2,1.2,-1.2,0.3,-25.0,-25.0,0.0,-25,3
TM,TEAM_CR,1070,742182,0.0,0.9,1.2,-1.2,0.5,-25.0,-25.0,0.0,-25,3
TM,TEAM_CR,1071,742222,0.0,1.2,1.2,-1.2,-0.7,-25.0,-25.0,0.0,-25,3
TM,TEAM_CR,1072,742262,0.0,1.2,1.2,-1.2,1.5,-25.0,-25.0,0.0,-25,3
TM,TEAM_CR,1073,742302,0.0,1.0,1.2,-1.2,-1.0,-25.0,-25.0,0.0,-25,3
TM,TEAM_CR,1074,742342,0.0,1.0,1.2,-1.2,1.5,-25.0,-25.0,0.0,-25,3
TM,TEAM_CR,1075,742382,0.0,1.1,1.2,-1.2,-0.6,-25.0,-25.0,0.0,-25,3
TM,TEAM_CR,1076,742422,0.0,1.1,1.2,-1.2,0.9,-25.0,-25.0,0.0,-25,3
TM,TEAM_CR,1077,742462,0.0,1.2,1.2,-1.2,0.3,-25.0,-25.0,0.0,-25,3
TM,SUN_L,3519,SUN_R,2931,SUN_NDV,0.0912,SUN_ANGLE,42.27
TM,MAG_X,-5.97,MAG_Y,-2.59,MAG_Z,-18.78,MAG_HEADING,203.48
TM,GYRO_X,-1.111,GYRO_Y,-1.890,GYRO_Z,0.031,BODY_RATE,-0.031
TM,TEAM_CR,1078,742502,0.0,1.1,1.2,-1.2,0.2,-25.0,-25.0,0.0,-25,3
TM,TEAM_CR,1079,742548,0.0,0.9,1.3,-1.3,0.6,-25.0,-25.0,0.0,-25,3
TM,TEAM_CR,1080,742588,0.0,1.1,1.2,-1.2,0.3,-25.0,-25.0,0.0,-25,3
TM,TEAM_CR,1081,742627,0.0,1.1,1.3,-1.3,1.4,-25.0,-25.0,0.0,-25,3
TM,TEAM_CR,1082,742667,0.0,1.3,1.3,-1.3,-0.2,-25.0,-25.0,0.0,-25,3
TM,TEAM_CR,1083,742721,0.0,1.0,1.3,-1.3,1.1,-25.0,-25.0,0.0,-25,3
TM,ADCS_MODE,MANUAL,ADCS_REFERENCE,SUN,TARGET,0.00,POINTING_ERROR,-42.52,SUN_ERROR,-42.40,MAG_ERROR,156.73,GYRO_Z,-0.066,RW_CMD,0
TM,EST_RAW,42.40,EST_FILTERED,42.40,EST_ANGLE,42.52,EST_FILTER,ON,EST_FILTER_TYPE,MOVING_AVERAGE,EST_MA_WINDOW,1,EST_FILTER_STRENGTH,0.35
TM,EST_FUSION,ON,EST_GYRO_WEIGHT,0.98,EST_VALID,1
TM,TEAM_CR,1084,742761,0.0,1.0,1.3,-1.3,0.0,-25.0,-25.0,0.0,-25,3
TM,TEAM_CR,1085,742801,0.0,1.2,1.3,-1.3,1.3,-25.0,-25.0,0.0,-25,3
TM,TEAM_CR,1086,742842,0.0,1.4,1.3,-1.3,-1.1,-25.0,-25.0,0.0,-25,3
TM,TEAM_CR,1087,742881,0.0,1.2,1.3,-1.3,1.0,-25.0,-25.0,0.0,-25,3
TM,TEAM_CR,1088,742921,0.0,1.0,1.3,-1.3,-0.6,-25.0,-25.0,0.0,-25,3
TM,TEAM_CR,1089,742961,0.0,1.3,1.3,-1.3,0.4,-25.0,-25.0,0.0,-25,3
TM,TEAM_CR,1090,743001,0.0,0.9,1.3,-1.3,-1.0,-25.0,-25.0,0.0,-25,3
TM,TEAM_CR,1091,743047,0.0,1.3,1.3,-1.3,0.2,-25.0,-25.0,0.0,-25,3
TM,TEAM_CR,1092,743087,0.0,0.9,1.3,-1.3,-0.8,-25.0,-25.0,0.0,-25,3
TM,TEAM_CR,1093,743141,0.0,1.2,1.3,-1.3,0.1,-25.0,-25.0,0.0,-25,3
TM,TEAM_CR,1094,743181,0.0,0.9,1.3,-1.3,-0.5,-25.0,-25.0,0.0,-25,3
TM,TEAM_CR,1095,743221,0.0,1.3,1.2,-1.2,0.1,-25.0,-25.0,0.0,-25,3
TM,SUN_L,3519,SUN_R,2931,SUN_NDV,0.0912,SUN_ANGLE,42.23
TM,MAG_X,-6.18,MAG_Y,-2.59,MAG_Z,-18.78,MAG_HEADING,202.77
TM,GYRO_X,-1.041,GYRO_Y,-2.039,GYRO_Z,0.004,BODY_RATE,-0.004
TM,TEAM_CR,1096,743261,0.0,1.2,1.2,-1.2,-0.2,-25.0,-25.0,0.0,-25,3
TM,TEAM_CR,1097,743301,0.0,1.2,1.2,-1.2,-0.5,-25.0,-25.0,0.0,-25,3
TM,TEAM_CR,1098,743341,0.0,1.1,1.2,-1.2,0.3,-25.0,-25.0,0.0,-25,3
TM,TEAM_CR,1099,743381,0.0,1.1,1.2,-1.2,-1.4,-25.0,-25.0,0.0,-25,3
TM,TEAM_CR,1100,743421,0.0,1.1,1.2,-1.2,0.9,-25.0,-25.0,0.0,-25,3
TM,TEAM_CR,1101,743461,0.0,0.9,1.1,-1.1,-1.5,-25.0,-25.0,0.0,-25,3
TM,TEAM_CR,1102,743501,0.0,1.0,1.1,-1.1,0.2,-25.0,-25.0,0.0,-25,3
TM,TEAM_CR,1103,743547,0.0,0.7,1.1,-1.1,-2.1,-25.0,-25.0,0.0,-25,3
TM,TEAM_CR,1104,743587,0.0,1.1,1.0,-1.0,0.0,-25.0,-25.0,0.0,-25,3
TM,TEAM_CR,1105,743627,0.0,1.0,1.0,-1.0,-0.8,-25.0,-25.0,0.0,-25,3
TM,TEAM_CR,1106,743667,0.0,1.0,1.0,-1.0,0.0,-25.0,-25.0,0.0,-25,3
TM,ADCS_MODE,MANUAL,ADCS_REFERENCE,SUN,TARGET,0.00,POINTING_ERROR,-42.50,SUN_ERROR,-42.32,MAG_ERROR,157.23,GYRO_Z,-0.153,RW_CMD,0
TM,EST_RAW,42.32,EST_FILTERED,42.32,EST_ANGLE,42.50,EST_FILTER,ON,EST_FILTER_TYPE,MOVING_AVERAGE,EST_MA_WINDOW,1,EST_FILTER_STRENGTH,0.35
TM,EST_FUSION,ON,EST_GYRO_WEIGHT,0.98,EST_VALID,1
TM,TEAM_CR,1107,743722,0.0,0.8,1.0,-1.0,-1.0,-25.0,-25.0,0.0,-25,3
TM,TEAM_CR,1108,743761,0.0,0.9,0.9,-0.9,-0.1,-25.0,-25.0,0.0,-25,3
TM,TEAM_CR,1109,743801,0.0,0.9,0.9,-0.9,-0.8,-25.0,-25.0,0.0,-25,3
TM,TEAM_CR,1110,743841,0.0,0.8,0.9,-0.9,-0.4,-25.0,-25.0,0.0,-25,3
TM,TEAM_CR,1111,743881,0.0,0.8,0.9,-0.9,0.0,-25.0,-25.0,0.0,-25,3
TM,TEAM_CR,1112,743921,0.0,0.8,0.9,-0.9,-0.9,-25.0,-25.0,0.0,-25,3
TM,TEAM_CR,1113,743961,0.0,0.8,0.9,-0.9,0.1,-25.0,-25.0,0.0,-25,3
TM,SUN_L,3522,SUN_R,2932,SUN_NDV,0.0914,SUN_ANGLE,42.40
TM,MAG_X,-6.10,MAG_Y,-2.80,MAG_Z,-18.94,MAG_HEADING,204.67
TM,GYRO_X,-1.076,GYRO_Y,-1.899,GYRO_Z,-0.267,BODY_RATE,0.267
TM,TEAM_CR,1114,744001,0.0,0.8,0.8,-0.8,-1.4,-25.0,-25.0,0.0,-25,3
TM,TEAM_CR,1115,744048,0.0,0.7,0.8,-0.8,0.4,-25.0,-25.0,0.0,-25,3
TM,TEAM_CR,1116,744088,0.0,0.6,0.8,-0.8,-1.0,-25.0,-25.0,0.0,-25,3
TM,TEAM_CR,1117,744141,0.0,0.8,0.8,-0.8,0.4,-25.0,-25.0,0.0,-25,3
TM,TEAM_CR,1118,744181,0.0,0.7,0.8,-0.8,-0.2,-25.0,-25.0,0.0,-25,3
TM,TEAM_CR,1119,744221,0.0,0.5,0.8,-0.8,0.8,-25.0,-25.0,0.0,-25,3
TM,TEAM_CR,1120,744261,0.0,0.7,0.8,-0.8,-0.8,-25.0,-25.0,0.0,-25,3
TM,TEAM_CR,1121,744301,0.0,0.4,0.8,-0.8,0.8,-25.0,-25.0,0.0,-25,3
TM,TEAM_CR,1122,744342,0.0,0.6,0.8,-0.8,-0.5,-25.0,-25.0,0.0,-25,3
TM,TEAM_CR,1123,744382,0.0,0.7,0.8,-0.8,0.8,-25.0,-25.0,0.0,-25,3
TM,TEAM_CR,1124,744422,0.0,0.7,0.8,-0.8,-0.4,-25.0,-25.0,0.0,-25,3
TM,TEAM_CR,1125,744462,0.0,0.6,0.8,-0.8,-0.1,-25.0,-25.0,0.0,-25,3
TM,TEAM_CR,1126,744502,0.0,0.6,0.8,-0.8,0.2,-25.0,-25.0,0.0,-25,3
TM,TEAM_CR,1127,744548,0.0,0.7,0.8,-0.8,0.1,-25.0,-25.0,0.0,-25,3
TM,TEAM_CR,1128,744587,0.0,0.7,0.8,-0.8,0.1,-25.0,-25.0,0.0,-25,3
TM,TEAM_CR,1129,744627,0.0,0.7,0.8,-0.8,0.1,-25.0,-25.0,0.0,-25,3
TM,ADCS_MODE,MANUAL,ADCS_REFERENCE,SUN,TARGET,0.00,POINTING_ERROR,-42.51,SUN_ERROR,-42.38,MAG_ERROR,155.95,GYRO_Z,-0.223,RW_CMD,0
TM,EST_RAW,42.38,EST_FILTERED,42.38,EST_ANGLE,42.51,EST_FILTER,ON,EST_FILTER_TYPE,MOVING_AVERAGE,EST_MA_WINDOW,1,EST_FILTER_STRENGTH,0.35
TM,EST_FUSION,ON,EST_GYRO_WEIGHT,0.98,EST_VALID,1
TM,TEAM_CR,1130,744667,0.0,0.8,0.8,-0.8,0.5,-25.0,-25.0,0.0,-25,3
TM,TEAM_CR,1131,744721,0.0,0.4,0.8,-0.8,0.1,-25.0,-25.0,0.0,-25,3
TM,SUN_L,3520,SUN_R,2931,SUN_NDV,0.0913,SUN_ANGLE,42.26
TM,MAG_X,-6.10,MAG_Y,-2.72,MAG_Z,-19.12,MAG_HEADING,204.05
TM,GYRO_X,-1.024,GYRO_Y,-1.986,GYRO_Z,-0.013,BODY_RATE,0.013
TM,TEAM_CR,1132,744761,0.0,0.5,0.8,-0.8,0.1,-25.0,-25.0,0.0,-25,3
TM,TEAM_CR,1133,744801,0.0,0.6,0.8,-0.8,-0.2,-25.0,-25.0,0.0,-25,3
TM,TEAM_CR,1134,744841,0.0,0.5,0.8,-0.8,0.8,-25.0,-25.0,0.0,-25,3
TM,TEAM_CR,1135,744881,0.0,0.7,0.8,-0.8,-0.3,-25.0,-25.0,0.0,-25,3
TM,TEAM_CR,1136,744921,0.0,0.7,0.8,-0.8,1.0,-25.0,-25.0,0.0,-25,3
TM,TEAM_CR,1137,744961,0.0,0.7,0.8,-0.8,-1.0,-25.0,-25.0,0.0,-25,3
TM,TEAM_CR,1138,745001,0.0,0.7,0.8,-0.8,0.8,-25.0,-25.0,0.0,-25,3
TM,TEAM_CR,1139,745048,0.0,0.6,0.7,-0.7,-1.0,-25.0,-25.0,0.0,-25,3
TM,TEAM_CR,1140,745088,0.0,0.4,0.8,-0.8,1.0,-25.0,-25.0,0.0,-25,3
TM,TEAM_CR,1141,745141,0.0,0.6,0.7,-0.7,-0.2,-25.0,-25.0,0.0,-25,3
TM,TEAM_CR,1142,745181,0.0,0.6,0.8,-0.8,1.0,-25.0,-25.0,0.0,-25,3
TM,TEAM_CR,1143,745221,0.0,0.8,0.7,-0.7,-0.5,-25.0,-25.0,0.0,-25,3
TM,TEAM_CR,1144,745261,0.0,0.7,0.8,-0.8,1.4,-25.0,-25.0,0.0,-25,3
TM,TEAM_CR,1145,745301,0.0,0.4,0.8,-0.8,-0.4,-25.0,-25.0,0.0,-25,3
TM,TEAM_CR,1146,745341,0.0,0.6,0.8,-0.8,0.9,-25.0,-25.0,0.0,-25,3
TM,TEAM_CR,1147,745381,0.0,0.4,0.7,-0.7,-2.6,-25.0,-25.0,0.0,-25,3
TM,TEAM_CR,1148,745421,0.0,0.7,0.7,-0.7,0.0,-25.0,-25.0,0.0,-25,3
TM,TEAM_CR,1149,745461,0.0,0.5,0.7,-0.7,-0.6,-25.0,-25.0,0.0,-25,3
TM,TEAM_CR,1150,745501,0.0,0.9,0.7,-0.7,0.0,-25.0,-25.0,0.0,-25,3
TM,SUN_L,3518,SUN_R,2930,SUN_NDV,0.0912,SUN_ANGLE,42.28
TM,MAG_X,-6.19,MAG_Y,-2.72,MAG_Z,-18.91,MAG_HEADING,203.71
TM,GYRO_X,-0.892,GYRO_Y,-2.345,GYRO_Z,0.004,BODY_RATE,-0.004
TM,TEAM_CR,1151,745548,0.0,0.5,0.7,-0.7,-0.7,-25.0,-25.0,0.0,-25,3
TM,ADCS_MODE,MANUAL,ADCS_REFERENCE,SUN,TARGET,0.00,POINTING_ERROR,-42.49,SUN_ERROR,-42.35,MAG_ERROR,156.29,GYRO_Z,-0.004,RW_CMD,0
TM,EST_RAW,42.35,EST_FILTERED,42.35,EST_ANGLE,42.49,EST_FILTER,ON,EST_FILTER_TYPE,MOVING_AVERAGE,EST_MA_WINDOW,1,EST_FILTER_STRENGTH,0.35
TM,EST_FUSION,ON,EST_GYRO_WEIGHT,0.98,EST_VALID,1
TM,TEAM_CR,1152,745589,0.0,0.5,0.6,-0.6,-0.5,-25.0,-25.0,0.0,-25,3
TM,TEAM_CR,1153,745629,0.0,0.6,0.7,-0.7,0.3,-25.0,-25.0,0.0,-25,3
TM,TEAM_CR,1154,745668,0.0,0.6,0.6,-0.6,-0.2,-25.0,-25.0,0.0,-25,3
TM,TEAM_CR,1155,745721,0.0,0.5,0.6,-0.6,-0.6,-25.0,-25.0,0.0,-25,3
TM,TEAM_CR,1156,745761,0.0,0.5,0.6,-0.6,0.2,-25.0,-25.0,0.0,-25,3
TM,TEAM_CR,1157,745801,0.0,0.7,0.6,-0.6,0.6,-25.0,-25.0,0.0,-25,3
TM,TEAM_CR,1158,745841,0.0,0.6,0.6,-0.6,0.2,-25.0,-25.0,0.0,-25,3
TM,TEAM_CR,1159,745882,0.0,0.4,0.6,-0.6,1.1,-25.0,-25.0,0.0,-25,3
TM,TEAM_CR,1160,745921,0.0,0.2,0.6,-0.6,-0.1,-25.0,-25.0,0.0,-25,3
TM,TEAM_CR,1161,745961,0.0,0.6,0.7,-0.7,0.9,-25.0,-25.0,0.0,-25,3
TM,TEAM_CR,1162,746001,0.0,0.4,0.6,-0.6,-1.0,-25.0,-25.0,0.0,-25,3
TM,TEAM_CR,1163,746049,0.0,0.5,0.7,-0.7,1.1,-25.0,-25.0,0.0,-25,3
TM,TEAM_CR,1164,746088,0.0,0.4,0.6,-0.6,-0.6,-25.0,-25.0,0.0,-25,3
TM,TEAM_CR,1165,746141,0.0,0.5,0.7,-0.7,0.5,-25.0,-25.0,0.0,-25,3
TM,TEAM_CR,1166,746181,0.0,0.4,0.6,-0.6,-0.4,-25.0,-25.0,0.0,-25,3
TM,TEAM_CR,1167,746221,0.0,0.6,0.7,-0.7,0.9,-25.0,-25.0,0.0,-25,3
TM,TEAM_CR,1168,746261,0.0,0.3,0.6,-0.6,-0.9,-25.0,-25.0,0.0,-25,3
TM,SUN_L,3519,SUN_R,2931,SUN_NDV,0.0912,SUN_ANGLE,42.30
TM,MAG_X,-6.14,MAG_Y,-2.56,MAG_Z,-18.86,MAG_HEADING,202.62
TM,GYRO_X,-1.067,GYRO_Y,-2.275,GYRO_Z,-0.118,BODY_RATE,0.118
TM,TEAM_CR,1169,746301,0.0,0.3,0.6,-0.6,0.9,-25.0,-25.0,0.0,-25,3
TM,TEAM_CR,1170,746341,0.0,0.3,0.6,-0.6,-0.6,-25.0,-25.0,0.0,-25,3
TM,TEAM_CR,1171,746381,0.0,0.3,0.6,-0.6,1.0,-25.0,-25.0,0.0,-25,3
TM,TEAM_CR,1172,746421,0.0,0.5,0.6,-0.6,-0.6,-25.0,-25.0,0.0,-25,3
TM,TEAM_CR,1173,746461,0.0,0.2,0.6,-0.6,0.4,-25.0,-25.0,0.0,-25,3
TM,TEAM_CR,1174,746501,0.0,0.3,0.6,-0.6,-0.4,-25.0,-25.0,0.0,-25,3
TM,ADCS_MODE,MANUAL,ADCS_REFERENCE,SUN,TARGET,0.00,POINTING_ERROR,-42.50,SUN_ERROR,-42.35,MAG_ERROR,157.38,GYRO_Z,-0.171,RW_CMD,0
TM,EST_RAW,42.35,EST_FILTERED,42.35,EST_ANGLE,42.50,EST_FILTER,ON,EST_FILTER_TYPE,MOVING_AVERAGE,EST_MA_WINDOW,1,EST_FILTER_STRENGTH,0.35
TM,EST_FUSION,ON,EST_GYRO_WEIGHT,0.98,EST_VALID,1
TM,TEAM_CR,1175,746547,0.0,0.3,0.6,-0.6,0.8,-25.0,-25.0,0.0,-25,3
TM,TEAM_CR,1176,746587,0.0,0.2,0.6,-0.6,-0.6,-25.0,-25.0,0.0,-25,3
TM,TEAM_CR,1177,746627,0.0,0.6,0.6,-0.6,0.7,-25.0,-25.0,0.0,-25,3
TM,TEAM_CR,1178,746667,0.0,0.1,0.6,-0.6,0.2,-25.0,-25.0,0.0,-25,3
TM,TEAM_CR,1179,746721,0.0,0.2,0.6,-0.6,1.0,-25.0,-25.0,0.0,-25,3
TM,TEAM_CR,1180,746761,0.0,0.1,0.6,-0.6,-0.4,-25.0,-25.0,0.0,-25,3
TM,TEAM_CR,1181,746802,0.0,0.0,0.6,-0.6,0.9,-25.0,-25.0,0.0,-25,3
TM,TEAM_CR,1182,746841,0.0,0.4,0.6,-0.6,-0.3,-25.0,-25.0,0.0,-25,3
TM,TEAM_CR,1183,746881,0.0,0.3,0.6,-0.6,0.4,-25.0,-25.0,0.0,-25,3
TM,TEAM_CR,1184,746922,0.0,0.2,0.6,-0.6,-0.3,-25.0,-25.0,0.0,-25,3
TM,TEAM_CR,1185,746962,0.0,0.3,0.5,-0.5,0.0,-25.0,-25.0,0.0,-25,3
TM,TEAM_CR,1186,747002,0.0,0.3,0.6,-0.6,0.3,-25.0,-25.0,0.0,-25,3
TM,SUN_L,3520,SUN_R,2931,SUN_NDV,0.0913,SUN_ANGLE,42.28
TM,MAG_X,-6.13,MAG_Y,-2.64,MAG_Z,-18.88,MAG_HEADING,203.31
TM,GYRO_X,-1.138,GYRO_Y,-2.047,GYRO_Z,0.013,BODY_RATE,-0.013
TM,TEAM_CR,1187,747048,0.0,0.5,0.5,-0.5,0.3,-25.0,-25.0,0.0,-25,3
TM,TEAM_CR,1188,747088,0.0,0.2,0.6,-0.6,0.1,-25.0,-25.0,0.0,-25,3
TM,TEAM_CR,1189,747141,0.0,0.5,0.6,-0.6,1.0,-25.0,-25.0,0.0,-25,3
TM,TEAM_CR,1190,747181,0.0,0.4,0.6,-0.6,-0.3,-25.0,-25.0,0.0,-25,3
TM,TEAM_CR,1191,747221,0.0,0.5,0.6,-0.6,0.1,-25.0,-25.0,0.0,-25,3
TM,TEAM_CR,1192,747261,0.0,0.5,0.6,-0.6,-0.1,-25.0,-25.0,0.0,-25,3
TM,TEAM_CR,1193,747301,0.0,0.4,0.6,-0.6,0.0,-25.0,-25.0,0.0,-25,3
TM,TEAM_CR,1194,747341,0.0,0.2,0.6,-0.6,0.4,-25.0,-25.0,0.0,-25,3
TM,TEAM_CR,1195,747381,0.0,0.3,0.5,-0.5,-0.1,-25.0,-25.0,0.0,-25,3
TM,TEAM_CR,1196,747421,0.0,0.5,0.6,-0.6,0.8,-25.0,-25.0,0.0,-25,3
TM,TEAM_CR,1197,747461,0.0,0.1,0.5,-0.5,-0.4,-25.0,-25.0,0.0,-25,3
TM,ADCS_MODE,MANUAL,ADCS_REFERENCE,SUN,TARGET,0.00,POINTING_ERROR,-42.50,SUN_ERROR,-42.37,MAG_ERROR,156.42,GYRO_Z,-0.101,RW_CMD,0
TM,EST_RAW,42.37,EST_FILTERED,42.37,EST_ANGLE,42.50,EST_FILTER,ON,EST_FILTER_TYPE,MOVING_AVERAGE,EST_MA_WINDOW,1,EST_FILTER_STRENGTH,0.35
TM,EST_FUSION,ON,EST_GYRO_WEIGHT,0.98,EST_VALID,1
TM,TEAM_CR,1198,747501,0.0,0.4,0.5,-0.5,0.6,-25.0,-25.0,0.0,-25,3
TM,TEAM_CR,1199,747548,0.0,0.1,0.5,-0.5,-0.1,-25.0,-25.0,0.0,-25,3
TM,TEAM_CR,1200,747587,0.0,0.4,0.6,-0.6,1.1,-25.0,-25.0,0.0,-25,3
TM,TEAM_CR,1201,747627,0.0,0.4,0.5,-0.5,-0.6,-25.0,-25.0,0.0,-25,3
TM,TEAM_CR,1202,747667,0.0,0.4,0.6,-0.6,1.0,-25.0,-25.0,0.0,-25,3
TM,TEAM_CR,1203,747721,0.0,0.1,0.5,-0.5,-0.1,-25.0,-25.0,0.0,-25,3
TM,TEAM_CR,1204,747761,0.0,0.3,0.6,-0.6,0.7,-25.0,-25.0,0.0,-25,3
TM,SUN_L,3523,SUN_R,2931,SUN_NDV,0.0917,SUN_ANGLE,42.41
TM,MAG_X,-6.05,MAG_Y,-2.64,MAG_Z,-18.82,MAG_HEADING,203.58
TM,GYRO_X,-1.129,GYRO_Y,-2.065,GYRO_Z,-0.214,BODY_RATE,0.214
TM,TEAM_CR,1205,747801,0.0,0.4,0.5,-0.5,-0.1,-25.0,-25.0,0.0,-25,3
TM,TEAM_CR,1206,747841,0.0,0.3,0.5,-0.5,0.5,-25.0,-25.0,0.0,-25,3
TM,TEAM_CR,1207,747881,0.0,0.3,0.5,-0.5,-0.9,-25.0,-25.0,0.0,-25,3
TM,TEAM_CR,1208,747922,0.0,0.2,0.5,-0.5,1.4,-25.0,-25.0,0.0,-25,3
TM,TEAM_CR,1209,747962,0.0,0.1,0.5,-0.5,-0.5,-25.0,-25.0,0.0,-25,3
TM,TEAM_CR,1210,748002,0.0,0.3,0.6,-0.6,1.2,-25.0,-25.0,0.0,-25,3
TM,TEAM_CR,1211,748046,0.0,0.2,0.5,-0.5,-1.0,-25.0,-25.0,0.0,-25,3
TM,TEAM_CR,1212,748086,0.0,0.3,0.5,-0.5,1.1,-25.0,-25.0,0.0,-25,3
TM,TEAM_CR,1213,748126,0.0,0.2,0.5,-0.5,-1.0,-25.0,-25.0,0.0,-25,3
TM,TEAM_CR,1214,748166,0.0,0.1,0.5,-0.5,0.9,-25.0,-25.0,0.0,-25,3
TM,TEAM_CR,1215,748206,0.0,0.3,0.5,-0.5,-0.9,-25.0,-25.0,0.0,-25,3
TM,TEAM_CR,1216,748246,0.0,0.2,0.5,-0.5,0.7,-25.0,-25.0,0.0,-25,3
TM,TEAM_CR,1217,748286,0.0,0.1,0.5,-0.5,-0.1,-25.0,-25.0,0.0,-25,3
TM,TEAM_CR,1218,748326,0.0,0.2,0.5,-0.5,0.6,-25.0,-25.0,0.0,-25,3
TM,TEAM_CR,1219,748366,0.0,0.0,0.5,-0.5,-0.2,-25.0,-25.0,0.0,-25,3
TM,TEAM_CR,1220,748406,0.0,0.3,0.5,-0.5,0.4,-25.0,-25.0,0.0,-25,3
TM,ADCS_MODE,MANUAL,ADCS_REFERENCE,SUN,TARGET,0.00,POINTING_ERROR,-42.52,SUN_ERROR,-42.34,MAG_ERROR,156.48,GYRO_Z,-0.267,RW_CMD,0
TM,EST_RAW,42.34,EST_FILTERED,42.34,EST_ANGLE,42.52,EST_FILTER,ON,EST_FILTER_TYPE,MOVING_AVERAGE,EST_MA_WINDOW,1,EST_FILTER_STRENGTH,0.35
TM,EST_FUSION,ON,EST_GYRO_WEIGHT,0.98,EST_VALID,1
TM,TEAM_CR,1221,748446,0.0,0.1,0.5,-0.5,0.1,-25.0,-25.0,0.0,-25,3
TM,TEAM_CR,1222,748486,0.0,0.2,0.5,-0.5,0.5,-25.0,-25.0,0.0,-25,3
TM,SUN_L,3521,SUN_R,2931,SUN_NDV,0.0914,SUN_ANGLE,42.34
TM,MAG_X,-6.16,MAG_Y,-2.67,MAG_Z,-18.86,MAG_HEADING,203.45
TM,GYRO_X,-1.129,GYRO_Y,-2.161,GYRO_Z,-0.241,BODY_RATE,0.241
TM,TEAM_CR,1223,748526,0.0,0.4,0.5,-0.5,0.6,-25.0,-25.0,0.0,-25,3
TM,TEAM_CR,1224,748571,0.0,0.1,0.5,-0.5,0.0,-25.0,-25.0,0.0,-25,3
TM,TEAM_CR,1225,748611,0.0,0.1,0.5,-0.5,0.4,-25.0,-25.0,0.0,-25,3
TM,TEAM_CR,1226,748651,0.0,0.2,0.5,-0.5,0.1,-25.0,-25.0,0.0,-25,3
TM,TEAM_CR,1227,748691,0.0,0.2,0.5,-0.5,0.9,-25.0,-25.0,0.0,-25,3
TM,TEAM_CR,1228,748745,0.0,0.1,0.5,-0.5,0.2,-25.0,-25.0,0.0,-25,3
TM,TEAM_CR,1229,748785,0.0,0.1,0.5,-0.5,0.3,-25.0,-25.0,0.0,-25,3
TM,TEAM_CR,1230,748825,0.0,0.0,0.5,-0.5,0.1,-25.0,-25.0,0.0,-25,3
TM,TEAM_CR,1231,748865,0.0,0.0,0.5,-0.5,0.3,-25.0,-25.0,0.0,-25,3
TM,TEAM_CR,1232,748905,0.0,0.0,0.4,-0.4,-0.3,-25.0,-25.0,0.0,-25,3
TM,TEAM_CR,1233,748945,0.0,0.4,0.4,-0.4,0.0,-25.0,-25.0,0.0,-25,3
TM,TEAM_CR,1234,748985,0.0,0.1,0.4,-0.4,-0.6,-25.0,-25.0,0.0,-25,3
TM,TEAM_CR,1235,749025,0.0,0.1,0.4,-0.4,0.4,-25.0,-25.0,0.0,-25,3
TM,TEAM_CR,1236,749071,0.0,0.0,0.4,-0.4,-0.5,-25.0,-25.0,0.0,-25,3
TM,TEAM_CR,1237,749124,0.0,-0.2,0.3,-0.3,-0.6,-25.0,-25.0,0.0,-25,3
TM,TEAM_CR,1238,749164,0.0,0.0,0.3,-0.3,0.4,-25.0,-25.0,0.0,-25,3
TM,TEAM_CR,1239,749204,0.0,0.1,0.3,-0.3,-0.2,-25.0,-25.0,0.0,-25,3
TM,TEAM_CR,1240,749244,0.0,-0.1,0.3,-0.3,0.6,-25.0,-25.0,0.0,-25,3
TM,TEAM_CR,1241,749284,0.0,-0.1,0.3,-0.3,0.5,-25.0,-25.0,0.0,-25,3
TM,SUN_L,3521,SUN_R,2931,SUN_NDV,0.0914,SUN_ANGLE,42.33
TM,MAG_X,-6.14,MAG_Y,-2.61,MAG_Z,-18.88,MAG_HEADING,203.00
TM,GYRO_X,-1.085,GYRO_Y,-2.170,GYRO_Z,-0.214,BODY_RATE,0.214
TM,TEAM_CR,1242,749324,0.0,0.0,0.3,-0.3,0.8,-25.0,-25.0,0.0,-25,3
TM,ADCS_MODE,MANUAL,ADCS_REFERENCE,SUN,TARGET,0.00,POINTING_ERROR,-42.51,SUN_ERROR,-42.34,MAG_ERROR,157.00,GYRO_Z,-0.101,RW_CMD,0
TM,EST_RAW,42.34,EST_FILTERED,42.34,EST_ANGLE,42.51,EST_FILTER,ON,EST_FILTER_TYPE,MOVING_AVERAGE,EST_MA_WINDOW,1,EST_FILTER_STRENGTH,0.35
TM,EST_FUSION,ON,EST_GYRO_WEIGHT,0.98,EST_VALID,1
TM,TEAM_CR,1243,749364,0.0,0.2,0.4,-0.4,1.1,-25.0,-25.0,0.0,-25,3
TM,TEAM_CR,1244,749404,0.0,0.1,0.4,-0.4,0.8,-25.0,-25.0,0.0,-25,3
TM,TEAM_CR,1245,749444,0.0,0.2,0.4,-0.4,1.2,-25.0,-25.0,0.0,-25,3
TM,TEAM_CR,1246,749484,0.0,0.1,0.4,-0.4,0.4,-25.0,-25.0,0.0,-25,3
TM,TEAM_CR,1247,749524,0.0,0.1,0.4,-0.4,1.0,-25.0,-25.0,0.0,-25,3
TM,TEAM_CR,1248,749571,0.0,0.1,0.4,-0.4,0.1,-25.0,-25.0,0.0,-25,3
TM,TEAM_CR,1249,749611,0.0,0.1,0.4,-0.4,0.5,-25.0,-25.0,0.0,-25,3
TM,TEAM_CR,1250,749652,0.0,0.2,0.4,-0.4,-0.3,-25.0,-25.0,0.0,-25,3
TM,TEAM_CR,1251,749691,0.0,0.1,0.4,-0.4,0.5,-25.0,-25.0,0.0,-25,3
TM,TEAM_CR,1252,749744,0.0,0.1,0.4,-0.4,-0.2,-25.0,-25.0,0.0,-25,3
TM,TEAM_CR,1253,749784,0.0,0.1,0.4,-0.4,0.2,-25.0,-25.0,0.0,-25,3
TM,TEAM_CR,1254,749824,0.0,0.1,0.4,-0.4,0.0,-25.0,-25.0,0.0,-25,3
TM,TEAM_CR,1255,749864,0.0,0.1,0.4,-0.4,0.2,-25.0,-25.0,0.0,-25,3
TM,TEAM_CR,1256,749904,0.0,0.0,0.4,-0.4,0.2,-25.0,-25.0,0.0,-25,3
TM,TEAM_CR,1257,749944,0.0,0.1,0.4,-0.4,0.5,-25.0,-25.0,0.0,-25,3
TM,TEAM_CR,1258,749984,0.0,0.2,0.4,-0.4,0.3,-25.0,-25.0,0.0,-25,3
TM,TEAM_CR,1259,750024,0.0,0.3,0.4,-0.4,1.0,-25.0,-25.0,0.0,-25,3
TM,SUN_L,3522,SUN_R,2931,SUN_NDV,0.0916,SUN_ANGLE,42.32
TM,MAG_X,-6.27,MAG_Y,-2.66,MAG_Z,-18.82,MAG_HEADING,202.95
TM,GYRO_X,-0.936,GYRO_Y,-1.908,GYRO_Z,-0.109,BODY_RATE,0.109
TM,TEAM_CR,1260,750072,0.0,0.3,0.4,-0.4,0.2,-25.0,-25.0,0.0,-25,3
TM,TEAM_CR,1261,750124,0.0,0.4,0.4,-0.4,-0.1,-25.0,-25.0,0.0,-25,3
TM,TEAM_CR,1262,750164,0.0,0.1,0.4,-0.4,0.6,-25.0,-25.0,0.0,-25,3
TM,TEAM_CR,1263,750204,0.0,0.2,0.4,-0.4,0.0,-25.0,-25.0,0.0,-25,3
TM,TEAM_CR,1264,750244,0.0,0.4,0.4,-0.4,0.5,-25.0,-25.0,0.0,-25,3
TM,TEAM_CR,1265,750284,0.0,0.3,0.5,-0.5,0.5,-25.0,-25.0,0.0,-25,3
TM,ADCS_MODE,MANUAL,ADCS_REFERENCE,SUN,TARGET,0.00,POINTING_ERROR,-42.51,SUN_ERROR,-42.36,MAG_ERROR,157.29,GYRO_Z,0.048,RW_CMD,0
TM,EST_RAW,42.36,EST_FILTERED,42.36,EST_ANGLE,42.51,EST_FILTER,ON,EST_FILTER_TYPE,MOVING_AVERAGE,EST_MA_WINDOW,1,EST_FILTER_STRENGTH,0.35
TM,EST_FUSION,ON,EST_GYRO_WEIGHT,0.98,EST_VALID,1
TM,TEAM_CR,1266,750325,0.0,0.4,0.5,-0.5,0.3,-25.0,-25.0,0.0,-25,3
TM,TEAM_CR,1267,750364,0.0,0.4,0.5,-0.5,0.4,-25.0,-25.0,0.0,-25,3
TM,TEAM_CR,1268,750404,0.0,0.5,0.5,-0.5,0.2,-25.0,-25.0,0.0,-25,3
TM,TEAM_CR,1269,750444,0.0,0.5,0.5,-0.5,0.6,-25.0,-25.0,0.0,-25,3
TM,TEAM_CR,1270,750484,0.0,0.5,0.5,-0.5,0.0,-25.0,-25.0,0.0,-25,3
TM,TEAM_CR,1271,750524,0.0,0.4,0.5,-0.5,0.7,-25.0,-25.0,0.0,-25,3
TM,TEAM_CR,1272,750570,0.0,0.4,0.5,-0.5,0.2,-25.0,-25.0,0.0,-25,3
TM,TEAM_CR,1273,750610,0.0,0.6,0.6,-0.6,0.4,-25.0,-25.0,0.0,-25,3
TM,TEAM_CR,1274,750650,0.0,0.5,0.6,-0.6,0.5,-25.0,-25.0,0.0,-25,3
TM,TEAM_CR,1275,750690,0.0,0.6,0.6,-0.6,0.8,-25.0,-25.0,0.0,-25,3
TM,TEAM_CR,1276,750744,0.0,0.8,0.6,-0.6,0.3,-25.0,-25.0,0.0,-25,3
TM,TEAM_CR,1277,750784,0.0,0.4,0.6,-0.6,0.3,-25.0,-25.0,0.0,-25,3
TM,SUN_L,3519,SUN_R,2930,SUN_NDV,0.0913,SUN_ANGLE,42.35
TM,MAG_X,-6.18,MAG_Y,-2.80,MAG_Z,-18.66,MAG_HEADING,204.39
TM,GYRO_X,-1.155,GYRO_Y,-2.013,GYRO_Z,-0.048,BODY_RATE,0.048
TM,TEAM_CR,1278,750824,0.0,0.4,0.6,-0.6,0.7,-25.0,-25.0,0.0,-25,3
TM,TEAM_CR,1279,750864,0.0,0.5,0.7,-0.7,0.4,-25.0,-25.0,0.0,-25,3
TM,TEAM_CR,1280,750904,0.0,0.8,0.7,-0.7,0.5,-25.0,-25.0,0.0,-25,3
TM,TEAM_CR,1281,750945,0.0,0.6,0.7,-0.7,0.6,-25.0,-25.0,0.0,-25,3
TM,TEAM_CR,1282,750985,0.0,0.5,0.7,-0.7,0.2,-25.0,-25.0,0.0,-25,3
TM,TEAM_CR,1283,751025,0.0,0.6,0.7,-0.7,0.3,-25.0,-25.0,0.0,-25,3
TM,TEAM_CR,1284,751071,0.0,0.7,0.7,-0.7,0.2,-25.0,-25.0,0.0,-25,3
TM,TEAM_CR,1285,751124,0.0,0.7,0.7,-0.7,-0.2,-25.0,-25.0,0.0,-25,3
TM,TEAM_CR,1286,751164,0.0,0.7,0.8,-0.8,0.9,-25.0,-25.0,0.0,-25,3
TM,TEAM_CR,1287,751205,0.0,0.7,0.8,-0.8,0.3,-25.0,-25.0,0.0,-25,3
TM,TEAM_CR,1288,751244,0.0,0.7,0.8,-0.8,0.8,-25.0,-25.0,0.0,-25,3
TM,ADCS_MODE,MANUAL,ADCS_REFERENCE,SUN,TARGET,0.00,POINTING_ERROR,-42.51,SUN_ERROR,-42.35,MAG_ERROR,155.61,GYRO_Z,-0.162,RW_CMD,0
TM,EST_RAW,42.35,EST_FILTERED,42.35,EST_ANGLE,42.51,EST_FILTER,ON,EST_FILTER_TYPE,MOVING_AVERAGE,EST_MA_WINDOW,1,EST_FILTER_STRENGTH,0.35
TM,EST_FUSION,ON,EST_GYRO_WEIGHT,0.98,EST_VALID,1
TM,TEAM_CR,1289,751284,0.0,0.9,0.8,-0.8,0.1,-25.0,-25.0,0.0,-25,3
TM,TEAM_CR,1290,751324,0.0,0.6,0.8,-0.8,0.4,-25.0,-25.0,0.0,-25,3
TM,TEAM_CR,1291,751364,0.0,0.9,0.9,-0.9,0.0,-25.0,-25.0,0.0,-25,3
TM,TEAM_CR,1292,751404,0.0,0.5,0.9,-0.9,0.9,-25.0,-25.0,0.0,-25,3
TM,TEAM_CR,1293,751444,0.0,0.8,0.9,-0.9,0.3,-25.0,-25.0,0.0,-25,3
TM,TEAM_CR,1294,751484,0.0,0.7,0.9,-0.9,0.4,-25.0,-25.0,0.0,-25,3
TM,TEAM_CR,1295,751524,0.0,0.8,0.9,-0.9,0.2,-25.0,-25.0,0.0,-25,3
TM,SUN_L,3520,SUN_R,2930,SUN_NDV,0.0915,SUN_ANGLE,42.35
TM,MAG_X,-6.03,MAG_Y,-2.70,MAG_Z,-18.77,MAG_HEADING,204.15
TM,GYRO_X,-0.822,GYRO_Y,-2.441,GYRO_Z,-0.188,BODY_RATE,0.188
TM,TEAM_CR,1296,751570,0.0,0.8,0.9,-0.9,1.0,-25.0,-25.0,0.0,-25,3
TM,TEAM_CR,1297,751610,0.0,0.9,0.9,-0.9,0.0,-25.0,-25.0,0.0,-25,3
TM,TEAM_CR,1298,751650,0.0,0.8,0.9,-0.9,0.6,-25.0,-25.0,0.0,-25,3
TM,TEAM_CR,1299,751690,0.0,1.0,1.0,-1.0,0.3,-25.0,-25.0,0.0,-25,3
TM,TEAM_CR,1300,751744,0.0,0.8,1.0,-1.0,1.0,-25.0,-25.0,0.0,-25,3
TM,TEAM_CR,1301,751784,0.0,1.0,1.0,-1.0,-0.1,-25.0,-25.0,0.0,-25,3
TM,TEAM_CR,1302,751824,0.0,0.8,1.0,-1.0,0.9,-25.0,-25.0,0.0,-25,3
TM,TEAM_CR,1303,751864,0.0,0.8,1.0,-1.0,-0.2,-25.0,-25.0,0.0,-25,3
TM,TEAM_CR,1304,751904,0.0,0.8,1.0,-1.0,0.8,-25.0,-25.0,0.0,-25,3
TM,TEAM_CR,1305,751944,0.0,0.9,1.0,-1.0,-0.3,-25.0,-25.0,0.0,-25,3
TM,TEAM_CR,1306,751984,0.0,0.9,1.1,-1.1,1.3,-25.0,-25.0,0.0,-25,3
TM,TEAM_CR,1307,752024,0.0,1.0,1.1,-1.1,0.6,-25.0,-25.0,0.0,-25,3
TM,TEAM_CR,1308,752069,0.0,0.9,1.1,-1.1,1.5,-25.0,-25.0,0.0,-25,3
TM,TEAM_CR,1309,752109,0.0,1.0,1.2,-1.2,0.7,-25.0,-25.0,0.0,-25,3
TM,TEAM_CR,1310,752149,0.0,0.9,1.2,-1.2,1.4,-25.0,-25.0,0.0,-25,3
TM,TEAM_CR,1311,752190,0.0,1.0,1.2,-1.2,0.5,-25.0,-25.0,0.0,-25,3
TM,ADCS_MODE,MANUAL,ADCS_REFERENCE,SUN,TARGET,0.00,POINTING_ERROR,-42.50,SUN_ERROR,-42.38,MAG_ERROR,154.74,GYRO_Z,-0.101,RW_CMD,0
TM,EST_RAW,42.38,EST_FILTERED,42.38,EST_ANGLE,42.50,EST_FILTER,ON,EST_FILTER_TYPE,MOVING_AVERAGE,EST_MA_WINDOW,1,EST_FILTER_STRENGTH,0.35
TM,EST_FUSION,ON,EST_GYRO_WEIGHT,0.98,EST_VALID,1
TM,TEAM_CR,1312,752229,0.0,0.9,1.3,-1.3,1.2,-25.0,-25.0,0.0,-25,3
TM,TEAM_CR,1313,752269,0.0,1.1,1.3,-1.3,-0.1,-25.0,-25.0,0.0,-25,3
TM,SUN_L,3520,SUN_R,2930,SUN_NDV,0.0915,SUN_ANGLE,42.29
TM,MAG_X,-6.24,MAG_Y,-2.94,MAG_Z,-19.41,MAG_HEADING,205.26
TM,GYRO_X,-0.700,GYRO_Y,-2.380,GYRO_Z,-0.267,BODY_RATE,0.267
TM,TEAM_CR,1314,752309,0.0,1.1,1.3,-1.3,1.5,-25.0,-25.0,0.0,-25,3
TM,TEAM_CR,1315,752349,0.0,1.2,1.3,-1.3,0.3,-25.0,-25.0,0.0,-25,3
TM,TEAM_CR,1316,752389,0.0,1.3,1.3,-1.3,1.1,-25.0,-25.0,0.0,-25,3
TM,TEAM_CR,1317,752429,0.0,1.2,1.4,-1.4,0.0,-25.0,-25.0,0.0,-25,3
TM,TEAM_CR,1318,752469,0.0,1.4,1.4,-1.4,0.7,-25.0,-25.0,0.0,-25,3
TM,TEAM_CR,1319,752509,0.0,1.2,1.4,-1.4,0.0,-25.0,-25.0,0.0,-25,3
TM,TEAM_CR,1320,752554,0.0,1.2,1.4,-1.4,0.8,-25.0,-25.0,0.0,-25,3
TM,TEAM_CR,1321,752594,0.0,1.4,1.4,-1.4,-0.4,-25.0,-25.0,0.0,-25,3
TM,TEAM_CR,1322,752634,0.0,1.3,1.4,-1.4,0.7,-25.0,-25.0,0.0,-25,3
TM,TEAM_CR,1323,752674,0.0,1.1,1.4,-1.4,0.2,-25.0,-25.0,0.0,-25,3
TM,TEAM_CR,1324,752727,0.0,1.2,1.5,-1.5,1.4,-25.0,-25.0,0.0,-25,3
TM,TEAM_CR,1325,752767,0.0,1.4,1.5,-1.5,0.1,-25.0,-25.0,0.0,-25,3
TM,TEAM_CR,1326,752807,0.0,1.4,1.5,-1.5,1.2,-29.2,-25.0,0.0,-27,3
TM,TEAM_CR,1327,752847,0.0,1.1,1.5,-1.5,-0.6,-25.0,-25.0,0.0,-27,3
TM,TEAM_CR,1328,752887,0.0,1.3,1.5,-1.5,0.6,-25.0,-25.0,0.0,-25,3
TM,TEAM_CR,1329,752927,0.0,1.2,1.5,-1.5,-0.6,-25.0,-25.0,0.0,-25,3
TM,TEAM_CR,1330,752967,0.0,1.3,1.5,-1.5,1.1,-25.0,-25.0,0.0,-25,3
TM,TEAM_CR,1331,753007,0.0,1.1,1.5,-1.5,-0.2,-25.0,-25.0,0.0,-25,3
TM,TEAM_CR,1332,753053,0.0,1.2,1.5,-1.5,1.2,-29.3,-25.1,0.0,-27,3
TM,SUN_L,3522,SUN_R,2931,SUN_NDV,0.0916,SUN_ANGLE,42.35
TM,MAG_X,-6.08,MAG_Y,-2.82,MAG_Z,-18.83,MAG_HEADING,204.85
TM,GYRO_X,-1.076,GYRO_Y,-2.126,GYRO_Z,-0.048,BODY_RATE,0.048
TM,TEAM_CR,1333,753093,0.0,1.2,1.5,-1.5,-0.1,-28.0,-25.1,0.0,-28,3
TM,ADCS_MODE,MANUAL,ADCS_REFERENCE,SUN,TARGET,0.00,POINTING_ERROR,-42.49,SUN_ERROR,-42.42,MAG_ERROR,155.15,GYRO_Z,0.267,RW_CMD,0
TM,EST_RAW,42.42,EST_FILTERED,42.42,EST_ANGLE,42.49,EST_FILTER,ON,EST_FILTER_TYPE,MOVING_AVERAGE,EST_MA_WINDOW,1,EST_FILTER_STRENGTH,0.35
TM,EST_FUSION,ON,EST_GYRO_WEIGHT,0.98,EST_VALID,1
TM,TEAM_CR,1334,753148,0.0,1.3,1.5,-1.5,-0.1,-28.1,-25.1,0.0,-28,3
TM,TEAM_CR,1335,753188,0.0,1.3,1.5,-1.5,-0.4,-25.1,-25.1,0.0,-26,3
TM,TEAM_CR,1336,753228,0.0,1.5,1.5,-1.5,-0.3,-25.1,-25.1,0.0,-25,3
EVT,TEAM_CDUMP,END,1337
TM,SUN_L,3521,SUN_R,2932,SUN_NDV,0.0913,SUN_ANGLE,42.33
TM,MAG_X,-6.13,MAG_Y,-2.66,MAG_Z,-18.64,MAG_HEADING,203.43
TM,GYRO_X,-0.962,GYRO_Y,-2.179,GYRO_Z,-0.223,BODY_RATE,0.223
TM,ADCS_MODE,MANUAL,ADCS_REFERENCE,SUN,TARGET,0.00,POINTING_ERROR,-42.49,SUN_ERROR,-42.27,MAG_ERROR,156.57,GYRO_Z,-0.223,RW_CMD,0
TM,EST_RAW,42.27,EST_FILTERED,42.27,EST_ANGLE,42.49,EST_FILTER,ON,EST_FILTER_TYPE,MOVING_AVERAGE,EST_MA_WINDOW,1,EST_FILTER_STRENGTH,0.35
TM,EST_FUSION,ON,EST_GYRO_WEIGHT,0.98,EST_VALID,1
TM,SUN_L,3520,SUN_R,2930,SUN_NDV,0.0915,SUN_ANGLE,42.31
TM,MAG_X,-6.18,MAG_Y,-2.59,MAG_Z,-18.85,MAG_HEADING,202.77
TM,GYRO_X,-0.910,GYRO_Y,-2.135,GYRO_Z,-0.354,BODY_RATE,0.354
TM,ADCS_MODE,MANUAL,ADCS_REFERENCE,SUN,TARGET,0.00,POINTING_ERROR,-42.47,SUN_ERROR,-42.29,MAG_ERROR,155.40,GYRO_Z,-0.153,RW_CMD,0
TM,EST_RAW,42.29,EST_FILTERED,42.29,EST_ANGLE,42.47,EST_FILTER,ON,EST_FILTER_TYPE,MOVING_AVERAGE,EST_MA_WINDOW,1,EST_FILTER_STRENGTH,0.35
TM,EST_FUSION,ON,EST_GYRO_WEIGHT,0.98,EST_VALID,1
TM,SUN_L,3519,SUN_R,2931,SUN_NDV,0.0912,SUN_ANGLE,42.26
TM,MAG_X,-6.08,MAG_Y,-2.78,MAG_Z,-18.86,MAG_HEADING,204.60
TM,GYRO_X,-1.041,GYRO_Y,-2.319,GYRO_Z,-0.127,BODY_RATE,0.127
TM,ADCS_MODE,MANUAL,ADCS_REFERENCE,SUN,TARGET,0.00,POINTING_ERROR,-42.48,SUN_ERROR,-42.36,MAG_ERROR,155.85,GYRO_Z,-0.302,RW_CMD,0
TM,EST_RAW,42.36,EST_FILTERED,42.36,EST_ANGLE,42.48,EST_FILTER,ON,EST_FILTER_TYPE,MOVING_AVERAGE,EST_MA_WINDOW,1,EST_FILTER_STRENGTH,0.35
TM,EST_FUSION,ON,EST_GYRO_WEIGHT,0.98,EST_VALID,1
TM,SUN_L,3523,SUN_R,2932,SUN_NDV,0.0916,SUN_ANGLE,42.30
TM,MAG_X,-6.21,MAG_Y,-2.78,MAG_Z,-18.88,MAG_HEADING,204.15
TM,GYRO_X,-1.102,GYRO_Y,-2.074,GYRO_Z,-0.118,BODY_RATE,0.118
TM,SUN_L,3524,SUN_R,2932,SUN_NDV,0.0917,SUN_ANGLE,42.33
TM,MAG_X,-6.22,MAG_Y,-2.75,MAG_Z,-18.83,MAG_HEADING,203.85
TM,GYRO_X,-1.138,GYRO_Y,-2.082,GYRO_Z,-0.118,BODY_RATE,0.118
TM,ADCS_MODE,MANUAL,ADCS_REFERENCE,SUN,TARGET,0.00,POINTING_ERROR,-42.49,SUN_ERROR,-42.49,MAG_ERROR,156.15,GYRO_Z,0.171,RW_CMD,0
TM,EST_RAW,42.49,EST_FILTERED,42.49,EST_ANGLE,42.49,EST_FILTER,ON,EST_FILTER_TYPE,MOVING_AVERAGE,EST_MA_WINDOW,1,EST_FILTER_STRENGTH,0.35
TM,EST_FUSION,ON,EST_GYRO_WEIGHT,0.98,EST_VALID,1
TM,SUN_L,3521,SUN_R,2931,SUN_NDV,0.0914,SUN_ANGLE,42.32
TM,MAG_X,-6.13,MAG_Y,-2.69,MAG_Z,-18.82,MAG_HEADING,203.68
TM,GYRO_X,-1.278,GYRO_Y,-2.179,GYRO_Z,-0.197,BODY_RATE,0.197
TM,ADCS_MODE,MANUAL,ADCS_REFERENCE,SUN,TARGET,0.00,POINTING_ERROR,-42.49,SUN_ERROR,-42.28,MAG_ERROR,156.32,GYRO_Z,-0.276,RW_CMD,0
TM,EST_RAW,42.28,EST_FILTERED,42.28,EST_ANGLE,42.49,EST_FILTER,ON,EST_FILTER_TYPE,MOVING_AVERAGE,EST_MA_WINDOW,1,EST_FILTER_STRENGTH,0.35
TM,EST_FUSION,ON,EST_GYRO_WEIGHT,0.98,EST_VALID,1
TM,SUN_L,3521,SUN_R,2932,SUN_NDV,0.0913,SUN_ANGLE,42.32
TM,MAG_X,-6.08,MAG_Y,-2.64,MAG_Z,-18.70,MAG_HEADING,203.47
TM,GYRO_X,-0.998,GYRO_Y,-2.214,GYRO_Z,-0.188,BODY_RATE,0.188
TM,ADCS_MODE,MANUAL,ADCS_REFERENCE,SUN,TARGET,0.00,POINTING_ERROR,-42.50,SUN_ERROR,-42.31,MAG_ERROR,154.36,GYRO_Z,0.153,RW_CMD,0
TM,EST_RAW,42.31,EST_FILTERED,42.31,EST_ANGLE,42.50,EST_FILTER,ON,EST_FILTER_TYPE,MOVING_AVERAGE,EST_MA_WINDOW,1,EST_FILTER_STRENGTH,0.35
TM,EST_FUSION,ON,EST_GYRO_WEIGHT,0.98,EST_VALID,1
TM,SUN_L,3522,SUN_R,2932,SUN_NDV,0.0914,SUN_ANGLE,42.40
TM,MAG_X,-6.08,MAG_Y,-2.86,MAG_Z,-18.93,MAG_HEADING,205.22
TM,GYRO_X,-1.278,GYRO_Y,-2.082,GYRO_Z,0.057,BODY_RATE,-0.057
TM,ADCS_MODE,MANUAL,ADCS_REFERENCE,SUN,TARGET,0.00,POINTING_ERROR,-42.50,SUN_ERROR,-42.36,MAG_ERROR,155.33,GYRO_Z,-0.171,RW_CMD,0
TM,EST_RAW,42.36,EST_FILTERED,42.36,EST_ANGLE,42.50,EST_FILTER,ON,EST_FILTER_TYPE,MOVING_AVERAGE,EST_MA_WINDOW,1,EST_FILTER_STRENGTH,0.35
TM,EST_FUSION,ON,EST_GYRO_WEIGHT,0.98,EST_VALID,1
TM,SUN_L,3521,SUN_R,2931,SUN_NDV,0.0914,SUN_ANGLE,42.27
TM,MAG_X,-6.10,MAG_Y,-2.80,MAG_Z,-18.77,MAG_HEADING,204.67
TM,GYRO_X,-0.779,GYRO_Y,-2.503,GYRO_Z,-0.048,BODY_RATE,0.048
TM,SUN_L,3523,SUN_R,2932,SUN_NDV,0.0916,SUN_ANGLE,42.34
TM,MAG_X,-6.08,MAG_Y,-2.66,MAG_Z,-18.86,MAG_HEADING,203.60
TM,GYRO_X,-1.024,GYRO_Y,-2.091,GYRO_Z,-0.267,BODY_RATE,0.267
TM,ADCS_MODE,MANUAL,ADCS_REFERENCE,SUN,TARGET,0.00,POINTING_ERROR,-42.49,SUN_ERROR,-42.34,MAG_ERROR,156.40,GYRO_Z,-0.214,RW_CMD,0
TM,EST_RAW,42.34,EST_FILTERED,42.34,EST_ANGLE,42.49,EST_FILTER,ON,EST_FILTER_TYPE,MOVING_AVERAGE,EST_MA_WINDOW,1,EST_FILTER_STRENGTH,0.35
TM,EST_FUSION,ON,EST_GYRO_WEIGHT,0.98,EST_VALID,1
TM,SUN_L,3522,SUN_R,2932,SUN_NDV,0.0914,SUN_ANGLE,42.26
TM,MAG_X,-6.29,MAG_Y,-2.72,MAG_Z,-18.82,MAG_HEADING,203.39
TM,GYRO_X,-1.059,GYRO_Y,-2.188,GYRO_Z,-0.249,BODY_RATE,0.249
TM,ADCS_MODE,MANUAL,ADCS_REFERENCE,SUN,TARGET,0.00,POINTING_ERROR,-42.49,SUN_ERROR,-42.41,MAG_ERROR,157.60,GYRO_Z,0.013,RW_CMD,0
TM,EST_RAW,42.41,EST_FILTERED,42.41,EST_ANGLE,42.49,EST_FILTER,ON,EST_FILTER_TYPE,MOVING_AVERAGE,EST_MA_WINDOW,1,EST_FILTER_STRENGTH,0.35
TM,EST_FUSION,ON,EST_GYRO_WEIGHT,0.98,EST_VALID,1
TM,SUN_L,3521,SUN_R,2932,SUN_NDV,0.0913,SUN_ANGLE,42.28
TM,MAG_X,-6.18,MAG_Y,-2.69,MAG_Z,-18.88,MAG_HEADING,203.52
TM,GYRO_X,-0.945,GYRO_Y,-2.257,GYRO_Z,-0.144,BODY_RATE,0.144
TM,ADCS_MODE,MANUAL,ADCS_REFERENCE,SUN,TARGET,0.00,POINTING_ERROR,-42.49,SUN_ERROR,-42.36,MAG_ERROR,156.48,GYRO_Z,0.022,RW_CMD,0
TM,EST_RAW,42.36,EST_FILTERED,42.36,EST_ANGLE,42.49,EST_FILTER,ON,EST_FILTER_TYPE,MOVING_AVERAGE,EST_MA_WINDOW,1,EST_FILTER_STRENGTH,0.35
TM,EST_FUSION,ON,EST_GYRO_WEIGHT,0.98,EST_VALID,1
TM,SUN_L,3520,SUN_R,2932,SUN_NDV,0.0911,SUN_ANGLE,42.37
TM,MAG_X,-6.26,MAG_Y,-2.75,MAG_Z,-18.88,MAG_HEADING,203.74
TM,GYRO_X,-1.015,GYRO_Y,-2.109,GYRO_Z,-0.083,BODY_RATE,0.083
TM,ADCS_MODE,MANUAL,ADCS_REFERENCE,SUN,TARGET,0.00,POINTING_ERROR,-42.48,SUN_ERROR,-42.34,MAG_ERROR,155.19,GYRO_Z,-0.153,RW_CMD,0
TM,EST_RAW,42.34,EST_FILTERED,42.34,EST_ANGLE,42.48,EST_FILTER,ON,EST_FILTER_TYPE,MOVING_AVERAGE,EST_MA_WINDOW,1,EST_FILTER_STRENGTH,0.35
TM,EST_FUSION,ON,EST_GYRO_WEIGHT,0.98,EST_VALID,1
TM,SUN_L,3522,SUN_R,2932,SUN_NDV,0.0914,SUN_ANGLE,42.34
TM,MAG_X,-6.16,MAG_Y,-2.85,MAG_Z,-18.96,MAG_HEADING,204.81
TM,GYRO_X,-0.910,GYRO_Y,-2.214,GYRO_Z,-0.197,BODY_RATE,0.197
TM,SUN_L,3520,SUN_R,2931,SUN_NDV,0.0913,SUN_ANGLE,42.35
TM,MAG_X,-6.24,MAG_Y,-2.74,MAG_Z,-19.01,MAG_HEADING,203.68
TM,GYRO_X,-0.875,GYRO_Y,-2.301,GYRO_Z,-0.179,BODY_RATE,0.179
TM,ADCS_MODE,MANUAL,ADCS_REFERENCE,SUN,TARGET,0.00,POINTING_ERROR,-42.50,SUN_ERROR,-42.39,MAG_ERROR,156.46,GYRO_Z,-0.031,RW_CMD,0
TM,EST_RAW,42.39,EST_FILTERED,42.39,EST_ANGLE,42.50,EST_FILTER,ON,EST_FILTER_TYPE,MOVING_AVERAGE,EST_MA_WINDOW,1,EST_FILTER_STRENGTH,0.35
TM,EST_FUSION,ON,EST_GYRO_WEIGHT,0.98,EST_VALID,1
TM,SUN_L,3520,SUN_R,2931,SUN_NDV,0.0913,SUN_ANGLE,42.31
TM,MAG_X,-6.18,MAG_Y,-2.64,MAG_Z,-18.77,MAG_HEADING,203.14
TM,GYRO_X,-0.962,GYRO_Y,-2.170,GYRO_Z,-0.144,BODY_RATE,0.144
TM,ADCS_MODE,MANUAL,ADCS_REFERENCE,SUN,TARGET,0.00,POINTING_ERROR,-42.50,SUN_ERROR,-42.40,MAG_ERROR,156.86,GYRO_Z,-0.381,RW_CMD,0
TM,EST_RAW,42.40,EST_FILTERED,42.40,EST_ANGLE,42.50,EST_FILTER,ON,EST_FILTER_TYPE,MOVING_AVERAGE,EST_MA_WINDOW,1,EST_FILTER_STRENGTH,0.35
TM,EST_FUSION,ON,EST_GYRO_WEIGHT,0.98,EST_VALID,1
TM,SUN_L,3524,SUN_R,2932,SUN_NDV,0.0917,SUN_ANGLE,42.41
TM,MAG_X,-6.13,MAG_Y,-2.66,MAG_Z,-18.93,MAG_HEADING,203.43
TM,GYRO_X,-1.041,GYRO_Y,-2.371,GYRO_Z,-0.311,BODY_RATE,0.311
TM,ADCS_MODE,MANUAL,ADCS_REFERENCE,SUN,TARGET,0.00,POINTING_ERROR,-42.51,SUN_ERROR,-42.23,MAG_ERROR,156.98,GYRO_Z,-0.241,RW_CMD,0
TM,EST_RAW,42.23,EST_FILTERED,42.23,EST_ANGLE,42.51,EST_FILTER,ON,EST_FILTER_TYPE,MOVING_AVERAGE,EST_MA_WINDOW,1,EST_FILTER_STRENGTH,0.35
TM,EST_FUSION,ON,EST_GYRO_WEIGHT,0.98,EST_VALID,1
TM,SUN_L,3523,SUN_R,2931,SUN_NDV,0.0917,SUN_ANGLE,42.34
TM,MAG_X,-6.18,MAG_Y,-2.62,MAG_Z,-18.93,MAG_HEADING,203.02
TM,GYRO_X,-1.173,GYRO_Y,-2.161,GYRO_Z,-0.162,BODY_RATE,0.162
TM,ADCS_MODE,MANUAL,ADCS_REFERENCE,SUN,TARGET,0.00,POINTING_ERROR,-42.51,SUN_ERROR,-42.42,MAG_ERROR,156.07,GYRO_Z,0.127,RW_CMD,0
TM,EST_RAW,42.42,EST_FILTERED,42.42,EST_ANGLE,42.51,EST_FILTER,ON,EST_FILTER_TYPE,MOVING_AVERAGE,EST_MA_WINDOW,1,EST_FILTER_STRENGTH,0.35
TM,EST_FUSION,ON,EST_GYRO_WEIGHT,0.98,EST_VALID,1
TM,SUN_L,3522,SUN_R,2931,SUN_NDV,0.0916,SUN_ANGLE,42.41
TM,MAG_X,-6.10,MAG_Y,-2.78,MAG_Z,-19.28,MAG_HEADING,204.55
TM,GYRO_X,-1.006,GYRO_Y,-2.415,GYRO_Z,-0.153,BODY_RATE,0.153
TM,SUN_L,3522,SUN_R,2931,SUN_NDV,0.0916,SUN_ANGLE,42.34
TM,MAG_X,-6.16,MAG_Y,-2.62,MAG_Z,-18.91,MAG_HEADING,203.07
TM,GYRO_X,-1.076,GYRO_Y,-1.934,GYRO_Z,0.031,BODY_RATE,-0.031
TM,ADCS_MODE,MANUAL,ADCS_REFERENCE,SUN,TARGET,0.00,POINTING_ERROR,-42.52,SUN_ERROR,-42.37,MAG_ERROR,156.93,GYRO_Z,-0.197,RW_CMD,0
TM,EST_RAW,42.37,EST_FILTERED,42.37,EST_ANGLE,42.52,EST_FILTER,ON,EST_FILTER_TYPE,MOVING_AVERAGE,EST_MA_WINDOW,1,EST_FILTER_STRENGTH,0.35
TM,EST_FUSION,ON,EST_GYRO_WEIGHT,0.98,EST_VALID,1
TM,SUN_L,3522,SUN_R,2931,SUN_NDV,0.0916,SUN_ANGLE,42.43
TM,MAG_X,-6.11,MAG_Y,-2.64,MAG_Z,-18.91,MAG_HEADING,203.36
TM,GYRO_X,-1.033,GYRO_Y,-2.039,GYRO_Z,-0.206,BODY_RATE,0.206
TM,ADCS_MODE,MANUAL,ADCS_REFERENCE,SUN,TARGET,0.00,POINTING_ERROR,-42.53,SUN_ERROR,-42.42,MAG_ERROR,156.64,GYRO_Z,-0.127,RW_CMD,0
TM,EST_RAW,42.42,EST_FILTERED,42.42,EST_ANGLE,42.53,EST_FILTER,ON,EST_FILTER_TYPE,MOVING_AVERAGE,EST_MA_WINDOW,1,EST_FILTER_STRENGTH,0.35
TM,EST_FUSION,ON,EST_GYRO_WEIGHT,0.98,EST_VALID,1
TM,SUN_L,3523,SUN_R,2932,SUN_NDV,0.0916,SUN_ANGLE,42.34
TM,MAG_X,-6.22,MAG_Y,-2.67,MAG_Z,-18.83,MAG_HEADING,203.23
TM,GYRO_X,-0.866,GYRO_Y,-2.310,GYRO_Z,-0.118,BODY_RATE,0.118
TM,ADCS_MODE,MANUAL,ADCS_REFERENCE,SUN,TARGET,0.00,POINTING_ERROR,-42.53,SUN_ERROR,-42.34,MAG_ERROR,156.89,GYRO_Z,-0.284,RW_CMD,0
TM,EST_RAW,42.34,EST_FILTERED,42.34,EST_ANGLE,42.53,EST_FILTER,ON,EST_FILTER_TYPE,MOVING_AVERAGE,EST_MA_WINDOW,1,EST_FILTER_STRENGTH,0.35
TM,EST_FUSION,ON,EST_GYRO_WEIGHT,0.98,EST_VALID,1
TM,SUN_L,3523,SUN_R,2931,SUN_NDV,0.0917,SUN_ANGLE,42.44
TM,MAG_X,-6.14,MAG_Y,-2.67,MAG_Z,-19.07,MAG_HEADING,203.50
TM,GYRO_X,-0.945,GYRO_Y,-2.301,GYRO_Z,-0.232,BODY_RATE,0.232
TM,ADCS_MODE,MANUAL,ADCS_REFERENCE,SUN,TARGET,0.00,POINTING_ERROR,-42.52,SUN_ERROR,-42.48,MAG_ERROR,156.87,GYRO_Z,0.153,RW_CMD,0
TM,EST_RAW,42.48,EST_FILTERED,42.48,EST_ANGLE,42.52,EST_FILTER,ON,EST_FILTER_TYPE,MOVING_AVERAGE,EST_MA_WINDOW,1,EST_FILTER_STRENGTH,0.35
TM,EST_FUSION,ON,EST_GYRO_WEIGHT,0.98,EST_VALID,1
TM,SUN_L,3521,SUN_R,2932,SUN_NDV,0.0913,SUN_ANGLE,42.40
TM,MAG_X,-6.26,MAG_Y,-2.67,MAG_Z,-18.90,MAG_HEADING,203.13
TM,GYRO_X,-0.796,GYRO_Y,-2.275,GYRO_Z,-0.241,BODY_RATE,0.241
TM,SUN_L,3521,SUN_R,2932,SUN_NDV,0.0913,SUN_ANGLE,42.40
TM,MAG_X,-6.18,MAG_Y,-2.69,MAG_Z,-19.06,MAG_HEADING,203.52
TM,GYRO_X,-1.015,GYRO_Y,-2.161,GYRO_Z,-0.127,BODY_RATE,0.127
TM,ADCS_MODE,MANUAL,ADCS_REFERENCE,SUN,TARGET,0.00,POINTING_ERROR,-42.52,SUN_ERROR,-42.47,MAG_ERROR,156.48,GYRO_Z,0.048,RW_CMD,0
TM,EST_RAW,42.47,EST_FILTERED,42.47,EST_ANGLE,42.52,EST_FILTER,ON,EST_FILTER_TYPE,MOVING_AVERAGE,EST_MA_WINDOW,1,EST_FILTER_STRENGTH,0.35
TM,EST_FUSION,ON,EST_GYRO_WEIGHT,0.98,EST_VALID,1
TM,SUN_L,3522,SUN_R,2931,SUN_NDV,0.0916,SUN_ANGLE,42.39
TM,MAG_X,-6.13,MAG_Y,-2.69,MAG_Z,-19.01,MAG_HEADING,203.68
TM,GYRO_X,-1.138,GYRO_Y,-2.205,GYRO_Z,-0.302,BODY_RATE,0.302
TM,ADCS_MODE,MANUAL,ADCS_REFERENCE,SUN,TARGET,0.00,POINTING_ERROR,-42.52,SUN_ERROR,-42.37,MAG_ERROR,156.32,GYRO_Z,-0.144,RW_CMD,0
TM,EST_RAW,42.37,EST_FILTERED,42.37,EST_ANGLE,42.52,EST_FILTER,ON,EST_FILTER_TYPE,MOVING_AVERAGE,EST_MA_WINDOW,1,EST_FILTER_STRENGTH,0.35
TM,EST_FUSION,ON,EST_GYRO_WEIGHT,0.98,EST_VALID,1
TM,SUN_L,3524,SUN_R,2932,SUN_NDV,0.0917,SUN_ANGLE,42.43
TM,MAG_X,-6.14,MAG_Y,-2.62,MAG_Z,-18.96,MAG_HEADING,203.13
TM,GYRO_X,-1.041,GYRO_Y,-2.100,GYRO_Z,-0.276,BODY_RATE,0.276
TM,ADCS_MODE,MANUAL,ADCS_REFERENCE,SUN,TARGET,0.00,POINTING_ERROR,-42.54,SUN_ERROR,-42.48,MAG_ERROR,156.01,GYRO_Z,-0.293,RW_CMD,0
TM,EST_RAW,42.48,EST_FILTERED,42.48,EST_ANGLE,42.54,EST_FILTER,ON,EST_FILTER_TYPE,MOVING_AVERAGE,EST_MA_WINDOW,1,EST_FILTER_STRENGTH,0.35
TM,EST_FUSION,ON,EST_GYRO_WEIGHT,0.98,EST_VALID,1
TM,SUN_L,3522,SUN_R,2931,SUN_NDV,0.0916,SUN_ANGLE,42.31
TM,MAG_X,-6.11,MAG_Y,-2.72,MAG_Z,-18.96,MAG_HEADING,203.99
TM,GYRO_X,-0.989,GYRO_Y,-2.319,GYRO_Z,-0.206,BODY_RATE,0.206
TM,ADCS_MODE,MANUAL,ADCS_REFERENCE,SUN,TARGET,0.00,POINTING_ERROR,-42.55,SUN_ERROR,-42.45,MAG_ERROR,156.91,GYRO_Z,0.109,RW_CMD,0
TM,EST_RAW,42.45,EST_FILTERED,42.45,EST_ANGLE,42.55,EST_FILTER,ON,EST_FILTER_TYPE,MOVING_AVERAGE,EST_MA_WINDOW,1,EST_FILTER_STRENGTH,0.35
TM,EST_FUSION,ON,EST_GYRO_WEIGHT,0.98,EST_VALID,1
TM,SUN_L,3524,SUN_R,2932,SUN_NDV,0.0917,SUN_ANGLE,42.45
TM,MAG_X,-6.19,MAG_Y,-2.64,MAG_Z,-19.04,MAG_HEADING,203.09
TM,GYRO_X,-0.980,GYRO_Y,-2.205,GYRO_Z,-0.101,BODY_RATE,0.101
TM,SUN_L,3522,SUN_R,2930,SUN_NDV,0.0918,SUN_ANGLE,42.45
TM,MAG_X,-6.22,MAG_Y,-2.53,MAG_Z,-18.91,MAG_HEADING,202.11
TM,GYRO_X,-1.041,GYRO_Y,-2.152,GYRO_Z,-0.013,BODY_RATE,0.013
TM,ADCS_MODE,MANUAL,ADCS_REFERENCE,SUN,TARGET,0.00,POINTING_ERROR,-42.55,SUN_ERROR,-42.45,MAG_ERROR,157.89,GYRO_Z,-0.162,RW_CMD,0
TM,EST_RAW,42.45,EST_FILTERED,42.45,EST_ANGLE,42.55,EST_FILTER,ON,EST_FILTER_TYPE,MOVING_AVERAGE,EST_MA_WINDOW,1,EST_FILTER_STRENGTH,0.35
TM,EST_FUSION,ON,EST_GYRO_WEIGHT,0.98,EST_VALID,1
TM,SUN_L,3524,SUN_R,2931,SUN_NDV,0.0919,SUN_ANGLE,42.49
TM,MAG_X,-6.14,MAG_Y,-2.66,MAG_Z,-19.06,MAG_HEADING,203.38
TM,GYRO_X,-0.936,GYRO_Y,-2.126,GYRO_Z,-0.328,BODY_RATE,0.328
TM,ADCS_MODE,MANUAL,ADCS_REFERENCE,SUN,TARGET,0.00,POINTING_ERROR,-42.56,SUN_ERROR,-42.53,MAG_ERROR,156.62,GYRO_Z,-0.048,RW_CMD,0
TM,EST_RAW,42.53,EST_FILTERED,42.53,EST_ANGLE,42.56,EST_FILTER,ON,EST_FILTER_TYPE,MOVING_AVERAGE,EST_MA_WINDOW,1,EST_FILTER_STRENGTH,0.35
TM,EST_FUSION,ON,EST_GYRO_WEIGHT,0.98,EST_VALID,1
TM,SUN_L,3522,SUN_R,2930,SUN_NDV,0.0918,SUN_ANGLE,42.49
TM,MAG_X,-6.11,MAG_Y,-2.67,MAG_Z,-18.99,MAG_HEADING,203.61
TM,GYRO_X,-1.102,GYRO_Y,-2.205,GYRO_Z,-0.284,BODY_RATE,0.284
TM,ADCS_MODE,MANUAL,ADCS_REFERENCE,SUN,TARGET,0.00,POINTING_ERROR,-42.58,SUN_ERROR,-42.48,MAG_ERROR,156.22,GYRO_Z,-0.118,RW_CMD,0
TM,EST_RAW,42.48,EST_FILTERED,42.48,EST_ANGLE,42.58,EST_FILTER,ON,EST_FILTER_TYPE,MOVING_AVERAGE,EST_MA_WINDOW,1,EST_FILTER_STRENGTH,0.35
TM,EST_FUSION,ON,EST_GYRO_WEIGHT,0.98,EST_VALID,1
TM,SUN_L,3525,SUN_R,2929,SUN_NDV,0.0923,SUN_ANGLE,42.40
TM,MAG_X,-6.06,MAG_Y,-2.67,MAG_Z,-18.99,MAG_HEADING,203.78
TM,GYRO_X,-1.041,GYRO_Y,-2.328,GYRO_Z,-0.144,BODY_RATE,0.144
TM,ADCS_MODE,MANUAL,ADCS_REFERENCE,SUN,TARGET,0.00,POINTING_ERROR,-42.57,SUN_ERROR,-42.38,MAG_ERROR,157.15,GYRO_Z,-0.048,RW_CMD,0
TM,EST_RAW,42.38,EST_FILTERED,42.38,EST_ANGLE,42.57,EST_FILTER,ON,EST_FILTER_TYPE,MOVING_AVERAGE,EST_MA_WINDOW,1,EST_FILTER_STRENGTH,0.35
TM,EST_FUSION,ON,EST_GYRO_WEIGHT,0.98,EST_VALID,1
TM,SUN_L,3521,SUN_R,2932,SUN_NDV,0.0913,SUN_ANGLE,42.37
TM,MAG_X,-6.34,MAG_Y,-2.75,MAG_Z,-18.94,MAG_HEADING,203.48
TM,GYRO_X,-1.138,GYRO_Y,-2.380,GYRO_Z,-0.179,BODY_RATE,0.179
TM,SUN_L,3522,SUN_R,2931,SUN_NDV,0.0916,SUN_ANGLE,42.44
TM,MAG_X,-6.22,MAG_Y,-2.70,MAG_Z,-18.99,MAG_HEADING,203.48
TM,GYRO_X,-1.173,GYRO_Y,-2.214,GYRO_Z,-0.179,BODY_RATE,0.179
TM,ADCS_MODE,MANUAL,ADCS_REFERENCE,SUN,TARGET,0.00,POINTING_ERROR,-42.57,SUN_ERROR,-42.42,MAG_ERROR,156.52,GYRO_Z,-0.101,RW_CMD,0
TM,EST_RAW,42.42,EST_FILTERED,42.42,EST_ANGLE,42.57,EST_FILTER,ON,EST_FILTER_TYPE,MOVING_AVERAGE,EST_MA_WINDOW,1,EST_FILTER_STRENGTH,0.35
TM,EST_FUSION,ON,EST_GYRO_WEIGHT,0.98,EST_VALID,1
TM,SUN_L,3522,SUN_R,2931,SUN_NDV,0.0916,SUN_ANGLE,42.43
TM,MAG_X,-6.14,MAG_Y,-2.58,MAG_Z,-18.93,MAG_HEADING,202.75
TM,GYRO_X,-1.041,GYRO_Y,-1.942,GYRO_Z,-0.319,BODY_RATE,0.319
TM,ADCS_MODE,MANUAL,ADCS_REFERENCE,SUN,TARGET,0.00,POINTING_ERROR,-42.58,SUN_ERROR,-42.43,MAG_ERROR,156.42,GYRO_Z,-0.171,RW_CMD,0
TM,EST_RAW,42.43,EST_FILTERED,42.43,EST_ANGLE,42.58,EST_FILTER,ON,EST_FILTER_TYPE,MOVING_AVERAGE,EST_MA_WINDOW,1,EST_FILTER_STRENGTH,0.35
TM,EST_FUSION,ON,EST_GYRO_WEIGHT,0.98,EST_VALID,1
TM,SUN_L,3524,SUN_R,2931,SUN_NDV,0.0919,SUN_ANGLE,42.35
TM,MAG_X,-6.19,MAG_Y,-2.59,MAG_Z,-18.85,MAG_HEADING,202.71
TM,GYRO_X,-0.954,GYRO_Y,-2.144,GYRO_Z,-0.136,BODY_RATE,0.136
TM,ADCS_MODE,MANUAL,ADCS_REFERENCE,SUN,TARGET,0.00,POINTING_ERROR,-42.58,SUN_ERROR,-42.41,MAG_ERROR,157.29,GYRO_Z,-0.267,RW_CMD,0
TM,EST_RAW,42.41,EST_FILTERED,42.41,EST_ANGLE,42.58,EST_FILTER,ON,EST_FILTER_TYPE,MOVING_AVERAGE,EST_MA_WINDOW,1,EST_FILTER_STRENGTH,0.35
TM,EST_FUSION,ON,EST_GYRO_WEIGHT,0.98,EST_VALID,1
TM,SUN_L,3523,SUN_R,2931,SUN_NDV,0.0917,SUN_ANGLE,42.43
TM,MAG_X,-6.06,MAG_Y,-2.80,MAG_Z,-18.99,MAG_HEADING,204.78
TM,GYRO_X,-0.910,GYRO_Y,-2.362,GYRO_Z,-0.171,BODY_RATE,0.171
TM,ADCS_MODE,MANUAL,ADCS_REFERENCE,SUN,TARGET,0.00,POINTING_ERROR,-42.58,SUN_ERROR,-42.40,MAG_ERROR,157.25,GYRO_Z,-0.223,RW_CMD,0
TM,EST_RAW,42.40,EST_FILTERED,42.40,EST_ANGLE,42.58,EST_FILTER,ON,EST_FILTER_TYPE,MOVING_AVERAGE,EST_MA_WINDOW,1,EST_FILTER_STRENGTH,0.35
TM,EST_FUSION,ON,EST_GYRO_WEIGHT,0.98,EST_VALID,1
TM,SUN_L,3520,SUN_R,2930,SUN_NDV,0.0915,SUN_ANGLE,42.29
TM,MAG_X,-6.14,MAG_Y,-2.58,MAG_Z,-19.12,MAG_HEADING,202.75
TM,GYRO_X,-0.910,GYRO_Y,-2.196,GYRO_Z,0.031,BODY_RATE,-0.031
TM,SUN_L,3524,SUN_R,2933,SUN_NDV,0.0915,SUN_ANGLE,42.39
TM,MAG_X,-6.10,MAG_Y,-2.54,MAG_Z,-19.10,MAG_HEADING,202.65
TM,GYRO_X,-0.910,GYRO_Y,-2.161,GYRO_Z,-0.057,BODY_RATE,0.057
TM,ADCS_MODE,MANUAL,ADCS_REFERENCE,SUN,TARGET,0.00,POINTING_ERROR,-42.58,SUN_ERROR,-42.44,MAG_ERROR,157.35,GYRO_Z,-0.284,RW_CMD,0
TM,EST_RAW,42.44,EST_FILTERED,42.44,EST_ANGLE,42.58,EST_FILTER,ON,EST_FILTER_TYPE,MOVING_AVERAGE,EST_MA_WINDOW,1,EST_FILTER_STRENGTH,0.35
TM,EST_FUSION,ON,EST_GYRO_WEIGHT,0.98,EST_VALID,1
TM,SUN_L,3524,SUN_R,2932,SUN_NDV,0.0917,SUN_ANGLE,42.42
TM,MAG_X,-6.13,MAG_Y,-2.67,MAG_Z,-18.98,MAG_HEADING,203.56
TM,GYRO_X,-1.155,GYRO_Y,-2.126,GYRO_Z,-0.101,BODY_RATE,0.101
TM,ADCS_MODE,MANUAL,ADCS_REFERENCE,SUN,TARGET,0.00,POINTING_ERROR,-42.57,SUN_ERROR,-42.35,MAG_ERROR,156.44,GYRO_Z,-0.057,RW_CMD,0
TM,EST_RAW,42.35,EST_FILTERED,42.35,EST_ANGLE,42.57,EST_FILTER,ON,EST_FILTER_TYPE,MOVING_AVERAGE,EST_MA_WINDOW,1,EST_FILTER_STRENGTH,0.35
TM,EST_FUSION,ON,EST_GYRO_WEIGHT,0.98,EST_VALID,1
TM,SUN_L,3523,SUN_R,2933,SUN_NDV,0.0914,SUN_ANGLE,42.34
TM,MAG_X,-6.00,MAG_Y,-2.69,MAG_Z,-18.99,MAG_HEADING,204.13
TM,GYRO_X,-1.181,GYRO_Y,-2.074,GYRO_Z,0.127,BODY_RATE,-0.127
TM,ADCS_MODE,MANUAL,ADCS_REFERENCE,SUN,TARGET,0.00,POINTING_ERROR,-42.57,SUN_ERROR,-42.44,MAG_ERROR,155.84,GYRO_Z,-0.031,RW_CMD,0
TM,EST_RAW,42.44,EST_FILTERED,42.44,EST_ANGLE,42.57,EST_FILTER,ON,EST_FILTER_TYPE,MOVING_AVERAGE,EST_MA_WINDOW,1,EST_FILTER_STRENGTH,0.35
TM,EST_FUSION,ON,EST_GYRO_WEIGHT,0.98,EST_VALID,1
TM,SUN_L,3525,SUN_R,2932,SUN_NDV,0.0918,SUN_ANGLE,42.48
TM,MAG_X,-6.06,MAG_Y,-2.72,MAG_Z,-18.94,MAG_HEADING,204.16
TM,GYRO_X,-0.814,GYRO_Y,-2.424,GYRO_Z,-0.171,BODY_RATE,0.171
TM,ADCS_MODE,MANUAL,ADCS_REFERENCE,SUN,TARGET,0.00,POINTING_ERROR,-42.57,SUN_ERROR,-42.47,MAG_ERROR,156.22,GYRO_Z,-0.153,RW_CMD,0
TM,EST_RAW,42.47,EST_FILTERED,42.47,EST_ANGLE,42.57,EST_FILTER,ON,EST_FILTER_TYPE,MOVING_AVERAGE,EST_MA_WINDOW,1,EST_FILTER_STRENGTH,0.35
TM,EST_FUSION,ON,EST_GYRO_WEIGHT,0.98,EST_VALID,1
TM,SUN_L,3524,SUN_R,2933,SUN_NDV,0.0915,SUN_ANGLE,42.53
TM,MAG_X,-6.06,MAG_Y,-2.67,MAG_Z,-18.91,MAG_HEADING,203.78
TM,GYRO_X,-1.234,GYRO_Y,-2.013,GYRO_Z,0.022,BODY_RATE,-0.022
TM,SUN_L,3526,SUN_R,2933,SUN_NDV,0.0918,SUN_ANGLE,42.41
TM,MAG_X,-6.02,MAG_Y,-2.62,MAG_Z,-18.94,MAG_HEADING,203.57
TM,GYRO_X,-0.928,GYRO_Y,-2.266,GYRO_Z,-0.284,BODY_RATE,0.284
TM,ADCS_MODE,MANUAL,ADCS_REFERENCE,SUN,TARGET,0.00,POINTING_ERROR,-42.58,SUN_ERROR,-42.47,MAG_ERROR,156.43,GYRO_Z,-0.031,RW_CMD,0
TM,EST_RAW,42.47,EST_FILTERED,42.47,EST_ANGLE,42.58,EST_FILTER,ON,EST_FILTER_TYPE,MOVING_AVERAGE,EST_MA_WINDOW,1,EST_FILTER_STRENGTH,0.35
TM,EST_FUSION,ON,EST_GYRO_WEIGHT,0.98,EST_VALID,1
TM,SUN_L,3525,SUN_R,2934,SUN_NDV,0.0915,SUN_ANGLE,42.47
TM,MAG_X,-6.03,MAG_Y,-2.77,MAG_Z,-18.88,MAG_HEADING,204.65
TM,GYRO_X,-0.822,GYRO_Y,-2.161,GYRO_Z,-0.284,BODY_RATE,0.284
TM,ADCS_MODE,MANUAL,ADCS_REFERENCE,SUN,TARGET,0.00,POINTING_ERROR,-42.58,SUN_ERROR,-42.44,MAG_ERROR,155.35,GYRO_Z,-0.284,RW_CMD,0
TM,EST_RAW,42.44,EST_FILTERED,42.44,EST_ANGLE,42.58,EST_FILTER,ON,EST_FILTER_TYPE,MOVING_AVERAGE,EST_MA_WINDOW,1,EST_FILTER_STRENGTH,0.35
TM,EST_FUSION,ON,EST_GYRO_WEIGHT,0.98,EST_VALID,1
TM,SUN_L,3527,SUN_R,2934,SUN_NDV,0.0918,SUN_ANGLE,42.51
TM,MAG_X,-5.95,MAG_Y,-2.80,MAG_Z,-18.77,MAG_HEADING,205.19
TM,GYRO_X,-0.945,GYRO_Y,-1.969,GYRO_Z,-0.144,BODY_RATE,0.144
TM,ADCS_MODE,MANUAL,ADCS_REFERENCE,SUN,TARGET,0.00,POINTING_ERROR,-42.57,SUN_ERROR,-42.47,MAG_ERROR,154.37,GYRO_Z,-0.031,RW_CMD,0
TM,EST_RAW,42.47,EST_FILTERED,42.47,EST_ANGLE,42.57,EST_FILTER,ON,EST_FILTER_TYPE,MOVING_AVERAGE,EST_MA_WINDOW,1,EST_FILTER_STRENGTH,0.35
TM,EST_FUSION,ON,EST_GYRO_WEIGHT,0.98,EST_VALID,1
TM,SUN_L,3522,SUN_R,2934,SUN_NDV,0.0911,SUN_ANGLE,42.40
TM,MAG_X,-6.03,MAG_Y,-2.78,MAG_Z,-18.80,MAG_HEADING,204.78
TM,GYRO_X,-1.102,GYRO_Y,-2.257,GYRO_Z,-0.048,BODY_RATE,0.048
TM,ADCS_MODE,MANUAL,ADCS_REFERENCE,SUN,TARGET,0.00,POINTING_ERROR,-42.56,SUN_ERROR,-42.47,MAG_ERROR,154.72,GYRO_Z,-0.144,RW_CMD,0
TM,EST_RAW,42.47,EST_FILTERED,42.47,EST_ANGLE,42.56,EST_FILTER,ON,EST_FILTER_TYPE,MOVING_AVERAGE,EST_MA_WINDOW,1,EST_FILTER_STRENGTH,0.35
TM,EST_FUSION,ON,EST_GYRO_WEIGHT,0.98,EST_VALID,1
TM,SUN_L,3524,SUN_R,2934,SUN_NDV,0.0914,SUN_ANGLE,42.36
TM,MAG_X,-6.06,MAG_Y,-2.86,MAG_Z,-18.74,MAG_HEADING,205.28
TM,GYRO_X,-0.892,GYRO_Y,-2.100,GYRO_Z,-0.109,BODY_RATE,0.109
TM,SUN_L,3525,SUN_R,2933,SUN_NDV,0.0917,SUN_ANGLE,42.48
TM,MAG_X,-6.06,MAG_Y,-2.88,MAG_Z,-18.90,MAG_HEADING,205.40
TM,GYRO_X,-0.945,GYRO_Y,-2.161,GYRO_Z,-0.048,BODY_RATE,0.048
TM,ADCS_MODE,MANUAL,ADCS_REFERENCE,SUN,TARGET,0.00,POINTING_ERROR,-42.56,SUN_ERROR,-42.48,MAG_ERROR,154.60,GYRO_Z,-0.039,RW_CMD,0
TM,EST_RAW,42.48,EST_FILTERED,42.48,EST_ANGLE,42.56,EST_FILTER,ON,EST_FILTER_TYPE,MOVING_AVERAGE,EST_MA_WINDOW,1,EST_FILTER_STRENGTH,0.35
TM,EST_FUSION,ON,EST_GYRO_WEIGHT,0.98,EST_VALID,1
TM,SUN_L,3523,SUN_R,2934,SUN_NDV,0.0912,SUN_ANGLE,42.45
TM,MAG_X,-5.90,MAG_Y,-2.74,MAG_Z,-18.70,MAG_HEADING,204.86
TM,GYRO_X,-1.234,GYRO_Y,-2.135,GYRO_Z,-0.302,BODY_RATE,0.302
TM,ADCS_MODE,MANUAL,ADCS_REFERENCE,SUN,TARGET,0.00,POINTING_ERROR,-42.58,SUN_ERROR,-42.52,MAG_ERROR,156.22,GYRO_Z,-0.162,RW_CMD,0
TM,EST_RAW,42.52,EST_FILTERED,42.52,EST_ANGLE,42.58,EST_FILTER,ON,EST_FILTER_TYPE,MOVING_AVERAGE,EST_MA_WINDOW,1,EST_FILTER_STRENGTH,0.35
TM,EST_FUSION,ON,EST_GYRO_WEIGHT,0.98,EST_VALID,1
TM,SUN_L,3526,SUN_R,2934,SUN_NDV,0.0916,SUN_ANGLE,42.39
TM,MAG_X,-6.02,MAG_Y,-2.80,MAG_Z,-18.74,MAG_HEADING,204.96
TM,GYRO_X,-0.858,GYRO_Y,-2.459,GYRO_Z,-0.249,BODY_RATE,0.249
TM,ADCS_MODE,MANUAL,ADCS_REFERENCE,SUN,TARGET,0.00,POINTING_ERROR,-42.59,SUN_ERROR,-42.40,MAG_ERROR,155.04,GYRO_Z,-0.074,RW_CMD,0
TM,EST_RAW,42.40,EST_FILTERED,42.40,EST_ANGLE,42.59,EST_FILTER,ON,EST_FILTER_TYPE,MOVING_AVERAGE,EST_MA_WINDOW,1,EST_FILTER_STRENGTH,0.35
TM,EST_FUSION,ON,EST_GYRO_WEIGHT,0.98,EST_VALID,1
TM,SUN_L,3523,SUN_R,2934,SUN_NDV,0.0912,SUN_ANGLE,42.50
TM,MAG_X,-5.97,MAG_Y,-2.74,MAG_Z,-18.67,MAG_HEADING,204.63
TM,GYRO_X,-0.892,GYRO_Y,-2.354,GYRO_Z,-0.214,BODY_RATE,0.214
TM,ADCS_MODE,MANUAL,ADCS_REFERENCE,SUN,TARGET,0.00,POINTING_ERROR,-42.60,SUN_ERROR,-42.42,MAG_ERROR,155.70,GYRO_Z,-0.127,RW_CMD,0
TM,EST_RAW,42.42,EST_FILTERED,42.42,EST_ANGLE,42.60,EST_FILTER,ON,EST_FILTER_TYPE,MOVING_AVERAGE,EST_MA_WINDOW,1,EST_FILTER_STRENGTH,0.35
TM,EST_FUSION,ON,EST_GYRO_WEIGHT,0.98,EST_VALID,1
TM,SUN_L,3524,SUN_R,2934,SUN_NDV,0.0914,SUN_ANGLE,42.43
TM,MAG_X,-5.95,MAG_Y,-2.69,MAG_Z,-18.66,MAG_HEADING,204.30
TM,GYRO_X,-0.945,GYRO_Y,-2.135,GYRO_Z,0.101,BODY_RATE,-0.101
TM,SUN_L,3525,SUN_R,2933,SUN_NDV,0.0917,SUN_ANGLE,42.42
TM,MAG_X,-6.00,MAG_Y,-2.78,MAG_Z,-18.58,MAG_HEADING,204.89
TM,GYRO_X,-1.041,GYRO_Y,-2.056,GYRO_Z,0.039,BODY_RATE,-0.039
TM,ADCS_MODE,MANUAL,ADCS_REFERENCE,SUN,TARGET,0.00,POINTING_ERROR,-42.58,SUN_ERROR,-42.33,MAG_ERROR,155.37,GYRO_Z,0.101,RW_CMD,0
TM,EST_RAW,42.33,EST_FILTERED,42.33,EST_ANGLE,42.58,EST_FILTER,ON,EST_FILTER_TYPE,MOVING_AVERAGE,EST_MA_WINDOW,1,EST_FILTER_STRENGTH,0.35
TM,EST_FUSION,ON,EST_GYRO_WEIGHT,0.98,EST_VALID,1
TM,SUN_L,3526,SUN_R,2934,SUN_NDV,0.0916,SUN_ANGLE,42.51
TM,MAG_X,-5.95,MAG_Y,-2.83,MAG_Z,-18.67,MAG_HEADING,205.45
TM,GYRO_X,-1.251,GYRO_Y,-1.855,GYRO_Z,0.153,BODY_RATE,-0.153
TM,ADCS_MODE,MANUAL,ADCS_REFERENCE,SUN,TARGET,0.00,POINTING_ERROR,-42.59,SUN_ERROR,-42.50,MAG_ERROR,154.55,GYRO_Z,-0.136,RW_CMD,0
TM,EST_RAW,42.50,EST_FILTERED,42.50,EST_ANGLE,42.59,EST_FILTER,ON,EST_FILTER_TYPE,MOVING_AVERAGE,EST_MA_WINDOW,1,EST_FILTER_STRENGTH,0.35
TM,EST_FUSION,ON,EST_GYRO_WEIGHT,0.98,EST_VALID,1
TM,SUN_L,3524,SUN_R,2934,SUN_NDV,0.0914,SUN_ANGLE,42.42
TM,MAG_X,-5.94,MAG_Y,-2.72,MAG_Z,-18.75,MAG_HEADING,204.62
TM,GYRO_X,-0.858,GYRO_Y,-2.301,GYRO_Z,0.022,BODY_RATE,-0.022
TM,ADCS_MODE,MANUAL,ADCS_REFERENCE,SUN,TARGET,0.00,POINTING_ERROR,-42.58,SUN_ERROR,-42.49,MAG_ERROR,155.23,GYRO_Z,-0.171,RW_CMD,0
TM,EST_RAW,42.49,EST_FILTERED,42.49,EST_ANGLE,42.58,EST_FILTER,ON,EST_FILTER_TYPE,MOVING_AVERAGE,EST_MA_WINDOW,1,EST_FILTER_STRENGTH,0.35
TM,EST_FUSION,ON,EST_GYRO_WEIGHT,0.98,EST_VALID,1
TM,SUN_L,3525,SUN_R,2933,SUN_NDV,0.0917,SUN_ANGLE,42.42
TM,MAG_X,-6.00,MAG_Y,-2.77,MAG_Z,-18.46,MAG_HEADING,204.77
TM,GYRO_X,-0.901,GYRO_Y,-2.231,GYRO_Z,0.004,BODY_RATE,-0.004
TM,ADCS_MODE,MANUAL,ADCS_REFERENCE,SUN,TARGET,0.00,POINTING_ERROR,-42.57,SUN_ERROR,-42.44,MAG_ERROR,155.07,GYRO_Z,-0.136,RW_CMD,0
TM,EST_RAW,42.44,EST_FILTERED,42.44,EST_ANGLE,42.57,EST_FILTER,ON,EST_FILTER_TYPE,MOVING_AVERAGE,EST_MA_WINDOW,1,EST_FILTER_STRENGTH,0.35
TM,EST_FUSION,ON,EST_GYRO_WEIGHT,0.98,EST_VALID,1
TM,SUN_L,3523,SUN_R,2933,SUN_NDV,0.0914,SUN_ANGLE,42.45
TM,MAG_X,-6.00,MAG_Y,-2.66,MAG_Z,-18.72,MAG_HEADING,203.88
TM,GYRO_X,-1.015,GYRO_Y,-0.009,GYRO_Z,-0.127,BODY_RATE,0.127
TM,SUN_L,3524,SUN_R,2934,SUN_NDV,0.0914,SUN_ANGLE,42.48
TM,MAG_X,-6.02,MAG_Y,-2.69,MAG_Z,-18.74,MAG_HEADING,204.08
TM,GYRO_X,-1.041,GYRO_Y,-2.188,GYRO_Z,-0.127,BODY_RATE,0.127
TM,ADCS_MODE,MANUAL,ADCS_REFERENCE,SUN,TARGET,0.00,POINTING_ERROR,-42.57,SUN_ERROR,-42.43,MAG_ERROR,155.92,GYRO_Z,-0.302,RW_CMD,0
TM,EST_RAW,42.43,EST_FILTERED,42.43,EST_ANGLE,42.57,EST_FILTER,ON,EST_FILTER_TYPE,MOVING_AVERAGE,EST_MA_WINDOW,1,EST_FILTER_STRENGTH,0.35
TM,EST_FUSION,ON,EST_GYRO_WEIGHT,0.98,EST_VALID,1
TM,SUN_L,3525,SUN_R,2933,SUN_NDV,0.0917,SUN_ANGLE,42.45
TM,MAG_X,-6.13,MAG_Y,-2.80,MAG_Z,-18.72,MAG_HEADING,204.56
TM,GYRO_X,-1.059,GYRO_Y,-2.223,GYRO_Z,-0.293,BODY_RATE,0.293
TM,ADCS_MODE,MANUAL,ADCS_REFERENCE,SUN,TARGET,0.00,POINTING_ERROR,-42.57,SUN_ERROR,-42.44,MAG_ERROR,155.44,GYRO_Z,-0.118,RW_CMD,0
TM,EST_RAW,42.44,EST_FILTERED,42.44,EST_ANGLE,42.57,EST_FILTER,ON,EST_FILTER_TYPE,MOVING_AVERAGE,EST_MA_WINDOW,1,EST_FILTER_STRENGTH,0.35
TM,EST_FUSION,ON,EST_GYRO_WEIGHT,0.98,EST_VALID,1
TM,SUN_L,3525,SUN_R,2934,SUN_NDV,0.0915,SUN_ANGLE,42.42
TM,MAG_X,-6.05,MAG_Y,-2.72,MAG_Z,-18.69,MAG_HEADING,204.22
TM,GYRO_X,-0.998,GYRO_Y,-2.266,GYRO_Z,-0.101,BODY_RATE,0.101
TM,ADCS_MODE,MANUAL,ADCS_REFERENCE,SUN,TARGET,0.00,POINTING_ERROR,-42.57,SUN_ERROR,-42.43,MAG_ERROR,155.18,GYRO_Z,-0.442,RW_CMD,0
TM,EST_RAW,42.43,EST_FILTERED,42.43,EST_ANGLE,42.57,EST_FILTER,ON,EST_FILTER_TYPE,MOVING_AVERAGE,EST_MA_WINDOW,1,EST_FILTER_STRENGTH,0.35
TM,EST_FUSION,ON,EST_GYRO_WEIGHT,0.98,EST_VALID,1
TM,SUN_L,3520,SUN_R,2934,SUN_NDV,0.0908,SUN_ANGLE,42.36
TM,MAG_X,-6.02,MAG_Y,-2.70,MAG_Z,-18.70,MAG_HEADING,204.20
TM,GYRO_X,-0.989,GYRO_Y,-1.942,GYRO_Z,-0.267,BODY_RATE,0.267
TM,ADCS_MODE,MANUAL,ADCS_REFERENCE,SUN,TARGET,0.00,POINTING_ERROR,-42.55,SUN_ERROR,-42.36,MAG_ERROR,155.33,GYRO_Z,0.039,RW_CMD,0
TM,EST_RAW,42.36,EST_FILTERED,42.36,EST_ANGLE,42.55,EST_FILTER,ON,EST_FILTER_TYPE,MOVING_AVERAGE,EST_MA_WINDOW,1,EST_FILTER_STRENGTH,0.35
TM,EST_FUSION,ON,EST_GYRO_WEIGHT,0.98,EST_VALID,1
TM,SUN_L,3523,SUN_R,2933,SUN_NDV,0.0914,SUN_ANGLE,42.30
TM,MAG_X,-6.10,MAG_Y,-2.80,MAG_Z,-18.90,MAG_HEADING,204.67
TM,GYRO_X,-1.015,GYRO_Y,-2.328,GYRO_Z,-0.101,BODY_RATE,0.101
TM,SUN_L,3525,SUN_R,2934,SUN_NDV,0.0915,SUN_ANGLE,42.43
TM,MAG_X,-5.95,MAG_Y,-2.69,MAG_Z,-18.77,MAG_HEADING,204.30
TM,GYRO_X,-0.884,GYRO_Y,-2.126,GYRO_Z,-0.127,BODY_RATE,0.127
TM,ADCS_MODE,MANUAL,ADCS_REFERENCE,SUN,TARGET,0.00,POINTING_ERROR,-42.58,SUN_ERROR,-42.43,MAG_ERROR,155.70,GYRO_Z,-0.311,RW_CMD,0
TM,EST_RAW,42.43,EST_FILTERED,42.43,EST_ANGLE,42.58,EST_FILTER,ON,EST_FILTER_TYPE,MOVING_AVERAGE,EST_MA_WINDOW,1,EST_FILTER_STRENGTH,0.35
TM,EST_FUSION,ON,EST_GYRO_WEIGHT,0.98,EST_VALID,1
TM,SUN_L,3526,SUN_R,2934,SUN_NDV,0.0916,SUN_ANGLE,42.45
TM,MAG_X,-6.08,MAG_Y,-2.64,MAG_Z,-18.75,MAG_HEADING,203.47
TM,GYRO_X,-1.076,GYRO_Y,-2.301,GYRO_Z,-0.223,BODY_RATE,0.223
TM,ADCS_MODE,MANUAL,ADCS_REFERENCE,SUN,TARGET,0.00,POINTING_ERROR,-42.59,SUN_ERROR,-42.47,MAG_ERROR,155.83,GYRO_Z,-0.066,RW_CMD,0
TM,EST_RAW,42.47,EST_FILTERED,42.47,EST_ANGLE,42.59,EST_FILTER,ON,EST_FILTER_TYPE,MOVING_AVERAGE,EST_MA_WINDOW,1,EST_FILTER_STRENGTH,0.35
TM,EST_FUSION,ON,EST_GYRO_WEIGHT,0.98,EST_VALID,1
TM,SUN_L,3525,SUN_R,2934,SUN_NDV,0.0915,SUN_ANGLE,42.53
TM,MAG_X,-6.08,MAG_Y,-2.77,MAG_Z,-18.70,MAG_HEADING,204.48
TM,GYRO_X,-1.067,GYRO_Y,-2.082,GYRO_Z,-0.302,BODY_RATE,0.302
TM,ADCS_MODE,MANUAL,ADCS_REFERENCE,SUN,TARGET,0.00,POINTING_ERROR,-42.58,SUN_ERROR,-42.48,MAG_ERROR,155.70,GYRO_Z,-0.083,RW_CMD,0
TM,EST_RAW,42.48,EST_FILTERED,42.48,EST_ANGLE,42.58,EST_FILTER,ON,EST_FILTER_TYPE,MOVING_AVERAGE,EST_MA_WINDOW,1,EST_FILTER_STRENGTH,0.35
TM,EST_FUSION,ON,EST_GYRO_WEIGHT,0.98,EST_VALID,1
TM,SUN_L,3525,SUN_R,2934,SUN_NDV,0.0915,SUN_ANGLE,42.57
TM,MAG_X,-6.10,MAG_Y,-2.75,MAG_Z,-18.85,MAG_HEADING,204.30
TM,GYRO_X,-1.383,GYRO_Y,-2.450,GYRO_Z,-0.004,BODY_RATE,0.004
TM,ADCS_MODE,MANUAL,ADCS_REFERENCE,SUN,TARGET,0.00,POINTING_ERROR,-42.60,SUN_ERROR,-42.53,MAG_ERROR,156.04,GYRO_Z,-0.241,RW_CMD,0
TM,EST_RAW,42.53,EST_FILTERED,42.53,EST_ANGLE,42.60,EST_FILTER,ON,EST_FILTER_TYPE,MOVING_AVERAGE,EST_MA_WINDOW,1,EST_FILTER_STRENGTH,0.35
TM,EST_FUSION,ON,EST_GYRO_WEIGHT,0.98,EST_VALID,1
TM,SUN_L,3524,SUN_R,2934,SUN_NDV,0.0914,SUN_ANGLE,42.48
TM,MAG_X,-6.05,MAG_Y,-2.69,MAG_Z,-18.83,MAG_HEADING,203.96
TM,GYRO_X,-1.059,GYRO_Y,-2.214,GYRO_Z,-0.249,BODY_RATE,0.249
TM,SUN_L,3525,SUN_R,2934,SUN_NDV,0.0915,SUN_ANGLE,42.43
TM,MAG_X,-5.95,MAG_Y,-2.66,MAG_Z,-18.85,MAG_HEADING,204.05
TM,GYRO_X,-0.910,GYRO_Y,-2.249,GYRO_Z,-0.223,BODY_RATE,0.223
TM,ADCS_MODE,MANUAL,ADCS_REFERENCE,SUN,TARGET,0.00,POINTING_ERROR,-42.60,SUN_ERROR,-42.43,MAG_ERROR,155.95,GYRO_Z,-0.074,RW_CMD,0
TM,EST_RAW,42.43,EST_FILTERED,42.43,EST_ANGLE,42.60,EST_FILTER,ON,EST_FILTER_TYPE,MOVING_AVERAGE,EST_MA_WINDOW,1,EST_FILTER_STRENGTH,0.35
TM,EST_FUSION,ON,EST_GYRO_WEIGHT,0.98,EST_VALID,1
TM,SUN_L,3524,SUN_R,2934,SUN_NDV,0.0914,SUN_ANGLE,42.54
TM,MAG_X,-6.19,MAG_Y,-2.93,MAG_Z,-18.86,MAG_HEADING,205.31
TM,GYRO_X,-1.102,GYRO_Y,-2.240,GYRO_Z,-0.066,BODY_RATE,0.066
TM,ADCS_MODE,MANUAL,ADCS_REFERENCE,SUN,TARGET,0.00,POINTING_ERROR,-42.59,SUN_ERROR,-42.52,MAG_ERROR,154.69,GYRO_Z,-0.276,RW_CMD,0
TM,EST_RAW,42.52,EST_FILTERED,42.52,EST_ANGLE,42.59,EST_FILTER,ON,EST_FILTER_TYPE,MOVING_AVERAGE,EST_MA_WINDOW,1,EST_FILTER_STRENGTH,0.35
TM,EST_FUSION,ON,EST_GYRO_WEIGHT,0.98,EST_VALID,1
TM,SUN_L,3523,SUN_R,2934,SUN_NDV,0.0912,SUN_ANGLE,42.49
TM,MAG_X,-5.92,MAG_Y,-2.74,MAG_Z,-18.75,MAG_HEADING,204.80
TM,GYRO_X,-1.129,GYRO_Y,-2.135,GYRO_Z,-0.039,BODY_RATE,0.039
TM,ADCS_MODE,MANUAL,ADCS_REFERENCE,SUN,TARGET,0.00,POINTING_ERROR,-42.60,SUN_ERROR,-42.47,MAG_ERROR,155.10,GYRO_Z,-0.267,RW_CMD,0
TM,EST_RAW,42.47,EST_FILTERED,42.47,EST_ANGLE,42.60,EST_FILTER,ON,EST_FILTER_TYPE,MOVING_AVERAGE,EST_MA_WINDOW,1,EST_FILTER_STRENGTH,0.35
TM,EST_FUSION,ON,EST_GYRO_WEIGHT,0.98,EST_VALID,1
TM,SUN_L,3523,SUN_R,2934,SUN_NDV,0.0912,SUN_ANGLE,42.45
TM,MAG_X,-6.03,MAG_Y,-2.80,MAG_Z,-18.67,MAG_HEADING,204.90
TM,GYRO_X,-1.033,GYRO_Y,-2.021,GYRO_Z,-0.048,BODY_RATE,0.048
TM,ADCS_MODE,MANUAL,ADCS_REFERENCE,SUN,TARGET,0.00,POINTING_ERROR,-42.60,SUN_ERROR,-42.41,MAG_ERROR,154.55,GYRO_Z,-0.031,RW_CMD,0
TM,EST_RAW,42.41,EST_FILTERED,42.41,EST_ANGLE,42.60,EST_FILTER,ON,EST_FILTER_TYPE,MOVING_AVERAGE,EST_MA_WINDOW,1,EST_FILTER_STRENGTH,0.35
TM,EST_FUSION,ON,EST_GYRO_WEIGHT,0.98,EST_VALID,1
TM,SUN_L,3525,SUN_R,2934,SUN_NDV,0.0915,SUN_ANGLE,42.47
TM,MAG_X,-6.03,MAG_Y,-2.80,MAG_Z,-18.66,MAG_HEADING,204.90
TM,GYRO_X,-1.216,GYRO_Y,-2.013,GYRO_Z,-0.101,BODY_RATE,0.101
TM,SUN_L,3522,SUN_R,2933,SUN_NDV,0.0912,SUN_ANGLE,42.45
TM,MAG_X,-5.92,MAG_Y,-2.80,MAG_Z,-18.69,MAG_HEADING,205.31
TM,GYRO_X,-1.190,GYRO_Y,-1.925,GYRO_Z,-0.004,BODY_RATE,0.004
TM,ADCS_MODE,MANUAL,ADCS_REFERENCE,SUN,TARGET,0.00,POINTING_ERROR,-42.60,SUN_ERROR,-42.39,MAG_ERROR,154.69,GYRO_Z,0.083,RW_CMD,0
TM,EST_RAW,42.39,EST_FILTERED,42.39,EST_ANGLE,42.60,EST_FILTER,ON,EST_FILTER_TYPE,MOVING_AVERAGE,EST_MA_WINDOW,1,EST_FILTER_STRENGTH,0.35
TM,EST_FUSION,ON,EST_GYRO_WEIGHT,0.98,EST_VALID,1
TM,SUN_L,3525,SUN_R,2934,SUN_NDV,0.0915,SUN_ANGLE,42.43
TM,MAG_X,-5.97,MAG_Y,-2.70,MAG_Z,-18.70,MAG_HEADING,204.37
TM,GYRO_X,-0.884,GYRO_Y,-2.415,GYRO_Z,-0.337,BODY_RATE,0.337
TM,ADCS_MODE,MANUAL,ADCS_REFERENCE,SUN,TARGET,0.00,POINTING_ERROR,-42.59,SUN_ERROR,-42.46,MAG_ERROR,154.62,GYRO_Z,-0.013,RW_CMD,0
TM,EST_RAW,42.46,EST_FILTERED,42.46,EST_ANGLE,42.59,EST_FILTER,ON,EST_FILTER_TYPE,MOVING_AVERAGE,EST_MA_WINDOW,1,EST_FILTER_STRENGTH,0.35
TM,EST_FUSION,ON,EST_GYRO_WEIGHT,0.98,EST_VALID,1
TM,SUN_L,3526,SUN_R,2934,SUN_NDV,0.0916,SUN_ANGLE,42.47
TM,MAG_X,-5.92,MAG_Y,-2.88,MAG_Z,-18.64,MAG_HEADING,205.94
TM,GYRO_X,-1.102,GYRO_Y,-2.336,GYRO_Z,-0.188,BODY_RATE,0.188
TM,ADCS_MODE,MANUAL,ADCS_REFERENCE,SUN,TARGET,0.00,POINTING_ERROR,-42.60,SUN_ERROR,-42.34,MAG_ERROR,154.06,GYRO_Z,-0.328,RW_CMD,0
TM,EST_RAW,42.34,EST_FILTERED,42.34,EST_ANGLE,42.60,EST_FILTER,ON,EST_FILTER_TYPE,MOVING_AVERAGE,EST_MA_WINDOW,1,EST_FILTER_STRENGTH,0.35
TM,EST_FUSION,ON,EST_GYRO_WEIGHT,0.98,EST_VALID,1
TM,SUN_L,3525,SUN_R,2933,SUN_NDV,0.0917,SUN_ANGLE,42.45
TM,MAG_X,-6.02,MAG_Y,-2.83,MAG_Z,-18.56,MAG_HEADING,205.21
TM,GYRO_X,-0.928,GYRO_Y,-2.249,GYRO_Z,0.074,BODY_RATE,-0.074
TM,ADCS_MODE,MANUAL,ADCS_REFERENCE,SUN,TARGET,0.00,POINTING_ERROR,-42.59,SUN_ERROR,-42.46,MAG_ERROR,154.55,GYRO_Z,-0.162,RW_CMD,0
TM,EST_RAW,42.46,EST_FILTERED,42.46,EST_ANGLE,42.59,EST_FILTER,ON,EST_FILTER_TYPE,MOVING_AVERAGE,EST_MA_WINDOW,1,EST_FILTER_STRENGTH,0.35
TM,EST_FUSION,ON,EST_GYRO_WEIGHT,0.98,EST_VALID,1
TM,SUN_L,3525,SUN_R,2934,SUN_NDV,0.0915,SUN_ANGLE,42.54
TM,MAG_X,-5.95,MAG_Y,-2.83,MAG_Z,-18.61,MAG_HEADING,205.45
TM,GYRO_X,-0.875,GYRO_Y,-2.380,GYRO_Z,-0.311,BODY_RATE,0.311
TM,SUN_L,3525,SUN_R,2934,SUN_NDV,0.0915,SUN_ANGLE,42.47
TM,MAG_X,-6.13,MAG_Y,-2.74,MAG_Z,-18.75,MAG_HEADING,204.06
TM,GYRO_X,-0.998,GYRO_Y,-2.109,GYRO_Z,-0.101,BODY_RATE,0.101
TM,ADCS_MODE,MANUAL,ADCS_REFERENCE,SUN,TARGET,0.00,POINTING_ERROR,-42.60,SUN_ERROR,-42.46,MAG_ERROR,155.94,GYRO_Z,-0.529,RW_CMD,0
TM,EST_RAW,42.46,EST_FILTERED,42.46,EST_ANGLE,42.60,EST_FILTER,ON,EST_FILTER_TYPE,MOVING_AVERAGE,EST_MA_WINDOW,1,EST_FILTER_STRENGTH,0.35
TM,EST_FUSION,ON,EST_GYRO_WEIGHT,0.98,EST_VALID,1
TM,SUN_L,3525,SUN_R,2934,SUN_NDV,0.0915,SUN_ANGLE,42.45
TM,MAG_X,-5.94,MAG_Y,-2.67,MAG_Z,-18.78,MAG_HEADING,204.23
TM,GYRO_X,-0.998,GYRO_Y,-2.091,GYRO_Z,-0.477,BODY_RATE,0.477
TM,ADCS_MODE,MANUAL,ADCS_REFERENCE,SUN,TARGET,0.00,POINTING_ERROR,-42.59,SUN_ERROR,-42.36,MAG_ERROR,155.77,GYRO_Z,0.293,RW_CMD,0
TM,EST_RAW,42.36,EST_FILTERED,42.36,EST_ANGLE,42.59,EST_FILTER,ON,EST_FILTER_TYPE,MOVING_AVERAGE,EST_MA_WINDOW,1,EST_FILTER_STRENGTH,0.35
TM,EST_FUSION,ON,EST_GYRO_WEIGHT,0.98,EST_VALID,1
TM,SUN_L,3525,SUN_R,2935,SUN_NDV,0.0913,SUN_ANGLE,42.52
TM,MAG_X,-5.92,MAG_Y,-2.74,MAG_Z,-18.69,MAG_HEADING,204.80
TM,GYRO_X,-1.033,GYRO_Y,-2.319,GYRO_Z,-0.013,BODY_RATE,0.013
TM,ADCS_MODE,MANUAL,ADCS_REFERENCE,SUN,TARGET,0.00,POINTING_ERROR,-42.60,SUN_ERROR,-42.48,MAG_ERROR,155.83,GYRO_Z,-0.136,RW_CMD,0
TM,EST_RAW,42.48,EST_FILTERED,42.48,EST_ANGLE,42.60,EST_FILTER,ON,EST_FILTER_TYPE,MOVING_AVERAGE,EST_MA_WINDOW,1,EST_FILTER_STRENGTH,0.35
TM,EST_FUSION,ON,EST_GYRO_WEIGHT,0.98,EST_VALID,1
TM,SUN_L,3524,SUN_R,2933,SUN_NDV,0.0915,SUN_ANGLE,42.53
TM,MAG_X,-6.24,MAG_Y,-2.80,MAG_Z,-18.48,MAG_HEADING,204.17
TM,GYRO_X,-0.928,GYRO_Y,-2.319,GYRO_Z,-0.057,BODY_RATE,0.057
TM,ADCS_MODE,MANUAL,ADCS_REFERENCE,SUN,TARGET,0.00,POINTING_ERROR,-42.61,SUN_ERROR,-42.43,MAG_ERROR,155.49,GYRO_Z,-0.048,RW_CMD,0
TM,EST_RAW,42.43,EST_FILTERED,42.43,EST_ANGLE,42.61,EST_FILTER,ON,EST_FILTER_TYPE,MOVING_AVERAGE,EST_MA_WINDOW,1,EST_FILTER_STRENGTH,0.35
TM,EST_FUSION,ON,EST_GYRO_WEIGHT,0.98,EST_VALID,1
TM,SUN_L,3523,SUN_R,2934,SUN_NDV,0.0912,SUN_ANGLE,42.45
TM,MAG_X,-6.00,MAG_Y,-2.74,MAG_Z,-18.75,MAG_HEADING,204.51
TM,GYRO_X,-1.321,GYRO_Y,-2.030,GYRO_Z,-0.118,BODY_RATE,0.118
TM,SUN_L,3522,SUN_R,2935,SUN_NDV,0.0909,SUN_ANGLE,42.29
TM,MAG_X,-6.06,MAG_Y,-2.67,MAG_Z,-18.70,MAG_HEADING,203.78
TM,GYRO_X,-1.102,GYRO_Y,-2.196,GYRO_Z,-0.074,BODY_RATE,0.074
TM,ADCS_MODE,MANUAL,ADCS_REFERENCE,SUN,TARGET,0.00,POINTING_ERROR,-42.60,SUN_ERROR,-42.45,MAG_ERROR,156.22,GYRO_Z,-0.136,RW_CMD,0
TM,EST_RAW,42.45,EST_FILTERED,42.45,EST_ANGLE,42.60,EST_FILTER,ON,EST_FILTER_TYPE,MOVING_AVERAGE,EST_MA_WINDOW,1,EST_FILTER_STRENGTH,0.35
TM,EST_FUSION,ON,EST_GYRO_WEIGHT,0.98,EST_VALID,1
TM,SUN_L,3526,SUN_R,2934,SUN_NDV,0.0916,SUN_ANGLE,42.52
TM,MAG_X,-6.10,MAG_Y,-2.78,MAG_Z,-18.98,MAG_HEADING,204.55
TM,GYRO_X,-1.129,GYRO_Y,-2.030,GYRO_Z,-0.267,BODY_RATE,0.267
TM,ADCS_MODE,MANUAL,ADCS_REFERENCE,SUN,TARGET,0.00,POINTING_ERROR,-42.60,SUN_ERROR,-42.42,MAG_ERROR,155.45,GYRO_Z,-0.022,RW_CMD,0
TM,EST_RAW,42.42,EST_FILTERED,42.42,EST_ANGLE,42.60,EST_FILTER,ON,EST_FILTER_TYPE,MOVING_AVERAGE,EST_MA_WINDOW,1,EST_FILTER_STRENGTH,0.35
TM,EST_FUSION,ON,EST_GYRO_WEIGHT,0.98,EST_VALID,1
TM,SUN_L,3524,SUN_R,2933,SUN_NDV,0.0915,SUN_ANGLE,42.37
TM,MAG_X,-6.11,MAG_Y,-2.67,MAG_Z,-18.86,MAG_HEADING,203.61
TM,GYRO_X,-1.015,GYRO_Y,-2.424,GYRO_Z,-0.302,BODY_RATE,0.302
TM,ADCS_MODE,MANUAL,ADCS_REFERENCE,SUN,TARGET,0.00,POINTING_ERROR,-42.60,SUN_ERROR,-42.32,MAG_ERROR,156.07,GYRO_Z,-0.179,RW_CMD,0
TM,EST_RAW,42.32,EST_FILTERED,42.32,EST_ANGLE,42.60,EST_FILTER,ON,EST_FILTER_TYPE,MOVING_AVERAGE,EST_MA_WINDOW,1,EST_FILTER_STRENGTH,0.35
TM,EST_FUSION,ON,EST_GYRO_WEIGHT,0.98,EST_VALID,1
TM,SUN_L,3526,SUN_R,2934,SUN_NDV,0.0916,SUN_ANGLE,42.40
TM,MAG_X,-6.10,MAG_Y,-2.74,MAG_Z,-18.86,MAG_HEADING,204.17
TM,GYRO_X,-0.928,GYRO_Y,-2.354,GYRO_Z,-0.206,BODY_RATE,0.206
TM,ADCS_MODE,MANUAL,ADCS_REFERENCE,SUN,TARGET,0.00,POINTING_ERROR,-42.60,SUN_ERROR,-42.48,MAG_ERROR,155.41,GYRO_Z,-0.109,RW_CMD,0
TM,EST_RAW,42.48,EST_FILTERED,42.48,EST_ANGLE,42.60,EST_FILTER,ON,EST_FILTER_TYPE,MOVING_AVERAGE,EST_MA_WINDOW,1,EST_FILTER_STRENGTH,0.35
TM,EST_FUSION,ON,EST_GYRO_WEIGHT,0.98,EST_VALID,1
TM,SUN_L,3523,SUN_R,2934,SUN_NDV,0.0912,SUN_ANGLE,42.36
TM,MAG_X,-6.05,MAG_Y,-2.77,MAG_Z,-18.99,MAG_HEADING,204.59
TM,GYRO_X,-1.164,GYRO_Y,-2.100,GYRO_Z,-0.074,BODY_RATE,0.074
TM,SUN_L,3522,SUN_R,2934,SUN_NDV,0.0911,SUN_ANGLE,42.42
TM,MAG_X,-5.90,MAG_Y,-2.61,MAG_Z,-18.83,MAG_HEADING,203.83
TM,GYRO_X,-1.059,GYRO_Y,-1.864,GYRO_Z,0.066,BODY_RATE,-0.066
TM,ADCS_MODE,MANUAL,ADCS_REFERENCE,SUN,TARGET,0.00,POINTING_ERROR,-42.59,SUN_ERROR,-42.42,MAG_ERROR,156.17,GYRO_Z,-0.127,RW_CMD,0
TM,EST_RAW,42.42,EST_FILTERED,42.42,EST_ANGLE,42.59,EST_FILTER,ON,EST_FILTER_TYPE,MOVING_AVERAGE,EST_MA_WINDOW,1,EST_FILTER_STRENGTH,0.35
TM,EST_FUSION,ON,EST_GYRO_WEIGHT,0.98,EST_VALID,1
TM,SUN_L,3525,SUN_R,2933,SUN_NDV,0.0917,SUN_ANGLE,42.41
TM,MAG_X,-6.10,MAG_Y,-2.67,MAG_Z,-19.23,MAG_HEADING,203.67
TM,GYRO_X,-0.892,GYRO_Y,-2.380,GYRO_Z,-0.092,BODY_RATE,0.092
TM,ADCS_MODE,MANUAL,ADCS_REFERENCE,SUN,TARGET,0.00,POINTING_ERROR,-42.58,SUN_ERROR,-42.50,MAG_ERROR,156.21,GYRO_Z,-0.074,RW_CMD,0
TM,EST_RAW,42.50,EST_FILTERED,42.50,EST_ANGLE,42.58,EST_FILTER,ON,EST_FILTER_TYPE,MOVING_AVERAGE,EST_MA_WINDOW,1,EST_FILTER_STRENGTH,0.35
TM,EST_FUSION,ON,EST_GYRO_WEIGHT,0.98,EST_VALID,1
TM,SUN_L,3523,SUN_R,2934,SUN_NDV,0.0912,SUN_ANGLE,42.45
TM,MAG_X,-6.06,MAG_Y,-2.70,MAG_Z,-18.90,MAG_HEADING,204.03
TM,GYRO_X,-1.094,GYRO_Y,-2.319,GYRO_Z,0.066,BODY_RATE,-0.066
TM,ADCS_MODE,MANUAL,ADCS_REFERENCE,SUN,TARGET,0.00,POINTING_ERROR,-42.59,SUN_ERROR,-42.48,MAG_ERROR,155.97,GYRO_Z,-0.153,RW_CMD,0
TM,EST_RAW,42.48,EST_FILTERED,42.48,EST_ANGLE,42.59,EST_FILTER,ON,EST_FILTER_TYPE,MOVING_AVERAGE,EST_MA_WINDOW,1,EST_FILTER_STRENGTH,0.35
TM,EST_FUSION,ON,EST_GYRO_WEIGHT,0.98,EST_VALID,1
TM,SUN_L,3524,SUN_R,2934,SUN_NDV,0.0914,SUN_ANGLE,42.48
TM,MAG_X,-6.14,MAG_Y,-2.58,MAG_Z,-18.82,MAG_HEADING,202.75
TM,GYRO_X,-1.278,GYRO_Y,-1.873,GYRO_Z,-0.197,BODY_RATE,0.197
TM,ADCS_MODE,MANUAL,ADCS_REFERENCE,SUN,TARGET,0.00,POINTING_ERROR,-42.58,SUN_ERROR,-42.51,MAG_ERROR,158.48,GYRO_Z,-0.144,RW_CMD,0
TM,EST_RAW,42.51,EST_FILTERED,42.51,EST_ANGLE,42.58,EST_FILTER,ON,EST_FILTER_TYPE,MOVING_AVERAGE,EST_MA_WINDOW,1,EST_FILTER_STRENGTH,0.35
TM,EST_FUSION,ON,EST_GYRO_WEIGHT,0.98,EST_VALID,1
TM,SUN_L,3524,SUN_R,2934,SUN_NDV,0.0914,SUN_ANGLE,42.39
TM,MAG_X,-6.21,MAG_Y,-2.45,MAG_Z,-19.04,MAG_HEADING,201.52
TM,GYRO_X,-1.094,GYRO_Y,-1.908,GYRO_Z,-0.206,BODY_RATE,0.206
TM,SUN_L,3526,SUN_R,2934,SUN_NDV,0.0916,SUN_ANGLE,42.42
TM,MAG_X,-6.21,MAG_Y,-2.67,MAG_Z,-19.04,MAG_HEADING,203.29
TM,GYRO_X,-1.041,GYRO_Y,-2.179,GYRO_Z,-0.066,BODY_RATE,0.066
TM,ADCS_MODE,MANUAL,ADCS_REFERENCE,SUN,TARGET,0.00,POINTING_ERROR,-42.59,SUN_ERROR,-42.41,MAG_ERROR,157.34,GYRO_Z,-0.214,RW_CMD,0
TM,EST_RAW,42.41,EST_FILTERED,42.41,EST_ANGLE,42.59,EST_FILTER,ON,EST_FILTER_TYPE,MOVING_AVERAGE,EST_MA_WINDOW,1,EST_FILTER_STRENGTH,0.35
TM,EST_FUSION,ON,EST_GYRO_WEIGHT,0.98,EST_VALID,1
TM,SUN_L,3523,SUN_R,2934,SUN_NDV,0.0912,SUN_ANGLE,42.36
TM,MAG_X,-6.14,MAG_Y,-2.53,MAG_Z,-19.07,MAG_HEADING,202.37
TM,GYRO_X,-1.129,GYRO_Y,-2.091,GYRO_Z,0.101,BODY_RATE,-0.101
TM,ADCS_MODE,MANUAL,ADCS_REFERENCE,SUN,TARGET,0.00,POINTING_ERROR,-42.57,SUN_ERROR,-42.44,MAG_ERROR,157.63,GYRO_Z,-0.258,RW_CMD,0
TM,EST_RAW,42.44,EST_FILTERED,42.44,EST_ANGLE,42.57,EST_FILTER,ON,EST_FILTER_TYPE,MOVING_AVERAGE,EST_MA_WINDOW,1,EST_FILTER_STRENGTH,0.35
TM,EST_FUSION,ON,EST_GYRO_WEIGHT,0.98,EST_VALID,1
TM,SUN_L,3523,SUN_R,2934,SUN_NDV,0.0912,SUN_ANGLE,42.39
TM,MAG_X,-6.21,MAG_Y,-2.66,MAG_Z,-19.12,MAG_HEADING,203.16
TM,GYRO_X,-1.024,GYRO_Y,-2.170,GYRO_Z,-0.188,BODY_RATE,0.188
TM,ADCS_MODE,MANUAL,ADCS_REFERENCE,SUN,TARGET,0.00,POINTING_ERROR,-42.58,SUN_ERROR,-42.39,MAG_ERROR,157.57,GYRO_Z,-0.101,RW_CMD,0
TM,EST_RAW,42.39,EST_FILTERED,42.39,EST_ANGLE,42.58,EST_FILTER,ON,EST_FILTER_TYPE,MOVING_AVERAGE,EST_MA_WINDOW,1,EST_FILTER_STRENGTH,0.35
TM,EST_FUSION,ON,EST_GYRO_WEIGHT,0.98,EST_VALID,1
TM,SUN_L,3523,SUN_R,2935,SUN_NDV,0.0910,SUN_ANGLE,42.45
TM,MAG_X,-6.24,MAG_Y,-2.58,MAG_Z,-18.99,MAG_HEADING,202.43
TM,GYRO_X,-1.033,GYRO_Y,-2.100,GYRO_Z,-0.293,BODY_RATE,0.293
TM,ADCS_MODE,MANUAL,ADCS_REFERENCE,SUN,TARGET,0.00,POINTING_ERROR,-42.58,SUN_ERROR,-42.35,MAG_ERROR,158.30,GYRO_Z,0.039,RW_CMD,0
TM,EST_RAW,42.35,EST_FILTERED,42.35,EST_ANGLE,42.58,EST_FILTER,ON,EST_FILTER_TYPE,MOVING_AVERAGE,EST_MA_WINDOW,1,EST_FILTER_STRENGTH,0.35
TM,EST_FUSION,ON,EST_GYRO_WEIGHT,0.98,EST_VALID,1
TM,SUN_L,3525,SUN_R,2936,SUN_NDV,0.0912,SUN_ANGLE,42.40
TM,MAG_X,-6.26,MAG_Y,-2.50,MAG_Z,-19.14,MAG_HEADING,201.75
TM,GYRO_X,-1.207,GYRO_Y,-2.082,GYRO_Z,0.004,BODY_RATE,-0.004
TM,SUN_L,3525,SUN_R,2936,SUN_NDV,0.0912,SUN_ANGLE,42.43
TM,MAG_X,-6.29,MAG_Y,-2.53,MAG_Z,-19.30,MAG_HEADING,201.90
TM,GYRO_X,-0.892,GYRO_Y,-2.485,GYRO_Z,-0.416,BODY_RATE,0.416
TM,ADCS_MODE,MANUAL,ADCS_REFERENCE,SUN,TARGET,0.00,POINTING_ERROR,-42.60,SUN_ERROR,-42.47,MAG_ERROR,158.10,GYRO_Z,-0.101,RW_CMD,0
TM,EST_RAW,42.47,EST_FILTERED,42.47,EST_ANGLE,42.60,EST_FILTER,ON,EST_FILTER_TYPE,MOVING_AVERAGE,EST_MA_WINDOW,1,EST_FILTER_STRENGTH,0.35
TM,EST_FUSION,ON,EST_GYRO_WEIGHT,0.98,EST_VALID,1
TM,SUN_L,3526,SUN_R,2936,SUN_NDV,0.0913,SUN_ANGLE,42.30
TM,MAG_X,-6.34,MAG_Y,-2.50,MAG_Z,-19.39,MAG_HEADING,201.50
TM,GYRO_X,-1.173,GYRO_Y,-2.257,GYRO_Z,-0.179,BODY_RATE,0.179
TM,ADCS_MODE,MANUAL,ADCS_REFERENCE,SUN,TARGET,0.00,POINTING_ERROR,-42.58,SUN_ERROR,-42.48,MAG_ERROR,158.50,GYRO_Z,-0.197,RW_CMD,0
TM,EST_RAW,42.48,EST_FILTERED,42.48,EST_ANGLE,42.58,EST_FILTER,ON,EST_FILTER_TYPE,MOVING_AVERAGE,EST_MA_WINDOW,1,EST_FILTER_STRENGTH,0.35
TM,EST_FUSION,ON,EST_GYRO_WEIGHT,0.98,EST_VALID,1
TM,SUN_L,3524,SUN_R,2936,SUN_NDV,0.0910,SUN_ANGLE,42.39
TM,MAG_X,-6.34,MAG_Y,-2.45,MAG_Z,-19.44,MAG_HEADING,201.12
TM,GYRO_X,-0.962,GYRO_Y,-2.118,GYRO_Z,-0.118,BODY_RATE,0.118
TM,ADCS_MODE,MANUAL,ADCS_REFERENCE,SUN,TARGET,0.00,POINTING_ERROR,-42.59,SUN_ERROR,-42.42,MAG_ERROR,158.20,GYRO_Z,-0.337,RW_CMD,0
TM,EST_RAW,42.42,EST_FILTERED,42.42,EST_ANGLE,42.59,EST_FILTER,ON,EST_FILTER_TYPE,MOVING_AVERAGE,EST_MA_WINDOW,1,EST_FILTER_STRENGTH,0.35
TM,EST_FUSION,ON,EST_GYRO_WEIGHT,0.98,EST_VALID,1
TM,SUN_L,3525,SUN_R,2936,SUN_NDV,0.0912,SUN_ANGLE,42.46
TM,MAG_X,-6.46,MAG_Y,-2.59,MAG_Z,-19.23,MAG_HEADING,201.85
TM,GYRO_X,-0.962,GYRO_Y,-2.257,GYRO_Z,-0.004,BODY_RATE,0.004
TM,ADCS_MODE,MANUAL,ADCS_REFERENCE,SUN,TARGET,0.00,POINTING_ERROR,-42.56,SUN_ERROR,-42.37,MAG_ERROR,158.52,GYRO_Z,-0.337,RW_CMD,0
TM,EST_RAW,42.37,EST_FILTERED,42.37,EST_ANGLE,42.56,EST_FILTER,ON,EST_FILTER_TYPE,MOVING_AVERAGE,EST_MA_WINDOW,1,EST_FILTER_STRENGTH,0.35
TM,EST_FUSION,ON,EST_GYRO_WEIGHT,0.98,EST_VALID,1
TM,SUN_L,3525,SUN_R,2936,SUN_NDV,0.0912,SUN_ANGLE,42.43
TM,MAG_X,-6.46,MAG_Y,-2.54,MAG_Z,-19.44,MAG_HEADING,201.48
TM,GYRO_X,-0.875,GYRO_Y,-2.240,GYRO_Z,-0.048,BODY_RATE,0.048
TM,SUN_L,3525,SUN_R,2936,SUN_NDV,0.0912,SUN_ANGLE,42.32
TM,MAG_X,-6.32,MAG_Y,-2.48,MAG_Z,-19.34,MAG_HEADING,201.43
TM,GYRO_X,-1.102,GYRO_Y,-2.257,GYRO_Z,-0.031,BODY_RATE,0.031
TM,ADCS_MODE,MANUAL,ADCS_REFERENCE,SUN,TARGET,0.00,POINTING_ERROR,-42.56,SUN_ERROR,-42.45,MAG_ERROR,158.57,GYRO_Z,-0.048,RW_CMD,0
TM,EST_RAW,42.45,EST_FILTERED,42.45,EST_ANGLE,42.56,EST_FILTER,ON,EST_FILTER_TYPE,MOVING_AVERAGE,EST_MA_WINDOW,1,EST_FILTER_STRENGTH,0.35
TM,EST_FUSION,ON,EST_GYRO_WEIGHT,0.98,EST_VALID,1
TM,SUN_L,3525,SUN_R,2935,SUN_NDV,0.0913,SUN_ANGLE,42.43
TM,MAG_X,-6.27,MAG_Y,-2.43,MAG_Z,-19.18,MAG_HEADING,201.19
TM,GYRO_X,-1.067,GYRO_Y,-2.126,GYRO_Z,-0.179,BODY_RATE,0.179
TM,ADCS_MODE,MANUAL,ADCS_REFERENCE,SUN,TARGET,0.00,POINTING_ERROR,-42.55,SUN_ERROR,-42.47,MAG_ERROR,157.88,GYRO_Z,-0.074,RW_CMD,0
TM,EST_RAW,42.47,EST_FILTERED,42.47,EST_ANGLE,42.55,EST_FILTER,ON,EST_FILTER_TYPE,MOVING_AVERAGE,EST_MA_WINDOW,1,EST_FILTER_STRENGTH,0.35
TM,EST_FUSION,ON,EST_GYRO_WEIGHT,0.98,EST_VALID,1
TM,SUN_L,3525,SUN_R,2935,SUN_NDV,0.0913,SUN_ANGLE,42.36
TM,MAG_X,-6.34,MAG_Y,-2.56,MAG_Z,-19.20,MAG_HEADING,202.00
TM,GYRO_X,-0.989,GYRO_Y,-1.846,GYRO_Z,-0.048,BODY_RATE,0.048
TM,ADCS_MODE,MANUAL,ADCS_REFERENCE,SUN,TARGET,0.00,POINTING_ERROR,-42.57,SUN_ERROR,-42.33,MAG_ERROR,158.00,GYRO_Z,-0.223,RW_CMD,0
TM,EST_RAW,42.33,EST_FILTERED,42.33,EST_ANGLE,42.57,EST_FILTER,ON,EST_FILTER_TYPE,MOVING_AVERAGE,EST_MA_WINDOW,1,EST_FILTER_STRENGTH,0.35
TM,EST_FUSION,ON,EST_GYRO_WEIGHT,0.98,EST_VALID,1
TM,SUN_L,3526,SUN_R,2935,SUN_NDV,0.0915,SUN_ANGLE,42.42
TM,MAG_X,-6.45,MAG_Y,-2.59,MAG_Z,-19.25,MAG_HEADING,201.90
TM,GYRO_X,-1.067,GYRO_Y,-2.188,GYRO_Z,-0.241,BODY_RATE,0.241
TM,ADCS_MODE,MANUAL,ADCS_REFERENCE,SUN,TARGET,0.00,POINTING_ERROR,-42.57,SUN_ERROR,-42.43,MAG_ERROR,157.12,GYRO_Z,0.118,RW_CMD,0
TM,EST_RAW,42.43,EST_FILTERED,42.43,EST_ANGLE,42.57,EST_FILTER,ON,EST_FILTER_TYPE,MOVING_AVERAGE,EST_MA_WINDOW,1,EST_FILTER_STRENGTH,0.35
TM,EST_FUSION,ON,EST_GYRO_WEIGHT,0.98,EST_VALID,1
TM,SUN_L,3525,SUN_R,2936,SUN_NDV,0.0912,SUN_ANGLE,42.48
TM,MAG_X,-6.26,MAG_Y,-2.64,MAG_Z,-19.25,MAG_HEADING,202.88
TM,GYRO_X,-0.971,GYRO_Y,-2.205,GYRO_Z,-0.223,BODY_RATE,0.223
TM,SUN_L,3526,SUN_R,2936,SUN_NDV,0.0913,SUN_ANGLE,42.48
TM,MAG_X,-6.19,MAG_Y,-2.51,MAG_Z,-19.33,MAG_HEADING,202.08
TM,GYRO_X,-1.269,GYRO_Y,-2.135,GYRO_Z,-0.048,BODY_RATE,0.048
TM,ADCS_MODE,MANUAL,ADCS_REFERENCE,SUN,TARGET,0.00,POINTING_ERROR,-42.57,SUN_ERROR,-42.48,MAG_ERROR,157.92,GYRO_Z,-0.004,RW_CMD,0
TM,EST_RAW,42.48,EST_FILTERED,42.48,EST_ANGLE,42.57,EST_FILTER,ON,EST_FILTER_TYPE,MOVING_AVERAGE,EST_MA_WINDOW,1,EST_FILTER_STRENGTH,0.35
TM,EST_FUSION,ON,EST_GYRO_WEIGHT,0.98,EST_VALID,1
TM,SUN_L,3523,SUN_R,2935,SUN_NDV,0.0910,SUN_ANGLE,42.44
TM,MAG_X,-6.27,MAG_Y,-2.45,MAG_Z,-19.18,MAG_HEADING,201.32
TM,GYRO_X,-0.866,GYRO_Y,-2.266,GYRO_Z,-0.188,BODY_RATE,0.188
TM,ADCS_MODE,MANUAL,ADCS_REFERENCE,SUN,TARGET,0.00,POINTING_ERROR,-42.58,SUN_ERROR,-42.51,MAG_ERROR,158.68,GYRO_Z,0.092,RW_CMD,0
TM,EST_RAW,42.51,EST_FILTERED,42.51,EST_ANGLE,42.58,EST_FILTER,ON,EST_FILTER_TYPE,MOVING_AVERAGE,EST_MA_WINDOW,1,EST_FILTER_STRENGTH,0.35
TM,EST_FUSION,ON,EST_GYRO_WEIGHT,0.98,EST_VALID,1
TM,SUN_L,3523,SUN_R,2934,SUN_NDV,0.0912,SUN_ANGLE,42.52
TM,MAG_X,-6.38,MAG_Y,-2.61,MAG_Z,-19.18,MAG_HEADING,202.22
TM,GYRO_X,-0.858,GYRO_Y,-2.266,GYRO_Z,-0.214,BODY_RATE,0.214
TM,ADCS_MODE,MANUAL,ADCS_REFERENCE,SUN,TARGET,0.00,POINTING_ERROR,-42.59,SUN_ERROR,-42.47,MAG_ERROR,157.10,GYRO_Z,-0.354,RW_CMD,0
TM,EST_RAW,42.47,EST_FILTERED,42.47,EST_ANGLE,42.59,EST_FILTER,ON,EST_FILTER_TYPE,MOVING_AVERAGE,EST_MA_WINDOW,1,EST_FILTER_STRENGTH,0.35
TM,EST_FUSION,ON,EST_GYRO_WEIGHT,0.98,EST_VALID,1
TM,SUN_L,3524,SUN_R,2935,SUN_NDV,0.0912,SUN_ANGLE,42.43
TM,MAG_X,-6.29,MAG_Y,-2.66,MAG_Z,-19.12,MAG_HEADING,202.90
TM,GYRO_X,-0.971,GYRO_Y,-2.406,GYRO_Z,-0.328,BODY_RATE,0.328
TM,ADCS_MODE,MANUAL,ADCS_REFERENCE,SUN,TARGET,0.00,POINTING_ERROR,-42.57,SUN_ERROR,-42.33,MAG_ERROR,158.45,GYRO_Z,0.118,RW_CMD,0
TM,EST_RAW,42.33,EST_FILTERED,42.33,EST_ANGLE,42.57,EST_FILTER,ON,EST_FILTER_TYPE,MOVING_AVERAGE,EST_MA_WINDOW,1,EST_FILTER_STRENGTH,0.35
TM,EST_FUSION,ON,EST_GYRO_WEIGHT,0.98,EST_VALID,1
TM,SUN_L,3524,SUN_R,2934,SUN_NDV,0.0914,SUN_ANGLE,42.39
TM,MAG_X,-6.34,MAG_Y,-2.51,MAG_Z,-19.15,MAG_HEADING,201.63
TM,GYRO_X,-0.875,GYRO_Y,-2.205,GYRO_Z,-0.127,BODY_RATE,0.127
TM,SUN_L,3523,SUN_R,2934,SUN_NDV,0.0912,SUN_ANGLE,42.46
TM,MAG_X,-6.18,MAG_Y,-2.48,MAG_Z,-19.25,MAG_HEADING,201.88
TM,GYRO_X,-1.102,GYRO_Y,-2.082,GYRO_Z,-0.381,BODY_RATE,0.381
TM,ADCS_MODE,MANUAL,ADCS_REFERENCE,SUN,TARGET,0.00,POINTING_ERROR,-42.60,SUN_ERROR,-42.36,MAG_ERROR,158.12,GYRO_Z,-0.459,RW_CMD,0
TM,EST_RAW,42.36,EST_FILTERED,42.36,EST_ANGLE,42.60,EST_FILTER,ON,EST_FILTER_TYPE,MOVING_AVERAGE,EST_MA_WINDOW,1,EST_FILTER_STRENGTH,0.35
TM,EST_FUSION,ON,EST_GYRO_WEIGHT,0.98,EST_VALID,1
TM,SUN_L,3524,SUN_R,2934,SUN_NDV,0.0914,SUN_ANGLE,42.45
TM,MAG_X,-6.37,MAG_Y,-2.58,MAG_Z,-19.25,MAG_HEADING,202.02
TM,GYRO_X,-0.936,GYRO_Y,-2.231,GYRO_Z,-0.162,BODY_RATE,0.162
TM,ADCS_MODE,MANUAL,ADCS_REFERENCE,SUN,TARGET,0.00,POINTING_ERROR,-42.59,SUN_ERROR,-42.40,MAG_ERROR,158.25,GYRO_Z,-0.136,RW_CMD,0
TM,EST_RAW,42.40,EST_FILTERED,42.40,EST_ANGLE,42.59,EST_FILTER,ON,EST_FILTER_TYPE,MOVING_AVERAGE,EST_MA_WINDOW,1,EST_FILTER_STRENGTH,0.35
TM,EST_FUSION,ON,EST_GYRO_WEIGHT,0.98,EST_VALID,1
TM,SUN_L,3523,SUN_R,2933,SUN_NDV,0.0914,SUN_ANGLE,42.35
TM,MAG_X,-6.16,MAG_Y,-2.53,MAG_Z,-19.30,MAG_HEADING,202.31
TM,GYRO_X,-0.892,GYRO_Y,-2.179,GYRO_Z,-0.372,BODY_RATE,0.372
TM,ADCS_MODE,MANUAL,ADCS_REFERENCE,SUN,TARGET,0.00,POINTING_ERROR,-42.58,SUN_ERROR,-42.42,MAG_ERROR,157.69,GYRO_Z,-0.162,RW_CMD,0
TM,EST_RAW,42.42,EST_FILTERED,42.42,EST_ANGLE,42.58,EST_FILTER,ON,EST_FILTER_TYPE,MOVING_AVERAGE,EST_MA_WINDOW,1,EST_FILTER_STRENGTH,0.35
TM,EST_FUSION,ON,EST_GYRO_WEIGHT,0.98,EST_VALID,1
TM,SUN_L,3525,SUN_R,2933,SUN_NDV,0.0917,SUN_ANGLE,42.37
TM,MAG_X,-6.38,MAG_Y,-2.66,MAG_Z,-19.15,MAG_HEADING,202.59
TM,GYRO_X,-1.129,GYRO_Y,-2.406,GYRO_Z,-0.276,BODY_RATE,0.276
TM,ADCS_MODE,MANUAL,ADCS_REFERENCE,SUN,TARGET,0.00,POINTING_ERROR,-42.58,SUN_ERROR,-42.39,MAG_ERROR,158.15,GYRO_Z,-0.249,RW_CMD,0
TM,EST_RAW,42.39,EST_FILTERED,42.39,EST_ANGLE,42.58,EST_FILTER,ON,EST_FILTER_TYPE,MOVING_AVERAGE,EST_MA_WINDOW,1,EST_FILTER_STRENGTH,0.35
TM,EST_FUSION,ON,EST_GYRO_WEIGHT,0.98,EST_VALID,1
TM,SUN_L,3523,SUN_R,2934,SUN_NDV,0.0912,SUN_ANGLE,42.47
TM,MAG_X,-6.30,MAG_Y,-2.53,MAG_Z,-19.15,MAG_HEADING,201.85
TM,GYRO_X,-1.120,GYRO_Y,-2.004,GYRO_Z,-0.232,BODY_RATE,0.232
TM,SUN_L,3525,SUN_R,2935,SUN_NDV,0.0913,SUN_ANGLE,42.41
TM,MAG_X,-6.62,MAG_Y,-2.35,MAG_Z,-19.14,MAG_HEADING,199.55
TM,GYRO_X,-0.954,GYRO_Y,-2.196,GYRO_Z,-0.101,BODY_RATE,0.101
TM,ADCS_MODE,MANUAL,ADCS_REFERENCE,SUN,TARGET,0.00,POINTING_ERROR,-42.58,SUN_ERROR,-42.37,MAG_ERROR,160.45,GYRO_Z,-0.223,RW_CMD,0
TM,EST_RAW,42.37,EST_FILTERED,42.37,EST_ANGLE,42.58,EST_FILTER,ON,EST_FILTER_TYPE,MOVING_AVERAGE,EST_MA_WINDOW,1,EST_FILTER_STRENGTH,0.35
TM,EST_FUSION,ON,EST_GYRO_WEIGHT,0.98,EST_VALID,1
TM,SUN_L,3523,SUN_R,2935,SUN_NDV,0.0910,SUN_ANGLE,42.28
TM,MAG_X,-6.22,MAG_Y,-2.46,MAG_Z,-19.17,MAG_HEADING,201.60
TM,GYRO_X,-0.962,GYRO_Y,-2.118,GYRO_Z,-0.066,BODY_RATE,0.066
TM,ADCS_MODE,MANUAL,ADCS_REFERENCE,SUN,TARGET,0.00,POINTING_ERROR,-42.56,SUN_ERROR,-42.42,MAG_ERROR,158.40,GYRO_Z,-0.118,RW_CMD,0
TM,EST_RAW,42.42,EST_FILTERED,42.42,EST_ANGLE,42.56,EST_FILTER,ON,EST_FILTER_TYPE,MOVING_AVERAGE,EST_MA_WINDOW,1,EST_FILTER_STRENGTH,0.35
TM,EST_FUSION,ON,EST_GYRO_WEIGHT,0.98,EST_VALID,1
TM,SUN_L,3527,SUN_R,2935,SUN_NDV,0.0916,SUN_ANGLE,42.41
TM,MAG_X,-6.29,MAG_Y,-2.45,MAG_Z,-19.07,MAG_HEADING,201.27
TM,GYRO_X,-1.059,GYRO_Y,-2.161,GYRO_Z,-0.153,BODY_RATE,0.153
TM,ADCS_MODE,MANUAL,ADCS_REFERENCE,SUN,TARGET,0.00,POINTING_ERROR,-42.56,SUN_ERROR,-42.39,MAG_ERROR,159.18,GYRO_Z,0.022,RW_CMD,0
TM,EST_RAW,42.39,EST_FILTERED,42.39,EST_ANGLE,42.56,EST_FILTER,ON,EST_FILTER_TYPE,MOVING_AVERAGE,EST_MA_WINDOW,1,EST_FILTER_STRENGTH,0.35
TM,EST_FUSION,ON,EST_GYRO_WEIGHT,0.98,EST_VALID,1
TM,SUN_L,3526,SUN_R,2935,SUN_NDV,0.0915,SUN_ANGLE,42.41
TM,MAG_X,-6.35,MAG_Y,-2.42,MAG_Z,-19.12,MAG_HEADING,200.82
TM,GYRO_X,-1.190,GYRO_Y,-1.890,GYRO_Z,-0.048,BODY_RATE,0.048
TM,ADCS_MODE,MANUAL,ADCS_REFERENCE,SUN,TARGET,0.00,POINTING_ERROR,-42.56,SUN_ERROR,-42.34,MAG_ERROR,157.72,GYRO_Z,0.171,RW_CMD,0
TM,EST_RAW,42.34,EST_FILTERED,42.34,EST_ANGLE,42.56,EST_FILTER,ON,EST_FILTER_TYPE,MOVING_AVERAGE,EST_MA_WINDOW,1,EST_FILTER_STRENGTH,0.35
TM,EST_FUSION,ON,EST_GYRO_WEIGHT,0.98,EST_VALID,1
TM,SUN_L,3524,SUN_R,2936,SUN_NDV,0.0910,SUN_ANGLE,42.50
TM,MAG_X,-6.21,MAG_Y,-2.54,MAG_Z,-19.25,MAG_HEADING,202.28
TM,GYRO_X,-0.980,GYRO_Y,-2.109,GYRO_Z,-0.363,BODY_RATE,0.363
TM,SUN_L,3525,SUN_R,2935,SUN_NDV,0.0913,SUN_ANGLE,42.36
TM,MAG_X,-6.24,MAG_Y,-2.58,MAG_Z,-19.23,MAG_HEADING,202.43
TM,GYRO_X,-0.928,GYRO_Y,-2.021,GYRO_Z,-0.066,BODY_RATE,0.066
TM,ADCS_MODE,MANUAL,ADCS_REFERENCE,SUN,TARGET,0.00,POINTING_ERROR,-42.56,SUN_ERROR,-42.36,MAG_ERROR,157.57,GYRO_Z,-0.188,RW_CMD,0
TM,EST_RAW,42.36,EST_FILTERED,42.36,EST_ANGLE,42.56,EST_FILTER,ON,EST_FILTER_TYPE,MOVING_AVERAGE,EST_MA_WINDOW,1,EST_FILTER_STRENGTH,0.35
TM,EST_FUSION,ON,EST_GYRO_WEIGHT,0.98,EST_VALID,1
TM,SUN_L,3526,SUN_R,2936,SUN_NDV,0.0913,SUN_ANGLE,42.45
TM,MAG_X,-6.27,MAG_Y,-2.58,MAG_Z,-19.36,MAG_HEADING,202.33
TM,GYRO_X,-0.866,GYRO_Y,-2.223,GYRO_Z,-0.319,BODY_RATE,0.319
TM,ADCS_MODE,MANUAL,ADCS_REFERENCE,SUN,TARGET,0.00,POINTING_ERROR,-42.57,SUN_ERROR,-42.49,MAG_ERROR,157.67,GYRO_Z,0.004,RW_CMD,0
TM,EST_RAW,42.49,EST_FILTERED,42.49,EST_ANGLE,42.57,EST_FILTER,ON,EST_FILTER_TYPE,MOVING_AVERAGE,EST_MA_WINDOW,1,EST_FILTER_STRENGTH,0.35
TM,EST_FUSION,ON,EST_GYRO_WEIGHT,0.98,EST_VALID,1
TM,SUN_L,3525,SUN_R,2935,SUN_NDV,0.0913,SUN_ANGLE,42.44
TM,MAG_X,-6.16,MAG_Y,-2.59,MAG_Z,-19.15,MAG_HEADING,202.82
TM,GYRO_X,-0.674,GYRO_Y,-2.214,GYRO_Z,0.004,BODY_RATE,-0.004
TM,ADCS_MODE,MANUAL,ADCS_REFERENCE,SUN,TARGET,0.00,POINTING_ERROR,-42.58,SUN_ERROR,-42.42,MAG_ERROR,158.00,GYRO_Z,-0.197,RW_CMD,0
TM,EST_RAW,42.42,EST_FILTERED,42.42,EST_ANGLE,42.58,EST_FILTER,ON,EST_FILTER_TYPE,MOVING_AVERAGE,EST_MA_WINDOW,1,EST_FILTER_STRENGTH,0.35
TM,EST_FUSION,ON,EST_GYRO_WEIGHT,0.98,EST_VALID,1
TM,SUN_L,3525,SUN_R,2935,SUN_NDV,0.0913,SUN_ANGLE,42.40
TM,MAG_X,-6.21,MAG_Y,-2.58,MAG_Z,-19.20,MAG_HEADING,202.54
TM,GYRO_X,-0.971,GYRO_Y,-2.450,GYRO_Z,-0.092,BODY_RATE,0.092
TM,ADCS_MODE,MANUAL,ADCS_REFERENCE,SUN,TARGET,0.00,POINTING_ERROR,-42.56,SUN_ERROR,-42.44,MAG_ERROR,156.77,GYRO_Z,-0.083,RW_CMD,0
TM,EST_RAW,42.44,EST_FILTERED,42.44,EST_ANGLE,42.56,EST_FILTER,ON,EST_FILTER_TYPE,MOVING_AVERAGE,EST_MA_WINDOW,1,EST_FILTER_STRENGTH,0.35
TM,EST_FUSION,ON,EST_GYRO_WEIGHT,0.98,EST_VALID,1
TM,SUN_L,3525,SUN_R,2935,SUN_NDV,0.0913,SUN_ANGLE,42.47
TM,MAG_X,-6.22,MAG_Y,-2.67,MAG_Z,-19.17,MAG_HEADING,203.23
TM,GYRO_X,-0.726,GYRO_Y,-2.275,GYRO_Z,-0.153,BODY_RATE,0.153
TM,SUN_L,3523,SUN_R,2935,SUN_NDV,0.0910,SUN_ANGLE,42.39
TM,MAG_X,-6.18,MAG_Y,-2.54,MAG_Z,-19.26,MAG_HEADING,202.39
TM,GYRO_X,-1.006,GYRO_Y,-2.013,GYRO_Z,-0.197,BODY_RATE,0.197
TM,ADCS_MODE,MANUAL,ADCS_REFERENCE,SUN,TARGET,0.00,POINTING_ERROR,-42.54,SUN_ERROR,-42.39,MAG_ERROR,157.61,GYRO_Z,0.083,RW_CMD,0
TM,EST_RAW,42.39,EST_FILTERED,42.39,EST_ANGLE,42.54,EST_FILTER,ON,EST_FILTER_TYPE,MOVING_AVERAGE,EST_MA_WINDOW,1,EST_FILTER_STRENGTH,0.35
TM,EST_FUSION,ON,EST_GYRO_WEIGHT,0.98,EST_VALID,1
TM,SUN_L,3524,SUN_R,2934,SUN_NDV,0.0914,SUN_ANGLE,42.46
TM,MAG_X,-6.26,MAG_Y,-2.45,MAG_Z,-19.25,MAG_HEADING,201.37
TM,GYRO_X,-0.954,GYRO_Y,-1.942,GYRO_Z,-0.249,BODY_RATE,0.249
TM,ADCS_MODE,MANUAL,ADCS_REFERENCE,SUN,TARGET,0.00,POINTING_ERROR,-42.55,SUN_ERROR,-42.41,MAG_ERROR,158.74,GYRO_Z,-0.083,RW_CMD,0
TM,EST_RAW,42.41,EST_FILTERED,42.41,EST_ANGLE,42.55,EST_FILTER,ON,EST_FILTER_TYPE,MOVING_AVERAGE,EST_MA_WINDOW,1,EST_FILTER_STRENGTH,0.35
TM,EST_FUSION,ON,EST_GYRO_WEIGHT,0.98,EST_VALID,1
TM,SUN_L,3525,SUN_R,2935,SUN_NDV,0.0913,SUN_ANGLE,42.38
TM,MAG_X,-6.24,MAG_Y,-2.64,MAG_Z,-19.46,MAG_HEADING,202.93
TM,GYRO_X,-0.726,GYRO_Y,-2.406,GYRO_Z,-0.179,BODY_RATE,0.179
TM,ADCS_MODE,MANUAL,ADCS_REFERENCE,SUN,TARGET,0.00,POINTING_ERROR,-42.54,SUN_ERROR,-42.32,MAG_ERROR,157.07,GYRO_Z,-0.293,RW_CMD,0
TM,EST_RAW,42.32,EST_FILTERED,42.32,EST_ANGLE,42.54,EST_FILTER,ON,EST_FILTER_TYPE,MOVING_AVERAGE,EST_MA_WINDOW,1,EST_FILTER_STRENGTH,0.35
TM,EST_FUSION,ON,EST_GYRO_WEIGHT,0.98,EST_VALID,1
TM,SUN_L,3523,SUN_R,2935,SUN_NDV,0.0910,SUN_ANGLE,42.33
TM,MAG_X,-6.32,MAG_Y,-2.54,MAG_Z,-18.98,MAG_HEADING,201.93
TM,GYRO_X,-1.129,GYRO_Y,-2.004,GYRO_Z,-0.171,BODY_RATE,0.171
TM,ADCS_MODE,MANUAL,ADCS_REFERENCE,SUN,TARGET,0.00,POINTING_ERROR,-42.54,SUN_ERROR,-42.41,MAG_ERROR,157.44,GYRO_Z,-0.162,RW_CMD,0
TM,EST_RAW,42.41,EST_FILTERED,42.41,EST_ANGLE,42.54,EST_FILTER,ON,EST_FILTER_TYPE,MOVING_AVERAGE,EST_MA_WINDOW,1,EST_FILTER_STRENGTH,0.35
TM,EST_FUSION,ON,EST_GYRO_WEIGHT,0.98,EST_VALID,1
TM,SUN_L,3523,SUN_R,2935,SUN_NDV,0.0910,SUN_ANGLE,42.43
TM,MAG_X,-6.24,MAG_Y,-2.59,MAG_Z,-19.41,MAG_HEADING,202.56
TM,GYRO_X,-1.059,GYRO_Y,-1.873,GYRO_Z,0.013,BODY_RATE,-0.013
TM,SUN_L,3523,SUN_R,2935,SUN_NDV,0.0910,SUN_ANGLE,42.38
TM,MAG_X,-6.32,MAG_Y,-2.50,MAG_Z,-19.25,MAG_HEADING,201.55
TM,GYRO_X,-1.173,GYRO_Y,-2.170,GYRO_Z,-0.153,BODY_RATE,0.153
TM,ADCS_MODE,MANUAL,ADCS_REFERENCE,SUN,TARGET,0.00,POINTING_ERROR,-42.54,SUN_ERROR,-42.47,MAG_ERROR,157.89,GYRO_Z,-0.153,RW_CMD,0
TM,EST_RAW,42.47,EST_FILTERED,42.47,EST_ANGLE,42.54,EST_FILTER,ON,EST_FILTER_TYPE,MOVING_AVERAGE,EST_MA_WINDOW,1,EST_FILTER_STRENGTH,0.35
TM,EST_FUSION,ON,EST_GYRO_WEIGHT,0.98,EST_VALID,1
TM,SUN_L,3525,SUN_R,2935,SUN_NDV,0.0913,SUN_ANGLE,42.38
TM,MAG_X,-6.24,MAG_Y,-2.42,MAG_Z,-19.38,MAG_HEADING,201.17
TM,GYRO_X,-0.928,GYRO_Y,-2.179,GYRO_Z,-0.206,BODY_RATE,0.206
TM,ADCS_MODE,MANUAL,ADCS_REFERENCE,SUN,TARGET,0.00,POINTING_ERROR,-42.54,SUN_ERROR,-42.36,MAG_ERROR,158.83,GYRO_Z,-0.136,RW_CMD,0
TM,EST_RAW,42.36,EST_FILTERED,42.36,EST_ANGLE,42.54,EST_FILTER,ON,EST_FILTER_TYPE,MOVING_AVERAGE,EST_MA_WINDOW,1,EST_FILTER_STRENGTH,0.35
TM,EST_FUSION,ON,EST_GYRO_WEIGHT,0.98,EST_VALID,1
TM,SUN_L,3526,SUN_R,2935,SUN_NDV,0.0915,SUN_ANGLE,42.47
TM,MAG_X,-6.21,MAG_Y,-2.48,MAG_Z,-19.06,MAG_HEADING,201.78
TM,GYRO_X,-0.980,GYRO_Y,-2.039,GYRO_Z,-0.127,BODY_RATE,0.127
TM,ADCS_MODE,MANUAL,ADCS_REFERENCE,SUN,TARGET,0.00,POINTING_ERROR,-42.55,SUN_ERROR,-42.36,MAG_ERROR,156.94,GYRO_Z,-0.153,RW_CMD,0
TM,EST_RAW,42.36,EST_FILTERED,42.36,EST_ANGLE,42.55,EST_FILTER,ON,EST_FILTER_TYPE,MOVING_AVERAGE,EST_MA_WINDOW,1,EST_FILTER_STRENGTH,0.35
TM,EST_FUSION,ON,EST_GYRO_WEIGHT,0.98,EST_VALID,1
TM,SUN_L,3523,SUN_R,2935,SUN_NDV,0.0910,SUN_ANGLE,42.37
TM,MAG_X,-6.24,MAG_Y,-2.66,MAG_Z,-19.25,MAG_HEADING,203.06
TM,GYRO_X,-1.129,GYRO_Y,-2.196,GYRO_Z,-0.354,BODY_RATE,0.354
TM,ADCS_MODE,MANUAL,ADCS_REFERENCE,SUN,TARGET,0.00,POINTING_ERROR,-42.55,SUN_ERROR,-42.44,MAG_ERROR,157.51,GYRO_Z,-0.267,RW_CMD,0
TM,EST_RAW,42.44,EST_FILTERED,42.44,EST_ANGLE,42.55,EST_FILTER,ON,EST_FILTER_TYPE,MOVING_AVERAGE,EST_MA_WINDOW,1,EST_FILTER_STRENGTH,0.35
TM,EST_FUSION,ON,EST_GYRO_WEIGHT,0.98,EST_VALID,1
TM,SUN_L,3524,SUN_R,2935,SUN_NDV,0.0912,SUN_ANGLE,42.50
TM,MAG_X,-6.27,MAG_Y,-2.56,MAG_Z,-19.38,MAG_HEADING,202.20
TM,GYRO_X,-1.146,GYRO_Y,-2.257,GYRO_Z,0.136,BODY_RATE,-0.136
TM,SUN_L,3525,SUN_R,2936,SUN_NDV,0.0912,SUN_ANGLE,42.47
TM,MAG_X,-6.35,MAG_Y,-2.61,MAG_Z,-19.26,MAG_HEADING,202.32
TM,GYRO_X,-1.067,GYRO_Y,-2.152,GYRO_Z,-0.276,BODY_RATE,0.276
TM,ADCS_MODE,MANUAL,ADCS_REFERENCE,SUN,TARGET,0.00,POINTING_ERROR,-42.56,SUN_ERROR,-42.48,MAG_ERROR,157.68,GYRO_Z,-0.136,RW_CMD,0
TM,EST_RAW,42.48,EST_FILTERED,42.48,EST_ANGLE,42.56,EST_FILTER,ON,EST_FILTER_TYPE,MOVING_AVERAGE,EST_MA_WINDOW,1,EST_FILTER_STRENGTH,0.35
TM,EST_FUSION,ON,EST_GYRO_WEIGHT,0.98,EST_VALID,1
TM,SUN_L,3525,SUN_R,2936,SUN_NDV,0.0912,SUN_ANGLE,42.45
TM,MAG_X,-6.27,MAG_Y,-2.58,MAG_Z,-19.41,MAG_HEADING,202.33
TM,GYRO_X,-1.242,GYRO_Y,-2.039,GYRO_Z,-0.162,BODY_RATE,0.162
TM,ADCS_MODE,MANUAL,ADCS_REFERENCE,SUN,TARGET,0.00,POINTING_ERROR,-42.55,SUN_ERROR,-42.43,MAG_ERROR,157.67,GYRO_Z,-0.066,RW_CMD,0
TM,EST_RAW,42.43,EST_FILTERED,42.43,EST_ANGLE,42.55,EST_FILTER,ON,EST_FILTER_TYPE,MOVING_AVERAGE,EST_MA_WINDOW,1,EST_FILTER_STRENGTH,0.35
TM,EST_FUSION,ON,EST_GYRO_WEIGHT,0.98,EST_VALID,1
TM,SUN_L,3524,SUN_R,2935,SUN_NDV,0.0912,SUN_ANGLE,42.38
TM,MAG_X,-6.27,MAG_Y,-2.62,MAG_Z,-19.44,MAG_HEADING,202.70
TM,GYRO_X,-1.050,GYRO_Y,-2.109,GYRO_Z,-0.346,BODY_RATE,0.346
TM,ADCS_MODE,MANUAL,ADCS_REFERENCE,SUN,TARGET,0.00,POINTING_ERROR,-42.54,SUN_ERROR,-42.36,MAG_ERROR,156.47,GYRO_Z,-0.258,RW_CMD,0
TM,EST_RAW,42.36,EST_FILTERED,42.36,EST_ANGLE,42.54,EST_FILTER,ON,EST_FILTER_TYPE,MOVING_AVERAGE,EST_MA_WINDOW,1,EST_FILTER_STRENGTH,0.35
TM,EST_FUSION,ON,EST_GYRO_WEIGHT,0.98,EST_VALID,1
TM,SUN_L,3526,SUN_R,2935,SUN_NDV,0.0915,SUN_ANGLE,42.41
TM,MAG_X,-6.30,MAG_Y,-2.67,MAG_Z,-19.07,MAG_HEADING,202.97
TM,GYRO_X,-0.998,GYRO_Y,-2.039,GYRO_Z,-0.074,BODY_RATE,0.074
TM,ADCS_MODE,MANUAL,ADCS_REFERENCE,SUN,TARGET,0.00,POINTING_ERROR,-42.53,SUN_ERROR,-42.46,MAG_ERROR,157.46,GYRO_Z,-0.284,RW_CMD,0
TM,EST_RAW,42.46,EST_FILTERED,42.46,EST_ANGLE,42.53,EST_FILTER,ON,EST_FILTER_TYPE,MOVING_AVERAGE,EST_MA_WINDOW,1,EST_FILTER_STRENGTH,0.35
TM,EST_FUSION,ON,EST_GYRO_WEIGHT,0.98,EST_VALID,1
TM,SUN_L,3526,SUN_R,2936,SUN_NDV,0.0913,SUN_ANGLE,42.47
TM,MAG_X,-6.21,MAG_Y,-2.58,MAG_Z,-19.38,MAG_HEADING,202.54
TM,GYRO_X,-1.076,GYRO_Y,-2.336,GYRO_Z,-0.074,BODY_RATE,0.074
TM,SUN_L,3524,SUN_R,2936,SUN_NDV,0.0910,SUN_ANGLE,42.47
TM,MAG_X,-6.30,MAG_Y,-2.58,MAG_Z,-19.31,MAG_HEADING,202.23
TM,GYRO_X,-1.111,GYRO_Y,-2.152,GYRO_Z,-0.092,BODY_RATE,0.092
TM,ADCS_MODE,MANUAL,ADCS_REFERENCE,SUN,TARGET,0.00,POINTING_ERROR,-42.54,SUN_ERROR,-42.47,MAG_ERROR,157.77,GYRO_Z,-0.284,RW_CMD,0
TM,EST_RAW,42.47,EST_FILTERED,42.47,EST_ANGLE,42.54,EST_FILTER,ON,EST_FILTER_TYPE,MOVING_AVERAGE,EST_MA_WINDOW,1,EST_FILTER_STRENGTH,0.35
TM,EST_FUSION,ON,EST_GYRO_WEIGHT,0.98,EST_VALID,1
TM,SUN_L,3525,SUN_R,2935,SUN_NDV,0.0913,SUN_ANGLE,42.37
TM,MAG_X,-6.22,MAG_Y,-2.61,MAG_Z,-19.76,MAG_HEADING,202.73
TM,GYRO_X,-0.971,GYRO_Y,-1.977,GYRO_Z,-0.162,BODY_RATE,0.162
TM,ADCS_MODE,MANUAL,ADCS_REFERENCE,SUN,TARGET,0.00,POINTING_ERROR,-42.53,SUN_ERROR,-42.41,MAG_ERROR,158.17,GYRO_Z,0.101,RW_CMD,0
TM,EST_RAW,42.41,EST_FILTERED,42.41,EST_ANGLE,42.53,EST_FILTER,ON,EST_FILTER_TYPE,MOVING_AVERAGE,EST_MA_WINDOW,1,EST_FILTER_STRENGTH,0.35
TM,EST_FUSION,ON,EST_GYRO_WEIGHT,0.98,EST_VALID,1
TM,SUN_L,3525,SUN_R,2936,SUN_NDV,0.0912,SUN_ANGLE,42.46
TM,MAG_X,-6.29,MAG_Y,-2.56,MAG_Z,-19.26,MAG_HEADING,202.15
TM,GYRO_X,-0.919,GYRO_Y,-2.047,GYRO_Z,-0.039,BODY_RATE,0.039
TM,ADCS_MODE,MANUAL,ADCS_REFERENCE,SUN,TARGET,0.00,POINTING_ERROR,-42.53,SUN_ERROR,-42.47,MAG_ERROR,157.85,GYRO_Z,-0.206,RW_CMD,0
TM,EST_RAW,42.47,EST_FILTERED,42.47,EST_ANGLE,42.53,EST_FILTER,ON,EST_FILTER_TYPE,MOVING_AVERAGE,EST_MA_WINDOW,1,EST_FILTER_STRENGTH,0.35
TM,EST_FUSION,ON,EST_GYRO_WEIGHT,0.98,EST_VALID,1
TM,SUN_L,3525,SUN_R,2936,SUN_NDV,0.0912,SUN_ANGLE,42.47
TM,MAG_X,-6.21,MAG_Y,-2.64,MAG_Z,-19.30,MAG_HEADING,203.04
TM,GYRO_X,-0.928,GYRO_Y,-2.161,GYRO_Z,-0.171,BODY_RATE,0.171
TM,ADCS_MODE,MANUAL,ADCS_REFERENCE,SUN,TARGET,0.00,POINTING_ERROR,-42.55,SUN_ERROR,-42.41,MAG_ERROR,157.05,GYRO_Z,0.022,RW_CMD,0
TM,EST_RAW,42.41,EST_FILTERED,42.41,EST_ANGLE,42.55,EST_FILTER,ON,EST_FILTER_TYPE,MOVING_AVERAGE,EST_MA_WINDOW,1,EST_FILTER_STRENGTH,0.35
TM,EST_FUSION,ON,EST_GYRO_WEIGHT,0.98,EST_VALID,1
TM,SUN_L,3523,SUN_R,2936,SUN_NDV,0.0909,SUN_ANGLE,42.39
TM,MAG_X,-6.16,MAG_Y,-2.61,MAG_Z,-19.18,MAG_HEADING,202.95
TM,GYRO_X,-1.041,GYRO_Y,-2.030,GYRO_Z,-0.066,BODY_RATE,0.066
TM,SUN_L,3525,SUN_R,2936,SUN_NDV,0.0912,SUN_ANGLE,42.32
TM,MAG_X,-6.26,MAG_Y,-2.64,MAG_Z,-19.17,MAG_HEADING,202.88
TM,GYRO_X,-1.487,GYRO_Y,-2.109,GYRO_Z,0.004,BODY_RATE,-0.004
TM,ADCS_MODE,MANUAL,ADCS_REFERENCE,SUN,TARGET,0.00,POINTING_ERROR,-42.55,SUN_ERROR,-42.32,MAG_ERROR,157.12,GYRO_Z,-0.249,RW_CMD,0
TM,EST_RAW,42.32,EST_FILTERED,42.32,EST_ANGLE,42.55,EST_FILTER,ON,EST_FILTER_TYPE,MOVING_AVERAGE,EST_MA_WINDOW,1,EST_FILTER_STRENGTH,0.35
TM,EST_FUSION,ON,EST_GYRO_WEIGHT,0.98,EST_VALID,1
TM,SUN_L,3527,SUN_R,2936,SUN_NDV,0.0914,SUN_ANGLE,42.46
TM,MAG_X,-6.32,MAG_Y,-2.61,MAG_Z,-19.38,MAG_HEADING,202.42
TM,GYRO_X,-1.006,GYRO_Y,-1.916,GYRO_Z,-0.127,BODY_RATE,0.127
TM,ADCS_MODE,MANUAL,ADCS_REFERENCE,SUN,TARGET,0.00,POINTING_ERROR,-42.54,SUN_ERROR,-42.41,MAG_ERROR,157.58,GYRO_Z,0.188,RW_CMD,0
TM,EST_RAW,42.41,EST_FILTERED,42.41,EST_ANGLE,42.54,EST_FILTER,ON,EST_FILTER_TYPE,MOVING_AVERAGE,EST_MA_WINDOW,1,EST_FILTER_STRENGTH,0.35
TM,EST_FUSION,ON,EST_GYRO_WEIGHT,0.98,EST_VALID,1
TM,SUN_L,3526,SUN_R,2935,SUN_NDV,0.0915,SUN_ANGLE,42.42
TM,MAG_X,-6.37,MAG_Y,-2.42,MAG_Z,-19.25,MAG_HEADING,200.78
TM,GYRO_X,-1.059,GYRO_Y,-2.056,GYRO_Z,-0.092,BODY_RATE,0.092
TM,ADCS_MODE,MANUAL,ADCS_REFERENCE,SUN,TARGET,0.00,POINTING_ERROR,-42.55,SUN_ERROR,-42.34,MAG_ERROR,157.33,GYRO_Z,-0.179,RW_CMD,0
TM,EST_RAW,42.34,EST_FILTERED,42.34,EST_ANGLE,42.55,EST_FILTER,ON,EST_FILTER_TYPE,MOVING_AVERAGE,EST_MA_WINDOW,1,EST_FILTER_STRENGTH,0.35
TM,EST_FUSION,ON,EST_GYRO_WEIGHT,0.98,EST_VALID,1
TM,SUN_L,3525,SUN_R,2936,SUN_NDV,0.0912,SUN_ANGLE,42.48
TM,MAG_X,-6.32,MAG_Y,-2.64,MAG_Z,-19.34,MAG_HEADING,202.67
TM,GYRO_X,-0.910,GYRO_Y,-2.345,GYRO_Z,-0.109,BODY_RATE,0.109
TM,ADCS_MODE,MANUAL,ADCS_REFERENCE,SUN,TARGET,0.00,POINTING_ERROR,-42.56,SUN_ERROR,-42.41,MAG_ERROR,156.89,GYRO_Z,-0.267,RW_CMD,0
TM,EST_RAW,42.41,EST_FILTERED,42.41,EST_ANGLE,42.56,EST_FILTER,ON,EST_FILTER_TYPE,MOVING_AVERAGE,EST_MA_WINDOW,1,EST_FILTER_STRENGTH,0.35
TM,EST_FUSION,ON,EST_GYRO_WEIGHT,0.98,EST_VALID,1
TM,SUN_L,3526,SUN_R,2935,SUN_NDV,0.0915,SUN_ANGLE,42.44
TM,MAG_X,-6.29,MAG_Y,-2.69,MAG_Z,-19.26,MAG_HEADING,203.15
TM,GYRO_X,-0.866,GYRO_Y,-2.336,GYRO_Z,-0.354,BODY_RATE,0.354
TM,SUN_L,3524,SUN_R,2935,SUN_NDV,0.0912,SUN_ANGLE,42.40
TM,MAG_X,-6.18,MAG_Y,-2.74,MAG_Z,-19.38,MAG_HEADING,203.89
TM,GYRO_X,-0.998,GYRO_Y,-1.995,GYRO_Z,-0.004,BODY_RATE,0.004
TM,ADCS_MODE,MANUAL,ADCS_REFERENCE,SUN,TARGET,0.00,POINTING_ERROR,-42.56,SUN_ERROR,-42.46,MAG_ERROR,156.11,GYRO_Z,-0.214,RW_CMD,0
TM,EST_RAW,42.46,EST_FILTERED,42.46,EST_ANGLE,42.56,EST_FILTER,ON,EST_FILTER_TYPE,MOVING_AVERAGE,EST_MA_WINDOW,1,EST_FILTER_STRENGTH,0.35
TM,EST_FUSION,ON,EST_GYRO_WEIGHT,0.98,EST_VALID,1
TM,SUN_L,3522,SUN_R,2935,SUN_NDV,0.0909,SUN_ANGLE,42.30
TM,MAG_X,-6.27,MAG_Y,-2.61,MAG_Z,-19.44,MAG_HEADING,202.58
TM,GYRO_X,-0.892,GYRO_Y,-2.249,GYRO_Z,-0.608,BODY_RATE,0.608
TM,ADCS_MODE,MANUAL,ADCS_REFERENCE,SUN,TARGET,0.00,POINTING_ERROR,-42.57,SUN_ERROR,-42.32,MAG_ERROR,157.24,GYRO_Z,-0.416,RW_CMD,0
TM,EST_RAW,42.32,EST_FILTERED,42.32,EST_ANGLE,42.57,EST_FILTER,ON,EST_FILTER_TYPE,MOVING_AVERAGE,EST_MA_WINDOW,1,EST_FILTER_STRENGTH,0.35
TM,EST_FUSION,ON,EST_GYRO_WEIGHT,0.98,EST_VALID,1
TM,SUN_L,3525,SUN_R,2936,SUN_NDV,0.0912,SUN_ANGLE,42.48
TM,MAG_X,-6.26,MAG_Y,-2.62,MAG_Z,-19.28,MAG_HEADING,202.76
TM,GYRO_X,-0.901,GYRO_Y,-2.336,GYRO_Z,0.083,BODY_RATE,-0.083
TM,ADCS_MODE,MANUAL,ADCS_REFERENCE,SUN,TARGET,0.00,POINTING_ERROR,-42.58,SUN_ERROR,-42.47,MAG_ERROR,157.85,GYRO_Z,-0.223,RW_CMD,0
TM,EST_RAW,42.47,EST_FILTERED,42.47,EST_ANGLE,42.58,EST_FILTER,ON,EST_FILTER_TYPE,MOVING_AVERAGE,EST_MA_WINDOW,1,EST_FILTER_STRENGTH,0.35
TM,EST_FUSION,ON,EST_GYRO_WEIGHT,0.98,EST_VALID,1
TM,SUN_L,3524,SUN_R,2935,SUN_NDV,0.0912,SUN_ANGLE,42.42
TM,MAG_X,-6.38,MAG_Y,-2.43,MAG_Z,-19.12,MAG_HEADING,200.85
TM,GYRO_X,-0.962,GYRO_Y,-2.056,GYRO_Z,-0.179,BODY_RATE,0.179
TM,ADCS_MODE,MANUAL,ADCS_REFERENCE,SUN,TARGET,0.00,POINTING_ERROR,-42.58,SUN_ERROR,-42.44,MAG_ERROR,158.37,GYRO_Z,-0.101,RW_CMD,0
TM,EST_RAW,42.44,EST_FILTERED,42.44,EST_ANGLE,42.58,EST_FILTER,ON,EST_FILTER_TYPE,MOVING_AVERAGE,EST_MA_WINDOW,1,EST_FILTER_STRENGTH,0.35
TM,EST_FUSION,ON,EST_GYRO_WEIGHT,0.98,EST_VALID,1
TM,SUN_L,3524,SUN_R,2935,SUN_NDV,0.0912,SUN_ANGLE,42.50
TM,MAG_X,-6.50,MAG_Y,-2.58,MAG_Z,-19.14,MAG_HEADING,201.63
TM,GYRO_X,-1.496,GYRO_Y,-1.759,GYRO_Z,0.039,BODY_RATE,-0.039
TM,SUN_L,3525,SUN_R,2934,SUN_NDV,0.0915,SUN_ANGLE,42.47
TM,MAG_X,-6.19,MAG_Y,-2.62,MAG_Z,-19.20,MAG_HEADING,202.97
TM,GYRO_X,-1.102,GYRO_Y,-2.056,GYRO_Z,0.004,BODY_RATE,-0.004
TM,ADCS_MODE,MANUAL,ADCS_REFERENCE,SUN,TARGET,0.00,POINTING_ERROR,-42.59,SUN_ERROR,-42.40,MAG_ERROR,157.03,GYRO_Z,-0.048,RW_CMD,0
TM,EST_RAW,42.40,EST_FILTERED,42.40,EST_ANGLE,42.59,EST_FILTER,ON,EST_FILTER_TYPE,MOVING_AVERAGE,EST_MA_WINDOW,1,EST_FILTER_STRENGTH,0.35
TM,EST_FUSION,ON,EST_GYRO_WEIGHT,0.98,EST_VALID,1
TM,SUN_L,3526,SUN_R,2934,SUN_NDV,0.0916,SUN_ANGLE,42.49
TM,MAG_X,-6.26,MAG_Y,-2.66,MAG_Z,-19.04,MAG_HEADING,203.00
TM,GYRO_X,-1.129,GYRO_Y,-2.152,GYRO_Z,-0.188,BODY_RATE,0.188
TM,ADCS_MODE,MANUAL,ADCS_REFERENCE,SUN,TARGET,0.00,POINTING_ERROR,-42.60,SUN_ERROR,-42.40,MAG_ERROR,157.00,GYRO_Z,-0.188,RW_CMD,0
TM,EST_RAW,42.40,EST_FILTERED,42.40,EST_ANGLE,42.60,EST_FILTER,ON,EST_FILTER_TYPE,MOVING_AVERAGE,EST_MA_WINDOW,1,EST_FILTER_STRENGTH,0.35
TM,EST_FUSION,ON,EST_GYRO_WEIGHT,0.98,EST_VALID,1
TM,SUN_L,3526,SUN_R,2934,SUN_NDV,0.0916,SUN_ANGLE,42.49
TM,MAG_X,-6.19,MAG_Y,-2.61,MAG_Z,-18.80,MAG_HEADING,202.84
TM,GYRO_X,-1.033,GYRO_Y,-2.100,GYRO_Z,-0.319,BODY_RATE,0.319
TM,ADCS_MODE,MANUAL,ADCS_REFERENCE,SUN,TARGET,0.00,POINTING_ERROR,-42.61,SUN_ERROR,-42.43,MAG_ERROR,157.42,GYRO_Z,-0.311,RW_CMD,0
TM,EST_RAW,42.43,EST_FILTERED,42.43,EST_ANGLE,42.61,EST_FILTER,ON,EST_FILTER_TYPE,MOVING_AVERAGE,EST_MA_WINDOW,1,EST_FILTER_STRENGTH,0.35
TM,EST_FUSION,ON,EST_GYRO_WEIGHT,0.98,EST_VALID,1
TM,SUN_L,3526,SUN_R,2935,SUN_NDV,0.0915,SUN_ANGLE,42.40
TM,MAG_X,-6.27,MAG_Y,-2.61,MAG_Z,-19.22,MAG_HEADING,202.58
TM,GYRO_X,-1.120,GYRO_Y,-2.441,GYRO_Z,0.486,BODY_RATE,-0.486
TM,ADCS_MODE,MANUAL,ADCS_REFERENCE,SUN,TARGET,0.00,POINTING_ERROR,-42.58,SUN_ERROR,-42.47,MAG_ERROR,158.03,GYRO_Z,-0.249,RW_CMD,0
TM,EST_RAW,42.47,EST_FILTERED,42.47,EST_ANGLE,42.58,EST_FILTER,ON,EST_FILTER_TYPE,MOVING_AVERAGE,EST_MA_WINDOW,1,EST_FILTER_STRENGTH,0.35
TM,EST_FUSION,ON,EST_GYRO_WEIGHT,0.98,EST_VALID,1
TM,SUN_L,3525,SUN_R,2935,SUN_NDV,0.0913,SUN_ANGLE,42.45
TM,MAG_X,-6.38,MAG_Y,-2.58,MAG_Z,-18.94,MAG_HEADING,201.97
TM,GYRO_X,-1.085,GYRO_Y,-2.161,GYRO_Z,-0.057,BODY_RATE,0.057
TM,SUN_L,3527,SUN_R,2936,SUN_NDV,0.0914,SUN_ANGLE,42.42
TM,MAG_X,-6.30,MAG_Y,-2.67,MAG_Z,-19.14,MAG_HEADING,202.97
TM,GYRO_X,-1.286,GYRO_Y,-2.257,GYRO_Z,-0.232,BODY_RATE,0.232
TM,ADCS_MODE,MANUAL,ADCS_REFERENCE,SUN,TARGET,0.00,POINTING_ERROR,-42.57,SUN_ERROR,-42.50,MAG_ERROR,157.03,GYRO_Z,0.057,RW_CMD,0
TM,EST_RAW,42.50,EST_FILTERED,42.50,EST_ANGLE,42.57,EST_FILTER,ON,EST_FILTER_TYPE,MOVING_AVERAGE,EST_MA_WINDOW,1,EST_FILTER_STRENGTH,0.35
TM,EST_FUSION,ON,EST_GYRO_WEIGHT,0.98,EST_VALID,1
TM,SUN_L,3524,SUN_R,2935,SUN_NDV,0.0912,SUN_ANGLE,42.40
TM,MAG_X,-6.21,MAG_Y,-2.62,MAG_Z,-19.20,MAG_HEADING,202.91
TM,GYRO_X,-1.207,GYRO_Y,-2.082,GYRO_Z,0.013,BODY_RATE,-0.013
TM,ADCS_MODE,MANUAL,ADCS_REFERENCE,SUN,TARGET,0.00,POINTING_ERROR,-42.56,SUN_ERROR,-42.46,MAG_ERROR,157.09,GYRO_Z,-0.004,RW_CMD,0
TM,EST_RAW,42.46,EST_FILTERED,42.46,EST_ANGLE,42.56,EST_FILTER,ON,EST_FILTER_TYPE,MOVING_AVERAGE,EST_MA_WINDOW,1,EST_FILTER_STRENGTH,0.35
TM,EST_FUSION,ON,EST_GYRO_WEIGHT,0.98,EST_VALID,1
TM,SUN_L,3527,SUN_R,2936,SUN_NDV,0.0914,SUN_ANGLE,42.40
TM,MAG_X,-6.29,MAG_Y,-2.62,MAG_Z,-19.04,MAG_HEADING,202.65
TM,GYRO_X,-1.173,GYRO_Y,-2.179,GYRO_Z,-0.372,BODY_RATE,0.372
TM,ADCS_MODE,MANUAL,ADCS_REFERENCE,SUN,TARGET,0.00,POINTING_ERROR,-42.55,SUN_ERROR,-42.45,MAG_ERROR,157.41,GYRO_Z,-0.083,RW_CMD,0
TM,EST_RAW,42.45,EST_FILTERED,42.45,EST_ANGLE,42.55,EST_FILTER,ON,EST_FILTER_TYPE,MOVING_AVERAGE,EST_MA_WINDOW,1,EST_FILTER_STRENGTH,0.35
TM,EST_FUSION,ON,EST_GYRO_WEIGHT,0.98,EST_VALID,1
TM,SUN_L,3525,SUN_R,2936,SUN_NDV,0.0912,SUN_ANGLE,42.40
TM,MAG_X,-6.75,MAG_Y,-2.75,MAG_Z,-19.09,MAG_HEADING,202.17
TM,GYRO_X,-1.111,GYRO_Y,-1.977,GYRO_Z,-0.144,BODY_RATE,0.144
TM,ADCS_MODE,MANUAL,ADCS_REFERENCE,SUN,TARGET,0.00,POINTING_ERROR,-42.54,SUN_ERROR,-42.43,MAG_ERROR,156.68,GYRO_Z,-0.022,RW_CMD,0
TM,EST_RAW,42.43,EST_FILTERED,42.43,EST_ANGLE,42.54,EST_FILTER,ON,EST_FILTER_TYPE,MOVING_AVERAGE,EST_MA_WINDOW,1,EST_FILTER_STRENGTH,0.35
TM,EST_FUSION,ON,EST_GYRO_WEIGHT,0.98,EST_VALID,1
TM,SUN_L,3523,SUN_R,2938,SUN_NDV,0.0905,SUN_ANGLE,42.40
TM,MAG_X,-6.27,MAG_Y,-2.70,MAG_Z,-19.02,MAG_HEADING,203.32
TM,GYRO_X,-1.067,GYRO_Y,-2.188,GYRO_Z,-0.197,BODY_RATE,0.197
TM,SUN_L,3528,SUN_R,2936,SUN_NDV,0.0916,SUN_ANGLE,42.47
TM,MAG_X,-6.35,MAG_Y,-2.62,MAG_Z,-19.28,MAG_HEADING,202.45
TM,GYRO_X,-1.033,GYRO_Y,-2.144,GYRO_Z,-0.074,BODY_RATE,0.074
TM,ADCS_MODE,MANUAL,ADCS_REFERENCE,SUN,TARGET,0.00,POINTING_ERROR,-42.53,SUN_ERROR,-42.47,MAG_ERROR,157.55,GYRO_Z,0.066,RW_CMD,0
TM,EST_RAW,42.47,EST_FILTERED,42.47,EST_ANGLE,42.53,EST_FILTER,ON,EST_FILTER_TYPE,MOVING_AVERAGE,EST_MA_WINDOW,1,EST_FILTER_STRENGTH,0.35
TM,EST_FUSION,ON,EST_GYRO_WEIGHT,0.98,EST_VALID,1
TM,SUN_L,3527,SUN_R,2936,SUN_NDV,0.0914,SUN_ANGLE,42.41
TM,MAG_X,-6.46,MAG_Y,-2.64,MAG_Z,-19.26,MAG_HEADING,202.22
TM,GYRO_X,-1.085,GYRO_Y,-2.074,GYRO_Z,-0.206,BODY_RATE,0.206
TM,ADCS_MODE,MANUAL,ADCS_REFERENCE,SUN,TARGET,0.00,POINTING_ERROR,-42.55,SUN_ERROR,-42.39,MAG_ERROR,157.26,GYRO_Z,-0.109,RW_CMD,0
TM,EST_RAW,42.39,EST_FILTERED,42.39,EST_ANGLE,42.55,EST_FILTER,ON,EST_FILTER_TYPE,MOVING_AVERAGE,EST_MA_WINDOW,1,EST_FILTER_STRENGTH,0.35
TM,EST_FUSION,ON,EST_GYRO_WEIGHT,0.98,EST_VALID,1
TM,SUN_L,3526,SUN_R,2936,SUN_NDV,0.0913,SUN_ANGLE,42.39
TM,MAG_X,-6.21,MAG_Y,-2.61,MAG_Z,-19.07,MAG_HEADING,202.79
TM,GYRO_X,-1.120,GYRO_Y,-2.170,GYRO_Z,-0.258,BODY_RATE,0.258
TM,ADCS_MODE,MANUAL,ADCS_REFERENCE,SUN,TARGET,0.00,POINTING_ERROR,-42.54,SUN_ERROR,-42.39,MAG_ERROR,157.21,GYRO_Z,-0.136,RW_CMD,0
TM,EST_RAW,42.39,EST_FILTERED,42.39,EST_ANGLE,42.54,EST_FILTER,ON,EST_FILTER_TYPE,MOVING_AVERAGE,EST_MA_WINDOW,1,EST_FILTER_STRENGTH,0.35
TM,EST_FUSION,ON,EST_GYRO_WEIGHT,0.98,EST_VALID,1
TM,SUN_L,3527,SUN_R,2937,SUN_NDV,0.0913,SUN_ANGLE,42.46
TM,MAG_X,-6.38,MAG_Y,-2.46,MAG_Z,-19.04,MAG_HEADING,201.10
TM,GYRO_X,-1.129,GYRO_Y,-2.126,GYRO_Z,-0.083,BODY_RATE,0.083
TM,ADCS_MODE,MANUAL,ADCS_REFERENCE,SUN,TARGET,0.00,POINTING_ERROR,-42.56,SUN_ERROR,-42.47,MAG_ERROR,157.36,GYRO_Z,-0.206,RW_CMD,0
TM,EST_RAW,42.47,EST_FILTERED,42.47,EST_ANGLE,42.56,EST_FILTER,ON,EST_FILTER_TYPE,MOVING_AVERAGE,EST_MA_WINDOW,1,EST_FILTER_STRENGTH,0.35
TM,EST_FUSION,ON,EST_GYRO_WEIGHT,0.98,EST_VALID,1
TM,SUN_L,3526,SUN_R,2936,SUN_NDV,0.0913,SUN_ANGLE,42.39
TM,MAG_X,-6.37,MAG_Y,-2.66,MAG_Z,-19.02,MAG_HEADING,202.64
TM,GYRO_X,-0.954,GYRO_Y,-2.389,GYRO_Z,0.083,BODY_RATE,-0.083
TM,SUN_L,3527,SUN_R,2936,SUN_NDV,0.0914,SUN_ANGLE,42.39
TM,MAG_X,-6.48,MAG_Y,-2.56,MAG_Z,-19.20,MAG_HEADING,201.56
TM,GYRO_X,-1.085,GYRO_Y,-2.152,GYRO_Z,-0.144,BODY_RATE,0.144
TM,ADCS_MODE,MANUAL,ADCS_REFERENCE,SUN,TARGET,0.00,POINTING_ERROR,-42.55,SUN_ERROR,-42.44,MAG_ERROR,157.28,GYRO_Z,0.101,RW_CMD,0
TM,EST_RAW,42.44,EST_FILTERED,42.44,EST_ANGLE,42.55,EST_FILTER,ON,EST_FILTER_TYPE,MOVING_AVERAGE,EST_MA_WINDOW,1,EST_FILTER_STRENGTH,0.35
TM,EST_FUSION,ON,EST_GYRO_WEIGHT,0.98,EST_VALID,1
TM,SUN_L,3524,SUN_R,2935,SUN_NDV,0.0912,SUN_ANGLE,42.46
TM,MAG_X,-6.24,MAG_Y,-2.62,MAG_Z,-19.26,MAG_HEADING,202.81
TM,GYRO_X,-1.102,GYRO_Y,-2.109,GYRO_Z,-0.074,BODY_RATE,0.074
TM,ADCS_MODE,MANUAL,ADCS_REFERENCE,SUN,TARGET,0.00,POINTING_ERROR,-42.54,SUN_ERROR,-42.32,MAG_ERROR,157.19,GYRO_Z,-0.022,RW_CMD,0
TM,EST_RAW,42.32,EST_FILTERED,42.32,EST_ANGLE,42.54,EST_FILTER,ON,EST_FILTER_TYPE,MOVING_AVERAGE,EST_MA_WINDOW,1,EST_FILTER_STRENGTH,0.35
TM,EST_FUSION,ON,EST_GYRO_WEIGHT,0.98,EST_VALID,1
TM,SUN_L,3525,SUN_R,2936,SUN_NDV,0.0912,SUN_ANGLE,42.45
TM,MAG_X,-6.42,MAG_Y,-2.54,MAG_Z,-18.98,MAG_HEADING,201.63
TM,GYRO_X,-1.067,GYRO_Y,-2.231,GYRO_Z,-0.162,BODY_RATE,0.162
TM,ADCS_MODE,MANUAL,ADCS_REFERENCE,SUN,TARGET,0.00,POINTING_ERROR,-42.55,SUN_ERROR,-42.48,MAG_ERROR,158.40,GYRO_Z,-0.013,RW_CMD,0
TM,EST_RAW,42.48,EST_FILTERED,42.48,EST_ANGLE,42.55,EST_FILTER,ON,EST_FILTER_TYPE,MOVING_AVERAGE,EST_MA_WINDOW,1,EST_FILTER_STRENGTH,0.35
TM,EST_FUSION,ON,EST_GYRO_WEIGHT,0.98,EST_VALID,1
TM,SUN_L,3525,SUN_R,2935,SUN_NDV,0.0913,SUN_ANGLE,42.38
TM,MAG_X,-6.30,MAG_Y,-2.50,MAG_Z,-19.26,MAG_HEADING,201.60
TM,GYRO_X,-0.971,GYRO_Y,-1.986,GYRO_Z,0.066,BODY_RATE,-0.066
TM,ADCS_MODE,MANUAL,ADCS_REFERENCE,SUN,TARGET,0.00,POINTING_ERROR,-42.55,SUN_ERROR,-42.46,MAG_ERROR,158.42,GYRO_Z,-0.118,RW_CMD,0
TM,EST_RAW,42.46,EST_FILTERED,42.46,EST_ANGLE,42.55,EST_FILTER,ON,EST_FILTER_TYPE,MOVING_AVERAGE,EST_MA_WINDOW,1,EST_FILTER_STRENGTH,0.35
TM,EST_FUSION,ON,EST_GYRO_WEIGHT,0.98,EST_VALID,1
TM,SUN_L,3524,SUN_R,2935,SUN_NDV,0.0912,SUN_ANGLE,42.39
TM,MAG_X,-6.37,MAG_Y,-2.58,MAG_Z,-19.33,MAG_HEADING,202.02
TM,GYRO_X,-0.866,GYRO_Y,-2.362,GYRO_Z,-0.118,BODY_RATE,0.118
TM,SUN_L,3524,SUN_R,2936,SUN_NDV,0.0910,SUN_ANGLE,42.45
TM,MAG_X,-6.38,MAG_Y,-2.66,MAG_Z,-19.36,MAG_HEADING,202.59
TM,GYRO_X,-1.225,GYRO_Y,-1.995,GYRO_Z,-0.013,BODY_RATE,0.013
TM,ADCS_MODE,MANUAL,ADCS_REFERENCE,SUN,TARGET,0.00,POINTING_ERROR,-42.54,SUN_ERROR,-42.43,MAG_ERROR,157.41,GYRO_Z,0.039,RW_CMD,0
TM,EST_RAW,42.43,EST_FILTERED,42.43,EST_ANGLE,42.54,EST_FILTER,ON,EST_FILTER_TYPE,MOVING_AVERAGE,EST_MA_WINDOW,1,EST_FILTER_STRENGTH,0.35
TM,EST_FUSION,ON,EST_GYRO_WEIGHT,0.98,EST_VALID,1
TM,SUN_L,3527,SUN_R,2936,SUN_NDV,0.0914,SUN_ANGLE,42.41
TM,MAG_X,-6.50,MAG_Y,-2.62,MAG_Z,-19.38,MAG_HEADING,202.00
TM,GYRO_X,-1.015,GYRO_Y,-2.380,GYRO_Z,-0.083,BODY_RATE,0.083
TM,ADCS_MODE,MANUAL,ADCS_REFERENCE,SUN,TARGET,0.00,POINTING_ERROR,-42.53,SUN_ERROR,-42.48,MAG_ERROR,158.00,GYRO_Z,-0.293,RW_CMD,0
TM,EST_RAW,42.48,EST_FILTERED,42.48,EST_ANGLE,42.53,EST_FILTER,ON,EST_FILTER_TYPE,MOVING_AVERAGE,EST_MA_WINDOW,1,EST_FILTER_STRENGTH,0.35
TM,EST_FUSION,ON,EST_GYRO_WEIGHT,0.98,EST_VALID,1
TM,SUN_L,3525,SUN_R,2936,SUN_NDV,0.0912,SUN_ANGLE,42.43
TM,MAG_X,-6.43,MAG_Y,-2.59,MAG_Z,-19.30,MAG_HEADING,201.95
TM,GYRO_X,-1.094,GYRO_Y,-2.188,GYRO_Z,-0.136,BODY_RATE,0.136
TM,ADCS_MODE,MANUAL,ADCS_REFERENCE,SUN,TARGET,0.00,POINTING_ERROR,-42.55,SUN_ERROR,-42.46,MAG_ERROR,159.38,GYRO_Z,-0.013,RW_CMD,0
TM,EST_RAW,42.46,EST_FILTERED,42.46,EST_ANGLE,42.55,EST_FILTER,ON,EST_FILTER_TYPE,MOVING_AVERAGE,EST_MA_WINDOW,1,EST_FILTER_STRENGTH,0.35
TM,EST_FUSION,ON,EST_GYRO_WEIGHT,0.98,EST_VALID,1
TM,SUN_L,3523,SUN_R,2936,SUN_NDV,0.0909,SUN_ANGLE,42.41
TM,MAG_X,-6.27,MAG_Y,-2.46,MAG_Z,-19.31,MAG_HEADING,201.45
TM,GYRO_X,-0.980,GYRO_Y,-2.537,GYRO_Z,0.153,BODY_RATE,-0.153
TM,ADCS_MODE,MANUAL,ADCS_REFERENCE,SUN,TARGET,0.00,POINTING_ERROR,-42.54,SUN_ERROR,-42.39,MAG_ERROR,158.47,GYRO_Z,-0.136,RW_CMD,0
TM,EST_RAW,42.39,EST_FILTERED,42.39,EST_ANGLE,42.54,EST_FILTER,ON,EST_FILTER_TYPE,MOVING_AVERAGE,EST_MA_WINDOW,1,EST_FILTER_STRENGTH,0.35
TM,EST_FUSION,ON,EST_GYRO_WEIGHT,0.98,EST_VALID,1
TM,SUN_L,3525,SUN_R,2936,SUN_NDV,0.0912,SUN_ANGLE,42.42
TM,MAG_X,-6.53,MAG_Y,-2.58,MAG_Z,-19.25,MAG_HEADING,201.53
TM,GYRO_X,-0.910,GYRO_Y,-2.371,GYRO_Z,-0.223,BODY_RATE,0.223
TM,SUN_L,3527,SUN_R,2936,SUN_NDV,0.0914,SUN_ANGLE,42.44
TM,MAG_X,-6.43,MAG_Y,-2.53,MAG_Z,-19.42,MAG_HEADING,201.46
TM,GYRO_X,-0.998,GYRO_Y,-2.179,GYRO_Z,-0.188,BODY_RATE,0.188
TM,ADCS_MODE,MANUAL,ADCS_REFERENCE,SUN,TARGET,0.00,POINTING_ERROR,-42.53,SUN_ERROR,-42.44,MAG_ERROR,158.54,GYRO_Z,0.092,RW_CMD,0
TM,EST_RAW,42.44,EST_FILTERED,42.44,EST_ANGLE,42.53,EST_FILTER,ON,EST_FILTER_TYPE,MOVING_AVERAGE,EST_MA_WINDOW,1,EST_FILTER_STRENGTH,0.35
TM,EST_FUSION,ON,EST_GYRO_WEIGHT,0.98,EST_VALID,1
TM,SUN_L,3525,SUN_R,2936,SUN_NDV,0.0912,SUN_ANGLE,42.45
TM,MAG_X,-6.43,MAG_Y,-2.46,MAG_Z,-19.41,MAG_HEADING,200.96
TM,GYRO_X,-1.216,GYRO_Y,-2.004,GYRO_Z,-0.258,BODY_RATE,0.258
TM,ADCS_MODE,MANUAL,ADCS_REFERENCE,SUN,TARGET,0.00,POINTING_ERROR,-42.53,SUN_ERROR,-42.44,MAG_ERROR,158.93,GYRO_Z,-0.109,RW_CMD,0
TM,EST_RAW,42.44,EST_FILTERED,42.44,EST_ANGLE,42.53,EST_FILTER,ON,EST_FILTER_TYPE,MOVING_AVERAGE,EST_MA_WINDOW,1,EST_FILTER_STRENGTH,0.35
TM,EST_FUSION,ON,EST_GYRO_WEIGHT,0.98,EST_VALID,1
TM,SUN_L,3526,SUN_R,2935,SUN_NDV,0.0915,SUN_ANGLE,42.35
TM,MAG_X,-6.53,MAG_Y,-2.58,MAG_Z,-19.31,MAG_HEADING,201.53
TM,GYRO_X,-1.050,GYRO_Y,-2.223,GYRO_Z,-0.101,BODY_RATE,0.101
TM,ADCS_MODE,MANUAL,ADCS_REFERENCE,SUN,TARGET,0.00,POINTING_ERROR,-42.54,SUN_ERROR,-42.42,MAG_ERROR,158.47,GYRO_Z,-0.127,RW_CMD,0
TM,EST_RAW,42.42,EST_FILTERED,42.42,EST_ANGLE,42.54,EST_FILTER,ON,EST_FILTER_TYPE,MOVING_AVERAGE,EST_MA_WINDOW,1,EST_FILTER_STRENGTH,0.35
TM,EST_FUSION,ON,EST_GYRO_WEIGHT,0.98,EST_VALID,1
TM,SUN_L,3526,SUN_R,2936,SUN_NDV,0.0913,SUN_ANGLE,42.45
TM,MAG_X,-6.38,MAG_Y,-2.43,MAG_Z,-19.28,MAG_HEADING,200.85
TM,GYRO_X,-0.892,GYRO_Y,-2.214,GYRO_Z,-0.328,BODY_RATE,0.328
TM,ADCS_MODE,MANUAL,ADCS_REFERENCE,SUN,TARGET,0.00,POINTING_ERROR,-42.54,SUN_ERROR,-42.35,MAG_ERROR,158.22,GYRO_Z,-0.066,RW_CMD,0
TM,EST_RAW,42.35,EST_FILTERED,42.35,EST_ANGLE,42.54,EST_FILTER,ON,EST_FILTER_TYPE,MOVING_AVERAGE,EST_MA_WINDOW,1,EST_FILTER_STRENGTH,0.35
TM,EST_FUSION,ON,EST_GYRO_WEIGHT,0.98,EST_VALID,1
TM,SUN_L,3525,SUN_R,2936,SUN_NDV,0.0912,SUN_ANGLE,42.37
TM,MAG_X,-6.45,MAG_Y,-2.58,MAG_Z,-19.26,MAG_HEADING,201.78
TM,GYRO_X,-1.111,GYRO_Y,-2.082,GYRO_Z,-0.101,BODY_RATE,0.101
TM,SUN_L,3525,SUN_R,2935,SUN_NDV,0.0913,SUN_ANGLE,42.40
TM,MAG_X,-6.51,MAG_Y,-2.50,MAG_Z,-19.33,MAG_HEADING,200.97
TM,GYRO_X,-1.164,GYRO_Y,-2.030,GYRO_Z,-0.162,BODY_RATE,0.162
TM,ADCS_MODE,MANUAL,ADCS_REFERENCE,SUN,TARGET,0.00,POINTING_ERROR,-42.55,SUN_ERROR,-42.40,MAG_ERROR,159.03,GYRO_Z,-0.197,RW_CMD,0
TM,EST_RAW,42.40,EST_FILTERED,42.40,EST_ANGLE,42.55,EST_FILTER,ON,EST_FILTER_TYPE,MOVING_AVERAGE,EST_MA_WINDOW,1,EST_FILTER_STRENGTH,0.35
TM,EST_FUSION,ON,EST_GYRO_WEIGHT,0.98,EST_VALID,1
TM,SUN_L,3525,SUN_R,2936,SUN_NDV,0.0912,SUN_ANGLE,42.45
TM,MAG_X,-6.43,MAG_Y,-2.48,MAG_Z,-19.36,MAG_HEADING,201.09
TM,GYRO_X,-0.971,GYRO_Y,-2.082,GYRO_Z,-0.197,BODY_RATE,0.197
TM,ADCS_MODE,MANUAL,ADCS_REFERENCE,SUN,TARGET,0.00,POINTING_ERROR,-42.56,SUN_ERROR,-42.34,MAG_ERROR,158.91,GYRO_Z,-0.302,RW_CMD,0
TM,EST_RAW,42.34,EST_FILTERED,42.34,EST_ANGLE,42.56,EST_FILTER,ON,EST_FILTER_TYPE,MOVING_AVERAGE,EST_MA_WINDOW,1,EST_FILTER_STRENGTH,0.35
TM,EST_FUSION,ON,EST_GYRO_WEIGHT,0.98,EST_VALID,1
TM,SUN_L,3524,SUN_R,2936,SUN_NDV,0.0910,SUN_ANGLE,42.41
TM,MAG_X,-6.70,MAG_Y,-2.56,MAG_Z,-19.36,MAG_HEADING,200.90
TM,GYRO_X,-0.718,GYRO_Y,-2.511,GYRO_Z,0.074,BODY_RATE,-0.074
TM,ADCS_MODE,MANUAL,ADCS_REFERENCE,SUN,TARGET,0.00,POINTING_ERROR,-42.55,SUN_ERROR,-42.43,MAG_ERROR,158.20,GYRO_Z,-0.109,RW_CMD,0
TM,EST_RAW,42.43,EST_FILTERED,42.43,EST_ANGLE,42.55,EST_FILTER,ON,EST_FILTER_TYPE,MOVING_AVERAGE,EST_MA_WINDOW,1,EST_FILTER_STRENGTH,0.35
TM,EST_FUSION,ON,EST_GYRO_WEIGHT,0.98,EST_VALID,1
TM,SUN_L,3525,SUN_R,2936,SUN_NDV,0.0912,SUN_ANGLE,42.40
TM,MAG_X,-6.40,MAG_Y,-2.56,MAG_Z,-19.36,MAG_HEADING,201.80
TM,GYRO_X,-1.015,GYRO_Y,-2.293,GYRO_Z,-0.346,BODY_RATE,0.346
TM,ADCS_MODE,MANUAL,ADCS_REFERENCE,SUN,TARGET,0.00,POINTING_ERROR,-42.56,SUN_ERROR,-42.47,MAG_ERROR,158.37,GYRO_Z,-0.153,RW_CMD,0
TM,EST_RAW,42.47,EST_FILTERED,42.47,EST_ANGLE,42.56,EST_FILTER,ON,EST_FILTER_TYPE,MOVING_AVERAGE,EST_MA_WINDOW,1,EST_FILTER_STRENGTH,0.35
TM,EST_FUSION,ON,EST_GYRO_WEIGHT,0.98,EST_VALID,1
TM,SUN_L,3527,SUN_R,2936,SUN_NDV,0.0914,SUN_ANGLE,42.43
TM,MAG_X,-6.53,MAG_Y,-2.48,MAG_Z,-19.33,MAG_HEADING,200.80
TM,GYRO_X,-0.892,GYRO_Y,-2.223,GYRO_Z,-0.197,BODY_RATE,0.197
TM,SUN_L,3526,SUN_R,2936,SUN_NDV,0.0913,SUN_ANGLE,42.44
TM,MAG_X,-6.48,MAG_Y,-2.42,MAG_Z,-19.39,MAG_HEADING,200.45
TM,GYRO_X,-1.024,GYRO_Y,-2.266,GYRO_Z,-0.223,BODY_RATE,0.223
TM,ADCS_MODE,MANUAL,ADCS_REFERENCE,SUN,TARGET,0.00,POINTING_ERROR,-42.57,SUN_ERROR,-42.46,MAG_ERROR,159.55,GYRO_Z,-0.144,RW_CMD,0
TM,EST_RAW,42.46,EST_FILTERED,42.46,EST_ANGLE,42.57,EST_FILTER,ON,EST_FILTER_TYPE,MOVING_AVERAGE,EST_MA_WINDOW,1,EST_FILTER_STRENGTH,0.35
TM,EST_FUSION,ON,EST_GYRO_WEIGHT,0.98,EST_VALID,1
TM,SUN_L,3527,SUN_R,2936,SUN_NDV,0.0914,SUN_ANGLE,42.46
TM,MAG_X,-6.54,MAG_Y,-2.59,MAG_Z,-19.41,MAG_HEADING,201.61
TM,GYRO_X,-1.041,GYRO_Y,-1.969,GYRO_Z,-0.214,BODY_RATE,0.214
TM,ADCS_MODE,MANUAL,ADCS_REFERENCE,SUN,TARGET,0.00,POINTING_ERROR,-42.59,SUN_ERROR,-42.45,MAG_ERROR,158.37,GYRO_Z,0.031,RW_CMD,0
TM,EST_RAW,42.45,EST_FILTERED,42.45,EST_ANGLE,42.59,EST_FILTER,ON,EST_FILTER_TYPE,MOVING_AVERAGE,EST_MA_WINDOW,1,EST_FILTER_STRENGTH,0.35
TM,EST_FUSION,ON,EST_GYRO_WEIGHT,0.98,EST_VALID,1
TM,SUN_L,3526,SUN_R,2936,SUN_NDV,0.0913,SUN_ANGLE,42.42
TM,MAG_X,-6.42,MAG_Y,-2.54,MAG_Z,-19.58,MAG_HEADING,201.63
TM,GYRO_X,-0.901,GYRO_Y,-2.424,GYRO_Z,-0.136,BODY_RATE,0.136
TM,ADCS_MODE,MANUAL,ADCS_REFERENCE,SUN,TARGET,0.00,POINTING_ERROR,-42.59,SUN_ERROR,-42.42,MAG_ERROR,159.22,GYRO_Z,-0.153,RW_CMD,0
TM,EST_RAW,42.42,EST_FILTERED,42.42,EST_ANGLE,42.59,EST_FILTER,ON,EST_FILTER_TYPE,MOVING_AVERAGE,EST_MA_WINDOW,1,EST_FILTER_STRENGTH,0.35
TM,EST_FUSION,ON,EST_GYRO_WEIGHT,0.98,EST_VALID,1
TM,SUN_L,3526,SUN_R,2936,SUN_NDV,0.0913,SUN_ANGLE,42.45
TM,MAG_X,-6.56,MAG_Y,-2.53,MAG_Z,-19.28,MAG_HEADING,201.07
TM,GYRO_X,-0.954,GYRO_Y,-2.380,GYRO_Z,0.022,BODY_RATE,-0.022
TM,ADCS_MODE,MANUAL,ADCS_REFERENCE,SUN,TARGET,0.00,POINTING_ERROR,-42.59,SUN_ERROR,-42.48,MAG_ERROR,159.33,GYRO_Z,-0.311,RW_CMD,0
TM,EST_RAW,42.48,EST_FILTERED,42.48,EST_ANGLE,42.59,EST_FILTER,ON,EST_FILTER_TYPE,MOVING_AVERAGE,EST_MA_WINDOW,1,EST_FILTER_STRENGTH,0.35
TM,EST_FUSION,ON,EST_GYRO_WEIGHT,0.98,EST_VALID,1
TM,SUN_L,3526,SUN_R,2937,SUN_NDV,0.0911,SUN_ANGLE,42.48
TM,MAG_X,-6.45,MAG_Y,-2.43,MAG_Z,-19.06,MAG_HEADING,200.67
TM,GYRO_X,-1.199,GYRO_Y,-2.118,GYRO_Z,-0.144,BODY_RATE,0.144
TM,SUN_L,3526,SUN_R,2937,SUN_NDV,0.0911,SUN_ANGLE,42.48
TM,MAG_X,-6.56,MAG_Y,-2.58,MAG_Z,-19.38,MAG_HEADING,201.44
TM,GYRO_X,-1.033,GYRO_Y,-2.240,GYRO_Z,-0.328,BODY_RATE,0.328
TM,ADCS_MODE,MANUAL,ADCS_REFERENCE,SUN,TARGET,0.00,POINTING_ERROR,-42.60,SUN_ERROR,-42.44,MAG_ERROR,158.56,GYRO_Z,-0.214,RW_CMD,0
TM,EST_RAW,42.44,EST_FILTERED,42.44,EST_ANGLE,42.60,EST_FILTER,ON,EST_FILTER_TYPE,MOVING_AVERAGE,EST_MA_WINDOW,1,EST_FILTER_STRENGTH,0.35
TM,EST_FUSION,ON,EST_GYRO_WEIGHT,0.98,EST_VALID,1
TM,SUN_L,3524,SUN_R,2936,SUN_NDV,0.0910,SUN_ANGLE,42.38
TM,MAG_X,-6.54,MAG_Y,-2.50,MAG_Z,-19.25,MAG_HEADING,200.88
TM,GYRO_X,-0.971,GYRO_Y,-2.170,GYRO_Z,-0.074,BODY_RATE,0.074
TM,ADCS_MODE,MANUAL,ADCS_REFERENCE,SUN,TARGET,0.00,POINTING_ERROR,-42.58,SUN_ERROR,-42.43,MAG_ERROR,159.12,GYRO_Z,-0.223,RW_CMD,0
TM,EST_RAW,42.43,EST_FILTERED,42.43,EST_ANGLE,42.58,EST_FILTER,ON,EST_FILTER_TYPE,MOVING_AVERAGE,EST_MA_WINDOW,1,EST_FILTER_STRENGTH,0.35
TM,EST_FUSION,ON,EST_GYRO_WEIGHT,0.98,EST_VALID,1
TM,SUN_L,3526,SUN_R,2936,SUN_NDV,0.0913,SUN_ANGLE,42.42
TM,MAG_X,-6.58,MAG_Y,-2.66,MAG_Z,-19.12,MAG_HEADING,201.99
TM,GYRO_X,-1.278,GYRO_Y,-2.354,GYRO_Z,-0.328,BODY_RATE,0.328
TM,ADCS_MODE,MANUAL,ADCS_REFERENCE,SUN,TARGET,0.00,POINTING_ERROR,-42.59,SUN_ERROR,-42.47,MAG_ERROR,159.12,GYRO_Z,-0.022,RW_CMD,0
TM,EST_RAW,42.47,EST_FILTERED,42.47,EST_ANGLE,42.59,EST_FILTER,ON,EST_FILTER_TYPE,MOVING_AVERAGE,EST_MA_WINDOW,1,EST_FILTER_STRENGTH,0.35
TM,EST_FUSION,ON,EST_GYRO_WEIGHT,0.98,EST_VALID,1
TM,SUN_L,3526,SUN_R,2936,SUN_NDV,0.0913,SUN_ANGLE,42.42
TM,MAG_X,-6.54,MAG_Y,-2.50,MAG_Z,-19.28,MAG_HEADING,200.88
TM,GYRO_X,-1.059,GYRO_Y,-2.074,GYRO_Z,-0.311,BODY_RATE,0.311
TM,ADCS_MODE,MANUAL,ADCS_REFERENCE,SUN,TARGET,0.00,POINTING_ERROR,-42.58,SUN_ERROR,-42.43,MAG_ERROR,158.62,GYRO_Z,0.022,RW_CMD,0
TM,EST_RAW,42.43,EST_FILTERED,42.43,EST_ANGLE,42.58,EST_FILTER,ON,EST_FILTER_TYPE,MOVING_AVERAGE,EST_MA_WINDOW,1,EST_FILTER_STRENGTH,0.35
TM,EST_FUSION,ON,EST_GYRO_WEIGHT,0.98,EST_VALID,1
TM,SUN_L,3525,SUN_R,2936,SUN_NDV,0.0912,SUN_ANGLE,42.46
TM,MAG_X,-6.34,MAG_Y,-2.48,MAG_Z,-19.26,MAG_HEADING,201.38
TM,GYRO_X,-0.962,GYRO_Y,-2.074,GYRO_Z,-0.179,BODY_RATE,0.179
TM,SUN_L,3526,SUN_R,2936,SUN_NDV,0.0913,SUN_ANGLE,42.48
TM,MAG_X,-6.48,MAG_Y,-2.58,MAG_Z,-19.31,MAG_HEADING,201.68
TM,GYRO_X,-0.980,GYRO_Y,-2.188,GYRO_Z,0.004,BODY_RATE,-0.004
TM,ADCS_MODE,MANUAL,ADCS_REFERENCE,SUN,TARGET,0.00,POINTING_ERROR,-42.58,SUN_ERROR,-42.48,MAG_ERROR,158.32,GYRO_Z,-0.092,RW_CMD,0
TM,EST_RAW,42.48,EST_FILTERED,42.48,EST_ANGLE,42.58,EST_FILTER,ON,EST_FILTER_TYPE,MOVING_AVERAGE,EST_MA_WINDOW,1,EST_FILTER_STRENGTH,0.35
TM,EST_FUSION,ON,EST_GYRO_WEIGHT,0.98,EST_VALID,1
TM,SUN_L,3527,SUN_R,2936,SUN_NDV,0.0914,SUN_ANGLE,42.48
TM,MAG_X,-6.58,MAG_Y,-2.53,MAG_Z,-19.18,MAG_HEADING,201.03
TM,GYRO_X,-1.286,GYRO_Y,-2.196,GYRO_Z,-0.302,BODY_RATE,0.302
TM,ADCS_MODE,MANUAL,ADCS_REFERENCE,SUN,TARGET,0.00,POINTING_ERROR,-42.59,SUN_ERROR,-42.44,MAG_ERROR,158.97,GYRO_Z,-0.101,RW_CMD,0
TM,EST_RAW,42.44,EST_FILTERED,42.44,EST_ANGLE,42.59,EST_FILTER,ON,EST_FILTER_TYPE,MOVING_AVERAGE,EST_MA_WINDOW,1,EST_FILTER_STRENGTH,0.35
TM,EST_FUSION,ON,EST_GYRO_WEIGHT,0.98,EST_VALID,1
TM,SUN_L,3527,SUN_R,2936,SUN_NDV,0.0914,SUN_ANGLE,42.42
TM,MAG_X,-6.50,MAG_Y,-2.46,MAG_Z,-19.49,MAG_HEADING,200.77
TM,GYRO_X,-1.234,GYRO_Y,-2.223,GYRO_Z,-0.048,BODY_RATE,0.048
TM,ADCS_MODE,MANUAL,ADCS_REFERENCE,SUN,TARGET,0.00,POINTING_ERROR,-42.58,SUN_ERROR,-42.46,MAG_ERROR,158.74,GYRO_Z,-0.039,RW_CMD,0
TM,EST_RAW,42.46,EST_FILTERED,42.46,EST_ANGLE,42.58,EST_FILTER,ON,EST_FILTER_TYPE,MOVING_AVERAGE,EST_MA_WINDOW,1,EST_FILTER_STRENGTH,0.35
TM,EST_FUSION,ON,EST_GYRO_WEIGHT,0.98,EST_VALID,1
TM,SUN_L,3528,SUN_R,2937,SUN_NDV,0.0914,SUN_ANGLE,42.46
TM,MAG_X,-6.50,MAG_Y,-2.34,MAG_Z,-19.12,MAG_HEADING,199.78
TM,GYRO_X,-1.120,GYRO_Y,-1.977,GYRO_Z,0.118,BODY_RATE,-0.118
TM,ADCS_MODE,MANUAL,ADCS_REFERENCE,SUN,TARGET,0.00,POINTING_ERROR,-42.56,SUN_ERROR,-42.47,MAG_ERROR,160.13,GYRO_Z,0.118,RW_CMD,0
TM,EST_RAW,42.47,EST_FILTERED,42.47,EST_ANGLE,42.56,EST_FILTER,ON,EST_FILTER_TYPE,MOVING_AVERAGE,EST_MA_WINDOW,1,EST_FILTER_STRENGTH,0.35
TM,EST_FUSION,ON,EST_GYRO_WEIGHT,0.98,EST_VALID,1
TM,SUN_L,3527,SUN_R,2937,SUN_NDV,0.0913,SUN_ANGLE,42.47
TM,MAG_X,-6.48,MAG_Y,-2.56,MAG_Z,-19.01,MAG_HEADING,201.56
TM,GYRO_X,-0.954,GYRO_Y,-2.223,GYRO_Z,-0.197,BODY_RATE,0.197
TM,SUN_L,3527,SUN_R,2937,SUN_NDV,0.0913,SUN_ANGLE,42.47
TM,MAG_X,-6.54,MAG_Y,-2.61,MAG_Z,-19.25,MAG_HEADING,201.73
TM,GYRO_X,-0.910,GYRO_Y,-2.170,GYRO_Z,-0.136,BODY_RATE,0.136
TM,ADCS_MODE,MANUAL,ADCS_REFERENCE,SUN,TARGET,0.00,POINTING_ERROR,-42.58,SUN_ERROR,-42.47,MAG_ERROR,158.27,GYRO_Z,-0.118,RW_CMD,0
TM,EST_RAW,42.47,EST_FILTERED,42.47,EST_ANGLE,42.58,EST_FILTER,ON,EST_FILTER_TYPE,MOVING_AVERAGE,EST_MA_WINDOW,1,EST_FILTER_STRENGTH,0.35
TM,EST_FUSION,ON,EST_GYRO_WEIGHT,0.98,EST_VALID,1
TM,SUN_L,3526,SUN_R,2937,SUN_NDV,0.0911,SUN_ANGLE,42.46
TM,MAG_X,-6.34,MAG_Y,-2.51,MAG_Z,-19.23,MAG_HEADING,201.63
TM,GYRO_X,-1.286,GYRO_Y,-2.144,GYRO_Z,-0.171,BODY_RATE,0.171
TM,ADCS_MODE,MANUAL,ADCS_REFERENCE,SUN,TARGET,0.00,POINTING_ERROR,-42.58,SUN_ERROR,-42.50,MAG_ERROR,158.62,GYRO_Z,-0.109,RW_CMD,0
TM,EST_RAW,42.50,EST_FILTERED,42.50,EST_ANGLE,42.58,EST_FILTER,ON,EST_FILTER_TYPE,MOVING_AVERAGE,EST_MA_WINDOW,1,EST_FILTER_STRENGTH,0.35
TM,EST_FUSION,ON,EST_GYRO_WEIGHT,0.98,EST_VALID,1
TM,SUN_L,3527,SUN_R,2937,SUN_NDV,0.0913,SUN_ANGLE,42.46
TM,MAG_X,-6.32,MAG_Y,-2.53,MAG_Z,-19.22,MAG_HEADING,201.80
TM,GYRO_X,-1.024,GYRO_Y,-2.389,GYRO_Z,0.171,BODY_RATE,-0.171
TM,ADCS_MODE,MANUAL,ADCS_REFERENCE,SUN,TARGET,0.00,POINTING_ERROR,-42.57,SUN_ERROR,-42.43,MAG_ERROR,158.20,GYRO_Z,-0.127,RW_CMD,0
TM,EST_RAW,42.43,EST_FILTERED,42.43,EST_ANGLE,42.57,EST_FILTER,ON,EST_FILTER_TYPE,MOVING_AVERAGE,EST_MA_WINDOW,1,EST_FILTER_STRENGTH,0.35
TM,EST_FUSION,ON,EST_GYRO_WEIGHT,0.98,EST_VALID,1
TM,SUN_L,3527,SUN_R,2938,SUN_NDV,0.0911,SUN_ANGLE,42.44
TM,MAG_X,-6.37,MAG_Y,-2.38,MAG_Z,-19.25,MAG_HEADING,200.52
TM,GYRO_X,-0.919,GYRO_Y,-2.371,GYRO_Z,-0.171,BODY_RATE,0.171
TM,ADCS_MODE,MANUAL,ADCS_REFERENCE,SUN,TARGET,0.00,POINTING_ERROR,-42.57,SUN_ERROR,-42.45,MAG_ERROR,158.54,GYRO_Z,-0.179,RW_CMD,0
TM,EST_RAW,42.45,EST_FILTERED,42.45,EST_ANGLE,42.57,EST_FILTER,ON,EST_FILTER_TYPE,MOVING_AVERAGE,EST_MA_WINDOW,1,EST_FILTER_STRENGTH,0.35
TM,EST_FUSION,ON,EST_GYRO_WEIGHT,0.98,EST_VALID,1
TM,SUN_L,3526,SUN_R,2937,SUN_NDV,0.0911,SUN_ANGLE,42.43
TM,MAG_X,-6.43,MAG_Y,-2.53,MAG_Z,-19.02,MAG_HEADING,201.46
TM,GYRO_X,-1.094,GYRO_Y,-1.899,GYRO_Z,-0.136,BODY_RATE,0.136
TM,SUN_L,3525,SUN_R,2937,SUN_NDV,0.0910,SUN_ANGLE,42.43
TM,MAG_X,-6.34,MAG_Y,-2.50,MAG_Z,-19.26,MAG_HEADING,201.50
TM,GYRO_X,-0.814,GYRO_Y,-2.170,GYRO_Z,-0.232,BODY_RATE,0.232
TM,ADCS_MODE,MANUAL,ADCS_REFERENCE,SUN,TARGET,0.00,POINTING_ERROR,-42.57,SUN_ERROR,-42.48,MAG_ERROR,158.44,GYRO_Z,-0.162,RW_CMD,0
TM,EST_RAW,42.48,EST_FILTERED,42.48,EST_ANGLE,42.57,EST_FILTER,ON,EST_FILTER_TYPE,MOVING_AVERAGE,EST_MA_WINDOW,1,EST_FILTER_STRENGTH,0.35
TM,EST_FUSION,ON,EST_GYRO_WEIGHT,0.98,EST_VALID,1
TM,SUN_L,3524,SUN_R,2937,SUN_NDV,0.0909,SUN_ANGLE,42.46
TM,MAG_X,-6.42,MAG_Y,-2.53,MAG_Z,-19.23,MAG_HEADING,201.51
TM,GYRO_X,-0.928,GYRO_Y,-2.188,GYRO_Z,-0.109,BODY_RATE,0.109
TM,ADCS_MODE,MANUAL,ADCS_REFERENCE,SUN,TARGET,0.00,POINTING_ERROR,-42.59,SUN_ERROR,-42.44,MAG_ERROR,158.49,GYRO_Z,-0.232,RW_CMD,0
TM,EST_RAW,42.44,EST_FILTERED,42.44,EST_ANGLE,42.59,EST_FILTER,ON,EST_FILTER_TYPE,MOVING_AVERAGE,EST_MA_WINDOW,1,EST_FILTER_STRENGTH,0.35
TM,EST_FUSION,ON,EST_GYRO_WEIGHT,0.98,EST_VALID,1
TM,SUN_L,3526,SUN_R,2936,SUN_NDV,0.0913,SUN_ANGLE,42.47
TM,MAG_X,-6.50,MAG_Y,-2.46,MAG_Z,-19.31,MAG_HEADING,200.77
TM,GYRO_X,-1.181,GYRO_Y,-1.977,GYRO_Z,-0.022,BODY_RATE,0.022
TM,ADCS_MODE,MANUAL,ADCS_REFERENCE,SUN,TARGET,0.00,POINTING_ERROR,-42.58,SUN_ERROR,-42.39,MAG_ERROR,157.28,GYRO_Z,-0.101,RW_CMD,0
TM,EST_RAW,42.39,EST_FILTERED,42.39,EST_ANGLE,42.58,EST_FILTER,ON,EST_FILTER_TYPE,MOVING_AVERAGE,EST_MA_WINDOW,1,EST_FILTER_STRENGTH,0.35
TM,EST_FUSION,ON,EST_GYRO_WEIGHT,0.98,EST_VALID,1
TM,SUN_L,3527,SUN_R,2937,SUN_NDV,0.0913,SUN_ANGLE,42.41
TM,MAG_X,-6.30,MAG_Y,-2.64,MAG_Z,-19.20,MAG_HEADING,202.72
TM,GYRO_X,-1.067,GYRO_Y,-2.118,GYRO_Z,-0.066,BODY_RATE,0.066
TM,ADCS_MODE,MANUAL,ADCS_REFERENCE,SUN,TARGET,0.00,POINTING_ERROR,-42.56,SUN_ERROR,-42.45,MAG_ERROR,158.60,GYRO_Z,0.127,RW_CMD,0
TM,EST_RAW,42.45,EST_FILTERED,42.45,EST_ANGLE,42.56,EST_FILTER,ON,EST_FILTER_TYPE,MOVING_AVERAGE,EST_MA_WINDOW,1,EST_FILTER_STRENGTH,0.35
TM,EST_FUSION,ON,EST_GYRO_WEIGHT,0.98,EST_VALID,1
TM,SUN_L,3526,SUN_R,2938,SUN_NDV,0.0910,SUN_ANGLE,42.45
TM,MAG_X,-6.27,MAG_Y,-2.58,MAG_Z,-19.30,MAG_HEADING,202.33
TM,GYRO_X,-1.146,GYRO_Y,-2.214,GYRO_Z,-0.188,BODY_RATE,0.188
TM,SUN_L,3527,SUN_R,2937,SUN_NDV,0.0913,SUN_ANGLE,42.44
TM,MAG_X,-6.40,MAG_Y,-2.45,MAG_Z,-19.31,MAG_HEADING,200.93
TM,GYRO_X,-1.015,GYRO_Y,-2.266,GYRO_Z,-0.039,BODY_RATE,0.039
TM,ADCS_MODE,MANUAL,ADCS_REFERENCE,SUN,TARGET,0.00,POINTING_ERROR,-42.58,SUN_ERROR,-42.40,MAG_ERROR,159.07,GYRO_Z,-0.214,RW_CMD,0
TM,EST_RAW,42.40,EST_FILTERED,42.40,EST_ANGLE,42.58,EST_FILTER,ON,EST_FILTER_TYPE,MOVING_AVERAGE,EST_MA_WINDOW,1,EST_FILTER_STRENGTH,0.35
TM,EST_FUSION,ON,EST_GYRO_WEIGHT,0.98,EST_VALID,1
TM,SUN_L,3526,SUN_R,2937,SUN_NDV,0.0911,SUN_ANGLE,42.42
TM,MAG_X,-6.40,MAG_Y,-2.61,MAG_Z,-19.28,MAG_HEADING,202.17
TM,GYRO_X,-0.945,GYRO_Y,-2.293,GYRO_Z,-0.311,BODY_RATE,0.311
TM,ADCS_MODE,MANUAL,ADCS_REFERENCE,SUN,TARGET,0.00,POINTING_ERROR,-42.58,SUN_ERROR,-42.46,MAG_ERROR,157.83,GYRO_Z,-0.144,RW_CMD,0
TM,EST_RAW,42.46,EST_FILTERED,42.46,EST_ANGLE,42.58,EST_FILTER,ON,EST_FILTER_TYPE,MOVING_AVERAGE,EST_MA_WINDOW,1,EST_FILTER_STRENGTH,0.35
TM,EST_FUSION,ON,EST_GYRO_WEIGHT,0.98,EST_VALID,1
TM,SUN_L,3526,SUN_R,2937,SUN_NDV,0.0911,SUN_ANGLE,42.46
TM,MAG_X,-6.34,MAG_Y,-2.56,MAG_Z,-19.18,MAG_HEADING,202.00
TM,GYRO_X,-0.989,GYRO_Y,-2.293,GYRO_Z,0.013,BODY_RATE,-0.013
TM,ADCS_MODE,MANUAL,ADCS_REFERENCE,SUN,TARGET,0.00,POINTING_ERROR,-42.59,SUN_ERROR,-42.45,MAG_ERROR,158.50,GYRO_Z,-0.153,RW_CMD,0
TM,EST_RAW,42.45,EST_FILTERED,42.45,EST_ANGLE,42.59,EST_FILTER,ON,EST_FILTER_TYPE,MOVING_AVERAGE,EST_MA_WINDOW,1,EST_FILTER_STRENGTH,0.35
TM,EST_FUSION,ON,EST_GYRO_WEIGHT,0.98,EST_VALID,1
TM,SUN_L,3525,SUN_R,2937,SUN_NDV,0.0910,SUN_ANGLE,42.35
TM,MAG_X,-6.35,MAG_Y,-2.80,MAG_Z,-19.41,MAG_HEADING,203.79
TM,GYRO_X,-1.190,GYRO_Y,-2.135,GYRO_Z,-0.039,BODY_RATE,0.039
TM,ADCS_MODE,MANUAL,ADCS_REFERENCE,SUN,TARGET,0.00,POINTING_ERROR,-42.60,SUN_ERROR,-42.44,MAG_ERROR,158.35,GYRO_Z,-0.101,RW_CMD,0
TM,EST_RAW,42.44,EST_FILTERED,42.44,EST_ANGLE,42.60,EST_FILTER,ON,EST_FILTER_TYPE,MOVING_AVERAGE,EST_MA_WINDOW,1,EST_FILTER_STRENGTH,0.35
TM,EST_FUSION,ON,EST_GYRO_WEIGHT,0.98,EST_VALID,1
TM,SUN_L,3526,SUN_R,2936,SUN_NDV,0.0913,SUN_ANGLE,42.48
TM,MAG_X,-6.37,MAG_Y,-2.53,MAG_Z,-19.30,MAG_HEADING,201.65
TM,GYRO_X,-1.199,GYRO_Y,-2.091,GYRO_Z,-0.241,BODY_RATE,0.241
TM,SUN_L,3526,SUN_R,2937,SUN_NDV,0.0911,SUN_ANGLE,42.41
TM,MAG_X,-6.27,MAG_Y,-2.54,MAG_Z,-19.28,MAG_HEADING,202.08
TM,GYRO_X,-1.120,GYRO_Y,-1.916,GYRO_Z,-0.179,BODY_RATE,0.179
TM,ADCS_MODE,MANUAL,ADCS_REFERENCE,SUN,TARGET,0.00,POINTING_ERROR,-42.59,SUN_ERROR,-42.41,MAG_ERROR,157.92,GYRO_Z,-0.118,RW_CMD,0
TM,EST_RAW,42.41,EST_FILTERED,42.41,EST_ANGLE,42.59,EST_FILTER,ON,EST_FILTER_TYPE,MOVING_AVERAGE,EST_MA_WINDOW,1,EST_FILTER_STRENGTH,0.35
TM,EST_FUSION,ON,EST_GYRO_WEIGHT,0.98,EST_VALID,1
TM,SUN_L,3525,SUN_R,2936,SUN_NDV,0.0912,SUN_ANGLE,42.47
TM,MAG_X,-6.32,MAG_Y,-2.53,MAG_Z,-19.28,MAG_HEADING,201.80
TM,GYRO_X,-1.067,GYRO_Y,-2.301,GYRO_Z,-0.398,BODY_RATE,0.398
TM,ADCS_MODE,MANUAL,ADCS_REFERENCE,SUN,TARGET,0.00,POINTING_ERROR,-42.60,SUN_ERROR,-42.42,MAG_ERROR,158.69,GYRO_Z,-0.179,RW_CMD,0
TM,EST_RAW,42.42,EST_FILTERED,42.42,EST_ANGLE,42.60,EST_FILTER,ON,EST_FILTER_TYPE,MOVING_AVERAGE,EST_MA_WINDOW,1,EST_FILTER_STRENGTH,0.35
TM,EST_FUSION,ON,EST_GYRO_WEIGHT,0.98,EST_VALID,1
TM,SUN_L,3526,SUN_R,2936,SUN_NDV,0.0913,SUN_ANGLE,42.44
TM,MAG_X,-6.30,MAG_Y,-2.64,MAG_Z,-19.25,MAG_HEADING,202.72
TM,GYRO_X,-0.901,GYRO_Y,-2.249,GYRO_Z,0.057,BODY_RATE,-0.057
TM,ADCS_MODE,MANUAL,ADCS_REFERENCE,SUN,TARGET,0.00,POINTING_ERROR,-42.60,SUN_ERROR,-42.44,MAG_ERROR,157.28,GYRO_Z,-0.162,RW_CMD,0
TM,EST_RAW,42.44,EST_FILTERED,42.44,EST_ANGLE,42.60,EST_FILTER,ON,EST_FILTER_TYPE,MOVING_AVERAGE,EST_MA_WINDOW,1,EST_FILTER_STRENGTH,0.35
TM,EST_FUSION,ON,EST_GYRO_WEIGHT,0.98,EST_VALID,1
TM,SUN_L,3526,SUN_R,2937,SUN_NDV,0.0911,SUN_ANGLE,42.44
TM,MAG_X,-6.37,MAG_Y,-2.45,MAG_Z,-19.28,MAG_HEADING,201.03
TM,GYRO_X,-1.050,GYRO_Y,-2.301,GYRO_Z,-0.346,BODY_RATE,0.346
TM,ADCS_MODE,MANUAL,ADCS_REFERENCE,SUN,TARGET,0.00,POINTING_ERROR,-42.60,SUN_ERROR,-42.38,MAG_ERROR,158.70,GYRO_Z,0.048,RW_CMD,0
TM,EST_RAW,42.38,EST_FILTERED,42.38,EST_ANGLE,42.60,EST_FILTER,ON,EST_FILTER_TYPE,MOVING_AVERAGE,EST_MA_WINDOW,1,EST_FILTER_STRENGTH,0.35
TM,EST_FUSION,ON,EST_GYRO_WEIGHT,0.98,EST_VALID,1
TM,SUN_L,3526,SUN_R,2938,SUN_NDV,0.0910,SUN_ANGLE,42.47
TM,MAG_X,-6.61,MAG_Y,-2.58,MAG_Z,-19.39,MAG_HEADING,201.30
TM,GYRO_X,-0.954,GYRO_Y,-2.214,GYRO_Z,0.013,BODY_RATE,-0.013
TM,SUN_L,3527,SUN_R,2937,SUN_NDV,0.0913,SUN_ANGLE,42.41
TM,MAG_X,-6.27,MAG_Y,-2.56,MAG_Z,-19.36,MAG_HEADING,202.20
TM,GYRO_X,-0.971,GYRO_Y,-2.091,GYRO_Z,0.136,BODY_RATE,-0.136
TM,ADCS_MODE,MANUAL,ADCS_REFERENCE,SUN,TARGET,0.00,POINTING_ERROR,-42.60,SUN_ERROR,-42.41,MAG_ERROR,157.80,GYRO_Z,0.092,RW_CMD,0
TM,EST_RAW,42.41,EST_FILTERED,42.41,EST_ANGLE,42.60,EST_FILTER,ON,EST_FILTER_TYPE,MOVING_AVERAGE,EST_MA_WINDOW,1,EST_FILTER_STRENGTH,0.35
TM,EST_FUSION,ON,EST_GYRO_WEIGHT,0.98,EST_VALID,1
TM,SUN_L,3525,SUN_R,2937,SUN_NDV,0.0910,SUN_ANGLE,42.40
TM,MAG_X,-6.32,MAG_Y,-2.53,MAG_Z,-19.20,MAG_HEADING,201.80
TM,GYRO_X,-1.111,GYRO_Y,-2.047,GYRO_Z,-0.144,BODY_RATE,0.144
TM,ADCS_MODE,MANUAL,ADCS_REFERENCE,SUN,TARGET,0.00,POINTING_ERROR,-42.62,SUN_ERROR,-42.44,MAG_ERROR,158.20,GYRO_Z,-0.066,RW_CMD,0
TM,EST_RAW,42.44,EST_FILTERED,42.44,EST_ANGLE,42.62,EST_FILTER,ON,EST_FILTER_TYPE,MOVING_AVERAGE,EST_MA_WINDOW,1,EST_FILTER_STRENGTH,0.35
TM,EST_FUSION,ON,EST_GYRO_WEIGHT,0.98,EST_VALID,1
TM,SUN_L,3526,SUN_R,2937,SUN_NDV,0.0911,SUN_ANGLE,42.43
TM,MAG_X,-6.40,MAG_Y,-2.54,MAG_Z,-19.30,MAG_HEADING,201.68
TM,GYRO_X,-1.155,GYRO_Y,-2.240,GYRO_Z,-0.372,BODY_RATE,0.372
TM,ADCS_MODE,MANUAL,ADCS_REFERENCE,SUN,TARGET,0.00,POINTING_ERROR,-42.63,SUN_ERROR,-42.41,MAG_ERROR,158.00,GYRO_Z,-0.101,RW_CMD,0
TM,EST_RAW,42.41,EST_FILTERED,42.41,EST_ANGLE,42.63,EST_FILTER,ON,EST_FILTER_TYPE,MOVING_AVERAGE,EST_MA_WINDOW,1,EST_FILTER_STRENGTH,0.35
TM,EST_FUSION,ON,EST_GYRO_WEIGHT,0.98,EST_VALID,1
TM,SUN_L,3526,SUN_R,2937,SUN_NDV,0.0911,SUN_ANGLE,42.41
TM,MAG_X,-6.34,MAG_Y,-2.56,MAG_Z,-19.31,MAG_HEADING,202.00
TM,GYRO_X,-0.884,GYRO_Y,-2.459,GYRO_Z,-0.004,BODY_RATE,0.004
TM,ADCS_MODE,MANUAL,ADCS_REFERENCE,SUN,TARGET,0.00,POINTING_ERROR,-42.61,SUN_ERROR,-42.38,MAG_ERROR,157.95,GYRO_Z,-0.232,RW_CMD,0
TM,EST_RAW,42.38,EST_FILTERED,42.38,EST_ANGLE,42.61,EST_FILTER,ON,EST_FILTER_TYPE,MOVING_AVERAGE,EST_MA_WINDOW,1,EST_FILTER_STRENGTH,0.35
TM,EST_FUSION,ON,EST_GYRO_WEIGHT,0.98,EST_VALID,1
TM,SUN_L,3527,SUN_R,2938,SUN_NDV,0.0911,SUN_ANGLE,42.43
TM,MAG_X,-6.26,MAG_Y,-2.72,MAG_Z,-19.23,MAG_HEADING,203.50
TM,GYRO_X,-1.094,GYRO_Y,-2.161,GYRO_Z,-0.153,BODY_RATE,0.153
TM,SUN_L,3527,SUN_R,2939,SUN_NDV,0.0909,SUN_ANGLE,42.37
TM,MAG_X,-6.37,MAG_Y,-2.64,MAG_Z,-18.99,MAG_HEADING,202.52
TM,GYRO_X,-0.901,GYRO_Y,-2.100,GYRO_Z,-0.232,BODY_RATE,0.232
TM,ADCS_MODE,MANUAL,ADCS_REFERENCE,SUN,TARGET,0.00,POINTING_ERROR,-42.60,SUN_ERROR,-42.34,MAG_ERROR,157.48,GYRO_Z,-0.267,RW_CMD,0
TM,EST_RAW,42.34,EST_FILTERED,42.34,EST_ANGLE,42.60,EST_FILTER,ON,EST_FILTER_TYPE,MOVING_AVERAGE,EST_MA_WINDOW,1,EST_FILTER_STRENGTH,0.35
TM,EST_FUSION,ON,EST_GYRO_WEIGHT,0.98,EST_VALID,1
TM,SUN_L,3529,SUN_R,2951,SUN_NDV,0.0892,SUN_ANGLE,42.05
TM,MAG_X,-6.30,MAG_Y,-2.64,MAG_Z,-19.30,MAG_HEADING,202.72
TM,GYRO_X,-1.671,GYRO_Y,-2.467,GYRO_Z,2.148,BODY_RATE,-2.148
TM,ADCS_MODE,MANUAL,ADCS_REFERENCE,SUN,TARGET,0.00,POINTING_ERROR,-42.38,SUN_ERROR,-42.05,MAG_ERROR,158.30,GYRO_Z,-1.676,RW_CMD,0
TM,EST_RAW,42.05,EST_FILTERED,42.05,EST_ANGLE,42.38,EST_FILTER,ON,EST_FILTER_TYPE,MOVING_AVERAGE,EST_MA_WINDOW,1,EST_FILTER_STRENGTH,0.35
TM,EST_FUSION,ON,EST_GYRO_WEIGHT,0.98,EST_VALID,1
TM,SUN_L,3527,SUN_R,2937,SUN_NDV,0.0913,SUN_ANGLE,42.42
TM,MAG_X,-6.51,MAG_Y,-2.59,MAG_Z,-19.20,MAG_HEADING,201.70
TM,GYRO_X,-0.901,GYRO_Y,-1.811,GYRO_Z,-0.801,BODY_RATE,0.801
TM,ADCS_MODE,MANUAL,ADCS_REFERENCE,SUN,TARGET,0.00,POINTING_ERROR,-42.63,SUN_ERROR,-42.43,MAG_ERROR,157.03,GYRO_Z,1.019,RW_CMD,0
TM,EST_RAW,42.43,EST_FILTERED,42.43,EST_ANGLE,42.63,EST_FILTER,ON,EST_FILTER_TYPE,MOVING_AVERAGE,EST_MA_WINDOW,1,EST_FILTER_STRENGTH,0.35
TM,EST_FUSION,ON,EST_GYRO_WEIGHT,0.98,EST_VALID,1
TM,SUN_L,3528,SUN_R,2941,SUN_NDV,0.0907,SUN_ANGLE,42.35
TM,MAG_X,-6.29,MAG_Y,-2.51,MAG_Z,-19.15,MAG_HEADING,201.78
TM,GYRO_X,-1.829,GYRO_Y,-2.415,GYRO_Z,2.411,BODY_RATE,-2.411
TM,ADCS_MODE,MANUAL,ADCS_REFERENCE,SUN,TARGET,0.00,POINTING_ERROR,-42.32,SUN_ERROR,-42.05,MAG_ERROR,158.39,GYRO_Z,-1.002,RW_CMD,0
TM,EST_RAW,42.05,EST_FILTERED,42.05,EST_ANGLE,42.32,EST_FILTER,ON,EST_FILTER_TYPE,MOVING_AVERAGE,EST_MA_WINDOW,1,EST_FILTER_STRENGTH,0.35
TM,EST_FUSION,ON,EST_GYRO_WEIGHT,0.98,EST_VALID,1
TM,SUN_L,3529,SUN_R,2951,SUN_NDV,0.0892,SUN_ANGLE,42.05
TM,MAG_X,-6.46,MAG_Y,-2.56,MAG_Z,-19.12,MAG_HEADING,201.61
TM,GYRO_X,-0.910,GYRO_Y,-2.301,GYRO_Z,-1.081,BODY_RATE,1.081
TM,SUN_L,3527,SUN_R,2939,SUN_NDV,0.0909,SUN_ANGLE,42.34
TM,MAG_X,-6.34,MAG_Y,-2.61,MAG_Z,-19.09,MAG_HEADING,202.37
TM,GYRO_X,-1.295,GYRO_Y,-2.152,GYRO_Z,0.757,BODY_RATE,-0.757
TM,ADCS_MODE,MANUAL,ADCS_REFERENCE,SUN,TARGET,0.00,POINTING_ERROR,-42.47,SUN_ERROR,-42.33,MAG_ERROR,157.63,GYRO_Z,0.442,RW_CMD,0
TM,EST_RAW,42.33,EST_FILTERED,42.33,EST_ANGLE,42.47,EST_FILTER,ON,EST_FILTER_TYPE,MOVING_AVERAGE,EST_MA_WINDOW,1,EST_FILTER_STRENGTH,0.35
TM,EST_FUSION,ON,EST_GYRO_WEIGHT,0.98,EST_VALID,1
TM,SUN_L,3528,SUN_R,2950,SUN_NDV,0.0892,SUN_ANGLE,42.07
TM,MAG_X,-6.26,MAG_Y,-2.53,MAG_Z,-19.20,MAG_HEADING,202.00
TM,GYRO_X,-1.015,GYRO_Y,-2.266,GYRO_Z,0.179,BODY_RATE,-0.179
TM,ADCS_MODE,MANUAL,ADCS_REFERENCE,SUN,TARGET,0.00,POINTING_ERROR,-42.34,SUN_ERROR,-42.08,MAG_ERROR,158.00,GYRO_Z,-0.433,RW_CMD,0
TM,EST_RAW,42.08,EST_FILTERED,42.08,EST_ANGLE,42.34,EST_FILTER,ON,EST_FILTER_TYPE,MOVING_AVERAGE,EST_MA_WINDOW,1,EST_FILTER_STRENGTH,0.35
TM,EST_FUSION,ON,EST_GYRO_WEIGHT,0.98,EST_VALID,1
TM,SUN_L,3528,SUN_R,2942,SUN_NDV,0.0906,SUN_ANGLE,42.32
TM,MAG_X,-6.38,MAG_Y,-2.45,MAG_Z,-19.31,MAG_HEADING,200.98
TM,GYRO_X,-0.989,GYRO_Y,-2.231,GYRO_Z,-0.564,BODY_RATE,0.564
TM,ADCS_MODE,MANUAL,ADCS_REFERENCE,SUN,TARGET,0.00,POINTING_ERROR,-42.42,SUN_ERROR,-42.34,MAG_ERROR,157.10,GYRO_Z,-0.013,RW_CMD,0
TM,EST_RAW,42.34,EST_FILTERED,42.34,EST_ANGLE,42.42,EST_FILTER,ON,EST_FILTER_TYPE,MOVING_AVERAGE,EST_MA_WINDOW,1,EST_FILTER_STRENGTH,0.35
TM,EST_FUSION,ON,EST_GYRO_WEIGHT,0.98,EST_VALID,1
TM,SUN_L,3527,SUN_R,2944,SUN_NDV,0.0901,SUN_ANGLE,42.26
TM,MAG_X,-6.29,MAG_Y,-2.66,MAG_Z,-19.18,MAG_HEADING,202.90
TM,GYRO_X,-1.304,GYRO_Y,-2.161,GYRO_Z,0.521,BODY_RATE,-0.521
TM,ADCS_MODE,MANUAL,ADCS_REFERENCE,SUN,TARGET,0.00,POINTING_ERROR,-42.36,SUN_ERROR,-42.18,MAG_ERROR,158.50,GYRO_Z,-0.608,RW_CMD,0
TM,EST_RAW,42.18,EST_FILTERED,42.18,EST_ANGLE,42.36,EST_FILTER,ON,EST_FILTER_TYPE,MOVING_AVERAGE,EST_MA_WINDOW,1,EST_FILTER_STRENGTH,0.35
TM,EST_FUSION,ON,EST_GYRO_WEIGHT,0.98,EST_VALID,1
TM,SUN_L,3530,SUN_R,2947,SUN_NDV,0.0900,SUN_ANGLE,42.25
TM,MAG_X,-6.34,MAG_Y,-2.50,MAG_Z,-19.15,MAG_HEADING,201.50
TM,GYRO_X,-0.936,GYRO_Y,-2.135,GYRO_Z,-0.599,BODY_RATE,0.599
TM,SUN_L,3527,SUN_R,2942,SUN_NDV,0.0904,SUN_ANGLE,42.32
TM,MAG_X,-6.34,MAG_Y,-2.54,MAG_Z,-19.14,MAG_HEADING,201.88
TM,GYRO_X,-1.260,GYRO_Y,-2.345,GYRO_Z,0.136,BODY_RATE,-0.136
TM,ADCS_MODE,MANUAL,ADCS_REFERENCE,SUN,TARGET,0.00,POINTING_ERROR,-42.40,SUN_ERROR,-42.32,MAG_ERROR,158.12,GYRO_Z,0.407,RW_CMD,0
TM,EST_RAW,42.32,EST_FILTERED,42.32,EST_ANGLE,42.40,EST_FILTER,ON,EST_FILTER_TYPE,MOVING_AVERAGE,EST_MA_WINDOW,1,EST_FILTER_STRENGTH,0.35
TM,EST_FUSION,ON,EST_GYRO_WEIGHT,0.98,EST_VALID,1
TM,SUN_L,3528,SUN_R,2947,SUN_NDV,0.0897,SUN_ANGLE,42.24
TM,MAG_X,-6.32,MAG_Y,-2.58,MAG_Z,-19.22,MAG_HEADING,202.18
TM,GYRO_X,-0.866,GYRO_Y,-2.249,GYRO_Z,-0.214,BODY_RATE,0.214
TM,ADCS_MODE,MANUAL,ADCS_REFERENCE,SUN,TARGET,0.00,POINTING_ERROR,-42.37,SUN_ERROR,-42.21,MAG_ERROR,157.82,GYRO_Z,-0.381,RW_CMD,0
TM,EST_RAW,42.21,EST_FILTERED,42.21,EST_ANGLE,42.37,EST_FILTER,ON,EST_FILTER_TYPE,MOVING_AVERAGE,EST_MA_WINDOW,1,EST_FILTER_STRENGTH,0.35
TM,EST_FUSION,ON,EST_GYRO_WEIGHT,0.98,EST_VALID,1
TM,SUN_L,3528,SUN_R,2943,SUN_NDV,0.0904,SUN_ANGLE,42.32
TM,MAG_X,-6.43,MAG_Y,-2.64,MAG_Z,-19.02,MAG_HEADING,202.32
TM,GYRO_X,-0.858,GYRO_Y,-2.362,GYRO_Z,-0.004,BODY_RATE,0.004
TM,ADCS_MODE,MANUAL,ADCS_REFERENCE,SUN,TARGET,0.00,POINTING_ERROR,-42.40,SUN_ERROR,-42.35,MAG_ERROR,158.49,GYRO_Z,0.031,RW_CMD,0
TM,EST_RAW,42.35,EST_FILTERED,42.35,EST_ANGLE,42.40,EST_FILTER,ON,EST_FILTER_TYPE,MOVING_AVERAGE,EST_MA_WINDOW,1,EST_FILTER_STRENGTH,0.35
TM,EST_FUSION,ON,EST_GYRO_WEIGHT,0.98,EST_VALID,1
TM,SUN_L,3528,SUN_R,2943,SUN_NDV,0.0904,SUN_ANGLE,42.31
TM,MAG_X,-6.42,MAG_Y,-2.53,MAG_Z,-19.31,MAG_HEADING,201.51
TM,GYRO_X,-1.146,GYRO_Y,-2.354,GYRO_Z,0.092,BODY_RATE,-0.092
TM,ADCS_MODE,MANUAL,ADCS_REFERENCE,SUN,TARGET,0.00,POINTING_ERROR,-42.41,SUN_ERROR,-42.30,MAG_ERROR,159.04,GYRO_Z,-0.258,RW_CMD,0
TM,EST_RAW,42.30,EST_FILTERED,42.30,EST_ANGLE,42.41,EST_FILTER,ON,EST_FILTER_TYPE,MOVING_AVERAGE,EST_MA_WINDOW,1,EST_FILTER_STRENGTH,0.35
TM,EST_FUSION,ON,EST_GYRO_WEIGHT,0.98,EST_VALID,1
TM,SUN_L,3527,SUN_R,2942,SUN_NDV,0.0904,SUN_ANGLE,42.33
TM,MAG_X,-6.43,MAG_Y,-2.51,MAG_Z,-19.04,MAG_HEADING,201.33
TM,GYRO_X,-1.015,GYRO_Y,-2.188,GYRO_Z,-0.302,BODY_RATE,0.302
TM,SUN_L,3527,SUN_R,2943,SUN_NDV,0.0903,SUN_ANGLE,42.35
TM,MAG_X,-6.43,MAG_Y,-2.66,MAG_Z,-19.04,MAG_HEADING,202.44
TM,GYRO_X,-0.884,GYRO_Y,-2.039,GYRO_Z,-0.179,BODY_RATE,0.179
TM,ADCS_MODE,MANUAL,ADCS_REFERENCE,SUN,TARGET,0.00,POINTING_ERROR,-42.42,SUN_ERROR,-42.35,MAG_ERROR,157.56,GYRO_Z,0.284,RW_CMD,0
TM,EST_RAW,42.35,EST_FILTERED,42.35,EST_ANGLE,42.42,EST_FILTER,ON,EST_FILTER_TYPE,MOVING_AVERAGE,EST_MA_WINDOW,1,EST_FILTER_STRENGTH,0.35
TM,EST_FUSION,ON,EST_GYRO_WEIGHT,0.98,EST_VALID,1
TM,SUN_L,3528,SUN_R,2942,SUN_NDV,0.0906,SUN_ANGLE,42.32
TM,MAG_X,-6.32,MAG_Y,-2.66,MAG_Z,-19.25,MAG_HEADING,202.79
TM,GYRO_X,-1.260,GYRO_Y,-2.021,GYRO_Z,-0.013,BODY_RATE,0.013
TM,ADCS_MODE,MANUAL,ADCS_REFERENCE,SUN,TARGET,0.00,POINTING_ERROR,-42.43,SUN_ERROR,-42.32,MAG_ERROR,157.76,GYRO_Z,-0.118,RW_CMD,0
TM,EST_RAW,42.32,EST_FILTERED,42.32,EST_ANGLE,42.43,EST_FILTER,ON,EST_FILTER_TYPE,MOVING_AVERAGE,EST_MA_WINDOW,1,EST_FILTER_STRENGTH,0.35
TM,EST_FUSION,ON,EST_GYRO_WEIGHT,0.98,EST_VALID,1
TM,SUN_L,3528,SUN_R,2942,SUN_NDV,0.0906,SUN_ANGLE,42.34
TM,MAG_X,-6.26,MAG_Y,-2.50,MAG_Z,-19.14,MAG_HEADING,201.75
TM,GYRO_X,-1.059,GYRO_Y,-2.091,GYRO_Z,-0.162,BODY_RATE,0.162
TM,ADCS_MODE,MANUAL,ADCS_REFERENCE,SUN,TARGET,0.00,POINTING_ERROR,-42.41,SUN_ERROR,-42.33,MAG_ERROR,158.25,GYRO_Z,0.004,RW_CMD,0
TM,EST_RAW,42.33,EST_FILTERED,42.33,EST_ANGLE,42.41,EST_FILTER,ON,EST_FILTER_TYPE,MOVING_AVERAGE,EST_MA_WINDOW,1,EST_FILTER_STRENGTH,0.35
TM,EST_FUSION,ON,EST_GYRO_WEIGHT,0.98,EST_VALID,1
TM,SUN_L,3527,SUN_R,2942,SUN_NDV,0.0904,SUN_ANGLE,42.34
TM,MAG_X,-6.34,MAG_Y,-2.50,MAG_Z,-19.28,MAG_HEADING,201.50
TM,GYRO_X,-1.102,GYRO_Y,-1.986,GYRO_Z,-0.127,BODY_RATE,0.127
TM,ADCS_MODE,MANUAL,ADCS_REFERENCE,SUN,TARGET,0.00,POINTING_ERROR,-42.44,SUN_ERROR,-42.35,MAG_ERROR,158.15,GYRO_Z,-0.319,RW_CMD,0
TM,EST_RAW,42.35,EST_FILTERED,42.35,EST_ANGLE,42.44,EST_FILTER,ON,EST_FILTER_TYPE,MOVING_AVERAGE,EST_MA_WINDOW,1,EST_FILTER_STRENGTH,0.35
TM,EST_FUSION,ON,EST_GYRO_WEIGHT,0.98,EST_VALID,1
TM,SUN_L,3527,SUN_R,2942,SUN_NDV,0.0904,SUN_ANGLE,42.35
TM,MAG_X,-6.54,MAG_Y,-2.62,MAG_Z,-19.20,MAG_HEADING,201.85
TM,GYRO_X,-0.928,GYRO_Y,-2.056,GYRO_Z,-0.118,BODY_RATE,0.118
TM,SUN_L,3528,SUN_R,2941,SUN_NDV,0.0907,SUN_ANGLE,42.34
TM,MAG_X,-6.29,MAG_Y,-2.53,MAG_Z,-19.02,MAG_HEADING,201.90
TM,GYRO_X,-0.796,GYRO_Y,-2.336,GYRO_Z,-0.118,BODY_RATE,0.118
TM,ADCS_MODE,MANUAL,ADCS_REFERENCE,SUN,TARGET,0.00,POINTING_ERROR,-42.44,SUN_ERROR,-42.32,MAG_ERROR,157.27,GYRO_Z,0.144,RW_CMD,0
TM,EST_RAW,42.32,EST_FILTERED,42.32,EST_ANGLE,42.44,EST_FILTER,ON,EST_FILTER_TYPE,MOVING_AVERAGE,EST_MA_WINDOW,1,EST_FILTER_STRENGTH,0.35
TM,EST_FUSION,ON,EST_GYRO_WEIGHT,0.98,EST_VALID,1
TM,SUN_L,3528,SUN_R,2939,SUN_NDV,0.0911,SUN_ANGLE,42.31
TM,MAG_X,-6.34,MAG_Y,-2.59,MAG_Z,-19.12,MAG_HEADING,202.25
TM,GYRO_X,-0.726,GYRO_Y,-2.056,GYRO_Z,-0.319,BODY_RATE,0.319
TM,ADCS_MODE,MANUAL,ADCS_REFERENCE,SUN,TARGET,0.00,POINTING_ERROR,-42.45,SUN_ERROR,-42.33,MAG_ERROR,157.75,GYRO_Z,-0.232,RW_CMD,0
TM,EST_RAW,42.33,EST_FILTERED,42.33,EST_ANGLE,42.45,EST_FILTER,ON,EST_FILTER_TYPE,MOVING_AVERAGE,EST_MA_WINDOW,1,EST_FILTER_STRENGTH,0.35
TM,EST_FUSION,ON,EST_GYRO_WEIGHT,0.98,EST_VALID,1
TM,SUN_L,3527,SUN_R,2941,SUN_NDV,0.0906,SUN_ANGLE,42.31
TM,MAG_X,-6.32,MAG_Y,-2.51,MAG_Z,-19.12,MAG_HEADING,201.68
TM,GYRO_X,-0.884,GYRO_Y,-2.467,GYRO_Z,-0.241,BODY_RATE,0.241
TM,ADCS_MODE,MANUAL,ADCS_REFERENCE,SUN,TARGET,0.00,POINTING_ERROR,-42.46,SUN_ERROR,-42.33,MAG_ERROR,157.30,GYRO_Z,-0.127,RW_CMD,0
TM,EST_RAW,42.33,EST_FILTERED,42.33,EST_ANGLE,42.46,EST_FILTER,ON,EST_FILTER_TYPE,MOVING_AVERAGE,EST_MA_WINDOW,1,EST_FILTER_STRENGTH,0.35
TM,EST_FUSION,ON,EST_GYRO_WEIGHT,0.98,EST_VALID,1
TM,SUN_L,3528,SUN_R,2943,SUN_NDV,0.0904,SUN_ANGLE,42.33
TM,MAG_X,-6.27,MAG_Y,-2.62,MAG_Z,-19.12,MAG_HEADING,202.70
TM,GYRO_X,-1.006,GYRO_Y,-2.205,GYRO_Z,-0.092,BODY_RATE,0.092
TM,ADCS_MODE,MANUAL,ADCS_REFERENCE,SUN,TARGET,0.00,POINTING_ERROR,-42.47,SUN_ERROR,-42.33,MAG_ERROR,156.87,GYRO_Z,-0.241,RW_CMD,0
TM,EST_RAW,42.33,EST_FILTERED,42.33,EST_ANGLE,42.47,EST_FILTER,ON,EST_FILTER_TYPE,MOVING_AVERAGE,EST_MA_WINDOW,1,EST_FILTER_STRENGTH,0.35
TM,EST_FUSION,ON,EST_GYRO_WEIGHT,0.98,EST_VALID,1
TM,SUN_L,3528,SUN_R,2941,SUN_NDV,0.0907,SUN_ANGLE,42.35
TM,MAG_X,-6.27,MAG_Y,-2.54,MAG_Z,-19.10,MAG_HEADING,202.08
TM,GYRO_X,-1.111,GYRO_Y,-2.284,GYRO_Z,0.004,BODY_RATE,-0.004
TM,SUN_L,3528,SUN_R,2942,SUN_NDV,0.0906,SUN_ANGLE,42.32
TM,MAG_X,-6.37,MAG_Y,-2.38,MAG_Z,-19.02,MAG_HEADING,200.52
TM,GYRO_X,-0.971,GYRO_Y,-2.170,GYRO_Z,-0.074,BODY_RATE,0.074
TM,ADCS_MODE,MANUAL,ADCS_REFERENCE,SUN,TARGET,0.00,POINTING_ERROR,-42.48,SUN_ERROR,-42.36,MAG_ERROR,159.48,GYRO_Z,-0.101,RW_CMD,0
TM,EST_RAW,42.36,EST_FILTERED,42.36,EST_ANGLE,42.48,EST_FILTER,ON,EST_FILTER_TYPE,MOVING_AVERAGE,EST_MA_WINDOW,1,EST_FILTER_STRENGTH,0.35
TM,EST_FUSION,ON,EST_GYRO_WEIGHT,0.98,EST_VALID,1
TM,SUN_L,3526,SUN_R,2940,SUN_NDV,0.0906,SUN_ANGLE,42.29
TM,MAG_X,-6.22,MAG_Y,-2.59,MAG_Z,-19.23,MAG_HEADING,202.61
TM,GYRO_X,-0.901,GYRO_Y,-2.214,GYRO_Z,-0.267,BODY_RATE,0.267
TM,ADCS_MODE,MANUAL,ADCS_REFERENCE,SUN,TARGET,0.00,POINTING_ERROR,-42.49,SUN_ERROR,-42.36,MAG_ERROR,157.39,GYRO_Z,-0.232,RW_CMD,0
TM,EST_RAW,42.36,EST_FILTERED,42.36,EST_ANGLE,42.49,EST_FILTER,ON,EST_FILTER_TYPE,MOVING_AVERAGE,EST_MA_WINDOW,1,EST_FILTER_STRENGTH,0.35
TM,EST_FUSION,ON,EST_GYRO_WEIGHT,0.98,EST_VALID,1
TM,SUN_L,3527,SUN_R,2941,SUN_NDV,0.0906,SUN_ANGLE,42.35
TM,MAG_X,-6.22,MAG_Y,-2.56,MAG_Z,-19.23,MAG_HEADING,202.36
TM,GYRO_X,-1.015,GYRO_Y,-2.135,GYRO_Z,-0.109,BODY_RATE,0.109
TM,ADCS_MODE,MANUAL,ADCS_REFERENCE,SUN,TARGET,0.00,POINTING_ERROR,-42.49,SUN_ERROR,-42.36,MAG_ERROR,157.50,GYRO_Z,-0.092,RW_CMD,0
TM,EST_RAW,42.36,EST_FILTERED,42.36,EST_ANGLE,42.49,EST_FILTER,ON,EST_FILTER_TYPE,MOVING_AVERAGE,EST_MA_WINDOW,1,EST_FILTER_STRENGTH,0.35
TM,EST_FUSION,ON,EST_GYRO_WEIGHT,0.98,EST_VALID,1
TM,SUN_L,3527,SUN_R,2941,SUN_NDV,0.0906,SUN_ANGLE,42.36
TM,MAG_X,-6.37,MAG_Y,-2.54,MAG_Z,-19.31,MAG_HEADING,201.78
TM,GYRO_X,-0.971,GYRO_Y,-2.362,GYRO_Z,-0.057,BODY_RATE,0.057
TM,ADCS_MODE,MANUAL,ADCS_REFERENCE,SUN,TARGET,0.00,POINTING_ERROR,-42.50,SUN_ERROR,-42.36,MAG_ERROR,158.42,GYRO_Z,-0.381,RW_CMD,0
TM,EST_RAW,42.36,EST_FILTERED,42.36,EST_ANGLE,42.50,EST_FILTER,ON,EST_FILTER_TYPE,MOVING_AVERAGE,EST_MA_WINDOW,1,EST_FILTER_STRENGTH,0.35
TM,EST_FUSION,ON,EST_GYRO_WEIGHT,0.98,EST_VALID,1
TM,SUN_L,3528,SUN_R,2941,SUN_NDV,0.0907,SUN_ANGLE,42.37
TM,MAG_X,-6.43,MAG_Y,-2.54,MAG_Z,-19.33,MAG_HEADING,201.58
TM,GYRO_X,-1.006,GYRO_Y,-2.170,GYRO_Z,-0.241,BODY_RATE,0.241
TM,SUN_L,3528,SUN_R,2941,SUN_NDV,0.0907,SUN_ANGLE,42.36
TM,MAG_X,-6.46,MAG_Y,-2.50,MAG_Z,-18.96,MAG_HEADING,201.11
TM,GYRO_X,-1.059,GYRO_Y,-2.144,GYRO_Z,-0.153,BODY_RATE,0.153
TM,ADCS_MODE,MANUAL,ADCS_REFERENCE,SUN,TARGET,0.00,POINTING_ERROR,-42.50,SUN_ERROR,-42.36,MAG_ERROR,158.89,GYRO_Z,-0.197,RW_CMD,0
TM,EST_RAW,42.36,EST_FILTERED,42.36,EST_ANGLE,42.50,EST_FILTER,ON,EST_FILTER_TYPE,MOVING_AVERAGE,EST_MA_WINDOW,1,EST_FILTER_STRENGTH,0.35
TM,EST_FUSION,ON,EST_GYRO_WEIGHT,0.98,EST_VALID,1
TM,SUN_L,3527,SUN_R,2941,SUN_NDV,0.0906,SUN_ANGLE,42.34
TM,MAG_X,-6.66,MAG_Y,-2.66,MAG_Z,-19.47,MAG_HEADING,201.75
TM,GYRO_X,-1.111,GYRO_Y,-2.205,GYRO_Z,-0.223,BODY_RATE,0.223
TM,ADCS_MODE,MANUAL,ADCS_REFERENCE,SUN,TARGET,0.00,POINTING_ERROR,-42.51,SUN_ERROR,-42.34,MAG_ERROR,159.71,GYRO_Z,-0.162,RW_CMD,0
TM,EST_RAW,42.34,EST_FILTERED,42.34,EST_ANGLE,42.51,EST_FILTER,ON,EST_FILTER_TYPE,MOVING_AVERAGE,EST_MA_WINDOW,1,EST_FILTER_STRENGTH,0.35
TM,EST_FUSION,ON,EST_GYRO_WEIGHT,0.98,EST_VALID,1
TM,SUN_L,3526,SUN_R,2941,SUN_NDV,0.0905,SUN_ANGLE,42.33
TM,MAG_X,-6.50,MAG_Y,-2.43,MAG_Z,-19.54,MAG_HEADING,200.53
TM,GYRO_X,-1.190,GYRO_Y,-2.284,GYRO_Z,0.057,BODY_RATE,-0.057
TM,ADCS_MODE,MANUAL,ADCS_REFERENCE,SUN,TARGET,0.00,POINTING_ERROR,-42.51,SUN_ERROR,-42.27,MAG_ERROR,159.47,GYRO_Z,-0.284,RW_CMD,0
TM,EST_RAW,42.27,EST_FILTERED,42.27,EST_ANGLE,42.51,EST_FILTER,ON,EST_FILTER_TYPE,MOVING_AVERAGE,EST_MA_WINDOW,1,EST_FILTER_STRENGTH,0.35
TM,EST_FUSION,ON,EST_GYRO_WEIGHT,0.98,EST_VALID,1
TM,SUN_L,3527,SUN_R,2941,SUN_NDV,0.0906,SUN_ANGLE,42.33
TM,MAG_X,-6.67,MAG_Y,-2.40,MAG_Z,-19.44,MAG_HEADING,199.78
TM,GYRO_X,-1.146,GYRO_Y,-2.231,GYRO_Z,-0.083,BODY_RATE,0.083
TM,ADCS_MODE,MANUAL,ADCS_REFERENCE,SUN,TARGET,0.00,POINTING_ERROR,-42.50,SUN_ERROR,-42.34,MAG_ERROR,160.41,GYRO_Z,0.004,RW_CMD,0
TM,EST_RAW,42.34,EST_FILTERED,42.34,EST_ANGLE,42.50,EST_FILTER,ON,EST_FILTER_TYPE,MOVING_AVERAGE,EST_MA_WINDOW,1,EST_FILTER_STRENGTH,0.35
TM,EST_FUSION,ON,EST_GYRO_WEIGHT,0.98,EST_VALID,1
TM,SUN_L,3527,SUN_R,2942,SUN_NDV,0.0904,SUN_ANGLE,42.33
TM,MAG_X,-6.61,MAG_Y,-2.35,MAG_Z,-19.54,MAG_HEADING,199.59
TM,GYRO_X,-0.761,GYRO_Y,-2.476,GYRO_Z,-0.363,BODY_RATE,0.363
TM,SUN_L,3527,SUN_R,2942,SUN_NDV,0.0904,SUN_ANGLE,42.36
TM,MAG_X,-6.56,MAG_Y,-2.38,MAG_Z,-19.38,MAG_HEADING,199.97
TM,GYRO_X,-1.260,GYRO_Y,-2.013,GYRO_Z,-0.136,BODY_RATE,0.136
TM,ADCS_MODE,MANUAL,ADCS_REFERENCE,SUN,TARGET,0.00,POINTING_ERROR,-42.50,SUN_ERROR,-42.36,MAG_ERROR,160.03,GYRO_Z,-0.109,RW_CMD,0
TM,EST_RAW,42.36,EST_FILTERED,42.36,EST_ANGLE,42.50,EST_FILTER,ON,EST_FILTER_TYPE,MOVING_AVERAGE,EST_MA_WINDOW,1,EST_FILTER_STRENGTH,0.35
TM,EST_FUSION,ON,EST_GYRO_WEIGHT,0.98,EST_VALID,1
TM,SUN_L,3529,SUN_R,2942,SUN_NDV,0.0907,SUN_ANGLE,42.35
TM,MAG_X,-6.48,MAG_Y,-2.46,MAG_Z,-19.41,MAG_HEADING,200.82
TM,GYRO_X,-0.962,GYRO_Y,-2.266,GYRO_Z,-0.232,BODY_RATE,0.232
TM,ADCS_MODE,MANUAL,ADCS_REFERENCE,SUN,TARGET,0.00,POINTING_ERROR,-42.50,SUN_ERROR,-42.31,MAG_ERROR,159.18,GYRO_Z,0.066,RW_CMD,0
TM,EST_RAW,42.31,EST_FILTERED,42.31,EST_ANGLE,42.50,EST_FILTER,ON,EST_FILTER_TYPE,MOVING_AVERAGE,EST_MA_WINDOW,1,EST_FILTER_STRENGTH,0.35
TM,EST_FUSION,ON,EST_GYRO_WEIGHT,0.98,EST_VALID,1
TM,SUN_L,3528,SUN_R,2942,SUN_NDV,0.0906,SUN_ANGLE,42.33
TM,MAG_X,-6.46,MAG_Y,-2.48,MAG_Z,-19.68,MAG_HEADING,200.99
TM,GYRO_X,-1.024,GYRO_Y,-2.371,GYRO_Z,-0.232,BODY_RATE,0.232
TM,ADCS_MODE,MANUAL,ADCS_REFERENCE,SUN,TARGET,0.00,POINTING_ERROR,-42.49,SUN_ERROR,-42.35,MAG_ERROR,160.04,GYRO_Z,0.031,RW_CMD,0
TM,EST_RAW,42.35,EST_FILTERED,42.35,EST_ANGLE,42.49,EST_FILTER,ON,EST_FILTER_TYPE,MOVING_AVERAGE,EST_MA_WINDOW,1,EST_FILTER_STRENGTH,0.35
TM,EST_FUSION,ON,EST_GYRO_WEIGHT,0.98,EST_VALID,1
TM,SUN_L,3528,SUN_R,2942,SUN_NDV,0.0906,SUN_ANGLE,42.34
TM,MAG_X,-6.61,MAG_Y,-2.40,MAG_Z,-19.52,MAG_HEADING,199.96
TM,GYRO_X,-1.085,GYRO_Y,-2.188,GYRO_Z,-0.048,BODY_RATE,0.048
TM,ADCS_MODE,MANUAL,ADCS_REFERENCE,SUN,TARGET,0.00,POINTING_ERROR,-42.51,SUN_ERROR,-42.34,MAG_ERROR,159.54,GYRO_Z,0.013,RW_CMD,0
TM,EST_RAW,42.34,EST_FILTERED,42.34,EST_ANGLE,42.51,EST_FILTER,ON,EST_FILTER_TYPE,MOVING_AVERAGE,EST_MA_WINDOW,1,EST_FILTER_STRENGTH,0.35
TM,EST_FUSION,ON,EST_GYRO_WEIGHT,0.98,EST_VALID,1
TM,SUN_L,3527,SUN_R,2942,SUN_NDV,0.0904,SUN_ANGLE,42.37
TM,MAG_X,-6.48,MAG_Y,-2.48,MAG_Z,-19.50,MAG_HEADING,200.94
TM,GYRO_X,-1.242,GYRO_Y,-2.214,GYRO_Z,-0.101,BODY_RATE,0.101
TM,SUN_L,3528,SUN_R,2942,SUN_NDV,0.0906,SUN_ANGLE,42.31
TM,MAG_X,-6.45,MAG_Y,-2.54,MAG_Z,-19.39,MAG_HEADING,201.53
TM,GYRO_X,-1.111,GYRO_Y,-2.118,GYRO_Z,-0.363,BODY_RATE,0.363
TM,ADCS_MODE,MANUAL,ADCS_REFERENCE,SUN,TARGET,0.00,POINTING_ERROR,-42.51,SUN_ERROR,-42.34,MAG_ERROR,158.47,GYRO_Z,-0.459,RW_CMD,0
TM,EST_RAW,42.34,EST_FILTERED,42.34,EST_ANGLE,42.51,EST_FILTER,ON,EST_FILTER_TYPE,MOVING_AVERAGE,EST_MA_WINDOW,1,EST_FILTER_STRENGTH,0.35
TM,EST_FUSION,ON,EST_GYRO_WEIGHT,0.98,EST_VALID,1
TM,SUN_L,3529,SUN_R,2942,SUN_NDV,0.0907,SUN_ANGLE,42.34
TM,MAG_X,-6.50,MAG_Y,-2.62,MAG_Z,-19.33,MAG_HEADING,202.00
TM,GYRO_X,-1.006,GYRO_Y,-2.065,GYRO_Z,-0.109,BODY_RATE,0.109
TM,ADCS_MODE,MANUAL,ADCS_REFERENCE,SUN,TARGET,0.00,POINTING_ERROR,-42.51,SUN_ERROR,-42.34,MAG_ERROR,159.15,GYRO_Z,-0.144,RW_CMD,0
TM,EST_RAW,42.34,EST_FILTERED,42.34,EST_ANGLE,42.51,EST_FILTER,ON,EST_FILTER_TYPE,MOVING_AVERAGE,EST_MA_WINDOW,1,EST_FILTER_STRENGTH,0.35
TM,EST_FUSION,ON,EST_GYRO_WEIGHT,0.98,EST_VALID,1
TM,SUN_L,3528,SUN_R,2942,SUN_NDV,0.0906,SUN_ANGLE,42.34
TM,MAG_X,-6.51,MAG_Y,-2.48,MAG_Z,-19.33,MAG_HEADING,200.85
TM,GYRO_X,-1.041,GYRO_Y,-2.021,GYRO_Z,-0.337,BODY_RATE,0.337
TM,ADCS_MODE,MANUAL,ADCS_REFERENCE,SUN,TARGET,0.00,POINTING_ERROR,-42.49,SUN_ERROR,-42.34,MAG_ERROR,158.48,GYRO_Z,-0.136,RW_CMD,0
TM,EST_RAW,42.34,EST_FILTERED,42.34,EST_ANGLE,42.49,EST_FILTER,ON,EST_FILTER_TYPE,MOVING_AVERAGE,EST_MA_WINDOW,1,EST_FILTER_STRENGTH,0.35
TM,EST_FUSION,ON,EST_GYRO_WEIGHT,0.98,EST_VALID,1
TM,SUN_L,3529,SUN_R,2942,SUN_NDV,0.0907,SUN_ANGLE,42.34
TM,MAG_X,-6.45,MAG_Y,-2.34,MAG_Z,-19.22,MAG_HEADING,199.91
TM,GYRO_X,-0.945,GYRO_Y,-2.109,GYRO_Z,-0.293,BODY_RATE,0.293
TM,ADCS_MODE,MANUAL,ADCS_REFERENCE,SUN,TARGET,0.00,POINTING_ERROR,-42.48,SUN_ERROR,-42.34,MAG_ERROR,159.21,GYRO_Z,-0.319,RW_CMD,0
TM,EST_RAW,42.34,EST_FILTERED,42.34,EST_ANGLE,42.48,EST_FILTER,ON,EST_FILTER_TYPE,MOVING_AVERAGE,EST_MA_WINDOW,1,EST_FILTER_STRENGTH,0.35
TM,EST_FUSION,ON,EST_GYRO_WEIGHT,0.98,EST_VALID,1
TM,SUN_L,3529,SUN_R,2942,SUN_NDV,0.0907,SUN_ANGLE,42.32
TM,MAG_X,-6.45,MAG_Y,-2.45,MAG_Z,-19.26,MAG_HEADING,200.79
TM,GYRO_X,-0.971,GYRO_Y,-2.170,GYRO_Z,0.022,BODY_RATE,-0.022
TM,SUN_L,3526,SUN_R,2942,SUN_NDV,0.0903,SUN_ANGLE,42.37
TM,MAG_X,-6.40,MAG_Y,-2.46,MAG_Z,-19.14,MAG_HEADING,201.06
TM,GYRO_X,-1.050,GYRO_Y,-2.126,GYRO_Z,-0.267,BODY_RATE,0.267
TM,ADCS_MODE,MANUAL,ADCS_REFERENCE,SUN,TARGET,0.00,POINTING_ERROR,-42.48,SUN_ERROR,-42.33,MAG_ERROR,158.94,GYRO_Z,-0.153,RW_CMD,0
TM,EST_RAW,42.33,EST_FILTERED,42.33,EST_ANGLE,42.48,EST_FILTER,ON,EST_FILTER_TYPE,MOVING_AVERAGE,EST_MA_WINDOW,1,EST_FILTER_STRENGTH,0.35
TM,EST_FUSION,ON,EST_GYRO_WEIGHT,0.98,EST_VALID,1
TM,SUN_L,3528,SUN_R,2942,SUN_NDV,0.0906,SUN_ANGLE,42.34
TM,MAG_X,-6.45,MAG_Y,-2.43,MAG_Z,-19.22,MAG_HEADING,200.67
TM,GYRO_X,-1.041,GYRO_Y,-2.231,GYRO_Z,-0.302,BODY_RATE,0.302
TM,ADCS_MODE,MANUAL,ADCS_REFERENCE,SUN,TARGET,0.00,POINTING_ERROR,-42.51,SUN_ERROR,-42.38,MAG_ERROR,159.33,GYRO_Z,-0.354,RW_CMD,0
TM,EST_RAW,42.38,EST_FILTERED,42.38,EST_ANGLE,42.51,EST_FILTER,ON,EST_FILTER_TYPE,MOVING_AVERAGE,EST_MA_WINDOW,1,EST_FILTER_STRENGTH,0.35
TM,EST_FUSION,ON,EST_GYRO_WEIGHT,0.98,EST_VALID,1
TM,SUN_L,3528,SUN_R,2942,SUN_NDV,0.0906,SUN_ANGLE,42.34
TM,MAG_X,-6.35,MAG_Y,-2.59,MAG_Z,-19.22,MAG_HEADING,202.20
TM,GYRO_X,-0.945,GYRO_Y,-2.257,GYRO_Z,-0.074,BODY_RATE,0.074
TM,ADCS_MODE,MANUAL,ADCS_REFERENCE,SUN,TARGET,0.00,POINTING_ERROR,-42.52,SUN_ERROR,-42.35,MAG_ERROR,157.56,GYRO_Z,-0.092,RW_CMD,0
TM,EST_RAW,42.35,EST_FILTERED,42.35,EST_ANGLE,42.52,EST_FILTER,ON,EST_FILTER_TYPE,MOVING_AVERAGE,EST_MA_WINDOW,1,EST_FILTER_STRENGTH,0.35
TM,EST_FUSION,ON,EST_GYRO_WEIGHT,0.98,EST_VALID,1
TM,SUN_L,3527,SUN_R,2943,SUN_NDV,0.0903,SUN_ANGLE,42.34
TM,MAG_X,-6.43,MAG_Y,-2.66,MAG_Z,-19.23,MAG_HEADING,202.44
TM,GYRO_X,-0.840,GYRO_Y,-2.152,GYRO_Z,-0.337,BODY_RATE,0.337
TM,ADCS_MODE,MANUAL,ADCS_REFERENCE,SUN,TARGET,0.00,POINTING_ERROR,-42.50,SUN_ERROR,-42.32,MAG_ERROR,158.49,GYRO_Z,-0.092,RW_CMD,0
TM,EST_RAW,42.32,EST_FILTERED,42.32,EST_ANGLE,42.50,EST_FILTER,ON,EST_FILTER_TYPE,MOVING_AVERAGE,EST_MA_WINDOW,1,EST_FILTER_STRENGTH,0.35
TM,EST_FUSION,ON,EST_GYRO_WEIGHT,0.98,EST_VALID,1
TM,SUN_L,3529,SUN_R,2943,SUN_NDV,0.0905,SUN_ANGLE,42.35
TM,MAG_X,-6.50,MAG_Y,-2.56,MAG_Z,-19.22,MAG_HEADING,201.51
TM,GYRO_X,-1.225,GYRO_Y,-2.065,GYRO_Z,-0.153,BODY_RATE,0.153
TM,SUN_L,3528,SUN_R,2943,SUN_NDV,0.0904,SUN_ANGLE,42.32
TM,MAG_X,-6.46,MAG_Y,-2.72,MAG_Z,-19.01,MAG_HEADING,202.82
TM,GYRO_X,-1.024,GYRO_Y,-2.047,GYRO_Z,-0.267,BODY_RATE,0.267
TM,ADCS_MODE,MANUAL,ADCS_REFERENCE,SUN,TARGET,0.00,POINTING_ERROR,-42.49,SUN_ERROR,-42.27,MAG_ERROR,157.18,GYRO_Z,0.109,RW_CMD,0
TM,EST_RAW,42.27,EST_FILTERED,42.27,EST_ANGLE,42.49,EST_FILTER,ON,EST_FILTER_TYPE,MOVING_AVERAGE,EST_MA_WINDOW,1,EST_FILTER_STRENGTH,0.35
TM,EST_FUSION,ON,EST_GYRO_WEIGHT,0.98,EST_VALID,1
TM,SUN_L,3527,SUN_R,2943,SUN_NDV,0.0903,SUN_ANGLE,42.29
TM,MAG_X,-6.43,MAG_Y,-2.46,MAG_Z,-19.28,MAG_HEADING,200.96
TM,GYRO_X,-1.076,GYRO_Y,-2.179,GYRO_Z,-0.162,BODY_RATE,0.162
TM,ADCS_MODE,MANUAL,ADCS_REFERENCE,SUN,TARGET,0.00,POINTING_ERROR,-42.49,SUN_ERROR,-42.31,MAG_ERROR,159.04,GYRO_Z,-0.127,RW_CMD,0
TM,EST_RAW,42.31,EST_FILTERED,42.31,EST_ANGLE,42.49,EST_FILTER,ON,EST_FILTER_TYPE,MOVING_AVERAGE,EST_MA_WINDOW,1,EST_FILTER_STRENGTH,0.35
TM,EST_FUSION,ON,EST_GYRO_WEIGHT,0.98,EST_VALID,1
TM,SUN_L,3527,SUN_R,2943,SUN_NDV,0.0903,SUN_ANGLE,42.27
TM,MAG_X,-6.26,MAG_Y,-2.53,MAG_Z,-19.25,MAG_HEADING,202.00
TM,GYRO_X,-1.102,GYRO_Y,-2.336,GYRO_Z,-0.127,BODY_RATE,0.127
TM,ADCS_MODE,MANUAL,ADCS_REFERENCE,SUN,TARGET,0.00,POINTING_ERROR,-42.49,SUN_ERROR,-42.33,MAG_ERROR,158.37,GYRO_Z,-0.258,RW_CMD,0
TM,EST_RAW,42.33,EST_FILTERED,42.33,EST_ANGLE,42.49,EST_FILTER,ON,EST_FILTER_TYPE,MOVING_AVERAGE,EST_MA_WINDOW,1,EST_FILTER_STRENGTH,0.35
TM,EST_FUSION,ON,EST_GYRO_WEIGHT,0.98,EST_VALID,1
TM,SUN_L,3528,SUN_R,2943,SUN_NDV,0.0904,SUN_ANGLE,42.31
TM,MAG_X,-6.42,MAG_Y,-2.54,MAG_Z,-19.22,MAG_HEADING,201.63
TM,GYRO_X,-1.059,GYRO_Y,-2.301,GYRO_Z,-0.118,BODY_RATE,0.118
TM,ADCS_MODE,MANUAL,ADCS_REFERENCE,SUN,TARGET,0.00,POINTING_ERROR,-42.49,SUN_ERROR,-42.35,MAG_ERROR,157.70,GYRO_Z,-0.153,RW_CMD,0
TM,EST_RAW,42.35,EST_FILTERED,42.35,EST_ANGLE,42.49,EST_FILTER,ON,EST_FILTER_TYPE,MOVING_AVERAGE,EST_MA_WINDOW,1,EST_FILTER_STRENGTH,0.35
TM,EST_FUSION,ON,EST_GYRO_WEIGHT,0.98,EST_VALID,1
TM,SUN_L,3527,SUN_R,2944,SUN_NDV,0.0901,SUN_ANGLE,42.26
TM,MAG_X,-6.66,MAG_Y,-2.75,MAG_Z,-19.33,MAG_HEADING,202.46
TM,GYRO_X,-1.041,GYRO_Y,-1.969,GYRO_Z,-0.057,BODY_RATE,0.057
TM,SUN_L,3527,SUN_R,2942,SUN_NDV,0.0904,SUN_ANGLE,42.32
TM,MAG_X,-6.43,MAG_Y,-2.53,MAG_Z,-19.12,MAG_HEADING,201.46
TM,GYRO_X,-1.155,GYRO_Y,-2.091,GYRO_Z,-0.319,BODY_RATE,0.319
TM,ADCS_MODE,MANUAL,ADCS_REFERENCE,SUN,TARGET,0.00,POINTING_ERROR,-42.48,SUN_ERROR,-42.32,MAG_ERROR,158.54,GYRO_Z,-0.206,RW_CMD,0
TM,EST_RAW,42.32,EST_FILTERED,42.32,EST_ANGLE,42.48,EST_FILTER,ON,EST_FILTER_TYPE,MOVING_AVERAGE,EST_MA_WINDOW,1,EST_FILTER_STRENGTH,0.35
TM,EST_FUSION,ON,EST_GYRO_WEIGHT,0.98,EST_VALID,1
TM,SUN_L,3528,SUN_R,2942,SUN_NDV,0.0906,SUN_ANGLE,42.35
TM,MAG_X,-6.40,MAG_Y,-2.56,MAG_Z,-19.02,MAG_HEADING,201.80
TM,GYRO_X,-1.190,GYRO_Y,-2.074,GYRO_Z,-0.363,BODY_RATE,0.363
TM,ADCS_MODE,MANUAL,ADCS_REFERENCE,SUN,TARGET,0.00,POINTING_ERROR,-42.49,SUN_ERROR,-42.31,MAG_ERROR,159.11,GYRO_Z,-0.337,RW_CMD,0
TM,EST_RAW,42.31,EST_FILTERED,42.31,EST_ANGLE,42.49,EST_FILTER,ON,EST_FILTER_TYPE,MOVING_AVERAGE,EST_MA_WINDOW,1,EST_FILTER_STRENGTH,0.35
TM,EST_FUSION,ON,EST_GYRO_WEIGHT,0.98,EST_VALID,1
TM,SUN_L,3528,SUN_R,2942,SUN_NDV,0.0906,SUN_ANGLE,42.32
TM,MAG_X,-6.34,MAG_Y,-2.45,MAG_Z,-19.06,MAG_HEADING,201.12
TM,GYRO_X,-1.269,GYRO_Y,-2.082,GYRO_Z,-0.031,BODY_RATE,0.031
TM,ADCS_MODE,MANUAL,ADCS_REFERENCE,SUN,TARGET,0.00,POINTING_ERROR,-42.48,SUN_ERROR,-42.33,MAG_ERROR,158.88,GYRO_Z,-0.171,RW_CMD,0
TM,EST_RAW,42.33,EST_FILTERED,42.33,EST_ANGLE,42.48,EST_FILTER,ON,EST_FILTER_TYPE,MOVING_AVERAGE,EST_MA_WINDOW,1,EST_FILTER_STRENGTH,0.35
TM,EST_FUSION,ON,EST_GYRO_WEIGHT,0.98,EST_VALID,1
TM,SUN_L,3528,SUN_R,2941,SUN_NDV,0.0907,SUN_ANGLE,42.35
TM,MAG_X,-6.35,MAG_Y,-2.54,MAG_Z,-19.20,MAG_HEADING,201.83
TM,GYRO_X,-0.954,GYRO_Y,-2.109,GYRO_Z,0.127,BODY_RATE,-0.127
TM,ADCS_MODE,MANUAL,ADCS_REFERENCE,SUN,TARGET,0.00,POINTING_ERROR,-42.49,SUN_ERROR,-42.35,MAG_ERROR,157.61,GYRO_Z,-0.127,RW_CMD,0
TM,EST_RAW,42.35,EST_FILTERED,42.35,EST_ANGLE,42.49,EST_FILTER,ON,EST_FILTER_TYPE,MOVING_AVERAGE,EST_MA_WINDOW,1,EST_FILTER_STRENGTH,0.35
TM,EST_FUSION,ON,EST_GYRO_WEIGHT,0.98,EST_VALID,1
TM,SUN_L,3527,SUN_R,2941,SUN_NDV,0.0906,SUN_ANGLE,42.31
TM,MAG_X,-6.37,MAG_Y,-2.62,MAG_Z,-19.23,MAG_HEADING,202.39
TM,GYRO_X,-1.138,GYRO_Y,-2.196,GYRO_Z,-0.066,BODY_RATE,0.066
TM,SUN_L,3526,SUN_R,2941,SUN_NDV,0.0905,SUN_ANGLE,42.36
TM,MAG_X,-6.30,MAG_Y,-2.54,MAG_Z,-19.25,MAG_HEADING,201.98
TM,GYRO_X,-1.286,GYRO_Y,-2.065,GYRO_Z,-0.162,BODY_RATE,0.162
TM,ADCS_MODE,MANUAL,ADCS_REFERENCE,SUN,TARGET,0.00,POINTING_ERROR,-42.49,SUN_ERROR,-42.34,MAG_ERROR,158.02,GYRO_Z,-0.223,RW_CMD,0
TM,EST_RAW,42.34,EST_FILTERED,42.34,EST_ANGLE,42.49,EST_FILTER,ON,EST_FILTER_TYPE,MOVING_AVERAGE,EST_MA_WINDOW,1,EST_FILTER_STRENGTH,0.35
TM,EST_FUSION,ON,EST_GYRO_WEIGHT,0.98,EST_VALID,1
TM,SUN_L,3528,SUN_R,2941,SUN_NDV,0.0907,SUN_ANGLE,42.34
TM,MAG_X,-6.34,MAG_Y,-2.58,MAG_Z,-19.33,MAG_HEADING,202.12
TM,GYRO_X,-1.076,GYRO_Y,-2.135,GYRO_Z,-0.162,BODY_RATE,0.162
TM,ADCS_MODE,MANUAL,ADCS_REFERENCE,SUN,TARGET,0.00,POINTING_ERROR,-42.49,SUN_ERROR,-42.35,MAG_ERROR,157.88,GYRO_Z,-0.101,RW_CMD,0
TM,EST_RAW,42.35,EST_FILTERED,42.35,EST_ANGLE,42.49,EST_FILTER,ON,EST_FILTER_TYPE,MOVING_AVERAGE,EST_MA_WINDOW,1,EST_FILTER_STRENGTH,0.35
TM,EST_FUSION,ON,EST_GYRO_WEIGHT,0.98,EST_VALID,1
TM,SUN_L,3528,SUN_R,2942,SUN_NDV,0.0906,SUN_ANGLE,42.33
TM,MAG_X,-6.30,MAG_Y,-2.64,MAG_Z,-19.09,MAG_HEADING,202.72
TM,GYRO_X,-1.138,GYRO_Y,-2.126,GYRO_Z,-0.039,BODY_RATE,0.039
TM,ADCS_MODE,MANUAL,ADCS_REFERENCE,SUN,TARGET,0.00,POINTING_ERROR,-42.50,SUN_ERROR,-42.32,MAG_ERROR,157.76,GYRO_Z,-0.188,RW_CMD,0
TM,EST_RAW,42.32,EST_FILTERED,42.32,EST_ANGLE,42.50,EST_FILTER,ON,EST_FILTER_TYPE,MOVING_AVERAGE,EST_MA_WINDOW,1,EST_FILTER_STRENGTH,0.35
TM,EST_FUSION,ON,EST_GYRO_WEIGHT,0.98,EST_VALID,1
TM,SUN_L,3526,SUN_R,2942,SUN_NDV,0.0903,SUN_ANGLE,42.34
TM,MAG_X,-6.42,MAG_Y,-2.62,MAG_Z,-19.20,MAG_HEADING,202.24
TM,GYRO_X,-1.199,GYRO_Y,-2.135,GYRO_Z,-0.022,BODY_RATE,0.022
TM,ADCS_MODE,MANUAL,ADCS_REFERENCE,SUN,TARGET,0.00,POINTING_ERROR,-42.50,SUN_ERROR,-42.33,MAG_ERROR,158.37,GYRO_Z,-0.127,RW_CMD,0
TM,EST_RAW,42.33,EST_FILTERED,42.33,EST_ANGLE,42.50,EST_FILTER,ON,EST_FILTER_TYPE,MOVING_AVERAGE,EST_MA_WINDOW,1,EST_FILTER_STRENGTH,0.35
TM,EST_FUSION,ON,EST_GYRO_WEIGHT,0.98,EST_VALID,1
TM,SUN_L,3528,SUN_R,2942,SUN_NDV,0.0906,SUN_ANGLE,42.34
TM,MAG_X,-6.42,MAG_Y,-2.54,MAG_Z,-19.20,MAG_HEADING,201.63
TM,GYRO_X,-0.892,GYRO_Y,-2.266,GYRO_Z,-0.346,BODY_RATE,0.346
TM,SUN_L,3529,SUN_R,2942,SUN_NDV,0.0907,SUN_ANGLE,42.32
TM,MAG_X,-6.45,MAG_Y,-2.48,MAG_Z,-19.10,MAG_HEADING,201.04
TM,GYRO_X,-0.954,GYRO_Y,-2.179,GYRO_Z,-0.451,BODY_RATE,0.451
TM,ADCS_MODE,MANUAL,ADCS_REFERENCE,SUN,TARGET,0.00,POINTING_ERROR,-42.50,SUN_ERROR,-42.33,MAG_ERROR,158.96,GYRO_Z,-0.232,RW_CMD,0
TM,EST_RAW,42.33,EST_FILTERED,42.33,EST_ANGLE,42.50,EST_FILTER,ON,EST_FILTER_TYPE,MOVING_AVERAGE,EST_MA_WINDOW,1,EST_FILTER_STRENGTH,0.35
TM,EST_FUSION,ON,EST_GYRO_WEIGHT,0.98,EST_VALID,1
TM,SUN_L,3529,SUN_R,2942,SUN_NDV,0.0907,SUN_ANGLE,42.35
TM,MAG_X,-6.21,MAG_Y,-2.48,MAG_Z,-19.04,MAG_HEADING,201.78
TM,GYRO_X,-1.033,GYRO_Y,-2.179,GYRO_Z,-0.127,BODY_RATE,0.127
TM,ADCS_MODE,MANUAL,ADCS_REFERENCE,SUN,TARGET,0.00,POINTING_ERROR,-42.50,SUN_ERROR,-42.32,MAG_ERROR,158.22,GYRO_Z,-0.258,RW_CMD,0
TM,EST_RAW,42.32,EST_FILTERED,42.32,EST_ANGLE,42.50,EST_FILTER,ON,EST_FILTER_TYPE,MOVING_AVERAGE,EST_MA_WINDOW,1,EST_FILTER_STRENGTH,0.35
TM,EST_FUSION,ON,EST_GYRO_WEIGHT,0.98,EST_VALID,1
TM,SUN_L,3528,SUN_R,2942,SUN_NDV,0.0906,SUN_ANGLE,42.35
TM,MAG_X,-6.34,MAG_Y,-2.59,MAG_Z,-19.20,MAG_HEADING,202.25
TM,GYRO_X,-1.181,GYRO_Y,-1.977,GYRO_Z,-0.136,BODY_RATE,0.136
TM,ADCS_MODE,MANUAL,ADCS_REFERENCE,SUN,TARGET,0.00,POINTING_ERROR,-42.50,SUN_ERROR,-42.32,MAG_ERROR,159.06,GYRO_Z,-0.249,RW_CMD,0
TM,EST_RAW,42.32,EST_FILTERED,42.32,EST_ANGLE,42.50,EST_FILTER,ON,EST_FILTER_TYPE,MOVING_AVERAGE,EST_MA_WINDOW,1,EST_FILTER_STRENGTH,0.35
TM,EST_FUSION,ON,EST_GYRO_WEIGHT,0.98,EST_VALID,1
TM,SUN_L,3528,SUN_R,2942,SUN_NDV,0.0906,SUN_ANGLE,42.35
TM,MAG_X,-6.29,MAG_Y,-2.56,MAG_Z,-19.36,MAG_HEADING,202.15
TM,GYRO_X,-0.971,GYRO_Y,-2.240,GYRO_Z,-0.206,BODY_RATE,0.206
TM,ADCS_MODE,MANUAL,ADCS_REFERENCE,SUN,TARGET,0.00,POINTING_ERROR,-42.50,SUN_ERROR,-42.34,MAG_ERROR,157.85,GYRO_Z,-0.214,RW_CMD,0
TM,EST_RAW,42.34,EST_FILTERED,42.34,EST_ANGLE,42.50,EST_FILTER,ON,EST_FILTER_TYPE,MOVING_AVERAGE,EST_MA_WINDOW,1,EST_FILTER_STRENGTH,0.35
TM,EST_FUSION,ON,EST_GYRO_WEIGHT,0.98,EST_VALID,1
TM,SUN_L,3528,SUN_R,2942,SUN_NDV,0.0906,SUN_ANGLE,42.23
TM,MAG_X,-6.29,MAG_Y,-2.56,MAG_Z,-19.14,MAG_HEADING,202.15
TM,GYRO_X,-0.796,GYRO_Y,-2.223,GYRO_Z,-0.214,BODY_RATE,0.214
TM,SUN_L,3529,SUN_R,2942,SUN_NDV,0.0907,SUN_ANGLE,42.33
TM,MAG_X,-6.37,MAG_Y,-2.70,MAG_Z,-19.04,MAG_HEADING,203.01
TM,GYRO_X,-1.111,GYRO_Y,-2.231,GYRO_Z,-0.144,BODY_RATE,0.144
TM,ADCS_MODE,MANUAL,ADCS_REFERENCE,SUN,TARGET,0.00,POINTING_ERROR,-42.50,SUN_ERROR,-42.33,MAG_ERROR,156.99,GYRO_Z,-0.092,RW_CMD,0
TM,EST_RAW,42.33,EST_FILTERED,42.33,EST_ANGLE,42.50,EST_FILTER,ON,EST_FILTER_TYPE,MOVING_AVERAGE,EST_MA_WINDOW,1,EST_FILTER_STRENGTH,0.35
TM,EST_FUSION,ON,EST_GYRO_WEIGHT,0.98,EST_VALID,1
TM,SUN_L,3530,SUN_R,2943,SUN_NDV,0.0907,SUN_ANGLE,42.32
TM,MAG_X,-6.32,MAG_Y,-2.58,MAG_Z,-19.06,MAG_HEADING,202.18
TM,GYRO_X,-1.102,GYRO_Y,-1.916,GYRO_Z,-0.101,BODY_RATE,0.101
TM,ADCS_MODE,MANUAL,ADCS_REFERENCE,SUN,TARGET,0.00,POINTING_ERROR,-42.49,SUN_ERROR,-42.36,MAG_ERROR,157.26,GYRO_Z,-0.109,RW_CMD,0
TM,EST_RAW,42.36,EST_FILTERED,42.36,EST_ANGLE,42.49,EST_FILTER,ON,EST_FILTER_TYPE,MOVING_AVERAGE,EST_MA_WINDOW,1,EST_FILTER_STRENGTH,0.35
TM,EST_FUSION,ON,EST_GYRO_WEIGHT,0.98,EST_VALID,1
TM,SUN_L,3530,SUN_R,2942,SUN_NDV,0.0909,SUN_ANGLE,42.34
TM,MAG_X,-6.35,MAG_Y,-2.54,MAG_Z,-19.25,MAG_HEADING,201.83
TM,GYRO_X,-1.041,GYRO_Y,-2.065,GYRO_Z,-0.328,BODY_RATE,0.328
TM,ADCS_MODE,MANUAL,ADCS_REFERENCE,SUN,TARGET,0.00,POINTING_ERROR,-42.50,SUN_ERROR,-42.34,MAG_ERROR,158.17,GYRO_Z,-0.197,RW_CMD,0
TM,EST_RAW,42.34,EST_FILTERED,42.34,EST_ANGLE,42.50,EST_FILTER,ON,EST_FILTER_TYPE,MOVING_AVERAGE,EST_MA_WINDOW,1,EST_FILTER_STRENGTH,0.35
TM,EST_FUSION,ON,EST_GYRO_WEIGHT,0.98,EST_VALID,1
TM,SUN_L,3529,SUN_R,2942,SUN_NDV,0.0907,SUN_ANGLE,42.34
TM,MAG_X,-6.35,MAG_Y,-2.61,MAG_Z,-19.10,MAG_HEADING,202.32
TM,GYRO_X,-1.050,GYRO_Y,-2.284,GYRO_Z,-0.013,BODY_RATE,0.013
TM,ADCS_MODE,MANUAL,ADCS_REFERENCE,SUN,TARGET,0.00,POINTING_ERROR,-42.51,SUN_ERROR,-42.34,MAG_ERROR,157.17,GYRO_Z,-0.389,RW_CMD,0
TM,EST_RAW,42.34,EST_FILTERED,42.34,EST_ANGLE,42.51,EST_FILTER,ON,EST_FILTER_TYPE,MOVING_AVERAGE,EST_MA_WINDOW,1,EST_FILTER_STRENGTH,0.35
TM,EST_FUSION,ON,EST_GYRO_WEIGHT,0.98,EST_VALID,1
TM,SUN_L,3528,SUN_R,2942,SUN_NDV,0.0906,SUN_ANGLE,42.34
TM,MAG_X,-6.27,MAG_Y,-2.64,MAG_Z,-19.12,MAG_HEADING,202.83
TM,GYRO_X,-0.980,GYRO_Y,-2.362,GYRO_Z,-0.153,BODY_RATE,0.153
TM,SUN_L,3529,SUN_R,2942,SUN_NDV,0.0907,SUN_ANGLE,42.33
TM,MAG_X,-6.24,MAG_Y,-2.50,MAG_Z,-18.99,MAG_HEADING,201.80
TM,GYRO_X,-1.173,GYRO_Y,-2.109,GYRO_Z,-0.311,BODY_RATE,0.311
TM,ADCS_MODE,MANUAL,ADCS_REFERENCE,SUN,TARGET,0.00,POINTING_ERROR,-42.49,SUN_ERROR,-42.33,MAG_ERROR,158.20,GYRO_Z,-0.057,RW_CMD,0
TM,EST_RAW,42.33,EST_FILTERED,42.33,EST_ANGLE,42.49,EST_FILTER,ON,EST_FILTER_TYPE,MOVING_AVERAGE,EST_MA_WINDOW,1,EST_FILTER_STRENGTH,0.35
TM,EST_FUSION,ON,EST_GYRO_WEIGHT,0.98,EST_VALID,1
TM,SUN_L,3529,SUN_R,2942,SUN_NDV,0.0907,SUN_ANGLE,42.32
TM,MAG_X,-6.42,MAG_Y,-2.54,MAG_Z,-19.09,MAG_HEADING,201.63
TM,GYRO_X,-0.892,GYRO_Y,-2.301,GYRO_Z,-0.249,BODY_RATE,0.249
TM,ADCS_MODE,MANUAL,ADCS_REFERENCE,SUN,TARGET,0.00,POINTING_ERROR,-42.49,SUN_ERROR,-42.33,MAG_ERROR,158.37,GYRO_Z,-0.223,RW_CMD,0
TM,EST_RAW,42.33,EST_FILTERED,42.33,EST_ANGLE,42.49,EST_FILTER,ON,EST_FILTER_TYPE,MOVING_AVERAGE,EST_MA_WINDOW,1,EST_FILTER_STRENGTH,0.35
TM,EST_FUSION,ON,EST_GYRO_WEIGHT,0.98,EST_VALID,1
TM,SUN_L,3528,SUN_R,2941,SUN_NDV,0.0907,SUN_ANGLE,42.36
TM,MAG_X,-6.38,MAG_Y,-2.59,MAG_Z,-19.15,MAG_HEADING,202.10
TM,GYRO_X,-0.945,GYRO_Y,-2.170,GYRO_Z,-0.127,BODY_RATE,0.127
TM,ADCS_MODE,MANUAL,ADCS_REFERENCE,SUN,TARGET,0.00,POINTING_ERROR,-42.49,SUN_ERROR,-42.34,MAG_ERROR,158.30,GYRO_Z,0.039,RW_CMD,0
TM,EST_RAW,42.34,EST_FILTERED,42.34,EST_ANGLE,42.49,EST_FILTER,ON,EST_FILTER_TYPE,MOVING_AVERAGE,EST_MA_WINDOW,1,EST_FILTER_STRENGTH,0.35
TM,EST_FUSION,ON,EST_GYRO_WEIGHT,0.98,EST_VALID,1
TM,SUN_L,3528,SUN_R,2941,SUN_NDV,0.0907,SUN_ANGLE,42.35
TM,MAG_X,-6.35,MAG_Y,-2.53,MAG_Z,-19.46,MAG_HEADING,201.70
TM,GYRO_X,-1.356,GYRO_Y,-2.126,GYRO_Z,-0.232,BODY_RATE,0.232
TM,ADCS_MODE,MANUAL,ADCS_REFERENCE,SUN,TARGET,0.00,POINTING_ERROR,-42.49,SUN_ERROR,-42.34,MAG_ERROR,157.48,GYRO_Z,-0.048,RW_CMD,0
TM,EST_RAW,42.34,EST_FILTERED,42.34,EST_ANGLE,42.49,EST_FILTER,ON,EST_FILTER_TYPE,MOVING_AVERAGE,EST_MA_WINDOW,1,EST_FILTER_STRENGTH,0.35
TM,EST_FUSION,ON,EST_GYRO_WEIGHT,0.98,EST_VALID,1
TM,SUN_L,3527,SUN_R,2941,SUN_NDV,0.0906,SUN_ANGLE,42.29
TM,MAG_X,-6.48,MAG_Y,-2.59,MAG_Z,-19.02,MAG_HEADING,201.80
TM,GYRO_X,-1.164,GYRO_Y,-2.021,GYRO_Z,0.031,BODY_RATE,-0.031
TM,SUN_L,3529,SUN_R,2942,SUN_NDV,0.0907,SUN_ANGLE,42.37
TM,MAG_X,-6.35,MAG_Y,-2.59,MAG_Z,-18.98,MAG_HEADING,202.20
TM,GYRO_X,-1.111,GYRO_Y,-2.170,GYRO_Z,-0.118,BODY_RATE,0.118
TM,ADCS_MODE,MANUAL,ADCS_REFERENCE,SUN,TARGET,0.00,POINTING_ERROR,-42.49,SUN_ERROR,-42.33,MAG_ERROR,157.80,GYRO_Z,-0.328,RW_CMD,0
TM,EST_RAW,42.33,EST_FILTERED,42.33,EST_ANGLE,42.49,EST_FILTER,ON,EST_FILTER_TYPE,MOVING_AVERAGE,EST_MA_WINDOW,1,EST_FILTER_STRENGTH,0.35
TM,EST_FUSION,ON,EST_GYRO_WEIGHT,0.98,EST_VALID,1
TM,SUN_L,3528,SUN_R,2941,SUN_NDV,0.0907,SUN_ANGLE,42.34
TM,MAG_X,-6.40,MAG_Y,-2.50,MAG_Z,-19.02,MAG_HEADING,201.31
TM,GYRO_X,-0.831,GYRO_Y,-2.214,GYRO_Z,-0.293,BODY_RATE,0.293
TM,ADCS_MODE,MANUAL,ADCS_REFERENCE,SUN,TARGET,0.00,POINTING_ERROR,-42.49,SUN_ERROR,-42.29,MAG_ERROR,157.62,GYRO_Z,-0.214,RW_CMD,0
TM,EST_RAW,42.29,EST_FILTERED,42.29,EST_ANGLE,42.49,EST_FILTER,ON,EST_FILTER_TYPE,MOVING_AVERAGE,EST_MA_WINDOW,1,EST_FILTER_STRENGTH,0.35
TM,EST_FUSION,ON,EST_GYRO_WEIGHT,0.98,EST_VALID,1
TM,SUN_L,3528,SUN_R,2942,SUN_NDV,0.0906,SUN_ANGLE,42.35
TM,MAG_X,-6.53,MAG_Y,-2.69,MAG_Z,-18.99,MAG_HEADING,202.38
TM,GYRO_X,-1.094,GYRO_Y,-2.249,GYRO_Z,-0.424,BODY_RATE,0.424
TM,ADCS_MODE,MANUAL,ADCS_REFERENCE,SUN,TARGET,0.00,POINTING_ERROR,-42.49,SUN_ERROR,-42.34,MAG_ERROR,156.97,GYRO_Z,-0.328,RW_CMD,0
TM,EST_RAW,42.34,EST_FILTERED,42.34,EST_ANGLE,42.49,EST_FILTER,ON,EST_FILTER_TYPE,MOVING_AVERAGE,EST_MA_WINDOW,1,EST_FILTER_STRENGTH,0.35
TM,EST_FUSION,ON,EST_GYRO_WEIGHT,0.98,EST_VALID,1
TM,SUN_L,3528,SUN_R,2942,SUN_NDV,0.0906,SUN_ANGLE,42.35
TM,MAG_X,-6.37,MAG_Y,-2.53,MAG_Z,-19.14,MAG_HEADING,201.65
TM,GYRO_X,-0.858,GYRO_Y,-2.354,GYRO_Z,-0.057,BODY_RATE,0.057
TM,ADCS_MODE,MANUAL,ADCS_REFERENCE,SUN,TARGET,0.00,POINTING_ERROR,-42.49,SUN_ERROR,-42.33,MAG_ERROR,157.60,GYRO_Z,-0.188,RW_CMD,0
TM,EST_RAW,42.33,EST_FILTERED,42.33,EST_ANGLE,42.49,EST_FILTER,ON,EST_FILTER_TYPE,MOVING_AVERAGE,EST_MA_WINDOW,1,EST_FILTER_STRENGTH,0.35
TM,EST_FUSION,ON,EST_GYRO_WEIGHT,0.98,EST_VALID,1
TM,SUN_L,3529,SUN_R,2942,SUN_NDV,0.0907,SUN_ANGLE,42.29
TM,MAG_X,-6.29,MAG_Y,-2.59,MAG_Z,-19.18,MAG_HEADING,202.40
TM,GYRO_X,-1.234,GYRO_Y,-2.336,GYRO_Z,-0.311,BODY_RATE,0.311
TM,SUN_L,3526,SUN_R,2942,SUN_NDV,0.0903,SUN_ANGLE,42.34
TM,MAG_X,-6.32,MAG_Y,-2.59,MAG_Z,-19.10,MAG_HEADING,202.30
TM,GYRO_X,-1.067,GYRO_Y,-2.039,GYRO_Z,-0.153,BODY_RATE,0.153
TM,ADCS_MODE,MANUAL,ADCS_REFERENCE,SUN,TARGET,0.00,POINTING_ERROR,-42.48,SUN_ERROR,-42.34,MAG_ERROR,157.70,GYRO_Z,-0.179,RW_CMD,0
TM,EST_RAW,42.34,EST_FILTERED,42.34,EST_ANGLE,42.48,EST_FILTER,ON,EST_FILTER_TYPE,MOVING_AVERAGE,EST_MA_WINDOW,1,EST_FILTER_STRENGTH,0.35
TM,EST_FUSION,ON,EST_GYRO_WEIGHT,0.98,EST_VALID,1
TM,SUN_L,3528,SUN_R,2942,SUN_NDV,0.0906,SUN_ANGLE,42.33
TM,MAG_X,-6.40,MAG_Y,-2.51,MAG_Z,-19.07,MAG_HEADING,201.43
TM,GYRO_X,-0.901,GYRO_Y,-2.135,GYRO_Z,-0.127,BODY_RATE,0.127
TM,ADCS_MODE,MANUAL,ADCS_REFERENCE,SUN,TARGET,0.00,POINTING_ERROR,-42.48,SUN_ERROR,-42.34,MAG_ERROR,158.57,GYRO_Z,-0.232,RW_CMD,0
TM,EST_RAW,42.34,EST_FILTERED,42.34,EST_ANGLE,42.48,EST_FILTER,ON,EST_FILTER_TYPE,MOVING_AVERAGE,EST_MA_WINDOW,1,EST_FILTER_STRENGTH,0.35
TM,EST_FUSION,ON,EST_GYRO_WEIGHT,0.98,EST_VALID,1
TM,SUN_L,3528,SUN_R,2942,SUN_NDV,0.0906,SUN_ANGLE,42.34
TM,MAG_X,-6.13,MAG_Y,-2.62,MAG_Z,-19.15,MAG_HEADING,203.18
TM,GYRO_X,-1.304,GYRO_Y,-2.109,GYRO_Z,-0.171,BODY_RATE,0.171
TM,ADCS_MODE,MANUAL,ADCS_REFERENCE,SUN,TARGET,0.00,POINTING_ERROR,-42.47,SUN_ERROR,-42.34,MAG_ERROR,157.29,GYRO_Z,-0.153,RW_CMD,0
TM,EST_RAW,42.34,EST_FILTERED,42.34,EST_ANGLE,42.47,EST_FILTER,ON,EST_FILTER_TYPE,MOVING_AVERAGE,EST_MA_WINDOW,1,EST_FILTER_STRENGTH,0.35
TM,EST_FUSION,ON,EST_GYRO_WEIGHT,0.98,EST_VALID,1
TM,SUN_L,3529,SUN_R,2942,SUN_NDV,0.0907,SUN_ANGLE,42.35
TM,MAG_X,-6.38,MAG_Y,-2.67,MAG_Z,-19.04,MAG_HEADING,202.71
TM,GYRO_X,-0.962,GYRO_Y,-2.240,GYRO_Z,-0.241,BODY_RATE,0.241
TM,ADCS_MODE,MANUAL,ADCS_REFERENCE,SUN,TARGET,0.00,POINTING_ERROR,-42.46,SUN_ERROR,-42.37,MAG_ERROR,158.38,GYRO_Z,-0.468,RW_CMD,0
TM,EST_RAW,42.37,EST_FILTERED,42.37,EST_ANGLE,42.46,EST_FILTER,ON,EST_FILTER_TYPE,MOVING_AVERAGE,EST_MA_WINDOW,1,EST_FILTER_STRENGTH,0.35
TM,EST_FUSION,ON,EST_GYRO_WEIGHT,0.98,EST_VALID,1
TM,SUN_L,3528,SUN_R,2943,SUN_NDV,0.0904,SUN_ANGLE,42.34
TM,MAG_X,-6.26,MAG_Y,-2.48,MAG_Z,-19.23,MAG_HEADING,201.62
TM,GYRO_X,-0.910,GYRO_Y,-2.406,GYRO_Z,-0.127,BODY_RATE,0.127
TM,SUN_L,3529,SUN_R,2941,SUN_NDV,0.0909,SUN_ANGLE,42.35
TM,MAG_X,-6.35,MAG_Y,-2.54,MAG_Z,-18.90,MAG_HEADING,201.83
TM,GYRO_X,-0.971,GYRO_Y,-2.118,GYRO_Z,-0.337,BODY_RATE,0.337
TM,ADCS_MODE,MANUAL,ADCS_REFERENCE,SUN,TARGET,0.00,POINTING_ERROR,-42.48,SUN_ERROR,-42.35,MAG_ERROR,158.17,GYRO_Z,0.118,RW_CMD,0
TM,EST_RAW,42.35,EST_FILTERED,42.35,EST_ANGLE,42.48,EST_FILTER,ON,EST_FILTER_TYPE,MOVING_AVERAGE,EST_MA_WINDOW,1,EST_FILTER_STRENGTH,0.35
TM,EST_FUSION,ON,EST_GYRO_WEIGHT,0.98,EST_VALID,1
TM,SUN_L,3528,SUN_R,2941,SUN_NDV,0.0907,SUN_ANGLE,42.34
TM,MAG_X,-6.56,MAG_Y,-2.77,MAG_Z,-18.91,MAG_HEADING,202.88
TM,GYRO_X,-1.146,GYRO_Y,-2.188,GYRO_Z,-0.241,BODY_RATE,0.241
TM,ADCS_MODE,MANUAL,ADCS_REFERENCE,SUN,TARGET,0.00,POINTING_ERROR,-42.49,SUN_ERROR,-42.33,MAG_ERROR,157.12,GYRO_Z,-0.057,RW_CMD,0
TM,EST_RAW,42.33,EST_FILTERED,42.33,EST_ANGLE,42.49,EST_FILTER,ON,EST_FILTER_TYPE,MOVING_AVERAGE,EST_MA_WINDOW,1,EST_FILTER_STRENGTH,0.35
TM,EST_FUSION,ON,EST_GYRO_WEIGHT,0.98,EST_VALID,1
TM,SUN_L,3528,SUN_R,2941,SUN_NDV,0.0907,SUN_ANGLE,42.34
TM,MAG_X,-6.30,MAG_Y,-2.62,MAG_Z,-19.20,MAG_HEADING,202.60
TM,GYRO_X,-1.041,GYRO_Y,-2.319,GYRO_Z,-0.232,BODY_RATE,0.232
TM,ADCS_MODE,MANUAL,ADCS_REFERENCE,SUN,TARGET,0.00,POINTING_ERROR,-42.48,SUN_ERROR,-42.31,MAG_ERROR,156.96,GYRO_Z,-0.004,RW_CMD,0
TM,EST_RAW,42.31,EST_FILTERED,42.31,EST_ANGLE,42.48,EST_FILTER,ON,EST_FILTER_TYPE,MOVING_AVERAGE,EST_MA_WINDOW,1,EST_FILTER_STRENGTH,0.35
TM,EST_FUSION,ON,EST_GYRO_WEIGHT,0.98,EST_VALID,1
TM,SUN_L,3528,SUN_R,2942,SUN_NDV,0.0906,SUN_ANGLE,42.36
TM,MAG_X,-6.32,MAG_Y,-2.69,MAG_Z,-19.17,MAG_HEADING,203.04
TM,GYRO_X,-1.146,GYRO_Y,-2.030,GYRO_Z,-0.162,BODY_RATE,0.162
TM,ADCS_MODE,MANUAL,ADCS_REFERENCE,SUN,TARGET,0.00,POINTING_ERROR,-42.48,SUN_ERROR,-42.35,MAG_ERROR,157.10,GYRO_Z,0.048,RW_CMD,0
TM,EST_RAW,42.35,EST_FILTERED,42.35,EST_ANGLE,42.48,EST_FILTER,ON,EST_FILTER_TYPE,MOVING_AVERAGE,EST_MA_WINDOW,1,EST_FILTER_STRENGTH,0.35
TM,EST_FUSION,ON,EST_GYRO_WEIGHT,0.98,EST_VALID,1
TM,SUN_L,3528,SUN_R,2941,SUN_NDV,0.0907,SUN_ANGLE,42.32
TM,MAG_X,-6.37,MAG_Y,-2.48,MAG_Z,-19.17,MAG_HEADING,201.28
TM,GYRO_X,-1.173,GYRO_Y,-1.969,GYRO_Z,-0.179,BODY_RATE,0.179
TM,SUN_L,3529,SUN_R,2943,SUN_NDV,0.0905,SUN_ANGLE,42.32
TM,MAG_X,-6.34,MAG_Y,-2.54,MAG_Z,-19.07,MAG_HEADING,201.88
TM,GYRO_X,-1.111,GYRO_Y,-2.284,GYRO_Z,-0.039,BODY_RATE,0.039
TM,ADCS_MODE,MANUAL,ADCS_REFERENCE,SUN,TARGET,0.00,POINTING_ERROR,-42.46,SUN_ERROR,-42.32,MAG_ERROR,158.12,GYRO_Z,-0.197,RW_CMD,0
TM,EST_RAW,42.32,EST_FILTERED,42.32,EST_ANGLE,42.46,EST_FILTER,ON,EST_FILTER_TYPE,MOVING_AVERAGE,EST_MA_WINDOW,1,EST_FILTER_STRENGTH,0.35
TM,EST_FUSION,ON,EST_GYRO_WEIGHT,0.98,EST_VALID,1
TM,SUN_L,3528,SUN_R,2942,SUN_NDV,0.0906,SUN_ANGLE,42.34
TM,MAG_X,-6.22,MAG_Y,-2.58,MAG_Z,-18.96,MAG_HEADING,202.48
TM,GYRO_X,-1.067,GYRO_Y,-2.301,GYRO_Z,-0.004,BODY_RATE,0.004
TM,ADCS_MODE,MANUAL,ADCS_REFERENCE,SUN,TARGET,0.00,POINTING_ERROR,-42.47,SUN_ERROR,-42.39,MAG_ERROR,157.58,GYRO_Z,-0.013,RW_CMD,0
TM,EST_RAW,42.39,EST_FILTERED,42.39,EST_ANGLE,42.47,EST_FILTER,ON,EST_FILTER_TYPE,MOVING_AVERAGE,EST_MA_WINDOW,1,EST_FILTER_STRENGTH,0.35
TM,EST_FUSION,ON,EST_GYRO_WEIGHT,0.98,EST_VALID,1
TM,SUN_L,3528,SUN_R,2943,SUN_NDV,0.0904,SUN_ANGLE,42.34
TM,MAG_X,-6.38,MAG_Y,-2.56,MAG_Z,-19.26,MAG_HEADING,201.85
TM,GYRO_X,-1.076,GYRO_Y,-2.109,GYRO_Z,-0.249,BODY_RATE,0.249
TM,ADCS_MODE,MANUAL,ADCS_REFERENCE,SUN,TARGET,0.00,POINTING_ERROR,-42.48,SUN_ERROR,-42.35,MAG_ERROR,158.15,GYRO_Z,-0.232,RW_CMD,0
TM,EST_RAW,42.35,EST_FILTERED,42.35,EST_ANGLE,42.48,EST_FILTER,ON,EST_FILTER_TYPE,MOVING_AVERAGE,EST_MA_WINDOW,1,EST_FILTER_STRENGTH,0.35
TM,EST_FUSION,ON,EST_GYRO_WEIGHT,0.98,EST_VALID,1
TM,SUN_L,3528,SUN_R,2942,SUN_NDV,0.0906,SUN_ANGLE,42.33
TM,MAG_X,-6.27,MAG_Y,-2.61,MAG_Z,-19.62,MAG_HEADING,202.58
TM,GYRO_X,-0.971,GYRO_Y,-2.371,GYRO_Z,-0.363,BODY_RATE,0.363
TM,ADCS_MODE,MANUAL,ADCS_REFERENCE,SUN,TARGET,0.00,POINTING_ERROR,-42.49,SUN_ERROR,-42.31,MAG_ERROR,158.90,GYRO_Z,-0.118,RW_CMD,0
TM,EST_RAW,42.31,EST_FILTERED,42.31,EST_ANGLE,42.49,EST_FILTER,ON,EST_FILTER_TYPE,MOVING_AVERAGE,EST_MA_WINDOW,1,EST_FILTER_STRENGTH,0.35
TM,EST_FUSION,ON,EST_GYRO_WEIGHT,0.98,EST_VALID,1
TM,SUN_L,3528,SUN_R,2944,SUN_NDV,0.0902,SUN_ANGLE,42.26
TM,MAG_X,-6.38,MAG_Y,-2.46,MAG_Z,-19.04,MAG_HEADING,201.10
TM,GYRO_X,-0.954,GYRO_Y,-2.091,GYRO_Z,-0.363,BODY_RATE,0.363
TM,SUN_L,3528,SUN_R,2942,SUN_NDV,0.0906,SUN_ANGLE,42.32
TM,MAG_X,-6.34,MAG_Y,-2.53,MAG_Z,-19.22,MAG_HEADING,201.75
TM,GYRO_X,-0.849,GYRO_Y,-2.196,GYRO_Z,-0.179,BODY_RATE,0.179
TM,ADCS_MODE,MANUAL,ADCS_REFERENCE,SUN,TARGET,0.00,POINTING_ERROR,-42.50,SUN_ERROR,-42.32,MAG_ERROR,158.25,GYRO_Z,-0.092,RW_CMD,0
TM,EST_RAW,42.32,EST_FILTERED,42.32,EST_ANGLE,42.50,EST_FILTER,ON,EST_FILTER_TYPE,MOVING_AVERAGE,EST_MA_WINDOW,1,EST_FILTER_STRENGTH,0.35
TM,EST_FUSION,ON,EST_GYRO_WEIGHT,0.98,EST_VALID,1
TM,SUN_L,3528,SUN_R,2943,SUN_NDV,0.0904,SUN_ANGLE,42.34
TM,MAG_X,-6.35,MAG_Y,-2.61,MAG_Z,-18.93,MAG_HEADING,202.32
TM,GYRO_X,-1.006,GYRO_Y,-2.109,GYRO_Z,-0.249,BODY_RATE,0.249
TM,ADCS_MODE,MANUAL,ADCS_REFERENCE,SUN,TARGET,0.00,POINTING_ERROR,-42.49,SUN_ERROR,-42.33,MAG_ERROR,157.68,GYRO_Z,-0.153,RW_CMD,0
TM,EST_RAW,42.33,EST_FILTERED,42.33,EST_ANGLE,42.49,EST_FILTER,ON,EST_FILTER_TYPE,MOVING_AVERAGE,EST_MA_WINDOW,1,EST_FILTER_STRENGTH,0.35
TM,EST_FUSION,ON,EST_GYRO_WEIGHT,0.98,EST_VALID,1
TM,SUN_L,3529,SUN_R,2943,SUN_NDV,0.0905,SUN_ANGLE,42.34
TM,MAG_X,-6.29,MAG_Y,-2.51,MAG_Z,-19.23,MAG_HEADING,201.78
TM,GYRO_X,-0.901,GYRO_Y,-2.266,GYRO_Z,-0.179,BODY_RATE,0.179
TM,ADCS_MODE,MANUAL,ADCS_REFERENCE,SUN,TARGET,0.00,POINTING_ERROR,-42.49,SUN_ERROR,-42.35,MAG_ERROR,158.17,GYRO_Z,-0.066,RW_CMD,0
TM,EST_RAW,42.35,EST_FILTERED,42.35,EST_ANGLE,42.49,EST_FILTER,ON,EST_FILTER_TYPE,MOVING_AVERAGE,EST_MA_WINDOW,1,EST_FILTER_STRENGTH,0.35
TM,EST_FUSION,ON,EST_GYRO_WEIGHT,0.98,EST_VALID,1
TM,SUN_L,3527,SUN_R,2943,SUN_NDV,0.0903,SUN_ANGLE,42.32
TM,MAG_X,-6.35,MAG_Y,-2.54,MAG_Z,-19.20,MAG_HEADING,201.83
TM,GYRO_X,-0.858,GYRO_Y,-2.319,GYRO_Z,-0.346,BODY_RATE,0.346
TM,ADCS_MODE,MANUAL,ADCS_REFERENCE,SUN,TARGET,0.00,POINTING_ERROR,-42.49,SUN_ERROR,-42.32,MAG_ERROR,157.95,GYRO_Z,-0.118,RW_CMD,0
TM,EST_RAW,42.32,EST_FILTERED,42.32,EST_ANGLE,42.49,EST_FILTER,ON,EST_FILTER_TYPE,MOVING_AVERAGE,EST_MA_WINDOW,1,EST_FILTER_STRENGTH,0.35
TM,EST_FUSION,ON,EST_GYRO_WEIGHT,0.98,EST_VALID,1
TM,SUN_L,3528,SUN_R,2942,SUN_NDV,0.0906,SUN_ANGLE,42.33
TM,MAG_X,-6.32,MAG_Y,-2.56,MAG_Z,-19.01,MAG_HEADING,202.05
TM,GYRO_X,-1.111,GYRO_Y,-2.214,GYRO_Z,-0.179,BODY_RATE,0.179
TM,SUN_L,3528,SUN_R,2942,SUN_NDV,0.0906,SUN_ANGLE,42.32
TM,MAG_X,-6.59,MAG_Y,-2.58,MAG_Z,-19.01,MAG_HEADING,201.34
TM,GYRO_X,-0.998,GYRO_Y,-2.056,GYRO_Z,-0.302,BODY_RATE,0.302
TM,ADCS_MODE,MANUAL,ADCS_REFERENCE,SUN,TARGET,0.00,POINTING_ERROR,-42.50,SUN_ERROR,-42.33,MAG_ERROR,158.66,GYRO_Z,-0.232,RW_CMD,0
TM,EST_RAW,42.33,EST_FILTERED,42.33,EST_ANGLE,42.50,EST_FILTER,ON,EST_FILTER_TYPE,MOVING_AVERAGE,EST_MA_WINDOW,1,EST_FILTER_STRENGTH,0.35
TM,EST_FUSION,ON,EST_GYRO_WEIGHT,0.98,EST_VALID,1
TM,SUN_L,3527,SUN_R,2943,SUN_NDV,0.0903,SUN_ANGLE,42.33
TM,MAG_X,-6.32,MAG_Y,-2.66,MAG_Z,-19.12,MAG_HEADING,202.79
TM,GYRO_X,-0.840,GYRO_Y,-2.450,GYRO_Z,-0.293,BODY_RATE,0.293
TM,ADCS_MODE,MANUAL,ADCS_REFERENCE,SUN,TARGET,0.00,POINTING_ERROR,-42.51,SUN_ERROR,-42.33,MAG_ERROR,157.21,GYRO_Z,-0.328,RW_CMD,0
TM,EST_RAW,42.33,EST_FILTERED,42.33,EST_ANGLE,42.51,EST_FILTER,ON,EST_FILTER_TYPE,MOVING_AVERAGE,EST_MA_WINDOW,1,EST_FILTER_STRENGTH,0.35
TM,EST_FUSION,ON,EST_GYRO_WEIGHT,0.98,EST_VALID,1
TM,SUN_L,3528,SUN_R,2943,SUN_NDV,0.0904,SUN_ANGLE,42.28
TM,MAG_X,-6.42,MAG_Y,-2.61,MAG_Z,-19.04,MAG_HEADING,202.12
TM,GYRO_X,-0.980,GYRO_Y,-2.196,GYRO_Z,-0.468,BODY_RATE,0.468
TM,ADCS_MODE,MANUAL,ADCS_REFERENCE,SUN,TARGET,0.00,POINTING_ERROR,-42.52,SUN_ERROR,-42.35,MAG_ERROR,157.13,GYRO_Z,-0.109,RW_CMD,0
TM,EST_RAW,42.35,EST_FILTERED,42.35,EST_ANGLE,42.52,EST_FILTER,ON,EST_FILTER_TYPE,MOVING_AVERAGE,EST_MA_WINDOW,1,EST_FILTER_STRENGTH,0.35
TM,EST_FUSION,ON,EST_GYRO_WEIGHT,0.98,EST_VALID,1
TM,SUN_L,3528,SUN_R,2942,SUN_NDV,0.0906,SUN_ANGLE,42.34
TM,MAG_X,-6.37,MAG_Y,-2.66,MAG_Z,-19.17,MAG_HEADING,202.64
TM,GYRO_X,-1.269,GYRO_Y,-2.065,GYRO_Z,-0.179,BODY_RATE,0.179
TM,ADCS_MODE,MANUAL,ADCS_REFERENCE,SUN,TARGET,0.00,POINTING_ERROR,-42.52,SUN_ERROR,-42.36,MAG_ERROR,157.13,GYRO_Z,-0.302,RW_CMD,0
TM,EST_RAW,42.36,EST_FILTERED,42.36,EST_ANGLE,42.52,EST_FILTER,ON,EST_FILTER_TYPE,MOVING_AVERAGE,EST_MA_WINDOW,1,EST_FILTER_STRENGTH,0.35
TM,EST_FUSION,ON,EST_GYRO_WEIGHT,0.98,EST_VALID,1
TM,SUN_L,3528,SUN_R,2942,SUN_NDV,0.0906,SUN_ANGLE,42.34
TM,MAG_X,-6.34,MAG_Y,-2.67,MAG_Z,-19.15,MAG_HEADING,202.87
TM,GYRO_X,-1.111,GYRO_Y,-2.336,GYRO_Z,-0.162,BODY_RATE,0.162
TM,SUN_L,3528,SUN_R,2942,SUN_NDV,0.0906,SUN_ANGLE,42.34
TM,MAG_X,-6.35,MAG_Y,-2.69,MAG_Z,-19.20,MAG_HEADING,202.94
TM,GYRO_X,-0.858,GYRO_Y,-2.319,GYRO_Z,-0.153,BODY_RATE,0.153
TM,ADCS_MODE,MANUAL,ADCS_REFERENCE,SUN,TARGET,0.00,POINTING_ERROR,-42.53,SUN_ERROR,-42.34,MAG_ERROR,157.06,GYRO_Z,-0.048,RW_CMD,0
TM,EST_RAW,42.34,EST_FILTERED,42.34,EST_ANGLE,42.53,EST_FILTER,ON,EST_FILTER_TYPE,MOVING_AVERAGE,EST_MA_WINDOW,1,EST_FILTER_STRENGTH,0.35
TM,EST_FUSION,ON,EST_GYRO_WEIGHT,0.98,EST_VALID,1
TM,SUN_L,3528,SUN_R,2942,SUN_NDV,0.0906,SUN_ANGLE,42.36
TM,MAG_X,-6.42,MAG_Y,-2.62,MAG_Z,-19.06,MAG_HEADING,202.24
TM,GYRO_X,-1.111,GYRO_Y,-2.100,GYRO_Z,-0.022,BODY_RATE,0.022
TM,ADCS_MODE,MANUAL,ADCS_REFERENCE,SUN,TARGET,0.00,POINTING_ERROR,-42.53,SUN_ERROR,-42.34,MAG_ERROR,156.59,GYRO_Z,-0.407,RW_CMD,0
TM,EST_RAW,42.34,EST_FILTERED,42.34,EST_ANGLE,42.53,EST_FILTER,ON,EST_FILTER_TYPE,MOVING_AVERAGE,EST_MA_WINDOW,1,EST_FILTER_STRENGTH,0.35
TM,EST_FUSION,ON,EST_GYRO_WEIGHT,0.98,EST_VALID,1
TM,SUN_L,3529,SUN_R,2942,SUN_NDV,0.0907,SUN_ANGLE,42.34
TM,MAG_X,-6.29,MAG_Y,-2.75,MAG_Z,-19.23,MAG_HEADING,203.64
TM,GYRO_X,-1.234,GYRO_Y,-2.398,GYRO_Z,-0.039,BODY_RATE,0.039
TM,ADCS_MODE,MANUAL,ADCS_REFERENCE,SUN,TARGET,0.00,POINTING_ERROR,-42.52,SUN_ERROR,-42.36,MAG_ERROR,156.36,GYRO_Z,-0.074,RW_CMD,0
TM,EST_RAW,42.36,EST_FILTERED,42.36,EST_ANGLE,42.52,EST_FILTER,ON,EST_FILTER_TYPE,MOVING_AVERAGE,EST_MA_WINDOW,1,EST_FILTER_STRENGTH,0.35
TM,EST_FUSION,ON,EST_GYRO_WEIGHT,0.98,EST_VALID,1
TM,SUN_L,3530,SUN_R,2942,SUN_NDV,0.0909,SUN_ANGLE,42.34
TM,MAG_X,-6.32,MAG_Y,-2.77,MAG_Z,-19.09,MAG_HEADING,203.65
TM,GYRO_X,-1.120,GYRO_Y,-2.336,GYRO_Z,-0.179,BODY_RATE,0.179
TM,ADCS_MODE,MANUAL,ADCS_REFERENCE,SUN,TARGET,0.00,POINTING_ERROR,-42.51,SUN_ERROR,-42.31,MAG_ERROR,157.15,GYRO_Z,-0.249,RW_CMD,0
TM,EST_RAW,42.31,EST_FILTERED,42.31,EST_ANGLE,42.51,EST_FILTER,ON,EST_FILTER_TYPE,MOVING_AVERAGE,EST_MA_WINDOW,1,EST_FILTER_STRENGTH,0.35
TM,EST_FUSION,ON,EST_GYRO_WEIGHT,0.98,EST_VALID,1
TM,SUN_L,3529,SUN_R,2942,SUN_NDV,0.0907,SUN_ANGLE,42.35
TM,MAG_X,-6.42,MAG_Y,-2.70,MAG_Z,-19.20,MAG_HEADING,202.85
TM,GYRO_X,-0.971,GYRO_Y,-2.371,GYRO_Z,-0.311,BODY_RATE,0.311
TM,SUN_L,3528,SUN_R,2942,SUN_NDV,0.0906,SUN_ANGLE,42.33
TM,MAG_X,-6.51,MAG_Y,-2.67,MAG_Z,-19.10,MAG_HEADING,202.31
TM,GYRO_X,-1.207,GYRO_Y,-2.091,GYRO_Z,-0.153,BODY_RATE,0.153
TM,ADCS_MODE,MANUAL,ADCS_REFERENCE,SUN,TARGET,0.00,POINTING_ERROR,-42.51,SUN_ERROR,-42.33,MAG_ERROR,157.69,GYRO_Z,0.022,RW_CMD,0
TM,EST_RAW,42.33,EST_FILTERED,42.33,EST_ANGLE,42.51,EST_FILTER,ON,EST_FILTER_TYPE,MOVING_AVERAGE,EST_MA_WINDOW,1,EST_FILTER_STRENGTH,0.35
TM,EST_FUSION,ON,EST_GYRO_WEIGHT,0.98,EST_VALID,1
TM,SUN_L,3529,SUN_R,2943,SUN_NDV,0.0905,SUN_ANGLE,42.33
TM,MAG_X,-6.59,MAG_Y,-2.75,MAG_Z,-19.04,MAG_HEADING,202.66
TM,GYRO_X,-0.980,GYRO_Y,-2.301,GYRO_Z,-0.249,BODY_RATE,0.249
TM,ADCS_MODE,MANUAL,ADCS_REFERENCE,SUN,TARGET,0.00,POINTING_ERROR,-42.49,SUN_ERROR,-42.34,MAG_ERROR,157.34,GYRO_Z,0.013,RW_CMD,0
TM,EST_RAW,42.34,EST_FILTERED,42.34,EST_ANGLE,42.49,EST_FILTER,ON,EST_FILTER_TYPE,MOVING_AVERAGE,EST_MA_WINDOW,1,EST_FILTER_STRENGTH,0.35
TM,EST_FUSION,ON,EST_GYRO_WEIGHT,0.98,EST_VALID,1
TM,SUN_L,3529,SUN_R,2943,SUN_NDV,0.0905,SUN_ANGLE,42.35
TM,MAG_X,-6.34,MAG_Y,-2.70,MAG_Z,-19.28,MAG_HEADING,203.11
TM,GYRO_X,-1.059,GYRO_Y,-2.021,GYRO_Z,-0.083,BODY_RATE,0.083
TM,ADCS_MODE,MANUAL,ADCS_REFERENCE,SUN,TARGET,0.00,POINTING_ERROR,-42.50,SUN_ERROR,-42.35,MAG_ERROR,156.29,GYRO_Z,-0.346,RW_CMD,0
TM,EST_RAW,42.35,EST_FILTERED,42.35,EST_ANGLE,42.50,EST_FILTER,ON,EST_FILTER_TYPE,MOVING_AVERAGE,EST_MA_WINDOW,1,EST_FILTER_STRENGTH,0.35
TM,EST_FUSION,ON,EST_GYRO_WEIGHT,0.98,EST_VALID,1
TM,SUN_L,3528,SUN_R,2942,SUN_NDV,0.0906,SUN_ANGLE,42.35
TM,MAG_X,-6.30,MAG_Y,-2.77,MAG_Z,-19.22,MAG_HEADING,203.71
TM,GYRO_X,-1.094,GYRO_Y,-2.135,GYRO_Z,-0.206,BODY_RATE,0.206
TM,ADCS_MODE,MANUAL,ADCS_REFERENCE,SUN,TARGET,0.00,POINTING_ERROR,-42.50,SUN_ERROR,-42.35,MAG_ERROR,156.58,GYRO_Z,-0.171,RW_CMD,0
TM,EST_RAW,42.35,EST_FILTERED,42.35,EST_ANGLE,42.50,EST_FILTER,ON,EST_FILTER_TYPE,MOVING_AVERAGE,EST_MA_WINDOW,1,EST_FILTER_STRENGTH,0.35
TM,EST_FUSION,ON,EST_GYRO_WEIGHT,0.98,EST_VALID,1
TM,SUN_L,3527,SUN_R,2942,SUN_NDV,0.0904,SUN_ANGLE,42.33
TM,MAG_X,-6.53,MAG_Y,-2.75,MAG_Z,-19.14,MAG_HEADING,202.86
TM,GYRO_X,-1.155,GYRO_Y,-2.231,GYRO_Z,-0.057,BODY_RATE,0.057
TM,SUN_L,3528,SUN_R,2942,SUN_NDV,0.0906,SUN_ANGLE,42.34
TM,MAG_X,-6.50,MAG_Y,-2.66,MAG_Z,-19.28,MAG_HEADING,202.24
TM,GYRO_X,-1.094,GYRO_Y,-2.214,GYRO_Z,-0.214,BODY_RATE,0.214
TM,ADCS_MODE,MANUAL,ADCS_REFERENCE,SUN,TARGET,0.00,POINTING_ERROR,-42.52,SUN_ERROR,-42.35,MAG_ERROR,157.76,GYRO_Z,-0.451,RW_CMD,0
TM,EST_RAW,42.35,EST_FILTERED,42.35,EST_ANGLE,42.52,EST_FILTER,ON,EST_FILTER_TYPE,MOVING_AVERAGE,EST_MA_WINDOW,1,EST_FILTER_STRENGTH,0.35
TM,EST_FUSION,ON,EST_GYRO_WEIGHT,0.98,EST_VALID,1
TM,SUN_L,3527,SUN_R,2942,SUN_NDV,0.0904,SUN_ANGLE,42.32
TM,MAG_X,-6.38,MAG_Y,-2.67,MAG_Z,-19.06,MAG_HEADING,202.71
TM,GYRO_X,-0.936,GYRO_Y,-2.336,GYRO_Z,-0.328,BODY_RATE,0.328
TM,ADCS_MODE,MANUAL,ADCS_REFERENCE,SUN,TARGET,0.00,POINTING_ERROR,-42.52,SUN_ERROR,-42.37,MAG_ERROR,155.93,GYRO_Z,-0.223,RW_CMD,0
TM,EST_RAW,42.37,EST_FILTERED,42.37,EST_ANGLE,42.52,EST_FILTER,ON,EST_FILTER_TYPE,MOVING_AVERAGE,EST_MA_WINDOW,1,EST_FILTER_STRENGTH,0.35
TM,EST_FUSION,ON,EST_GYRO_WEIGHT,0.98,EST_VALID,1
TM,SUN_L,3527,SUN_R,2942,SUN_NDV,0.0904,SUN_ANGLE,42.38
TM,MAG_X,-6.30,MAG_Y,-2.82,MAG_Z,-19.10,MAG_HEADING,204.07
TM,GYRO_X,-1.085,GYRO_Y,-2.275,GYRO_Z,0.101,BODY_RATE,-0.101
TM,ADCS_MODE,MANUAL,ADCS_REFERENCE,SUN,TARGET,0.00,POINTING_ERROR,-42.53,SUN_ERROR,-42.35,MAG_ERROR,156.77,GYRO_Z,-0.057,RW_CMD,0
TM,EST_RAW,42.35,EST_FILTERED,42.35,EST_ANGLE,42.53,EST_FILTER,ON,EST_FILTER_TYPE,MOVING_AVERAGE,EST_MA_WINDOW,1,EST_FILTER_STRENGTH,0.35
TM,EST_FUSION,ON,EST_GYRO_WEIGHT,0.98,EST_VALID,1
TM,SUN_L,3528,SUN_R,2942,SUN_NDV,0.0906,SUN_ANGLE,42.41
TM,MAG_X,-6.22,MAG_Y,-2.83,MAG_Z,-19.14,MAG_HEADING,204.47
TM,GYRO_X,-0.901,GYRO_Y,-2.257,GYRO_Z,-0.092,BODY_RATE,0.092
TM,ADCS_MODE,MANUAL,ADCS_REFERENCE,SUN,TARGET,0.00,POINTING_ERROR,-42.53,SUN_ERROR,-42.30,MAG_ERROR,156.78,GYRO_Z,-0.337,RW_CMD,0
TM,EST_RAW,42.30,EST_FILTERED,42.30,EST_ANGLE,42.53,EST_FILTER,ON,EST_FILTER_TYPE,MOVING_AVERAGE,EST_MA_WINDOW,1,EST_FILTER_STRENGTH,0.35
TM,EST_FUSION,ON,EST_GYRO_WEIGHT,0.98,EST_VALID,1
TM,SUN_L,3529,SUN_R,2943,SUN_NDV,0.0905,SUN_ANGLE,42.34
TM,MAG_X,-6.42,MAG_Y,-2.75,MAG_Z,-19.28,MAG_HEADING,203.22
TM,GYRO_X,-0.752,GYRO_Y,-2.293,GYRO_Z,-0.302,BODY_RATE,0.302
TM,SUN_L,3529,SUN_R,2942,SUN_NDV,0.0907,SUN_ANGLE,42.35
TM,MAG_X,-6.40,MAG_Y,-2.70,MAG_Z,-19.17,MAG_HEADING,202.90
TM,GYRO_X,-0.971,GYRO_Y,-2.144,GYRO_Z,-0.311,BODY_RATE,0.311
TM,ADCS_MODE,MANUAL,ADCS_REFERENCE,SUN,TARGET,0.00,POINTING_ERROR,-42.53,SUN_ERROR,-42.34,MAG_ERROR,157.10,GYRO_Z,-0.004,RW_CMD,0
TM,EST_RAW,42.34,EST_FILTERED,42.34,EST_ANGLE,42.53,EST_FILTER,ON,EST_FILTER_TYPE,MOVING_AVERAGE,EST_MA_WINDOW,1,EST_FILTER_STRENGTH,0.35
TM,EST_FUSION,ON,EST_GYRO_WEIGHT,0.98,EST_VALID,1
TM,SUN_L,3529,SUN_R,2942,SUN_NDV,0.0907,SUN_ANGLE,42.35
TM,MAG_X,-6.32,MAG_Y,-2.77,MAG_Z,-19.09,MAG_HEADING,203.65
TM,GYRO_X,-1.015,GYRO_Y,-2.188,GYRO_Z,-0.232,BODY_RATE,0.232
TM,ADCS_MODE,MANUAL,ADCS_REFERENCE,SUN,TARGET,0.00,POINTING_ERROR,-42.54,SUN_ERROR,-42.36,MAG_ERROR,156.35,GYRO_Z,-0.284,RW_CMD,0
TM,EST_RAW,42.36,EST_FILTERED,42.36,EST_ANGLE,42.54,EST_FILTER,ON,EST_FILTER_TYPE,MOVING_AVERAGE,EST_MA_WINDOW,1,EST_FILTER_STRENGTH,0.35
TM,EST_FUSION,ON,EST_GYRO_WEIGHT,0.98,EST_VALID,1
TM,SUN_L,3528,SUN_R,2943,SUN_NDV,0.0904,SUN_ANGLE,42.36
TM,MAG_X,-6.45,MAG_Y,-2.85,MAG_Z,-19.12,MAG_HEADING,203.83
TM,GYRO_X,-1.059,GYRO_Y,-2.223,GYRO_Z,-0.319,BODY_RATE,0.319
TM,ADCS_MODE,MANUAL,ADCS_REFERENCE,SUN,TARGET,0.00,POINTING_ERROR,-42.54,SUN_ERROR,-42.34,MAG_ERROR,156.19,GYRO_Z,-0.416,RW_CMD,0
TM,EST_RAW,42.34,EST_FILTERED,42.34,EST_ANGLE,42.54,EST_FILTER,ON,EST_FILTER_TYPE,MOVING_AVERAGE,EST_MA_WINDOW,1,EST_FILTER_STRENGTH,0.35
TM,EST_FUSION,ON,EST_GYRO_WEIGHT,0.98,EST_VALID,1
TM,SUN_L,3528,SUN_R,2942,SUN_NDV,0.0906,SUN_ANGLE,42.33
TM,MAG_X,-6.53,MAG_Y,-2.88,MAG_Z,-19.23,MAG_HEADING,203.81
TM,GYRO_X,-1.155,GYRO_Y,-2.362,GYRO_Z,-0.223,BODY_RATE,0.223
TM,ADCS_MODE,MANUAL,ADCS_REFERENCE,SUN,TARGET,0.00,POINTING_ERROR,-42.53,SUN_ERROR,-42.32,MAG_ERROR,156.42,GYRO_Z,-0.022,RW_CMD,0
TM,EST_RAW,42.32,EST_FILTERED,42.32,EST_ANGLE,42.53,EST_FILTER,ON,EST_FILTER_TYPE,MOVING_AVERAGE,EST_MA_WINDOW,1,EST_FILTER_STRENGTH,0.35
TM,EST_FUSION,ON,EST_GYRO_WEIGHT,0.98,EST_VALID,1
TM,SUN_L,3528,SUN_R,2942,SUN_NDV,0.0906,SUN_ANGLE,42.33
TM,MAG_X,-6.30,MAG_Y,-2.75,MAG_Z,-19.23,MAG_HEADING,203.58
TM,GYRO_X,-0.858,GYRO_Y,-2.336,GYRO_Z,0.022,BODY_RATE,-0.022
TM,SUN_L,3529,SUN_R,2943,SUN_NDV,0.0905,SUN_ANGLE,42.33
TM,MAG_X,-6.34,MAG_Y,-2.62,MAG_Z,-19.09,MAG_HEADING,202.50
TM,GYRO_X,-1.111,GYRO_Y,-2.170,GYRO_Z,-0.118,BODY_RATE,0.118
TM,ADCS_MODE,MANUAL,ADCS_REFERENCE,SUN,TARGET,0.00,POINTING_ERROR,-42.54,SUN_ERROR,-42.33,MAG_ERROR,157.50,GYRO_Z,-0.276,RW_CMD,0
TM,EST_RAW,42.33,EST_FILTERED,42.33,EST_ANGLE,42.54,EST_FILTER,ON,EST_FILTER_TYPE,MOVING_AVERAGE,EST_MA_WINDOW,1,EST_FILTER_STRENGTH,0.35
TM,EST_FUSION,ON,EST_GYRO_WEIGHT,0.98,EST_VALID,1
TM,SUN_L,3527,SUN_R,2943,SUN_NDV,0.0903,SUN_ANGLE,42.33
TM,MAG_X,-6.45,MAG_Y,-2.59,MAG_Z,-18.99,MAG_HEADING,201.90
TM,GYRO_X,-1.006,GYRO_Y,-2.152,GYRO_Z,-0.109,BODY_RATE,0.109
TM,ADCS_MODE,MANUAL,ADCS_REFERENCE,SUN,TARGET,0.00,POINTING_ERROR,-42.53,SUN_ERROR,-42.34,MAG_ERROR,158.10,GYRO_Z,-0.066,RW_CMD,0
TM,EST_RAW,42.34,EST_FILTERED,42.34,EST_ANGLE,42.53,EST_FILTER,ON,EST_FILTER_TYPE,MOVING_AVERAGE,EST_MA_WINDOW,1,EST_FILTER_STRENGTH,0.35
TM,EST_FUSION,ON,EST_GYRO_WEIGHT,0.98,EST_VALID,1
TM,SUN_L,3528,SUN_R,2943,SUN_NDV,0.0904,SUN_ANGLE,42.30
TM,MAG_X,-6.34,MAG_Y,-2.74,MAG_Z,-19.17,MAG_HEADING,203.36
TM,GYRO_X,-0.989,GYRO_Y,-2.336,GYRO_Z,-0.459,BODY_RATE,0.459
TM,ADCS_MODE,MANUAL,ADCS_REFERENCE,SUN,TARGET,0.00,POINTING_ERROR,-42.53,SUN_ERROR,-42.34,MAG_ERROR,156.26,GYRO_Z,-0.372,RW_CMD,0
TM,EST_RAW,42.34,EST_FILTERED,42.34,EST_ANGLE,42.53,EST_FILTER,ON,EST_FILTER_TYPE,MOVING_AVERAGE,EST_MA_WINDOW,1,EST_FILTER_STRENGTH,0.35
TM,EST_FUSION,ON,EST_GYRO_WEIGHT,0.98,EST_VALID,1
TM,SUN_L,3527,SUN_R,2943,SUN_NDV,0.0903,SUN_ANGLE,42.34
TM,MAG_X,-6.26,MAG_Y,-2.75,MAG_Z,-19.18,MAG_HEADING,203.74
TM,GYRO_X,-0.980,GYRO_Y,-2.223,GYRO_Z,-0.206,BODY_RATE,0.206
TM,ADCS_MODE,MANUAL,ADCS_REFERENCE,SUN,TARGET,0.00,POINTING_ERROR,-42.53,SUN_ERROR,-42.34,MAG_ERROR,156.36,GYRO_Z,-0.101,RW_CMD,0
TM,EST_RAW,42.34,EST_FILTERED,42.34,EST_ANGLE,42.53,EST_FILTER,ON,EST_FILTER_TYPE,MOVING_AVERAGE,EST_MA_WINDOW,1,EST_FILTER_STRENGTH,0.35
TM,EST_FUSION,ON,EST_GYRO_WEIGHT,0.98,EST_VALID,1
TM,SUN_L,3529,SUN_R,2943,SUN_NDV,0.0905,SUN_ANGLE,42.29
TM,MAG_X,-6.32,MAG_Y,-2.62,MAG_Z,-19.15,MAG_HEADING,202.55
TM,GYRO_X,-1.050,GYRO_Y,-2.047,GYRO_Z,-0.206,BODY_RATE,0.206
TM,SUN_L,3529,SUN_R,2942,SUN_NDV,0.0907,SUN_ANGLE,42.33
TM,MAG_X,-6.26,MAG_Y,-2.75,MAG_Z,-19.15,MAG_HEADING,203.74
TM,GYRO_X,-1.199,GYRO_Y,-1.977,GYRO_Z,-0.188,BODY_RATE,0.188
TM,ADCS_MODE,MANUAL,ADCS_REFERENCE,SUN,TARGET,0.00,POINTING_ERROR,-42.53,SUN_ERROR,-42.33,MAG_ERROR,156.26,GYRO_Z,-0.197,RW_CMD,0
TM,EST_RAW,42.33,EST_FILTERED,42.33,EST_ANGLE,42.53,EST_FILTER,ON,EST_FILTER_TYPE,MOVING_AVERAGE,EST_MA_WINDOW,1,EST_FILTER_STRENGTH,0.35
TM,EST_FUSION,ON,EST_GYRO_WEIGHT,0.98,EST_VALID,1
TM,SUN_L,3528,SUN_R,2942,SUN_NDV,0.0906,SUN_ANGLE,42.33
TM,MAG_X,-6.34,MAG_Y,-2.85,MAG_Z,-19.06,MAG_HEADING,204.20
TM,GYRO_X,-0.945,GYRO_Y,-2.362,GYRO_Z,-0.171,BODY_RATE,0.171
TM,ADCS_MODE,MANUAL,ADCS_REFERENCE,SUN,TARGET,0.00,POINTING_ERROR,-42.51,SUN_ERROR,-42.37,MAG_ERROR,156.85,GYRO_Z,-0.153,RW_CMD,0
TM,EST_RAW,42.37,EST_FILTERED,42.37,EST_ANGLE,42.51,EST_FILTER,ON,EST_FILTER_TYPE,MOVING_AVERAGE,EST_MA_WINDOW,1,EST_FILTER_STRENGTH,0.35
TM,EST_FUSION,ON,EST_GYRO_WEIGHT,0.98,EST_VALID,1
TM,SUN_L,3528,SUN_R,2942,SUN_NDV,0.0906,SUN_ANGLE,42.36
TM,MAG_X,-6.22,MAG_Y,-2.75,MAG_Z,-19.14,MAG_HEADING,203.85
TM,GYRO_X,-0.735,GYRO_Y,-2.249,GYRO_Z,-0.258,BODY_RATE,0.258
TM,ADCS_MODE,MANUAL,ADCS_REFERENCE,SUN,TARGET,0.00,POINTING_ERROR,-42.53,SUN_ERROR,-42.36,MAG_ERROR,156.15,GYRO_Z,-0.328,RW_CMD,0
TM,EST_RAW,42.36,EST_FILTERED,42.36,EST_ANGLE,42.53,EST_FILTER,ON,EST_FILTER_TYPE,MOVING_AVERAGE,EST_MA_WINDOW,1,EST_FILTER_STRENGTH,0.35
TM,EST_FUSION,ON,EST_GYRO_WEIGHT,0.98,EST_VALID,1
TM,SUN_L,3528,SUN_R,2941,SUN_NDV,0.0907,SUN_ANGLE,42.35
TM,MAG_X,-6.24,MAG_Y,-2.75,MAG_Z,-18.98,MAG_HEADING,203.80
TM,GYRO_X,-1.015,GYRO_Y,-2.240,GYRO_Z,-0.083,BODY_RATE,0.083
TM,ADCS_MODE,MANUAL,ADCS_REFERENCE,SUN,TARGET,0.00,POINTING_ERROR,-42.52,SUN_ERROR,-42.37,MAG_ERROR,155.67,GYRO_Z,-0.678,RW_CMD,0
TM,EST_RAW,42.37,EST_FILTERED,42.37,EST_ANGLE,42.52,EST_FILTER,ON,EST_FILTER_TYPE,MOVING_AVERAGE,EST_MA_WINDOW,1,EST_FILTER_STRENGTH,0.35
TM,EST_FUSION,ON,EST_GYRO_WEIGHT,0.98,EST_VALID,1
TM,SUN_L,3528,SUN_R,2941,SUN_NDV,0.0907,SUN_ANGLE,42.36
TM,MAG_X,-6.19,MAG_Y,-2.80,MAG_Z,-19.09,MAG_HEADING,204.33
TM,GYRO_X,-1.190,GYRO_Y,-2.249,GYRO_Z,-0.442,BODY_RATE,0.442
TM,SUN_L,3528,SUN_R,2941,SUN_NDV,0.0907,SUN_ANGLE,42.37
TM,MAG_X,-6.16,MAG_Y,-2.85,MAG_Z,-19.07,MAG_HEADING,204.81
TM,GYRO_X,-1.164,GYRO_Y,-2.328,GYRO_Z,-0.258,BODY_RATE,0.258
TM,ADCS_MODE,MANUAL,ADCS_REFERENCE,SUN,TARGET,0.00,POINTING_ERROR,-42.54,SUN_ERROR,-42.38,MAG_ERROR,155.19,GYRO_Z,-0.241,RW_CMD,0
TM,EST_RAW,42.38,EST_FILTERED,42.38,EST_ANGLE,42.54,EST_FILTER,ON,EST_FILTER_TYPE,MOVING_AVERAGE,EST_MA_WINDOW,1,EST_FILTER_STRENGTH,0.35
TM,EST_FUSION,ON,EST_GYRO_WEIGHT,0.98,EST_VALID,1
TM,SUN_L,3528,SUN_R,2940,SUN_NDV,0.0909,SUN_ANGLE,42.39
TM,MAG_X,-6.21,MAG_Y,-2.82,MAG_Z,-18.69,MAG_HEADING,204.40
TM,GYRO_X,-0.945,GYRO_Y,-2.310,GYRO_Z,-0.179,BODY_RATE,0.179
TM,ADCS_MODE,MANUAL,ADCS_REFERENCE,SUN,TARGET,0.00,POINTING_ERROR,-42.55,SUN_ERROR,-42.36,MAG_ERROR,155.60,GYRO_Z,-0.092,RW_CMD,0
TM,EST_RAW,42.36,EST_FILTERED,42.36,EST_ANGLE,42.55,EST_FILTER,ON,EST_FILTER_TYPE,MOVING_AVERAGE,EST_MA_WINDOW,1,EST_FILTER_STRENGTH,0.35
TM,EST_FUSION,ON,EST_GYRO_WEIGHT,0.98,EST_VALID,1
TM,SUN_L,3528,SUN_R,2939,SUN_NDV,0.0911,SUN_ANGLE,42.39
TM,MAG_X,-6.30,MAG_Y,-2.80,MAG_Z,-19.07,MAG_HEADING,203.95
TM,GYRO_X,-1.181,GYRO_Y,-2.179,GYRO_Z,-0.074,BODY_RATE,0.074
TM,ADCS_MODE,MANUAL,ADCS_REFERENCE,SUN,TARGET,0.00,POINTING_ERROR,-42.55,SUN_ERROR,-42.41,MAG_ERROR,156.36,GYRO_Z,-0.206,RW_CMD,0
TM,EST_RAW,42.41,EST_FILTERED,42.41,EST_ANGLE,42.55,EST_FILTER,ON,EST_FILTER_TYPE,MOVING_AVERAGE,EST_MA_WINDOW,1,EST_FILTER_STRENGTH,0.35
TM,EST_FUSION,ON,EST_GYRO_WEIGHT,0.98,EST_VALID,1
TM,SUN_L,3528,SUN_R,2939,SUN_NDV,0.0911,SUN_ANGLE,42.39
TM,MAG_X,-6.29,MAG_Y,-2.75,MAG_Z,-19.09,MAG_HEADING,203.64
TM,GYRO_X,-0.962,GYRO_Y,-2.398,GYRO_Z,-0.346,BODY_RATE,0.346
TM,ADCS_MODE,MANUAL,ADCS_REFERENCE,SUN,TARGET,0.00,POINTING_ERROR,-42.56,SUN_ERROR,-42.43,MAG_ERROR,156.77,GYRO_Z,-0.048,RW_CMD,0
TM,EST_RAW,42.43,EST_FILTERED,42.43,EST_ANGLE,42.56,EST_FILTER,ON,EST_FILTER_TYPE,MOVING_AVERAGE,EST_MA_WINDOW,1,EST_FILTER_STRENGTH,0.35
TM,EST_FUSION,ON,EST_GYRO_WEIGHT,0.98,EST_VALID,1
TM,SUN_L,3528,SUN_R,2937,SUN_NDV,0.0914,SUN_ANGLE,42.43
TM,MAG_X,-6.45,MAG_Y,-2.77,MAG_Z,-19.01,MAG_HEADING,203.23
TM,GYRO_X,-0.814,GYRO_Y,-2.362,GYRO_Z,-0.223,BODY_RATE,0.223
TM,SUN_L,3528,SUN_R,2937,SUN_NDV,0.0914,SUN_ANGLE,42.48
TM,MAG_X,-6.30,MAG_Y,-2.72,MAG_Z,-19.04,MAG_HEADING,203.34
TM,GYRO_X,-0.998,GYRO_Y,-2.284,GYRO_Z,-0.354,BODY_RATE,0.354
TM,ADCS_MODE,MANUAL,ADCS_REFERENCE,SUN,TARGET,0.00,POINTING_ERROR,-42.58,SUN_ERROR,-42.47,MAG_ERROR,156.66,GYRO_Z,-0.066,RW_CMD,0
TM,EST_RAW,42.47,EST_FILTERED,42.47,EST_ANGLE,42.58,EST_FILTER,ON,EST_FILTER_TYPE,MOVING_AVERAGE,EST_MA_WINDOW,1,EST_FILTER_STRENGTH,0.35
TM,EST_FUSION,ON,EST_GYRO_WEIGHT,0.98,EST_VALID,1
TM,SUN_L,3529,SUN_R,2937,SUN_NDV,0.0916,SUN_ANGLE,42.48
TM,MAG_X,-6.38,MAG_Y,-2.86,MAG_Z,-18.85,MAG_HEADING,204.16
TM,GYRO_X,-0.875,GYRO_Y,-2.214,GYRO_Z,-0.153,BODY_RATE,0.153
TM,ADCS_MODE,MANUAL,ADCS_REFERENCE,SUN,TARGET,0.00,POINTING_ERROR,-42.59,SUN_ERROR,-42.48,MAG_ERROR,155.84,GYRO_Z,-0.162,RW_CMD,0
TM,EST_RAW,42.48,EST_FILTERED,42.48,EST_ANGLE,42.59,EST_FILTER,ON,EST_FILTER_TYPE,MOVING_AVERAGE,EST_MA_WINDOW,1,EST_FILTER_STRENGTH,0.35
TM,EST_FUSION,ON,EST_GYRO_WEIGHT,0.98,EST_VALID,1
TM,SUN_L,3527,SUN_R,2936,SUN_NDV,0.0914,SUN_ANGLE,42.50
TM,MAG_X,-6.32,MAG_Y,-2.69,MAG_Z,-18.98,MAG_HEADING,203.04
TM,GYRO_X,-1.225,GYRO_Y,-2.196,GYRO_Z,-0.101,BODY_RATE,0.101
TM,ADCS_MODE,MANUAL,ADCS_REFERENCE,SUN,TARGET,0.00,POINTING_ERROR,-42.61,SUN_ERROR,-42.50,MAG_ERROR,156.21,GYRO_Z,-0.293,RW_CMD,0
TM,EST_RAW,42.50,EST_FILTERED,42.50,EST_ANGLE,42.61,EST_FILTER,ON,EST_FILTER_TYPE,MOVING_AVERAGE,EST_MA_WINDOW,1,EST_FILTER_STRENGTH,0.35
TM,EST_FUSION,ON,EST_GYRO_WEIGHT,0.98,EST_VALID,1
TM,SUN_L,3528,SUN_R,2936,SUN_NDV,0.0916,SUN_ANGLE,42.50
TM,MAG_X,-6.37,MAG_Y,-2.82,MAG_Z,-19.02,MAG_HEADING,203.86
TM,GYRO_X,-0.936,GYRO_Y,-2.275,GYRO_Z,-0.293,BODY_RATE,0.293
TM,ADCS_MODE,MANUAL,ADCS_REFERENCE,SUN,TARGET,0.00,POINTING_ERROR,-42.60,SUN_ERROR,-42.48,MAG_ERROR,156.84,GYRO_Z,0.066,RW_CMD,0
TM,EST_RAW,42.48,EST_FILTERED,42.48,EST_ANGLE,42.60,EST_FILTER,ON,EST_FILTER_TYPE,MOVING_AVERAGE,EST_MA_WINDOW,1,EST_FILTER_STRENGTH,0.35
TM,EST_FUSION,ON,EST_GYRO_WEIGHT,0.98,EST_VALID,1
TM,SUN_L,3527,SUN_R,2936,SUN_NDV,0.0914,SUN_ANGLE,42.50
TM,MAG_X,-6.32,MAG_Y,-2.70,MAG_Z,-19.07,MAG_HEADING,203.16
TM,GYRO_X,-0.971,GYRO_Y,-2.319,GYRO_Z,-0.267,BODY_RATE,0.267
TM,SUN_L,3528,SUN_R,2937,SUN_NDV,0.0914,SUN_ANGLE,42.50
TM,MAG_X,-6.22,MAG_Y,-2.72,MAG_Z,-19.02,MAG_HEADING,203.61
TM,GYRO_X,-0.858,GYRO_Y,-2.257,GYRO_Z,-0.424,BODY_RATE,0.424
TM,ADCS_MODE,MANUAL,ADCS_REFERENCE,SUN,TARGET,0.00,POINTING_ERROR,-42.62,SUN_ERROR,-42.47,MAG_ERROR,156.39,GYRO_Z,-0.442,RW_CMD,0
TM,EST_RAW,42.47,EST_FILTERED,42.47,EST_ANGLE,42.62,EST_FILTER,ON,EST_FILTER_TYPE,MOVING_AVERAGE,EST_MA_WINDOW,1,EST_FILTER_STRENGTH,0.35
TM,EST_FUSION,ON,EST_GYRO_WEIGHT,0.98,EST_VALID,1
TM,SUN_L,3527,SUN_R,2937,SUN_NDV,0.0913,SUN_ANGLE,42.47
TM,MAG_X,-6.38,MAG_Y,-2.64,MAG_Z,-18.99,MAG_HEADING,202.47
TM,GYRO_X,-0.901,GYRO_Y,-2.275,GYRO_Z,-0.197,BODY_RATE,0.197
TM,ADCS_MODE,MANUAL,ADCS_REFERENCE,SUN,TARGET,0.00,POINTING_ERROR,-42.63,SUN_ERROR,-42.46,MAG_ERROR,156.63,GYRO_Z,-0.328,RW_CMD,0
TM,EST_RAW,42.46,EST_FILTERED,42.46,EST_ANGLE,42.63,EST_FILTER,ON,EST_FILTER_TYPE,MOVING_AVERAGE,EST_MA_WINDOW,1,EST_FILTER_STRENGTH,0.35
TM,EST_FUSION,ON,EST_GYRO_WEIGHT,0.98,EST_VALID,1
TM,SUN_L,3528,SUN_R,2937,SUN_NDV,0.0914,SUN_ANGLE,42.47
TM,MAG_X,-6.37,MAG_Y,-2.75,MAG_Z,-19.02,MAG_HEADING,203.37
TM,GYRO_X,-0.998,GYRO_Y,-2.328,GYRO_Z,-0.083,BODY_RATE,0.083
TM,ADCS_MODE,MANUAL,ADCS_REFERENCE,SUN,TARGET,0.00,POINTING_ERROR,-42.63,SUN_ERROR,-42.46,MAG_ERROR,156.63,GYRO_Z,-0.162,RW_CMD,0
TM,EST_RAW,42.46,EST_FILTERED,42.46,EST_ANGLE,42.63,EST_FILTER,ON,EST_FILTER_TYPE,MOVING_AVERAGE,EST_MA_WINDOW,1,EST_FILTER_STRENGTH,0.35
TM,EST_FUSION,ON,EST_GYRO_WEIGHT,0.98,EST_VALID,1
TM,SUN_L,3528,SUN_R,2937,SUN_NDV,0.0914,SUN_ANGLE,42.47
TM,MAG_X,-6.26,MAG_Y,-2.62,MAG_Z,-19.01,MAG_HEADING,202.76
TM,GYRO_X,-0.989,GYRO_Y,-2.328,GYRO_Z,-0.249,BODY_RATE,0.249
TM,ADCS_MODE,MANUAL,ADCS_REFERENCE,SUN,TARGET,0.00,POINTING_ERROR,-42.64,SUN_ERROR,-42.47,MAG_ERROR,156.90,GYRO_Z,-0.416,RW_CMD,0
TM,EST_RAW,42.47,EST_FILTERED,42.47,EST_ANGLE,42.64,EST_FILTER,ON,EST_FILTER_TYPE,MOVING_AVERAGE,EST_MA_WINDOW,1,EST_FILTER_STRENGTH,0.35
TM,EST_FUSION,ON,EST_GYRO_WEIGHT,0.98,EST_VALID,1
TM,SUN_L,3528,SUN_R,2937,SUN_NDV,0.0914,SUN_ANGLE,42.44
TM,MAG_X,-6.42,MAG_Y,-2.74,MAG_Z,-18.99,MAG_HEADING,203.10
TM,GYRO_X,-1.006,GYRO_Y,-2.039,GYRO_Z,-0.267,BODY_RATE,0.267
TM,SUN_L,3528,SUN_R,2937,SUN_NDV,0.0914,SUN_ANGLE,42.47
TM,MAG_X,-6.32,MAG_Y,-2.69,MAG_Z,-19.04,MAG_HEADING,203.04
TM,GYRO_X,-0.770,GYRO_Y,-2.328,GYRO_Z,-0.354,BODY_RATE,0.354
TM,ADCS_MODE,MANUAL,ADCS_REFERENCE,SUN,TARGET,0.00,POINTING_ERROR,-42.64,SUN_ERROR,-42.47,MAG_ERROR,156.42,GYRO_Z,-0.188,RW_CMD,0
TM,EST_RAW,42.47,EST_FILTERED,42.47,EST_ANGLE,42.64,EST_FILTER,ON,EST_FILTER_TYPE,MOVING_AVERAGE,EST_MA_WINDOW,1,EST_FILTER_STRENGTH,0.35
TM,EST_FUSION,ON,EST_GYRO_WEIGHT,0.98,EST_VALID,1
TM,SUN_L,3528,SUN_R,2937,SUN_NDV,0.0914,SUN_ANGLE,42.47
TM,MAG_X,-6.21,MAG_Y,-2.64,MAG_Z,-18.88,MAG_HEADING,203.04
TM,GYRO_X,-0.980,GYRO_Y,-2.231,GYRO_Z,-0.092,BODY_RATE,0.092
TM,ADCS_MODE,MANUAL,ADCS_REFERENCE,SUN,TARGET,0.00,POINTING_ERROR,-42.65,SUN_ERROR,-42.45,MAG_ERROR,156.96,GYRO_Z,-0.503,RW_CMD,0
TM,EST_RAW,42.45,EST_FILTERED,42.45,EST_ANGLE,42.65,EST_FILTER,ON,EST_FILTER_TYPE,MOVING_AVERAGE,EST_MA_WINDOW,1,EST_FILTER_STRENGTH,0.35
TM,EST_FUSION,ON,EST_GYRO_WEIGHT,0.98,EST_VALID,1
TM,SUN_L,3528,SUN_R,2937,SUN_NDV,0.0914,SUN_ANGLE,42.48
TM,MAG_X,-6.29,MAG_Y,-2.69,MAG_Z,-18.99,MAG_HEADING,203.15
TM,GYRO_X,-1.050,GYRO_Y,-2.240,GYRO_Z,-0.179,BODY_RATE,0.179
TM,ADCS_MODE,MANUAL,ADCS_REFERENCE,SUN,TARGET,0.00,POINTING_ERROR,-42.64,SUN_ERROR,-42.46,MAG_ERROR,157.15,GYRO_Z,-0.162,RW_CMD,0
TM,EST_RAW,42.46,EST_FILTERED,42.46,EST_ANGLE,42.64,EST_FILTER,ON,EST_FILTER_TYPE,MOVING_AVERAGE,EST_MA_WINDOW,1,EST_FILTER_STRENGTH,0.35
TM,EST_FUSION,ON,EST_GYRO_WEIGHT,0.98,EST_VALID,1
TM,SUN_L,3528,SUN_R,2937,SUN_NDV,0.0914,SUN_ANGLE,42.45
TM,MAG_X,-6.30,MAG_Y,-2.66,MAG_Z,-18.96,MAG_HEADING,202.85
TM,GYRO_X,-1.102,GYRO_Y,-2.144,GYRO_Z,-0.031,BODY_RATE,0.031
TM,ADCS_MODE,MANUAL,ADCS_REFERENCE,SUN,TARGET,0.00,POINTING_ERROR,-42.64,SUN_ERROR,-42.48,MAG_ERROR,157.90,GYRO_Z,-0.311,RW_CMD,0
TM,EST_RAW,42.48,EST_FILTERED,42.48,EST_ANGLE,42.64,EST_FILTER,ON,EST_FILTER_TYPE,MOVING_AVERAGE,EST_MA_WINDOW,1,EST_FILTER_STRENGTH,0.35
TM,EST_FUSION,ON,EST_GYRO_WEIGHT,0.98,EST_VALID,1
TM,SUN_L,3527,SUN_R,2937,SUN_NDV,0.0913,SUN_ANGLE,42.49
TM,MAG_X,-6.43,MAG_Y,-2.66,MAG_Z,-19.01,MAG_HEADING,202.44
TM,GYRO_X,-1.050,GYRO_Y,-2.328,GYRO_Z,-0.144,BODY_RATE,0.144
TM,SUN_L,3528,SUN_R,2938,SUN_NDV,0.0912,SUN_ANGLE,42.47
TM,MAG_X,-6.37,MAG_Y,-2.78,MAG_Z,-19.06,MAG_HEADING,203.61
TM,GYRO_X,-1.199,GYRO_Y,-1.864,GYRO_Z,-0.057,BODY_RATE,0.057
TM,ADCS_MODE,MANUAL,ADCS_REFERENCE,SUN,TARGET,0.00,POINTING_ERROR,-42.63,SUN_ERROR,-42.46,MAG_ERROR,156.39,GYRO_Z,0.057,RW_CMD,0
TM,EST_RAW,42.46,EST_FILTERED,42.46,EST_ANGLE,42.63,EST_FILTER,ON,EST_FILTER_TYPE,MOVING_AVERAGE,EST_MA_WINDOW,1,EST_FILTER_STRENGTH,0.35
TM,EST_FUSION,ON,EST_GYRO_WEIGHT,0.98,EST_VALID,1
TM,SUN_L,3528,SUN_R,2937,SUN_NDV,0.0914,SUN_ANGLE,42.38
TM,MAG_X,-6.40,MAG_Y,-2.77,MAG_Z,-18.88,MAG_HEADING,203.39
TM,GYRO_X,-0.945,GYRO_Y,-2.362,GYRO_Z,-0.039,BODY_RATE,0.039
TM,ADCS_MODE,MANUAL,ADCS_REFERENCE,SUN,TARGET,0.00,POINTING_ERROR,-42.62,SUN_ERROR,-42.46,MAG_ERROR,157.43,GYRO_Z,-0.319,RW_CMD,0
TM,EST_RAW,42.46,EST_FILTERED,42.46,EST_ANGLE,42.62,EST_FILTER,ON,EST_FILTER_TYPE,MOVING_AVERAGE,EST_MA_WINDOW,1,EST_FILTER_STRENGTH,0.35
TM,EST_FUSION,ON,EST_GYRO_WEIGHT,0.98,EST_VALID,1
TM,SUN_L,3527,SUN_R,2937,SUN_NDV,0.0913,SUN_ANGLE,42.49
TM,MAG_X,-6.35,MAG_Y,-2.64,MAG_Z,-18.91,MAG_HEADING,202.57
TM,GYRO_X,-1.146,GYRO_Y,-2.047,GYRO_Z,-0.171,BODY_RATE,0.171
TM,ADCS_MODE,MANUAL,ADCS_REFERENCE,SUN,TARGET,0.00,POINTING_ERROR,-42.62,SUN_ERROR,-42.47,MAG_ERROR,157.39,GYRO_Z,-0.232,RW_CMD,0
TM,EST_RAW,42.47,EST_FILTERED,42.47,EST_ANGLE,42.62,EST_FILTER,ON,EST_FILTER_TYPE,MOVING_AVERAGE,EST_MA_WINDOW,1,EST_FILTER_STRENGTH,0.35
TM,EST_FUSION,ON,EST_GYRO_WEIGHT,0.98,EST_VALID,1
TM,SUN_L,3528,SUN_R,2937,SUN_NDV,0.0914,SUN_ANGLE,42.47
TM,MAG_X,-6.26,MAG_Y,-2.66,MAG_Z,-19.17,MAG_HEADING,203.00
TM,GYRO_X,-1.129,GYRO_Y,-2.214,GYRO_Z,-0.136,BODY_RATE,0.136
TM,ADCS_MODE,MANUAL,ADCS_REFERENCE,SUN,TARGET,0.00,POINTING_ERROR,-42.61,SUN_ERROR,-42.48,MAG_ERROR,157.61,GYRO_Z,-0.162,RW_CMD,0
TM,EST_RAW,42.48,EST_FILTERED,42.48,EST_ANGLE,42.61,EST_FILTER,ON,EST_FILTER_TYPE,MOVING_AVERAGE,EST_MA_WINDOW,1,EST_FILTER_STRENGTH,0.35
TM,EST_FUSION,ON,EST_GYRO_WEIGHT,0.98,EST_VALID,1
TM,SUN_L,3527,SUN_R,2937,SUN_NDV,0.0913,SUN_ANGLE,42.46
TM,MAG_X,-6.37,MAG_Y,-2.62,MAG_Z,-19.09,MAG_HEADING,202.39
TM,GYRO_X,-0.814,GYRO_Y,-2.293,GYRO_Z,-0.284,BODY_RATE,0.284
TM,SUN_L,3526,SUN_R,2937,SUN_NDV,0.0911,SUN_ANGLE,42.48
TM,MAG_X,-6.69,MAG_Y,-2.83,MAG_Z,-19.06,MAG_HEADING,202.95
TM,GYRO_X,-1.050,GYRO_Y,-2.152,GYRO_Z,-0.267,BODY_RATE,0.267
TM,ADCS_MODE,MANUAL,ADCS_REFERENCE,SUN,TARGET,0.00,POINTING_ERROR,-42.62,SUN_ERROR,-42.44,MAG_ERROR,157.05,GYRO_Z,-0.153,RW_CMD,0
TM,EST_RAW,42.44,EST_FILTERED,42.44,EST_ANGLE,42.62,EST_FILTER,ON,EST_FILTER_TYPE,MOVING_AVERAGE,EST_MA_WINDOW,1,EST_FILTER_STRENGTH,0.35
TM,EST_FUSION,ON,EST_GYRO_WEIGHT,0.98,EST_VALID,1
TM,SUN_L,3527,SUN_R,2937,SUN_NDV,0.0913,SUN_ANGLE,42.49
TM,MAG_X,-6.38,MAG_Y,-2.62,MAG_Z,-18.96,MAG_HEADING,202.34
TM,GYRO_X,-1.129,GYRO_Y,-2.074,GYRO_Z,-0.171,BODY_RATE,0.171
TM,ADCS_MODE,MANUAL,ADCS_REFERENCE,SUN,TARGET,0.00,POINTING_ERROR,-42.61,SUN_ERROR,-42.46,MAG_ERROR,157.66,GYRO_Z,-0.311,RW_CMD,0
TM,EST_RAW,42.46,EST_FILTERED,42.46,EST_ANGLE,42.61,EST_FILTER,ON,EST_FILTER_TYPE,MOVING_AVERAGE,EST_MA_WINDOW,1,EST_FILTER_STRENGTH,0.35
TM,EST_FUSION,ON,EST_GYRO_WEIGHT,0.98,EST_VALID,1
TM,SUN_L,3527,SUN_R,2936,SUN_NDV,0.0914,SUN_ANGLE,42.49
TM,MAG_X,-6.29,MAG_Y,-2.66,MAG_Z,-18.91,MAG_HEADING,202.90
TM,GYRO_X,-1.190,GYRO_Y,-2.328,GYRO_Z,-0.118,BODY_RATE,0.118
TM,ADCS_MODE,MANUAL,ADCS_REFERENCE,SUN,TARGET,0.00,POINTING_ERROR,-42.62,SUN_ERROR,-42.47,MAG_ERROR,156.91,GYRO_Z,-0.258,RW_CMD,0
TM,EST_RAW,42.47,EST_FILTERED,42.47,EST_ANGLE,42.62,EST_FILTER,ON,EST_FILTER_TYPE,MOVING_AVERAGE,EST_MA_WINDOW,1,EST_FILTER_STRENGTH,0.35
TM,EST_FUSION,ON,EST_GYRO_WEIGHT,0.98,EST_VALID,1
TM,SUN_L,3527,SUN_R,2937,SUN_NDV,0.0913,SUN_ANGLE,42.46
TM,MAG_X,-6.30,MAG_Y,-2.69,MAG_Z,-18.98,MAG_HEADING,203.09
TM,GYRO_X,-0.989,GYRO_Y,-2.144,GYRO_Z,-0.101,BODY_RATE,0.101
TM,ADCS_MODE,MANUAL,ADCS_REFERENCE,SUN,TARGET,0.00,POINTING_ERROR,-42.62,SUN_ERROR,-42.46,MAG_ERROR,157.25,GYRO_Z,0.118,RW_CMD,0
TM,EST_RAW,42.46,EST_FILTERED,42.46,EST_ANGLE,42.62,EST_FILTER,ON,EST_FILTER_TYPE,MOVING_AVERAGE,EST_MA_WINDOW,1,EST_FILTER_STRENGTH,0.35
TM,EST_FUSION,ON,EST_GYRO_WEIGHT,0.98,EST_VALID,1
TM,SUN_L,3526,SUN_R,2936,SUN_NDV,0.0913,SUN_ANGLE,42.48
TM,MAG_X,-6.45,MAG_Y,-2.70,MAG_Z,-19.09,MAG_HEADING,202.75
TM,GYRO_X,-1.146,GYRO_Y,-2.301,GYRO_Z,-0.626,BODY_RATE,0.626
TM,SUN_L,3527,SUN_R,2937,SUN_NDV,0.0913,SUN_ANGLE,42.45
TM,MAG_X,-6.24,MAG_Y,-2.74,MAG_Z,-19.09,MAG_HEADING,203.68
TM,GYRO_X,-0.919,GYRO_Y,-2.336,GYRO_Z,-0.258,BODY_RATE,0.258
TM,ADCS_MODE,MANUAL,ADCS_REFERENCE,SUN,TARGET,0.00,POINTING_ERROR,-42.64,SUN_ERROR,-42.45,MAG_ERROR,156.32,GYRO_Z,-0.433,RW_CMD,0
TM,EST_RAW,42.45,EST_FILTERED,42.45,EST_ANGLE,42.64,EST_FILTER,ON,EST_FILTER_TYPE,MOVING_AVERAGE,EST_MA_WINDOW,1,EST_FILTER_STRENGTH,0.35
TM,EST_FUSION,ON,EST_GYRO_WEIGHT,0.98,EST_VALID,1
TM,SUN_L,3527,SUN_R,2938,SUN_NDV,0.0911,SUN_ANGLE,42.48
TM,MAG_X,-6.46,MAG_Y,-2.75,MAG_Z,-18.98,MAG_HEADING,203.06
TM,GYRO_X,-0.928,GYRO_Y,-2.249,GYRO_Z,-0.258,BODY_RATE,0.258
TM,ADCS_MODE,MANUAL,ADCS_REFERENCE,SUN,TARGET,0.00,POINTING_ERROR,-42.64,SUN_ERROR,-42.40,MAG_ERROR,156.94,GYRO_Z,-0.214,RW_CMD,0
TM,EST_RAW,42.40,EST_FILTERED,42.40,EST_ANGLE,42.64,EST_FILTER,ON,EST_FILTER_TYPE,MOVING_AVERAGE,EST_MA_WINDOW,1,EST_FILTER_STRENGTH,0.35
TM,EST_FUSION,ON,EST_GYRO_WEIGHT,0.98,EST_VALID,1
TM,SUN_L,3527,SUN_R,2937,SUN_NDV,0.0913,SUN_ANGLE,42.47
TM,MAG_X,-6.22,MAG_Y,-2.70,MAG_Z,-19.06,MAG_HEADING,203.48
TM,GYRO_X,-0.989,GYRO_Y,-2.485,GYRO_Z,-0.407,BODY_RATE,0.407
TM,ADCS_MODE,MANUAL,ADCS_REFERENCE,SUN,TARGET,0.00,POINTING_ERROR,-42.64,SUN_ERROR,-42.46,MAG_ERROR,157.95,GYRO_Z,-0.363,RW_CMD,0
TM,EST_RAW,42.46,EST_FILTERED,42.46,EST_ANGLE,42.64,EST_FILTER,ON,EST_FILTER_TYPE,MOVING_AVERAGE,EST_MA_WINDOW,1,EST_FILTER_STRENGTH,0.35
TM,EST_FUSION,ON,EST_GYRO_WEIGHT,0.98,EST_VALID,1
TM,SUN_L,3527,SUN_R,2936,SUN_NDV,0.0914,SUN_ANGLE,42.47
TM,MAG_X,-6.40,MAG_Y,-2.59,MAG_Z,-18.96,MAG_HEADING,202.05
TM,GYRO_X,-0.919,GYRO_Y,-2.223,GYRO_Z,-0.188,BODY_RATE,0.188
TM,ADCS_MODE,MANUAL,ADCS_REFERENCE,SUN,TARGET,0.00,POINTING_ERROR,-42.64,SUN_ERROR,-42.47,MAG_ERROR,156.64,GYRO_Z,-0.162,RW_CMD,0
TM,EST_RAW,42.47,EST_FILTERED,42.47,EST_ANGLE,42.64,EST_FILTER,ON,EST_FILTER_TYPE,MOVING_AVERAGE,EST_MA_WINDOW,1,EST_FILTER_STRENGTH,0.35
TM,EST_FUSION,ON,EST_GYRO_WEIGHT,0.98,EST_VALID,1
TM,SUN_L,3528,SUN_R,2937,SUN_NDV,0.0914,SUN_ANGLE,42.47
TM,MAG_X,-6.34,MAG_Y,-2.61,MAG_Z,-19.14,MAG_HEADING,202.37
TM,GYRO_X,-1.278,GYRO_Y,-2.319,GYRO_Z,0.118,BODY_RATE,-0.118
TM,SUN_L,3528,SUN_R,2937,SUN_NDV,0.0914,SUN_ANGLE,42.46
TM,MAG_X,-6.45,MAG_Y,-2.80,MAG_Z,-19.09,MAG_HEADING,203.47
TM,GYRO_X,-1.041,GYRO_Y,-2.354,GYRO_Z,-0.162,BODY_RATE,0.162
TM,ADCS_MODE,MANUAL,ADCS_REFERENCE,SUN,TARGET,0.00,POINTING_ERROR,-42.66,SUN_ERROR,-42.46,MAG_ERROR,156.53,GYRO_Z,-0.258,RW_CMD,0
TM,EST_RAW,42.46,EST_FILTERED,42.46,EST_ANGLE,42.66,EST_FILTER,ON,EST_FILTER_TYPE,MOVING_AVERAGE,EST_MA_WINDOW,1,EST_FILTER_STRENGTH,0.35
TM,EST_FUSION,ON,EST_GYRO_WEIGHT,0.98,EST_VALID,1
TM,SUN_L,3528,SUN_R,2937,SUN_NDV,0.0914,SUN_ANGLE,42.46
TM,MAG_X,-6.40,MAG_Y,-2.86,MAG_Z,-19.10,MAG_HEADING,204.11
TM,GYRO_X,-1.234,GYRO_Y,-1.908,GYRO_Z,-0.223,BODY_RATE,0.223
TM,ADCS_MODE,MANUAL,ADCS_REFERENCE,SUN,TARGET,0.00,POINTING_ERROR,-42.65,SUN_ERROR,-42.48,MAG_ERROR,157.33,GYRO_Z,-0.074,RW_CMD,0
TM,EST_RAW,42.48,EST_FILTERED,42.48,EST_ANGLE,42.65,EST_FILTER,ON,EST_FILTER_TYPE,MOVING_AVERAGE,EST_MA_WINDOW,1,EST_FILTER_STRENGTH,0.35
TM,EST_FUSION,ON,EST_GYRO_WEIGHT,0.98,EST_VALID,1
TM,SUN_L,3529,SUN_R,2938,SUN_NDV,0.0914,SUN_ANGLE,42.47
TM,MAG_X,-6.40,MAG_Y,-2.74,MAG_Z,-19.15,MAG_HEADING,203.15
TM,GYRO_X,-1.278,GYRO_Y,-2.231,GYRO_Z,0.223,BODY_RATE,-0.223
TM,ADCS_MODE,MANUAL,ADCS_REFERENCE,SUN,TARGET,0.00,POINTING_ERROR,-42.65,SUN_ERROR,-42.44,MAG_ERROR,156.85,GYRO_Z,-0.232,RW_CMD,0
TM,EST_RAW,42.44,EST_FILTERED,42.44,EST_ANGLE,42.65,EST_FILTER,ON,EST_FILTER_TYPE,MOVING_AVERAGE,EST_MA_WINDOW,1,EST_FILTER_STRENGTH,0.35
TM,EST_FUSION,ON,EST_GYRO_WEIGHT,0.98,EST_VALID,1
TM,SUN_L,3528,SUN_R,2937,SUN_NDV,0.0914,SUN_ANGLE,42.44
TM,MAG_X,-6.32,MAG_Y,-2.70,MAG_Z,-19.18,MAG_HEADING,203.16
TM,GYRO_X,-1.033,GYRO_Y,-2.144,GYRO_Z,-0.363,BODY_RATE,0.363
TM,ADCS_MODE,MANUAL,ADCS_REFERENCE,SUN,TARGET,0.00,POINTING_ERROR,-42.66,SUN_ERROR,-42.46,MAG_ERROR,158.03,GYRO_Z,-0.451,RW_CMD,0
TM,EST_RAW,42.46,EST_FILTERED,42.46,EST_ANGLE,42.66,EST_FILTER,ON,EST_FILTER_TYPE,MOVING_AVERAGE,EST_MA_WINDOW,1,EST_FILTER_STRENGTH,0.35
TM,EST_FUSION,ON,EST_GYRO_WEIGHT,0.98,EST_VALID,1
TM,SUN_L,3527,SUN_R,2937,SUN_NDV,0.0913,SUN_ANGLE,42.42
TM,MAG_X,-6.38,MAG_Y,-2.58,MAG_Z,-19.20,MAG_HEADING,201.97
TM,GYRO_X,-0.928,GYRO_Y,-2.546,GYRO_Z,-0.276,BODY_RATE,0.276
TM,SUN_L,3528,SUN_R,2937,SUN_NDV,0.0914,SUN_ANGLE,42.46
TM,MAG_X,-6.37,MAG_Y,-2.67,MAG_Z,-19.22,MAG_HEADING,202.76
TM,GYRO_X,-1.094,GYRO_Y,-2.091,GYRO_Z,-0.284,BODY_RATE,0.284
TM,ADCS_MODE,MANUAL,ADCS_REFERENCE,SUN,TARGET,0.00,POINTING_ERROR,-42.66,SUN_ERROR,-42.47,MAG_ERROR,157.24,GYRO_Z,-0.459,RW_CMD,0
TM,EST_RAW,42.47,EST_FILTERED,42.47,EST_ANGLE,42.66,EST_FILTER,ON,EST_FILTER_TYPE,MOVING_AVERAGE,EST_MA_WINDOW,1,EST_FILTER_STRENGTH,0.35
TM,EST_FUSION,ON,EST_GYRO_WEIGHT,0.98,EST_VALID,1
TM,SUN_L,3528,SUN_R,2937,SUN_NDV,0.0914,SUN_ANGLE,42.45
TM,MAG_X,-6.37,MAG_Y,-2.70,MAG_Z,-19.01,MAG_HEADING,203.01
TM,GYRO_X,-0.989,GYRO_Y,-2.328,GYRO_Z,-0.346,BODY_RATE,0.346
TM,ADCS_MODE,MANUAL,ADCS_REFERENCE,SUN,TARGET,0.00,POINTING_ERROR,-42.65,SUN_ERROR,-42.46,MAG_ERROR,156.99,GYRO_Z,-0.136,RW_CMD,0
TM,EST_RAW,42.46,EST_FILTERED,42.46,EST_ANGLE,42.65,EST_FILTER,ON,EST_FILTER_TYPE,MOVING_AVERAGE,EST_MA_WINDOW,1,EST_FILTER_STRENGTH,0.35
TM,EST_FUSION,ON,EST_GYRO_WEIGHT,0.98,EST_VALID,1
TM,SUN_L,3529,SUN_R,2938,SUN_NDV,0.0914,SUN_ANGLE,42.50
TM,MAG_X,-6.43,MAG_Y,-2.53,MAG_Z,-19.20,MAG_HEADING,201.46
TM,GYRO_X,-0.849,GYRO_Y,-2.301,GYRO_Z,-0.232,BODY_RATE,0.232
TM,ADCS_MODE,MANUAL,ADCS_REFERENCE,SUN,TARGET,0.00,POINTING_ERROR,-42.66,SUN_ERROR,-42.48,MAG_ERROR,157.54,GYRO_Z,-0.477,RW_CMD,0
TM,EST_RAW,42.48,EST_FILTERED,42.48,EST_ANGLE,42.66,EST_FILTER,ON,EST_FILTER_TYPE,MOVING_AVERAGE,EST_MA_WINDOW,1,EST_FILTER_STRENGTH,0.35
TM,EST_FUSION,ON,EST_GYRO_WEIGHT,0.98,EST_VALID,1
TM,SUN_L,3527,SUN_R,2937,SUN_NDV,0.0913,SUN_ANGLE,42.49
TM,MAG_X,-6.46,MAG_Y,-2.67,MAG_Z,-19.06,MAG_HEADING,202.46
TM,GYRO_X,-1.067,GYRO_Y,-2.126,GYRO_Z,-0.206,BODY_RATE,0.206
TM,ADCS_MODE,MANUAL,ADCS_REFERENCE,SUN,TARGET,0.00,POINTING_ERROR,-42.66,SUN_ERROR,-42.47,MAG_ERROR,157.26,GYRO_Z,-0.179,RW_CMD,0
TM,EST_RAW,42.47,EST_FILTERED,42.47,EST_ANGLE,42.66,EST_FILTER,ON,EST_FILTER_TYPE,MOVING_AVERAGE,EST_MA_WINDOW,1,EST_FILTER_STRENGTH,0.35
TM,EST_FUSION,ON,EST_GYRO_WEIGHT,0.98,EST_VALID,1
TM,SUN_L,3528,SUN_R,2937,SUN_NDV,0.0914,SUN_ANGLE,42.49
TM,MAG_X,-6.34,MAG_Y,-2.66,MAG_Z,-19.33,MAG_HEADING,202.74
TM,GYRO_X,-1.067,GYRO_Y,-2.301,GYRO_Z,-0.293,BODY_RATE,0.293
TM,SUN_L,3525,SUN_R,2937,SUN_NDV,0.0910,SUN_ANGLE,42.47
TM,MAG_X,-6.35,MAG_Y,-2.72,MAG_Z,-19.18,MAG_HEADING,203.18
TM,GYRO_X,-0.980,GYRO_Y,-2.424,GYRO_Z,-0.171,BODY_RATE,0.171
TM,ADCS_MODE,MANUAL,ADCS_REFERENCE,SUN,TARGET,0.00,POINTING_ERROR,-42.66,SUN_ERROR,-42.48,MAG_ERROR,156.82,GYRO_Z,-0.109,RW_CMD,0
TM,EST_RAW,42.48,EST_FILTERED,42.48,EST_ANGLE,42.66,EST_FILTER,ON,EST_FILTER_TYPE,MOVING_AVERAGE,EST_MA_WINDOW,1,EST_FILTER_STRENGTH,0.35
TM,EST_FUSION,ON,EST_GYRO_WEIGHT,0.98,EST_VALID,1
TM,SUN_L,3528,SUN_R,2937,SUN_NDV,0.0914,SUN_ANGLE,42.46
TM,MAG_X,-6.32,MAG_Y,-2.64,MAG_Z,-19.22,MAG_HEADING,202.67
TM,GYRO_X,-0.901,GYRO_Y,-2.231,GYRO_Z,0.083,BODY_RATE,-0.083
TM,ADCS_MODE,MANUAL,ADCS_REFERENCE,SUN,TARGET,0.00,POINTING_ERROR,-42.64,SUN_ERROR,-42.49,MAG_ERROR,157.33,GYRO_Z,-0.022,RW_CMD,0
TM,EST_RAW,42.49,EST_FILTERED,42.49,EST_ANGLE,42.64,EST_FILTER,ON,EST_FILTER_TYPE,MOVING_AVERAGE,EST_MA_WINDOW,1,EST_FILTER_STRENGTH,0.35
TM,EST_FUSION,ON,EST_GYRO_WEIGHT,0.98,EST_VALID,1
TM,SUN_L,3528,SUN_R,2938,SUN_NDV,0.0912,SUN_ANGLE,42.46
TM,MAG_X,-6.34,MAG_Y,-2.53,MAG_Z,-19.01,MAG_HEADING,201.75
TM,GYRO_X,-1.181,GYRO_Y,-2.257,GYRO_Z,-0.206,BODY_RATE,0.206
TM,ADCS_MODE,MANUAL,ADCS_REFERENCE,SUN,TARGET,0.00,POINTING_ERROR,-42.65,SUN_ERROR,-42.44,MAG_ERROR,157.56,GYRO_Z,-0.153,RW_CMD,0
TM,EST_RAW,42.44,EST_FILTERED,42.44,EST_ANGLE,42.65,EST_FILTER,ON,EST_FILTER_TYPE,MOVING_AVERAGE,EST_MA_WINDOW,1,EST_FILTER_STRENGTH,0.35
TM,EST_FUSION,ON,EST_GYRO_WEIGHT,0.98,EST_VALID,1
TM,SUN_L,3528,SUN_R,2938,SUN_NDV,0.0912,SUN_ANGLE,42.45
TM,MAG_X,-6.43,MAG_Y,-2.75,MAG_Z,-19.22,MAG_HEADING,203.16
TM,GYRO_X,-1.225,GYRO_Y,-2.135,GYRO_Z,-0.136,BODY_RATE,0.136
TM,ADCS_MODE,MANUAL,ADCS_REFERENCE,SUN,TARGET,0.00,POINTING_ERROR,-42.64,SUN_ERROR,-42.44,MAG_ERROR,157.24,GYRO_Z,-0.293,RW_CMD,0
TM,EST_RAW,42.44,EST_FILTERED,42.44,EST_ANGLE,42.64,EST_FILTER,ON,EST_FILTER_TYPE,MOVING_AVERAGE,EST_MA_WINDOW,1,EST_FILTER_STRENGTH,0.35
TM,EST_FUSION,ON,EST_GYRO_WEIGHT,0.98,EST_VALID,1
TM,SUN_L,3528,SUN_R,2938,SUN_NDV,0.0912,SUN_ANGLE,42.47
TM,MAG_X,-6.37,MAG_Y,-2.67,MAG_Z,-19.22,MAG_HEADING,202.76
TM,GYRO_X,-1.050,GYRO_Y,-2.301,GYRO_Z,-0.083,BODY_RATE,0.083
TM,SUN_L,3529,SUN_R,2937,SUN_NDV,0.0916,SUN_ANGLE,42.45
TM,MAG_X,-6.43,MAG_Y,-2.67,MAG_Z,-19.17,MAG_HEADING,202.56
TM,GYRO_X,-0.805,GYRO_Y,-2.380,GYRO_Z,-0.337,BODY_RATE,0.337
TM,ADCS_MODE,MANUAL,ADCS_REFERENCE,SUN,TARGET,0.00,POINTING_ERROR,-42.64,SUN_ERROR,-42.45,MAG_ERROR,157.44,GYRO_Z,-0.258,RW_CMD,0
TM,EST_RAW,42.45,EST_FILTERED,42.45,EST_ANGLE,42.64,EST_FILTER,ON,EST_FILTER_TYPE,MOVING_AVERAGE,EST_MA_WINDOW,1,EST_FILTER_STRENGTH,0.35
TM,EST_FUSION,ON,EST_GYRO_WEIGHT,0.98,EST_VALID,1
TM,SUN_L,3528,SUN_R,2938,SUN_NDV,0.0912,SUN_ANGLE,42.45
TM,MAG_X,-6.40,MAG_Y,-2.83,MAG_Z,-19.12,MAG_HEADING,203.87
TM,GYRO_X,-1.085,GYRO_Y,-2.205,GYRO_Z,-0.039,BODY_RATE,0.039
TM,ADCS_MODE,MANUAL,ADCS_REFERENCE,SUN,TARGET,0.00,POINTING_ERROR,-42.62,SUN_ERROR,-42.45,MAG_ERROR,158.17,GYRO_Z,-0.136,RW_CMD,0
TM,EST_RAW,42.45,EST_FILTERED,42.45,EST_ANGLE,42.62,EST_FILTER,ON,EST_FILTER_TYPE,MOVING_AVERAGE,EST_MA_WINDOW,1,EST_FILTER_STRENGTH,0.35
TM,EST_FUSION,ON,EST_GYRO_WEIGHT,0.98,EST_VALID,1
TM,SUN_L,3527,SUN_R,2937,SUN_NDV,0.0913,SUN_ANGLE,42.47
TM,MAG_X,-6.38,MAG_Y,-2.53,MAG_Z,-19.12,MAG_HEADING,201.60
TM,GYRO_X,-1.041,GYRO_Y,-2.240,GYRO_Z,-0.346,BODY_RATE,0.346
TM,ADCS_MODE,MANUAL,ADCS_REFERENCE,SUN,TARGET,0.00,POINTING_ERROR,-42.61,SUN_ERROR,-42.44,MAG_ERROR,158.40,GYRO_Z,-0.249,RW_CMD,0
TM,EST_RAW,42.44,EST_FILTERED,42.44,EST_ANGLE,42.61,EST_FILTER,ON,EST_FILTER_TYPE,MOVING_AVERAGE,EST_MA_WINDOW,1,EST_FILTER_STRENGTH,0.35
TM,EST_FUSION,ON,EST_GYRO_WEIGHT,0.98,EST_VALID,1
TM,SUN_L,3526,SUN_R,2937,SUN_NDV,0.0911,SUN_ANGLE,42.49
TM,MAG_X,-6.22,MAG_Y,-2.64,MAG_Z,-19.09,MAG_HEADING,202.98
TM,GYRO_X,-0.962,GYRO_Y,-2.284,GYRO_Z,0.031,BODY_RATE,-0.031
TM,ADCS_MODE,MANUAL,ADCS_REFERENCE,SUN,TARGET,0.00,POINTING_ERROR,-42.61,SUN_ERROR,-42.46,MAG_ERROR,157.21,GYRO_Z,-0.389,RW_CMD,0
TM,EST_RAW,42.46,EST_FILTERED,42.46,EST_ANGLE,42.61,EST_FILTER,ON,EST_FILTER_TYPE,MOVING_AVERAGE,EST_MA_WINDOW,1,EST_FILTER_STRENGTH,0.35
TM,EST_FUSION,ON,EST_GYRO_WEIGHT,0.98,EST_VALID,1
TM,SUN_L,3528,SUN_R,2938,SUN_NDV,0.0912,SUN_ANGLE,42.45
TM,MAG_X,-6.32,MAG_Y,-2.66,MAG_Z,-19.09,MAG_HEADING,202.79
TM,GYRO_X,-0.936,GYRO_Y,-2.293,GYRO_Z,-0.223,BODY_RATE,0.223
TM,SUN_L,3527,SUN_R,2939,SUN_NDV,0.0909,SUN_ANGLE,42.46
TM,MAG_X,-6.29,MAG_Y,-2.67,MAG_Z,-19.31,MAG_HEADING,203.02
TM,GYRO_X,-1.251,GYRO_Y,-2.196,GYRO_Z,-0.214,BODY_RATE,0.214
TM,ADCS_MODE,MANUAL,ADCS_REFERENCE,SUN,TARGET,0.00,POINTING_ERROR,-42.62,SUN_ERROR,-42.46,MAG_ERROR,158.79,GYRO_Z,-0.039,RW_CMD,0
TM,EST_RAW,42.46,EST_FILTERED,42.46,EST_ANGLE,42.62,EST_FILTER,ON,EST_FILTER_TYPE,MOVING_AVERAGE,EST_MA_WINDOW,1,EST_FILTER_STRENGTH,0.35
TM,EST_FUSION,ON,EST_GYRO_WEIGHT,0.98,EST_VALID,1
TM,SUN_L,3528,SUN_R,2938,SUN_NDV,0.0912,SUN_ANGLE,42.44
TM,MAG_X,-6.29,MAG_Y,-2.58,MAG_Z,-19.01,MAG_HEADING,202.28
TM,GYRO_X,-0.892,GYRO_Y,-2.319,GYRO_Z,0.118,BODY_RATE,-0.118
TM,ADCS_MODE,MANUAL,ADCS_REFERENCE,SUN,TARGET,0.00,POINTING_ERROR,-42.59,SUN_ERROR,-42.44,MAG_ERROR,157.72,GYRO_Z,-0.206,RW_CMD,0
TM,EST_RAW,42.44,EST_FILTERED,42.44,EST_ANGLE,42.59,EST_FILTER,ON,EST_FILTER_TYPE,MOVING_AVERAGE,EST_MA_WINDOW,1,EST_FILTER_STRENGTH,0.35
TM,EST_FUSION,ON,EST_GYRO_WEIGHT,0.98,EST_VALID,1
TM,SUN_L,3528,SUN_R,2938,SUN_NDV,0.0912,SUN_ANGLE,42.46
TM,MAG_X,-6.27,MAG_Y,-2.58,MAG_Z,-19.26,MAG_HEADING,202.33
TM,GYRO_X,-0.954,GYRO_Y,-2.293,GYRO_Z,-0.066,BODY_RATE,0.066
TM,ADCS_MODE,MANUAL,ADCS_REFERENCE,SUN,TARGET,0.00,POINTING_ERROR,-42.60,SUN_ERROR,-42.47,MAG_ERROR,157.23,GYRO_Z,-0.144,RW_CMD,0
TM,EST_RAW,42.47,EST_FILTERED,42.47,EST_ANGLE,42.60,EST_FILTER,ON,EST_FILTER_TYPE,MOVING_AVERAGE,EST_MA_WINDOW,1,EST_FILTER_STRENGTH,0.35
TM,EST_FUSION,ON,EST_GYRO_WEIGHT,0.98,EST_VALID,1
TM,SUN_L,3528,SUN_R,2937,SUN_NDV,0.0914,SUN_ANGLE,42.52
TM,MAG_X,-6.29,MAG_Y,-2.64,MAG_Z,-19.02,MAG_HEADING,202.77
TM,GYRO_X,-0.761,GYRO_Y,-2.520,GYRO_Z,0.109,BODY_RATE,-0.109
TM,ADCS_MODE,MANUAL,ADCS_REFERENCE,SUN,TARGET,0.00,POINTING_ERROR,-42.60,SUN_ERROR,-42.44,MAG_ERROR,157.10,GYRO_Z,-0.153,RW_CMD,0
TM,EST_RAW,42.44,EST_FILTERED,42.44,EST_ANGLE,42.60,EST_FILTER,ON,EST_FILTER_TYPE,MOVING_AVERAGE,EST_MA_WINDOW,1,EST_FILTER_STRENGTH,0.35
TM,EST_FUSION,ON,EST_GYRO_WEIGHT,0.98,EST_VALID,1
TM,SUN_L,3528,SUN_R,2937,SUN_NDV,0.0914,SUN_ANGLE,42.45
TM,MAG_X,-6.30,MAG_Y,-2.61,MAG_Z,-19.22,MAG_HEADING,202.48
TM,GYRO_X,-0.936,GYRO_Y,-2.389,GYRO_Z,-0.293,BODY_RATE,0.293
TM,SUN_L,3528,SUN_R,2937,SUN_NDV,0.0914,SUN_ANGLE,42.48
TM,MAG_X,-6.24,MAG_Y,-2.66,MAG_Z,-19.14,MAG_HEADING,203.06
TM,GYRO_X,-1.190,GYRO_Y,-2.310,GYRO_Z,0.039,BODY_RATE,-0.039
TM,ADCS_MODE,MANUAL,ADCS_REFERENCE,SUN,TARGET,0.00,POINTING_ERROR,-42.59,SUN_ERROR,-42.46,MAG_ERROR,156.94,GYRO_Z,-0.389,RW_CMD,0
TM,EST_RAW,42.46,EST_FILTERED,42.46,EST_ANGLE,42.59,EST_FILTER,ON,EST_FILTER_TYPE,MOVING_AVERAGE,EST_MA_WINDOW,1,EST_FILTER_STRENGTH,0.35
TM,EST_FUSION,ON,EST_GYRO_WEIGHT,0.98,EST_VALID,1
TM,SUN_L,3527,SUN_R,2937,SUN_NDV,0.0913,SUN_ANGLE,42.44
TM,MAG_X,-6.24,MAG_Y,-2.62,MAG_Z,-19.10,MAG_HEADING,202.81
TM,GYRO_X,-1.024,GYRO_Y,-1.951,GYRO_Z,-0.066,BODY_RATE,0.066
TM,ADCS_MODE,MANUAL,ADCS_REFERENCE,SUN,TARGET,0.00,POINTING_ERROR,-42.60,SUN_ERROR,-42.42,MAG_ERROR,157.19,GYRO_Z,-0.276,RW_CMD,0
TM,EST_RAW,42.42,EST_FILTERED,42.42,EST_ANGLE,42.60,EST_FILTER,ON,EST_FILTER_TYPE,MOVING_AVERAGE,EST_MA_WINDOW,1,EST_FILTER_STRENGTH,0.35
TM,EST_FUSION,ON,EST_GYRO_WEIGHT,0.98,EST_VALID,1
TM,SUN_L,3529,SUN_R,2938,SUN_NDV,0.0914,SUN_ANGLE,42.46
TM,MAG_X,-6.30,MAG_Y,-2.72,MAG_Z,-18.82,MAG_HEADING,203.34
TM,GYRO_X,-0.962,GYRO_Y,-2.188,GYRO_Z,-0.153,BODY_RATE,0.153
TM,ADCS_MODE,MANUAL,ADCS_REFERENCE,SUN,TARGET,0.00,POINTING_ERROR,-42.59,SUN_ERROR,-42.45,MAG_ERROR,157.37,GYRO_Z,-0.083,RW_CMD,0
TM,EST_RAW,42.45,EST_FILTERED,42.45,EST_ANGLE,42.59,EST_FILTER,ON,EST_FILTER_TYPE,MOVING_AVERAGE,EST_MA_WINDOW,1,EST_FILTER_STRENGTH,0.35
TM,EST_FUSION,ON,EST_GYRO_WEIGHT,0.98,EST_VALID,1
TM,SUN_L,3527,SUN_R,2937,SUN_NDV,0.0913,SUN_ANGLE,42.47
TM,MAG_X,-6.32,MAG_Y,-2.67,MAG_Z,-19.18,MAG_HEADING,202.92
TM,GYRO_X,-0.919,GYRO_Y,-2.406,GYRO_Z,-0.214,BODY_RATE,0.214
TM,ADCS_MODE,MANUAL,ADCS_REFERENCE,SUN,TARGET,0.00,POINTING_ERROR,-42.60,SUN_ERROR,-42.46,MAG_ERROR,155.77,GYRO_Z,-0.249,RW_CMD,0
TM,EST_RAW,42.46,EST_FILTERED,42.46,EST_ANGLE,42.60,EST_FILTER,ON,EST_FILTER_TYPE,MOVING_AVERAGE,EST_MA_WINDOW,1,EST_FILTER_STRENGTH,0.35
TM,EST_FUSION,ON,EST_GYRO_WEIGHT,0.98,EST_VALID,1
TM,SUN_L,3526,SUN_R,2937,SUN_NDV,0.0911,SUN_ANGLE,42.52
TM,MAG_X,-6.26,MAG_Y,-2.82,MAG_Z,-19.07,MAG_HEADING,204.23
TM,GYRO_X,-1.260,GYRO_Y,-2.223,GYRO_Z,-0.031,BODY_RATE,0.031
TM,SUN_L,3528,SUN_R,2937,SUN_NDV,0.0914,SUN_ANGLE,42.47
TM,MAG_X,-6.29,MAG_Y,-2.80,MAG_Z,-18.86,MAG_HEADING,204.00
TM,GYRO_X,-0.919,GYRO_Y,-2.118,GYRO_Z,-0.284,BODY_RATE,0.284
TM,ADCS_MODE,MANUAL,ADCS_REFERENCE,SUN,TARGET,0.00,POINTING_ERROR,-42.63,SUN_ERROR,-42.45,MAG_ERROR,156.00,GYRO_Z,-0.416,RW_CMD,0
TM,EST_RAW,42.45,EST_FILTERED,42.45,EST_ANGLE,42.63,EST_FILTER,ON,EST_FILTER_TYPE,MOVING_AVERAGE,EST_MA_WINDOW,1,EST_FILTER_STRENGTH,0.35
TM,EST_FUSION,ON,EST_GYRO_WEIGHT,0.98,EST_VALID,1
TM,SUN_L,3527,SUN_R,2937,SUN_NDV,0.0913,SUN_ANGLE,42.46
TM,MAG_X,-6.13,MAG_Y,-2.69,MAG_Z,-18.77,MAG_HEADING,203.68
TM,GYRO_X,-0.928,GYRO_Y,-2.354,GYRO_Z,-0.214,BODY_RATE,0.214
TM,ADCS_MODE,MANUAL,ADCS_REFERENCE,SUN,TARGET,0.00,POINTING_ERROR,-42.63,SUN_ERROR,-42.48,MAG_ERROR,156.32,GYRO_Z,-0.057,RW_CMD,0
TM,EST_RAW,42.48,EST_FILTERED,42.48,EST_ANGLE,42.63,EST_FILTER,ON,EST_FILTER_TYPE,MOVING_AVERAGE,EST_MA_WINDOW,1,EST_FILTER_STRENGTH,0.35
TM,EST_FUSION,ON,EST_GYRO_WEIGHT,0.98,EST_VALID,1
TM,SUN_L,3528,SUN_R,2936,SUN_NDV,0.0916,SUN_ANGLE,42.46
TM,MAG_X,-6.22,MAG_Y,-2.88,MAG_Z,-18.91,MAG_HEADING,204.83
TM,GYRO_X,-1.146,GYRO_Y,-2.266,GYRO_Z,-0.092,BODY_RATE,0.092
TM,ADCS_MODE,MANUAL,ADCS_REFERENCE,SUN,TARGET,0.00,POINTING_ERROR,-42.64,SUN_ERROR,-42.52,MAG_ERROR,155.67,GYRO_Z,-0.127,RW_CMD,0
TM,EST_RAW,42.52,EST_FILTERED,42.52,EST_ANGLE,42.64,EST_FILTER,ON,EST_FILTER_TYPE,MOVING_AVERAGE,EST_MA_WINDOW,1,EST_FILTER_STRENGTH,0.35
TM,EST_FUSION,ON,EST_GYRO_WEIGHT,0.98,EST_VALID,1
TM,SUN_L,3527,SUN_R,2937,SUN_NDV,0.0913,SUN_ANGLE,42.42
TM,MAG_X,-6.19,MAG_Y,-2.80,MAG_Z,-18.86,MAG_HEADING,204.33
TM,GYRO_X,-0.901,GYRO_Y,-2.301,GYRO_Z,-0.206,BODY_RATE,0.206
TM,ADCS_MODE,MANUAL,ADCS_REFERENCE,SUN,TARGET,0.00,POINTING_ERROR,-42.64,SUN_ERROR,-42.46,MAG_ERROR,154.98,GYRO_Z,0.144,RW_CMD,0
TM,EST_RAW,42.46,EST_FILTERED,42.46,EST_ANGLE,42.64,EST_FILTER,ON,EST_FILTER_TYPE,MOVING_AVERAGE,EST_MA_WINDOW,1,EST_FILTER_STRENGTH,0.35
TM,EST_FUSION,ON,EST_GYRO_WEIGHT,0.98,EST_VALID,1
TM,SUN_L,3527,SUN_R,2938,SUN_NDV,0.0911,SUN_ANGLE,42.45
TM,MAG_X,-6.24,MAG_Y,-2.91,MAG_Z,-18.96,MAG_HEADING,205.02
TM,GYRO_X,-0.665,GYRO_Y,-2.756,GYRO_Z,0.109,BODY_RATE,-0.109
TM,SUN_L,3528,SUN_R,2938,SUN_NDV,0.0912,SUN_ANGLE,42.45
TM,MAG_X,-6.24,MAG_Y,-2.88,MAG_Z,-18.83,MAG_HEADING,204.78
TM,GYRO_X,-1.067,GYRO_Y,-2.380,GYRO_Z,-0.346,BODY_RATE,0.346
TM,ADCS_MODE,MANUAL,ADCS_REFERENCE,SUN,TARGET,0.00,POINTING_ERROR,-42.65,SUN_ERROR,-42.45,MAG_ERROR,155.22,GYRO_Z,-0.232,RW_CMD,0
TM,EST_RAW,42.45,EST_FILTERED,42.45,EST_ANGLE,42.65,EST_FILTER,ON,EST_FILTER_TYPE,MOVING_AVERAGE,EST_MA_WINDOW,1,EST_FILTER_STRENGTH,0.35
TM,EST_FUSION,ON,EST_GYRO_WEIGHT,0.98,EST_VALID,1
TM,SUN_L,3527,SUN_R,2939,SUN_NDV,0.0909,SUN_ANGLE,42.41
TM,MAG_X,-6.27,MAG_Y,-2.90,MAG_Z,-18.77,MAG_HEADING,204.78
TM,GYRO_X,-0.910,GYRO_Y,-2.362,GYRO_Z,-0.337,BODY_RATE,0.337
TM,ADCS_MODE,MANUAL,ADCS_REFERENCE,SUN,TARGET,0.00,POINTING_ERROR,-42.65,SUN_ERROR,-42.43,MAG_ERROR,155.22,GYRO_Z,-0.057,RW_CMD,0
TM,EST_RAW,42.43,EST_FILTERED,42.43,EST_ANGLE,42.65,EST_FILTER,ON,EST_FILTER_TYPE,MOVING_AVERAGE,EST_MA_WINDOW,1,EST_FILTER_STRENGTH,0.35
TM,EST_FUSION,ON,EST_GYRO_WEIGHT,0.98,EST_VALID,1
TM,SUN_L,3528,SUN_R,2940,SUN_NDV,0.0909,SUN_ANGLE,42.37
TM,MAG_X,-6.24,MAG_Y,-2.75,MAG_Z,-18.82,MAG_HEADING,203.80
TM,GYRO_X,-1.015,GYRO_Y,-2.257,GYRO_Z,-0.188,BODY_RATE,0.188
TM,ADCS_MODE,MANUAL,ADCS_REFERENCE,SUN,TARGET,0.00,POINTING_ERROR,-42.65,SUN_ERROR,-42.40,MAG_ERROR,155.34,GYRO_Z,-0.127,RW_CMD,0
TM,EST_RAW,42.40,EST_FILTERED,42.40,EST_ANGLE,42.65,EST_FILTER,ON,EST_FILTER_TYPE,MOVING_AVERAGE,EST_MA_WINDOW,1,EST_FILTER_STRENGTH,0.35
TM,EST_FUSION,ON,EST_GYRO_WEIGHT,0.98,EST_VALID,1
TM,SUN_L,3529,SUN_R,2940,SUN_NDV,0.0910,SUN_ANGLE,42.39
TM,MAG_X,-6.27,MAG_Y,-2.88,MAG_Z,-18.72,MAG_HEADING,204.66
TM,GYRO_X,-0.954,GYRO_Y,-2.362,GYRO_Z,-0.048,BODY_RATE,0.048
TM,ADCS_MODE,MANUAL,ADCS_REFERENCE,SUN,TARGET,0.00,POINTING_ERROR,-42.62,SUN_ERROR,-42.37,MAG_ERROR,156.68,GYRO_Z,-0.022,RW_CMD,0
TM,EST_RAW,42.37,EST_FILTERED,42.37,EST_ANGLE,42.62,EST_FILTER,ON,EST_FILTER_TYPE,MOVING_AVERAGE,EST_MA_WINDOW,1,EST_FILTER_STRENGTH,0.35
TM,EST_FUSION,ON,EST_GYRO_WEIGHT,0.98,EST_VALID,1
TM,SUN_L,3528,SUN_R,2940,SUN_NDV,0.0909,SUN_ANGLE,42.38
TM,MAG_X,-6.26,MAG_Y,-2.75,MAG_Z,-19.06,MAG_HEADING,203.74
TM,GYRO_X,-0.831,GYRO_Y,-2.345,GYRO_Z,-0.066,BODY_RATE,0.066
TM,SUN_L,3528,SUN_R,2940,SUN_NDV,0.0909,SUN_ANGLE,42.36
TM,MAG_X,-6.34,MAG_Y,-2.75,MAG_Z,-18.98,MAG_HEADING,203.48
TM,GYRO_X,-0.910,GYRO_Y,-2.354,GYRO_Z,-0.057,BODY_RATE,0.057
TM,ADCS_MODE,MANUAL,ADCS_REFERENCE,SUN,TARGET,0.00,POINTING_ERROR,-42.62,SUN_ERROR,-42.36,MAG_ERROR,156.52,GYRO_Z,-0.109,RW_CMD,0
TM,EST_RAW,42.36,EST_FILTERED,42.36,EST_ANGLE,42.62,EST_FILTER,ON,EST_FILTER_TYPE,MOVING_AVERAGE,EST_MA_WINDOW,1,EST_FILTER_STRENGTH,0.35
TM,EST_FUSION,ON,EST_GYRO_WEIGHT,0.98,EST_VALID,1
TM,SUN_L,3529,SUN_R,2939,SUN_NDV,0.0912,SUN_ANGLE,42.38
TM,MAG_X,-6.43,MAG_Y,-2.86,MAG_Z,-18.98,MAG_HEADING,204.00
TM,GYRO_X,-1.006,GYRO_Y,-2.021,GYRO_Z,-0.179,BODY_RATE,0.179
TM,ADCS_MODE,MANUAL,ADCS_REFERENCE,SUN,TARGET,0.00,POINTING_ERROR,-42.61,SUN_ERROR,-42.41,MAG_ERROR,157.21,GYRO_Z,-0.416,RW_CMD,0
TM,EST_RAW,42.41,EST_FILTERED,42.41,EST_ANGLE,42.61,EST_FILTER,ON,EST_FILTER_TYPE,MOVING_AVERAGE,EST_MA_WINDOW,1,EST_FILTER_STRENGTH,0.35
TM,EST_FUSION,ON,EST_GYRO_WEIGHT,0.98,EST_VALID,1
TM,SUN_L,3528,SUN_R,2938,SUN_NDV,0.0912,SUN_ANGLE,42.45
TM,MAG_X,-6.38,MAG_Y,-2.74,MAG_Z,-19.02,MAG_HEADING,203.20
TM,GYRO_X,-1.050,GYRO_Y,-2.109,GYRO_Z,-0.188,BODY_RATE,0.188
TM,ADCS_MODE,MANUAL,ADCS_REFERENCE,SUN,TARGET,0.00,POINTING_ERROR,-42.60,SUN_ERROR,-42.40,MAG_ERROR,156.80,GYRO_Z,-0.179,RW_CMD,0
TM,EST_RAW,42.40,EST_FILTERED,42.40,EST_ANGLE,42.60,EST_FILTER,ON,EST_FILTER_TYPE,MOVING_AVERAGE,EST_MA_WINDOW,1,EST_FILTER_STRENGTH,0.35
TM,EST_FUSION,ON,EST_GYRO_WEIGHT,0.98,EST_VALID,1
TM,SUN_L,3528,SUN_R,2939,SUN_NDV,0.0911,SUN_ANGLE,42.45
TM,MAG_X,-6.48,MAG_Y,-2.67,MAG_Z,-18.96,MAG_HEADING,202.41
TM,GYRO_X,-0.928,GYRO_Y,-2.485,GYRO_Z,-0.451,BODY_RATE,0.451
TM,ADCS_MODE,MANUAL,ADCS_REFERENCE,SUN,TARGET,0.00,POINTING_ERROR,-42.59,SUN_ERROR,-42.38,MAG_ERROR,156.63,GYRO_Z,-0.258,RW_CMD,0
TM,EST_RAW,42.38,EST_FILTERED,42.38,EST_ANGLE,42.59,EST_FILTER,ON,EST_FILTER_TYPE,MOVING_AVERAGE,EST_MA_WINDOW,1,EST_FILTER_STRENGTH,0.35
TM,EST_FUSION,ON,EST_GYRO_WEIGHT,0.98,EST_VALID,1
TM,SUN_L,3526,SUN_R,2939,SUN_NDV,0.0908,SUN_ANGLE,42.39
TM,MAG_X,-6.37,MAG_Y,-2.75,MAG_Z,-19.04,MAG_HEADING,203.37
TM,GYRO_X,-1.330,GYRO_Y,-2.214,GYRO_Z,-0.101,BODY_RATE,0.101
TM,SUN_L,3528,SUN_R,2939,SUN_NDV,0.0911,SUN_ANGLE,42.42
TM,MAG_X,-6.43,MAG_Y,-2.78,MAG_Z,-19.12,MAG_HEADING,203.40
TM,GYRO_X,-1.033,GYRO_Y,-2.389,GYRO_Z,-0.136,BODY_RATE,0.136
TM,ADCS_MODE,MANUAL,ADCS_REFERENCE,SUN,TARGET,0.00,POINTING_ERROR,-42.60,SUN_ERROR,-42.42,MAG_ERROR,156.60,GYRO_Z,-0.258,RW_CMD,0
TM,EST_RAW,42.42,EST_FILTERED,42.42,EST_ANGLE,42.60,EST_FILTER,ON,EST_FILTER_TYPE,MOVING_AVERAGE,EST_MA_WINDOW,1,EST_FILTER_STRENGTH,0.35
TM,EST_FUSION,ON,EST_GYRO_WEIGHT,0.98,EST_VALID,1
TM,SUN_L,3528,SUN_R,2940,SUN_NDV,0.0909,SUN_ANGLE,42.39
TM,MAG_X,-6.48,MAG_Y,-2.75,MAG_Z,-19.07,MAG_HEADING,203.01
TM,GYRO_X,-1.059,GYRO_Y,-1.977,GYRO_Z,0.092,BODY_RATE,-0.092
TM,ADCS_MODE,MANUAL,ADCS_REFERENCE,SUN,TARGET,0.00,POINTING_ERROR,-42.59,SUN_ERROR,-42.39,MAG_ERROR,156.99,GYRO_Z,-0.258,RW_CMD,0
TM,EST_RAW,42.39,EST_FILTERED,42.39,EST_ANGLE,42.59,EST_FILTER,ON,EST_FILTER_TYPE,MOVING_AVERAGE,EST_MA_WINDOW,1,EST_FILTER_STRENGTH,0.35
TM,EST_FUSION,ON,EST_GYRO_WEIGHT,0.98,EST_VALID,1
TM,SUN_L,3528,SUN_R,2939,SUN_NDV,0.0911,SUN_ANGLE,42.41
TM,MAG_X,-6.59,MAG_Y,-2.70,MAG_Z,-19.07,MAG_HEADING,202.30
TM,GYRO_X,-1.120,GYRO_Y,-2.380,GYRO_Z,0.039,BODY_RATE,-0.039
TM,ADCS_MODE,MANUAL,ADCS_REFERENCE,SUN,TARGET,0.00,POINTING_ERROR,-42.58,SUN_ERROR,-42.40,MAG_ERROR,156.63,GYRO_Z,0.066,RW_CMD,0
TM,EST_RAW,42.40,EST_FILTERED,42.40,EST_ANGLE,42.58,EST_FILTER,ON,EST_FILTER_TYPE,MOVING_AVERAGE,EST_MA_WINDOW,1,EST_FILTER_STRENGTH,0.35
TM,EST_FUSION,ON,EST_GYRO_WEIGHT,0.98,EST_VALID,1
TM,SUN_L,3529,SUN_R,2940,SUN_NDV,0.0910,SUN_ANGLE,42.38
TM,MAG_X,-6.37,MAG_Y,-2.75,MAG_Z,-19.12,MAG_HEADING,203.37
TM,GYRO_X,-1.041,GYRO_Y,-2.047,GYRO_Z,-0.223,BODY_RATE,0.223
TM,ADCS_MODE,MANUAL,ADCS_REFERENCE,SUN,TARGET,0.00,POINTING_ERROR,-42.58,SUN_ERROR,-42.44,MAG_ERROR,157.16,GYRO_Z,-0.346,RW_CMD,0
TM,EST_RAW,42.44,EST_FILTERED,42.44,EST_ANGLE,42.58,EST_FILTER,ON,EST_FILTER_TYPE,MOVING_AVERAGE,EST_MA_WINDOW,1,EST_FILTER_STRENGTH,0.35
TM,EST_FUSION,ON,EST_GYRO_WEIGHT,0.98,EST_VALID,1
TM,SUN_L,3528,SUN_R,2938,SUN_NDV,0.0912,SUN_ANGLE,42.42
TM,MAG_X,-6.50,MAG_Y,-2.74,MAG_Z,-19.10,MAG_HEADING,202.84
TM,GYRO_X,-1.356,GYRO_Y,-2.537,GYRO_Z,-0.092,BODY_RATE,0.092
TM,SUN_L,3527,SUN_R,2938,SUN_NDV,0.0911,SUN_ANGLE,42.44
TM,MAG_X,-6.48,MAG_Y,-2.66,MAG_Z,-19.10,MAG_HEADING,202.29
TM,GYRO_X,-0.945,GYRO_Y,-2.362,GYRO_Z,-0.179,BODY_RATE,0.179
TM,ADCS_MODE,MANUAL,ADCS_REFERENCE,SUN,TARGET,0.00,POINTING_ERROR,-42.60,SUN_ERROR,-42.40,MAG_ERROR,157.71,GYRO_Z,-0.459,RW_CMD,0
TM,EST_RAW,42.40,EST_FILTERED,42.40,EST_ANGLE,42.60,EST_FILTER,ON,EST_FILTER_TYPE,MOVING_AVERAGE,EST_MA_WINDOW,1,EST_FILTER_STRENGTH,0.35
TM,EST_FUSION,ON,EST_GYRO_WEIGHT,0.98,EST_VALID,1
TM,SUN_L,3528,SUN_R,2938,SUN_NDV,0.0912,SUN_ANGLE,42.44
TM,MAG_X,-6.54,MAG_Y,-2.53,MAG_Z,-19.14,MAG_HEADING,201.12
TM,GYRO_X,-0.928,GYRO_Y,-2.371,GYRO_Z,-0.503,BODY_RATE,0.503
TM,ADCS_MODE,MANUAL,ADCS_REFERENCE,SUN,TARGET,0.00,POINTING_ERROR,-42.60,SUN_ERROR,-42.38,MAG_ERROR,158.88,GYRO_Z,-0.188,RW_CMD,0
TM,EST_RAW,42.38,EST_FILTERED,42.38,EST_ANGLE,42.60,EST_FILTER,ON,EST_FILTER_TYPE,MOVING_AVERAGE,EST_MA_WINDOW,1,EST_FILTER_STRENGTH,0.35
TM,EST_FUSION,ON,EST_GYRO_WEIGHT,0.98,EST_VALID,1
TM,SUN_L,3526,SUN_R,2938,SUN_NDV,0.0910,SUN_ANGLE,42.43
TM,MAG_X,-6.53,MAG_Y,-2.59,MAG_Z,-19.14,MAG_HEADING,201.66
TM,GYRO_X,-0.998,GYRO_Y,-2.249,GYRO_Z,0.136,BODY_RATE,-0.136
TM,ADCS_MODE,MANUAL,ADCS_REFERENCE,SUN,TARGET,0.00,POINTING_ERROR,-42.61,SUN_ERROR,-42.44,MAG_ERROR,158.77,GYRO_Z,-0.144,RW_CMD,0
TM,EST_RAW,42.44,EST_FILTERED,42.44,EST_ANGLE,42.61,EST_FILTER,ON,EST_FILTER_TYPE,MOVING_AVERAGE,EST_MA_WINDOW,1,EST_FILTER_STRENGTH,0.35
TM,EST_FUSION,ON,EST_GYRO_WEIGHT,0.98,EST_VALID,1
TM,SUN_L,3528,SUN_R,2938,SUN_NDV,0.0912,SUN_ANGLE,42.38
TM,MAG_X,-6.56,MAG_Y,-2.67,MAG_Z,-19.26,MAG_HEADING,202.16
TM,GYRO_X,-1.155,GYRO_Y,-2.196,GYRO_Z,-0.206,BODY_RATE,0.206
TM,ADCS_MODE,MANUAL,ADCS_REFERENCE,SUN,TARGET,0.00,POINTING_ERROR,-42.60,SUN_ERROR,-42.46,MAG_ERROR,159.23,GYRO_Z,0.022,RW_CMD,0
TM,EST_RAW,42.46,EST_FILTERED,42.46,EST_ANGLE,42.60,EST_FILTER,ON,EST_FILTER_TYPE,MOVING_AVERAGE,EST_MA_WINDOW,1,EST_FILTER_STRENGTH,0.35
TM,EST_FUSION,ON,EST_GYRO_WEIGHT,0.98,EST_VALID,1
TM,SUN_L,3526,SUN_R,2938,SUN_NDV,0.0910,SUN_ANGLE,42.44
TM,MAG_X,-6.50,MAG_Y,-2.46,MAG_Z,-19.30,MAG_HEADING,200.77
TM,GYRO_X,-0.858,GYRO_Y,-2.380,GYRO_Z,-0.302,BODY_RATE,0.302
TM,SUN_L,3528,SUN_R,2938,SUN_NDV,0.0912,SUN_ANGLE,42.42
TM,MAG_X,-6.48,MAG_Y,-2.59,MAG_Z,-19.33,MAG_HEADING,201.80
TM,GYRO_X,-1.383,GYRO_Y,-2.214,GYRO_Z,-0.127,BODY_RATE,0.127
TM,ADCS_MODE,MANUAL,ADCS_REFERENCE,SUN,TARGET,0.00,POINTING_ERROR,-42.59,SUN_ERROR,-42.42,MAG_ERROR,158.20,GYRO_Z,0.109,RW_CMD,0
TM,EST_RAW,42.42,EST_FILTERED,42.42,EST_ANGLE,42.59,EST_FILTER,ON,EST_FILTER_TYPE,MOVING_AVERAGE,EST_MA_WINDOW,1,EST_FILTER_STRENGTH,0.35
TM,EST_FUSION,ON,EST_GYRO_WEIGHT,0.98,EST_VALID,1
TM,SUN_L,3527,SUN_R,2938,SUN_NDV,0.0911,SUN_ANGLE,42.32
TM,MAG_X,-6.62,MAG_Y,-2.61,MAG_Z,-19.28,MAG_HEADING,201.49
TM,GYRO_X,-0.928,GYRO_Y,-2.275,GYRO_Z,-0.206,BODY_RATE,0.206
TM,ADCS_MODE,MANUAL,ADCS_REFERENCE,SUN,TARGET,0.00,POINTING_ERROR,-42.59,SUN_ERROR,-42.51,MAG_ERROR,158.71,GYRO_Z,-0.162,RW_CMD,0
TM,EST_RAW,42.51,EST_FILTERED,42.51,EST_ANGLE,42.59,EST_FILTER,ON,EST_FILTER_TYPE,MOVING_AVERAGE,EST_MA_WINDOW,1,EST_FILTER_STRENGTH,0.35
TM,EST_FUSION,ON,EST_GYRO_WEIGHT,0.98,EST_VALID,1
TM,SUN_L,3528,SUN_R,2938,SUN_NDV,0.0912,SUN_ANGLE,42.42
TM,MAG_X,-6.43,MAG_Y,-2.58,MAG_Z,-19.25,MAG_HEADING,201.83
TM,GYRO_X,-0.892,GYRO_Y,-2.240,GYRO_Z,-0.398,BODY_RATE,0.398
TM,ADCS_MODE,MANUAL,ADCS_REFERENCE,SUN,TARGET,0.00,POINTING_ERROR,-42.58,SUN_ERROR,-42.46,MAG_ERROR,158.17,GYRO_Z,-0.171,RW_CMD,0
TM,EST_RAW,42.46,EST_FILTERED,42.46,EST_ANGLE,42.58,EST_FILTER,ON,EST_FILTER_TYPE,MOVING_AVERAGE,EST_MA_WINDOW,1,EST_FILTER_STRENGTH,0.35
TM,EST_FUSION,ON,EST_GYRO_WEIGHT,0.98,EST_VALID,1
TM,SUN_L,3529,SUN_R,2938,SUN_NDV,0.0914,SUN_ANGLE,42.43
TM,MAG_X,-6.56,MAG_Y,-2.61,MAG_Z,-19.25,MAG_HEADING,201.68
TM,GYRO_X,-1.041,GYRO_Y,-2.284,GYRO_Z,-0.197,BODY_RATE,0.197
TM,ADCS_MODE,MANUAL,ADCS_REFERENCE,SUN,TARGET,0.00,POINTING_ERROR,-42.59,SUN_ERROR,-42.45,MAG_ERROR,158.37,GYRO_Z,-0.162,RW_CMD,0
TM,EST_RAW,42.45,EST_FILTERED,42.45,EST_ANGLE,42.59,EST_FILTER,ON,EST_FILTER_TYPE,MOVING_AVERAGE,EST_MA_WINDOW,1,EST_FILTER_STRENGTH,0.35
TM,EST_FUSION,ON,EST_GYRO_WEIGHT,0.98,EST_VALID,1
TM,SUN_L,3528,SUN_R,2937,SUN_NDV,0.0914,SUN_ANGLE,42.38
TM,MAG_X,-6.50,MAG_Y,-2.58,MAG_Z,-19.36,MAG_HEADING,201.63
TM,GYRO_X,-0.928,GYRO_Y,-2.415,GYRO_Z,-0.319,BODY_RATE,0.319
TM,SUN_L,3527,SUN_R,2938,SUN_NDV,0.0911,SUN_ANGLE,42.42
TM,MAG_X,-6.50,MAG_Y,-2.45,MAG_Z,-19.44,MAG_HEADING,200.65
TM,GYRO_X,-0.954,GYRO_Y,-2.152,GYRO_Z,-0.136,BODY_RATE,0.136
TM,ADCS_MODE,MANUAL,ADCS_REFERENCE,SUN,TARGET,0.00,POINTING_ERROR,-42.59,SUN_ERROR,-42.42,MAG_ERROR,158.58,GYRO_Z,-0.328,RW_CMD,0
TM,EST_RAW,42.42,EST_FILTERED,42.42,EST_ANGLE,42.59,EST_FILTER,ON,EST_FILTER_TYPE,MOVING_AVERAGE,EST_MA_WINDOW,1,EST_FILTER_STRENGTH,0.35
TM,EST_FUSION,ON,EST_GYRO_WEIGHT,0.98,EST_VALID,1
TM,SUN_L,3527,SUN_R,2939,SUN_NDV,0.0909,SUN_ANGLE,42.43
TM,MAG_X,-6.62,MAG_Y,-2.61,MAG_Z,-19.25,MAG_HEADING,201.49
TM,GYRO_X,-0.989,GYRO_Y,-2.223,GYRO_Z,-0.197,BODY_RATE,0.197
TM,ADCS_MODE,MANUAL,ADCS_REFERENCE,SUN,TARGET,0.00,POINTING_ERROR,-42.58,SUN_ERROR,-42.41,MAG_ERROR,158.51,GYRO_Z,-0.031,RW_CMD,0
TM,EST_RAW,42.41,EST_FILTERED,42.41,EST_ANGLE,42.58,EST_FILTER,ON,EST_FILTER_TYPE,MOVING_AVERAGE,EST_MA_WINDOW,1,EST_FILTER_STRENGTH,0.35
TM,EST_FUSION,ON,EST_GYRO_WEIGHT,0.98,EST_VALID,1
TM,SUN_L,3528,SUN_R,2938,SUN_NDV,0.0912,SUN_ANGLE,42.43
TM,MAG_X,-6.56,MAG_Y,-2.48,MAG_Z,-19.25,MAG_HEADING,200.71
TM,GYRO_X,-1.146,GYRO_Y,-2.179,GYRO_Z,0.031,BODY_RATE,-0.031
TM,ADCS_MODE,MANUAL,ADCS_REFERENCE,SUN,TARGET,0.00,POINTING_ERROR,-42.60,SUN_ERROR,-42.42,MAG_ERROR,158.97,GYRO_Z,-0.197,RW_CMD,0
TM,EST_RAW,42.42,EST_FILTERED,42.42,EST_ANGLE,42.60,EST_FILTER,ON,EST_FILTER_TYPE,MOVING_AVERAGE,EST_MA_WINDOW,1,EST_FILTER_STRENGTH,0.35
TM,EST_FUSION,ON,EST_GYRO_WEIGHT,0.98,EST_VALID,1
TM,SUN_L,3527,SUN_R,2938,SUN_NDV,0.0911,SUN_ANGLE,42.40
TM,MAG_X,-6.58,MAG_Y,-2.53,MAG_Z,-19.17,MAG_HEADING,201.03
TM,GYRO_X,-1.146,GYRO_Y,-2.013,GYRO_Z,-0.127,BODY_RATE,0.127
TM,ADCS_MODE,MANUAL,ADCS_REFERENCE,SUN,TARGET,0.00,POINTING_ERROR,-42.61,SUN_ERROR,-42.44,MAG_ERROR,159.61,GYRO_Z,-0.459,RW_CMD,0
TM,EST_RAW,42.44,EST_FILTERED,42.44,EST_ANGLE,42.61,EST_FILTER,ON,EST_FILTER_TYPE,MOVING_AVERAGE,EST_MA_WINDOW,1,EST_FILTER_STRENGTH,0.35
TM,EST_FUSION,ON,EST_GYRO_WEIGHT,0.98,EST_VALID,1
TM,SUN_L,3527,SUN_R,2938,SUN_NDV,0.0911,SUN_ANGLE,42.45
TM,MAG_X,-6.45,MAG_Y,-2.54,MAG_Z,-19.41,MAG_HEADING,201.53
TM,GYRO_X,-0.866,GYRO_Y,-2.433,GYRO_Z,-0.109,BODY_RATE,0.109
TM,SUN_L,3528,SUN_R,2938,SUN_NDV,0.0912,SUN_ANGLE,42.45
TM,MAG_X,-6.48,MAG_Y,-2.51,MAG_Z,-19.38,MAG_HEADING,201.19
TM,GYRO_X,-0.998,GYRO_Y,-2.188,GYRO_Z,-0.328,BODY_RATE,0.328
TM,ADCS_MODE,MANUAL,ADCS_REFERENCE,SUN,TARGET,0.00,POINTING_ERROR,-42.62,SUN_ERROR,-42.40,MAG_ERROR,158.81,GYRO_Z,-0.206,RW_CMD,0
TM,EST_RAW,42.40,EST_FILTERED,42.40,EST_ANGLE,42.62,EST_FILTER,ON,EST_FILTER_TYPE,MOVING_AVERAGE,EST_MA_WINDOW,1,EST_FILTER_STRENGTH,0.35
TM,EST_FUSION,ON,EST_GYRO_WEIGHT,0.98,EST_VALID,1
TM,SUN_L,3527,SUN_R,2939,SUN_NDV,0.0909,SUN_ANGLE,42.37
TM,MAG_X,-6.51,MAG_Y,-2.45,MAG_Z,-19.30,MAG_HEADING,200.60
TM,GYRO_X,-0.901,GYRO_Y,-4.454,GYRO_Z,-0.258,BODY_RATE,0.258
TM,ADCS_MODE,MANUAL,ADCS_REFERENCE,SUN,TARGET,0.00,POINTING_ERROR,-42.61,SUN_ERROR,-42.40,MAG_ERROR,159.40,GYRO_Z,-0.092,RW_CMD,0
TM,EST_RAW,42.40,EST_FILTERED,42.40,EST_ANGLE,42.61,EST_FILTER,ON,EST_FILTER_TYPE,MOVING_AVERAGE,EST_MA_WINDOW,1,EST_FILTER_STRENGTH,0.35
TM,EST_FUSION,ON,EST_GYRO_WEIGHT,0.98,EST_VALID,1
TM,SUN_L,3527,SUN_R,2938,SUN_NDV,0.0911,SUN_ANGLE,42.44
TM,MAG_X,-6.56,MAG_Y,-2.59,MAG_Z,-19.06,MAG_HEADING,201.56
TM,GYRO_X,-0.962,GYRO_Y,-2.284,GYRO_Z,-0.066,BODY_RATE,0.066
TM,ADCS_MODE,MANUAL,ADCS_REFERENCE,SUN,TARGET,0.00,POINTING_ERROR,-42.60,SUN_ERROR,-42.42,MAG_ERROR,158.48,GYRO_Z,-0.398,RW_CMD,0
TM,EST_RAW,42.42,EST_FILTERED,42.42,EST_ANGLE,42.60,EST_FILTER,ON,EST_FILTER_TYPE,MOVING_AVERAGE,EST_MA_WINDOW,1,EST_FILTER_STRENGTH,0.35
TM,EST_FUSION,ON,EST_GYRO_WEIGHT,0.98,EST_VALID,1
TM,SUN_L,3528,SUN_R,2939,SUN_NDV,0.0911,SUN_ANGLE,42.41
TM,MAG_X,-6.37,MAG_Y,-2.58,MAG_Z,-19.20,MAG_HEADING,202.02
TM,GYRO_X,-1.041,GYRO_Y,-2.293,GYRO_Z,-0.048,BODY_RATE,0.048
TM,ADCS_MODE,MANUAL,ADCS_REFERENCE,SUN,TARGET,0.00,POINTING_ERROR,-42.60,SUN_ERROR,-42.39,MAG_ERROR,158.10,GYRO_Z,-0.258,RW_CMD,0
TM,EST_RAW,42.39,EST_FILTERED,42.39,EST_ANGLE,42.60,EST_FILTER,ON,EST_FILTER_TYPE,MOVING_AVERAGE,EST_MA_WINDOW,1,EST_FILTER_STRENGTH,0.35
TM,EST_FUSION,ON,EST_GYRO_WEIGHT,0.98,EST_VALID,1
TM,SUN_L,3528,SUN_R,2940,SUN_NDV,0.0909,SUN_ANGLE,42.39
TM,MAG_X,-6.45,MAG_Y,-2.59,MAG_Z,-19.15,MAG_HEADING,201.90
TM,GYRO_X,-1.146,GYRO_Y,-2.336,GYRO_Z,-0.092,BODY_RATE,0.092
TM,SUN_L,3527,SUN_R,2940,SUN_NDV,0.0908,SUN_ANGLE,42.39
TM,MAG_X,-6.35,MAG_Y,-2.61,MAG_Z,-19.17,MAG_HEADING,202.32
TM,GYRO_X,-0.788,GYRO_Y,-2.319,GYRO_Z,-0.223,BODY_RATE,0.223
TM,ADCS_MODE,MANUAL,ADCS_REFERENCE,SUN,TARGET,0.00,POINTING_ERROR,-42.60,SUN_ERROR,-42.42,MAG_ERROR,157.68,GYRO_Z,-0.127,RW_CMD,0
TM,EST_RAW,42.42,EST_FILTERED,42.42,EST_ANGLE,42.60,EST_FILTER,ON,EST_FILTER_TYPE,MOVING_AVERAGE,EST_MA_WINDOW,1,EST_FILTER_STRENGTH,0.35
TM,EST_FUSION,ON,EST_GYRO_WEIGHT,0.98,EST_VALID,1
TM,SUN_L,3528,SUN_R,2940,SUN_NDV,0.0909,SUN_ANGLE,42.39
TM,MAG_X,-6.48,MAG_Y,-2.69,MAG_Z,-19.26,MAG_HEADING,202.53
TM,GYRO_X,-1.006,GYRO_Y,-2.433,GYRO_Z,-0.074,BODY_RATE,0.074
TM,ADCS_MODE,MANUAL,ADCS_REFERENCE,SUN,TARGET,0.00,POINTING_ERROR,-42.58,SUN_ERROR,-42.38,MAG_ERROR,157.78,GYRO_Z,-0.337,RW_CMD,0
TM,EST_RAW,42.38,EST_FILTERED,42.38,EST_ANGLE,42.58,EST_FILTER,ON,EST_FILTER_TYPE,MOVING_AVERAGE,EST_MA_WINDOW,1,EST_FILTER_STRENGTH,0.35
TM,EST_FUSION,ON,EST_GYRO_WEIGHT,0.98,EST_VALID,1
TM,SUN_L,3528,SUN_R,2940,SUN_NDV,0.0909,SUN_ANGLE,42.39
TM,MAG_X,-6.50,MAG_Y,-2.72,MAG_Z,-19.17,MAG_HEADING,202.72
TM,GYRO_X,-1.024,GYRO_Y,-2.179,GYRO_Z,0.031,BODY_RATE,-0.031
TM,ADCS_MODE,MANUAL,ADCS_REFERENCE,SUN,TARGET,0.00,POINTING_ERROR,-42.57,SUN_ERROR,-42.38,MAG_ERROR,158.34,GYRO_Z,-0.311,RW_CMD,0
TM,EST_RAW,42.38,EST_FILTERED,42.38,EST_ANGLE,42.57,EST_FILTER,ON,EST_FILTER_TYPE,MOVING_AVERAGE,EST_MA_WINDOW,1,EST_FILTER_STRENGTH,0.35
TM,EST_FUSION,ON,EST_GYRO_WEIGHT,0.98,EST_VALID,1
TM,SUN_L,3528,SUN_R,2939,SUN_NDV,0.0911,SUN_ANGLE,42.40
TM,MAG_X,-6.61,MAG_Y,-2.62,MAG_Z,-19.17,MAG_HEADING,201.66
TM,GYRO_X,-0.919,GYRO_Y,-2.091,GYRO_Z,0.057,BODY_RATE,-0.057
TM,ADCS_MODE,MANUAL,ADCS_REFERENCE,SUN,TARGET,0.00,POINTING_ERROR,-42.57,SUN_ERROR,-42.44,MAG_ERROR,157.86,GYRO_Z,-0.258,RW_CMD,0
TM,EST_RAW,42.44,EST_FILTERED,42.44,EST_ANGLE,42.57,EST_FILTER,ON,EST_FILTER_TYPE,MOVING_AVERAGE,EST_MA_WINDOW,1,EST_FILTER_STRENGTH,0.35
TM,EST_FUSION,ON,EST_GYRO_WEIGHT,0.98,EST_VALID,1
TM,SUN_L,3528,SUN_R,2940,SUN_NDV,0.0909,SUN_ANGLE,42.40
TM,MAG_X,-6.45,MAG_Y,-2.62,MAG_Z,-19.20,MAG_HEADING,202.14
TM,GYRO_X,-0.822,GYRO_Y,-2.704,GYRO_Z,-0.153,BODY_RATE,0.153
TM,SUN_L,3528,SUN_R,2939,SUN_NDV,0.0911,SUN_ANGLE,42.39
TM,MAG_X,-6.61,MAG_Y,-2.62,MAG_Z,-19.28,MAG_HEADING,201.66
TM,GYRO_X,-0.962,GYRO_Y,-2.389,GYRO_Z,-0.276,BODY_RATE,0.276
TM,ADCS_MODE,MANUAL,ADCS_REFERENCE,SUN,TARGET,0.00,POINTING_ERROR,-42.58,SUN_ERROR,-42.42,MAG_ERROR,158.34,GYRO_Z,-0.416,RW_CMD,0
TM,EST_RAW,42.42,EST_FILTERED,42.42,EST_ANGLE,42.58,EST_FILTER,ON,EST_FILTER_TYPE,MOVING_AVERAGE,EST_MA_WINDOW,1,EST_FILTER_STRENGTH,0.35
TM,EST_FUSION,ON,EST_GYRO_WEIGHT,0.98,EST_VALID,1
TM,SUN_L,3528,SUN_R,2939,SUN_NDV,0.0911,SUN_ANGLE,42.39
TM,MAG_X,-6.56,MAG_Y,-2.53,MAG_Z,-19.33,MAG_HEADING,201.07
TM,GYRO_X,-1.339,GYRO_Y,-2.126,GYRO_Z,-0.337,BODY_RATE,0.337
TM,ADCS_MODE,MANUAL,ADCS_REFERENCE,SUN,TARGET,0.00,POINTING_ERROR,-42.59,SUN_ERROR,-42.39,MAG_ERROR,158.93,GYRO_Z,-0.337,RW_CMD,0
TM,EST_RAW,42.39,EST_FILTERED,42.39,EST_ANGLE,42.59,EST_FILTER,ON,EST_FILTER_TYPE,MOVING_AVERAGE,EST_MA_WINDOW,1,EST_FILTER_STRENGTH,0.35
TM,EST_FUSION,ON,EST_GYRO_WEIGHT,0.98,EST_VALID,1
TM,SUN_L,3528,SUN_R,2940,SUN_NDV,0.0909,SUN_ANGLE,42.36
TM,MAG_X,-6.61,MAG_Y,-2.77,MAG_Z,-19.39,MAG_HEADING,202.73
TM,GYRO_X,-1.033,GYRO_Y,-2.293,GYRO_Z,-0.083,BODY_RATE,0.083
TM,ADCS_MODE,MANUAL,ADCS_REFERENCE,SUN,TARGET,0.00,POINTING_ERROR,-42.60,SUN_ERROR,-42.39,MAG_ERROR,157.10,GYRO_Z,-0.013,RW_CMD,0
TM,EST_RAW,42.39,EST_FILTERED,42.39,EST_ANGLE,42.60,EST_FILTER,ON,EST_FILTER_TYPE,MOVING_AVERAGE,EST_MA_WINDOW,1,EST_FILTER_STRENGTH,0.35
TM,EST_FUSION,ON,EST_GYRO_WEIGHT,0.98,EST_VALID,1
TM,SUN_L,3529,SUN_R,2940,SUN_NDV,0.0910,SUN_ANGLE,42.39
TM,MAG_X,-6.40,MAG_Y,-2.70,MAG_Z,-19.18,MAG_HEADING,202.90
TM,GYRO_X,-1.181,GYRO_Y,-1.986,GYRO_Z,-0.311,BODY_RATE,0.311
TM,ADCS_MODE,MANUAL,ADCS_REFERENCE,SUN,TARGET,0.00,POINTING_ERROR,-42.59,SUN_ERROR,-42.40,MAG_ERROR,158.03,GYRO_Z,-0.022,RW_CMD,0
TM,EST_RAW,42.40,EST_FILTERED,42.40,EST_ANGLE,42.59,EST_FILTER,ON,EST_FILTER_TYPE,MOVING_AVERAGE,EST_MA_WINDOW,1,EST_FILTER_STRENGTH,0.35
TM,EST_FUSION,ON,EST_GYRO_WEIGHT,0.98,EST_VALID,1
TM,SUN_L,3527,SUN_R,2941,SUN_NDV,0.0906,SUN_ANGLE,42.38
TM,MAG_X,-6.48,MAG_Y,-2.69,MAG_Z,-19.42,MAG_HEADING,202.53
TM,GYRO_X,-1.409,GYRO_Y,-2.091,GYRO_Z,-0.372,BODY_RATE,0.372
TM,SUN_L,3529,SUN_R,2941,SUN_NDV,0.0909,SUN_ANGLE,42.37
TM,MAG_X,-6.50,MAG_Y,-2.54,MAG_Z,-19.42,MAG_HEADING,201.39
TM,GYRO_X,-0.998,GYRO_Y,-2.319,GYRO_Z,-0.013,BODY_RATE,0.013
TM,ADCS_MODE,MANUAL,ADCS_REFERENCE,SUN,TARGET,0.00,POINTING_ERROR,-42.59,SUN_ERROR,-42.37,MAG_ERROR,158.61,GYRO_Z,-0.109,RW_CMD,0
TM,EST_RAW,42.37,EST_FILTERED,42.37,EST_ANGLE,42.59,EST_FILTER,ON,EST_FILTER_TYPE,MOVING_AVERAGE,EST_MA_WINDOW,1,EST_FILTER_STRENGTH,0.35
TM,EST_FUSION,ON,EST_GYRO_WEIGHT,0.98,EST_VALID,1
TM,SUN_L,3529,SUN_R,2941,SUN_NDV,0.0909,SUN_ANGLE,42.40
TM,MAG_X,-6.53,MAG_Y,-2.64,MAG_Z,-19.30,MAG_HEADING,202.02
TM,GYRO_X,-1.076,GYRO_Y,-1.942,GYRO_Z,-0.407,BODY_RATE,0.407
TM,ADCS_MODE,MANUAL,ADCS_REFERENCE,SUN,TARGET,0.00,POINTING_ERROR,-42.58,SUN_ERROR,-42.40,MAG_ERROR,157.53,GYRO_Z,-0.083,RW_CMD,0
TM,EST_RAW,42.40,EST_FILTERED,42.40,EST_ANGLE,42.58,EST_FILTER,ON,EST_FILTER_TYPE,MOVING_AVERAGE,EST_MA_WINDOW,1,EST_FILTER_STRENGTH,0.35
TM,EST_FUSION,ON,EST_GYRO_WEIGHT,0.98,EST_VALID,1
TM,SUN_L,3529,SUN_R,2940,SUN_NDV,0.0910,SUN_ANGLE,42.41
TM,MAG_X,-6.38,MAG_Y,-2.54,MAG_Z,-19.31,MAG_HEADING,201.73
TM,GYRO_X,-1.207,GYRO_Y,-2.152,GYRO_Z,-0.232,BODY_RATE,0.232
TM,ADCS_MODE,MANUAL,ADCS_REFERENCE,SUN,TARGET,0.00,POINTING_ERROR,-42.58,SUN_ERROR,-42.40,MAG_ERROR,158.27,GYRO_Z,-0.214,RW_CMD,0
TM,EST_RAW,42.40,EST_FILTERED,42.40,EST_ANGLE,42.58,EST_FILTER,ON,EST_FILTER_TYPE,MOVING_AVERAGE,EST_MA_WINDOW,1,EST_FILTER_STRENGTH,0.35
TM,EST_FUSION,ON,EST_GYRO_WEIGHT,0.98,EST_VALID,1
TM,SUN_L,3529,SUN_R,2940,SUN_NDV,0.0910,SUN_ANGLE,42.41
TM,MAG_X,-6.45,MAG_Y,-2.58,MAG_Z,-19.36,MAG_HEADING,201.78
TM,GYRO_X,-1.164,GYRO_Y,-2.109,GYRO_Z,-0.039,BODY_RATE,0.039
TM,ADCS_MODE,MANUAL,ADCS_REFERENCE,SUN,TARGET,0.00,POINTING_ERROR,-42.58,SUN_ERROR,-42.38,MAG_ERROR,157.61,GYRO_Z,-0.066,RW_CMD,0
TM,EST_RAW,42.38,EST_FILTERED,42.38,EST_ANGLE,42.58,EST_FILTER,ON,EST_FILTER_TYPE,MOVING_AVERAGE,EST_MA_WINDOW,1,EST_FILTER_STRENGTH,0.35
TM,EST_FUSION,ON,EST_GYRO_WEIGHT,0.98,EST_VALID,1
TM,SUN_L,3529,SUN_R,2940,SUN_NDV,0.0910,SUN_ANGLE,42.41
TM,MAG_X,-6.64,MAG_Y,-2.74,MAG_Z,-19.30,MAG_HEADING,202.39
TM,GYRO_X,-0.989,GYRO_Y,-2.223,GYRO_Z,0.004,BODY_RATE,-0.004
TM,SUN_L,3529,SUN_R,2940,SUN_NDV,0.0910,SUN_ANGLE,42.40
TM,MAG_X,-6.50,MAG_Y,-2.56,MAG_Z,-19.36,MAG_HEADING,201.51
TM,GYRO_X,-0.962,GYRO_Y,-2.179,GYRO_Z,-0.267,BODY_RATE,0.267
TM,ADCS_MODE,MANUAL,ADCS_REFERENCE,SUN,TARGET,0.00,POINTING_ERROR,-42.59,SUN_ERROR,-42.41,MAG_ERROR,158.49,GYRO_Z,-0.267,RW_CMD,0
TM,EST_RAW,42.41,EST_FILTERED,42.41,EST_ANGLE,42.59,EST_FILTER,ON,EST_FILTER_TYPE,MOVING_AVERAGE,EST_MA_WINDOW,1,EST_FILTER_STRENGTH,0.35
TM,EST_FUSION,ON,EST_GYRO_WEIGHT,0.98,EST_VALID,1
TM,SUN_L,3529,SUN_R,2940,SUN_NDV,0.0910,SUN_ANGLE,42.40
TM,MAG_X,-6.48,MAG_Y,-2.54,MAG_Z,-19.26,MAG_HEADING,201.43
TM,GYRO_X,-0.936,GYRO_Y,-2.170,GYRO_Z,-0.136,BODY_RATE,0.136
TM,ADCS_MODE,MANUAL,ADCS_REFERENCE,SUN,TARGET,0.00,POINTING_ERROR,-42.58,SUN_ERROR,-42.40,MAG_ERROR,158.57,GYRO_Z,-0.048,RW_CMD,0
TM,EST_RAW,42.40,EST_FILTERED,42.40,EST_ANGLE,42.58,EST_FILTER,ON,EST_FILTER_TYPE,MOVING_AVERAGE,EST_MA_WINDOW,1,EST_FILTER_STRENGTH,0.35
TM,EST_FUSION,ON,EST_GYRO_WEIGHT,0.98,EST_VALID,1
TM,SUN_L,3528,SUN_R,2939,SUN_NDV,0.0911,SUN_ANGLE,42.38
TM,MAG_X,-6.74,MAG_Y,-2.66,MAG_Z,-19.44,MAG_HEADING,201.52
TM,GYRO_X,-1.076,GYRO_Y,-2.389,GYRO_Z,0.127,BODY_RATE,-0.127
TM,ADCS_MODE,MANUAL,ADCS_REFERENCE,SUN,TARGET,0.00,POINTING_ERROR,-42.60,SUN_ERROR,-42.40,MAG_ERROR,158.17,GYRO_Z,-0.302,RW_CMD,0
TM,EST_RAW,42.40,EST_FILTERED,42.40,EST_ANGLE,42.60,EST_FILTER,ON,EST_FILTER_TYPE,MOVING_AVERAGE,EST_MA_WINDOW,1,EST_FILTER_STRENGTH,0.35
TM,EST_FUSION,ON,EST_GYRO_WEIGHT,0.98,EST_VALID,1
TM,SUN_L,3528,SUN_R,2940,SUN_NDV,0.0909,SUN_ANGLE,42.40
TM,MAG_X,-6.59,MAG_Y,-2.64,MAG_Z,-19.33,MAG_HEADING,201.83
TM,GYRO_X,-0.822,GYRO_Y,-2.529,GYRO_Z,-0.188,BODY_RATE,0.188
TM,ADCS_MODE,MANUAL,ADCS_REFERENCE,SUN,TARGET,0.00,POINTING_ERROR,-42.60,SUN_ERROR,-42.39,MAG_ERROR,158.32,GYRO_Z,-0.188,RW_CMD,0
TM,EST_RAW,42.39,EST_FILTERED,42.39,EST_ANGLE,42.60,EST_FILTER,ON,EST_FILTER_TYPE,MOVING_AVERAGE,EST_MA_WINDOW,1,EST_FILTER_STRENGTH,0.35
TM,EST_FUSION,ON,EST_GYRO_WEIGHT,0.98,EST_VALID,1
TM,SUN_L,3527,SUN_R,2939,SUN_NDV,0.0909,SUN_ANGLE,42.43
TM,MAG_X,-6.64,MAG_Y,-2.64,MAG_Z,-19.41,MAG_HEADING,201.68
TM,GYRO_X,-1.286,GYRO_Y,-2.170,GYRO_Z,-0.144,BODY_RATE,0.144
TM,SUN_L,3529,SUN_R,2940,SUN_NDV,0.0910,SUN_ANGLE,42.39
TM,MAG_X,-6.54,MAG_Y,-2.62,MAG_Z,-19.54,MAG_HEADING,201.85
TM,GYRO_X,-1.111,GYRO_Y,-2.065,GYRO_Z,-0.354,BODY_RATE,0.354
TM,ADCS_MODE,MANUAL,ADCS_REFERENCE,SUN,TARGET,0.00,POINTING_ERROR,-42.59,SUN_ERROR,-42.39,MAG_ERROR,158.15,GYRO_Z,-0.171,RW_CMD,0
TM,EST_RAW,42.39,EST_FILTERED,42.39,EST_ANGLE,42.59,EST_FILTER,ON,EST_FILTER_TYPE,MOVING_AVERAGE,EST_MA_WINDOW,1,EST_FILTER_STRENGTH,0.35
TM,EST_FUSION,ON,EST_GYRO_WEIGHT,0.98,EST_VALID,1
TM,SUN_L,3529,SUN_R,2940,SUN_NDV,0.0910,SUN_ANGLE,42.38
TM,MAG_X,-6.61,MAG_Y,-2.58,MAG_Z,-19.41,MAG_HEADING,201.30
TM,GYRO_X,-1.146,GYRO_Y,-2.179,GYRO_Z,-0.171,BODY_RATE,0.171
TM,ADCS_MODE,MANUAL,ADCS_REFERENCE,SUN,TARGET,0.00,POINTING_ERROR,-42.57,SUN_ERROR,-42.39,MAG_ERROR,158.70,GYRO_Z,-0.118,RW_CMD,0
TM,EST_RAW,42.39,EST_FILTERED,42.39,EST_ANGLE,42.57,EST_FILTER,ON,EST_FILTER_TYPE,MOVING_AVERAGE,EST_MA_WINDOW,1,EST_FILTER_STRENGTH,0.35
TM,EST_FUSION,ON,EST_GYRO_WEIGHT,0.98,EST_VALID,1
TM,SUN_L,3528,SUN_R,2939,SUN_NDV,0.0911,SUN_ANGLE,42.41
TM,MAG_X,-6.58,MAG_Y,-2.56,MAG_Z,-19.34,MAG_HEADING,201.27
TM,GYRO_X,-1.102,GYRO_Y,-2.205,GYRO_Z,0.004,BODY_RATE,-0.004
TM,ADCS_MODE,MANUAL,ADCS_REFERENCE,SUN,TARGET,0.00,POINTING_ERROR,-42.60,SUN_ERROR,-42.42,MAG_ERROR,158.67,GYRO_Z,-0.258,RW_CMD,0
TM,EST_RAW,42.42,EST_FILTERED,42.42,EST_ANGLE,42.60,EST_FILTER,ON,EST_FILTER_TYPE,MOVING_AVERAGE,EST_MA_WINDOW,1,EST_FILTER_STRENGTH,0.35
TM,EST_FUSION,ON,EST_GYRO_WEIGHT,0.98,EST_VALID,1
TM,SUN_L,3528,SUN_R,2937,SUN_NDV,0.0914,SUN_ANGLE,42.45
TM,MAG_X,-6.67,MAG_Y,-2.45,MAG_Z,-19.31,MAG_HEADING,200.15
TM,GYRO_X,-0.998,GYRO_Y,-2.310,GYRO_Z,-0.109,BODY_RATE,0.109
TM,ADCS_MODE,MANUAL,ADCS_REFERENCE,SUN,TARGET,0.00,POINTING_ERROR,-42.61,SUN_ERROR,-42.45,MAG_ERROR,158.59,GYRO_Z,-0.136,RW_CMD,0
TM,EST_RAW,42.45,EST_FILTERED,42.45,EST_ANGLE,42.61,EST_FILTER,ON,EST_FILTER_TYPE,MOVING_AVERAGE,EST_MA_WINDOW,1,EST_FILTER_STRENGTH,0.35
TM,EST_FUSION,ON,EST_GYRO_WEIGHT,0.98,EST_VALID,1
TM,SUN_L,3528,SUN_R,2937,SUN_NDV,0.0914,SUN_ANGLE,42.46
TM,MAG_X,-6.53,MAG_Y,-2.56,MAG_Z,-19.44,MAG_HEADING,201.41
TM,GYRO_X,-1.102,GYRO_Y,-2.275,GYRO_Z,-0.241,BODY_RATE,0.241
TM,SUN_L,3529,SUN_R,2936,SUN_NDV,0.0917,SUN_ANGLE,42.47
TM,MAG_X,-6.51,MAG_Y,-2.64,MAG_Z,-19.31,MAG_HEADING,202.07
TM,GYRO_X,-0.954,GYRO_Y,-2.319,GYRO_Z,-0.284,BODY_RATE,0.284
TM,ADCS_MODE,MANUAL,ADCS_REFERENCE,SUN,TARGET,0.00,POINTING_ERROR,-42.63,SUN_ERROR,-42.48,MAG_ERROR,157.93,GYRO_Z,-0.206,RW_CMD,0
TM,EST_RAW,42.48,EST_FILTERED,42.48,EST_ANGLE,42.63,EST_FILTER,ON,EST_FILTER_TYPE,MOVING_AVERAGE,EST_MA_WINDOW,1,EST_FILTER_STRENGTH,0.35
TM,EST_FUSION,ON,EST_GYRO_WEIGHT,0.98,EST_VALID,1
TM,SUN_L,3527,SUN_R,2936,SUN_NDV,0.0914,SUN_ANGLE,42.48
TM,MAG_X,-6.72,MAG_Y,-2.45,MAG_Z,-19.39,MAG_HEADING,200.02
TM,GYRO_X,-1.076,GYRO_Y,-2.144,GYRO_Z,-0.197,BODY_RATE,0.197
TM,ADCS_MODE,MANUAL,ADCS_REFERENCE,SUN,TARGET,0.00,POINTING_ERROR,-42.64,SUN_ERROR,-42.50,MAG_ERROR,158.03,GYRO_Z,-0.188,RW_CMD,0
TM,EST_RAW,42.50,EST_FILTERED,42.50,EST_ANGLE,42.64,EST_FILTER,ON,EST_FILTER_TYPE,MOVING_AVERAGE,EST_MA_WINDOW,1,EST_FILTER_STRENGTH,0.35
TM,EST_FUSION,ON,EST_GYRO_WEIGHT,0.98,EST_VALID,1
TM,SUN_L,3527,SUN_R,2937,SUN_NDV,0.0913,SUN_ANGLE,42.47
TM,MAG_X,-6.58,MAG_Y,-2.40,MAG_Z,-19.39,MAG_HEADING,200.05
TM,GYRO_X,-1.067,GYRO_Y,-2.188,GYRO_Z,-0.241,BODY_RATE,0.241
TM,ADCS_MODE,MANUAL,ADCS_REFERENCE,SUN,TARGET,0.00,POINTING_ERROR,-42.66,SUN_ERROR,-42.45,MAG_ERROR,159.95,GYRO_Z,-0.337,RW_CMD,0
TM,EST_RAW,42.45,EST_FILTERED,42.45,EST_ANGLE,42.66,EST_FILTER,ON,EST_FILTER_TYPE,MOVING_AVERAGE,EST_MA_WINDOW,1,EST_FILTER_STRENGTH,0.35
TM,EST_FUSION,ON,EST_GYRO_WEIGHT,0.98,EST_VALID,1
TM,SUN_L,3528,SUN_R,2938,SUN_NDV,0.0912,SUN_ANGLE,42.49
TM,MAG_X,-6.62,MAG_Y,-2.38,MAG_Z,-19.44,MAG_HEADING,199.79
TM,GYRO_X,-0.989,GYRO_Y,-2.196,GYRO_Z,-0.179,BODY_RATE,0.179
TM,ADCS_MODE,MANUAL,ADCS_REFERENCE,SUN,TARGET,0.00,POINTING_ERROR,-42.66,SUN_ERROR,-42.45,MAG_ERROR,158.64,GYRO_Z,-0.319,RW_CMD,0
TM,EST_RAW,42.45,EST_FILTERED,42.45,EST_ANGLE,42.66,EST_FILTER,ON,EST_FILTER_TYPE,MOVING_AVERAGE,EST_MA_WINDOW,1,EST_FILTER_STRENGTH,0.35
TM,EST_FUSION,ON,EST_GYRO_WEIGHT,0.98,EST_VALID,1
TM,SUN_L,3529,SUN_R,2937,SUN_NDV,0.0916,SUN_ANGLE,42.47
TM,MAG_X,-6.83,MAG_Y,-2.67,MAG_Z,-19.50,MAG_HEADING,201.36
TM,GYRO_X,-1.102,GYRO_Y,-2.100,GYRO_Z,-0.328,BODY_RATE,0.328
TM,SUN_L,3529,SUN_R,2937,SUN_NDV,0.0916,SUN_ANGLE,42.47
TM,MAG_X,-6.58,MAG_Y,-2.54,MAG_Z,-19.50,MAG_HEADING,201.15
TM,GYRO_X,-1.251,GYRO_Y,-2.362,GYRO_Z,-0.302,BODY_RATE,0.302
TM,ADCS_MODE,MANUAL,ADCS_REFERENCE,SUN,TARGET,0.00,POINTING_ERROR,-42.67,SUN_ERROR,-42.47,MAG_ERROR,158.70,GYRO_Z,-0.407,RW_CMD,0
TM,EST_RAW,42.47,EST_FILTERED,42.47,EST_ANGLE,42.67,EST_FILTER,ON,EST_FILTER_TYPE,MOVING_AVERAGE,EST_MA_WINDOW,1,EST_FILTER_STRENGTH,0.35
TM,EST_FUSION,ON,EST_GYRO_WEIGHT,0.98,EST_VALID,1
TM,SUN_L,3529,SUN_R,2937,SUN_NDV,0.0916,SUN_ANGLE,42.49
TM,MAG_X,-6.62,MAG_Y,-2.62,MAG_Z,-19.49,MAG_HEADING,201.61
TM,GYRO_X,-1.207,GYRO_Y,-2.004,GYRO_Z,-0.363,BODY_RATE,0.363
TM,ADCS_MODE,MANUAL,ADCS_REFERENCE,SUN,TARGET,0.00,POINTING_ERROR,-42.69,SUN_ERROR,-42.46,MAG_ERROR,158.39,GYRO_Z,-0.232,RW_CMD,0
TM,EST_RAW,42.46,EST_FILTERED,42.46,EST_ANGLE,42.69,EST_FILTER,ON,EST_FILTER_TYPE,MOVING_AVERAGE,EST_MA_WINDOW,1,EST_FILTER_STRENGTH,0.35
TM,EST_FUSION,ON,EST_GYRO_WEIGHT,0.98,EST_VALID,1
TM,SUN_L,3528,SUN_R,2936,SUN_NDV,0.0916,SUN_ANGLE,42.49
TM,MAG_X,-6.61,MAG_Y,-2.59,MAG_Z,-19.34,MAG_HEADING,201.42
TM,GYRO_X,-1.173,GYRO_Y,-2.100,GYRO_Z,-0.171,BODY_RATE,0.171
TM,ADCS_MODE,MANUAL,ADCS_REFERENCE,SUN,TARGET,0.00,POINTING_ERROR,-42.68,SUN_ERROR,-42.49,MAG_ERROR,159.05,GYRO_Z,0.013,RW_CMD,0
TM,EST_RAW,42.49,EST_FILTERED,42.49,EST_ANGLE,42.68,EST_FILTER,ON,EST_FILTER_TYPE,MOVING_AVERAGE,EST_MA_WINDOW,1,EST_FILTER_STRENGTH,0.35
TM,EST_FUSION,ON,EST_GYRO_WEIGHT,0.98,EST_VALID,1
TM,SUN_L,3528,SUN_R,2937,SUN_NDV,0.0914,SUN_ANGLE,42.45
TM,MAG_X,-6.56,MAG_Y,-2.51,MAG_Z,-18.98,MAG_HEADING,200.95
TM,GYRO_X,-0.892,GYRO_Y,-2.214,GYRO_Z,-0.267,BODY_RATE,0.267
TM,ADCS_MODE,MANUAL,ADCS_REFERENCE,SUN,TARGET,0.00,POINTING_ERROR,-42.68,SUN_ERROR,-42.48,MAG_ERROR,157.96,GYRO_Z,-0.407,RW_CMD,0
TM,EST_RAW,42.48,EST_FILTERED,42.48,EST_ANGLE,42.68,EST_FILTER,ON,EST_FILTER_TYPE,MOVING_AVERAGE,EST_MA_WINDOW,1,EST_FILTER_STRENGTH,0.35
TM,EST_FUSION,ON,EST_GYRO_WEIGHT,0.98,EST_VALID,1
TM,SUN_L,3529,SUN_R,2937,SUN_NDV,0.0916,SUN_ANGLE,42.43
TM,MAG_X,-6.51,MAG_Y,-2.61,MAG_Z,-19.44,MAG_HEADING,201.83
TM,GYRO_X,-1.242,GYRO_Y,-2.354,GYRO_Z,-0.206,BODY_RATE,0.206
TM,SUN_L,3528,SUN_R,2937,SUN_NDV,0.0914,SUN_ANGLE,42.48
TM,MAG_X,-6.54,MAG_Y,-2.66,MAG_Z,-19.28,MAG_HEADING,202.09
TM,GYRO_X,-0.989,GYRO_Y,-2.161,GYRO_Z,-0.074,BODY_RATE,0.074
TM,ADCS_MODE,MANUAL,ADCS_REFERENCE,SUN,TARGET,0.00,POINTING_ERROR,-42.68,SUN_ERROR,-42.49,MAG_ERROR,157.91,GYRO_Z,-0.354,RW_CMD,0
TM,EST_RAW,42.49,EST_FILTERED,42.49,EST_ANGLE,42.68,EST_FILTER,ON,EST_FILTER_TYPE,MOVING_AVERAGE,EST_MA_WINDOW,1,EST_FILTER_STRENGTH,0.35
TM,EST_FUSION,ON,EST_GYRO_WEIGHT,0.98,EST_VALID,1
TM,SUN_L,3528,SUN_R,2937,SUN_NDV,0.0914,SUN_ANGLE,42.47
TM,MAG_X,-6.40,MAG_Y,-2.61,MAG_Z,-19.34,MAG_HEADING,202.17
TM,GYRO_X,-1.059,GYRO_Y,-2.257,GYRO_Z,-0.101,BODY_RATE,0.101
TM,ADCS_MODE,MANUAL,ADCS_REFERENCE,SUN,TARGET,0.00,POINTING_ERROR,-42.70,SUN_ERROR,-42.46,MAG_ERROR,157.83,GYRO_Z,-0.494,RW_CMD,0
TM,EST_RAW,42.46,EST_FILTERED,42.46,EST_ANGLE,42.70,EST_FILTER,ON,EST_FILTER_TYPE,MOVING_AVERAGE,EST_MA_WINDOW,1,EST_FILTER_STRENGTH,0.35
TM,EST_FUSION,ON,EST_GYRO_WEIGHT,0.98,EST_VALID,1
TM,SUN_L,3528,SUN_R,2937,SUN_NDV,0.0914,SUN_ANGLE,42.49
TM,MAG_X,-6.58,MAG_Y,-2.77,MAG_Z,-19.36,MAG_HEADING,202.83
TM,GYRO_X,-1.173,GYRO_Y,-2.275,GYRO_Z,-0.153,BODY_RATE,0.153
TM,ADCS_MODE,MANUAL,ADCS_REFERENCE,SUN,TARGET,0.00,POINTING_ERROR,-42.70,SUN_ERROR,-42.47,MAG_ERROR,158.41,GYRO_Z,-0.188,RW_CMD,0
TM,EST_RAW,42.47,EST_FILTERED,42.47,EST_ANGLE,42.70,EST_FILTER,ON,EST_FILTER_TYPE,MOVING_AVERAGE,EST_MA_WINDOW,1,EST_FILTER_STRENGTH,0.35
TM,EST_FUSION,ON,EST_GYRO_WEIGHT,0.98,EST_VALID,1
TM,SUN_L,3529,SUN_R,2937,SUN_NDV,0.0916,SUN_ANGLE,42.47
TM,MAG_X,-6.53,MAG_Y,-2.51,MAG_Z,-19.22,MAG_HEADING,201.05
TM,GYRO_X,-1.190,GYRO_Y,-1.855,GYRO_Z,-0.459,BODY_RATE,0.459
TM,ADCS_MODE,MANUAL,ADCS_REFERENCE,SUN,TARGET,0.00,POINTING_ERROR,-42.69,SUN_ERROR,-42.48,MAG_ERROR,158.20,GYRO_Z,-0.389,RW_CMD,0
TM,EST_RAW,42.48,EST_FILTERED,42.48,EST_ANGLE,42.69,EST_FILTER,ON,EST_FILTER_TYPE,MOVING_AVERAGE,EST_MA_WINDOW,1,EST_FILTER_STRENGTH,0.35
TM,EST_FUSION,ON,EST_GYRO_WEIGHT,0.98,EST_VALID,1
TM,SUN_L,3529,SUN_R,2937,SUN_NDV,0.0916,SUN_ANGLE,42.49
TM,MAG_X,-6.56,MAG_Y,-2.62,MAG_Z,-19.41,MAG_HEADING,201.80
TM,GYRO_X,-1.094,GYRO_Y,-1.873,GYRO_Z,-0.179,BODY_RATE,0.179
TM,SUN_L,3529,SUN_R,2937,SUN_NDV,0.0916,SUN_ANGLE,42.48
TM,MAG_X,-6.43,MAG_Y,-2.69,MAG_Z,-19.39,MAG_HEADING,202.68
TM,GYRO_X,-0.884,GYRO_Y,-2.275,GYRO_Z,-0.153,BODY_RATE,0.153
TM,ADCS_MODE,MANUAL,ADCS_REFERENCE,SUN,TARGET,0.00,POINTING_ERROR,-42.70,SUN_ERROR,-42.47,MAG_ERROR,157.32,GYRO_Z,-0.354,RW_CMD,0
TM,EST_RAW,42.47,EST_FILTERED,42.47,EST_ANGLE,42.70,EST_FILTER,ON,EST_FILTER_TYPE,MOVING_AVERAGE,EST_MA_WINDOW,1,EST_FILTER_STRENGTH,0.35
TM,EST_FUSION,ON,EST_GYRO_WEIGHT,0.98,EST_VALID,1
TM,SUN_L,3528,SUN_R,2937,SUN_NDV,0.0914,SUN_ANGLE,42.47
TM,MAG_X,-6.58,MAG_Y,-2.64,MAG_Z,-19.38,MAG_HEADING,201.87
TM,GYRO_X,-1.216,GYRO_Y,-2.223,GYRO_Z,-0.328,BODY_RATE,0.328
TM,ADCS_MODE,MANUAL,ADCS_REFERENCE,SUN,TARGET,0.00,POINTING_ERROR,-42.71,SUN_ERROR,-42.49,MAG_ERROR,158.22,GYRO_Z,-0.319,RW_CMD,0
TM,EST_RAW,42.49,EST_FILTERED,42.49,EST_ANGLE,42.71,EST_FILTER,ON,EST_FILTER_TYPE,MOVING_AVERAGE,EST_MA_WINDOW,1,EST_FILTER_STRENGTH,0.35
TM,EST_FUSION,ON,EST_GYRO_WEIGHT,0.98,EST_VALID,1
TM,SUN_L,3528,SUN_R,2937,SUN_NDV,0.0914,SUN_ANGLE,42.48
TM,MAG_X,-6.53,MAG_Y,-2.62,MAG_Z,-19.36,MAG_HEADING,201.90
TM,GYRO_X,-1.067,GYRO_Y,-2.091,GYRO_Z,-0.083,BODY_RATE,0.083
TM,ADCS_MODE,MANUAL,ADCS_REFERENCE,SUN,TARGET,0.00,POINTING_ERROR,-42.71,SUN_ERROR,-42.48,MAG_ERROR,158.10,GYRO_Z,-0.109,RW_CMD,0
TM,EST_RAW,42.48,EST_FILTERED,42.48,EST_ANGLE,42.71,EST_FILTER,ON,EST_FILTER_TYPE,MOVING_AVERAGE,EST_MA_WINDOW,1,EST_FILTER_STRENGTH,0.35
TM,EST_FUSION,ON,EST_GYRO_WEIGHT,0.98,EST_VALID,1
TM,SUN_L,3528,SUN_R,2937,SUN_NDV,0.0914,SUN_ANGLE,42.48
TM,MAG_X,-6.66,MAG_Y,-2.74,MAG_Z,-19.26,MAG_HEADING,202.35
TM,GYRO_X,-1.067,GYRO_Y,-2.310,GYRO_Z,-0.346,BODY_RATE,0.346
TM,ADCS_MODE,MANUAL,ADCS_REFERENCE,SUN,TARGET,0.00,POINTING_ERROR,-42.71,SUN_ERROR,-42.46,MAG_ERROR,158.49,GYRO_Z,-0.039,RW_CMD,0
TM,EST_RAW,42.46,EST_FILTERED,42.46,EST_ANGLE,42.71,EST_FILTER,ON,EST_FILTER_TYPE,MOVING_AVERAGE,EST_MA_WINDOW,1,EST_FILTER_STRENGTH,0.35
TM,EST_FUSION,ON,EST_GYRO_WEIGHT,0.98,EST_VALID,1
TM,SUN_L,3527,SUN_R,2937,SUN_NDV,0.0913,SUN_ANGLE,42.48
TM,MAG_X,-6.58,MAG_Y,-2.59,MAG_Z,-19.30,MAG_HEADING,201.51
TM,GYRO_X,-1.120,GYRO_Y,-2.389,GYRO_Z,-0.302,BODY_RATE,0.302
TM,SUN_L,3528,SUN_R,2937,SUN_NDV,0.0914,SUN_ANGLE,42.46
TM,MAG_X,-6.50,MAG_Y,-2.53,MAG_Z,-19.44,MAG_HEADING,201.26
TM,GYRO_X,-0.770,GYRO_Y,-2.100,GYRO_Z,-0.109,BODY_RATE,0.109
TM,ADCS_MODE,MANUAL,ADCS_REFERENCE,SUN,TARGET,0.00,POINTING_ERROR,-42.70,SUN_ERROR,-42.45,MAG_ERROR,158.74,GYRO_Z,-0.267,RW_CMD,0
TM,EST_RAW,42.45,EST_FILTERED,42.45,EST_ANGLE,42.70,EST_FILTER,ON,EST_FILTER_TYPE,MOVING_AVERAGE,EST_MA_WINDOW,1,EST_FILTER_STRENGTH,0.35
TM,EST_FUSION,ON,EST_GYRO_WEIGHT,0.98,EST_VALID,1
TM,SUN_L,3528,SUN_R,2937,SUN_NDV,0.0914,SUN_ANGLE,42.45
TM,MAG_X,-6.56,MAG_Y,-2.51,MAG_Z,-19.41,MAG_HEADING,200.95
TM,GYRO_X,-0.831,GYRO_Y,-2.371,GYRO_Z,-0.092,BODY_RATE,0.092
TM,ADCS_MODE,MANUAL,ADCS_REFERENCE,SUN,TARGET,0.00,POINTING_ERROR,-42.70,SUN_ERROR,-42.47,MAG_ERROR,159.05,GYRO_Z,-0.022,RW_CMD,0
TM,EST_RAW,42.47,EST_FILTERED,42.47,EST_ANGLE,42.70,EST_FILTER,ON,EST_FILTER_TYPE,MOVING_AVERAGE,EST_MA_WINDOW,1,EST_FILTER_STRENGTH,0.35
TM,EST_FUSION,ON,EST_GYRO_WEIGHT,0.98,EST_VALID,1
TM,SUN_L,3528,SUN_R,2938,SUN_NDV,0.0912,SUN_ANGLE,42.45
TM,MAG_X,-6.51,MAG_Y,-2.75,MAG_Z,-19.39,MAG_HEADING,202.91
TM,GYRO_X,-0.849,GYRO_Y,-2.319,GYRO_Z,-0.267,BODY_RATE,0.267
TM,ADCS_MODE,MANUAL,ADCS_REFERENCE,SUN,TARGET,0.00,POINTING_ERROR,-42.69,SUN_ERROR,-42.42,MAG_ERROR,158.65,GYRO_Z,-0.162,RW_CMD,0
TM,EST_RAW,42.42,EST_FILTERED,42.42,EST_ANGLE,42.69,EST_FILTER,ON,EST_FILTER_TYPE,MOVING_AVERAGE,EST_MA_WINDOW,1,EST_FILTER_STRENGTH,0.35
TM,EST_FUSION,ON,EST_GYRO_WEIGHT,0.98,EST_VALID,1
TM,SUN_L,3528,SUN_R,2938,SUN_NDV,0.0912,SUN_ANGLE,42.47
TM,MAG_X,-6.67,MAG_Y,-2.61,MAG_Z,-19.30,MAG_HEADING,201.35
TM,GYRO_X,-1.225,GYRO_Y,-2.205,GYRO_Z,0.066,BODY_RATE,-0.066
TM,ADCS_MODE,MANUAL,ADCS_REFERENCE,SUN,TARGET,0.00,POINTING_ERROR,-42.68,SUN_ERROR,-42.47,MAG_ERROR,158.91,GYRO_Z,-0.249,RW_CMD,0
TM,EST_RAW,42.47,EST_FILTERED,42.47,EST_ANGLE,42.68,EST_FILTER,ON,EST_FILTER_TYPE,MOVING_AVERAGE,EST_MA_WINDOW,1,EST_FILTER_STRENGTH,0.35
TM,EST_FUSION,ON,EST_GYRO_WEIGHT,0.98,EST_VALID,1
TM,SUN_L,3529,SUN_R,2938,SUN_NDV,0.0914,SUN_ANGLE,42.45
TM,MAG_X,-6.56,MAG_Y,-2.54,MAG_Z,-19.47,MAG_HEADING,201.20
TM,GYRO_X,-1.067,GYRO_Y,-2.511,GYRO_Z,-0.372,BODY_RATE,0.372
TM,SUN_L,3528,SUN_R,2937,SUN_NDV,0.0914,SUN_ANGLE,42.47
TM,MAG_X,-6.58,MAG_Y,-2.45,MAG_Z,-19.50,MAG_HEADING,200.42
TM,GYRO_X,-0.901,GYRO_Y,-2.354,GYRO_Z,-0.328,BODY_RATE,0.328
TM,ADCS_MODE,MANUAL,ADCS_REFERENCE,SUN,TARGET,0.00,POINTING_ERROR,-42.68,SUN_ERROR,-42.47,MAG_ERROR,159.58,GYRO_Z,0.013,RW_CMD,0
TM,EST_RAW,42.47,EST_FILTERED,42.47,EST_ANGLE,42.68,EST_FILTER,ON,EST_FILTER_TYPE,MOVING_AVERAGE,EST_MA_WINDOW,1,EST_FILTER_STRENGTH,0.35
TM,EST_FUSION,ON,EST_GYRO_WEIGHT,0.98,EST_VALID,1
TM,SUN_L,3529,SUN_R,2938,SUN_NDV,0.0914,SUN_ANGLE,42.45
TM,MAG_X,-6.67,MAG_Y,-2.51,MAG_Z,-19.41,MAG_HEADING,200.63
TM,GYRO_X,-0.989,GYRO_Y,-2.380,GYRO_Z,-0.363,BODY_RATE,0.363
TM,ADCS_MODE,MANUAL,ADCS_REFERENCE,SUN,TARGET,0.00,POINTING_ERROR,-42.68,SUN_ERROR,-42.45,MAG_ERROR,158.25,GYRO_Z,-0.249,RW_CMD,0
TM,EST_RAW,42.45,EST_FILTERED,42.45,EST_ANGLE,42.68,EST_FILTER,ON,EST_FILTER_TYPE,MOVING_AVERAGE,EST_MA_WINDOW,1,EST_FILTER_STRENGTH,0.35
TM,EST_FUSION,ON,EST_GYRO_WEIGHT,0.98,EST_VALID,1
TM,SUN_L,3528,SUN_R,2938,SUN_NDV,0.0912,SUN_ANGLE,42.44
TM,MAG_X,-6.56,MAG_Y,-2.48,MAG_Z,-19.20,MAG_HEADING,200.71
TM,GYRO_X,-0.971,GYRO_Y,-2.056,GYRO_Z,-0.092,BODY_RATE,0.092
TM,ADCS_MODE,MANUAL,ADCS_REFERENCE,SUN,TARGET,0.00,POINTING_ERROR,-42.68,SUN_ERROR,-42.43,MAG_ERROR,159.29,GYRO_Z,-0.267,RW_CMD,0
TM,EST_RAW,42.43,EST_FILTERED,42.43,EST_ANGLE,42.68,EST_FILTER,ON,EST_FILTER_TYPE,MOVING_AVERAGE,EST_MA_WINDOW,1,EST_FILTER_STRENGTH,0.35
TM,EST_FUSION,ON,EST_GYRO_WEIGHT,0.98,EST_VALID,1
TM,SUN_L,3529,SUN_R,2939,SUN_NDV,0.0912,SUN_ANGLE,42.46
TM,MAG_X,-6.58,MAG_Y,-2.67,MAG_Z,-19.14,MAG_HEADING,202.11
TM,GYRO_X,-1.033,GYRO_Y,-2.152,GYRO_Z,-0.284,BODY_RATE,0.284
TM,ADCS_MODE,MANUAL,ADCS_REFERENCE,SUN,TARGET,0.00,POINTING_ERROR,-42.67,SUN_ERROR,-42.44,MAG_ERROR,158.44,GYRO_Z,-0.267,RW_CMD,0
TM,EST_RAW,42.44,EST_FILTERED,42.44,EST_ANGLE,42.67,EST_FILTER,ON,EST_FILTER_TYPE,MOVING_AVERAGE,EST_MA_WINDOW,1,EST_FILTER_STRENGTH,0.35
TM,EST_FUSION,ON,EST_GYRO_WEIGHT,0.98,EST_VALID,1
TM,SUN_L,3528,SUN_R,2939,SUN_NDV,0.0911,SUN_ANGLE,42.46
TM,MAG_X,-6.64,MAG_Y,-2.62,MAG_Z,-19.25,MAG_HEADING,201.56
TM,GYRO_X,-1.041,GYRO_Y,-2.231,GYRO_Z,-0.092,BODY_RATE,0.092
TM,SUN_L,3528,SUN_R,2939,SUN_NDV,0.0911,SUN_ANGLE,42.42
TM,MAG_X,-6.45,MAG_Y,-2.74,MAG_Z,-19.31,MAG_HEADING,202.99
TM,GYRO_X,-0.989,GYRO_Y,-2.266,GYRO_Z,-0.354,BODY_RATE,0.354
TM,ADCS_MODE,MANUAL,ADCS_REFERENCE,SUN,TARGET,0.00,POINTING_ERROR,-42.66,SUN_ERROR,-42.40,MAG_ERROR,157.01,GYRO_Z,-0.188,RW_CMD,0
TM,EST_RAW,42.40,EST_FILTERED,42.40,EST_ANGLE,42.66,EST_FILTER,ON,EST_FILTER_TYPE,MOVING_AVERAGE,EST_MA_WINDOW,1,EST_FILTER_STRENGTH,0.35
TM,EST_FUSION,ON,EST_GYRO_WEIGHT,0.98,EST_VALID,1
TM,SUN_L,3528,SUN_R,2938,SUN_NDV,0.0912,SUN_ANGLE,42.46
TM,MAG_X,-6.46,MAG_Y,-2.67,MAG_Z,-19.12,MAG_HEADING,202.46
TM,GYRO_X,-1.015,GYRO_Y,-2.301,GYRO_Z,-0.302,BODY_RATE,0.302
TM,ADCS_MODE,MANUAL,ADCS_REFERENCE,SUN,TARGET,0.00,POINTING_ERROR,-42.68,SUN_ERROR,-42.45,MAG_ERROR,157.54,GYRO_Z,-0.276,RW_CMD,0
TM,EST_RAW,42.45,EST_FILTERED,42.45,EST_ANGLE,42.68,EST_FILTER,ON,EST_FILTER_TYPE,MOVING_AVERAGE,EST_MA_WINDOW,1,EST_FILTER_STRENGTH,0.35
TM,EST_FUSION,ON,EST_GYRO_WEIGHT,0.98,EST_VALID,1
TM,SUN_L,3529,SUN_R,2939,SUN_NDV,0.0912,SUN_ANGLE,42.42
TM,MAG_X,-6.34,MAG_Y,-2.67,MAG_Z,-19.01,MAG_HEADING,202.87
TM,GYRO_X,-1.181,GYRO_Y,-2.380,GYRO_Z,-0.074,BODY_RATE,0.074
TM,ADCS_MODE,MANUAL,ADCS_REFERENCE,SUN,TARGET,0.00,POINTING_ERROR,-42.68,SUN_ERROR,-42.45,MAG_ERROR,156.97,GYRO_Z,-0.031,RW_CMD,0
TM,EST_RAW,42.45,EST_FILTERED,42.45,EST_ANGLE,42.68,EST_FILTER,ON,EST_FILTER_TYPE,MOVING_AVERAGE,EST_MA_WINDOW,1,EST_FILTER_STRENGTH,0.35
TM,EST_FUSION,ON,EST_GYRO_WEIGHT,0.98,EST_VALID,1
TM,SUN_L,3528,SUN_R,2938,SUN_NDV,0.0912,SUN_ANGLE,42.47
TM,MAG_X,-6.51,MAG_Y,-2.77,MAG_Z,-19.01,MAG_HEADING,203.03
TM,GYRO_X,-1.059,GYRO_Y,-2.257,GYRO_Z,-0.057,BODY_RATE,0.057
TM,ADCS_MODE,MANUAL,ADCS_REFERENCE,SUN,TARGET,0.00,POINTING_ERROR,-42.67,SUN_ERROR,-42.48,MAG_ERROR,155.22,GYRO_Z,-0.136,RW_CMD,0
TM,EST_RAW,42.48,EST_FILTERED,42.48,EST_ANGLE,42.67,EST_FILTER,ON,EST_FILTER_TYPE,MOVING_AVERAGE,EST_MA_WINDOW,1,EST_FILTER_STRENGTH,0.35
TM,EST_FUSION,ON,EST_GYRO_WEIGHT,0.98,EST_VALID,1
TM,SUN_L,3528,SUN_R,2937,SUN_NDV,0.0914,SUN_ANGLE,42.45
TM,MAG_X,-6.27,MAG_Y,-2.90,MAG_Z,-18.93,MAG_HEADING,204.78
TM,GYRO_X,-0.910,GYRO_Y,-2.520,GYRO_Z,-0.241,BODY_RATE,0.241
TM,SUN_L,3528,SUN_R,2938,SUN_NDV,0.0912,SUN_ANGLE,42.49
TM,MAG_X,-6.21,MAG_Y,-2.88,MAG_Z,-18.96,MAG_HEADING,204.89
TM,GYRO_X,-1.120,GYRO_Y,-2.345,GYRO_Z,-0.206,BODY_RATE,0.206
TM,ADCS_MODE,MANUAL,ADCS_REFERENCE,SUN,TARGET,0.00,POINTING_ERROR,-42.67,SUN_ERROR,-42.48,MAG_ERROR,155.11,GYRO_Z,-0.179,RW_CMD,0
TM,EST_RAW,42.48,EST_FILTERED,42.48,EST_ANGLE,42.67,EST_FILTER,ON,EST_FILTER_TYPE,MOVING_AVERAGE,EST_MA_WINDOW,1,EST_FILTER_STRENGTH,0.35
TM,EST_FUSION,ON,EST_GYRO_WEIGHT,0.98,EST_VALID,1
TM,SUN_L,3527,SUN_R,2937,SUN_NDV,0.0913,SUN_ANGLE,42.46
TM,MAG_X,-6.16,MAG_Y,-2.86,MAG_Z,-18.96,MAG_HEADING,204.94
TM,GYRO_X,-1.033,GYRO_Y,-2.336,GYRO_Z,-0.354,BODY_RATE,0.354
TM,ADCS_MODE,MANUAL,ADCS_REFERENCE,SUN,TARGET,0.00,POINTING_ERROR,-42.68,SUN_ERROR,-42.50,MAG_ERROR,155.06,GYRO_Z,-0.284,RW_CMD,0
TM,EST_RAW,42.50,EST_FILTERED,42.50,EST_ANGLE,42.68,EST_FILTER,ON,EST_FILTER_TYPE,MOVING_AVERAGE,EST_MA_WINDOW,1,EST_FILTER_STRENGTH,0.35
TM,EST_FUSION,ON,EST_GYRO_WEIGHT,0.98,EST_VALID,1
TM,SUN_L,3527,SUN_R,2938,SUN_NDV,0.0911,SUN_ANGLE,42.45
TM,MAG_X,-6.19,MAG_Y,-3.02,MAG_Z,-18.46,MAG_HEADING,206.03
TM,GYRO_X,-1.251,GYRO_Y,-2.345,GYRO_Z,-0.214,BODY_RATE,0.214
TM,ADCS_MODE,MANUAL,ADCS_REFERENCE,SUN,TARGET,0.00,POINTING_ERROR,-42.68,SUN_ERROR,-42.45,MAG_ERROR,154.98,GYRO_Z,-0.582,RW_CMD,0
TM,EST_RAW,42.45,EST_FILTERED,42.45,EST_ANGLE,42.68,EST_FILTER,ON,EST_FILTER_TYPE,MOVING_AVERAGE,EST_MA_WINDOW,1,EST_FILTER_STRENGTH,0.35
TM,EST_FUSION,ON,EST_GYRO_WEIGHT,0.98,EST_VALID,1
TM,SUN_L,3527,SUN_R,2937,SUN_NDV,0.0913,SUN_ANGLE,42.49
TM,MAG_X,-6.21,MAG_Y,-2.88,MAG_Z,-18.54,MAG_HEADING,204.89
TM,GYRO_X,-0.954,GYRO_Y,-2.345,GYRO_Z,-0.311,BODY_RATE,0.311
TM,ADCS_MODE,MANUAL,ADCS_REFERENCE,SUN,TARGET,0.00,POINTING_ERROR,-42.67,SUN_ERROR,-42.46,MAG_ERROR,155.94,GYRO_Z,-0.144,RW_CMD,0
TM,EST_RAW,42.46,EST_FILTERED,42.46,EST_ANGLE,42.67,EST_FILTER,ON,EST_FILTER_TYPE,MOVING_AVERAGE,EST_MA_WINDOW,1,EST_FILTER_STRENGTH,0.35
TM,EST_FUSION,ON,EST_GYRO_WEIGHT,0.98,EST_VALID,1
TM,SUN_L,3526,SUN_R,2937,SUN_NDV,0.0911,SUN_ANGLE,42.46
TM,MAG_X,-6.13,MAG_Y,-2.74,MAG_Z,-18.61,MAG_HEADING,204.06
TM,GYRO_X,-0.989,GYRO_Y,-2.354,GYRO_Z,-0.153,BODY_RATE,0.153
TM,SUN_L,3527,SUN_R,2937,SUN_NDV,0.0913,SUN_ANGLE,42.44
TM,MAG_X,-5.98,MAG_Y,-2.85,MAG_Z,-18.78,MAG_HEADING,205.45
TM,GYRO_X,-1.111,GYRO_Y,-2.319,GYRO_Z,-0.179,BODY_RATE,0.179
TM,ADCS_MODE,MANUAL,ADCS_REFERENCE,SUN,TARGET,0.00,POINTING_ERROR,-42.68,SUN_ERROR,-42.44,MAG_ERROR,154.55,GYRO_Z,-0.302,RW_CMD,0
TM,EST_RAW,42.44,EST_FILTERED,42.44,EST_ANGLE,42.68,EST_FILTER,ON,EST_FILTER_TYPE,MOVING_AVERAGE,EST_MA_WINDOW,1,EST_FILTER_STRENGTH,0.35
TM,EST_FUSION,ON,EST_GYRO_WEIGHT,0.98,EST_VALID,1
TM,SUN_L,3528,SUN_R,2938,SUN_NDV,0.0912,SUN_ANGLE,42.46
TM,MAG_X,-6.16,MAG_Y,-2.99,MAG_Z,-18.66,MAG_HEADING,205.91
TM,GYRO_X,-1.041,GYRO_Y,-2.537,GYRO_Z,-0.398,BODY_RATE,0.398
TM,ADCS_MODE,MANUAL,ADCS_REFERENCE,SUN,TARGET,0.00,POINTING_ERROR,-42.67,SUN_ERROR,-42.46,MAG_ERROR,154.43,GYRO_Z,-0.241,RW_CMD,0
TM,EST_RAW,42.46,EST_FILTERED,42.46,EST_ANGLE,42.67,EST_FILTER,ON,EST_FILTER_TYPE,MOVING_AVERAGE,EST_MA_WINDOW,1,EST_FILTER_STRENGTH,0.35
TM,EST_FUSION,ON,EST_GYRO_WEIGHT,0.98,EST_VALID,1
TM,SUN_L,3528,SUN_R,2937,SUN_NDV,0.0914,SUN_ANGLE,42.47
TM,MAG_X,-6.11,MAG_Y,-2.98,MAG_Z,-18.42,MAG_HEADING,205.96
TM,GYRO_X,-0.892,GYRO_Y,-2.161,GYRO_Z,-0.319,BODY_RATE,0.319
TM,ADCS_MODE,MANUAL,ADCS_REFERENCE,SUN,TARGET,0.00,POINTING_ERROR,-42.67,SUN_ERROR,-42.47,MAG_ERROR,154.04,GYRO_Z,-0.381,RW_CMD,0
TM,EST_RAW,42.47,EST_FILTERED,42.47,EST_ANGLE,42.67,EST_FILTER,ON,EST_FILTER_TYPE,MOVING_AVERAGE,EST_MA_WINDOW,1,EST_FILTER_STRENGTH,0.35
TM,EST_FUSION,ON,EST_GYRO_WEIGHT,0.98,EST_VALID,1
TM,SUN_L,3527,SUN_R,2936,SUN_NDV,0.0914,SUN_ANGLE,42.45
TM,MAG_X,-6.16,MAG_Y,-2.83,MAG_Z,-18.43,MAG_HEADING,204.69
TM,GYRO_X,-1.242,GYRO_Y,-2.135,GYRO_Z,-0.039,BODY_RATE,0.039
TM,ADCS_MODE,MANUAL,ADCS_REFERENCE,SUN,TARGET,0.00,POINTING_ERROR,-42.67,SUN_ERROR,-42.47,MAG_ERROR,154.22,GYRO_Z,-0.311,RW_CMD,0
TM,EST_RAW,42.47,EST_FILTERED,42.47,EST_ANGLE,42.67,EST_FILTER,ON,EST_FILTER_TYPE,MOVING_AVERAGE,EST_MA_WINDOW,1,EST_FILTER_STRENGTH,0.35
TM,EST_FUSION,ON,EST_GYRO_WEIGHT,0.98,EST_VALID,1
TM,SUN_L,3528,SUN_R,2937,SUN_NDV,0.0914,SUN_ANGLE,42.48
TM,MAG_X,-6.10,MAG_Y,-2.94,MAG_Z,-18.46,MAG_HEADING,205.78
TM,GYRO_X,-1.024,GYRO_Y,-2.257,GYRO_Z,-0.223,BODY_RATE,0.223
TM,SUN_L,3529,SUN_R,2937,SUN_NDV,0.0916,SUN_ANGLE,42.45
TM,MAG_X,-6.10,MAG_Y,-3.10,MAG_Z,-18.56,MAG_HEADING,206.98
TM,GYRO_X,-1.059,GYRO_Y,-2.004,GYRO_Z,-0.284,BODY_RATE,0.284
TM,ADCS_MODE,MANUAL,ADCS_REFERENCE,SUN,TARGET,0.00,POINTING_ERROR,-42.70,SUN_ERROR,-42.45,MAG_ERROR,153.86,GYRO_Z,-0.249,RW_CMD,0
TM,EST_RAW,42.45,EST_FILTERED,42.45,EST_ANGLE,42.70,EST_FILTER,ON,EST_FILTER_TYPE,MOVING_AVERAGE,EST_MA_WINDOW,1,EST_FILTER_STRENGTH,0.35
TM,EST_FUSION,ON,EST_GYRO_WEIGHT,0.98,EST_VALID,1
TM,SUN_L,3527,SUN_R,2937,SUN_NDV,0.0913,SUN_ANGLE,42.50
TM,MAG_X,-6.11,MAG_Y,-3.15,MAG_Z,-18.69,MAG_HEADING,207.28
TM,GYRO_X,-1.111,GYRO_Y,-2.398,GYRO_Z,-0.109,BODY_RATE,0.109
TM,ADCS_MODE,MANUAL,ADCS_REFERENCE,SUN,TARGET,0.00,POINTING_ERROR,-42.69,SUN_ERROR,-42.43,MAG_ERROR,152.72,GYRO_Z,0.074,RW_CMD,0
TM,EST_RAW,42.43,EST_FILTERED,42.43,EST_ANGLE,42.69,EST_FILTER,ON,EST_FILTER_TYPE,MOVING_AVERAGE,EST_MA_WINDOW,1,EST_FILTER_STRENGTH,0.35
TM,EST_FUSION,ON,EST_GYRO_WEIGHT,0.98,EST_VALID,1
TM,SUN_L,3529,SUN_R,2938,SUN_NDV,0.0914,SUN_ANGLE,42.43
TM,MAG_X,-6.06,MAG_Y,-2.98,MAG_Z,-18.50,MAG_HEADING,206.14
TM,GYRO_X,-1.181,GYRO_Y,-2.231,GYRO_Z,-0.241,BODY_RATE,0.241
TM,ADCS_MODE,MANUAL,ADCS_REFERENCE,SUN,TARGET,0.00,POINTING_ERROR,-42.67,SUN_ERROR,-42.41,MAG_ERROR,152.60,GYRO_Z,-0.328,RW_CMD,0
TM,EST_RAW,42.41,EST_FILTERED,42.41,EST_ANGLE,42.67,EST_FILTER,ON,EST_FILTER_TYPE,MOVING_AVERAGE,EST_MA_WINDOW,1,EST_FILTER_STRENGTH,0.35
TM,EST_FUSION,ON,EST_GYRO_WEIGHT,0.98,EST_VALID,1
TM,SUN_L,3528,SUN_R,2939,SUN_NDV,0.0911,SUN_ANGLE,42.43
TM,MAG_X,-6.11,MAG_Y,-3.17,MAG_Z,-18.40,MAG_HEADING,207.40
TM,GYRO_X,-0.998,GYRO_Y,-2.398,GYRO_Z,-0.188,BODY_RATE,0.188
TM,ADCS_MODE,MANUAL,ADCS_REFERENCE,SUN,TARGET,0.00,POINTING_ERROR,-42.66,SUN_ERROR,-42.41,MAG_ERROR,153.37,GYRO_Z,-0.153,RW_CMD,0
TM,EST_RAW,42.41,EST_FILTERED,42.41,EST_ANGLE,42.66,EST_FILTER,ON,EST_FILTER_TYPE,MOVING_AVERAGE,EST_MA_WINDOW,1,EST_FILTER_STRENGTH,0.35
TM,EST_FUSION,ON,EST_GYRO_WEIGHT,0.98,EST_VALID,1
TM,SUN_L,3527,SUN_R,2939,SUN_NDV,0.0909,SUN_ANGLE,42.41
TM,MAG_X,-6.16,MAG_Y,-3.04,MAG_Z,-18.48,MAG_HEADING,206.27
TM,GYRO_X,-0.849,GYRO_Y,-2.503,GYRO_Z,-0.031,BODY_RATE,0.031
TM,SUN_L,3527,SUN_R,2939,SUN_NDV,0.0909,SUN_ANGLE,42.42
TM,MAG_X,-6.11,MAG_Y,-3.04,MAG_Z,-18.53,MAG_HEADING,206.44
TM,GYRO_X,-1.050,GYRO_Y,-2.082,GYRO_Z,-0.057,BODY_RATE,0.057
TM,ADCS_MODE,MANUAL,ADCS_REFERENCE,SUN,TARGET,0.00,POINTING_ERROR,-42.65,SUN_ERROR,-42.41,MAG_ERROR,153.56,GYRO_Z,-0.232,RW_CMD,0
TM,EST_RAW,42.41,EST_FILTERED,42.41,EST_ANGLE,42.65,EST_FILTER,ON,EST_FILTER_TYPE,MOVING_AVERAGE,EST_MA_WINDOW,1,EST_FILTER_STRENGTH,0.35
TM,EST_FUSION,ON,EST_GYRO_WEIGHT,0.98,EST_VALID,1
TM,SUN_L,3528,SUN_R,2939,SUN_NDV,0.0911,SUN_ANGLE,42.43
TM,MAG_X,-6.06,MAG_Y,-2.90,MAG_Z,-18.64,MAG_HEADING,205.53
TM,GYRO_X,-0.928,GYRO_Y,-2.441,GYRO_Z,-0.136,BODY_RATE,0.136
TM,ADCS_MODE,MANUAL,ADCS_REFERENCE,SUN,TARGET,0.00,POINTING_ERROR,-42.64,SUN_ERROR,-42.38,MAG_ERROR,154.47,GYRO_Z,-0.424,RW_CMD,0
TM,EST_RAW,42.38,EST_FILTERED,42.38,EST_ANGLE,42.64,EST_FILTER,ON,EST_FILTER_TYPE,MOVING_AVERAGE,EST_MA_WINDOW,1,EST_FILTER_STRENGTH,0.35
TM,EST_FUSION,ON,EST_GYRO_WEIGHT,0.98,EST_VALID,1
TM,SUN_L,3528,SUN_R,2940,SUN_NDV,0.0909,SUN_ANGLE,42.36
TM,MAG_X,-6.38,MAG_Y,-3.09,MAG_Z,-18.59,MAG_HEADING,205.81
TM,GYRO_X,-1.085,GYRO_Y,-2.109,GYRO_Z,-0.223,BODY_RATE,0.223
TM,ADCS_MODE,MANUAL,ADCS_REFERENCE,SUN,TARGET,0.00,POINTING_ERROR,-42.65,SUN_ERROR,-42.39,MAG_ERROR,153.21,GYRO_Z,-0.416,RW_CMD,0
TM,EST_RAW,42.39,EST_FILTERED,42.39,EST_ANGLE,42.65,EST_FILTER,ON,EST_FILTER_TYPE,MOVING_AVERAGE,EST_MA_WINDOW,1,EST_FILTER_STRENGTH,0.35
TM,EST_FUSION,ON,EST_GYRO_WEIGHT,0.98,EST_VALID,1
TM,SUN_L,3529,SUN_R,2940,SUN_NDV,0.0910,SUN_ANGLE,42.43
TM,MAG_X,-6.19,MAG_Y,-2.99,MAG_Z,-18.46,MAG_HEADING,205.79
TM,GYRO_X,-0.998,GYRO_Y,-2.293,GYRO_Z,-0.101,BODY_RATE,0.101
TM,ADCS_MODE,MANUAL,ADCS_REFERENCE,SUN,TARGET,0.00,POINTING_ERROR,-42.63,SUN_ERROR,-42.40,MAG_ERROR,154.53,GYRO_Z,-0.302,RW_CMD,0
TM,EST_RAW,42.40,EST_FILTERED,42.40,EST_ANGLE,42.63,EST_FILTER,ON,EST_FILTER_TYPE,MOVING_AVERAGE,EST_MA_WINDOW,1,EST_FILTER_STRENGTH,0.35
TM,EST_FUSION,ON,EST_GYRO_WEIGHT,0.98,EST_VALID,1
TM,SUN_L,3528,SUN_R,2940,SUN_NDV,0.0909,SUN_ANGLE,42.38
TM,MAG_X,-6.08,MAG_Y,-2.90,MAG_Z,-18.59,MAG_HEADING,205.47
TM,GYRO_X,-1.374,GYRO_Y,-2.082,GYRO_Z,-0.206,BODY_RATE,0.206
TM,SUN_L,3528,SUN_R,2940,SUN_NDV,0.0909,SUN_ANGLE,42.38
TM,MAG_X,-6.00,MAG_Y,-3.01,MAG_Z,-18.54,MAG_HEADING,206.63
TM,GYRO_X,-0.884,GYRO_Y,-2.293,GYRO_Z,-0.197,BODY_RATE,0.197
TM,ADCS_MODE,MANUAL,ADCS_REFERENCE,SUN,TARGET,0.00,POINTING_ERROR,-42.63,SUN_ERROR,-42.41,MAG_ERROR,153.37,GYRO_Z,-0.328,RW_CMD,0
TM,EST_RAW,42.41,EST_FILTERED,42.41,EST_ANGLE,42.63,EST_FILTER,ON,EST_FILTER_TYPE,MOVING_AVERAGE,EST_MA_WINDOW,1,EST_FILTER_STRENGTH,0.35
TM,EST_FUSION,ON,EST_GYRO_WEIGHT,0.98,EST_VALID,1
TM,SUN_L,3528,SUN_R,2939,SUN_NDV,0.0911,SUN_ANGLE,42.40
TM,MAG_X,-6.10,MAG_Y,-2.90,MAG_Z,-18.69,MAG_HEADING,205.41
TM,GYRO_X,-0.989,GYRO_Y,-2.389,GYRO_Z,-0.276,BODY_RATE,0.276
TM,ADCS_MODE,MANUAL,ADCS_REFERENCE,SUN,TARGET,0.00,POINTING_ERROR,-42.63,SUN_ERROR,-42.41,MAG_ERROR,153.43,GYRO_Z,-0.074,RW_CMD,0
TM,EST_RAW,42.41,EST_FILTERED,42.41,EST_ANGLE,42.63,EST_FILTER,ON,EST_FILTER_TYPE,MOVING_AVERAGE,EST_MA_WINDOW,1,EST_FILTER_STRENGTH,0.35
TM,EST_FUSION,ON,EST_GYRO_WEIGHT,0.98,EST_VALID,1
TM,SUN_L,3529,SUN_R,2939,SUN_NDV,0.0912,SUN_ANGLE,42.39
TM,MAG_X,-6.13,MAG_Y,-3.10,MAG_Z,-18.66,MAG_HEADING,206.86
TM,GYRO_X,-0.962,GYRO_Y,-2.196,GYRO_Z,-0.101,BODY_RATE,0.101
TM,ADCS_MODE,MANUAL,ADCS_REFERENCE,SUN,TARGET,0.00,POINTING_ERROR,-42.63,SUN_ERROR,-42.38,MAG_ERROR,153.14,GYRO_Z,-0.144,RW_CMD,0
TM,EST_RAW,42.38,EST_FILTERED,42.38,EST_ANGLE,42.63,EST_FILTER,ON,EST_FILTER_TYPE,MOVING_AVERAGE,EST_MA_WINDOW,1,EST_FILTER_STRENGTH,0.35
TM,EST_FUSION,ON,EST_GYRO_WEIGHT,0.98,EST_VALID,1
TM,SUN_L,3528,SUN_R,2939,SUN_NDV,0.0911,SUN_ANGLE,42.40
TM,MAG_X,-6.11,MAG_Y,-2.96,MAG_Z,-18.61,MAG_HEADING,205.84
TM,GYRO_X,-0.980,GYRO_Y,-2.170,GYRO_Z,0.004,BODY_RATE,-0.004
TM,ADCS_MODE,MANUAL,ADCS_REFERENCE,SUN,TARGET,0.00,POINTING_ERROR,-42.63,SUN_ERROR,-42.42,MAG_ERROR,153.31,GYRO_Z,-0.503,RW_CMD,0
TM,EST_RAW,42.42,EST_FILTERED,42.42,EST_ANGLE,42.63,EST_FILTER,ON,EST_FILTER_TYPE,MOVING_AVERAGE,EST_MA_WINDOW,1,EST_FILTER_STRENGTH,0.35
TM,EST_FUSION,ON,EST_GYRO_WEIGHT,0.98,EST_VALID,1
TM,SUN_L,3527,SUN_R,2939,SUN_NDV,0.0909,SUN_ANGLE,42.40
TM,MAG_X,-6.05,MAG_Y,-3.04,MAG_Z,-18.64,MAG_HEADING,206.69
TM,GYRO_X,-1.059,GYRO_Y,-2.118,GYRO_Z,-0.267,BODY_RATE,0.267
TM,SUN_L,3528,SUN_R,2938,SUN_NDV,0.0912,SUN_ANGLE,42.41
TM,MAG_X,-6.08,MAG_Y,-2.94,MAG_Z,-18.69,MAG_HEADING,205.84
TM,GYRO_X,-0.989,GYRO_Y,-2.144,GYRO_Z,-0.346,BODY_RATE,0.346
TM,ADCS_MODE,MANUAL,ADCS_REFERENCE,SUN,TARGET,0.00,POINTING_ERROR,-42.65,SUN_ERROR,-42.41,MAG_ERROR,154.16,GYRO_Z,-0.223,RW_CMD,0
TM,EST_RAW,42.41,EST_FILTERED,42.41,EST_ANGLE,42.65,EST_FILTER,ON,EST_FILTER_TYPE,MOVING_AVERAGE,EST_MA_WINDOW,1,EST_FILTER_STRENGTH,0.35
TM,EST_FUSION,ON,EST_GYRO_WEIGHT,0.98,EST_VALID,1
TM,SUN_L,3527,SUN_R,2939,SUN_NDV,0.0909,SUN_ANGLE,42.39
TM,MAG_X,-6.06,MAG_Y,-3.15,MAG_Z,-18.67,MAG_HEADING,207.46
TM,GYRO_X,-1.067,GYRO_Y,-2.144,GYRO_Z,-0.337,BODY_RATE,0.337
TM,ADCS_MODE,MANUAL,ADCS_REFERENCE,SUN,TARGET,0.00,POINTING_ERROR,-42.65,SUN_ERROR,-42.46,MAG_ERROR,152.54,GYRO_Z,-0.328,RW_CMD,0
TM,EST_RAW,42.46,EST_FILTERED,42.46,EST_ANGLE,42.65,EST_FILTER,ON,EST_FILTER_TYPE,MOVING_AVERAGE,EST_MA_WINDOW,1,EST_FILTER_STRENGTH,0.35
TM,EST_FUSION,ON,EST_GYRO_WEIGHT,0.98,EST_VALID,1
TM,SUN_L,3526,SUN_R,2938,SUN_NDV,0.0910,SUN_ANGLE,42.43
TM,MAG_X,-6.00,MAG_Y,-2.91,MAG_Z,-18.45,MAG_HEADING,205.89
TM,GYRO_X,-1.234,GYRO_Y,-2.188,GYRO_Z,0.013,BODY_RATE,-0.013
TM,ADCS_MODE,MANUAL,ADCS_REFERENCE,SUN,TARGET,0.00,POINTING_ERROR,-42.66,SUN_ERROR,-42.47,MAG_ERROR,153.38,GYRO_Z,-0.144,RW_CMD,0
TM,EST_RAW,42.47,EST_FILTERED,42.47,EST_ANGLE,42.66,EST_FILTER,ON,EST_FILTER_TYPE,MOVING_AVERAGE,EST_MA_WINDOW,1,EST_FILTER_STRENGTH,0.35
TM,EST_FUSION,ON,EST_GYRO_WEIGHT,0.98,EST_VALID,1
TM,SUN_L,3529,SUN_R,2938,SUN_NDV,0.0914,SUN_ANGLE,42.45
TM,MAG_X,-6.13,MAG_Y,-3.07,MAG_Z,-18.58,MAG_HEADING,206.62
TM,GYRO_X,-0.936,GYRO_Y,-2.188,GYRO_Z,-0.214,BODY_RATE,0.214
TM,ADCS_MODE,MANUAL,ADCS_REFERENCE,SUN,TARGET,0.00,POINTING_ERROR,-42.66,SUN_ERROR,-42.43,MAG_ERROR,154.03,GYRO_Z,-0.302,RW_CMD,0
TM,EST_RAW,42.43,EST_FILTERED,42.43,EST_ANGLE,42.66,EST_FILTER,ON,EST_FILTER_TYPE,MOVING_AVERAGE,EST_MA_WINDOW,1,EST_FILTER_STRENGTH,0.35
TM,EST_FUSION,ON,EST_GYRO_WEIGHT,0.98,EST_VALID,1
TM,SUN_L,3528,SUN_R,2938,SUN_NDV,0.0912,SUN_ANGLE,42.43
TM,MAG_X,-6.11,MAG_Y,-2.93,MAG_Z,-18.72,MAG_HEADING,205.60
TM,GYRO_X,-1.006,GYRO_Y,-2.424,GYRO_Z,-0.276,BODY_RATE,0.276
TM,SUN_L,3527,SUN_R,2939,SUN_NDV,0.0909,SUN_ANGLE,42.46
TM,MAG_X,-6.08,MAG_Y,-2.86,MAG_Z,-18.69,MAG_HEADING,205.22
TM,GYRO_X,-0.928,GYRO_Y,-2.467,GYRO_Z,-0.538,BODY_RATE,0.538
TM,ADCS_MODE,MANUAL,ADCS_REFERENCE,SUN,TARGET,0.00,POINTING_ERROR,-42.68,SUN_ERROR,-42.46,MAG_ERROR,154.78,GYRO_Z,-0.241,RW_CMD,0
TM,EST_RAW,42.46,EST_FILTERED,42.46,EST_ANGLE,42.68,EST_FILTER,ON,EST_FILTER_TYPE,MOVING_AVERAGE,EST_MA_WINDOW,1,EST_FILTER_STRENGTH,0.35
TM,EST_FUSION,ON,EST_GYRO_WEIGHT,0.98,EST_VALID,1
TM,SUN_L,3528,SUN_R,2940,SUN_NDV,0.0909,SUN_ANGLE,42.38
TM,MAG_X,-6.05,MAG_Y,-2.75,MAG_Z,-18.77,MAG_HEADING,204.47
TM,GYRO_X,-1.155,GYRO_Y,-2.074,GYRO_Z,0.144,BODY_RATE,-0.144
TM,ADCS_MODE,MANUAL,ADCS_REFERENCE,SUN,TARGET,0.00,POINTING_ERROR,-42.64,SUN_ERROR,-42.39,MAG_ERROR,154.74,GYRO_Z,0.136,RW_CMD,0
TM,EST_RAW,42.39,EST_FILTERED,42.39,EST_ANGLE,42.64,EST_FILTER,ON,EST_FILTER_TYPE,MOVING_AVERAGE,EST_MA_WINDOW,1,EST_FILTER_STRENGTH,0.35
TM,EST_FUSION,ON,EST_GYRO_WEIGHT,0.98,EST_VALID,1
TM,SUN_L,3528,SUN_R,2941,SUN_NDV,0.0907,SUN_ANGLE,42.36
TM,MAG_X,-5.97,MAG_Y,-2.82,MAG_Z,-18.74,MAG_HEADING,205.26
TM,GYRO_X,-1.085,GYRO_Y,-2.214,GYRO_Z,-0.372,BODY_RATE,0.372
TM,ADCS_MODE,MANUAL,ADCS_REFERENCE,SUN,TARGET,0.00,POINTING_ERROR,-42.63,SUN_ERROR,-42.35,MAG_ERROR,154.72,GYRO_Z,-0.232,RW_CMD,0
TM,EST_RAW,42.35,EST_FILTERED,42.35,EST_ANGLE,42.63,EST_FILTER,ON,EST_FILTER_TYPE,MOVING_AVERAGE,EST_MA_WINDOW,1,EST_FILTER_STRENGTH,0.35
TM,EST_FUSION,ON,EST_GYRO_WEIGHT,0.98,EST_VALID,1
TM,SUN_L,3527,SUN_R,2941,SUN_NDV,0.0906,SUN_ANGLE,42.33
TM,MAG_X,-5.92,MAG_Y,-2.85,MAG_Z,-18.67,MAG_HEADING,205.69
TM,GYRO_X,-0.962,GYRO_Y,-2.293,GYRO_Z,-0.284,BODY_RATE,0.284
TM,ADCS_MODE,MANUAL,ADCS_REFERENCE,SUN,TARGET,0.00,POINTING_ERROR,-42.62,SUN_ERROR,-42.35,MAG_ERROR,154.65,GYRO_Z,-0.197,RW_CMD,0
TM,EST_RAW,42.35,EST_FILTERED,42.35,EST_ANGLE,42.62,EST_FILTER,ON,EST_FILTER_TYPE,MOVING_AVERAGE,EST_MA_WINDOW,1,EST_FILTER_STRENGTH,0.35
TM,EST_FUSION,ON,EST_GYRO_WEIGHT,0.98,EST_VALID,1
TM,SUN_L,3529,SUN_R,2941,SUN_NDV,0.0909,SUN_ANGLE,42.36
TM,MAG_X,-5.81,MAG_Y,-2.75,MAG_Z,-18.70,MAG_HEADING,205.35
TM,GYRO_X,-0.718,GYRO_Y,-2.546,GYRO_Z,-0.241,BODY_RATE,0.241
TM,SUN_L,3528,SUN_R,2942,SUN_NDV,0.0906,SUN_ANGLE,42.37
TM,MAG_X,-5.97,MAG_Y,-2.69,MAG_Z,-18.94,MAG_HEADING,204.25
TM,GYRO_X,-0.822,GYRO_Y,-2.231,GYRO_Z,-0.171,BODY_RATE,0.171
TM,ADCS_MODE,MANUAL,ADCS_REFERENCE,SUN,TARGET,0.00,POINTING_ERROR,-42.61,SUN_ERROR,-42.37,MAG_ERROR,155.75,GYRO_Z,-0.022,RW_CMD,0
TM,EST_RAW,42.37,EST_FILTERED,42.37,EST_ANGLE,42.61,EST_FILTER,ON,EST_FILTER_TYPE,MOVING_AVERAGE,EST_MA_WINDOW,1,EST_FILTER_STRENGTH,0.35
TM,EST_FUSION,ON,EST_GYRO_WEIGHT,0.98,EST_VALID,1
TM,SUN_L,3529,SUN_R,2942,SUN_NDV,0.0907,SUN_ANGLE,42.34
TM,MAG_X,-5.78,MAG_Y,-2.62,MAG_Z,-19.01,MAG_HEADING,204.43
TM,GYRO_X,-1.094,GYRO_Y,-2.380,GYRO_Z,-0.249,BODY_RATE,0.249
TM,ADCS_MODE,MANUAL,ADCS_REFERENCE,SUN,TARGET,0.00,POINTING_ERROR,-42.61,SUN_ERROR,-42.34,MAG_ERROR,155.57,GYRO_Z,-0.311,RW_CMD,0
TM,EST_RAW,42.34,EST_FILTERED,42.34,EST_ANGLE,42.61,EST_FILTER,ON,EST_FILTER_TYPE,MOVING_AVERAGE,EST_MA_WINDOW,1,EST_FILTER_STRENGTH,0.35
TM,EST_FUSION,ON,EST_GYRO_WEIGHT,0.98,EST_VALID,1
TM,SUN_L,3529,SUN_R,2943,SUN_NDV,0.0905,SUN_ANGLE,42.36
TM,MAG_X,-5.87,MAG_Y,-2.78,MAG_Z,-18.90,MAG_HEADING,205.37
TM,GYRO_X,-1.111,GYRO_Y,-2.039,GYRO_Z,-0.188,BODY_RATE,0.188
TM,ADCS_MODE,MANUAL,ADCS_REFERENCE,SUN,TARGET,0.00,POINTING_ERROR,-42.61,SUN_ERROR,-42.34,MAG_ERROR,154.75,GYRO_Z,-0.276,RW_CMD,0
TM,EST_RAW,42.34,EST_FILTERED,42.34,EST_ANGLE,42.61,EST_FILTER,ON,EST_FILTER_TYPE,MOVING_AVERAGE,EST_MA_WINDOW,1,EST_FILTER_STRENGTH,0.35
TM,EST_FUSION,ON,EST_GYRO_WEIGHT,0.98,EST_VALID,1
TM,SUN_L,3529,SUN_R,2942,SUN_NDV,0.0907,SUN_ANGLE,42.31
TM,MAG_X,-5.94,MAG_Y,-2.80,MAG_Z,-19.02,MAG_HEADING,205.25
TM,GYRO_X,-0.989,GYRO_Y,-2.074,GYRO_Z,-0.223,BODY_RATE,0.223
TM,ADCS_MODE,MANUAL,ADCS_REFERENCE,SUN,TARGET,0.00,POINTING_ERROR,-42.59,SUN_ERROR,-42.33,MAG_ERROR,154.65,GYRO_Z,-0.206,RW_CMD,0
TM,EST_RAW,42.33,EST_FILTERED,42.33,EST_ANGLE,42.59,EST_FILTER,ON,EST_FILTER_TYPE,MOVING_AVERAGE,EST_MA_WINDOW,1,EST_FILTER_STRENGTH,0.35
TM,EST_FUSION,ON,EST_GYRO_WEIGHT,0.98,EST_VALID,1
TM,SUN_L,3528,SUN_R,2943,SUN_NDV,0.0904,SUN_ANGLE,42.31
TM,MAG_X,-5.81,MAG_Y,-2.75,MAG_Z,-18.88,MAG_HEADING,205.35
TM,GYRO_X,-1.216,GYRO_Y,-2.030,GYRO_Z,-0.179,BODY_RATE,0.179
TM,SUN_L,3528,SUN_R,2944,SUN_NDV,0.0902,SUN_ANGLE,42.29
TM,MAG_X,-6.00,MAG_Y,-2.80,MAG_Z,-19.06,MAG_HEADING,205.02
TM,GYRO_X,-1.059,GYRO_Y,-2.249,GYRO_Z,-0.311,BODY_RATE,0.311
TM,ADCS_MODE,MANUAL,ADCS_REFERENCE,SUN,TARGET,0.00,POINTING_ERROR,-42.58,SUN_ERROR,-42.29,MAG_ERROR,154.98,GYRO_Z,-0.407,RW_CMD,0
TM,EST_RAW,42.29,EST_FILTERED,42.29,EST_ANGLE,42.58,EST_FILTER,ON,EST_FILTER_TYPE,MOVING_AVERAGE,EST_MA_WINDOW,1,EST_FILTER_STRENGTH,0.35
TM,EST_FUSION,ON,EST_GYRO_WEIGHT,0.98,EST_VALID,1
TM,SUN_L,3529,SUN_R,2944,SUN_NDV,0.0904,SUN_ANGLE,42.26
TM,MAG_X,-5.90,MAG_Y,-2.72,MAG_Z,-19.01,MAG_HEADING,204.74
TM,GYRO_X,-1.102,GYRO_Y,-2.188,GYRO_Z,-0.284,BODY_RATE,0.284
TM,ADCS_MODE,MANUAL,ADCS_REFERENCE,SUN,TARGET,0.00,POINTING_ERROR,-42.56,SUN_ERROR,-42.37,MAG_ERROR,155.26,GYRO_Z,-0.346,RW_CMD,0
TM,EST_RAW,42.37,EST_FILTERED,42.37,EST_ANGLE,42.56,EST_FILTER,ON,EST_FILTER_TYPE,MOVING_AVERAGE,EST_MA_WINDOW,1,EST_FILTER_STRENGTH,0.35
TM,EST_FUSION,ON,EST_GYRO_WEIGHT,0.98,EST_VALID,1
TM,SUN_L,3527,SUN_R,2942,SUN_NDV,0.0904,SUN_ANGLE,42.31
TM,MAG_X,-5.92,MAG_Y,-2.82,MAG_Z,-18.69,MAG_HEADING,205.44
TM,GYRO_X,-0.954,GYRO_Y,-2.214,GYRO_Z,-0.249,BODY_RATE,0.249
TM,ADCS_MODE,MANUAL,ADCS_REFERENCE,SUN,TARGET,0.00,POINTING_ERROR,-42.53,SUN_ERROR,-42.31,MAG_ERROR,154.54,GYRO_Z,0.022,RW_CMD,0
TM,EST_RAW,42.31,EST_FILTERED,42.31,EST_ANGLE,42.53,EST_FILTER,ON,EST_FILTER_TYPE,MOVING_AVERAGE,EST_MA_WINDOW,1,EST_FILTER_STRENGTH,0.35
TM,EST_FUSION,ON,EST_GYRO_WEIGHT,0.98,EST_VALID,1
TM,SUN_L,3529,SUN_R,2943,SUN_NDV,0.0905,SUN_ANGLE,42.32
TM,MAG_X,-5.95,MAG_Y,-2.88,MAG_Z,-18.94,MAG_HEADING,205.82
TM,GYRO_X,-1.295,GYRO_Y,-2.152,GYRO_Z,-0.311,BODY_RATE,0.311
TM,ADCS_MODE,MANUAL,ADCS_REFERENCE,SUN,TARGET,0.00,POINTING_ERROR,-42.53,SUN_ERROR,-42.28,MAG_ERROR,155.26,GYRO_Z,-0.039,RW_CMD,0
TM,EST_RAW,42.28,EST_FILTERED,42.28,EST_ANGLE,42.53,EST_FILTER,ON,EST_FILTER_TYPE,MOVING_AVERAGE,EST_MA_WINDOW,1,EST_FILTER_STRENGTH,0.35
TM,EST_FUSION,ON,EST_GYRO_WEIGHT,0.98,EST_VALID,1
TM,SUN_L,3526,SUN_R,2941,SUN_NDV,0.0905,SUN_ANGLE,42.27
TM,MAG_X,-5.90,MAG_Y,-2.72,MAG_Z,-18.78,MAG_HEADING,204.74
TM,GYRO_X,-0.901,GYRO_Y,-2.293,GYRO_Z,-0.267,BODY_RATE,0.267
TM,SUN_L,3528,SUN_R,2943,SUN_NDV,0.0904,SUN_ANGLE,42.27
TM,MAG_X,-5.87,MAG_Y,-2.75,MAG_Z,-18.99,MAG_HEADING,205.11
TM,GYRO_X,-0.936,GYRO_Y,-2.257,GYRO_Z,-0.599,BODY_RATE,0.599
TM,ADCS_MODE,MANUAL,ADCS_REFERENCE,SUN,TARGET,0.00,POINTING_ERROR,-42.53,SUN_ERROR,-42.29,MAG_ERROR,154.89,GYRO_Z,-0.241,RW_CMD,0
TM,EST_RAW,42.29,EST_FILTERED,42.29,EST_ANGLE,42.53,EST_FILTER,ON,EST_FILTER_TYPE,MOVING_AVERAGE,EST_MA_WINDOW,1,EST_FILTER_STRENGTH,0.35
TM,EST_FUSION,ON,EST_GYRO_WEIGHT,0.98,EST_VALID,1
TM,SUN_L,3529,SUN_R,2942,SUN_NDV,0.0907,SUN_ANGLE,42.34
TM,MAG_X,-5.82,MAG_Y,-2.75,MAG_Z,-19.15,MAG_HEADING,205.29
TM,GYRO_X,-1.094,GYRO_Y,-2.161,GYRO_Z,-0.398,BODY_RATE,0.398
TM,ADCS_MODE,MANUAL,ADCS_REFERENCE,SUN,TARGET,0.00,POINTING_ERROR,-42.51,SUN_ERROR,-42.31,MAG_ERROR,154.81,GYRO_Z,-0.206,RW_CMD,0
TM,EST_RAW,42.31,EST_FILTERED,42.31,EST_ANGLE,42.51,EST_FILTER,ON,EST_FILTER_TYPE,MOVING_AVERAGE,EST_MA_WINDOW,1,EST_FILTER_STRENGTH,0.35
TM,EST_FUSION,ON,EST_GYRO_WEIGHT,0.98,EST_VALID,1
TM,SUN_L,3528,SUN_R,2942,SUN_NDV,0.0906,SUN_ANGLE,42.33
TM,MAG_X,-5.94,MAG_Y,-2.72,MAG_Z,-18.83,MAG_HEADING,204.62
TM,GYRO_X,-1.260,GYRO_Y,-2.047,GYRO_Z,0.057,BODY_RATE,-0.057
TM,ADCS_MODE,MANUAL,ADCS_REFERENCE,SUN,TARGET,0.00,POINTING_ERROR,-42.52,SUN_ERROR,-42.34,MAG_ERROR,155.38,GYRO_Z,-0.136,RW_CMD,0
TM,EST_RAW,42.34,EST_FILTERED,42.34,EST_ANGLE,42.52,EST_FILTER,ON,EST_FILTER_TYPE,MOVING_AVERAGE,EST_MA_WINDOW,1,EST_FILTER_STRENGTH,0.35
TM,EST_FUSION,ON,EST_GYRO_WEIGHT,0.98,EST_VALID,1
TM,SUN_L,3528,SUN_R,2942,SUN_NDV,0.0906,SUN_ANGLE,42.34
TM,MAG_X,-5.97,MAG_Y,-2.96,MAG_Z,-18.91,MAG_HEADING,206.38
TM,GYRO_X,-1.102,GYRO_Y,-2.266,GYRO_Z,-0.188,BODY_RATE,0.188
TM,ADCS_MODE,MANUAL,ADCS_REFERENCE,SUN,TARGET,0.00,POINTING_ERROR,-42.53,SUN_ERROR,-42.34,MAG_ERROR,155.03,GYRO_Z,-0.372,RW_CMD,0
TM,EST_RAW,42.34,EST_FILTERED,42.34,EST_ANGLE,42.53,EST_FILTER,ON,EST_FILTER_TYPE,MOVING_AVERAGE,EST_MA_WINDOW,1,EST_FILTER_STRENGTH,0.35
TM,EST_FUSION,ON,EST_GYRO_WEIGHT,0.98,EST_VALID,1
TM,SUN_L,3528,SUN_R,2942,SUN_NDV,0.0906,SUN_ANGLE,42.34
TM,MAG_X,-5.84,MAG_Y,-2.72,MAG_Z,-18.82,MAG_HEADING,204.97
TM,GYRO_X,-1.067,GYRO_Y,-2.231,GYRO_Z,-0.171,BODY_RATE,0.171
TM,SUN_L,3528,SUN_R,2942,SUN_NDV,0.0906,SUN_ANGLE,42.33
TM,MAG_X,-5.86,MAG_Y,-2.77,MAG_Z,-18.99,MAG_HEADING,205.30
TM,GYRO_X,-0.971,GYRO_Y,-2.275,GYRO_Z,0.013,BODY_RATE,-0.013
TM,ADCS_MODE,MANUAL,ADCS_REFERENCE,SUN,TARGET,0.00,POINTING_ERROR,-42.52,SUN_ERROR,-42.33,MAG_ERROR,154.61,GYRO_Z,-0.136,RW_CMD,0
TM,EST_RAW,42.33,EST_FILTERED,42.33,EST_ANGLE,42.52,EST_FILTER,ON,EST_FILTER_TYPE,MOVING_AVERAGE,EST_MA_WINDOW,1,EST_FILTER_STRENGTH,0.35
TM,EST_FUSION,ON,EST_GYRO_WEIGHT,0.98,EST_VALID,1
TM,SUN_L,3530,SUN_R,2942,SUN_NDV,0.0909,SUN_ANGLE,42.37
TM,MAG_X,-5.95,MAG_Y,-2.82,MAG_Z,-18.94,MAG_HEADING,205.32
TM,GYRO_X,-1.286,GYRO_Y,-2.249,GYRO_Z,-0.223,BODY_RATE,0.223
TM,ADCS_MODE,MANUAL,ADCS_REFERENCE,SUN,TARGET,0.00,POINTING_ERROR,-42.53,SUN_ERROR,-42.34,MAG_ERROR,154.68,GYRO_Z,-0.547,RW_CMD,0
TM,EST_RAW,42.34,EST_FILTERED,42.34,EST_ANGLE,42.53,EST_FILTER,ON,EST_FILTER_TYPE,MOVING_AVERAGE,EST_MA_WINDOW,1,EST_FILTER_STRENGTH,0.35
TM,EST_FUSION,ON,EST_GYRO_WEIGHT,0.98,EST_VALID,1
TM,SUN_L,3528,SUN_R,2942,SUN_NDV,0.0906,SUN_ANGLE,42.39
TM,MAG_X,-6.03,MAG_Y,-2.77,MAG_Z,-18.96,MAG_HEADING,204.65
TM,GYRO_X,-1.190,GYRO_Y,-2.371,GYRO_Z,-0.223,BODY_RATE,0.223
TM,ADCS_MODE,MANUAL,ADCS_REFERENCE,SUN,TARGET,0.00,POINTING_ERROR,-42.54,SUN_ERROR,-42.38,MAG_ERROR,154.24,GYRO_Z,-0.214,RW_CMD,0
TM,EST_RAW,42.38,EST_FILTERED,42.38,EST_ANGLE,42.54,EST_FILTER,ON,EST_FILTER_TYPE,MOVING_AVERAGE,EST_MA_WINDOW,1,EST_FILTER_STRENGTH,0.35
TM,EST_FUSION,ON,EST_GYRO_WEIGHT,0.98,EST_VALID,1
TM,SUN_L,3529,SUN_R,2941,SUN_NDV,0.0909,SUN_ANGLE,42.35
TM,MAG_X,-5.94,MAG_Y,-2.86,MAG_Z,-18.85,MAG_HEADING,205.76
TM,GYRO_X,-1.286,GYRO_Y,-2.266,GYRO_Z,-0.162,BODY_RATE,0.162
TM,ADCS_MODE,MANUAL,ADCS_REFERENCE,SUN,TARGET,0.00,POINTING_ERROR,-42.55,SUN_ERROR,-42.37,MAG_ERROR,155.25,GYRO_Z,-0.267,RW_CMD,0
TM,EST_RAW,42.37,EST_FILTERED,42.37,EST_ANGLE,42.55,EST_FILTER,ON,EST_FILTER_TYPE,MOVING_AVERAGE,EST_MA_WINDOW,1,EST_FILTER_STRENGTH,0.35
TM,EST_FUSION,ON,EST_GYRO_WEIGHT,0.98,EST_VALID,1
TM,SUN_L,3529,SUN_R,2941,SUN_NDV,0.0909,SUN_ANGLE,42.39
TM,MAG_X,-6.21,MAG_Y,-2.96,MAG_Z,-18.94,MAG_HEADING,205.49
TM,GYRO_X,-0.936,GYRO_Y,-2.284,GYRO_Z,-0.171,BODY_RATE,0.171
TM,SUN_L,3529,SUN_R,2941,SUN_NDV,0.0909,SUN_ANGLE,42.37
TM,MAG_X,-5.92,MAG_Y,-2.78,MAG_Z,-18.85,MAG_HEADING,205.19
TM,GYRO_X,-1.111,GYRO_Y,-2.100,GYRO_Z,-0.276,BODY_RATE,0.276
TM,ADCS_MODE,MANUAL,ADCS_REFERENCE,SUN,TARGET,0.00,POINTING_ERROR,-42.54,SUN_ERROR,-42.38,MAG_ERROR,154.81,GYRO_Z,-0.319,RW_CMD,0
TM,EST_RAW,42.38,EST_FILTERED,42.38,EST_ANGLE,42.54,EST_FILTER,ON,EST_FILTER_TYPE,MOVING_AVERAGE,EST_MA_WINDOW,1,EST_FILTER_STRENGTH,0.35
TM,EST_FUSION,ON,EST_GYRO_WEIGHT,0.98,EST_VALID,1
TM,SUN_L,3528,SUN_R,2940,SUN_NDV,0.0909,SUN_ANGLE,42.37
TM,MAG_X,-5.86,MAG_Y,-2.77,MAG_Z,-18.90,MAG_HEADING,205.30
TM,GYRO_X,-0.998,GYRO_Y,-2.179,GYRO_Z,-0.354,BODY_RATE,0.354
TM,ADCS_MODE,MANUAL,ADCS_REFERENCE,SUN,TARGET,0.00,POINTING_ERROR,-42.53,SUN_ERROR,-42.39,MAG_ERROR,154.70,GYRO_Z,-0.022,RW_CMD,0
TM,EST_RAW,42.39,EST_FILTERED,42.39,EST_ANGLE,42.53,EST_FILTER,ON,EST_FILTER_TYPE,MOVING_AVERAGE,EST_MA_WINDOW,1,EST_FILTER_STRENGTH,0.35
TM,EST_FUSION,ON,EST_GYRO_WEIGHT,0.98,EST_VALID,1
TM,SUN_L,3528,SUN_R,2940,SUN_NDV,0.0909,SUN_ANGLE,42.38
TM,MAG_X,-5.90,MAG_Y,-2.82,MAG_Z,-18.77,MAG_HEADING,205.50
TM,GYRO_X,-0.892,GYRO_Y,-2.380,GYRO_Z,-0.013,BODY_RATE,0.013
TM,ADCS_MODE,MANUAL,ADCS_REFERENCE,SUN,TARGET,0.00,POINTING_ERROR,-42.55,SUN_ERROR,-42.38,MAG_ERROR,155.11,GYRO_Z,0.048,RW_CMD,0
TM,EST_RAW,42.38,EST_FILTERED,42.38,EST_ANGLE,42.55,EST_FILTER,ON,EST_FILTER_TYPE,MOVING_AVERAGE,EST_MA_WINDOW,1,EST_FILTER_STRENGTH,0.35
TM,EST_FUSION,ON,EST_GYRO_WEIGHT,0.98,EST_VALID,1
TM,SUN_L,3528,SUN_R,2940,SUN_NDV,0.0909,SUN_ANGLE,42.37
TM,MAG_X,-5.90,MAG_Y,-2.74,MAG_Z,-18.77,MAG_HEADING,204.86
TM,GYRO_X,-1.111,GYRO_Y,-2.625,GYRO_Z,-0.267,BODY_RATE,0.267
TM,ADCS_MODE,MANUAL,ADCS_REFERENCE,SUN,TARGET,0.00,POINTING_ERROR,-42.54,SUN_ERROR,-42.37,MAG_ERROR,154.18,GYRO_Z,-0.074,RW_CMD,0
TM,EST_RAW,42.37,EST_FILTERED,42.37,EST_ANGLE,42.54,EST_FILTER,ON,EST_FILTER_TYPE,MOVING_AVERAGE,EST_MA_WINDOW,1,EST_FILTER_STRENGTH,0.35
TM,EST_FUSION,ON,EST_GYRO_WEIGHT,0.98,EST_VALID,1
TM,SUN_L,3528,SUN_R,2940,SUN_NDV,0.0909,SUN_ANGLE,42.38
TM,MAG_X,-5.92,MAG_Y,-2.86,MAG_Z,-18.90,MAG_HEADING,205.82
TM,GYRO_X,-0.700,GYRO_Y,-2.319,GYRO_Z,-0.048,BODY_RATE,0.048
TM,SUN_L,3528,SUN_R,2940,SUN_NDV,0.0909,SUN_ANGLE,42.36
TM,MAG_X,-5.97,MAG_Y,-2.86,MAG_Z,-18.86,MAG_HEADING,205.64
TM,GYRO_X,-1.155,GYRO_Y,-2.205,GYRO_Z,0.118,BODY_RATE,-0.118
TM,ADCS_MODE,MANUAL,ADCS_REFERENCE,SUN,TARGET,0.00,POINTING_ERROR,-42.53,SUN_ERROR,-42.35,MAG_ERROR,154.36,GYRO_Z,-0.031,RW_CMD,0
TM,EST_RAW,42.35,EST_FILTERED,42.35,EST_ANGLE,42.53,EST_FILTER,ON,EST_FILTER_TYPE,MOVING_AVERAGE,EST_MA_WINDOW,1,EST_FILTER_STRENGTH,0.35
TM,EST_FUSION,ON,EST_GYRO_WEIGHT,0.98,EST_VALID,1
TM,SUN_L,3529,SUN_R,2940,SUN_NDV,0.0910,SUN_ANGLE,42.37
TM,MAG_X,-5.90,MAG_Y,-2.86,MAG_Z,-18.91,MAG_HEADING,205.88
TM,GYRO_X,-1.041,GYRO_Y,-2.398,GYRO_Z,-0.171,BODY_RATE,0.171
TM,ADCS_MODE,MANUAL,ADCS_REFERENCE,SUN,TARGET,0.00,POINTING_ERROR,-42.54,SUN_ERROR,-42.37,MAG_ERROR,153.62,GYRO_Z,-0.039,RW_CMD,0
TM,EST_RAW,42.37,EST_FILTERED,42.37,EST_ANGLE,42.54,EST_FILTER,ON,EST_FILTER_TYPE,MOVING_AVERAGE,EST_MA_WINDOW,1,EST_FILTER_STRENGTH,0.35
TM,EST_FUSION,ON,EST_GYRO_WEIGHT,0.98,EST_VALID,1
TM,SUN_L,3528,SUN_R,2940,SUN_NDV,0.0909,SUN_ANGLE,42.38
TM,MAG_X,-5.95,MAG_Y,-2.80,MAG_Z,-18.82,MAG_HEADING,205.19
TM,GYRO_X,-1.006,GYRO_Y,-2.275,GYRO_Z,-0.258,BODY_RATE,0.258
TM,ADCS_MODE,MANUAL,ADCS_REFERENCE,SUN,TARGET,0.00,POINTING_ERROR,-42.53,SUN_ERROR,-42.34,MAG_ERROR,154.81,GYRO_Z,-0.118,RW_CMD,0
TM,EST_RAW,42.34,EST_FILTERED,42.34,EST_ANGLE,42.53,EST_FILTER,ON,EST_FILTER_TYPE,MOVING_AVERAGE,EST_MA_WINDOW,1,EST_FILTER_STRENGTH,0.35
TM,EST_FUSION,ON,EST_GYRO_WEIGHT,0.98,EST_VALID,1
TM,SUN_L,3528,SUN_R,2940,SUN_NDV,0.0909,SUN_ANGLE,42.38
TM,MAG_X,-5.95,MAG_Y,-2.70,MAG_Z,-18.86,MAG_HEADING,204.43
TM,GYRO_X,-1.129,GYRO_Y,-2.152,GYRO_Z,-0.179,BODY_RATE,0.179
TM,ADCS_MODE,MANUAL,ADCS_REFERENCE,SUN,TARGET,0.00,POINTING_ERROR,-42.52,SUN_ERROR,-42.35,MAG_ERROR,155.03,GYRO_Z,0.013,RW_CMD,0
TM,EST_RAW,42.35,EST_FILTERED,42.35,EST_ANGLE,42.52,EST_FILTER,ON,EST_FILTER_TYPE,MOVING_AVERAGE,EST_MA_WINDOW,1,EST_FILTER_STRENGTH,0.35
TM,EST_FUSION,ON,EST_GYRO_WEIGHT,0.98,EST_VALID,1
TM,SUN_L,3526,SUN_R,2940,SUN_NDV,0.0906,SUN_ANGLE,42.37
TM,MAG_X,-5.84,MAG_Y,-2.72,MAG_Z,-18.82,MAG_HEADING,204.97
TM,GYRO_X,-0.998,GYRO_Y,-2.301,GYRO_Z,-0.284,BODY_RATE,0.284
TM,SUN_L,3528,SUN_R,2940,SUN_NDV,0.0909,SUN_ANGLE,42.36
TM,MAG_X,-5.97,MAG_Y,-2.82,MAG_Z,-19.17,MAG_HEADING,205.26
TM,GYRO_X,-1.050,GYRO_Y,-2.135,GYRO_Z,-0.004,BODY_RATE,0.004
TM,ADCS_MODE,MANUAL,ADCS_REFERENCE,SUN,TARGET,0.00,POINTING_ERROR,-42.53,SUN_ERROR,-42.36,MAG_ERROR,154.74,GYRO_Z,-0.451,RW_CMD,0
TM,EST_RAW,42.36,EST_FILTERED,42.36,EST_ANGLE,42.53,EST_FILTER,ON,EST_FILTER_TYPE,MOVING_AVERAGE,EST_MA_WINDOW,1,EST_FILTER_STRENGTH,0.35
TM,EST_FUSION,ON,EST_GYRO_WEIGHT,0.98,EST_VALID,1
TM,SUN_L,3527,SUN_R,2940,SUN_NDV,0.0908,SUN_ANGLE,42.39
TM,MAG_X,-5.98,MAG_Y,-2.91,MAG_Z,-19.04,MAG_HEADING,205.95
TM,GYRO_X,-1.033,GYRO_Y,-1.881,GYRO_Z,-0.249,BODY_RATE,0.249
TM,ADCS_MODE,MANUAL,ADCS_REFERENCE,SUN,TARGET,0.00,POINTING_ERROR,-42.53,SUN_ERROR,-42.35,MAG_ERROR,154.05,GYRO_Z,-0.223,RW_CMD,0
TM,EST_RAW,42.35,EST_FILTERED,42.35,EST_ANGLE,42.53,EST_FILTER,ON,EST_FILTER_TYPE,MOVING_AVERAGE,EST_MA_WINDOW,1,EST_FILTER_STRENGTH,0.35
TM,EST_FUSION,ON,EST_GYRO_WEIGHT,0.98,EST_VALID,1
TM,SUN_L,3528,SUN_R,2940,SUN_NDV,0.0909,SUN_ANGLE,42.38
TM,MAG_X,-5.89,MAG_Y,-2.61,MAG_Z,-18.91,MAG_HEADING,203.89
TM,GYRO_X,-0.796,GYRO_Y,-2.345,GYRO_Z,-0.197,BODY_RATE,0.197
TM,ADCS_MODE,MANUAL,ADCS_REFERENCE,SUN,TARGET,0.00,POINTING_ERROR,-42.55,SUN_ERROR,-42.37,MAG_ERROR,154.93,GYRO_Z,-0.267,RW_CMD,0
TM,EST_RAW,42.37,EST_FILTERED,42.37,EST_ANGLE,42.55,EST_FILTER,ON,EST_FILTER_TYPE,MOVING_AVERAGE,EST_MA_WINDOW,1,EST_FILTER_STRENGTH,0.35
TM,EST_FUSION,ON,EST_GYRO_WEIGHT,0.98,EST_VALID,1
TM,SUN_L,3529,SUN_R,2941,SUN_NDV,0.0909,SUN_ANGLE,42.37
TM,MAG_X,-5.95,MAG_Y,-2.78,MAG_Z,-18.98,MAG_HEADING,205.07
TM,GYRO_X,-1.033,GYRO_Y,-2.301,GYRO_Z,-0.127,BODY_RATE,0.127
TM,ADCS_MODE,MANUAL,ADCS_REFERENCE,SUN,TARGET,0.00,POINTING_ERROR,-42.55,SUN_ERROR,-42.36,MAG_ERROR,155.28,GYRO_Z,-0.127,RW_CMD,0
TM,EST_RAW,42.36,EST_FILTERED,42.36,EST_ANGLE,42.55,EST_FILTER,ON,EST_FILTER_TYPE,MOVING_AVERAGE,EST_MA_WINDOW,1,EST_FILTER_STRENGTH,0.35
TM,EST_FUSION,ON,EST_GYRO_WEIGHT,0.98,EST_VALID,1
TM,SUN_L,3529,SUN_R,2941,SUN_NDV,0.0909,SUN_ANGLE,42.38
TM,MAG_X,-5.97,MAG_Y,-2.74,MAG_Z,-19.04,MAG_HEADING,204.63
TM,GYRO_X,-1.067,GYRO_Y,-2.231,GYRO_Z,-0.232,BODY_RATE,0.232
TM,SUN_L,3528,SUN_R,2941,SUN_NDV,0.0907,SUN_ANGLE,42.41
TM,MAG_X,-5.90,MAG_Y,-2.85,MAG_Z,-18.90,MAG_HEADING,205.75
TM,GYRO_X,-0.796,GYRO_Y,-2.257,GYRO_Z,-0.276,BODY_RATE,0.276
TM,ADCS_MODE,MANUAL,ADCS_REFERENCE,SUN,TARGET,0.00,POINTING_ERROR,-42.56,SUN_ERROR,-42.41,MAG_ERROR,154.25,GYRO_Z,-0.214,RW_CMD,0
TM,EST_RAW,42.41,EST_FILTERED,42.41,EST_ANGLE,42.56,EST_FILTER,ON,EST_FILTER_TYPE,MOVING_AVERAGE,EST_MA_WINDOW,1,EST_FILTER_STRENGTH,0.35
TM,EST_FUSION,ON,EST_GYRO_WEIGHT,0.98,EST_VALID,1
TM,SUN_L,3528,SUN_R,2942,SUN_NDV,0.0906,SUN_ANGLE,42.33
TM,MAG_X,-6.05,MAG_Y,-2.67,MAG_Z,-19.01,MAG_HEADING,203.84
TM,GYRO_X,-1.102,GYRO_Y,-2.319,GYRO_Z,-0.284,BODY_RATE,0.284
TM,ADCS_MODE,MANUAL,ADCS_REFERENCE,SUN,TARGET,0.00,POINTING_ERROR,-42.56,SUN_ERROR,-42.38,MAG_ERROR,155.63,GYRO_Z,-0.223,RW_CMD,0
TM,EST_RAW,42.38,EST_FILTERED,42.38,EST_ANGLE,42.56,EST_FILTER,ON,EST_FILTER_TYPE,MOVING_AVERAGE,EST_MA_WINDOW,1,EST_FILTER_STRENGTH,0.35
TM,EST_FUSION,ON,EST_GYRO_WEIGHT,0.98,EST_VALID,1
TM,SUN_L,3529,SUN_R,2942,SUN_NDV,0.0907,SUN_ANGLE,42.38
TM,MAG_X,-5.97,MAG_Y,-2.70,MAG_Z,-19.07,MAG_HEADING,204.37
TM,GYRO_X,-0.962,GYRO_Y,-2.249,GYRO_Z,-0.346,BODY_RATE,0.346
TM,ADCS_MODE,MANUAL,ADCS_REFERENCE,SUN,TARGET,0.00,POINTING_ERROR,-42.55,SUN_ERROR,-42.38,MAG_ERROR,156.35,GYRO_Z,0.013,RW_CMD,0
TM,EST_RAW,42.38,EST_FILTERED,42.38,EST_ANGLE,42.55,EST_FILTER,ON,EST_FILTER_TYPE,MOVING_AVERAGE,EST_MA_WINDOW,1,EST_FILTER_STRENGTH,0.35
TM,EST_FUSION,ON,EST_GYRO_WEIGHT,0.98,EST_VALID,1
TM,SUN_L,3530,SUN_R,2942,SUN_NDV,0.0909,SUN_ANGLE,42.37
TM,MAG_X,-5.92,MAG_Y,-2.77,MAG_Z,-18.98,MAG_HEADING,205.06
TM,GYRO_X,-0.989,GYRO_Y,-2.441,GYRO_Z,-0.337,BODY_RATE,0.337
TM,ADCS_MODE,MANUAL,ADCS_REFERENCE,SUN,TARGET,0.00,POINTING_ERROR,-42.54,SUN_ERROR,-42.38,MAG_ERROR,153.99,GYRO_Z,-0.153,RW_CMD,0
TM,EST_RAW,42.38,EST_FILTERED,42.38,EST_ANGLE,42.54,EST_FILTER,ON,EST_FILTER_TYPE,MOVING_AVERAGE,EST_MA_WINDOW,1,EST_FILTER_STRENGTH,0.35
TM,EST_FUSION,ON,EST_GYRO_WEIGHT,0.98,EST_VALID,1
TM,SUN_L,3530,SUN_R,2943,SUN_NDV,0.0907,SUN_ANGLE,42.42
TM,MAG_X,-5.97,MAG_Y,-2.91,MAG_Z,-18.88,MAG_HEADING,206.01
TM,GYRO_X,-0.910,GYRO_Y,-2.170,GYRO_Z,-0.267,BODY_RATE,0.267
TM,SUN_L,3530,SUN_R,2943,SUN_NDV,0.0907,SUN_ANGLE,42.31
TM,MAG_X,-5.92,MAG_Y,-2.88,MAG_Z,-18.93,MAG_HEADING,205.94
TM,GYRO_X,-0.971,GYRO_Y,-2.406,GYRO_Z,-0.171,BODY_RATE,0.171
TM,ADCS_MODE,MANUAL,ADCS_REFERENCE,SUN,TARGET,0.00,POINTING_ERROR,-42.53,SUN_ERROR,-42.34,MAG_ERROR,154.06,GYRO_Z,0.013,RW_CMD,0
TM,EST_RAW,42.34,EST_FILTERED,42.34,EST_ANGLE,42.53,EST_FILTER,ON,EST_FILTER_TYPE,MOVING_AVERAGE,EST_MA_WINDOW,1,EST_FILTER_STRENGTH,0.35
TM,EST_FUSION,ON,EST_GYRO_WEIGHT,0.98,EST_VALID,1
TM,SUN_L,3529,SUN_R,2942,SUN_NDV,0.0907,SUN_ANGLE,42.36
TM,MAG_X,-5.79,MAG_Y,-2.90,MAG_Z,-18.80,MAG_HEADING,206.57
TM,GYRO_X,-1.173,GYRO_Y,-2.144,GYRO_Z,-0.188,BODY_RATE,0.188
TM,ADCS_MODE,MANUAL,ADCS_REFERENCE,SUN,TARGET,0.00,POINTING_ERROR,-42.54,SUN_ERROR,-42.30,MAG_ERROR,153.43,GYRO_Z,-0.354,RW_CMD,0
TM,EST_RAW,42.30,EST_FILTERED,42.30,EST_ANGLE,42.54,EST_FILTER,ON,EST_FILTER_TYPE,MOVING_AVERAGE,EST_MA_WINDOW,1,EST_FILTER_STRENGTH,0.35
TM,EST_FUSION,ON,EST_GYRO_WEIGHT,0.98,EST_VALID,1
TM,SUN_L,3529,SUN_R,2942,SUN_NDV,0.0907,SUN_ANGLE,42.32
TM,MAG_X,-5.79,MAG_Y,-2.90,MAG_Z,-18.42,MAG_HEADING,206.57
TM,GYRO_X,-0.892,GYRO_Y,-2.450,GYRO_Z,-0.302,BODY_RATE,0.302
TM,ADCS_MODE,MANUAL,ADCS_REFERENCE,SUN,TARGET,0.00,POINTING_ERROR,-42.52,SUN_ERROR,-42.35,MAG_ERROR,153.37,GYRO_Z,-0.109,RW_CMD,0
TM,EST_RAW,42.35,EST_FILTERED,42.35,EST_ANGLE,42.52,EST_FILTER,ON,EST_FILTER_TYPE,MOVING_AVERAGE,EST_MA_WINDOW,1,EST_FILTER_STRENGTH,0.35
TM,EST_FUSION,ON,EST_GYRO_WEIGHT,0.98,EST_VALID,1
TM,SUN_L,3529,SUN_R,2943,SUN_NDV,0.0905,SUN_ANGLE,42.34
TM,MAG_X,-5.71,MAG_Y,-2.86,MAG_Z,-18.82,MAG_HEADING,206.63
TM,GYRO_X,-1.269,GYRO_Y,-2.389,GYRO_Z,-0.101,BODY_RATE,0.101
TM,ADCS_MODE,MANUAL,ADCS_REFERENCE,SUN,TARGET,0.00,POINTING_ERROR,-42.52,SUN_ERROR,-42.37,MAG_ERROR,153.81,GYRO_Z,-0.066,RW_CMD,0
TM,EST_RAW,42.37,EST_FILTERED,42.37,EST_ANGLE,42.52,EST_FILTER,ON,EST_FILTER_TYPE,MOVING_AVERAGE,EST_MA_WINDOW,1,EST_FILTER_STRENGTH,0.35
TM,EST_FUSION,ON,EST_GYRO_WEIGHT,0.98,EST_VALID,1
TM,SUN_L,3528,SUN_R,2942,SUN_NDV,0.0906,SUN_ANGLE,42.38
TM,MAG_X,-5.92,MAG_Y,-2.91,MAG_Z,-18.62,MAG_HEADING,206.19
TM,GYRO_X,-0.884,GYRO_Y,-2.284,GYRO_Z,-0.241,BODY_RATE,0.241
TM,SUN_L,3529,SUN_R,2941,SUN_NDV,0.0909,SUN_ANGLE,42.37
TM,MAG_X,-5.81,MAG_Y,-2.88,MAG_Z,-18.77,MAG_HEADING,206.38
TM,GYRO_X,-1.067,GYRO_Y,-1.960,GYRO_Z,0.022,BODY_RATE,-0.022
TM,ADCS_MODE,MANUAL,ADCS_REFERENCE,SUN,TARGET,0.00,POINTING_ERROR,-42.52,SUN_ERROR,-42.38,MAG_ERROR,153.62,GYRO_Z,-0.153,RW_CMD,0
TM,EST_RAW,42.38,EST_FILTERED,42.38,EST_ANGLE,42.52,EST_FILTER,ON,EST_FILTER_TYPE,MOVING_AVERAGE,EST_MA_WINDOW,1,EST_FILTER_STRENGTH,0.35
TM,EST_FUSION,ON,EST_GYRO_WEIGHT,0.98,EST_VALID,1
TM,SUN_L,3528,SUN_R,2941,SUN_NDV,0.0907,SUN_ANGLE,42.37
TM,MAG_X,-5.82,MAG_Y,-2.99,MAG_Z,-18.74,MAG_HEADING,207.19
TM,GYRO_X,-1.006,GYRO_Y,-2.030,GYRO_Z,-0.092,BODY_RATE,0.092
TM,ADCS_MODE,MANUAL,ADCS_REFERENCE,SUN,TARGET,0.00,POINTING_ERROR,-42.54,SUN_ERROR,-42.41,MAG_ERROR,152.81,GYRO_Z,-0.276,RW_CMD,0
TM,EST_RAW,42.41,EST_FILTERED,42.41,EST_ANGLE,42.54,EST_FILTER,ON,EST_FILTER_TYPE,MOVING_AVERAGE,EST_MA_WINDOW,1,EST_FILTER_STRENGTH,0.35
TM,EST_FUSION,ON,EST_GYRO_WEIGHT,0.98,EST_VALID,1
TM,SUN_L,3529,SUN_R,2940,SUN_NDV,0.0910,SUN_ANGLE,42.39
TM,MAG_X,-5.78,MAG_Y,-2.91,MAG_Z,-18.70,MAG_HEADING,206.76
TM,GYRO_X,-1.111,GYRO_Y,-2.196,GYRO_Z,-0.171,BODY_RATE,0.171
TM,ADCS_MODE,MANUAL,ADCS_REFERENCE,SUN,TARGET,0.00,POINTING_ERROR,-42.56,SUN_ERROR,-42.38,MAG_ERROR,154.84,GYRO_Z,-0.232,RW_CMD,0
TM,EST_RAW,42.38,EST_FILTERED,42.38,EST_ANGLE,42.56,EST_FILTER,ON,EST_FILTER_TYPE,MOVING_AVERAGE,EST_MA_WINDOW,1,EST_FILTER_STRENGTH,0.35
TM,EST_FUSION,ON,EST_GYRO_WEIGHT,0.98,EST_VALID,1
TM,SUN_L,3528,SUN_R,2939,SUN_NDV,0.0911,SUN_ANGLE,42.40
TM,MAG_X,-5.90,MAG_Y,-2.96,MAG_Z,-18.70,MAG_HEADING,206.63
TM,GYRO_X,-0.971,GYRO_Y,-1.995,GYRO_Z,-0.153,BODY_RATE,0.153
TM,ADCS_MODE,MANUAL,ADCS_REFERENCE,SUN,TARGET,0.00,POINTING_ERROR,-42.57,SUN_ERROR,-42.40,MAG_ERROR,153.37,GYRO_Z,-0.398,RW_CMD,0
TM,EST_RAW,42.40,EST_FILTERED,42.40,EST_ANGLE,42.57,EST_FILTER,ON,EST_FILTER_TYPE,MOVING_AVERAGE,EST_MA_WINDOW,1,EST_FILTER_STRENGTH,0.35
TM,EST_FUSION,ON,EST_GYRO_WEIGHT,0.98,EST_VALID,1
TM,SUN_L,3526,SUN_R,2938,SUN_NDV,0.0910,SUN_ANGLE,42.46
TM,MAG_X,-5.92,MAG_Y,-2.83,MAG_Z,-18.69,MAG_HEADING,205.57
TM,GYRO_X,-1.102,GYRO_Y,-1.951,GYRO_Z,-0.171,BODY_RATE,0.171
TM,SUN_L,3529,SUN_R,2937,SUN_NDV,0.0916,SUN_ANGLE,42.46
TM,MAG_X,-5.68,MAG_Y,-2.94,MAG_Z,-18.66,MAG_HEADING,207.40
TM,GYRO_X,-1.129,GYRO_Y,-2.126,GYRO_Z,-0.197,BODY_RATE,0.197
TM,ADCS_MODE,MANUAL,ADCS_REFERENCE,SUN,TARGET,0.00,POINTING_ERROR,-42.59,SUN_ERROR,-42.46,MAG_ERROR,152.60,GYRO_Z,-0.398,RW_CMD,0
TM,EST_RAW,42.46,EST_FILTERED,42.46,EST_ANGLE,42.59,EST_FILTER,ON,EST_FILTER_TYPE,MOVING_AVERAGE,EST_MA_WINDOW,1,EST_FILTER_STRENGTH,0.35
TM,EST_FUSION,ON,EST_GYRO_WEIGHT,0.98,EST_VALID,1
TM,SUN_L,3529,SUN_R,2938,SUN_NDV,0.0914,SUN_ANGLE,42.46
TM,MAG_X,-5.73,MAG_Y,-2.91,MAG_Z,-18.69,MAG_HEADING,206.95
TM,GYRO_X,-1.129,GYRO_Y,-2.266,GYRO_Z,-0.039,BODY_RATE,0.039
TM,ADCS_MODE,MANUAL,ADCS_REFERENCE,SUN,TARGET,0.00,POINTING_ERROR,-42.60,SUN_ERROR,-42.47,MAG_ERROR,152.55,GYRO_Z,-0.302,RW_CMD,0
TM,EST_RAW,42.47,EST_FILTERED,42.47,EST_ANGLE,42.60,EST_FILTER,ON,EST_FILTER_TYPE,MOVING_AVERAGE,EST_MA_WINDOW,1,EST_FILTER_STRENGTH,0.35
TM,EST_FUSION,ON,EST_GYRO_WEIGHT,0.98,EST_VALID,1
TM,SUN_L,3528,SUN_R,2938,SUN_NDV,0.0912,SUN_ANGLE,42.45
TM,MAG_X,-5.87,MAG_Y,-3.01,MAG_Z,-18.66,MAG_HEADING,207.12
TM,GYRO_X,-0.998,GYRO_Y,-2.179,GYRO_Z,-0.101,BODY_RATE,0.101
TM,ADCS_MODE,MANUAL,ADCS_REFERENCE,SUN,TARGET,0.00,POINTING_ERROR,-42.60,SUN_ERROR,-42.44,MAG_ERROR,152.88,GYRO_Z,-0.171,RW_CMD,0
TM,EST_RAW,42.44,EST_FILTERED,42.44,EST_ANGLE,42.60,EST_FILTER,ON,EST_FILTER_TYPE,MOVING_AVERAGE,EST_MA_WINDOW,1,EST_FILTER_STRENGTH,0.35
TM,EST_FUSION,ON,EST_GYRO_WEIGHT,0.98,EST_VALID,1
TM,SUN_L,3527,SUN_R,2938,SUN_NDV,0.0911,SUN_ANGLE,42.42
TM,MAG_X,-5.87,MAG_Y,-2.93,MAG_Z,-18.77,MAG_HEADING,206.50
TM,GYRO_X,-1.006,GYRO_Y,-2.362,GYRO_Z,-0.293,BODY_RATE,0.293
TM,ADCS_MODE,MANUAL,ADCS_REFERENCE,SUN,TARGET,0.00,POINTING_ERROR,-42.60,SUN_ERROR,-42.42,MAG_ERROR,154.25,GYRO_Z,-0.267,RW_CMD,0
TM,EST_RAW,42.42,EST_FILTERED,42.42,EST_ANGLE,42.60,EST_FILTER,ON,EST_FILTER_TYPE,MOVING_AVERAGE,EST_MA_WINDOW,1,EST_FILTER_STRENGTH,0.35
TM,EST_FUSION,ON,EST_GYRO_WEIGHT,0.98,EST_VALID,1
TM,SUN_L,3528,SUN_R,2939,SUN_NDV,0.0911,SUN_ANGLE,42.40
TM,MAG_X,-5.90,MAG_Y,-2.85,MAG_Z,-18.70,MAG_HEADING,205.75
TM,GYRO_X,-1.102,GYRO_Y,-2.231,GYRO_Z,-0.179,BODY_RATE,0.179
TM,SUN_L,3528,SUN_R,2938,SUN_NDV,0.0912,SUN_ANGLE,42.41
TM,MAG_X,-5.84,MAG_Y,-2.96,MAG_Z,-18.69,MAG_HEADING,206.88
TM,GYRO_X,-0.884,GYRO_Y,-2.205,GYRO_Z,-0.206,BODY_RATE,0.206
TM,ADCS_MODE,MANUAL,ADCS_REFERENCE,SUN,TARGET,0.00,POINTING_ERROR,-42.59,SUN_ERROR,-42.41,MAG_ERROR,152.57,GYRO_Z,0.101,RW_CMD,0
TM,EST_RAW,42.41,EST_FILTERED,42.41,EST_ANGLE,42.59,EST_FILTER,ON,EST_FILTER_TYPE,MOVING_AVERAGE,EST_MA_WINDOW,1,EST_FILTER_STRENGTH,0.35
TM,EST_FUSION,ON,EST_GYRO_WEIGHT,0.98,EST_VALID,1
TM,SUN_L,3529,SUN_R,2939,SUN_NDV,0.0912,SUN_ANGLE,42.41
TM,MAG_X,-5.98,MAG_Y,-3.12,MAG_Z,-18.83,MAG_HEADING,207.54
TM,GYRO_X,-1.164,GYRO_Y,-2.362,GYRO_Z,0.013,BODY_RATE,-0.013
TM,ADCS_MODE,MANUAL,ADCS_REFERENCE,SUN,TARGET,0.00,POINTING_ERROR,-42.59,SUN_ERROR,-42.42,MAG_ERROR,152.46,GYRO_Z,-0.188,RW_CMD,0
TM,EST_RAW,42.42,EST_FILTERED,42.42,EST_ANGLE,42.59,EST_FILTER,ON,EST_FILTER_TYPE,MOVING_AVERAGE,EST_MA_WINDOW,1,EST_FILTER_STRENGTH,0.35
TM,EST_FUSION,ON,EST_GYRO_WEIGHT,0.98,EST_VALID,1
TM,SUN_L,3528,SUN_R,2938,SUN_NDV,0.0912,SUN_ANGLE,42.44
TM,MAG_X,-5.86,MAG_Y,-2.96,MAG_Z,-18.66,MAG_HEADING,206.81
TM,GYRO_X,-1.076,GYRO_Y,-2.126,GYRO_Z,-0.276,BODY_RATE,0.276
TM,ADCS_MODE,MANUAL,ADCS_REFERENCE,SUN,TARGET,0.00,POINTING_ERROR,-42.59,SUN_ERROR,-42.40,MAG_ERROR,153.18,GYRO_Z,-0.188,RW_CMD,0
TM,EST_RAW,42.40,EST_FILTERED,42.40,EST_ANGLE,42.59,EST_FILTER,ON,EST_FILTER_TYPE,MOVING_AVERAGE,EST_MA_WINDOW,1,EST_FILTER_STRENGTH,0.35
TM,EST_FUSION,ON,EST_GYRO_WEIGHT,0.98,EST_VALID,1
TM,SUN_L,3528,SUN_R,2939,SUN_NDV,0.0911,SUN_ANGLE,42.44
TM,MAG_X,-5.76,MAG_Y,-2.91,MAG_Z,-18.75,MAG_HEADING,206.82
TM,GYRO_X,-1.033,GYRO_Y,-2.196,GYRO_Z,-0.206,BODY_RATE,0.206
TM,ADCS_MODE,MANUAL,ADCS_REFERENCE,SUN,TARGET,0.00,POINTING_ERROR,-42.58,SUN_ERROR,-42.42,MAG_ERROR,152.94,GYRO_Z,-0.039,RW_CMD,0
TM,EST_RAW,42.42,EST_FILTERED,42.42,EST_ANGLE,42.58,EST_FILTER,ON,EST_FILTER_TYPE,MOVING_AVERAGE,EST_MA_WINDOW,1,EST_FILTER_STRENGTH,0.35
TM,EST_FUSION,ON,EST_GYRO_WEIGHT,0.98,EST_VALID,1
TM,SUN_L,3527,SUN_R,2939,SUN_NDV,0.0909,SUN_ANGLE,42.43
TM,MAG_X,-5.74,MAG_Y,-2.93,MAG_Z,-18.82,MAG_HEADING,207.01
TM,GYRO_X,-0.858,GYRO_Y,-2.231,GYRO_Z,-0.276,BODY_RATE,0.276
TM,SUN_L,3528,SUN_R,2937,SUN_NDV,0.0914,SUN_ANGLE,42.43
TM,MAG_X,-5.74,MAG_Y,-2.99,MAG_Z,-18.61,MAG_HEADING,207.51
TM,GYRO_X,-0.928,GYRO_Y,-2.257,GYRO_Z,-0.136,BODY_RATE,0.136
TM,ADCS_MODE,MANUAL,ADCS_REFERENCE,SUN,TARGET,0.00,POINTING_ERROR,-42.59,SUN_ERROR,-42.40,MAG_ERROR,152.49,GYRO_Z,-0.293,RW_CMD,0
TM,EST_RAW,42.40,EST_FILTERED,42.40,EST_ANGLE,42.59,EST_FILTER,ON,EST_FILTER_TYPE,MOVING_AVERAGE,EST_MA_WINDOW,1,EST_FILTER_STRENGTH,0.35
TM,EST_FUSION,ON,EST_GYRO_WEIGHT,0.98,EST_VALID,1
TM,SUN_L,3528,SUN_R,2940,SUN_NDV,0.0909,SUN_ANGLE,42.40
TM,MAG_X,-5.74,MAG_Y,-2.96,MAG_Z,-18.85,MAG_HEADING,207.26
TM,GYRO_X,-1.094,GYRO_Y,-2.441,GYRO_Z,-0.486,BODY_RATE,0.486
TM,ADCS_MODE,MANUAL,ADCS_REFERENCE,SUN,TARGET,0.00,POINTING_ERROR,-42.60,SUN_ERROR,-42.39,MAG_ERROR,152.74,GYRO_Z,-0.486,RW_CMD,0
TM,EST_RAW,42.39,EST_FILTERED,42.39,EST_ANGLE,42.60,EST_FILTER,ON,EST_FILTER_TYPE,MOVING_AVERAGE,EST_MA_WINDOW,1,EST_FILTER_STRENGTH,0.35
TM,EST_FUSION,ON,EST_GYRO_WEIGHT,0.98,EST_VALID,1
TM,SUN_L,3529,SUN_R,2940,SUN_NDV,0.0910,SUN_ANGLE,42.38
TM,MAG_X,-5.73,MAG_Y,-3.06,MAG_Z,-18.88,MAG_HEADING,208.08
TM,GYRO_X,-1.050,GYRO_Y,-2.433,GYRO_Z,-0.311,BODY_RATE,0.311
TM,ADCS_MODE,MANUAL,ADCS_REFERENCE,SUN,TARGET,0.00,POINTING_ERROR,-42.61,SUN_ERROR,-42.38,MAG_ERROR,152.99,GYRO_Z,-0.197,RW_CMD,0
TM,EST_RAW,42.38,EST_FILTERED,42.38,EST_ANGLE,42.61,EST_FILTER,ON,EST_FILTER_TYPE,MOVING_AVERAGE,EST_MA_WINDOW,1,EST_FILTER_STRENGTH,0.35
TM,EST_FUSION,ON,EST_GYRO_WEIGHT,0.98,EST_VALID,1
TM,SUN_L,3527,SUN_R,2939,SUN_NDV,0.0909,SUN_ANGLE,42.39
TM,MAG_X,-5.81,MAG_Y,-2.93,MAG_Z,-18.70,MAG_HEADING,206.75
TM,GYRO_X,-0.919,GYRO_Y,-2.188,GYRO_Z,-0.276,BODY_RATE,0.276
TM,ADCS_MODE,MANUAL,ADCS_REFERENCE,SUN,TARGET,0.00,POINTING_ERROR,-42.59,SUN_ERROR,-42.41,MAG_ERROR,154.00,GYRO_Z,-0.389,RW_CMD,0
TM,EST_RAW,42.41,EST_FILTERED,42.41,EST_ANGLE,42.59,EST_FILTER,ON,EST_FILTER_TYPE,MOVING_AVERAGE,EST_MA_WINDOW,1,EST_FILTER_STRENGTH,0.35
TM,EST_FUSION,ON,EST_GYRO_WEIGHT,0.98,EST_VALID,1
TM,SUN_L,3528,SUN_R,2939,SUN_NDV,0.0911,SUN_ANGLE,42.38
TM,MAG_X,-5.84,MAG_Y,-2.85,MAG_Z,-18.59,MAG_HEADING,206.00
TM,GYRO_X,-1.033,GYRO_Y,-1.969,GYRO_Z,-0.363,BODY_RATE,0.363
TM,SUN_L,3530,SUN_R,2940,SUN_NDV,0.0912,SUN_ANGLE,42.41
TM,MAG_X,-5.87,MAG_Y,-2.86,MAG_Z,-18.74,MAG_HEADING,206.00
TM,GYRO_X,-0.936,GYRO_Y,-2.459,GYRO_Z,-0.153,BODY_RATE,0.153
TM,ADCS_MODE,MANUAL,ADCS_REFERENCE,SUN,TARGET,0.00,POINTING_ERROR,-42.60,SUN_ERROR,-42.38,MAG_ERROR,154.00,GYRO_Z,-0.197,RW_CMD,0
TM,EST_RAW,42.38,EST_FILTERED,42.38,EST_ANGLE,42.60,EST_FILTER,ON,EST_FILTER_TYPE,MOVING_AVERAGE,EST_MA_WINDOW,1,EST_FILTER_STRENGTH,0.35
TM,EST_FUSION,ON,EST_GYRO_WEIGHT,0.98,EST_VALID,1
TM,SUN_L,3529,SUN_R,2940,SUN_NDV,0.0910,SUN_ANGLE,42.38
TM,MAG_X,-5.66,MAG_Y,-2.82,MAG_Z,-18.88,MAG_HEADING,206.44
TM,GYRO_X,-1.173,GYRO_Y,-2.179,GYRO_Z,-0.048,BODY_RATE,0.048
TM,ADCS_MODE,MANUAL,ADCS_REFERENCE,SUN,TARGET,0.00,POINTING_ERROR,-42.60,SUN_ERROR,-42.38,MAG_ERROR,152.80,GYRO_Z,-0.074,RW_CMD,0
TM,EST_RAW,42.38,EST_FILTERED,42.38,EST_ANGLE,42.60,EST_FILTER,ON,EST_FILTER_TYPE,MOVING_AVERAGE,EST_MA_WINDOW,1,EST_FILTER_STRENGTH,0.35
TM,EST_FUSION,ON,EST_GYRO_WEIGHT,0.98,EST_VALID,1
TM,SUN_L,3528,SUN_R,2940,SUN_NDV,0.0909,SUN_ANGLE,42.40
TM,MAG_X,-5.87,MAG_Y,-2.83,MAG_Z,-18.58,MAG_HEADING,205.75
TM,GYRO_X,-1.120,GYRO_Y,-2.188,GYRO_Z,-0.232,BODY_RATE,0.232
TM,ADCS_MODE,MANUAL,ADCS_REFERENCE,SUN,TARGET,0.00,POINTING_ERROR,-42.60,SUN_ERROR,-42.40,MAG_ERROR,154.25,GYRO_Z,-0.171,RW_CMD,0
TM,EST_RAW,42.40,EST_FILTERED,42.40,EST_ANGLE,42.60,EST_FILTER,ON,EST_FILTER_TYPE,MOVING_AVERAGE,EST_MA_WINDOW,1,EST_FILTER_STRENGTH,0.35
TM,EST_FUSION,ON,EST_GYRO_WEIGHT,0.98,EST_VALID,1
TM,SUN_L,3529,SUN_R,2940,SUN_NDV,0.0910,SUN_ANGLE,42.38
TM,MAG_X,-5.86,MAG_Y,-3.01,MAG_Z,-18.64,MAG_HEADING,207.19
TM,GYRO_X,-1.102,GYRO_Y,-2.205,GYRO_Z,-0.083,BODY_RATE,0.083
TM,ADCS_MODE,MANUAL,ADCS_REFERENCE,SUN,TARGET,0.00,POINTING_ERROR,-42.59,SUN_ERROR,-42.40,MAG_ERROR,154.32,GYRO_Z,-0.092,RW_CMD,0
TM,EST_RAW,42.40,EST_FILTERED,42.40,EST_ANGLE,42.59,EST_FILTER,ON,EST_FILTER_TYPE,MOVING_AVERAGE,EST_MA_WINDOW,1,EST_FILTER_STRENGTH,0.35
TM,EST_FUSION,ON,EST_GYRO_WEIGHT,0.98,EST_VALID,1
TM,SUN_L,3529,SUN_R,2941,SUN_NDV,0.0909,SUN_ANGLE,42.39
TM,MAG_X,-5.86,MAG_Y,-2.82,MAG_Z,-18.72,MAG_HEADING,205.68
TM,GYRO_X,-0.752,GYRO_Y,-2.555,GYRO_Z,-0.346,BODY_RATE,0.346
TM,SUN_L,3529,SUN_R,2941,SUN_NDV,0.0909,SUN_ANGLE,42.39
TM,MAG_X,-5.74,MAG_Y,-2.88,MAG_Z,-18.69,MAG_HEADING,206.63
TM,GYRO_X,-1.146,GYRO_Y,-2.170,GYRO_Z,-0.188,BODY_RATE,0.188
TM,ADCS_MODE,MANUAL,ADCS_REFERENCE,SUN,TARGET,0.00,POINTING_ERROR,-42.59,SUN_ERROR,-42.36,MAG_ERROR,153.37,GYRO_Z,-0.328,RW_CMD,0
TM,EST_RAW,42.36,EST_FILTERED,42.36,EST_ANGLE,42.59,EST_FILTER,ON,EST_FILTER_TYPE,MOVING_AVERAGE,EST_MA_WINDOW,1,EST_FILTER_STRENGTH,0.35
TM,EST_FUSION,ON,EST_GYRO_WEIGHT,0.98,EST_VALID,1
TM,SUN_L,3530,SUN_R,2941,SUN_NDV,0.0910,SUN_ANGLE,42.38
TM,MAG_X,-5.73,MAG_Y,-2.85,MAG_Z,-18.61,MAG_HEADING,206.44
TM,GYRO_X,-1.164,GYRO_Y,-2.170,GYRO_Z,-0.284,BODY_RATE,0.284
TM,ADCS_MODE,MANUAL,ADCS_REFERENCE,SUN,TARGET,0.00,POINTING_ERROR,-42.58,SUN_ERROR,-42.35,MAG_ERROR,153.56,GYRO_Z,-0.171,RW_CMD,0
TM,EST_RAW,42.35,EST_FILTERED,42.35,EST_ANGLE,42.58,EST_FILTER,ON,EST_FILTER_TYPE,MOVING_AVERAGE,EST_MA_WINDOW,1,EST_FILTER_STRENGTH,0.35
TM,EST_FUSION,ON,EST_GYRO_WEIGHT,0.98,EST_VALID,1
TM,SUN_L,3528,SUN_R,2940,SUN_NDV,0.0909,SUN_ANGLE,42.38
TM,MAG_X,-5.68,MAG_Y,-2.83,MAG_Z,-18.66,MAG_HEADING,206.50
TM,GYRO_X,-0.919,GYRO_Y,-2.144,GYRO_Z,-0.083,BODY_RATE,0.083
TM,ADCS_MODE,MANUAL,ADCS_REFERENCE,SUN,TARGET,0.00,POINTING_ERROR,-42.58,SUN_ERROR,-42.36,MAG_ERROR,153.43,GYRO_Z,0.022,RW_CMD,0
TM,EST_RAW,42.36,EST_FILTERED,42.36,EST_ANGLE,42.58,EST_FILTER,ON,EST_FILTER_TYPE,MOVING_AVERAGE,EST_MA_WINDOW,1,EST_FILTER_STRENGTH,0.35
TM,EST_FUSION,ON,EST_GYRO_WEIGHT,0.98,EST_VALID,1
TM,SUN_L,3528,SUN_R,2940,SUN_NDV,0.0909,SUN_ANGLE,42.38
TM,MAG_X,-5.70,MAG_Y,-2.85,MAG_Z,-18.90,MAG_HEADING,206.57
TM,GYRO_X,-1.024,GYRO_Y,-2.257,GYRO_Z,-0.136,BODY_RATE,0.136
TM,ADCS_MODE,MANUAL,ADCS_REFERENCE,SUN,TARGET,0.00,POINTING_ERROR,-42.56,SUN_ERROR,-42.35,MAG_ERROR,153.81,GYRO_Z,0.083,RW_CMD,0
TM,EST_RAW,42.35,EST_FILTERED,42.35,EST_ANGLE,42.56,EST_FILTER,ON,EST_FILTER_TYPE,MOVING_AVERAGE,EST_MA_WINDOW,1,EST_FILTER_STRENGTH,0.35
TM,EST_FUSION,ON,EST_GYRO_WEIGHT,0.98,EST_VALID,1
TM,SUN_L,3528,SUN_R,2940,SUN_NDV,0.0909,SUN_ANGLE,42.35
TM,MAG_X,-5.79,MAG_Y,-2.86,MAG_Z,-18.82,MAG_HEADING,206.31
TM,GYRO_X,-1.138,GYRO_Y,-2.275,GYRO_Z,-0.214,BODY_RATE,0.214
TM,SUN_L,3529,SUN_R,2941,SUN_NDV,0.0909,SUN_ANGLE,42.39
TM,MAG_X,-5.73,MAG_Y,-2.85,MAG_Z,-18.86,MAG_HEADING,206.44
TM,GYRO_X,-0.770,GYRO_Y,-2.362,GYRO_Z,-0.416,BODY_RATE,0.416
TM,ADCS_MODE,MANUAL,ADCS_REFERENCE,SUN,TARGET,0.00,POINTING_ERROR,-42.58,SUN_ERROR,-42.39,MAG_ERROR,153.56,GYRO_Z,-0.197,RW_CMD,0
TM,EST_RAW,42.39,EST_FILTERED,42.39,EST_ANGLE,42.58,EST_FILTER,ON,EST_FILTER_TYPE,MOVING_AVERAGE,EST_MA_WINDOW,1,EST_FILTER_STRENGTH,0.35
TM,EST_FUSION,ON,EST_GYRO_WEIGHT,0.98,EST_VALID,1
TM,SUN_L,3529,SUN_R,2941,SUN_NDV,0.0909,SUN_ANGLE,42.38
TM,MAG_X,-5.71,MAG_Y,-2.83,MAG_Z,-18.78,MAG_HEADING,206.37
TM,GYRO_X,-1.120,GYRO_Y,-2.004,GYRO_Z,-0.249,BODY_RATE,0.249
TM,ADCS_MODE,MANUAL,ADCS_REFERENCE,SUN,TARGET,0.00,POINTING_ERROR,-42.58,SUN_ERROR,-42.37,MAG_ERROR,154.94,GYRO_Z,0.013,RW_CMD,0
TM,EST_RAW,42.37,EST_FILTERED,42.37,EST_ANGLE,42.58,EST_FILTER,ON,EST_FILTER_TYPE,MOVING_AVERAGE,EST_MA_WINDOW,1,EST_FILTER_STRENGTH,0.35
TM,EST_FUSION,ON,EST_GYRO_WEIGHT,0.98,EST_VALID,1
TM,SUN_L,3529,SUN_R,2941,SUN_NDV,0.0909,SUN_ANGLE,42.39
TM,MAG_X,-5.92,MAG_Y,-2.77,MAG_Z,-19.07,MAG_HEADING,205.06
TM,GYRO_X,-0.971,GYRO_Y,-2.135,GYRO_Z,-0.232,BODY_RATE,0.232
TM,ADCS_MODE,MANUAL,ADCS_REFERENCE,SUN,TARGET,0.00,POINTING_ERROR,-42.56,SUN_ERROR,-42.38,MAG_ERROR,156.43,GYRO_Z,-0.232,RW_CMD,0
TM,EST_RAW,42.38,EST_FILTERED,42.38,EST_ANGLE,42.56,EST_FILTER,ON,EST_FILTER_TYPE,MOVING_AVERAGE,EST_MA_WINDOW,1,EST_FILTER_STRENGTH,0.35
TM,EST_FUSION,ON,EST_GYRO_WEIGHT,0.98,EST_VALID,1
TM,SUN_L,3528,SUN_R,2940,SUN_NDV,0.0909,SUN_ANGLE,42.34
TM,MAG_X,-5.98,MAG_Y,-2.70,MAG_Z,-19.14,MAG_HEADING,204.32
TM,GYRO_X,-0.910,GYRO_Y,-2.345,GYRO_Z,-0.214,BODY_RATE,0.214
TM,ADCS_MODE,MANUAL,ADCS_REFERENCE,SUN,TARGET,0.00,POINTING_ERROR,-42.56,SUN_ERROR,-42.41,MAG_ERROR,156.82,GYRO_Z,-0.153,RW_CMD,0
TM,EST_RAW,42.41,EST_FILTERED,42.41,EST_ANGLE,42.56,EST_FILTER,ON,EST_FILTER_TYPE,MOVING_AVERAGE,EST_MA_WINDOW,1,EST_FILTER_STRENGTH,0.35
TM,EST_FUSION,ON,EST_GYRO_WEIGHT,0.98,EST_VALID,1
TM,SUN_L,3529,SUN_R,2940,SUN_NDV,0.0910,SUN_ANGLE,42.37
TM,MAG_X,-6.02,MAG_Y,-2.58,MAG_Z,-19.02,MAG_HEADING,203.18
TM,GYRO_X,-0.919,GYRO_Y,-2.196,GYRO_Z,-0.311,BODY_RATE,0.311
TM,SUN_L,3527,SUN_R,2940,SUN_NDV,0.0908,SUN_ANGLE,42.38
TM,MAG_X,-6.05,MAG_Y,-2.70,MAG_Z,-19.02,MAG_HEADING,204.09
TM,GYRO_X,-1.006,GYRO_Y,-2.196,GYRO_Z,0.074,BODY_RATE,-0.074
TM,ADCS_MODE,MANUAL,ADCS_REFERENCE,SUN,TARGET,0.00,POINTING_ERROR,-42.55,SUN_ERROR,-42.39,MAG_ERROR,155.91,GYRO_Z,-0.381,RW_CMD,0
TM,EST_RAW,42.39,EST_FILTERED,42.39,EST_ANGLE,42.55,EST_FILTER,ON,EST_FILTER_TYPE,MOVING_AVERAGE,EST_MA_WINDOW,1,EST_FILTER_STRENGTH,0.35
TM,EST_FUSION,ON,EST_GYRO_WEIGHT,0.98,EST_VALID,1
TM,SUN_L,3529,SUN_R,2940,SUN_NDV,0.0910,SUN_ANGLE,42.39
TM,MAG_X,-6.10,MAG_Y,-2.72,MAG_Z,-19.17,MAG_HEADING,204.05
TM,GYRO_X,-1.207,GYRO_Y,-2.161,GYRO_Z,-0.118,BODY_RATE,0.118
TM,ADCS_MODE,MANUAL,ADCS_REFERENCE,SUN,TARGET,0.00,POINTING_ERROR,-42.56,SUN_ERROR,-42.36,MAG_ERROR,155.95,GYRO_Z,-0.092,RW_CMD,0
TM,EST_RAW,42.36,EST_FILTERED,42.36,EST_ANGLE,42.56,EST_FILTER,ON,EST_FILTER_TYPE,MOVING_AVERAGE,EST_MA_WINDOW,1,EST_FILTER_STRENGTH,0.35
TM,EST_FUSION,ON,EST_GYRO_WEIGHT,0.98,EST_VALID,1
TM,SUN_L,3528,SUN_R,2940,SUN_NDV,0.0909,SUN_ANGLE,42.40
TM,MAG_X,-6.00,MAG_Y,-2.77,MAG_Z,-19.14,MAG_HEADING,204.77
TM,GYRO_X,-1.067,GYRO_Y,-2.039,GYRO_Z,-0.031,BODY_RATE,0.031
TM,ADCS_MODE,MANUAL,ADCS_REFERENCE,SUN,TARGET,0.00,POINTING_ERROR,-42.57,SUN_ERROR,-42.39,MAG_ERROR,155.90,GYRO_Z,-0.206,RW_CMD,0
TM,EST_RAW,42.39,EST_FILTERED,42.39,EST_ANGLE,42.57,EST_FILTER,ON,EST_FILTER_TYPE,MOVING_AVERAGE,EST_MA_WINDOW,1,EST_FILTER_STRENGTH,0.35
TM,EST_FUSION,ON,EST_GYRO_WEIGHT,0.98,EST_VALID,1
TM,SUN_L,3528,SUN_R,2940,SUN_NDV,0.0909,SUN_ANGLE,42.39
TM,MAG_X,-6.08,MAG_Y,-2.72,MAG_Z,-19.23,MAG_HEADING,204.10
TM,GYRO_X,-1.251,GYRO_Y,-2.205,GYRO_Z,-0.004,BODY_RATE,0.004
TM,ADCS_MODE,MANUAL,ADCS_REFERENCE,SUN,TARGET,0.00,POINTING_ERROR,-42.56,SUN_ERROR,-42.39,MAG_ERROR,156.12,GYRO_Z,0.074,RW_CMD,0
TM,EST_RAW,42.39,EST_FILTERED,42.39,EST_ANGLE,42.56,EST_FILTER,ON,EST_FILTER_TYPE,MOVING_AVERAGE,EST_MA_WINDOW,1,EST_FILTER_STRENGTH,0.35
TM,EST_FUSION,ON,EST_GYRO_WEIGHT,0.98,EST_VALID,1
TM,SUN_L,3529,SUN_R,2940,SUN_NDV,0.0910,SUN_ANGLE,42.40
TM,MAG_X,-6.00,MAG_Y,-2.66,MAG_Z,-19.18,MAG_HEADING,203.88
TM,GYRO_X,-0.989,GYRO_Y,-2.188,GYRO_Z,-0.328,BODY_RATE,0.328
TM,SUN_L,3528,SUN_R,2939,SUN_NDV,0.0911,SUN_ANGLE,42.39
TM,MAG_X,-6.10,MAG_Y,-2.62,MAG_Z,-19.22,MAG_HEADING,203.29
TM,GYRO_X,-0.858,GYRO_Y,-2.179,GYRO_Z,-0.162,BODY_RATE,0.162
TM,ADCS_MODE,MANUAL,ADCS_REFERENCE,SUN,TARGET,0.00,POINTING_ERROR,-42.56,SUN_ERROR,-42.40,MAG_ERROR,156.71,GYRO_Z,-0.302,RW_CMD,0
TM,EST_RAW,42.40,EST_FILTERED,42.40,EST_ANGLE,42.56,EST_FILTER,ON,EST_FILTER_TYPE,MOVING_AVERAGE,EST_MA_WINDOW,1,EST_FILTER_STRENGTH,0.35
TM,EST_FUSION,ON,EST_GYRO_WEIGHT,0.98,EST_VALID,1
TM,SUN_L,3529,SUN_R,2940,SUN_NDV,0.0910,SUN_ANGLE,42.40
TM,MAG_X,-6.11,MAG_Y,-2.64,MAG_Z,-19.15,MAG_HEADING,203.36
TM,GYRO_X,-0.998,GYRO_Y,-2.266,GYRO_Z,-0.153,BODY_RATE,0.153
TM,ADCS_MODE,MANUAL,ADCS_REFERENCE,SUN,TARGET,0.00,POINTING_ERROR,-42.57,SUN_ERROR,-42.40,MAG_ERROR,156.64,GYRO_Z,-0.258,RW_CMD,0
TM,EST_RAW,42.40,EST_FILTERED,42.40,EST_ANGLE,42.57,EST_FILTER,ON,EST_FILTER_TYPE,MOVING_AVERAGE,EST_MA_WINDOW,1,EST_FILTER_STRENGTH,0.35
TM,EST_FUSION,ON,EST_GYRO_WEIGHT,0.98,EST_VALID,1
TM,SUN_L,3529,SUN_R,2941,SUN_NDV,0.0909,SUN_ANGLE,42.38
TM,MAG_X,-5.98,MAG_Y,-2.66,MAG_Z,-19.28,MAG_HEADING,203.93
TM,GYRO_X,-0.936,GYRO_Y,-2.371,GYRO_Z,-0.319,BODY_RATE,0.319
TM,ADCS_MODE,MANUAL,ADCS_REFERENCE,SUN,TARGET,0.00,POINTING_ERROR,-42.58,SUN_ERROR,-42.41,MAG_ERROR,156.80,GYRO_Z,-0.223,RW_CMD,0
TM,EST_RAW,42.41,EST_FILTERED,42.41,EST_ANGLE,42.58,EST_FILTER,ON,EST_FILTER_TYPE,MOVING_AVERAGE,EST_MA_WINDOW,1,EST_FILTER_STRENGTH,0.35
TM,EST_FUSION,ON,EST_GYRO_WEIGHT,0.98,EST_VALID,1
TM,SUN_L,3528,SUN_R,2940,SUN_NDV,0.0909,SUN_ANGLE,42.39
TM,MAG_X,-6.05,MAG_Y,-2.59,MAG_Z,-19.26,MAG_HEADING,203.20
TM,GYRO_X,-1.041,GYRO_Y,-2.144,GYRO_Z,-0.337,BODY_RATE,0.337
TM,ADCS_MODE,MANUAL,ADCS_REFERENCE,SUN,TARGET,0.00,POINTING_ERROR,-42.58,SUN_ERROR,-42.38,MAG_ERROR,157.64,GYRO_Z,-0.223,RW_CMD,0
TM,EST_RAW,42.38,EST_FILTERED,42.38,EST_ANGLE,42.58,EST_FILTER,ON,EST_FILTER_TYPE,MOVING_AVERAGE,EST_MA_WINDOW,1,EST_FILTER_STRENGTH,0.35
TM,EST_FUSION,ON,EST_GYRO_WEIGHT,0.98,EST_VALID,1
TM,SUN_L,3528,SUN_R,2940,SUN_NDV,0.0909,SUN_ANGLE,42.38
TM,MAG_X,-6.21,MAG_Y,-2.64,MAG_Z,-19.20,MAG_HEADING,203.04
TM,GYRO_X,-1.146,GYRO_Y,-2.179,GYRO_Z,-0.101,BODY_RATE,0.101
TM,SUN_L,3528,SUN_R,2940,SUN_NDV,0.0909,SUN_ANGLE,42.38
TM,MAG_X,-6.14,MAG_Y,-2.62,MAG_Z,-19.14,MAG_HEADING,203.13
TM,GYRO_X,-0.998,GYRO_Y,-2.249,GYRO_Z,-0.092,BODY_RATE,0.092
TM,ADCS_MODE,MANUAL,ADCS_REFERENCE,SUN,TARGET,0.00,POINTING_ERROR,-42.58,SUN_ERROR,-42.38,MAG_ERROR,156.87,GYRO_Z,-0.048,RW_CMD,0
TM,EST_RAW,42.38,EST_FILTERED,42.38,EST_ANGLE,42.58,EST_FILTER,ON,EST_FILTER_TYPE,MOVING_AVERAGE,EST_MA_WINDOW,1,EST_FILTER_STRENGTH,0.35
TM,EST_FUSION,ON,EST_GYRO_WEIGHT,0.98,EST_VALID,1
TM,SUN_L,3528,SUN_R,2940,SUN_NDV,0.0909,SUN_ANGLE,42.37
TM,MAG_X,-6.19,MAG_Y,-2.66,MAG_Z,-19.15,MAG_HEADING,203.22
TM,GYRO_X,-1.129,GYRO_Y,-2.126,GYRO_Z,-0.136,BODY_RATE,0.136
TM,ADCS_MODE,MANUAL,ADCS_REFERENCE,SUN,TARGET,0.00,POINTING_ERROR,-42.58,SUN_ERROR,-42.38,MAG_ERROR,156.01,GYRO_Z,-0.293,RW_CMD,0
TM,EST_RAW,42.38,EST_FILTERED,42.38,EST_ANGLE,42.58,EST_FILTER,ON,EST_FILTER_TYPE,MOVING_AVERAGE,EST_MA_WINDOW,1,EST_FILTER_STRENGTH,0.35
TM,EST_FUSION,ON,EST_GYRO_WEIGHT,0.98,EST_VALID,1
TM,SUN_L,3528,SUN_R,2937,SUN_NDV,0.0914,SUN_ANGLE,42.39
TM,MAG_X,-6.22,MAG_Y,-2.64,MAG_Z,-19.30,MAG_HEADING,202.98
TM,GYRO_X,-1.006,GYRO_Y,-2.642,GYRO_Z,-0.197,BODY_RATE,0.197
TM,ADCS_MODE,MANUAL,ADCS_REFERENCE,SUN,TARGET,0.00,POINTING_ERROR,-42.58,SUN_ERROR,-42.36,MAG_ERROR,157.02,GYRO_Z,-0.267,RW_CMD,0
TM,EST_RAW,42.36,EST_FILTERED,42.36,EST_ANGLE,42.58,EST_FILTER,ON,EST_FILTER_TYPE,MOVING_AVERAGE,EST_MA_WINDOW,1,EST_FILTER_STRENGTH,0.35
TM,EST_FUSION,ON,EST_GYRO_WEIGHT,0.98,EST_VALID,1
TM,SUN_L,3528,SUN_R,2940,SUN_NDV,0.0909,SUN_ANGLE,42.39
TM,MAG_X,-6.18,MAG_Y,-2.64,MAG_Z,-19.18,MAG_HEADING,203.14
TM,GYRO_X,-1.050,GYRO_Y,-2.126,GYRO_Z,-0.162,BODY_RATE,0.162
TM,ADCS_MODE,MANUAL,ADCS_REFERENCE,SUN,TARGET,0.00,POINTING_ERROR,-42.58,SUN_ERROR,-42.37,MAG_ERROR,157.03,GYRO_Z,-0.127,RW_CMD,0
TM,EST_RAW,42.37,EST_FILTERED,42.37,EST_ANGLE,42.58,EST_FILTER,ON,EST_FILTER_TYPE,MOVING_AVERAGE,EST_MA_WINDOW,1,EST_FILTER_STRENGTH,0.35
TM,EST_FUSION,ON,EST_GYRO_WEIGHT,0.98,EST_VALID,1
TM,SUN_L,3527,SUN_R,2940,SUN_NDV,0.0908,SUN_ANGLE,42.37
TM,MAG_X,-6.19,MAG_Y,-2.62,MAG_Z,-19.25,MAG_HEADING,202.97
TM,GYRO_X,-1.059,GYRO_Y,-2.135,GYRO_Z,-0.066,BODY_RATE,0.066
TM,SUN_L,3529,SUN_R,2940,SUN_NDV,0.0910,SUN_ANGLE,42.37
TM,MAG_X,-6.26,MAG_Y,-2.58,MAG_Z,-19.04,MAG_HEADING,202.38
TM,GYRO_X,-1.190,GYRO_Y,-1.899,GYRO_Z,-0.337,BODY_RATE,0.337
TM,ADCS_MODE,MANUAL,ADCS_REFERENCE,SUN,TARGET,0.00,POINTING_ERROR,-42.60,SUN_ERROR,-42.37,MAG_ERROR,156.97,GYRO_Z,-0.206,RW_CMD,0
TM,EST_RAW,42.37,EST_FILTERED,42.37,EST_ANGLE,42.60,EST_FILTER,ON,EST_FILTER_TYPE,MOVING_AVERAGE,EST_MA_WINDOW,1,EST_FILTER_STRENGTH,0.35
TM,EST_FUSION,ON,EST_GYRO_WEIGHT,0.98,EST_VALID,1
TM,SUN_L,3528,SUN_R,2940,SUN_NDV,0.0909,SUN_ANGLE,42.38
TM,MAG_X,-6.05,MAG_Y,-2.59,MAG_Z,-19.18,MAG_HEADING,203.20
TM,GYRO_X,-1.059,GYRO_Y,-2.284,GYRO_Z,0.057,BODY_RATE,-0.057
TM,ADCS_MODE,MANUAL,ADCS_REFERENCE,SUN,TARGET,0.00,POINTING_ERROR,-42.59,SUN_ERROR,-42.38,MAG_ERROR,156.80,GYRO_Z,-0.311,RW_CMD,0
TM,EST_RAW,42.38,EST_FILTERED,42.38,EST_ANGLE,42.59,EST_FILTER,ON,EST_FILTER_TYPE,MOVING_AVERAGE,EST_MA_WINDOW,1,EST_FILTER_STRENGTH,0.35
TM,EST_FUSION,ON,EST_GYRO_WEIGHT,0.98,EST_VALID,1
TM,SUN_L,3528,SUN_R,2939,SUN_NDV,0.0911,SUN_ANGLE,42.38
TM,MAG_X,-6.16,MAG_Y,-2.64,MAG_Z,-19.42,MAG_HEADING,203.20
TM,GYRO_X,-0.928,GYRO_Y,-2.179,GYRO_Z,-0.249,BODY_RATE,0.249
TM,ADCS_MODE,MANUAL,ADCS_REFERENCE,SUN,TARGET,0.00,POINTING_ERROR,-42.59,SUN_ERROR,-42.37,MAG_ERROR,156.89,GYRO_Z,0.004,RW_CMD,0
TM,EST_RAW,42.37,EST_FILTERED,42.37,EST_ANGLE,42.59,EST_FILTER,ON,EST_FILTER_TYPE,MOVING_AVERAGE,EST_MA_WINDOW,1,EST_FILTER_STRENGTH,0.35
TM,EST_FUSION,ON,EST_GYRO_WEIGHT,0.98,EST_VALID,1
TM,SUN_L,3529,SUN_R,2940,SUN_NDV,0.0910,SUN_ANGLE,42.38
TM,MAG_X,-6.11,MAG_Y,-2.61,MAG_Z,-19.26,MAG_HEADING,203.11
TM,GYRO_X,-1.190,GYRO_Y,-2.328,GYRO_Z,-0.162,BODY_RATE,0.162
TM,ADCS_MODE,MANUAL,ADCS_REFERENCE,SUN,TARGET,0.00,POINTING_ERROR,-42.59,SUN_ERROR,-42.37,MAG_ERROR,156.80,GYRO_Z,-0.206,RW_CMD,0
TM,EST_RAW,42.37,EST_FILTERED,42.37,EST_ANGLE,42.59,EST_FILTER,ON,EST_FILTER_TYPE,MOVING_AVERAGE,EST_MA_WINDOW,1,EST_FILTER_STRENGTH,0.35
TM,EST_FUSION,ON,EST_GYRO_WEIGHT,0.98,EST_VALID,1
TM,SUN_L,3526,SUN_R,2940,SUN_NDV,0.0906,SUN_ANGLE,42.38
TM,MAG_X,-6.19,MAG_Y,-2.53,MAG_Z,-19.30,MAG_HEADING,202.21
TM,GYRO_X,-1.102,GYRO_Y,-2.152,GYRO_Z,0.074,BODY_RATE,-0.074
TM,SUN_L,3528,SUN_R,2940,SUN_NDV,0.0909,SUN_ANGLE,42.37
TM,MAG_X,-6.19,MAG_Y,-2.50,MAG_Z,-19.06,MAG_HEADING,201.95
TM,GYRO_X,-1.050,GYRO_Y,-2.135,GYRO_Z,-0.258,BODY_RATE,0.258
TM,ADCS_MODE,MANUAL,ADCS_REFERENCE,SUN,TARGET,0.00,POINTING_ERROR,-42.59,SUN_ERROR,-42.38,MAG_ERROR,158.05,GYRO_Z,-0.302,RW_CMD,0
TM,EST_RAW,42.38,EST_FILTERED,42.38,EST_ANGLE,42.59,EST_FILTER,ON,EST_FILTER_TYPE,MOVING_AVERAGE,EST_MA_WINDOW,1,EST_FILTER_STRENGTH,0.35
TM,EST_FUSION,ON,EST_GYRO_WEIGHT,0.98,EST_VALID,1
