ACK,TEAM_INFO
TM,TEAM_FW,NasaPakSoi-team-8,SUN_MODEL,1,UNSAVED,1,LUT_N,129,BOOT,POWERON,UP_S,1103
TM,SUN_L,3719,SUN_R,3724,SUN_NDV,-0.0007,SUN_ANGLE,-1.34
TM,MAG_X,-10.06,MAG_Y,46.16,MAG_Z,11.94,MAG_HEADING,102.30
TM,GYRO_X,-1.146,GYRO_Y,-1.759,GYRO_Z,0.559,BODY_RATE,-0.559
TM,ADCS_MODE,MANUAL,ADCS_REFERENCE,SUN,TARGET,0.00,POINTING_ERROR,1.16,SUN_ERROR,1.26,MAG_ERROR,-102.30,GYRO_Z,0.279,RW_CMD,0
TM,EST_RAW,-1.26,EST_FILTERED,-1.26,EST_ANGLE,-1.16,EST_FILTER,ON,EST_FILTER_TYPE,MOVING_AVERAGE,EST_MA_WINDOW,1,EST_FILTER_STRENGTH,0.35
TM,EST_FUSION,ON,EST_GYRO_WEIGHT,0.98,EST_VALID,1
TM,SUN_L,3719,SUN_R,3724,SUN_NDV,-0.0007,SUN_ANGLE,-1.12
TM,MAG_X,-10.16,MAG_Y,46.26,MAG_Z,12.11,MAG_HEADING,102.39
TM,GYRO_X,-1.304,GYRO_Y,-2.266,GYRO_Z,0.130,BODY_RATE,-0.130
TM,ADCS_MODE,MANUAL,ADCS_REFERENCE,SUN,TARGET,0.00,POINTING_ERROR,1.11,SUN_ERROR,1.07,MAG_ERROR,-102.39,GYRO_Z,0.498,RW_CMD,0
TM,EST_RAW,-1.07,EST_FILTERED,-1.07,EST_ANGLE,-1.11,EST_FILTER,ON,EST_FILTER_TYPE,MOVING_AVERAGE,EST_MA_WINDOW,1,EST_FILTER_STRENGTH,0.35
TM,EST_FUSION,ON,EST_GYRO_WEIGHT,0.98,EST_VALID,1
ACK,TEAM_LIST,72
TM,TEAM_PARAM,sun.model,1
TM,TEAM_PARAM,sun.win,20
TM,TEAM_PARAM,sun.satHi,3050
TM,TEAM_PARAM,sun.satLo,60
TM,TEAM_PARAM,sun.vcc,3300
TM,TEAM_PARAM,sun.topo,0
TM,TEAM_PARAM,sun.gamma,0.7253
TM,TEAM_PARAM,sun.gammaR,0.5194
TM,TEAM_PARAM,sun.qL,2.0156
TM,TEAM_PARAM,sun.qR,3.2567
TM,TEAM_PARAM,sun.alpha,14.066
TM,TEAM_PARAM,sun.g,0.832645
TM,TEAM_PARAM,sun.aL,1.69596
TM,TEAM_PARAM,sun.aR,2.41168
TM,TEAM_PARAM,sun.th0,0
TM,TEAM_PARAM,sun.minS,1.23
TM,TEAM_PARAM,sun.dmax,0.6346
TM,TEAM_PARAM,sun.lut,1
TM,TEAM_PARAM,adcs.kp,4
TM,TEAM_PARAM,adcs.kd,2
TM,TEAM_PARAM,adcs.bias,40
TM,TEAM_PARAM,adcs.db,0.5
TM,TEAM_PARAM,adcs.max,60
TM,TEAM_PARAM,adcs.sign,1
TM,TEAM_PARAM,imu.gbz,1.39242
TM,TEAM_PARAM,imu.rsign,-1
TM,TEAM_PARAM,adcs.miss,5
TM,TEAM_PARAM,est.wrap,1
TM,TEAM_PARAM,mis.on,1
TM,TEAM_PARAM,mis.tol,3
TM,TEAM_PARAM,mis.hold,2
TM,TEAM_PARAM,mis.capMs,6000
TM,TEAM_PARAM,mis.gap,2500
TM,TEAM_PARAM,mis.capErr,1.5
TM,TEAM_PARAM,mis.capRate,3
TM,TEAM_PARAM,mis.waitMs,4000
TM,TEAM_PARAM,adcs.keepTune,1
TM,TEAM_PARAM,mis.ghold,1
TM,TEAM_PARAM,mis.trust,45
TM,TEAM_PARAM,mis.targetS,30
TM,TEAM_PARAM,mis.skipS,45
TM,TEAM_PARAM,mis.camReq,1
TM,TEAM_PARAM,mis.camStop,1
TM,TEAM_PARAM,mis.unlock,2
TM,TEAM_PARAM,mag.ox,0
TM,TEAM_PARAM,mag.oy,0
TM,TEAM_PARAM,mag.oz,0
TM,TEAM_PARAM,mag.sx,1
TM,TEAM_PARAM,mag.sy,1
TM,TEAM_PARAM,mag.h0,0
TM,TEAM_PARAM,rw.minStart,10
TM,TEAM_PARAM,rw.minStable,5
TM,TEAM_PARAM,adcs.dzc,0
TM,TEAM_PARAM,adcs.ki,1
TM,TEAM_PARAM,rw.slew,500
TM,TEAM_PARAM,imu.autoz,0
TM,TEAM_PARAM,adcs.srate,0
TM,TEAM_PARAM,adcs.sk,1
TM,TEAM_PARAM,adcs.lock,1
TM,TEAM_PARAM,adcs.unlock,3
TM,TEAM_PARAM,adcs.lockMs,500
TM,TEAM_PARAM,adcs.hgain,0.5
TM,TEAM_PARAM,adcs.kick,20
TM,TEAM_PARAM,adcs.kickMs,1500
TM,TEAM_PARAM,adcs.krate,1
TM,TEAM_PARAM,adcs.ghold,1
TM,TEAM_PARAM,adcs.retarget,0
TM,TEAM_PARAM,adcs.wrap,1
TM,TEAM_PARAM,adcs.aw,1
TM,TEAM_PARAM,adcs.ratchet,1500
TM,TEAM_PARAM,cam.off,0
TM,TEAM_PARAM,team.tm,0
TM,TEAM_LUT,N,129,X0,-68,DX,1,SUM,69.746,ON,1
TM,ADCS_MODE,MANUAL,ADCS_REFERENCE,SUN,TARGET,0.00,POINTING_ERROR,0.94,SUN_ERROR,0.94,MAG_ERROR,-102.48,GYRO_Z,-0.377,RW_CMD,0
TM,EST_RAW,-0.94,EST_FILTERED,-0.94,EST_ANGLE,-0.94,EST_FILTER,ON,EST_FILTER_TYPE,MOVING_AVERAGE,EST_MA_WINDOW,1,EST_FILTER_STRENGTH,0.35
TM,EST_FUSION,ON,EST_GYRO_WEIGHT,0.98,EST_VALID,1
TM,SUN_L,3722,SUN_R,3725,SUN_NDV,-0.0004,SUN_ANGLE,-0.94
TM,MAG_X,-10.19,MAG_Y,46.06,MAG_Z,11.89,MAG_HEADING,102.48
TM,GYRO_X,-1.199,GYRO_Y,-2.091,GYRO_Z,0.839,BODY_RATE,-0.839
TM,SUN_L,3721,SUN_R,3725,SUN_NDV,-0.0005,SUN_ANGLE,-1.13
TM,MAG_X,-10.08,MAG_Y,46.08,MAG_Z,12.08,MAG_HEADING,102.34
TM,GYRO_X,-1.391,GYRO_Y,-1.899,GYRO_Z,0.261,BODY_RATE,-0.261
TM,ADCS_MODE,MANUAL,ADCS_REFERENCE,SUN,TARGET,0.00,POINTING_ERROR,1.01,SUN_ERROR,1.00,MAG_ERROR,-102.45,GYRO_Z,-0.097,RW_CMD,0
TM,EST_RAW,-1.00,EST_FILTERED,-1.00,EST_ANGLE,-1.01,EST_FILTER,ON,EST_FILTER_TYPE,MOVING_AVERAGE,EST_MA_WINDOW,1,EST_FILTER_STRENGTH,0.35
TM,EST_FUSION,ON,EST_GYRO_WEIGHT,0.98,EST_VALID,1
TM,SUN_L,3720,SUN_R,3724,SUN_NDV,-0.0005,SUN_ANGLE,-1.11
TM,MAG_X,-10.19,MAG_Y,46.00,MAG_Z,12.21,MAG_HEADING,102.49
TM,GYRO_X,-1.207,GYRO_Y,-2.161,GYRO_Z,-0.080,BODY_RATE,0.080
TM,ADCS_MODE,MANUAL,ADCS_REFERENCE,SUN,TARGET,0.00,POINTING_ERROR,1.00,SUN_ERROR,1.12,MAG_ERROR,-102.49,GYRO_Z,0.629,RW_CMD,0
TM,EST_RAW,-1.12,EST_FILTERED,-1.12,EST_ANGLE,-1.00,EST_FILTER,ON,EST_FILTER_TYPE,MOVING_AVERAGE,EST_MA_WINDOW,1,EST_FILTER_STRENGTH,0.35
TM,EST_FUSION,ON,EST_GYRO_WEIGHT,0.98,EST_VALID,1
ACK,TEAM_CDUMP,1614
TM,TEAM_CR_AUTO,ON,TGT,0.00,EST,31.62,ANG,31.62,LIT,1,ERR,-31.62,KP,4,KD,2,KI,1,SIGN,1,RSIGN,-1,MAX,60,DB,0.5,WRAP,1,SYNC,1,STRAT,RW
TM,TEAM_CR_HEAD,N,1614,DIV,2,COLS,i;t;tgt;ang;est;err;gz;u;I;K;rw;fl
TM,TEAM_CR,0,1008163,0.0,31.6,31.6,-31.6,0.1,-127.4,-0.6,0.0,-2,17
TM,TEAM_CR,1,1008203,0.0,31.5,31.6,-31.6,0.0,-127.1,-0.6,0.0,-22,17
TM,TEAM_CR,2,1008247,0.0,31.4,31.6,-31.6,-1.7,-123.5,-0.6,0.0,-44,17
TM,TEAM_CR,3,1008287,0.0,31.3,31.4,-31.4,-4.9,-116.4,-0.6,0.0,-60,17
TM,TEAM_CR,4,1008328,0.0,31.0,31.0,-31.0,-10.3,-104.3,-0.6,0.0,-60,17
TM,TEAM_CR,5,1008380,0.0,30.2,30.2,-30.2,-17.0,-87.6,-0.6,0.0,-60,17
TM,TEAM_CR,6,1008420,0.0,29.3,29.5,-29.5,-19.6,-79.3,-0.6,0.0,-60,17
TM,TEAM_CR,7,1008460,0.0,28.2,28.6,-28.6,-22.1,-70.8,-0.6,0.0,-60,17
TM,TEAM_CR,8,1008500,0.0,26.7,27.5,-27.5,-27.2,-56.5,-0.6,0.0,-58,1
TM,SUN_L,3721,SUN_R,3725,SUN_NDV,-0.0005,SUN_ANGLE,-1.28
TM,MAG_X,-10.06,MAG_Y,46.00,MAG_Z,12.16,MAG_HEADING,102.34
TM,GYRO_X,-1.076,GYRO_Y,-1.995,GYRO_Z,0.025,BODY_RATE,-0.025
TM,TEAM_CR,9,1008541,0.0,25.0,26.3,-26.3,-31.5,-43.9,-1.7,0.0,-50,1
TM,TEAM_CR,10,1008582,0.0,24.2,24.8,-24.8,-36.4,-29.1,-2.7,0.0,-34,1
TM,TEAM_CR,11,1008622,0.0,23.7,23.3,-23.3,-39.5,-17.7,-3.7,0.0,-21,1
TM,TEAM_CR,12,1008661,0.0,23.1,21.8,-21.8,-39.1,-13.3,-4.5,0.0,-14,1
TM,TEAM_CR,13,1008701,0.0,22.4,20.3,-20.3,-37.0,-12.6,-5.4,0.0,-13,1
TM,TEAM_CR,14,1008747,0.0,21.2,18.7,-18.7,-35.6,-9.9,-6.1,0.0,-10,1
TM,TEAM_CR,15,1008801,0.0,20.4,17.0,-17.0,-33.8,-7.4,-6.8,0.0,-7,1
TM,TEAM_CR,16,1008841,0.0,19.8,15.9,-15.9,-33.5,-3.9,-7.5,0.0,-5,1
TM,TEAM_CR,17,1008881,0.0,18.3,14.7,-14.7,-32.9,-1.0,-8.1,0.0,-1,1
TM,TEAM_CR,18,1008921,0.0,17.2,13.6,-13.6,-31.4,0.0,-8.6,0.0,0,1
TM,TEAM_CR,19,1008961,0.0,16.4,12.6,-12.6,-28.2,-2.9,-9.1,0.0,-3,1
TM,TEAM_CR,20,1009014,0.0,15.5,11.4,-11.4,-25.6,-3.8,-9.6,0.0,-4,1
TM,ADCS_MODE,MANUAL,ADCS_REFERENCE,SUN,TARGET,0.00,POINTING_ERROR,1.03,SUN_ERROR,1.11,MAG_ERROR,-102.42,GYRO_Z,-0.894,RW_CMD,0
TM,EST_RAW,-1.11,EST_FILTERED,-1.11,EST_ANGLE,-1.03,EST_FILTER,ON,EST_FILTER_TYPE,MOVING_AVERAGE,EST_MA_WINDOW,1,EST_FILTER_STRENGTH,0.35
TM,EST_FUSION,ON,EST_GYRO_WEIGHT,0.98,EST_VALID,1
TM,TEAM_CR,21,1009054,0.0,14.7,10.5,-10.5,-24.3,-3.6,-10.0,0.0,-4,1
TM,TEAM_CR,22,1009094,0.0,14.4,9.8,-9.8,-23.5,-2.6,-10.4,0.0,-3,1
TM,TEAM_CR,23,1009134,0.0,13.4,9.0,-9.0,-23.7,0.5,-10.8,0.0,0,1
TM,TEAM_CR,24,1009174,0.0,12.5,8.3,-8.3,-22.2,0.2,-11.1,0.0,0,1
TM,TEAM_CR,25,1009214,0.0,11.9,7.6,-7.6,-20.2,-1.5,-11.4,0.0,-1,1
TM,TEAM_CR,26,1009254,0.0,11.3,7.1,-7.1,-17.7,-4.6,-11.7,0.0,-5,1
TM,SUN_L,3719,SUN_R,3725,SUN_NDV,-0.0008,SUN_ANGLE,-1.20
TM,MAG_X,-10.11,MAG_Y,45.92,MAG_Z,12.00,MAG_HEADING,102.42
TM,GYRO_X,-1.181,GYRO_Y,-2.065,GYRO_Z,0.086,BODY_RATE,-0.086
TM,TEAM_CR,27,1009295,0.0,11.3,6.6,-6.6,-17.0,-4.2,-12.0,0.0,-4,1
TM,TEAM_CR,28,1009334,0.0,10.4,6.1,-6.1,-15.7,-5.2,-12.2,0.0,-5,1
TM,TEAM_CR,29,1009374,0.0,10.2,5.8,-5.8,-12.0,-11.6,-12.5,0.0,-10,1
TM,TEAM_CR,30,1009414,0.0,9.9,5.5,-5.5,-9.4,-15.9,-12.7,0.0,-15,1
TM,TEAM_CR,31,1009454,0.0,9.2,5.4,-5.4,-5.3,-24.1,-12.9,0.0,-22,1
TM,TEAM_CR,32,1009499,0.0,8.6,5.4,-5.4,-1.3,-32.3,-13.1,0.0,-30,1
TM,TEAM_CR,33,1009539,0.0,8.2,5.6,-5.6,0.1,-35.8,-13.4,0.0,-36,1
TM,TEAM_CR,34,1009592,0.0,8.7,5.7,-5.7,-1.0,-34.1,-13.6,0.0,-35,1
TM,TEAM_CR,35,1009632,0.0,8.8,5.8,-5.8,-0.9,-35.0,-13.8,0.0,-35,1
TM,TEAM_CR,36,1009673,0.0,8.4,5.8,-5.8,-1.3,-34.7,-14.0,0.0,-35,1
TM,TEAM_CR,37,1009713,0.0,8.4,5.9,-5.9,-0.2,-37.5,-14.3,0.0,-37,1
TM,TEAM_CR,38,1009752,0.0,8.5,6.0,-6.0,-0.2,-38.1,-14.5,0.0,-38,1
TM,TEAM_CR,39,1009793,0.0,8.4,6.1,-6.1,0.4,-39.9,-14.8,0.0,-40,1
TM,TEAM_CR,40,1009833,0.0,8.6,6.2,-6.2,-0.2,-39.4,-15.0,0.0,-39,1
TM,TEAM_CR,41,1009873,0.0,8.5,6.3,-6.3,-0.3,-39.8,-15.3,0.0,-40,1
TM,TEAM_CR,42,1009913,0.0,8.5,6.4,-6.4,-0.2,-40.6,-15.5,0.0,-41,1
TM,TEAM_CR,43,1009953,0.0,8.7,6.4,-6.4,-0.2,-41.2,-15.8,0.0,-41,1
TM,ADCS_MODE,MANUAL,ADCS_REFERENCE,SUN,TARGET,0.00,POINTING_ERROR,1.07,SUN_ERROR,1.21,MAG_ERROR,-102.63,GYRO_Z,-0.019,RW_CMD,0
TM,EST_RAW,-1.21,EST_FILTERED,-1.21,EST_ANGLE,-1.07,EST_FILTER,ON,EST_FILTER_TYPE,MOVING_AVERAGE,EST_MA_WINDOW,1,EST_FILTER_STRENGTH,0.35
TM,EST_FUSION,ON,EST_GYRO_WEIGHT,0.98,EST_VALID,1
TM,TEAM_CR,44,1010014,0.0,8.7,6.5,-6.5,-1.3,-39.1,-16.0,0.0,-39,1
TM,SUN_L,3718,SUN_R,3726,SUN_NDV,-0.0011,SUN_ANGLE,-1.11
TM,MAG_X,-10.22,MAG_Y,46.02,MAG_Z,12.37,MAG_HEADING,102.53
TM,GYRO_X,-1.173,GYRO_Y,-1.960,GYRO_Z,0.296,BODY_RATE,-0.296
TM,TEAM_CR,45,1010054,0.0,8.6,6.5,-6.5,-0.4,-41.5,-16.3,0.0,-42,1
TM,TEAM_CR,46,1010094,0.0,8.5,6.6,-6.6,0.1,-43.2,-16.5,0.0,-43,1
TM,TEAM_CR,47,1010134,0.0,8.4,6.6,-6.6,-1.0,-41.4,-16.8,0.0,-41,1
TM,TEAM_CR,48,1010174,0.0,8.7,6.7,-6.7,-1.2,-41.4,-17.1,0.0,-41,1
TM,TEAM_CR,49,1010214,0.0,8.4,6.7,-6.7,-0.5,-43.2,-17.3,0.0,-43,1
TM,TEAM_CR,50,1010254,0.0,8.3,6.7,-6.7,-1.4,-41.8,-17.6,0.0,-42,1
TM,TEAM_CR,51,1010294,0.0,8.3,6.7,-6.7,-2.0,-40.7,-17.9,0.0,-41,1
TM,TEAM_CR,52,1010334,0.0,8.4,6.7,-6.7,-1.4,-42.2,-18.2,0.0,-42,1
TM,TEAM_CR,53,1010374,0.0,8.1,6.7,-6.7,-1.7,-42.0,-18.4,0.0,-42,1
TM,TEAM_CR,54,1010414,0.0,7.8,6.7,-6.7,-1.6,-42.2,-18.7,0.0,-42,1
TM,TEAM_CR,55,1010454,0.0,7.8,6.7,-6.7,-1.4,-42.9,-19.0,0.0,-43,1
TM,TEAM_CR,56,1010498,0.0,8.3,6.7,-6.7,-1.8,-42.3,-19.2,0.0,-42,1
TM,TEAM_CR,57,1010538,0.0,8.0,6.7,-6.7,-1.3,-43.7,-19.5,0.0,-44,1
TM,TEAM_CR,58,1010578,0.0,7.6,6.7,-6.7,-1.2,-44.0,-19.8,0.0,-44,1
TM,TEAM_CR,59,1010618,0.0,7.6,6.7,-6.7,0.2,-47.2,-20.0,0.0,-47,1
TM,TEAM_CR,60,1010658,0.0,7.5,6.7,-6.7,-1.1,-45.0,-20.3,0.0,-45,1
TM,TEAM_CR,61,1010698,0.0,7.2,6.7,-6.7,-0.4,-46.6,-20.6,0.0,-47,1
TM,TEAM_CR,62,1010748,0.0,7.3,6.7,-6.7,-1.0,-45.6,-20.8,0.0,-46,1
TM,TEAM_CR,63,1010796,0.0,7.5,6.7,-6.7,-1.2,-45.4,-21.1,0.0,-45,1
TM,SUN_L,3721,SUN_R,3726,SUN_NDV,-0.0007,SUN_ANGLE,-0.95
TM,MAG_X,-10.16,MAG_Y,46.05,MAG_Z,12.42,MAG_HEADING,102.44
TM,GYRO_X,-0.945,GYRO_Y,-2.188,GYRO_Z,-0.754,BODY_RATE,0.754
TM,TEAM_CR,64,1010836,0.0,7.0,6.6,-6.6,-2.3,-43.1,-21.4,0.0,-43,1
TM,TEAM_CR,65,1010876,0.0,7.2,6.5,-6.5,-2.0,-43.9,-21.6,0.0,-44,1
TM,ADCS_MODE,MANUAL,ADCS_REFERENCE,SUN,TARGET,0.00,POINTING_ERROR,1.07,SUN_ERROR,1.14,MAG_ERROR,-102.44,GYRO_Z,-1.112,RW_CMD,0
TM,EST_RAW,-1.14,EST_FILTERED,-1.14,EST_ANGLE,-1.07,EST_FILTER,ON,EST_FILTER_TYPE,MOVING_AVERAGE,EST_MA_WINDOW,1,EST_FILTER_STRENGTH,0.35
TM,EST_FUSION,ON,EST_GYRO_WEIGHT,0.98,EST_VALID,1
TM,TEAM_CR,66,1010916,0.0,6.9,6.5,-6.5,-2.0,-43.9,-21.9,0.0,-44,1
TM,TEAM_CR,67,1010956,0.0,7.2,6.4,-6.4,-2.0,-44.0,-22.1,0.0,-44,1
TM,TEAM_CR,68,1010998,0.0,6.6,6.4,-6.4,-2.0,-43.9,-22.4,0.0,-44,1
TM,TEAM_CR,69,1011038,0.0,7.9,6.3,-6.3,-1.7,-44.7,-22.7,0.0,-45,1
TM,TEAM_CR,70,1011078,0.0,6.7,6.3,-6.3,-0.5,-47.2,-22.9,0.0,-47,1
TM,TEAM_CR,71,1011118,0.0,6.6,6.3,-6.3,-0.8,-46.9,-23.2,0.0,-47,1
TM,TEAM_CR,72,1011158,0.0,6.6,6.3,-6.3,-1.3,-46.0,-23.4,0.0,-46,1
TM,TEAM_CR,73,1011199,0.0,6.4,6.2,-6.2,-1.6,-45.5,-23.7,0.0,-45,1
TM,TEAM_CR,74,1011247,0.0,6.4,6.1,-6.1,-2.2,-44.0,-23.9,0.0,-44,1
TM,TEAM_CR,75,1011287,0.0,6.4,6.1,-6.1,-2.7,-43.0,-24.1,0.0,-43,1
TM,TEAM_CR,76,1011327,0.0,6.2,6.0,-6.0,-2.3,-43.6,-24.4,0.0,-44,1
TM,TEAM_CR,77,1011368,0.0,6.4,5.9,-5.9,-2.7,-42.9,-24.6,0.0,-43,1
TM,TEAM_CR,78,1011416,0.0,6.2,5.8,-5.8,-0.9,-46.3,-24.9,0.0,-46,1
TM,TEAM_CR,79,1011456,0.0,6.3,5.8,-5.8,-1.2,-45.9,-25.1,0.0,-46,1
TM,TEAM_CR,80,1011499,0.0,5.8,5.7,-5.7,-1.4,-45.5,-25.3,0.0,-46,1
TM,TEAM_CR,81,1011539,0.0,5.8,5.7,-5.7,-1.6,-45.1,-25.6,0.0,-45,1
TM,SUN_L,3720,SUN_R,3727,SUN_NDV,-0.0009,SUN_ANGLE,-1.10
TM,MAG_X,-10.18,MAG_Y,46.00,MAG_Z,12.18,MAG_HEADING,102.47
TM,GYRO_X,-1.575,GYRO_Y,-2.091,GYRO_Z,0.139,BODY_RATE,-0.139
TM,TEAM_CR,82,1011579,0.0,5.5,5.6,-5.6,-2.4,-43.3,-25.8,0.0,-43,1
TM,TEAM_CR,83,1011619,0.0,5.3,5.5,-5.5,-3.5,-40.8,-26.0,0.0,-41,1
TM,TEAM_CR,84,1011659,0.0,5.6,5.3,-5.3,-3.7,-40.2,-26.2,0.0,-40,1
TM,TEAM_CR,85,1011700,0.0,5.0,5.2,-5.2,-3.6,-39.9,-26.4,0.0,-40,1
TM,TEAM_CR,86,1011749,0.0,5.1,5.1,-5.1,-2.8,-41.4,-26.6,0.0,-41,1
TM,TEAM_CR,87,1011797,0.0,5.2,5.0,-5.0,-1.9,-42.9,-26.8,0.0,-43,1
TM,TEAM_CR,88,1011837,0.0,5.2,4.9,-4.9,-2.2,-42.2,-27.0,0.0,-42,1
TM,ADCS_MODE,MANUAL,ADCS_REFERENCE,SUN,TARGET,0.00,POINTING_ERROR,1.09,SUN_ERROR,0.94,MAG_ERROR,-102.51,GYRO_Z,-0.194,RW_CMD,0
TM,EST_RAW,-0.94,EST_FILTERED,-0.94,EST_ANGLE,-1.09,EST_FILTER,ON,EST_FILTER_TYPE,MOVING_AVERAGE,EST_MA_WINDOW,1,EST_FILTER_STRENGTH,0.35
TM,EST_FUSION,ON,EST_GYRO_WEIGHT,0.98,EST_VALID,1
TM,TEAM_CR,89,1011877,0.0,4.7,4.8,-4.8,-2.2,-42.2,-27.2,0.0,-42,1
TM,TEAM_CR,90,1011917,0.0,4.8,4.7,-4.7,-2.2,-41.9,-27.4,0.0,-42,1
TM,TEAM_CR,91,1011957,0.0,4.9,4.6,-4.6,-2.6,-41.0,-27.6,0.0,-41,1
TM,TEAM_CR,92,1011999,0.0,4.6,4.5,-4.5,-2.0,-41.9,-27.8,0.0,-42,1
TM,TEAM_CR,93,1012039,0.0,4.5,4.5,-4.5,-2.0,-41.9,-28.0,0.0,-42,1
TM,TEAM_CR,94,1012079,0.0,4.7,4.4,-4.4,-2.1,-41.5,-28.1,0.0,-42,1
TM,TEAM_CR,95,1012119,0.0,4.6,4.3,-4.3,-2.5,-40.6,-28.3,0.0,-41,1
TM,TEAM_CR,96,1012159,0.0,4.1,4.2,-4.2,-1.9,-41.6,-28.5,0.0,-42,1
TM,TEAM_CR,97,1012199,0.0,4.2,4.1,-4.1,-2.5,-40.2,-28.6,0.0,-40,1
TM,TEAM_CR,98,1012249,0.0,4.2,4.1,-4.1,-1.3,-42.4,-28.8,0.0,-42,1
TM,TEAM_CR,99,1012290,0.0,4.2,4.0,-4.0,-1.9,-41.2,-29.0,0.0,-41,1
TM,SUN_L,3720,SUN_R,3725,SUN_NDV,-0.0007,SUN_ANGLE,-1.13
TM,MAG_X,-10.18,MAG_Y,45.86,MAG_Z,12.38,MAG_HEADING,102.51
TM,GYRO_X,-1.444,GYRO_Y,-2.188,GYRO_Z,-0.141,BODY_RATE,0.141
TM,TEAM_CR,100,1012330,0.0,4.1,3.9,-3.9,-2.0,-40.8,-29.1,0.0,-41,1
TM,TEAM_CR,101,1012369,0.0,4.1,3.9,-3.9,-2.3,-40.0,-29.3,0.0,-40,1
TM,TEAM_CR,102,1012417,0.0,4.2,3.8,-3.8,-1.8,-40.8,-29.4,0.0,-41,1
TM,TEAM_CR,103,1012457,0.0,4.1,3.7,-3.7,-1.4,-41.6,-29.6,0.0,-42,1
TM,TEAM_CR,104,1012499,0.0,4.0,3.7,-3.7,-1.1,-42.2,-29.7,0.0,-42,1
TM,TEAM_CR,105,1012539,0.0,4.0,3.7,-3.7,-0.9,-42.8,-29.9,0.0,-43,1
TM,TEAM_CR,106,1012579,0.0,3.9,3.7,-3.7,1.2,-47.0,-30.0,0.0,-45,1
TM,TEAM_CR,107,1012619,0.0,3.7,3.7,-3.7,-1.2,-42.5,-30.2,0.0,-44,1
TM,TEAM_CR,108,1012659,0.0,4.1,3.6,-3.6,-1.1,-42.5,-30.3,0.0,-43,1
TM,TEAM_CR,109,1012699,0.0,3.7,3.6,-3.6,-1.1,-42.6,-30.5,0.0,-43,1
TM,TEAM_CR,110,1012749,0.0,3.9,3.6,-3.6,-0.6,-43.8,-30.6,0.0,-44,1
TM,TEAM_CR,111,1012796,0.0,3.9,3.5,-3.5,-1.8,-41.3,-30.7,0.0,-43,1
TM,ADCS_MODE,MANUAL,ADCS_REFERENCE,SUN,TARGET,0.00,POINTING_ERROR,1.09,SUN_ERROR,1.22,MAG_ERROR,-102.58,GYRO_Z,-1.130,RW_CMD,0
TM,EST_RAW,-1.22,EST_FILTERED,-1.22,EST_ANGLE,-1.09,EST_FILTER,ON,EST_FILTER_TYPE,MOVING_AVERAGE,EST_MA_WINDOW,1,EST_FILTER_STRENGTH,0.35
TM,EST_FUSION,ON,EST_GYRO_WEIGHT,0.98,EST_VALID,1
TM,TEAM_CR,112,1012836,0.0,3.6,3.5,-3.5,-2.7,-39.4,-30.9,0.0,-40,1
TM,TEAM_CR,113,1012877,0.0,3.8,3.4,-3.4,-1.5,-41.5,-31.0,0.0,-41,1
TM,TEAM_CR,114,1012917,0.0,3.7,3.4,-3.4,-0.4,-43.9,-31.1,0.0,-44,1
TM,TEAM_CR,115,1012956,0.0,3.7,3.4,-3.4,0.3,-45.6,-31.3,0.0,-46,1
TM,TEAM_CR,116,1013000,0.0,3.7,3.3,-3.3,-3.1,-38.7,-31.4,0.0,-42,1
TM,TEAM_CR,117,1013039,0.0,3.6,3.3,-3.3,-2.0,-40.7,-31.6,0.0,-41,1
TM,SUN_L,3722,SUN_R,3726,SUN_NDV,-0.0005,SUN_ANGLE,-0.92
TM,MAG_X,-10.19,MAG_Y,45.92,MAG_Z,12.05,MAG_HEADING,102.51
TM,GYRO_X,-1.321,GYRO_Y,-2.047,GYRO_Z,0.244,BODY_RATE,-0.244
TM,TEAM_CR,118,1013079,0.0,3.6,3.2,-3.2,-1.9,-40.8,-31.7,0.0,-41,1
TM,TEAM_CR,119,1013119,0.0,3.7,3.2,-3.2,-1.1,-42.3,-31.8,0.0,-42,1
TM,TEAM_CR,120,1013159,0.0,3.5,3.2,-3.2,0.5,-45.7,-31.9,0.0,-46,1
TM,TEAM_CR,121,1013199,0.0,3.5,3.2,-3.2,-0.8,-43.2,-32.1,0.0,-43,1
TM,TEAM_CR,122,1013250,0.0,3.6,3.1,-3.1,-1.7,-41.2,-32.2,0.0,-41,1
TM,TEAM_CR,123,1013289,0.0,3.5,3.0,-3.0,-2.4,-39.5,-32.3,0.0,-40,1
TM,TEAM_CR,124,1013329,0.0,3.3,3.0,-3.0,-1.4,-41.6,-32.4,0.0,-42,1
TM,TEAM_CR,125,1013369,0.0,3.4,3.0,-3.0,0.3,-45.0,-32.6,0.0,-45,1
TM,TEAM_CR,126,1013418,0.0,3.5,3.0,-3.0,-1.0,-42.6,-32.7,0.0,-43,1
TM,TEAM_CR,127,1013457,0.0,3.1,2.9,-2.9,-1.5,-41.5,-32.8,0.0,-41,1
TM,TEAM_CR,128,1013498,0.0,3.5,2.9,-2.9,-1.7,-41.0,-32.9,0.0,-41,1
TM,TEAM_CR,129,1013538,0.0,3.3,2.9,-2.9,-0.4,-43.7,-33.0,0.0,-44,1
TM,TEAM_CR,130,1013578,0.0,3.1,2.9,-2.9,-0.4,-43.7,-33.1,0.0,-44,1
TM,TEAM_CR,131,1013618,0.0,2.6,2.8,-2.8,-1.2,-42.2,-33.2,0.0,-43,1
TM,TEAM_CR,132,1013658,0.0,2.7,2.8,-2.8,-1.9,-40.7,-33.4,0.0,-41,1
TM,TEAM_CR,133,1013698,0.0,2.9,2.7,-2.7,-1.6,-41.2,-33.5,0.0,-41,1
TM,TEAM_CR,134,1013748,0.0,3.1,2.7,-2.7,0.3,-45.0,-33.6,0.0,-45,1
TM,ADCS_MODE,MANUAL,ADCS_REFERENCE,SUN,TARGET,0.00,POINTING_ERROR,1.10,SUN_ERROR,1.07,MAG_ERROR,-102.69,GYRO_Z,0.121,RW_CMD,0
TM,EST_RAW,-1.07,EST_FILTERED,-1.07,EST_ANGLE,-1.10,EST_FILTER,ON,EST_FILTER_TYPE,MOVING_AVERAGE,EST_MA_WINDOW,1,EST_FILTER_STRENGTH,0.35
TM,EST_FUSION,ON,EST_GYRO_WEIGHT,0.98,EST_VALID,1
TM,TEAM_CR,135,1013797,0.0,3.1,2.7,-2.7,-0.7,-43.1,-33.7,0.0,-43,1
TM,SUN_L,3721,SUN_R,3726,SUN_NDV,-0.0007,SUN_ANGLE,-0.94
TM,MAG_X,-10.34,MAG_Y,45.89,MAG_Z,12.11,MAG_HEADING,102.69
TM,GYRO_X,-1.015,GYRO_Y,-2.170,GYRO_Z,-0.552,BODY_RATE,0.552
TM,TEAM_CR,136,1013837,0.0,2.8,2.6,-2.6,-1.9,-40.6,-33.8,0.0,-41,1
TM,TEAM_CR,137,1013878,0.0,2.9,2.6,-2.6,-1.9,-40.4,-33.9,0.0,-40,1
TM,TEAM_CR,138,1013918,0.0,2.9,2.5,-2.5,-0.5,-43.1,-34.0,0.0,-43,1
TM,TEAM_CR,139,1013957,0.0,2.8,2.5,-2.5,-0.6,-43.2,-34.1,0.0,-44,1
TM,TEAM_CR,140,1013998,0.0,2.5,2.5,-2.5,-1.0,-42.2,-34.2,0.0,-42,1
TM,TEAM_CR,141,1014038,0.0,2.8,2.4,-2.4,-2.4,-39.2,-34.3,0.0,-40,1
TM,TEAM_CR,142,1014078,0.0,2.7,2.4,-2.4,-1.5,-41.0,-34.4,0.0,-41,1
TM,TEAM_CR,143,1014118,0.0,2.6,2.4,-2.4,0.3,-44.5,-34.5,0.0,-45,1
TM,TEAM_CR,144,1014158,0.0,2.9,2.4,-2.4,-1.0,-42.1,-34.6,0.0,-42,1
TM,TEAM_CR,145,1014198,0.0,2.6,2.3,-2.3,-1.8,-40.2,-34.7,0.0,-41,1
TM,TEAM_CR,146,1014249,0.0,2.5,2.2,-2.2,-1.4,-40.8,-34.8,0.0,-41,1
TM,TEAM_CR,147,1014289,0.0,2.7,2.2,-2.2,-0.2,-43.4,-34.9,0.0,-43,1
TM,TEAM_CR,148,1014329,0.0,2.7,2.2,-2.2,-0.3,-43.3,-34.9,0.0,-43,1
TM,TEAM_CR,149,1014369,0.0,2.4,2.2,-2.2,-1.5,-40.8,-35.0,0.0,-41,1
TM,TEAM_CR,150,1014418,0.0,2.4,2.1,-2.1,-1.8,-39.8,-35.1,0.0,-40,1
TM,TEAM_CR,151,1014458,0.0,2.6,2.1,-2.1,0.0,-43.5,-35.2,0.0,-43,1
TM,TEAM_CR,152,1014499,0.0,2.3,2.1,-2.1,-0.7,-42.2,-35.3,0.0,-42,1
TM,TEAM_CR,153,1014539,0.0,2.4,2.0,-2.0,-1.8,-39.8,-35.4,0.0,-40,1
TM,TEAM_CR,154,1014579,0.0,2.3,1.9,-1.9,-2.1,-38.9,-35.4,0.0,-39,1
TM,SUN_L,3721,SUN_R,3725,SUN_NDV,-0.0005,SUN_ANGLE,-1.10
TM,MAG_X,-10.06,MAG_Y,45.95,MAG_Z,12.21,MAG_HEADING,102.35
TM,GYRO_X,-1.138,GYRO_Y,-1.916,GYRO_Z,0.393,BODY_RATE,-0.393
TM,TEAM_CR,155,1014619,0.0,2.3,1.9,-1.9,-0.6,-42.0,-35.5,0.0,-42,1
TM,TEAM_CR,156,1014659,0.0,2.2,1.9,-1.9,-0.3,-42.6,-35.6,0.0,-43,1
TM,ADCS_MODE,MANUAL,ADCS_REFERENCE,SUN,TARGET,0.00,POINTING_ERROR,1.11,SUN_ERROR,1.20,MAG_ERROR,-102.35,GYRO_Z,0.349,RW_CMD,0
TM,EST_RAW,-1.20,EST_FILTERED,-1.20,EST_ANGLE,-1.11,EST_FILTER,ON,EST_FILTER_TYPE,MOVING_AVERAGE,EST_MA_WINDOW,1,EST_FILTER_STRENGTH,0.35
TM,EST_FUSION,ON,EST_GYRO_WEIGHT,0.98,EST_VALID,1
TM,TEAM_CR,157,1014699,0.0,2.3,1.9,-1.9,-1.0,-41.2,-35.7,0.0,-41,1
TM,TEAM_CR,158,1014748,0.0,2.2,1.8,-1.8,-1.0,-41.1,-35.7,0.0,-41,1
TM,TEAM_CR,159,1014797,0.0,2.3,1.9,-1.9,0.1,-43.5,-35.8,0.0,-43,1
TM,TEAM_CR,160,1014838,0.0,2.2,1.8,-1.8,-1.0,-41.3,-35.9,0.0,-41,1
TM,TEAM_CR,161,1014877,0.0,2.2,1.8,-1.8,-1.9,-39.3,-36.0,0.0,-39,1
TM,TEAM_CR,162,1014917,0.0,2.3,1.7,-1.7,-1.3,-40.4,-36.0,0.0,-40,1
TM,TEAM_CR,163,1014957,0.0,2.2,1.7,-1.7,-0.2,-42.8,-36.1,0.0,-43,1
TM,TEAM_CR,164,1014999,0.0,2.0,1.7,-1.7,-0.4,-42.3,-36.2,0.0,-42,1
TM,TEAM_CR,165,1015039,0.0,2.2,1.7,-1.7,-1.9,-39.1,-36.2,0.0,-39,1
TM,TEAM_CR,166,1015079,0.0,2.1,1.6,-1.6,-1.0,-40.8,-36.3,0.0,-41,1
TM,TEAM_CR,167,1015119,0.0,2.0,1.7,-1.7,0.1,-43.2,-36.4,0.0,-43,1
TM,TEAM_CR,168,1015159,0.0,2.1,1.6,-1.6,-0.9,-41.3,-36.4,0.0,-41,1
TM,TEAM_CR,169,1015199,0.0,1.9,1.6,-1.6,-1.8,-39.2,-36.5,0.0,-39,1
TM,TEAM_CR,170,1015249,0.0,1.8,1.6,-1.6,-0.4,-41.9,-36.6,0.0,-42,1
TM,TEAM_CR,171,1015289,0.0,1.7,1.6,-1.6,-0.5,-41.8,-36.6,0.0,-42,1
TM,TEAM_CR,172,1015329,0.0,2.0,1.5,-1.5,-1.7,-39.4,-36.7,0.0,-40,1
TM,SUN_L,3721,SUN_R,3726,SUN_NDV,-0.0007,SUN_ANGLE,-1.23
TM,MAG_X,-10.18,MAG_Y,45.89,MAG_Z,12.13,MAG_HEADING,102.50
TM,GYRO_X,-1.312,GYRO_Y,-1.873,GYRO_Z,0.375,BODY_RATE,-0.375
TM,TEAM_CR,173,1015369,0.0,1.9,1.5,-1.5,-1.8,-39.0,-36.7,0.0,-39,1
TM,TEAM_CR,174,1015417,0.0,1.7,1.5,-1.5,-0.2,-42.3,-36.8,0.0,-42,1
TM,TEAM_CR,175,1015457,0.0,2.0,1.5,-1.5,-0.8,-41.1,-36.9,0.0,-41,1
TM,TEAM_CR,176,1015498,0.0,1.9,1.4,-1.4,-2.0,-38.6,-36.9,0.0,-39,1
TM,TEAM_CR,177,1015538,0.0,1.4,1.4,-1.4,-0.6,-41.3,-37.0,0.0,-41,1
TM,TEAM_CR,178,1015578,0.0,1.7,1.4,-1.4,-0.4,-41.7,-37.0,0.0,-42,1
TM,TEAM_CR,179,1015618,0.0,1.6,1.3,-1.3,-1.6,-39.2,-37.1,0.0,-39,1
TM,ADCS_MODE,MANUAL,ADCS_REFERENCE,SUN,TARGET,0.00,POINTING_ERROR,1.07,SUN_ERROR,0.97,MAG_ERROR,-102.50,GYRO_Z,-0.447,RW_CMD,0
TM,EST_RAW,-0.97,EST_FILTERED,-0.97,EST_ANGLE,-1.07,EST_FILTER,ON,EST_FILTER_TYPE,MOVING_AVERAGE,EST_MA_WINDOW,1,EST_FILTER_STRENGTH,0.35
TM,EST_FUSION,ON,EST_GYRO_WEIGHT,0.98,EST_VALID,1
TM,TEAM_CR,180,1015659,0.0,1.8,1.3,-1.3,-1.7,-39.0,-37.1,0.0,-39,1
TM,TEAM_CR,181,1015699,0.0,1.6,1.3,-1.3,0.2,-42.7,-37.2,0.0,-43,1
TM,TEAM_CR,182,1015748,0.0,1.4,1.3,-1.3,-1.1,-40.0,-37.2,0.0,-41,1
TM,TEAM_CR,183,1015797,0.0,1.5,1.2,-1.2,-1.9,-38.3,-37.3,0.0,-38,1
TM,TEAM_CR,184,1015837,0.0,2.0,1.2,-1.2,-0.1,-41.7,-37.3,0.0,-41,1
TM,TEAM_CR,185,1015877,0.0,1.7,1.2,-1.2,-0.6,-40.9,-37.4,0.0,-41,1
TM,TEAM_CR,186,1015917,0.0,1.6,1.1,-1.1,-2.2,-37.4,-37.4,0.0,-38,1
TM,TEAM_CR,187,1015957,0.0,1.6,1.1,-1.1,-1.3,-39.2,-37.5,0.0,-39,1
TM,TEAM_CR,188,1015999,0.0,1.6,1.1,-1.1,-0.4,-40.9,-37.5,0.0,-41,1
TM,TEAM_CR,189,1016039,0.0,1.5,1.0,-1.0,-1.9,-38.0,-37.6,0.0,-40,1
TM,TEAM_CR,190,1016079,0.0,1.2,1.0,-1.0,-1.7,-38.2,-37.6,0.0,-38,1
TM,SUN_L,3721,SUN_R,3726,SUN_NDV,-0.0007,SUN_ANGLE,-1.32
TM,MAG_X,-10.14,MAG_Y,45.74,MAG_Z,12.26,MAG_HEADING,102.50
TM,GYRO_X,-0.980,GYRO_Y,-2.161,GYRO_Z,-0.054,BODY_RATE,0.054
TM,TEAM_CR,191,1016120,0.0,1.1,1.0,-1.0,0.1,-41.7,-37.6,0.0,-41,1
TM,TEAM_CR,192,1016159,0.0,1.0,1.0,-1.0,-0.7,-40.2,-37.7,0.0,-40,1
TM,TEAM_CR,193,1016199,0.0,1.2,0.9,-0.9,-2.1,-37.2,-37.7,0.0,-37,1
TM,TEAM_CR,194,1016248,0.0,1.1,0.9,-0.9,0.1,-41.4,-37.7,0.0,-41,1
TM,TEAM_CR,195,1016288,0.0,1.1,0.9,-0.9,-0.2,-40.9,-37.8,0.0,-41,1
TM,TEAM_CR,196,1016328,0.0,1.1,0.8,-0.8,-1.8,-37.5,-37.8,0.0,-38,1
TM,TEAM_CR,197,1016369,0.0,0.9,0.8,-0.8,-0.2,-40.7,-37.8,0.0,-40,1
TM,TEAM_CR,198,1016418,0.0,1.0,0.8,-0.8,-0.1,-41.0,-37.9,0.0,-41,1
TM,TEAM_CR,199,1016458,0.0,1.2,0.8,-0.8,-1.7,-37.5,-37.9,0.0,-39,1
TM,TEAM_CR,200,1016498,0.0,1.4,0.8,-0.8,-0.3,-40.5,-37.9,0.0,-40,1
TM,TEAM_CR,201,1016539,0.0,0.9,0.8,-0.8,-0.3,-40.4,-38.0,0.0,-40,1
TM,TEAM_CR,202,1016582,0.0,1.0,0.7,-0.7,-1.5,-38.0,-38.0,0.0,-38,3
TM,ADCS_MODE,MANUAL,ADCS_REFERENCE,SUN,TARGET,0.00,POINTING_ERROR,1.14,SUN_ERROR,0.90,MAG_ERROR,-102.36,GYRO_Z,0.778,RW_CMD,0
TM,EST_RAW,-0.90,EST_FILTERED,-0.90,EST_ANGLE,-1.14,EST_FILTER,ON,EST_FILTER_TYPE,MOVING_AVERAGE,EST_MA_WINDOW,1,EST_FILTER_STRENGTH,0.35
TM,EST_FUSION,ON,EST_GYRO_WEIGHT,0.98,EST_VALID,1
TM,TEAM_CR,203,1016620,0.0,0.8,0.7,-0.7,-1.3,-38.0,-38.0,0.0,-38,3
TM,TEAM_CR,204,1016660,0.0,1.1,0.7,-0.7,-0.2,-38.0,-38.0,0.0,-38,3
TM,TEAM_CR,205,1016700,0.0,1.0,0.7,-0.7,-1.2,-38.0,-38.0,0.0,-38,3
TM,TEAM_CR,206,1016749,0.0,0.7,0.6,-0.6,-1.4,-38.0,-38.0,0.0,-38,3
TM,TEAM_CR,207,1016800,0.0,0.6,0.6,-0.6,-0.3,-38.0,-38.0,0.0,-38,3
TM,TEAM_CR,208,1016840,0.0,0.6,0.5,-0.5,-1.7,-38.0,-38.0,0.0,-38,3
TM,SUN_L,3720,SUN_R,3727,SUN_NDV,-0.0009,SUN_ANGLE,-1.18
TM,MAG_X,-10.05,MAG_Y,45.87,MAG_Z,11.73,MAG_HEADING,102.36
TM,GYRO_X,-1.540,GYRO_Y,-2.293,GYRO_Z,0.069,BODY_RATE,-0.069
TM,TEAM_CR,209,1016880,0.0,0.7,0.5,-0.5,-0.6,-38.0,-38.0,0.0,-38,3
TM,TEAM_CR,210,1016920,0.0,0.3,0.5,-0.5,0.0,-38.0,-38.0,0.0,-38,3
TM,TEAM_CR,211,1016960,0.0,0.7,0.5,-0.5,-1.2,-38.0,-38.0,0.0,-38,3
TM,TEAM_CR,212,1017001,0.0,0.5,0.4,-0.4,-0.7,-38.0,-38.0,0.0,-38,3
TM,TEAM_CR,213,1017042,0.0,0.4,0.4,-0.4,0.1,-38.0,-38.0,0.0,-38,3
TM,TEAM_CR,214,1017081,0.0,0.6,0.4,-0.4,-0.3,-38.0,-38.0,0.0,-38,3
TM,TEAM_CR,215,1017121,0.0,0.5,0.4,-0.4,-0.8,-38.0,-38.0,0.0,-38,3
TM,TEAM_CR,216,1017161,0.0,0.4,0.4,-0.4,0.1,-38.0,-38.0,0.0,-38,3
TM,TEAM_CR,217,1017201,0.0,0.4,0.4,-0.4,-0.4,-38.0,-38.0,0.0,-38,3
TM,TEAM_CR,218,1017248,0.0,0.3,0.4,-0.4,-0.8,-38.0,-38.0,0.0,-38,3
TM,TEAM_CR,219,1017288,0.0,0.7,0.4,-0.4,-0.1,-38.0,-38.0,0.0,-38,3
TM,TEAM_CR,220,1017328,0.0,0.5,0.3,-0.3,-0.8,-38.0,-38.0,0.0,-38,3
TM,TEAM_CR,221,1017368,0.0,0.5,0.3,-0.3,-0.8,-38.0,-38.0,0.0,-38,3
TM,TEAM_CR,222,1017420,0.0,0.4,0.3,-0.3,-0.4,-38.0,-38.0,0.0,-38,3
TM,TEAM_CR,223,1017460,0.0,0.5,0.3,-0.3,-1.0,-38.0,-38.0,0.0,-38,3
TM,TEAM_CR,224,1017501,0.0,0.2,0.3,-0.3,-0.5,-38.0,-38.0,0.0,-38,3
TM,TEAM_CR,225,1017540,0.0,0.5,0.3,-0.3,0.0,-38.0,-38.0,0.0,-38,3
TM,ADCS_MODE,MANUAL,ADCS_REFERENCE,SUN,TARGET,0.00,POINTING_ERROR,1.10,SUN_ERROR,0.95,MAG_ERROR,-102.57,GYRO_Z,-0.167,RW_CMD,0
TM,EST_RAW,-0.95,EST_FILTERED,-0.95,EST_ANGLE,-1.10,EST_FILTER,ON,EST_FILTER_TYPE,MOVING_AVERAGE,EST_MA_WINDOW,1,EST_FILTER_STRENGTH,0.35
TM,EST_FUSION,ON,EST_GYRO_WEIGHT,0.98,EST_VALID,1
TM,TEAM_CR,226,1017580,0.0,0.2,0.3,-0.3,-0.8,-38.0,-38.0,0.0,-38,3
TM,SUN_L,3721,SUN_R,3726,SUN_NDV,-0.0007,SUN_ANGLE,-1.22
TM,MAG_X,-10.21,MAG_Y,45.78,MAG_Z,12.18,MAG_HEADING,102.57
TM,GYRO_X,-1.330,GYRO_Y,-2.056,GYRO_Z,0.174,BODY_RATE,-0.174
TM,TEAM_CR,227,1017621,0.0,0.3,0.2,-0.2,-0.2,-38.0,-38.0,0.0,-38,3
TM,TEAM_CR,228,1017661,0.0,0.3,0.2,-0.2,-0.2,-38.0,-38.0,0.0,-38,3
TM,TEAM_CR,229,1017701,0.0,0.3,0.2,-0.2,-0.9,-38.0,-38.0,0.0,-38,3
TM,TEAM_CR,230,1017748,0.0,0.3,0.2,-0.2,0.0,-38.0,-38.0,0.0,-38,3
TM,TEAM_CR,231,1017801,0.0,0.2,0.2,-0.2,-0.2,-38.0,-38.0,0.0,-38,3
TM,TEAM_CR,232,1017840,0.0,0.3,0.2,-0.2,-1.0,-38.0,-38.0,0.0,-38,3
TM,TEAM_CR,233,1017880,0.0,0.4,0.2,-0.2,0.0,-38.0,-38.0,0.0,-38,3
TM,TEAM_CR,234,1017921,0.0,0.2,0.2,-0.2,0.0,-38.0,-38.0,0.0,-38,3
TM,TEAM_CR,235,1017960,0.0,0.3,0.2,-0.2,-0.8,-38.0,-38.0,0.0,-38,3
TM,TEAM_CR,236,1018000,0.0,0.4,0.2,-0.2,-0.3,-38.0,-38.0,0.0,-38,3
TM,TEAM_CR,237,1018040,0.0,0.3,0.1,-0.1,-0.2,-38.0,-38.0,0.0,-38,3
TM,TEAM_CR,238,1018080,0.0,0.1,0.1,-0.1,-0.1,-38.0,-38.0,0.0,-38,3
TM,TEAM_CR,239,1018120,0.0,0.2,0.1,-0.1,-0.2,-38.0,-38.0,0.0,-38,3
TM,TEAM_CR,240,1018160,0.0,0.1,0.1,-0.1,-0.4,-38.0,-38.0,0.0,-38,3
TM,TEAM_CR,241,1018200,0.0,0.2,0.1,-0.1,1.0,-38.0,-38.0,0.0,-38,3
TM,TEAM_CR,242,1018249,0.0,0.3,0.1,-0.1,-0.2,-38.0,-38.0,0.0,-38,3
TM,TEAM_CR,243,1018289,0.0,0.1,0.1,-0.1,-1.0,-38.0,-38.0,0.0,-38,3
TM,TEAM_CR,244,1018329,0.0,0.2,0.0,0.0,-0.2,-38.0,-38.0,0.0,-38,3
TM,TEAM_CR,245,1018369,0.0,0.2,0.0,0.0,0.1,-38.0,-38.0,0.0,-38,3
TM,SUN_L,3719,SUN_R,3725,SUN_NDV,-0.0008,SUN_ANGLE,-1.09
TM,MAG_X,-10.06,MAG_Y,45.89,MAG_Z,12.27,MAG_HEADING,102.37
TM,GYRO_X,-1.278,GYRO_Y,-2.065,GYRO_Z,0.218,BODY_RATE,-0.218
TM,TEAM_CR,246,1018420,0.0,-0.1,0.0,0.0,-0.5,-38.0,-38.0,0.0,-38,3
TM,TEAM_CR,247,1018460,0.0,0.2,0.0,0.0,-0.3,-38.0,-38.0,0.0,-38,3
TM,ADCS_MODE,MANUAL,ADCS_REFERENCE,SUN,TARGET,0.00,POINTING_ERROR,1.10,SUN_ERROR,1.15,MAG_ERROR,-102.37,GYRO_Z,-0.019,RW_CMD,0
TM,EST_RAW,-1.15,EST_FILTERED,-1.15,EST_ANGLE,-1.10,EST_FILTER,ON,EST_FILTER_TYPE,MOVING_AVERAGE,EST_MA_WINDOW,1,EST_FILTER_STRENGTH,0.35
TM,EST_FUSION,ON,EST_GYRO_WEIGHT,0.98,EST_VALID,1
TM,TEAM_CR,248,1018500,0.0,-0.2,0.0,0.0,-0.4,-38.0,-38.0,0.0,-38,3
TM,TEAM_CR,249,1018540,0.0,0.6,0.0,0.0,0.0,-38.0,-38.0,0.0,-38,3
TM,TEAM_CR,250,1018580,0.0,0.3,0.0,0.0,0.0,-38.0,-38.0,0.0,-38,3
TM,TEAM_CR,251,1018620,0.0,0.2,0.0,0.0,-0.5,-38.0,-38.0,0.0,-38,3
TM,TEAM_CR,252,1018660,0.0,0.2,0.0,0.0,0.0,-38.0,-38.0,0.0,-38,3
TM,TEAM_CR,253,1018700,0.0,-0.1,0.0,0.0,0.1,-38.0,-38.0,0.0,-38,3
TM,TEAM_CR,254,1018749,0.0,0.1,-0.1,0.1,-0.9,-38.0,-38.0,0.0,-38,3
TM,TEAM_CR,255,1018801,0.0,0.0,0.0,0.0,0.2,-38.0,-38.0,0.0,-38,3
TM,TEAM_CR,256,1018840,0.0,0.2,-0.1,0.1,-0.5,-38.0,-38.0,0.0,-38,3
TM,TEAM_CR,257,1018880,0.0,-0.1,-0.1,0.1,-0.1,-38.0,-38.0,0.0,-38,3
TM,TEAM_CR,258,1018920,0.0,-0.1,-0.1,0.1,0.1,-38.0,-38.0,0.0,-38,3
TM,TEAM_CR,259,1018960,0.0,-0.3,-0.1,0.1,-0.7,-38.0,-38.0,0.0,-38,3
TM,TEAM_CR,260,1019000,0.0,-0.1,-0.1,0.1,0.1,-38.0,-38.0,0.0,-38,3
TM,TEAM_CR,261,1019040,0.0,0.0,-0.1,0.1,-0.2,-38.0,-38.0,0.0,-38,3
TM,TEAM_CR,262,1019080,0.0,0.0,-0.1,0.1,-0.9,-38.0,-38.0,0.0,-38,3
TM,TEAM_CR,263,1019120,0.0,-0.2,-0.1,0.1,-0.3,-38.0,-38.0,0.0,-38,3
TM,SUN_L,3719,SUN_R,3726,SUN_NDV,-0.0009,SUN_ANGLE,-1.00
TM,MAG_X,-10.11,MAG_Y,46.02,MAG_Z,12.37,MAG_HEADING,102.39
TM,GYRO_X,-1.138,GYRO_Y,-2.109,GYRO_Z,-0.229,BODY_RATE,0.229
TM,TEAM_CR,264,1019160,0.0,-0.1,-0.2,0.2,-0.4,-38.0,-38.0,0.0,-38,3
TM,TEAM_CR,265,1019200,0.0,-0.1,-0.2,0.2,-0.5,-38.0,-38.0,0.0,-38,3
TM,TEAM_CR,266,1019249,0.0,-0.2,-0.2,0.2,-0.3,-38.0,-38.0,0.0,-38,3
TM,TEAM_CR,267,1019289,0.0,-0.2,-0.2,0.2,-1.1,-38.0,-38.0,0.0,-38,3
TM,TEAM_CR,268,1019329,0.0,-0.2,-0.2,0.2,-0.2,-38.0,-38.0,0.0,-38,3
TM,TEAM_CR,269,1019369,0.0,-0.3,-0.2,0.2,-0.3,-38.0,-38.0,0.0,-38,3
TM,TEAM_CR,270,1019421,0.0,-0.2,-0.3,0.3,-1.0,-38.0,-38.0,0.0,-38,3
TM,ADCS_MODE,MANUAL,ADCS_REFERENCE,SUN,TARGET,0.00,POINTING_ERROR,1.09,SUN_ERROR,1.02,MAG_ERROR,-102.39,GYRO_Z,-0.719,RW_CMD,0
TM,EST_RAW,-1.02,EST_FILTERED,-1.02,EST_ANGLE,-1.09,EST_FILTER,ON,EST_FILTER_TYPE,MOVING_AVERAGE,EST_MA_WINDOW,1,EST_FILTER_STRENGTH,0.35
TM,EST_FUSION,ON,EST_GYRO_WEIGHT,0.98,EST_VALID,1
TM,TEAM_CR,271,1019461,0.0,-0.2,-0.3,0.3,-0.3,-38.0,-38.0,0.0,-38,3
TM,TEAM_CR,272,1019501,0.0,-0.4,-0.3,0.3,-1.3,-38.0,-38.0,0.0,-38,3
TM,TEAM_CR,273,1019541,0.0,-0.2,-0.4,0.4,-0.7,-38.0,-38.0,0.0,-38,3
TM,TEAM_CR,274,1019581,0.0,-0.3,-0.4,0.4,0.1,-38.0,-38.0,0.0,-38,3
TM,TEAM_CR,275,1019621,0.0,-0.7,-0.5,0.5,-1.7,-38.0,-38.0,0.0,-38,3
TM,TEAM_CR,276,1019661,0.0,-0.7,-0.5,0.5,-0.3,-38.0,-38.0,0.0,-38,3
TM,TEAM_CR,277,1019701,0.0,-0.6,-0.5,0.5,-0.6,-38.0,-38.0,0.0,-38,3
TM,TEAM_CR,278,1019749,0.0,-0.6,-0.6,0.6,-1.1,-38.0,-38.0,0.0,-38,3
TM,TEAM_CR,279,1019800,0.0,-0.2,-0.6,0.6,-0.2,-38.0,-38.0,0.0,-38,3
TM,TEAM_CR,280,1019840,0.0,-0.4,-0.6,0.6,-1.6,-38.0,-38.0,0.0,-38,3
TM,TEAM_CR,281,1019880,0.0,-0.4,-0.6,0.6,-0.6,-38.0,-38.0,0.0,-38,3
TM,SUN_L,3721,SUN_R,3726,SUN_NDV,-0.0007,SUN_ANGLE,-1.33
TM,MAG_X,-10.08,MAG_Y,45.92,MAG_Z,12.22,MAG_HEADING,102.38
TM,GYRO_X,-0.919,GYRO_Y,-2.179,GYRO_Z,-0.920,BODY_RATE,0.920
TM,TEAM_CR,282,1019920,0.0,-0.4,-0.7,0.7,-1.1,-38.0,-38.0,0.0,-38,3
TM,TEAM_CR,283,1019960,0.0,-0.6,-0.7,0.7,-0.9,-38.0,-38.0,0.0,-38,3
TM,TEAM_CR,284,1020000,0.0,-0.7,-0.7,0.7,-0.3,-38.0,-38.0,0.0,-38,3
TM,TEAM_CR,285,1020040,0.0,-0.3,-0.8,0.8,-1.8,-38.0,-38.0,0.0,-38,3
TM,TEAM_CR,286,1020080,0.0,-0.8,-0.8,0.8,-0.5,-38.0,-38.0,0.0,-38,3
TM,TEAM_CR,287,1020120,0.0,-0.8,-0.8,0.8,-0.6,-38.0,-38.0,0.0,-38,3
TM,TEAM_CR,288,1020160,0.0,-0.9,-0.9,0.9,-1.8,-38.0,-38.0,0.0,-38,3
TM,TEAM_CR,289,1020201,0.0,-0.7,-0.9,0.9,-0.2,-38.0,-38.0,0.0,-38,3
TM,TEAM_CR,290,1020248,0.0,-0.8,-1.0,1.0,-2.2,-38.0,-38.0,0.0,-38,3
TM,TEAM_CR,291,1020288,0.0,-1.0,-1.0,1.0,-1.5,-34.4,-38.0,0.0,-34,3
TM,TEAM_CR,292,1020328,0.0,-0.6,-1.1,1.1,-1.7,-34.1,-37.9,0.0,-34,3
TM,TEAM_CR,293,1020369,0.0,-1.1,-1.2,1.2,-3.5,-32.0,-37.9,0.0,-32,3
TM,ADCS_MODE,MANUAL,ADCS_REFERENCE,SUN,TARGET,0.00,POINTING_ERROR,1.06,SUN_ERROR,1.23,MAG_ERROR,-102.56,GYRO_Z,-0.605,RW_CMD,0
TM,EST_RAW,-1.23,EST_FILTERED,-1.23,EST_ANGLE,-1.06,EST_FILTER,ON,EST_FILTER_TYPE,MOVING_AVERAGE,EST_MA_WINDOW,1,EST_FILTER_STRENGTH,0.35
TM,EST_FUSION,ON,EST_GYRO_WEIGHT,0.98,EST_VALID,1
TM,TEAM_CR,294,1020420,0.0,-1.2,-1.4,1.4,-4.6,-30.5,-37.9,0.0,-30,3
TM,TEAM_CR,295,1020460,0.0,-1.1,-1.7,1.7,-6.8,-27.7,-37.9,0.0,-28,3
TM,TEAM_CR,296,1020500,0.0,-1.4,-2.0,2.0,-7.7,-26.2,-37.8,0.0,-26,3
TM,TEAM_CR,297,1020540,0.0,-1.8,-2.3,2.3,-8.2,-25.0,-37.8,0.0,-25,3
TM,TEAM_CR,298,1020580,0.0,-2.0,-2.6,2.6,-9.4,-23.1,-37.7,0.0,-23,3
TM,TEAM_CR,299,1020621,0.0,-2.3,-2.9,2.9,-8.2,-23.6,-37.7,0.0,-24,3
TM,SUN_L,3721,SUN_R,3725,SUN_NDV,-0.0005,SUN_ANGLE,-1.14
TM,MAG_X,-10.21,MAG_Y,45.82,MAG_Z,12.10,MAG_HEADING,102.56
TM,GYRO_X,-1.330,GYRO_Y,-1.864,GYRO_Z,0.025,BODY_RATE,-0.025
TM,TEAM_CR,300,1020660,0.0,-2.6,-3.3,3.3,-10.1,-4.3,-37.5,0.0,-13,1
TM,TEAM_CR,301,1020700,0.0,-3.1,-3.7,3.7,-9.4,-4.0,-37.4,0.0,-4,1
TM,TEAM_CR,302,1020749,0.0,-3.4,-4.0,4.0,-7.8,-5.7,-37.2,0.0,-6,1
TM,TEAM_CR,303,1020800,0.0,-3.7,-4.3,4.3,-5.1,-9.8,-37.1,0.0,-9,1
TM,TEAM_CR,304,1020840,0.0,-3.7,-4.4,4.4,-4.3,-10.7,-36.9,0.0,-11,1
TM,TEAM_CR,305,1020880,0.0,-4.1,-4.6,4.6,-4.0,-10.4,-36.7,0.0,-10,1
TM,TEAM_CR,306,1020920,0.0,-4.1,-4.7,4.7,-2.7,-12.6,-36.5,0.0,-13,1
TM,TEAM_CR,307,1020960,0.0,-4.0,-4.7,4.7,-2.5,-12.4,-36.3,0.0,-12,1
TM,TEAM_CR,308,1021001,0.0,-3.9,-4.8,4.8,-1.3,-14.5,-36.2,0.0,-14,1
TM,TEAM_CR,309,1021041,0.0,-4.1,-4.8,4.8,-1.9,-13.0,-36.0,0.0,-13,1
TM,TEAM_CR,310,1021080,0.0,-4.2,-4.9,4.9,-2.3,-11.8,-35.8,0.0,-12,1
TM,TEAM_CR,311,1021120,0.0,-4.4,-4.9,4.9,-1.2,-13.6,-35.6,0.0,-14,1
TM,TEAM_CR,312,1021160,0.0,-4.4,-4.9,4.9,-2.1,-11.4,-35.4,0.0,-11,1
TM,TEAM_CR,313,1021200,0.0,-4.3,-5.0,5.0,-2.2,-10.9,-35.2,0.0,-11,1
TM,TEAM_CR,314,1021250,0.0,-4.3,-5.1,5.1,-2.0,-10.7,-35.0,0.0,-11,1
TM,TEAM_CR,315,1021289,0.0,-4.2,-5.1,5.1,-1.8,-10.8,-34.8,0.0,-11,1
TM,TEAM_CR,316,1021329,0.0,-4.5,-5.1,5.1,-0.8,-12.5,-34.6,0.0,-12,1
TM,ADCS_MODE,MANUAL,ADCS_REFERENCE,SUN,TARGET,0.00,POINTING_ERROR,1.05,SUN_ERROR,1.05,MAG_ERROR,-102.53,GYRO_Z,-0.482,RW_CMD,0
TM,EST_RAW,-1.05,EST_FILTERED,-1.05,EST_ANGLE,-1.05,EST_FILTER,ON,EST_FILTER_TYPE,MOVING_AVERAGE,EST_MA_WINDOW,1,EST_FILTER_STRENGTH,0.35
TM,EST_FUSION,ON,EST_GYRO_WEIGHT,0.98,EST_VALID,1
TM,TEAM_CR,317,1021369,0.0,-4.5,-5.1,5.1,-1.6,-10.7,-34.4,0.0,-11,1
TM,SUN_L,3721,SUN_R,3726,SUN_NDV,-0.0007,SUN_ANGLE,-0.97
TM,MAG_X,-10.21,MAG_Y,45.94,MAG_Z,12.08,MAG_HEADING,102.53
TM,GYRO_X,-1.426,GYRO_Y,-2.231,GYRO_Z,0.410,BODY_RATE,-0.410
TM,TEAM_CR,318,1021420,0.0,-4.7,-5.2,5.2,-1.1,-11.0,-34.2,0.0,-11,1
TM,TEAM_CR,319,1021460,0.0,-4.9,-5.2,5.2,-1.3,-10.3,-33.9,0.0,-10,1
TM,TEAM_CR,320,1021501,0.0,-4.7,-5.3,5.3,-1.6,-9.4,-33.7,0.0,-9,1
TM,TEAM_CR,321,1021540,0.0,-5.0,-5.3,5.3,-0.3,-11.8,-33.5,0.0,-12,1
TM,TEAM_CR,322,1021580,0.0,-4.8,-5.3,5.3,-1.1,-10.0,-33.3,0.0,-10,1
TM,TEAM_CR,323,1021621,0.0,-4.8,-5.3,5.3,-0.8,-10.1,-33.1,0.0,-10,1
TM,TEAM_CR,324,1021661,0.0,-5.4,-5.4,5.4,-0.3,-10.8,-32.9,0.0,-11,1
TM,TEAM_CR,325,1021701,0.0,-5.0,-5.4,5.4,-0.9,-9.4,-32.7,0.0,-9,1
TM,TEAM_CR,326,1021749,0.0,-5.5,-5.4,5.4,-0.4,-10.0,-32.5,0.0,-10,1
TM,TEAM_CR,327,1021800,0.0,-5.1,-5.4,5.4,-0.7,-9.0,-32.2,0.0,-9,1
TM,TEAM_CR,328,1021840,0.0,-5.8,-5.5,5.5,-0.3,-9.6,-32.0,0.0,-10,1
TM,TEAM_CR,329,1021881,0.0,-5.9,-5.5,5.5,-0.2,-9.5,-31.8,0.0,-9,1
TM,TEAM_CR,330,1021920,0.0,-5.4,-5.5,5.5,-0.6,-8.3,-31.6,0.0,-8,1
TM,TEAM_CR,331,1021960,0.0,-5.2,-5.5,5.5,0.3,-10.0,-31.4,0.0,-10,1
TM,TEAM_CR,332,1022000,0.0,-5.8,-5.5,5.5,-0.2,-8.8,-31.1,0.0,-9,1
TM,TEAM_CR,333,1022040,0.0,-5.3,-5.5,5.5,-0.8,-7.3,-30.9,0.0,-8,1
TM,TEAM_CR,334,1022080,0.0,-6.0,-5.5,5.5,0.6,-10.0,-30.7,0.0,-10,1
TM,TEAM_CR,335,1022120,0.0,-6.0,-5.5,5.5,0.1,-8.6,-30.5,0.0,-9,1
TM,TEAM_CR,336,1022160,0.0,-5.6,-5.5,5.5,-0.3,-7.7,-30.3,0.0,-8,1
TM,SUN_L,3722,SUN_R,3727,SUN_NDV,-0.0007,SUN_ANGLE,-0.99
TM,MAG_X,-10.29,MAG_Y,45.97,MAG_Z,12.35,MAG_HEADING,102.62
TM,GYRO_X,-1.024,GYRO_Y,-2.118,GYRO_Z,-0.036,BODY_RATE,0.036
TM,TEAM_CR,337,1022200,0.0,-5.4,-5.5,5.5,0.3,-8.7,-30.0,0.0,-9,1
TM,TEAM_CR,338,1022249,0.0,-5.8,-5.5,5.5,0.1,-8.0,-29.8,0.0,-8,1
TM,ADCS_MODE,MANUAL,ADCS_REFERENCE,SUN,TARGET,0.00,POINTING_ERROR,1.02,SUN_ERROR,0.69,MAG_ERROR,-102.62,GYRO_Z,0.681,RW_CMD,0
TM,EST_RAW,-0.69,EST_FILTERED,-0.69,EST_ANGLE,-1.02,EST_FILTER,ON,EST_FILTER_TYPE,MOVING_AVERAGE,EST_MA_WINDOW,1,EST_FILTER_STRENGTH,0.35
TM,EST_FUSION,ON,EST_GYRO_WEIGHT,0.98,EST_VALID,1
TM,TEAM_CR,339,1022289,0.0,-5.6,-5.5,5.5,1.1,-9.8,-29.6,0.0,-10,1
TM,TEAM_CR,340,1022329,0.0,-5.5,-5.5,5.5,0.4,-8.2,-29.4,0.0,-8,1
TM,TEAM_CR,341,1022369,0.0,-5.1,-5.5,5.5,-0.3,-6.7,-29.2,0.0,-7,1
TM,TEAM_CR,342,1022420,0.0,-5.2,-5.4,5.4,0.9,-9.0,-28.9,0.0,-9,1
TM,TEAM_CR,343,1022460,0.0,-5.2,-5.4,5.4,0.1,-7.3,-28.7,0.0,-7,1
TM,TEAM_CR,344,1022500,0.0,-5.1,-5.4,5.4,-0.2,-6.6,-28.5,0.0,-7,1
TM,TEAM_CR,345,1022540,0.0,-5.3,-5.4,5.4,0.5,-7.7,-28.3,0.0,-8,1
TM,TEAM_CR,346,1022580,0.0,-5.7,-5.4,5.4,0.2,-7.1,-28.1,0.0,-7,1
TM,TEAM_CR,347,1022620,0.0,-5.3,-5.4,5.4,0.6,-7.7,-27.9,0.0,-8,1
TM,TEAM_CR,348,1022660,0.0,-5.1,-5.3,5.3,0.4,-7.1,-27.7,0.0,-7,1
TM,TEAM_CR,349,1022700,0.0,-5.1,-5.3,5.3,0.4,-7.0,-27.4,0.0,-7,1
TM,TEAM_CR,350,1022748,0.0,-5.2,-5.3,5.3,0.8,-7.9,-27.2,0.0,-8,1
TM,TEAM_CR,351,1022801,0.0,-4.9,-5.2,5.2,0.6,-7.3,-27.0,0.0,-7,1
TM,TEAM_CR,352,1022841,0.0,-5.1,-5.2,5.2,0.2,-6.4,-26.8,0.0,-6,1
TM,TEAM_CR,353,1022880,0.0,-4.9,-5.2,5.2,1.2,-8.3,-26.6,0.0,-8,1
TM,TEAM_CR,354,1022920,0.0,-4.9,-5.1,5.1,0.6,-7.0,-26.4,0.0,-7,1
TM,SUN_L,3724,SUN_R,3731,SUN_NDV,-0.0009,SUN_ANGLE,-1.01
TM,MAG_X,-10.34,MAG_Y,45.82,MAG_Z,12.21,MAG_HEADING,102.71
TM,GYRO_X,-1.461,GYRO_Y,-1.671,GYRO_Z,0.113,BODY_RATE,-0.113
TM,TEAM_CR,355,1022960,0.0,-5.0,-5.1,5.1,0.9,-7.7,-26.2,0.0,-8,1
TM,TEAM_CR,356,1023000,0.0,-4.8,-5.0,5.0,1.3,-8.4,-26.0,0.0,-8,1
TM,TEAM_CR,357,1023040,0.0,-4.2,-5.0,5.0,0.2,-6.2,-25.8,0.0,-6,1
TM,TEAM_CR,358,1023080,0.0,-5.0,-5.0,5.0,0.9,-7.5,-25.6,0.0,-7,1
TM,TEAM_CR,359,1023120,0.0,-4.7,-4.9,4.9,0.9,-7.4,-25.4,0.0,-7,1
TM,TEAM_CR,360,1023160,0.0,-4.8,-4.9,4.9,0.8,-7.2,-25.2,0.0,-7,1
TM,TEAM_CR,361,1023201,0.0,-5.2,-4.9,4.9,0.9,-7.3,-25.0,0.0,-7,1
TM,ADCS_MODE,MANUAL,ADCS_REFERENCE,SUN,TARGET,0.00,POINTING_ERROR,1.02,SUN_ERROR,1.02,MAG_ERROR,-102.66,GYRO_Z,0.804,RW_CMD,0
TM,EST_RAW,-1.02,EST_FILTERED,-1.02,EST_ANGLE,-1.02,EST_FILTER,ON,EST_FILTER_TYPE,MOVING_AVERAGE,EST_MA_WINDOW,1,EST_FILTER_STRENGTH,0.35
TM,EST_FUSION,ON,EST_GYRO_WEIGHT,0.98,EST_VALID,1
TM,TEAM_CR,362,1023248,0.0,-4.6,-4.8,4.8,0.9,-7.4,-24.8,0.0,-7,1
TM,TEAM_CR,363,1023288,0.0,-4.6,-4.8,4.8,-0.2,-5.0,-24.6,0.0,-6,1
TM,TEAM_CR,364,1023328,0.0,-4.8,-4.8,4.8,0.7,-6.7,-24.4,0.0,-7,1
TM,TEAM_CR,365,1023368,0.0,-4.6,-4.7,4.7,0.7,-6.6,-24.2,0.0,-7,1
TM,TEAM_CR,366,1023420,0.0,-4.6,-4.8,4.8,-0.2,-4.7,-24.1,0.0,-5,1
TM,TEAM_CR,367,1023460,0.0,-5.0,-4.7,4.7,0.9,-6.8,-23.9,0.0,-7,1
TM,TEAM_CR,368,1023500,0.0,-4.6,-4.7,4.7,0.4,-5.7,-23.7,0.0,-6,1
TM,TEAM_CR,369,1023540,0.0,-4.3,-4.7,4.7,-0.1,-4.6,-23.5,0.0,-5,1
TM,TEAM_CR,370,1023580,0.0,-4.5,-4.7,4.7,0.5,-5.6,-23.3,0.0,-6,1
TM,TEAM_CR,371,1023621,0.0,-4.4,-4.6,4.6,0.0,-4.6,-23.1,0.0,-5,1
TM,TEAM_CR,372,1023660,0.0,-4.6,-4.6,4.6,-0.3,-3.7,-22.9,0.0,-4,1
TM,SUN_L,3719,SUN_R,3726,SUN_NDV,-0.0009,SUN_ANGLE,-1.06
TM,MAG_X,-10.16,MAG_Y,45.90,MAG_Z,12.21,MAG_HEADING,102.48
TM,GYRO_X,-1.225,GYRO_Y,-2.214,GYRO_Z,-0.010,BODY_RATE,0.010
TM,TEAM_CR,373,1023700,0.0,-4.2,-4.6,4.6,0.7,-5.7,-22.7,0.0,-6,1
TM,TEAM_CR,374,1023749,0.0,-4.2,-4.6,4.6,0.3,-4.8,-22.6,0.0,-5,1
TM,TEAM_CR,375,1023800,0.0,-4.5,-4.6,4.6,0.1,-4.3,-22.4,0.0,-4,1
TM,TEAM_CR,376,1023840,0.0,-4.3,-4.6,4.6,0.4,-4.8,-22.2,0.0,-5,1
TM,TEAM_CR,377,1023880,0.0,-4.3,-4.6,4.6,-0.2,-3.4,-22.0,0.0,-3,1
TM,TEAM_CR,378,1023920,0.0,-4.3,-4.6,4.6,0.0,-3.6,-21.8,0.0,-4,1
TM,TEAM_CR,379,1023960,0.0,-4.6,-4.5,4.5,0.6,-4.7,-21.6,0.0,-5,1
TM,TEAM_CR,380,1024000,0.0,-4.5,-4.5,4.5,-0.3,-2.8,-21.5,0.0,-3,1
TM,TEAM_CR,381,1024041,0.0,-4.4,-4.5,4.5,-0.3,-2.6,-21.3,0.0,-3,1
TM,TEAM_CR,382,1024080,0.0,-4.3,-4.5,4.5,0.6,-4.2,-21.1,0.0,-4,1
TM,TEAM_CR,383,1024120,0.0,-4.7,-4.5,4.5,0.3,-3.6,-20.9,0.0,-4,1
TM,TEAM_CR,384,1024160,0.0,-4.4,-4.5,4.5,-0.2,-2.2,-20.7,0.0,-2,1
TM,ADCS_MODE,MANUAL,ADCS_REFERENCE,SUN,TARGET,0.00,POINTING_ERROR,1.04,SUN_ERROR,1.13,MAG_ERROR,-102.48,GYRO_Z,-0.587,RW_CMD,0
TM,EST_RAW,-1.13,EST_FILTERED,-1.13,EST_ANGLE,-1.04,EST_FILTER,ON,EST_FILTER_TYPE,MOVING_AVERAGE,EST_MA_WINDOW,1,EST_FILTER_STRENGTH,0.35
TM,EST_FUSION,ON,EST_GYRO_WEIGHT,0.98,EST_VALID,1
TM,TEAM_CR,385,1024202,0.0,-4.4,-4.5,4.5,0.7,-3.9,-20.6,0.0,-4,1
TM,TEAM_CR,386,1024250,0.0,-4.6,-4.5,4.5,0.3,-3.1,-20.4,0.0,-3,1
TM,TEAM_CR,387,1024289,0.0,-4.9,-4.5,4.5,-0.2,-1.8,-20.2,0.0,-2,1
TM,TEAM_CR,388,1024329,0.0,-4.4,-4.5,4.5,0.5,-3.1,-20.0,0.0,-3,1
TM,TEAM_CR,389,1024369,0.0,-4.5,-4.5,4.5,0.1,-2.3,-19.8,0.0,-2,1
TM,TEAM_CR,390,1024420,0.0,-4.5,-4.5,4.5,-0.3,-1.2,-19.7,0.0,-1,1
TM,SUN_L,3722,SUN_R,3727,SUN_NDV,-0.0007,SUN_ANGLE,-1.23
TM,MAG_X,-10.10,MAG_Y,45.95,MAG_Z,11.84,MAG_HEADING,102.39
TM,GYRO_X,-1.592,GYRO_Y,-2.170,GYRO_Z,1.119,BODY_RATE,-1.119
TM,TEAM_CR,391,1024460,0.0,-5.0,-4.5,4.5,0.7,-3.1,-19.5,0.0,-3,1
TM,TEAM_CR,392,1024500,0.0,-4.5,-4.4,4.4,0.5,-2.7,-19.3,0.0,-3,1
TM,TEAM_CR,393,1024540,0.0,-4.5,-4.4,4.4,-0.3,-0.7,-19.1,0.0,-1,1
TM,TEAM_CR,394,1024580,0.0,-4.4,-4.4,4.4,0.3,-1.9,-19.0,0.0,-2,1
TM,TEAM_CR,395,1024620,0.0,-4.5,-4.4,4.4,0.2,-1.6,-18.8,0.0,-2,1
TM,TEAM_CR,396,1024660,0.0,-4.5,-4.4,4.4,-0.2,-0.6,-18.6,0.0,-1,1
TM,TEAM_CR,397,1024700,0.0,-4.4,-4.4,4.4,0.2,-1.3,-18.4,0.0,-1,1
TM,TEAM_CR,398,1024748,0.0,-4.3,-4.4,4.4,0.2,-1.1,-18.3,0.0,-1,1
TM,TEAM_CR,399,1024799,0.0,-4.4,-4.4,4.4,-0.1,-0.4,-18.1,0.0,0,1
TM,TEAM_CR,400,1024839,0.0,-4.3,-4.4,4.4,-0.2,0.2,-17.9,0.0,0,1
TM,TEAM_CR,401,1024880,0.0,-4.5,-4.4,4.4,0.0,-0.2,-17.7,0.0,0,1
TM,TEAM_CR,402,1024920,0.0,-4.2,-4.4,4.4,-0.5,1.0,-17.6,0.0,1,1
TM,TEAM_CR,403,1024959,0.0,-4.4,-4.4,4.4,-0.1,0.4,-17.4,0.0,0,1
TM,TEAM_CR,404,1025000,0.0,-4.4,-4.4,4.4,0.2,-0.1,-17.2,0.0,0,1
TM,TEAM_CR,405,1025040,0.0,-4.5,-4.4,4.4,-0.3,1.2,-17.0,0.0,1,1
TM,TEAM_CR,406,1025080,0.0,-4.5,-4.4,4.4,-0.2,1.3,-16.8,0.0,1,1
TM,TEAM_CR,407,1025120,0.0,-4.3,-4.4,4.4,0.8,-0.8,-16.7,0.0,-1,1
TM,ADCS_MODE,MANUAL,ADCS_REFERENCE,SUN,TARGET,0.00,POINTING_ERROR,1.05,SUN_ERROR,1.21,MAG_ERROR,-102.57,GYRO_Z,-0.552,RW_CMD,0
TM,EST_RAW,-1.21,EST_FILTERED,-1.21,EST_ANGLE,-1.05,EST_FILTER,ON,EST_FILTER_TYPE,MOVING_AVERAGE,EST_MA_WINDOW,1,EST_FILTER_STRENGTH,0.35
TM,EST_FUSION,ON,EST_GYRO_WEIGHT,0.98,EST_VALID,1
TM,TEAM_CR,408,1025160,0.0,-4.3,-4.4,4.4,0.3,0.3,-16.5,0.0,0,1
TM,SUN_L,3721,SUN_R,3725,SUN_NDV,-0.0005,SUN_ANGLE,-0.99
TM,MAG_X,-10.24,MAG_Y,45.94,MAG_Z,12.13,MAG_HEADING,102.57
TM,GYRO_X,-1.356,GYRO_Y,-1.750,GYRO_Z,-0.202,BODY_RATE,0.202
TM,TEAM_CR,409,1025200,0.0,-4.5,-4.4,4.4,-0.3,1.7,-16.3,0.0,2,1
TM,TEAM_CR,410,1025248,0.0,-4.3,-4.4,4.4,0.4,0.4,-16.2,0.0,0,1
TM,TEAM_CR,411,1025288,0.0,-4.2,-4.3,4.3,0.3,0.8,-16.0,0.0,1,1
TM,TEAM_CR,412,1025328,0.0,-4.4,-4.3,4.3,0.0,1.5,-15.8,0.0,1,1
TM,TEAM_CR,413,1025368,0.0,-4.4,-4.3,4.3,0.3,1.2,-15.6,0.0,1,1
TM,TEAM_CR,414,1025420,0.0,-4.1,-4.3,4.3,0.7,0.4,-15.5,0.0,0,1
TM,TEAM_CR,415,1025460,0.0,-4.3,-4.3,4.3,-0.3,2.5,-15.3,0.0,2,1
TM,TEAM_CR,416,1025500,0.0,-4.2,-4.3,4.3,-0.1,2.4,-15.1,0.0,2,1
TM,TEAM_CR,417,1025540,0.0,-4.2,-4.3,4.3,0.7,0.8,-14.9,0.0,1,1
TM,TEAM_CR,418,1025580,0.0,-4.4,-4.3,4.3,0.2,1.9,-14.8,0.0,2,1
TM,TEAM_CR,419,1025620,0.0,-4.3,-4.3,4.3,-0.4,3.4,-14.6,0.0,3,1
TM,TEAM_CR,420,1025660,0.0,-4.3,-4.3,4.3,0.4,2.0,-14.4,0.0,3,1
TM,TEAM_CR,421,1025700,0.0,-4.4,-4.3,4.3,1.1,0.6,-14.3,0.0,1,1
TM,TEAM_CR,422,1025748,0.0,-4.5,-4.3,4.3,0.0,3.0,-14.1,0.0,3,1
TM,TEAM_CR,423,1025801,0.0,-4.2,-4.2,4.2,0.3,2.5,-13.9,0.0,3,1
TM,TEAM_CR,424,1025841,0.0,-4.7,-4.2,4.2,0.9,1.3,-13.7,0.0,1,1
TM,TEAM_CR,425,1025880,0.0,-4.3,-4.2,4.2,0.1,3.1,-13.6,0.0,3,1
TM,TEAM_CR,426,1025920,0.0,-4.3,-4.2,4.2,-0.4,4.4,-13.4,0.0,4,1
TM,TEAM_CR,427,1025960,0.0,-4.3,-4.2,4.2,0.6,2.5,-13.2,0.0,3,1
TM,SUN_L,3722,SUN_R,3727,SUN_NDV,-0.0007,SUN_ANGLE,-1.07
TM,MAG_X,-10.34,MAG_Y,46.03,MAG_Z,12.29,MAG_HEADING,102.66
TM,GYRO_X,-1.505,GYRO_Y,-2.118,GYRO_Z,0.471,BODY_RATE,-0.471
TM,TEAM_CR,428,1026000,0.0,-4.1,-4.2,4.2,0.6,2.6,-13.1,0.0,3,1
TM,TEAM_CR,429,1026040,0.0,-4.2,-4.2,4.2,0.0,3.9,-12.9,0.0,4,1
TM,ADCS_MODE,MANUAL,ADCS_REFERENCE,SUN,TARGET,0.00,POINTING_ERROR,1.04,SUN_ERROR,1.00,MAG_ERROR,-102.66,GYRO_Z,0.366,RW_CMD,0
TM,EST_RAW,-1.00,EST_FILTERED,-1.00,EST_ANGLE,-1.04,EST_FILTER,ON,EST_FILTER_TYPE,MOVING_AVERAGE,EST_MA_WINDOW,1,EST_FILTER_STRENGTH,0.35
TM,EST_FUSION,ON,EST_GYRO_WEIGHT,0.98,EST_VALID,1
TM,TEAM_CR,430,1026080,0.0,-4.4,-4.2,4.2,0.0,4.1,-12.7,0.0,4,1
TM,TEAM_CR,431,1026120,0.0,-4.2,-4.2,4.2,0.6,3.1,-12.6,0.0,3,1
TM,TEAM_CR,432,1026160,0.0,-4.1,-4.2,4.2,0.1,4.1,-12.4,0.0,4,1
TM,TEAM_CR,433,1026201,0.0,-4.2,-4.2,4.2,-0.3,5.2,-12.2,0.0,5,1
TM,TEAM_CR,434,1026248,0.0,-4.2,-4.2,4.2,0.2,4.4,-12.1,0.0,5,1
TM,TEAM_CR,435,1026288,0.0,-4.3,-4.2,4.2,0.8,3.3,-11.9,0.0,3,1
TM,TEAM_CR,436,1026328,0.0,-4.1,-4.2,4.2,0.0,5.0,-11.7,0.0,5,1
TM,TEAM_CR,437,1026369,0.0,-4.2,-4.2,4.2,-0.4,6.1,-11.6,0.0,6,1
TM,TEAM_CR,438,1026420,0.0,-4.2,-4.2,4.2,0.6,4.1,-11.4,0.0,4,1
TM,TEAM_CR,439,1026460,0.0,-4.3,-4.2,4.2,-0.1,5.7,-11.2,0.0,6,1
TM,TEAM_CR,440,1026500,0.0,-4.2,-4.2,4.2,-0.1,5.9,-11.1,0.0,6,1
TM,TEAM_CR,441,1026540,0.0,-4.1,-4.2,4.2,0.0,5.9,-10.9,0.0,6,1
TM,TEAM_CR,442,1026580,0.0,-4.2,-4.2,4.2,0.8,4.3,-10.7,0.0,4,1
TM,TEAM_CR,443,1026621,0.0,-4.2,-4.2,4.2,-0.2,6.4,-10.6,0.0,6,1
TM,TEAM_CR,444,1026660,0.0,-4.2,-4.2,4.2,-0.4,7.0,-10.4,0.0,7,1
TM,TEAM_CR,445,1026700,0.0,-4.2,-4.2,4.2,0.1,6.2,-10.2,0.0,6,1
TM,SUN_L,3720,SUN_R,3727,SUN_NDV,-0.0009,SUN_ANGLE,-0.89
TM,MAG_X,-10.29,MAG_Y,45.94,MAG_Z,12.10,MAG_HEADING,102.62
TM,GYRO_X,-1.181,GYRO_Y,-2.030,GYRO_Z,-0.474,BODY_RATE,0.474
TM,TEAM_CR,446,1026749,0.0,-3.9,-4.1,4.1,0.1,6.2,-10.1,0.0,6,1
TM,TEAM_CR,447,1026800,0.0,-4.1,-4.2,4.2,-0.5,7.8,-9.9,0.0,8,1
TM,TEAM_CR,448,1026840,0.0,-4.2,-4.2,4.2,-0.5,8.0,-9.7,0.0,8,1
TM,TEAM_CR,449,1026880,0.0,-4.1,-4.2,4.2,0.2,6.7,-9.6,0.0,7,1
TM,TEAM_CR,450,1026920,0.0,-4.3,-4.1,4.1,0.5,6.1,-9.4,0.0,6,1
TM,TEAM_CR,451,1026960,0.0,-4.1,-4.1,4.1,-0.4,8.1,-9.2,0.0,8,1
TM,TEAM_CR,452,1027000,0.0,-4.4,-4.2,4.2,-0.3,8.3,-9.1,0.0,8,1
TM,ADCS_MODE,MANUAL,ADCS_REFERENCE,SUN,TARGET,0.00,POINTING_ERROR,1.01,SUN_ERROR,0.95,MAG_ERROR,-102.62,GYRO_Z,0.270,RW_CMD,0
TM,EST_RAW,-0.95,EST_FILTERED,-0.95,EST_ANGLE,-1.01,EST_FILTER,ON,EST_FILTER_TYPE,MOVING_AVERAGE,EST_MA_WINDOW,1,EST_FILTER_STRENGTH,0.35
TM,EST_FUSION,ON,EST_GYRO_WEIGHT,0.98,EST_VALID,1
TM,TEAM_CR,453,1027041,0.0,-3.9,-4.2,4.2,0.3,7.2,-8.9,0.0,7,1
TM,TEAM_CR,454,1027080,0.0,-4.0,-4.1,4.1,0.5,6.7,-8.7,0.0,7,1
TM,TEAM_CR,455,1027120,0.0,-4.2,-4.1,4.1,-0.1,8.1,-8.6,0.0,8,1
TM,TEAM_CR,456,1027160,0.0,-4.1,-4.1,4.1,-0.2,8.6,-8.4,0.0,9,1
TM,TEAM_CR,457,1027204,0.0,-4.3,-4.1,4.1,-0.1,28.5,-8.2,19.8,11,1
TM,TEAM_CR,458,1027250,0.0,-4.3,-4.1,4.1,1.4,25.2,-8.1,19.4,25,1
TM,TEAM_CR,459,1027290,0.0,-4.0,-4.0,4.0,2.5,22.3,-7.9,19.0,22,1
TM,TEAM_CR,460,1027329,0.0,-4.2,-3.9,3.9,2.9,20.9,-7.7,18.6,21,1
TM,TEAM_CR,461,1027369,0.0,-4.0,-3.8,3.8,3.2,19.5,-7.6,18.3,20,1
TM,TEAM_CR,462,1027420,0.0,-3.2,-3.5,3.5,5.2,14.3,-7.5,17.9,14,1
TM,TEAM_CR,463,1027460,0.0,-3.9,-3.3,3.3,6.4,10.8,-7.3,17.6,11,1
TM,SUN_L,3722,SUN_R,3727,SUN_NDV,-0.0007,SUN_ANGLE,-0.98
TM,MAG_X,-10.18,MAG_Y,46.02,MAG_Z,12.38,MAG_HEADING,102.47
TM,GYRO_X,-0.831,GYRO_Y,-2.214,GYRO_Z,-0.692,BODY_RATE,0.692
TM,TEAM_CR,464,1027500,0.0,-3.4,-3.1,3.1,5.1,12.3,-7.2,17.2,12,1
TM,TEAM_CR,465,1027541,0.0,-3.3,-3.0,3.0,3.0,15.7,-7.1,16.9,16,1
TM,TEAM_CR,466,1027580,0.0,-3.5,-2.9,2.9,0.7,20.1,-7.0,16.5,20,1
TM,TEAM_CR,467,1027620,0.0,-3.3,-2.9,2.9,1.2,18.7,-6.8,16.2,19,1
TM,TEAM_CR,468,1027660,0.0,-2.9,-2.9,2.9,0.3,20.2,-6.7,15.9,20,1
TM,TEAM_CR,469,1027700,0.0,-3.2,-2.9,2.9,0.1,20.4,-6.6,15.6,20,1
TM,TEAM_CR,470,1027748,0.0,-3.3,-2.9,2.9,0.2,20.2,-6.5,15.3,20,1
TM,TEAM_CR,471,1027799,0.0,-3.0,-2.9,2.9,0.7,18.9,-6.4,15.0,19,1
TM,TEAM_CR,472,1027839,0.0,-2.9,-2.9,2.9,0.3,19.4,-6.3,14.7,19,1
TM,TEAM_CR,473,1027880,0.0,-3.2,-2.9,2.9,0.1,19.9,-6.1,14.4,20,1
TM,TEAM_CR,474,1027920,0.0,-3.2,-2.9,2.9,0.3,19.3,-6.0,14.1,19,1
TM,TEAM_CR,475,1027959,0.0,-3.3,-2.9,2.9,0.3,19.2,-5.9,13.8,19,1
TM,ADCS_MODE,MANUAL,ADCS_REFERENCE,SUN,TARGET,0.00,POINTING_ERROR,1.08,SUN_ERROR,0.95,MAG_ERROR,-102.51,GYRO_Z,0.340,RW_CMD,0
TM,EST_RAW,-0.95,EST_FILTERED,-0.95,EST_ANGLE,-1.08,EST_FILTER,ON,EST_FILTER_TYPE,MOVING_AVERAGE,EST_MA_WINDOW,1,EST_FILTER_STRENGTH,0.35
TM,EST_FUSION,ON,EST_GYRO_WEIGHT,0.98,EST_VALID,1
TM,TEAM_CR,476,1028000,0.0,-3.3,-2.9,2.9,0.5,18.6,-5.8,13.5,19,1
TM,TEAM_CR,477,1028040,0.0,-3.3,-2.9,2.9,0.1,19.2,-5.7,13.3,19,1
TM,TEAM_CR,478,1028080,0.0,-3.1,-2.9,2.9,-0.1,19.5,-5.6,13.0,19,1
TM,TEAM_CR,479,1028120,0.0,-3.2,-2.9,2.9,0.1,19.0,-5.4,12.8,19,1
TM,TEAM_CR,480,1028160,0.0,-3.2,-2.9,2.9,0.1,18.9,-5.3,12.5,19,1
TM,TEAM_CR,481,1028200,0.0,-3.3,-2.9,2.9,1.1,16.7,-5.2,12.3,18,1
TM,SUN_L,3721,SUN_R,3726,SUN_NDV,-0.0007,SUN_ANGLE,-0.99
TM,MAG_X,-10.19,MAG_Y,45.94,MAG_Z,12.48,MAG_HEADING,102.51
TM,GYRO_X,-1.146,GYRO_Y,-2.091,GYRO_Z,0.165,BODY_RATE,-0.165
TM,TEAM_CR,482,1028248,0.0,-3.1,-2.9,2.9,0.1,18.5,-5.1,12.0,19,1
TM,TEAM_CR,483,1028288,0.0,-3.1,-2.9,2.9,-0.1,18.9,-5.0,11.8,19,1
TM,TEAM_CR,484,1028328,0.0,-3.1,-3.0,3.0,0.1,18.5,-4.9,11.5,18,1
TM,TEAM_CR,485,1028368,0.0,-3.2,-3.0,3.0,-0.2,19.0,-4.7,11.3,19,1
TM,TEAM_CR,486,1028420,0.0,-3.2,-3.0,3.0,0.4,17.6,-4.6,11.1,18,1
TM,TEAM_CR,487,1028460,0.0,-3.1,-3.0,3.0,0.2,18.0,-4.5,10.9,18,1
TM,TEAM_CR,488,1028500,0.0,-3.4,-3.0,3.0,0.3,17.7,-4.4,10.7,18,1
TM,TEAM_CR,489,1028540,0.0,-3.1,-3.0,3.0,0.0,18.3,-4.3,10.4,18,1
TM,TEAM_CR,490,1028580,0.0,-3.2,-3.0,3.0,0.0,18.2,-4.1,10.2,18,1
TM,TEAM_CR,491,1028620,0.0,-3.5,-3.0,3.0,0.1,18.1,-4.0,10.0,18,1
TM,TEAM_CR,492,1028660,0.0,-3.2,-3.0,3.0,0.5,17.1,-3.9,9.8,17,1
TM,TEAM_CR,493,1028700,0.0,-3.2,-3.0,3.0,0.0,17.9,-3.8,9.6,18,1
TM,TEAM_CR,494,1028748,0.0,-2.9,-3.0,3.0,-0.1,18.1,-3.7,9.4,18,1
TM,TEAM_CR,495,1028801,0.0,-3.1,-3.0,3.0,0.2,17.4,-3.5,9.3,17,1
TM,TEAM_CR,496,1028841,0.0,-3.1,-3.0,3.0,0.4,17.1,-3.4,9.1,17,1
TM,TEAM_CR,497,1028880,0.0,-3.3,-3.0,3.0,0.0,17.7,-3.3,8.9,18,1
TM,TEAM_CR,498,1028920,0.0,-3.0,-3.0,3.0,0.5,16.8,-3.2,8.7,17,1
TM,ADCS_MODE,MANUAL,ADCS_REFERENCE,SUN,TARGET,0.00,POINTING_ERROR,1.07,SUN_ERROR,1.20,MAG_ERROR,-102.62,GYRO_Z,1.110,RW_CMD,0
TM,EST_RAW,-1.20,EST_FILTERED,-1.20,EST_ANGLE,-1.07,EST_FILTER,ON,EST_FILTER_TYPE,MOVING_AVERAGE,EST_MA_WINDOW,1,EST_FILTER_STRENGTH,0.35
TM,EST_FUSION,ON,EST_GYRO_WEIGHT,0.98,EST_VALID,1
TM,TEAM_CR,499,1028960,0.0,-3.1,-3.0,3.0,-0.2,18.0,-3.1,8.5,18,1
TM,SUN_L,3721,SUN_R,3725,SUN_NDV,-0.0005,SUN_ANGLE,-1.40
TM,MAG_X,-10.24,MAG_Y,45.95,MAG_Z,12.37,MAG_HEADING,102.56
TM,GYRO_X,-1.339,GYRO_Y,-1.855,GYRO_Z,0.655,BODY_RATE,-0.655
TM,TEAM_CR,500,1029000,0.0,-3.3,-3.0,3.0,-0.1,17.7,-2.9,8.4,18,1
TM,TEAM_CR,501,1029040,0.0,-3.0,-3.0,3.0,-0.3,18.3,-2.8,8.2,18,1
TM,TEAM_CR,502,1029080,0.0,-3.1,-3.0,3.0,0.3,17.0,-2.7,8.1,17,1
TM,TEAM_CR,503,1029120,0.0,-3.0,-3.0,3.0,0.3,16.9,-2.6,7.9,17,1
TM,TEAM_CR,504,1029160,0.0,-2.9,-3.0,3.0,0.2,17.1,-2.4,7.7,17,1
TM,TEAM_CR,505,1029201,0.0,-3.2,-3.0,3.0,0.1,17.2,-2.3,7.6,17,1
TM,TEAM_CR,506,1029249,0.0,-3.3,-3.0,3.0,0.1,17.2,-2.2,7.4,17,1
TM,TEAM_CR,507,1029289,0.0,-3.2,-3.0,3.0,-0.1,17.5,-2.1,7.3,17,1
TM,TEAM_CR,508,1029329,0.0,-2.9,-3.0,3.0,-0.1,17.4,-2.0,7.1,17,1
TM,TEAM_CR,509,1029369,0.0,-3.1,-3.0,3.0,0.1,17.0,-1.8,7.0,17,1
TM,TEAM_CR,510,1029420,0.0,-3.1,-3.0,3.0,0.0,17.3,-1.7,6.9,17,1
TM,TEAM_CR,511,1029460,0.0,-3.1,-3.0,3.0,-0.1,17.5,-1.6,6.7,17,1
TM,TEAM_CR,512,1029500,0.0,-3.0,-3.0,3.0,0.1,17.1,-1.5,6.6,17,1
TM,TEAM_CR,513,1029540,0.0,-3.1,-3.0,3.0,1.2,14.7,-1.4,6.5,15,1
TM,TEAM_CR,514,1029580,0.0,-3.2,-3.0,3.0,0.2,16.7,-1.2,6.3,17,1
TM,TEAM_CR,515,1029621,0.0,-2.6,-3.0,3.0,0.1,16.8,-1.1,6.2,17,1
TM,TEAM_CR,516,1029660,0.0,-3.1,-3.0,3.0,-0.3,17.6,-1.0,6.1,18,1
TM,TEAM_CR,517,1029701,0.0,-3.1,-3.0,3.0,0.1,17.0,-0.9,6.0,17,1
TM,TEAM_CR,518,1029748,0.0,-3.4,-3.0,3.0,0.1,17.1,-0.8,5.8,17,1
TM,SUN_L,3720,SUN_R,3725,SUN_NDV,-0.0007,SUN_ANGLE,-1.12
TM,MAG_X,-10.10,MAG_Y,45.98,MAG_Z,12.22,MAG_HEADING,102.38
TM,GYRO_X,-1.400,GYRO_Y,-2.004,GYRO_Z,0.349,BODY_RATE,-0.349
TM,TEAM_CR,519,1029801,0.0,-3.2,-3.0,3.0,0.1,17.1,-0.6,5.7,17,1
TM,TEAM_CR,520,1029840,0.0,-3.2,-3.0,3.0,0.0,17.3,-0.5,5.6,17,1
TM,ADCS_MODE,MANUAL,ADCS_REFERENCE,SUN,TARGET,0.00,POINTING_ERROR,1.06,SUN_ERROR,1.07,MAG_ERROR,-102.38,GYRO_Z,0.358,RW_CMD,0
TM,EST_RAW,-1.07,EST_FILTERED,-1.07,EST_ANGLE,-1.06,EST_FILTER,ON,EST_FILTER_TYPE,MOVING_AVERAGE,EST_MA_WINDOW,1,EST_FILTER_STRENGTH,0.35
TM,EST_FUSION,ON,EST_GYRO_WEIGHT,0.98,EST_VALID,1
TM,TEAM_CR,521,1029880,0.0,-2.8,-3.0,3.0,1.7,13.7,-0.4,5.5,16,1
TM,TEAM_CR,522,1029920,0.0,-3.0,-3.0,3.0,-0.2,17.4,-0.3,5.4,17,1
TM,TEAM_CR,523,1029960,0.0,-3.0,-3.0,3.0,-0.1,17.2,-0.2,5.3,17,1
TM,TEAM_CR,524,1030000,0.0,-3.1,-3.0,3.0,0.1,16.9,0.0,5.2,17,1
TM,TEAM_CR,525,1030040,0.0,-3.2,-3.0,3.0,-0.3,17.7,0.1,5.1,18,1
TM,TEAM_CR,526,1030081,0.0,-3.1,-3.0,3.0,0.2,16.8,0.2,5.0,17,1
TM,TEAM_CR,527,1030120,0.0,-3.1,-3.0,3.0,0.3,16.6,0.3,4.9,17,1
TM,TEAM_CR,528,1030160,0.0,-3.1,-3.0,3.0,0.0,17.3,0.4,4.8,17,1
TM,TEAM_CR,529,1030200,0.0,-2.9,-3.0,3.0,0.5,16.1,0.5,4.7,16,1
TM,TEAM_CR,530,1030249,0.0,-2.8,-3.0,3.0,0.1,17.1,0.7,4.6,17,1
TM,TEAM_CR,531,1030290,0.0,-3.0,-2.9,2.9,1.5,14.1,0.8,4.5,14,1
TM,TEAM_CR,532,1030330,0.0,-2.9,-2.9,2.9,0.0,16.9,0.9,4.4,17,1
TM,TEAM_CR,533,1030369,0.0,-2.8,-2.9,2.9,0.1,16.9,1.0,4.3,17,1
TM,TEAM_CR,534,1030419,0.0,-2.6,-2.9,2.9,0.2,16.6,1.1,4.2,17,1
TM,TEAM_CR,535,1030459,0.0,-3.2,-2.9,2.9,-0.4,17.9,1.3,4.2,18,1
TM,TEAM_CR,536,1030499,0.0,-2.8,-2.9,2.9,0.4,16.4,1.4,4.1,16,1
TM,TEAM_CR,537,1030540,0.0,-2.9,-2.9,2.9,-0.2,17.7,1.5,4.0,18,1
TM,SUN_L,3721,SUN_R,3726,SUN_NDV,-0.0007,SUN_ANGLE,-1.29
TM,MAG_X,-10.16,MAG_Y,45.98,MAG_Z,12.22,MAG_HEADING,102.46
TM,GYRO_X,-1.435,GYRO_Y,-2.301,GYRO_Z,0.559,BODY_RATE,-0.559
TM,TEAM_CR,538,1030579,0.0,-3.1,-2.9,2.9,0.5,16.3,1.6,3.9,16,1
TM,TEAM_CR,539,1030620,0.0,-2.8,-2.9,2.9,-0.1,17.5,1.7,3.8,17,1
TM,TEAM_CR,540,1030660,0.0,-3.0,-2.9,2.9,0.1,17.0,1.8,3.8,17,1
TM,TEAM_CR,541,1030700,0.0,-3.2,-2.9,2.9,0.0,17.4,2.0,3.7,17,1
TM,TEAM_CR,542,1030749,0.0,-3.0,-2.9,2.9,0.4,16.7,2.1,3.6,17,1
TM,TEAM_CR,543,1030800,0.0,-2.9,-2.9,2.9,0.5,16.2,2.2,3.5,15,1
TM,TEAM_CR,544,1030840,0.0,-3.4,-2.9,2.9,0.0,17.3,2.3,3.5,17,1
TM,ADCS_MODE,MANUAL,ADCS_REFERENCE,SUN,TARGET,0.00,POINTING_ERROR,1.02,SUN_ERROR,1.30,MAG_ERROR,-102.47,GYRO_Z,-1.349,RW_CMD,0
TM,EST_RAW,-1.30,EST_FILTERED,-1.30,EST_ANGLE,-1.02,EST_FILTER,ON,EST_FILTER_TYPE,MOVING_AVERAGE,EST_MA_WINDOW,1,EST_FILTER_STRENGTH,0.35
TM,EST_FUSION,ON,EST_GYRO_WEIGHT,0.98,EST_VALID,1
TM,TEAM_CR,545,1030880,0.0,-3.0,-2.9,2.9,0.6,16.0,2.4,3.4,16,1
TM,TEAM_CR,546,1030920,0.0,-3.1,-2.9,2.9,-0.1,17.5,2.5,3.3,18,1
TM,TEAM_CR,547,1030961,0.0,-2.9,-2.9,2.9,0.0,17.4,2.6,3.3,17,1
TM,TEAM_CR,548,1031001,0.0,-3.0,-2.9,2.9,-0.2,17.8,2.8,3.2,18,1
TM,TEAM_CR,549,1031041,0.0,-2.9,-2.9,2.9,0.3,16.9,2.9,3.1,17,1
TM,TEAM_CR,550,1031080,0.0,-2.8,-2.9,2.9,0.5,16.5,3.0,3.1,17,1
TM,TEAM_CR,551,1031120,0.0,-2.8,-2.9,2.9,-0.5,18.6,3.1,3.0,19,1
TM,TEAM_CR,552,1031160,0.0,-3.0,-2.9,2.9,0.4,16.8,3.2,3.0,17,1
TM,TEAM_CR,553,1031200,0.0,-3.0,-2.9,2.9,0.1,17.4,3.3,2.9,17,1
TM,TEAM_CR,554,1031248,0.0,-3.0,-2.9,2.9,-0.1,18.1,3.4,2.8,18,1
TM,TEAM_CR,555,1031288,0.0,-2.7,-2.9,2.9,0.4,17.0,3.6,2.8,17,1
TM,SUN_L,3719,SUN_R,3725,SUN_NDV,-0.0008,SUN_ANGLE,-1.32
TM,MAG_X,-10.27,MAG_Y,46.13,MAG_Z,12.37,MAG_HEADING,102.55
TM,GYRO_X,-1.312,GYRO_Y,-1.829,GYRO_Z,-0.150,BODY_RATE,0.150
TM,TEAM_CR,556,1031328,0.0,-3.2,-2.9,2.9,-0.2,18.2,3.7,2.7,18,1
TM,TEAM_CR,557,1031368,0.0,-2.8,-2.9,2.9,0.1,17.7,3.8,2.7,18,1
TM,TEAM_CR,558,1031421,0.0,-3.0,-2.8,2.8,1.6,14.7,3.9,2.6,16,1
TM,TEAM_CR,559,1031460,0.0,-2.9,-2.8,2.8,1.8,14.0,4.0,2.6,14,1
TM,TEAM_CR,560,1031500,0.0,-2.8,-2.7,2.7,-0.2,18.0,4.1,2.5,18,1
TM,TEAM_CR,561,1031540,0.0,-2.8,-2.7,2.7,0.2,17.3,4.2,2.5,17,1
TM,TEAM_CR,562,1031580,0.0,-2.6,-2.7,2.7,0.4,16.9,4.3,2.4,17,1
TM,TEAM_CR,563,1031620,0.0,-2.6,-2.7,2.7,1.0,15.8,4.5,2.4,16,1
TM,TEAM_CR,564,1031660,0.0,-2.9,-2.7,2.7,-0.1,18.0,4.6,2.3,18,1
TM,TEAM_CR,565,1031700,0.0,-2.9,-2.7,2.7,0.0,17.9,4.7,2.3,18,1
TM,TEAM_CR,566,1031749,0.0,-2.7,-2.7,2.7,0.0,17.8,4.8,2.2,18,1
TM,TEAM_CR,567,1031800,0.0,-3.1,-2.7,2.7,0.1,17.8,4.9,2.2,18,1
TM,ADCS_MODE,MANUAL,ADCS_REFERENCE,SUN,TARGET,0.00,POINTING_ERROR,1.03,SUN_ERROR,0.80,MAG_ERROR,-102.55,GYRO_Z,1.040,RW_CMD,0
TM,EST_RAW,-0.80,EST_FILTERED,-0.80,EST_ANGLE,-1.03,EST_FILTER,ON,EST_FILTER_TYPE,MOVING_AVERAGE,EST_MA_WINDOW,1,EST_FILTER_STRENGTH,0.35
TM,EST_FUSION,ON,EST_GYRO_WEIGHT,0.98,EST_VALID,1
TM,TEAM_CR,568,1031841,0.0,-2.6,-2.7,2.7,0.1,17.8,5.0,2.2,18,1
TM,TEAM_CR,569,1031880,0.0,-2.8,-2.7,2.7,-0.1,18.2,5.1,2.1,18,1
TM,TEAM_CR,570,1031920,0.0,-2.8,-2.7,2.7,0.2,17.8,5.2,2.1,18,1
TM,TEAM_CR,571,1031960,0.0,-2.8,-2.7,2.7,0.3,17.5,5.3,2.0,17,1
TM,TEAM_CR,572,1032001,0.0,-2.5,-2.7,2.7,-0.2,18.6,5.4,2.0,19,1
TM,TEAM_CR,573,1032041,0.0,-2.9,-2.7,2.7,0.0,18.3,5.5,1.9,18,1
TM,SUN_L,3720,SUN_R,3726,SUN_NDV,-0.0008,SUN_ANGLE,-1.16
TM,MAG_X,-10.08,MAG_Y,46.19,MAG_Z,11.98,MAG_HEADING,102.31
TM,GYRO_X,-1.173,GYRO_Y,-2.196,GYRO_Z,0.008,BODY_RATE,-0.008
TM,TEAM_CR,574,1032081,0.0,-2.8,-2.7,2.7,-0.1,18.5,5.6,1.9,19,1
TM,TEAM_CR,575,1032121,0.0,-2.6,-2.7,2.7,0.2,18.1,5.8,1.9,18,1
TM,TEAM_CR,576,1032161,0.0,-2.8,-2.7,2.7,0.2,18.0,5.9,1.8,18,1
TM,TEAM_CR,577,1032201,0.0,-2.6,-2.7,2.7,0.2,18.2,6.0,1.8,18,1
TM,TEAM_CR,578,1032248,0.0,-2.9,-2.7,2.7,0.1,18.5,6.1,1.8,19,1
TM,TEAM_CR,579,1032288,0.0,-2.6,-2.7,2.7,0.1,18.5,6.2,1.7,18,1
TM,TEAM_CR,580,1032328,0.0,-2.9,-2.7,2.7,0.3,18.2,6.3,1.7,18,1
TM,TEAM_CR,581,1032368,0.0,-2.7,-2.7,2.7,-0.3,19.4,6.4,1.7,19,1
TM,TEAM_CR,582,1032420,0.0,-2.8,-2.7,2.7,-0.3,19.5,6.5,1.6,20,1
TM,TEAM_CR,583,1032460,0.0,-2.7,-2.7,2.7,0.3,18.4,6.6,1.6,18,1
TM,TEAM_CR,584,1032500,0.0,-2.7,-2.7,2.7,0.0,19.1,6.7,1.6,19,1
TM,TEAM_CR,585,1032540,0.0,-2.9,-2.7,2.7,-0.2,19.5,6.8,1.5,20,1
TM,TEAM_CR,586,1032580,0.0,-2.8,-2.7,2.7,0.1,19.1,6.9,1.5,19,1
TM,TEAM_CR,587,1032620,0.0,-2.7,-2.7,2.7,-0.1,19.6,7.0,1.5,20,1
TM,TEAM_CR,588,1032660,0.0,-2.9,-2.7,2.7,-0.1,19.6,7.2,1.4,20,1
TM,TEAM_CR,589,1032701,0.0,-2.5,-2.7,2.7,0.1,19.3,7.3,1.4,19,1
TM,TEAM_CR,590,1032748,0.0,-2.8,-2.7,2.7,-0.2,20.1,7.4,1.4,20,1
TM,ADCS_MODE,MANUAL,ADCS_REFERENCE,SUN,TARGET,0.00,POINTING_ERROR,1.06,SUN_ERROR,1.18,MAG_ERROR,-102.39,GYRO_Z,0.944,RW_CMD,0
TM,EST_RAW,-1.18,EST_FILTERED,-1.18,EST_ANGLE,-1.06,EST_FILTER,ON,EST_FILTER_TYPE,MOVING_AVERAGE,EST_MA_WINDOW,1,EST_FILTER_STRENGTH,0.35
TM,EST_FUSION,ON,EST_GYRO_WEIGHT,0.98,EST_VALID,1
TM,TEAM_CR,591,1032800,0.0,-2.6,-2.7,2.7,0.1,19.4,7.5,1.4,19,1
TM,SUN_L,3720,SUN_R,3725,SUN_NDV,-0.0007,SUN_ANGLE,-1.09
TM,MAG_X,-10.18,MAG_Y,46.34,MAG_Z,11.98,MAG_HEADING,102.39
TM,GYRO_X,-1.750,GYRO_Y,-2.100,GYRO_Z,1.443,BODY_RATE,-1.443
TM,TEAM_CR,592,1032840,0.0,-2.8,-2.7,2.7,0.1,19.5,7.6,1.3,20,1
TM,TEAM_CR,593,1032880,0.0,-2.9,-2.7,2.7,0.0,19.8,7.7,1.3,20,1
TM,TEAM_CR,594,1032920,0.0,-2.7,-2.7,2.7,-0.1,20.1,7.8,1.3,20,1
TM,TEAM_CR,595,1032964,0.0,-2.6,-2.7,2.7,0.0,40.0,7.9,21.1,24,1
TM,TEAM_CR,596,1033000,0.0,-3.0,-2.7,2.7,-0.2,40.1,8.0,20.6,40,1
TM,TEAM_CR,597,1033040,0.0,-2.6,-2.7,2.7,0.6,38.2,8.1,20.2,38,1
TM,TEAM_CR,598,1033080,0.0,-2.3,-2.7,2.7,0.1,38.7,8.2,19.8,39,1
TM,TEAM_CR,599,1033121,0.0,-2.3,-2.7,2.7,0.1,38.5,8.3,19.4,39,1
TM,TEAM_CR,600,1033160,0.0,-2.4,-2.7,2.7,0.3,37.7,8.5,19.1,38,1
TM,TEAM_CR,601,1033200,0.0,-2.8,-2.7,2.7,0.3,37.5,8.6,18.7,38,1
TM,TEAM_CR,602,1033249,0.0,-2.8,-2.6,2.6,0.3,37.1,8.7,18.3,37,1
TM,TEAM_CR,603,1033289,0.0,-3.0,-2.7,2.7,0.1,37.2,8.8,17.9,37,1
TM,TEAM_CR,604,1033329,0.0,-2.4,-2.7,2.7,-0.4,38.1,8.9,17.6,38,1
TM,TEAM_CR,605,1033369,0.0,-2.9,-2.8,2.8,-4.6,46.9,9.0,17.2,44,1
TM,TEAM_CR,606,1033420,0.0,-3.2,-3.1,3.1,-8.0,54.8,9.1,16.9,52,1
TM,TEAM_CR,607,1033460,0.0,-3.3,-3.5,3.5,-8.9,57.6,9.2,16.6,58,1
TM,TEAM_CR,608,1033500,0.0,-3.5,-3.7,3.7,-3.7,47.9,9.4,16.2,51,1
TM,TEAM_CR,609,1033540,0.0,-3.6,-3.8,3.8,-0.9,42.4,9.5,15.9,46,1
TM,TEAM_CR,610,1033580,0.0,-3.7,-3.8,3.8,-2.0,44.7,9.7,15.6,45,1
TM,SUN_L,3721,SUN_R,3725,SUN_NDV,-0.0005,SUN_ANGLE,-1.24
TM,MAG_X,-10.22,MAG_Y,46.32,MAG_Z,12.06,MAG_HEADING,102.45
TM,GYRO_X,-1.584,GYRO_Y,-2.144,GYRO_Z,1.338,BODY_RATE,-1.338
TM,TEAM_CR,611,1033620,0.0,-3.6,-3.9,3.9,-0.8,42.3,9.8,15.3,43,1
TM,TEAM_CR,612,1033660,0.0,-3.3,-3.8,3.8,1.4,37.5,10.0,15.0,40,1
TM,ADCS_MODE,MANUAL,ADCS_REFERENCE,SUN,TARGET,0.00,POINTING_ERROR,1.10,SUN_ERROR,1.01,MAG_ERROR,-102.45,GYRO_Z,1.145,RW_CMD,0
TM,EST_RAW,-1.01,EST_FILTERED,-1.01,EST_ANGLE,-1.10,EST_FILTER,ON,EST_FILTER_TYPE,MOVING_AVERAGE,EST_MA_WINDOW,1,EST_FILTER_STRENGTH,0.35
TM,EST_FUSION,ON,EST_GYRO_WEIGHT,0.98,EST_VALID,1
TM,TEAM_CR,613,1033700,0.0,-3.9,-3.8,3.8,0.4,39.4,10.2,14.7,39,1
TM,TEAM_CR,614,1033749,0.0,-3.7,-4.0,4.0,-4.6,49.9,10.3,14.4,48,1
TM,TEAM_CR,615,1033800,0.0,-4.1,-4.4,4.4,-10.1,62.6,10.5,14.1,58,9
TM,TEAM_CR,616,1033840,0.0,-4.3,-4.8,4.8,-11.5,66.8,10.5,13.8,60,9
TM,TEAM_CR,617,1033880,0.0,-4.9,-5.4,5.4,-14.2,74.1,10.5,13.6,60,9
TM,TEAM_CR,618,1033920,0.0,-6.1,-5.9,5.9,-12.5,72.4,10.5,13.3,60,9
TM,TEAM_CR,619,1033960,0.0,-6.4,-6.3,6.3,-9.7,68.2,10.5,13.0,60,9
TM,TEAM_CR,620,1034001,0.0,-8.4,-6.6,6.6,-5.1,60.0,10.5,12.8,60,9
TM,TEAM_CR,621,1034041,0.0,-7.7,-6.7,6.7,-2.3,54.7,10.6,12.5,55,1
TM,TEAM_CR,622,1034081,0.0,-7.2,-6.8,6.8,-1.7,53.9,10.9,12.3,54,1
TM,TEAM_CR,623,1034121,0.0,-7.4,-6.9,6.9,0.1,50.6,11.2,12.0,51,1
TM,TEAM_CR,624,1034161,0.0,-7.8,-6.9,6.9,0.6,49.5,11.4,11.8,50,1
TM,TEAM_CR,625,1034201,0.0,-7.2,-6.9,6.9,-0.4,51.7,11.7,11.6,52,1
TM,TEAM_CR,626,1034249,0.0,-7.6,-7.0,7.0,-1.0,53.3,12.0,11.3,53,1
TM,TEAM_CR,627,1034288,0.0,-8.4,-7.0,7.0,2.1,47.1,12.3,11.1,50,1
TM,TEAM_CR,628,1034328,0.0,-7.9,-6.9,6.9,2.3,46.5,12.5,10.9,47,1
TM,TEAM_CR,629,1034368,0.0,-7.3,-6.8,6.8,3.0,44.8,12.8,10.7,45,1
TM,SUN_L,3719,SUN_R,3725,SUN_NDV,-0.0008,SUN_ANGLE,-1.13
TM,MAG_X,-10.13,MAG_Y,46.42,MAG_Z,11.73,MAG_HEADING,102.31
TM,GYRO_X,-1.111,GYRO_Y,-2.004,GYRO_Z,0.393,BODY_RATE,-0.393
TM,TEAM_CR,630,1034420,0.0,-7.0,-6.7,6.7,2.8,44.7,13.1,10.5,45,1
TM,TEAM_CR,631,1034460,0.0,-7.1,-6.6,6.6,2.7,44.5,13.4,10.2,45,1
TM,TEAM_CR,632,1034500,0.0,-7.0,-6.5,6.5,3.2,43.3,13.6,10.0,43,1
TM,TEAM_CR,633,1034541,0.0,-6.5,-6.4,6.4,0.6,48.3,13.9,9.8,46,1
TM,TEAM_CR,634,1034580,0.0,-6.6,-6.4,6.4,1.6,46.1,14.1,9.7,48,1
TM,TEAM_CR,635,1034620,0.0,-6.2,-6.3,6.3,2.7,43.7,14.4,9.5,44,1
TM,ADCS_MODE,MANUAL,ADCS_REFERENCE,SUN,TARGET,0.00,POINTING_ERROR,1.10,SUN_ERROR,1.15,MAG_ERROR,-102.31,GYRO_Z,0.909,RW_CMD,0
TM,EST_RAW,-1.15,EST_FILTERED,-1.15,EST_ANGLE,-1.10,EST_FILTER,ON,EST_FILTER_TYPE,MOVING_AVERAGE,EST_MA_WINDOW,1,EST_FILTER_STRENGTH,0.35
TM,EST_FUSION,ON,EST_GYRO_WEIGHT,0.98,EST_VALID,1
TM,TEAM_CR,636,1034660,0.0,-5.5,-6.2,6.2,3.4,41.9,14.6,9.3,42,1
TM,TEAM_CR,637,1034700,0.0,-5.8,-6.0,6.0,4.6,38.7,14.9,9.1,41,1
TM,TEAM_CR,638,1034748,0.0,-6.5,-5.7,5.7,6.8,33.4,15.1,8.9,36,1
TM,TEAM_CR,639,1034800,0.0,-4.6,-5.3,5.3,8.6,28.0,15.3,8.7,28,1
TM,TEAM_CR,640,1034839,0.0,-4.3,-4.9,4.9,7.9,28.1,15.5,8.6,28,1
TM,TEAM_CR,641,1034880,0.0,-3.9,-4.6,4.6,6.8,29.1,15.7,8.4,29,1
TM,TEAM_CR,642,1034919,0.0,-3.9,-4.3,4.3,6.8,27.8,15.9,8.2,28,1
TM,TEAM_CR,643,1034959,0.0,-4.0,-4.1,4.1,6.6,27.2,16.0,8.1,27,1
TM,TEAM_CR,644,1035001,0.0,-3.6,-3.8,3.8,6.3,26.8,16.2,7.9,27,1
TM,TEAM_CR,645,1035040,0.0,-3.4,-3.6,3.6,5.3,27.8,16.3,7.7,28,1
TM,TEAM_CR,646,1035080,0.0,-3.5,-3.4,3.4,5.0,27.6,16.5,7.6,28,1
TM,TEAM_CR,647,1035120,0.0,-3.1,-3.2,3.2,4.3,28.4,16.6,7.4,28,1
TM,SUN_L,3720,SUN_R,3727,SUN_NDV,-0.0009,SUN_ANGLE,-1.16
TM,MAG_X,-10.32,MAG_Y,46.26,MAG_Z,12.08,MAG_HEADING,102.58
TM,GYRO_X,-1.067,GYRO_Y,-2.091,GYRO_Z,-0.622,BODY_RATE,0.622
TM,TEAM_CR,648,1035160,0.0,-3.1,-3.1,3.1,1.4,33.7,16.7,7.3,32,1
TM,TEAM_CR,649,1035200,0.0,-3.1,-3.1,3.1,0.4,35.5,16.9,7.1,36,1
TM,TEAM_CR,650,1035248,0.0,-2.9,-3.0,3.0,0.4,35.4,17.0,7.0,35,1
TM,TEAM_CR,651,1035288,0.0,-2.9,-3.0,3.0,-0.2,36.6,17.1,6.9,37,1
TM,TEAM_CR,652,1035328,0.0,-2.8,-3.1,3.1,-0.9,38.1,17.2,6.7,38,1
TM,TEAM_CR,653,1035368,0.0,-3.1,-3.1,3.1,0.5,35.2,17.3,6.6,35,1
TM,TEAM_CR,654,1035420,0.0,-2.8,-3.0,3.0,0.0,36.1,17.5,6.5,36,1
TM,TEAM_CR,655,1035460,0.0,-3.0,-3.0,3.0,0.0,36.1,17.6,6.3,36,1
TM,TEAM_CR,656,1035500,0.0,-3.1,-3.1,3.1,0.0,36.2,17.7,6.2,37,1
TM,TEAM_CR,657,1035540,0.0,-3.0,-3.1,3.1,-0.1,36.5,17.8,6.1,37,1
TM,TEAM_CR,658,1035580,0.0,-3.1,-3.0,3.0,1.2,33.8,18.0,6.0,34,1
TM,ADCS_MODE,MANUAL,ADCS_REFERENCE,SUN,TARGET,0.00,POINTING_ERROR,1.07,SUN_ERROR,0.99,MAG_ERROR,-102.31,GYRO_Z,0.043,RW_CMD,0
TM,EST_RAW,-0.99,EST_FILTERED,-0.99,EST_ANGLE,-1.07,EST_FILTER,ON,EST_FILTER_TYPE,MOVING_AVERAGE,EST_MA_WINDOW,1,EST_FILTER_STRENGTH,0.35
TM,EST_FUSION,ON,EST_GYRO_WEIGHT,0.98,EST_VALID,1
TM,TEAM_CR,659,1035620,0.0,-2.7,-2.9,2.9,2.8,30.1,18.1,5.9,30,1
TM,TEAM_CR,660,1035660,0.0,-2.9,-2.9,2.9,0.2,35.1,18.2,5.7,34,1
TM,TEAM_CR,661,1035700,0.0,-2.8,-2.9,2.9,0.3,34.9,18.3,5.6,35,1
TM,TEAM_CR,662,1035748,0.0,-3.1,-2.9,2.9,0.0,35.5,18.4,5.5,35,1
TM,TEAM_CR,663,1035800,0.0,-2.8,-2.9,2.9,0.8,33.7,18.5,5.4,35,1
TM,TEAM_CR,664,1035841,0.0,-2.9,-2.8,2.8,0.7,33.8,18.6,5.3,34,1
TM,TEAM_CR,665,1035880,0.0,-3.0,-2.9,2.9,-1.2,37.9,18.8,5.2,38,1
TM,SUN_L,3721,SUN_R,3728,SUN_NDV,-0.0009,SUN_ANGLE,-1.15
TM,MAG_X,-10.13,MAG_Y,46.42,MAG_Z,11.92,MAG_HEADING,102.31
TM,GYRO_X,-1.435,GYRO_Y,-2.135,GYRO_Z,0.935,BODY_RATE,-0.935
TM,TEAM_CR,666,1035920,0.0,-2.8,-2.9,2.9,-0.5,36.5,18.9,5.1,37,1
TM,TEAM_CR,667,1035960,0.0,-2.8,-2.9,2.9,-0.5,36.5,19.0,5.0,37,1
TM,TEAM_CR,668,1036000,0.0,-3.0,-2.9,2.9,-0.1,35.8,19.1,4.9,36,1
TM,TEAM_CR,669,1036040,0.0,-3.0,-2.9,2.9,-0.1,36.0,19.2,4.8,36,1
TM,TEAM_CR,670,1036080,0.0,-3.1,-2.9,2.9,0.0,35.7,19.3,4.7,36,1
TM,TEAM_CR,671,1036120,0.0,-3.1,-2.9,2.9,-0.4,36.7,19.5,4.6,37,1
TM,TEAM_CR,672,1036160,0.0,-3.1,-2.9,2.9,0.3,35.4,19.6,4.5,35,1
TM,TEAM_CR,673,1036200,0.0,-2.8,-2.9,2.9,1.8,32.1,19.7,4.4,32,1
TM,TEAM_CR,674,1036249,0.0,-2.9,-2.9,2.9,0.2,35.1,19.8,4.3,35,1
TM,TEAM_CR,675,1036289,0.0,-3.0,-2.9,2.9,0.0,35.7,19.9,4.3,36,1
TM,TEAM_CR,676,1036329,0.0,-2.9,-2.9,2.9,0.0,35.6,20.0,4.2,36,1
TM,TEAM_CR,677,1036369,0.0,-2.9,-2.8,2.8,0.4,34.8,20.1,4.1,35,1
TM,TEAM_CR,678,1036420,0.0,-3.0,-2.9,2.9,-0.6,37.0,20.3,4.0,37,1
TM,TEAM_CR,679,1036460,0.0,-2.9,-2.9,2.9,-0.5,36.8,20.4,3.9,37,1
TM,TEAM_CR,680,1036500,0.0,-2.6,-2.9,2.9,-0.4,36.8,20.5,3.8,37,1
TM,TEAM_CR,681,1036540,0.0,-3.1,-2.9,2.9,-0.3,36.8,20.6,3.8,37,1
TM,ADCS_MODE,MANUAL,ADCS_REFERENCE,SUN,TARGET,0.00,POINTING_ERROR,1.05,SUN_ERROR,0.70,MAG_ERROR,-102.47,GYRO_Z,-0.272,RW_CMD,0
TM,EST_RAW,-0.70,EST_FILTERED,-0.70,EST_ANGLE,-1.05,EST_FILTER,ON,EST_FILTER_TYPE,MOVING_AVERAGE,EST_MA_WINDOW,1,EST_FILTER_STRENGTH,0.35
TM,EST_FUSION,ON,EST_GYRO_WEIGHT,0.98,EST_VALID,1
TM,TEAM_CR,682,1036580,0.0,-2.9,-2.9,2.9,-0.6,37.3,20.7,3.7,37,1
TM,TEAM_CR,683,1036620,0.0,-3.0,-2.9,2.9,0.1,36.1,20.8,3.6,36,1
TM,SUN_L,3721,SUN_R,3727,SUN_NDV,-0.0008,SUN_ANGLE,-0.92
TM,MAG_X,-10.27,MAG_Y,46.43,MAG_Z,11.76,MAG_HEADING,102.47
TM,GYRO_X,-1.365,GYRO_Y,-1.977,GYRO_Z,0.471,BODY_RATE,-0.471
TM,TEAM_CR,684,1036660,0.0,-3.0,-2.9,2.9,1.5,33.1,21.0,3.6,34,1
TM,TEAM_CR,685,1036700,0.0,-3.0,-2.9,2.9,0.7,34.7,21.1,3.5,35,1
TM,TEAM_CR,686,1036749,0.0,-3.0,-2.9,2.9,0.2,35.7,21.2,3.4,36,1
TM,TEAM_CR,687,1036800,0.0,-2.6,-2.8,2.8,0.5,34.9,21.3,3.3,35,1
TM,TEAM_CR,688,1036840,0.0,-2.7,-2.9,2.9,-0.6,37.2,21.4,3.3,37,1
TM,TEAM_CR,689,1036880,0.0,-2.8,-2.9,2.9,-0.4,36.9,21.5,3.2,37,1
TM,TEAM_CR,690,1036920,0.0,-2.7,-2.9,2.9,-0.6,37.4,21.6,3.1,37,1
TM,TEAM_CR,691,1036960,0.0,-2.9,-2.9,2.9,-0.5,37.5,21.8,3.1,37,1
TM,TEAM_CR,692,1037000,0.0,-3.1,-2.9,2.9,-0.5,37.5,21.9,3.0,38,1
TM,TEAM_CR,693,1037040,0.0,-2.8,-2.9,2.9,0.4,36.0,22.0,3.0,37,1
TM,TEAM_CR,694,1037080,0.0,-2.7,-2.9,2.9,1.1,34.4,22.1,2.9,34,1
TM,TEAM_CR,695,1037121,0.0,-2.6,-2.8,2.8,1.1,34.2,22.2,2.8,34,1
TM,TEAM_CR,696,1037161,0.0,-2.9,-2.8,2.8,0.3,35.8,22.3,2.8,36,1
TM,TEAM_CR,697,1037200,0.0,-3.1,-2.8,2.8,-0.1,36.6,22.5,2.7,37,1
TM,TEAM_CR,698,1037249,0.0,-2.6,-2.8,2.8,-0.6,37.9,22.6,2.7,38,1
TM,TEAM_CR,699,1037289,0.0,-2.8,-2.9,2.9,-0.7,38.2,22.7,2.6,38,1
TM,TEAM_CR,700,1037329,0.0,-2.8,-2.9,2.9,-0.6,38.2,22.8,2.6,38,1
TM,TEAM_CR,701,1037369,0.0,-3.0,-2.9,2.9,-0.7,38.5,22.9,2.5,39,1
TM,TEAM_CR,702,1037420,0.0,-2.9,-2.9,2.9,1.5,34.1,23.0,2.5,35,1
TM,SUN_L,3722,SUN_R,3724,SUN_NDV,-0.0003,SUN_ANGLE,-1.11
TM,MAG_X,-10.16,MAG_Y,46.48,MAG_Z,11.97,MAG_HEADING,102.33
TM,GYRO_X,-1.339,GYRO_Y,-2.179,GYRO_Z,-0.325,BODY_RATE,0.325
TM,TEAM_CR,703,1037460,0.0,-2.9,-2.8,2.8,0.9,35.1,23.1,2.4,35,1
TM,ADCS_MODE,MANUAL,ADCS_REFERENCE,SUN,TARGET,0.00,POINTING_ERROR,1.10,SUN_ERROR,1.18,MAG_ERROR,-102.33,GYRO_Z,0.209,RW_CMD,0
TM,EST_RAW,-1.18,EST_FILTERED,-1.18,EST_ANGLE,-1.10,EST_FILTER,ON,EST_FILTER_TYPE,MOVING_AVERAGE,EST_MA_WINDOW,1,EST_FILTER_STRENGTH,0.35
TM,EST_FUSION,ON,EST_GYRO_WEIGHT,0.98,EST_VALID,1
TM,TEAM_CR,704,1037500,0.0,-2.7,-2.8,2.8,0.4,36.1,23.3,2.4,36,1
TM,TEAM_CR,705,1037540,0.0,-3.1,-2.8,2.8,-0.4,37.8,23.4,2.3,38,1
TM,TEAM_CR,706,1037580,0.0,-2.7,-2.8,2.8,-0.3,37.5,23.5,2.3,38,1
TM,TEAM_CR,707,1037620,0.0,-2.7,-2.8,2.8,-0.8,38.8,23.6,2.2,39,1
TM,TEAM_CR,708,1037660,0.0,-2.9,-2.9,2.9,-0.3,38.0,23.7,2.2,38,1
TM,TEAM_CR,709,1037700,0.0,-3.0,-2.9,2.9,-0.6,38.8,23.8,2.2,39,1
TM,TEAM_CR,710,1037749,0.0,-2.9,-2.9,2.9,0.9,35.7,23.9,2.1,36,1
TM,TEAM_CR,711,1037800,0.0,-3.5,-2.8,2.8,0.8,35.8,24.0,2.1,36,1
TM,TEAM_CR,712,1037840,0.0,-2.8,-2.8,2.8,0.6,36.2,24.2,2.0,36,1
TM,TEAM_CR,713,1037880,0.0,-2.6,-2.8,2.8,-0.3,38.1,24.3,2.0,38,1
TM,TEAM_CR,714,1037920,0.0,-2.7,-2.8,2.8,-0.9,39.6,24.4,1.9,40,1
TM,TEAM_CR,715,1037960,0.0,-3.2,-2.9,2.9,-0.2,38.2,24.5,1.9,39,1
TM,TEAM_CR,716,1038001,0.0,-2.9,-2.9,2.9,-0.2,38.4,24.6,1.9,38,1
TM,TEAM_CR,717,1038040,0.0,-2.8,-2.8,2.8,0.8,36.4,24.7,1.8,36,1
TM,TEAM_CR,718,1038080,0.0,-2.9,-2.8,2.8,0.8,36.3,24.8,1.8,36,1
TM,TEAM_CR,719,1038120,0.0,-3.1,-2.8,2.8,0.5,36.9,25.0,1.8,37,1
TM,TEAM_CR,720,1038160,0.0,-2.9,-2.8,2.8,-0.3,38.7,25.1,1.7,39,1
TM,SUN_L,3722,SUN_R,3725,SUN_NDV,-0.0004,SUN_ANGLE,-0.76
TM,MAG_X,-10.08,MAG_Y,46.45,MAG_Z,11.92,MAG_HEADING,102.24
TM,GYRO_X,-1.173,GYRO_Y,-1.846,GYRO_Z,0.218,BODY_RATE,-0.218
TM,TEAM_CR,721,1038200,0.0,-2.6,-2.8,2.8,-0.2,38.6,25.2,1.7,39,1
TM,TEAM_CR,722,1038248,0.0,-3.0,-2.9,2.9,-0.4,39.3,25.3,1.7,39,1
TM,TEAM_CR,723,1038288,0.0,-3.0,-2.9,2.9,-0.1,38.7,25.4,1.6,39,1
TM,TEAM_CR,724,1038328,0.0,-3.0,-2.8,2.8,1.2,36.2,25.5,1.6,37,1
TM,TEAM_CR,725,1038368,0.0,-2.5,-2.8,2.8,0.8,36.9,25.6,1.6,37,1
TM,TEAM_CR,726,1038420,0.0,-2.8,-2.8,2.8,-0.3,39.1,25.7,1.5,39,1
TM,ADCS_MODE,MANUAL,ADCS_REFERENCE,SUN,TARGET,0.00,POINTING_ERROR,1.09,SUN_ERROR,1.06,MAG_ERROR,-102.24,GYRO_Z,0.611,RW_CMD,0
TM,EST_RAW,-1.06,EST_FILTERED,-1.06,EST_ANGLE,-1.09,EST_FILTER,ON,EST_FILTER_TYPE,MOVING_AVERAGE,EST_MA_WINDOW,1,EST_FILTER_STRENGTH,0.35
TM,EST_FUSION,ON,EST_GYRO_WEIGHT,0.98,EST_VALID,1
TM,TEAM_CR,727,1038460,0.0,-3.1,-2.8,2.8,-0.6,39.8,25.9,1.5,40,1
TM,TEAM_CR,728,1038501,0.0,-2.3,-2.8,2.8,-0.9,40.6,26.0,1.5,41,1
TM,TEAM_CR,729,1038541,0.0,-2.7,-2.9,2.9,-0.2,39.5,26.1,1.4,40,1
TM,TEAM_CR,730,1038580,0.0,-3.0,-2.8,2.8,0.9,37.2,26.2,1.4,37,1
TM,TEAM_CR,731,1038620,0.0,-2.7,-2.8,2.8,1.1,36.6,26.3,1.4,37,1
TM,TEAM_CR,732,1038660,0.0,-2.7,-2.8,2.8,0.1,38.7,26.4,1.4,39,1
TM,TEAM_CR,733,1038700,0.0,-2.8,-2.8,2.8,-0.4,39.9,26.5,1.3,40,1
TM,TEAM_CR,734,1038748,0.0,-2.7,-2.8,2.8,-1.0,41.2,26.6,1.3,41,1
TM,TEAM_CR,735,1038799,0.0,-3.0,-2.8,2.8,0.4,38.5,26.8,1.3,39,1
TM,TEAM_CR,736,1038839,0.0,-3.1,-2.8,2.8,1.0,37.4,26.9,1.3,37,1
TM,TEAM_CR,737,1038880,0.0,-3.0,-2.8,2.8,1.0,37.3,27.0,1.2,37,1
TM,TEAM_CR,738,1038920,0.0,-2.6,-2.8,2.8,-0.3,40.1,27.1,1.2,40,1
TM,SUN_L,3722,SUN_R,3726,SUN_NDV,-0.0005,SUN_ANGLE,-0.81
TM,MAG_X,-9.97,MAG_Y,46.43,MAG_Z,12.08,MAG_HEADING,102.12
TM,GYRO_X,-1.155,GYRO_Y,-1.986,GYRO_Z,-0.369,BODY_RATE,0.369
TM,TEAM_CR,739,1038959,0.0,-2.8,-2.8,2.8,-0.7,40.9,27.2,1.2,41,1
TM,TEAM_CR,740,1039000,0.0,-2.8,-2.8,2.8,-0.9,41.6,27.3,1.2,42,1
TM,TEAM_CR,741,1039040,0.0,-3.2,-2.8,2.8,0.5,38.8,27.4,1.1,39,1
TM,TEAM_CR,742,1039080,0.0,-2.8,-2.8,2.8,1.0,37.7,27.5,1.1,38,1
TM,TEAM_CR,743,1039120,0.0,-2.8,-2.7,2.7,0.4,38.9,27.7,1.1,39,1
TM,TEAM_CR,744,1039160,0.0,-2.7,-2.8,2.8,-0.4,40.7,27.8,1.1,41,1
TM,TEAM_CR,745,1039200,0.0,-2.6,-2.8,2.8,-1.0,42.1,27.9,1.0,42,1
TM,TEAM_CR,746,1039248,0.0,-2.8,-2.8,2.8,0.2,39.7,28.0,1.0,41,1
TM,TEAM_CR,747,1039288,0.0,-2.8,-2.8,2.8,0.8,38.6,28.1,1.0,39,1
TM,TEAM_CR,748,1039328,0.0,-3.1,-2.8,2.8,0.6,39.1,28.2,1.0,39,1
TM,TEAM_CR,749,1039368,0.0,-2.7,-2.8,2.8,-0.5,41.2,28.3,1.0,41,1
TM,ADCS_MODE,MANUAL,ADCS_REFERENCE,SUN,TARGET,0.00,POINTING_ERROR,1.08,SUN_ERROR,0.99,MAG_ERROR,-102.45,GYRO_Z,0.375,RW_CMD,0
TM,EST_RAW,-0.99,EST_FILTERED,-0.99,EST_ANGLE,-1.08,EST_FILTER,ON,EST_FILTER_TYPE,MOVING_AVERAGE,EST_MA_WINDOW,1,EST_FILTER_STRENGTH,0.35
TM,EST_FUSION,ON,EST_GYRO_WEIGHT,0.98,EST_VALID,1
TM,TEAM_CR,750,1039420,0.0,-2.6,-2.8,2.8,-0.7,42.0,28.4,0.9,42,1
TM,TEAM_CR,751,1039460,0.0,-2.9,-2.8,2.8,0.4,39.9,28.5,0.9,40,1
TM,TEAM_CR,752,1039500,0.0,-2.9,-2.8,2.8,0.8,38.9,28.7,0.9,39,1
TM,TEAM_CR,753,1039540,0.0,-2.7,-2.7,2.7,0.5,39.5,28.8,0.9,40,1
TM,TEAM_CR,754,1039580,0.0,-2.7,-2.7,2.7,-0.2,41.2,28.9,0.9,41,1
TM,TEAM_CR,755,1039620,0.0,-2.9,-2.8,2.8,-0.7,42.4,29.0,0.9,42,1
TM,TEAM_CR,756,1039660,0.0,-2.9,-2.8,2.8,-0.1,41.2,29.1,0.8,41,1
TM,SUN_L,3721,SUN_R,3725,SUN_NDV,-0.0005,SUN_ANGLE,-1.00
TM,MAG_X,-10.16,MAG_Y,46.13,MAG_Z,11.95,MAG_HEADING,102.42
TM,GYRO_X,-1.067,GYRO_Y,-2.004,GYRO_Z,-0.491,BODY_RATE,0.491
TM,TEAM_CR,757,1039700,0.0,-2.9,-2.8,2.8,0.7,39.8,29.2,0.8,40,1
TM,TEAM_CR,758,1039748,0.0,-2.6,-2.7,2.7,0.5,40.0,29.3,0.8,40,1
TM,TEAM_CR,759,1039801,0.0,-2.8,-2.8,2.8,-0.6,42.4,29.4,0.8,42,1
TM,TEAM_CR,760,1039840,0.0,-2.7,-2.8,2.8,-0.1,41.5,29.5,0.8,42,1
TM,TEAM_CR,761,1039880,0.0,-2.9,-2.8,2.8,0.4,40.7,29.6,0.8,41,1
TM,TEAM_CR,762,1039920,0.0,-2.6,-2.7,2.7,0.8,39.8,29.8,0.7,40,1
TM,TEAM_CR,763,1039960,0.0,-2.8,-2.7,2.7,-0.2,41.9,29.9,0.7,42,1
TM,TEAM_CR,764,1040000,0.0,-2.8,-2.7,2.7,-0.4,42.6,30.0,0.7,43,1
TM,TEAM_CR,765,1040040,0.0,-2.9,-2.8,2.8,0.0,41.8,30.1,0.7,42,1
TM,TEAM_CR,766,1040080,0.0,-2.8,-2.8,2.8,0.7,40.5,30.2,0.7,41,1
TM,TEAM_CR,767,1040120,0.0,-2.8,-2.7,2.7,0.1,41.7,30.3,0.7,42,1
TM,TEAM_CR,768,1040160,0.0,-2.4,-2.7,2.7,-0.3,42.7,30.4,0.7,43,1
TM,TEAM_CR,769,1040201,0.0,-2.8,-2.8,2.8,-0.6,43.4,30.5,0.6,43,1
TM,TEAM_CR,770,1040248,0.0,-2.3,-2.7,2.7,0.7,40.9,30.6,0.6,41,1
TM,TEAM_CR,771,1040288,0.0,-2.8,-2.7,2.7,0.5,41.3,30.7,0.6,41,1
TM,TEAM_CR,772,1040328,0.0,-2.6,-2.7,2.7,-0.2,42.8,30.9,0.6,43,1
TM,ADCS_MODE,MANUAL,ADCS_REFERENCE,SUN,TARGET,0.00,POINTING_ERROR,1.06,SUN_ERROR,1.10,MAG_ERROR,-102.41,GYRO_Z,0.664,RW_CMD,0
TM,EST_RAW,-1.10,EST_FILTERED,-1.10,EST_ANGLE,-1.06,EST_FILTER,ON,EST_FILTER_TYPE,MOVING_AVERAGE,EST_MA_WINDOW,1,EST_FILTER_STRENGTH,0.35
TM,EST_FUSION,ON,EST_GYRO_WEIGHT,0.98,EST_VALID,1
TM,TEAM_CR,773,1040369,0.0,-2.9,-2.7,2.7,-0.1,42.7,31.0,0.6,43,1
TM,TEAM_CR,774,1040420,0.0,-2.9,-2.7,2.7,0.6,41.4,31.1,0.6,41,1
TM,SUN_L,3720,SUN_R,3725,SUN_NDV,-0.0007,SUN_ANGLE,-1.03
TM,MAG_X,-10.13,MAG_Y,46.03,MAG_Z,12.22,MAG_HEADING,102.41
TM,GYRO_X,-1.067,GYRO_Y,-2.065,GYRO_Z,-0.150,BODY_RATE,0.150
TM,TEAM_CR,775,1040460,0.0,-2.7,-2.7,2.7,0.3,42.0,31.2,0.6,42,1
TM,TEAM_CR,776,1040500,0.0,-2.8,-2.7,2.7,-0.2,43.2,31.3,0.6,43,1
TM,TEAM_CR,777,1040540,0.0,-2.7,-2.7,2.7,-0.6,44.1,31.4,0.6,44,1
TM,TEAM_CR,778,1040580,0.0,-2.8,-2.7,2.7,0.2,42.6,31.5,0.5,43,1
TM,TEAM_CR,779,1040621,0.0,-2.8,-2.7,2.7,0.4,42.2,31.6,0.5,42,1
TM,TEAM_CR,780,1040660,0.0,-3.1,-2.7,2.7,0.2,42.7,31.7,0.5,43,1
TM,TEAM_CR,781,1040700,0.0,-2.6,-2.7,2.7,-0.3,43.8,31.8,0.5,44,1
TM,TEAM_CR,782,1040749,0.0,-2.9,-2.7,2.7,0.3,42.7,31.9,0.5,43,1
TM,TEAM_CR,783,1040800,0.0,-2.6,-2.7,2.7,0.1,43.1,32.1,0.5,43,1
TM,TEAM_CR,784,1040840,0.0,-2.7,-2.7,2.7,-0.4,44.2,32.2,0.5,44,1
TM,TEAM_CR,785,1040880,0.0,-2.9,-2.7,2.7,-0.3,44.2,32.3,0.5,44,1
TM,TEAM_CR,786,1040920,0.0,-2.8,-2.7,2.7,0.6,42.6,32.4,0.5,43,1
TM,TEAM_CR,787,1040960,0.0,-2.7,-2.7,2.7,0.3,43.3,32.5,0.5,43,1
TM,TEAM_CR,788,1041000,0.0,-2.7,-2.7,2.7,-0.4,44.6,32.6,0.4,45,1
TM,TEAM_CR,789,1041041,0.0,-2.6,-2.7,2.7,0.0,63.8,32.6,20.0,58,9
TM,TEAM_CR,790,1041081,0.0,-2.7,-2.7,2.7,1.6,59.9,32.6,19.6,60,1
TM,TEAM_CR,791,1041120,0.0,-2.8,-2.6,2.6,2.4,57.6,32.8,19.3,58,1
TM,TEAM_CR,792,1041160,0.0,-2.6,-2.5,2.5,2.9,55.9,32.8,18.9,56,1
TM,TEAM_CR,793,1041201,0.0,-2.9,-2.3,2.3,4.1,52.6,32.9,18.5,53,1
TM,SUN_L,3718,SUN_R,3726,SUN_NDV,-0.0011,SUN_ANGLE,-0.95
TM,MAG_X,-10.27,MAG_Y,45.86,MAG_Z,12.03,MAG_HEADING,102.63
TM,GYRO_X,-1.173,GYRO_Y,-2.074,GYRO_Z,-0.010,BODY_RATE,0.010
TM,TEAM_CR,794,1041248,0.0,-2.0,-2.1,2.1,5.1,49.5,33.0,18.1,49,1
TM,ADCS_MODE,MANUAL,ADCS_REFERENCE,SUN,TARGET,0.00,POINTING_ERROR,1.07,SUN_ERROR,1.02,MAG_ERROR,-102.63,GYRO_Z,0.016,RW_CMD,0
TM,EST_RAW,-1.02,EST_FILTERED,-1.02,EST_ANGLE,-1.07,EST_FILTER,ON,EST_FILTER_TYPE,MOVING_AVERAGE,EST_MA_WINDOW,1,EST_FILTER_STRENGTH,0.35
TM,EST_FUSION,ON,EST_GYRO_WEIGHT,0.98,EST_VALID,1
TM,TEAM_CR,795,1041289,0.0,-1.8,-1.9,1.9,4.8,49.0,33.1,17.8,49,1
TM,TEAM_CR,796,1041328,0.0,-1.9,-1.7,1.7,5.7,46.0,33.2,17.4,46,1
TM,TEAM_CR,797,1041368,0.0,-1.7,-1.4,1.4,6.9,42.4,33.2,17.1,42,1
TM,TEAM_CR,798,1041420,0.0,-1.5,-1.1,1.1,6.1,42.5,33.3,16.7,42,1
TM,TEAM_CR,799,1041460,0.0,-1.4,-0.9,0.9,5.9,41.6,33.3,16.4,42,1
TM,TEAM_CR,800,1041501,0.0,-1.1,-0.6,0.6,7.6,36.8,33.3,16.1,38,1
TM,TEAM_CR,801,1041541,0.0,-1.0,-0.3,0.3,7.9,49.3,33.3,15.8,49,1
TM,TEAM_CR,802,1041580,0.0,-0.6,-0.1,0.1,7.1,49.0,33.3,15.5,49,1
TM,TEAM_CR,803,1041620,0.0,-0.7,0.2,-0.2,7.5,48.6,33.3,15.1,49,1
TM,TEAM_CR,804,1041660,0.0,-0.1,0.5,-0.5,7.6,48.3,33.3,14.8,48,1
TM,TEAM_CR,805,1041700,0.0,0.1,0.7,-0.7,7.4,30.3,33.3,14.6,37,1
TM,TEAM_CR,806,1041748,0.0,0.4,1.0,-1.0,5.7,32.2,33.3,14.3,32,1
TM,TEAM_CR,807,1041800,0.0,0.6,1.3,-1.3,5.0,32.2,33.2,14.0,32,1
TM,TEAM_CR,808,1041840,0.0,0.6,1.4,-1.4,4.1,33.4,33.2,13.7,33,1
TM,TEAM_CR,809,1041880,0.0,1.0,1.5,-1.5,3.2,34.4,33.1,13.4,34,1
TM,TEAM_CR,810,1041921,0.0,1.0,1.6,-1.6,3.6,32.8,33.1,13.2,33,1
TM,TEAM_CR,811,1041960,0.0,1.2,1.7,-1.7,3.0,33.3,33.0,12.9,33,1
TM,SUN_L,3721,SUN_R,3727,SUN_NDV,-0.0008,SUN_ANGLE,-1.15
TM,MAG_X,-10.43,MAG_Y,45.74,MAG_Z,12.34,MAG_HEADING,102.85
TM,GYRO_X,-1.558,GYRO_Y,-1.794,GYRO_Z,0.113,BODY_RATE,-0.113
TM,TEAM_CR,812,1042000,0.0,1.0,1.7,-1.7,1.5,35.7,32.9,12.7,36,1
TM,TEAM_CR,813,1042040,0.0,1.1,1.8,-1.8,2.8,32.6,32.9,12.4,34,1
TM,TEAM_CR,814,1042080,0.0,1.5,1.9,-1.9,2.5,32.4,32.8,12.2,32,1
TM,TEAM_CR,815,1042120,0.0,1.2,1.9,-1.9,1.0,35.1,32.7,11.9,35,1
TM,TEAM_CR,816,1042160,0.0,1.3,1.9,-1.9,1.2,34.2,32.6,11.7,34,1
TM,TEAM_CR,817,1042200,0.0,1.5,2.0,-2.0,0.9,34.5,32.5,11.4,35,1
TM,ADCS_MODE,MANUAL,ADCS_REFERENCE,SUN,TARGET,0.00,POINTING_ERROR,1.05,SUN_ERROR,0.87,MAG_ERROR,-102.54,GYRO_Z,-0.194,RW_CMD,0
TM,EST_RAW,-0.87,EST_FILTERED,-0.87,EST_ANGLE,-1.05,EST_FILTER,ON,EST_FILTER_TYPE,MOVING_AVERAGE,EST_MA_WINDOW,1,EST_FILTER_STRENGTH,0.35
TM,EST_FUSION,ON,EST_GYRO_WEIGHT,0.98,EST_VALID,1
TM,TEAM_CR,818,1042249,0.0,1.3,1.9,-1.9,0.1,35.8,32.5,11.2,36,1
TM,TEAM_CR,819,1042289,0.0,1.3,1.9,-1.9,0.6,34.6,32.4,11.0,35,1
TM,TEAM_CR,820,1042329,0.0,1.5,2.0,-2.0,0.9,33.5,32.3,10.8,34,1
TM,TEAM_CR,821,1042369,0.0,1.3,2.0,-2.0,0.3,34.5,32.2,10.6,34,1
TM,TEAM_CR,822,1042420,0.0,1.8,2.0,-2.0,0.5,33.7,32.2,10.4,34,1
TM,TEAM_CR,823,1042460,0.0,1.3,2.0,-2.0,0.9,32.7,32.1,10.2,33,1
TM,TEAM_CR,824,1042500,0.0,1.4,2.0,-2.0,-0.1,34.3,32.0,10.0,34,1
TM,TEAM_CR,825,1042540,0.0,1.7,1.9,-1.9,-0.1,34.2,31.9,9.8,34,1
TM,TEAM_CR,826,1042580,0.0,1.6,1.9,-1.9,0.8,32.3,31.8,9.6,32,1
TM,TEAM_CR,827,1042620,0.0,1.5,1.9,-1.9,0.1,33.4,31.8,9.4,33,1
TM,TEAM_CR,828,1042660,0.0,1.4,1.9,-1.9,0.1,33.1,31.7,9.2,33,1
TM,TEAM_CR,829,1042700,0.0,1.5,1.9,-1.9,0.7,31.7,31.6,9.0,32,1
TM,SUN_L,3721,SUN_R,3726,SUN_NDV,-0.0007,SUN_ANGLE,-1.04
TM,MAG_X,-10.26,MAG_Y,45.65,MAG_Z,11.74,MAG_HEADING,102.66
TM,GYRO_X,-0.910,GYRO_Y,-2.188,GYRO_Z,-0.430,BODY_RATE,0.430
TM,TEAM_CR,830,1042749,0.0,1.7,1.9,-1.9,0.2,32.4,31.5,8.8,32,1
TM,TEAM_CR,831,1042801,0.0,1.5,1.9,-1.9,-0.1,32.7,31.5,8.7,33,1
TM,TEAM_CR,832,1042841,0.0,1.7,1.9,-1.9,0.7,30.9,31.4,8.5,31,1
TM,TEAM_CR,833,1042880,0.0,1.7,1.9,-1.9,-0.1,32.4,31.3,8.3,32,1
TM,TEAM_CR,834,1042920,0.0,1.7,1.9,-1.9,-0.4,32.7,31.2,8.1,33,1
TM,TEAM_CR,835,1042960,0.0,1.7,1.9,-1.9,0.5,30.7,31.2,8.0,31,1
TM,TEAM_CR,836,1043000,0.0,1.5,1.9,-1.9,-0.1,31.7,31.1,7.8,32,1
TM,TEAM_CR,837,1043040,0.0,1.6,1.8,-1.8,-0.5,32.4,31.0,7.7,32,1
TM,TEAM_CR,838,1043080,0.0,1.5,1.8,-1.8,0.4,30.4,30.9,7.5,30,1
TM,TEAM_CR,839,1043120,0.0,1.8,1.8,-1.8,0.1,30.9,30.9,7.4,31,1
TM,TEAM_CR,840,1043160,0.0,1.7,1.8,-1.8,-0.5,31.9,30.8,7.2,32,1
TM,ADCS_MODE,MANUAL,ADCS_REFERENCE,SUN,TARGET,0.00,POINTING_ERROR,1.02,SUN_ERROR,1.07,MAG_ERROR,-102.66,GYRO_Z,0.174,RW_CMD,0
TM,EST_RAW,-1.07,EST_FILTERED,-1.07,EST_ANGLE,-1.02,EST_FILTER,ON,EST_FILTER_TYPE,MOVING_AVERAGE,EST_MA_WINDOW,1,EST_FILTER_STRENGTH,0.35
TM,EST_FUSION,ON,EST_GYRO_WEIGHT,0.98,EST_VALID,1
TM,TEAM_CR,841,1043201,0.0,1.8,1.8,-1.8,0.3,30.0,30.7,7.1,30,1
TM,TEAM_CR,842,1043248,0.0,1.3,1.8,-1.8,0.1,30.2,30.6,6.9,30,1
TM,TEAM_CR,843,1043288,0.0,1.5,1.8,-1.8,-0.4,31.1,30.6,6.8,31,1
TM,TEAM_CR,844,1043328,0.0,1.2,1.8,-1.8,0.5,29.2,30.5,6.7,29,1
TM,TEAM_CR,845,1043368,0.0,1.6,1.8,-1.8,0.1,29.8,30.4,6.5,30,1
TM,TEAM_CR,846,1043420,0.0,1.5,1.7,-1.7,-0.4,30.6,30.4,6.4,31,1
TM,TEAM_CR,847,1043460,0.0,1.4,1.7,-1.7,0.5,28.7,30.3,6.3,29,1
TM,SUN_L,3720,SUN_R,3723,SUN_NDV,-0.0004,SUN_ANGLE,-1.16
TM,MAG_X,-10.27,MAG_Y,45.68,MAG_Z,12.35,MAG_HEADING,102.67
TM,GYRO_X,-1.321,GYRO_Y,-1.986,GYRO_Z,0.104,BODY_RATE,-0.104
TM,TEAM_CR,848,1043500,0.0,1.5,1.7,-1.7,0.0,29.4,30.2,6.2,29,1
TM,TEAM_CR,849,1043540,0.0,1.2,1.7,-1.7,-0.2,29.9,30.2,6.0,30,1
TM,TEAM_CR,850,1043580,0.0,1.8,1.7,-1.7,0.5,28.0,30.1,5.9,28,1
TM,TEAM_CR,851,1043620,0.0,1.6,1.7,-1.7,-0.2,29.4,30.0,5.8,29,1
TM,TEAM_CR,852,1043660,0.0,1.7,1.7,-1.7,-0.3,29.4,29.9,5.7,29,1
TM,TEAM_CR,853,1043700,0.0,1.3,1.7,-1.7,0.3,28.1,29.9,5.6,28,1
TM,TEAM_CR,854,1043749,0.0,1.5,1.7,-1.7,-0.2,29.0,29.8,5.5,29,1
TM,TEAM_CR,855,1043800,0.0,1.6,1.7,-1.7,0.2,28.0,29.7,5.4,28,1
TM,TEAM_CR,856,1043840,0.0,1.6,1.7,-1.7,0.3,27.7,29.7,5.2,28,1
TM,TEAM_CR,857,1043880,0.0,1.5,1.7,-1.7,-0.4,28.9,29.6,5.1,29,1
TM,TEAM_CR,858,1043920,0.0,1.7,1.7,-1.7,0.1,27.7,29.5,5.0,28,1
TM,TEAM_CR,859,1043960,0.0,1.7,1.7,-1.7,0.1,27.6,29.5,4.9,28,1
TM,TEAM_CR,860,1044000,0.0,1.5,1.7,-1.7,-0.6,28.8,29.4,4.8,29,1
TM,TEAM_CR,861,1044040,0.0,1.5,1.7,-1.7,0.2,27.2,29.3,4.7,27,1
TM,TEAM_CR,862,1044080,0.0,1.4,1.7,-1.7,0.2,27.0,29.3,4.7,27,1
TM,TEAM_CR,863,1044120,0.0,1.6,1.6,-1.6,-0.4,28.0,29.2,4.6,28,1
TM,ADCS_MODE,MANUAL,ADCS_REFERENCE,SUN,TARGET,0.00,POINTING_ERROR,1.02,SUN_ERROR,1.23,MAG_ERROR,-102.76,GYRO_Z,-0.062,RW_CMD,0
TM,EST_RAW,-1.23,EST_FILTERED,-1.23,EST_ANGLE,-1.02,EST_FILTER,ON,EST_FILTER_TYPE,MOVING_AVERAGE,EST_MA_WINDOW,1,EST_FILTER_STRENGTH,0.35
TM,EST_FUSION,ON,EST_GYRO_WEIGHT,0.98,EST_VALID,1
TM,TEAM_CR,864,1044161,0.0,1.4,1.6,-1.6,0.2,26.7,29.1,4.5,27,1
TM,TEAM_CR,865,1044201,0.0,1.0,1.6,-1.6,0.0,27.1,29.1,4.4,27,1
TM,SUN_L,3720,SUN_R,3725,SUN_NDV,-0.0007,SUN_ANGLE,-1.34
TM,MAG_X,-10.38,MAG_Y,45.84,MAG_Z,12.29,MAG_HEADING,102.76
TM,GYRO_X,-1.295,GYRO_Y,-2.152,GYRO_Z,-0.299,BODY_RATE,0.299
TM,TEAM_CR,866,1044248,0.0,1.4,1.6,-1.6,-0.7,28.4,29.0,4.3,28,1
TM,TEAM_CR,867,1044288,0.0,1.7,1.6,-1.6,0.1,26.7,29.0,4.2,27,1
TM,TEAM_CR,868,1044328,0.0,1.7,1.6,-1.6,0.0,26.7,28.9,4.1,27,1
TM,TEAM_CR,869,1044368,0.0,1.5,1.6,-1.6,-0.5,27.5,28.8,4.0,28,1
TM,TEAM_CR,870,1044420,0.0,1.4,1.6,-1.6,0.4,25.6,28.8,4.0,26,1
TM,TEAM_CR,871,1044460,0.0,1.4,1.6,-1.6,-0.5,27.2,28.7,3.9,27,1
TM,TEAM_CR,872,1044500,0.0,1.5,1.6,-1.6,-0.4,27.0,28.6,3.8,27,1
TM,TEAM_CR,873,1044540,0.0,1.3,1.6,-1.6,0.2,25.7,28.6,3.7,26,1
TM,TEAM_CR,874,1044580,0.0,1.3,1.5,-1.5,-0.7,27.5,28.5,3.7,27,1
TM,TEAM_CR,875,1044621,0.0,1.4,1.5,-1.5,-0.8,27.7,28.4,3.6,28,1
TM,TEAM_CR,876,1044660,0.0,1.4,1.5,-1.5,0.5,24.9,28.4,3.5,25,1
TM,TEAM_CR,877,1044700,0.0,1.3,1.5,-1.5,-0.5,26.9,28.3,3.4,27,1
TM,TEAM_CR,878,1044749,0.0,1.2,1.5,-1.5,0.1,25.5,28.3,3.4,26,1
TM,TEAM_CR,879,1044800,0.0,1.4,1.5,-1.5,-0.1,25.9,28.2,3.3,26,1
TM,TEAM_CR,880,1044840,0.0,1.5,1.5,-1.5,-0.7,27.0,28.2,3.2,27,1
TM,TEAM_CR,881,1044880,0.0,1.8,1.5,-1.5,0.2,25.1,28.1,3.2,25,1
TM,TEAM_CR,882,1044920,0.0,1.2,1.4,-1.4,-0.3,25.9,28.0,3.1,26,1
TM,TEAM_CR,883,1044960,0.0,1.3,1.4,-1.4,-0.7,26.8,28.0,3.1,27,1
TM,TEAM_CR,884,1045001,0.0,1.2,1.4,-1.4,0.3,24.8,27.9,3.0,25,1
TM,SUN_L,3722,SUN_R,3727,SUN_NDV,-0.0007,SUN_ANGLE,-0.98
TM,MAG_X,-10.40,MAG_Y,45.89,MAG_Z,12.46,MAG_HEADING,102.77
TM,GYRO_X,-1.164,GYRO_Y,-1.951,GYRO_Z,0.034,BODY_RATE,-0.034
TM,TEAM_CR,885,1045041,0.0,1.3,1.4,-1.4,-0.4,26.0,27.9,2.9,26,1
TM,ADCS_MODE,MANUAL,ADCS_REFERENCE,SUN,TARGET,0.00,POINTING_ERROR,1.02,SUN_ERROR,1.10,MAG_ERROR,-102.77,GYRO_Z,0.183,RW_CMD,0
TM,EST_RAW,-1.10,EST_FILTERED,-1.10,EST_ANGLE,-1.02,EST_FILTER,ON,EST_FILTER_TYPE,MOVING_AVERAGE,EST_MA_WINDOW,1,EST_FILTER_STRENGTH,0.35
TM,EST_FUSION,ON,EST_GYRO_WEIGHT,0.98,EST_VALID,1
TM,TEAM_CR,886,1045080,0.0,1.4,1.4,-1.4,-0.9,27.0,27.8,2.9,27,1
TM,TEAM_CR,887,1045120,0.0,1.1,1.4,-1.4,0.4,24.4,27.8,2.8,24,1
TM,TEAM_CR,888,1045160,0.0,1.3,1.4,-1.4,-0.5,26.1,27.7,2.8,26,1
TM,TEAM_CR,889,1045200,0.0,1.4,1.3,-1.3,-0.5,26.0,27.6,2.7,26,1
TM,TEAM_CR,890,1045248,0.0,1.3,1.3,-1.3,0.2,24.5,27.6,2.7,24,1
TM,TEAM_CR,891,1045288,0.0,1.1,1.3,-1.3,-1.0,26.9,27.5,2.6,27,1
TM,TEAM_CR,892,1045328,0.0,1.2,1.3,-1.3,-0.1,25.1,27.5,2.6,26,1
TM,TEAM_CR,893,1045368,0.0,1.0,1.3,-1.3,0.3,24.2,27.4,2.5,24,1
TM,TEAM_CR,894,1045420,0.0,1.5,1.3,-1.3,-0.7,26.1,27.4,2.5,26,1
TM,TEAM_CR,895,1045460,0.0,1.2,1.3,-1.3,0.2,24.2,27.3,2.4,24,1
TM,TEAM_CR,896,1045500,0.0,1.1,1.3,-1.3,-0.5,25.7,27.3,2.4,26,1
TM,TEAM_CR,897,1045540,0.0,1.1,1.2,-1.2,-0.7,26.0,27.2,2.3,26,1
TM,TEAM_CR,898,1045580,0.0,1.2,1.2,-1.2,-0.1,24.8,27.2,2.3,25,1
TM,TEAM_CR,899,1045620,0.0,1.2,1.2,-1.2,-0.5,25.7,27.1,2.2,26,1
TM,TEAM_CR,900,1045660,0.0,1.4,1.2,-1.2,-0.8,26.3,27.1,2.2,26,1
TM,TEAM_CR,901,1045700,0.0,1.2,1.2,-1.2,0.1,24.3,27.0,2.1,24,1
TM,TEAM_CR,902,1045748,0.0,1.2,1.1,-1.1,-0.8,26.1,27.0,2.1,26,1
TM,SUN_L,3721,SUN_R,3726,SUN_NDV,-0.0007,SUN_ANGLE,-1.00
TM,MAG_X,-10.29,MAG_Y,45.84,MAG_Z,12.45,MAG_HEADING,102.65
TM,GYRO_X,-1.199,GYRO_Y,-1.899,GYRO_Z,0.349,BODY_RATE,-0.349
TM,TEAM_CR,903,1045800,0.0,1.2,1.1,-1.1,-0.1,24.7,27.0,2.0,25,1
TM,TEAM_CR,904,1045840,0.0,1.5,1.1,-1.1,-0.3,25.0,26.9,2.0,25,1
TM,TEAM_CR,905,1045880,0.0,1.3,1.1,-1.1,-0.7,25.9,26.9,2.0,26,1
TM,TEAM_CR,906,1045921,0.0,1.0,1.1,-1.1,0.1,24.2,26.8,1.9,24,1
TM,TEAM_CR,907,1045961,0.0,1.1,1.1,-1.1,-0.8,26.0,26.8,1.9,26,1
TM,TEAM_CR,908,1046000,0.0,0.9,1.0,-1.0,-0.9,26.3,26.7,1.9,26,1
TM,ADCS_MODE,MANUAL,ADCS_REFERENCE,SUN,TARGET,0.00,POINTING_ERROR,1.02,SUN_ERROR,1.14,MAG_ERROR,-102.65,GYRO_Z,-0.281,RW_CMD,0
TM,EST_RAW,-1.14,EST_FILTERED,-1.14,EST_ANGLE,-1.02,EST_FILTER,ON,EST_FILTER_TYPE,MOVING_AVERAGE,EST_MA_WINDOW,1,EST_FILTER_STRENGTH,0.35
TM,EST_FUSION,ON,EST_GYRO_WEIGHT,0.98,EST_VALID,1
TM,TEAM_CR,909,1046040,0.0,0.8,1.0,-1.0,0.1,24.2,26.7,1.8,24,1
TM,TEAM_CR,910,1046080,0.0,0.6,1.0,-1.0,-0.5,25.4,26.7,1.8,25,1
TM,TEAM_CR,911,1046120,0.0,0.8,1.0,-1.0,-0.8,26.1,26.6,1.7,26,1
TM,TEAM_CR,912,1046160,0.0,0.9,1.0,-1.0,-0.2,24.9,26.6,1.7,25,1
TM,TEAM_CR,913,1046200,0.0,1.0,0.9,-0.9,-0.9,26.4,26.5,1.7,26,1
TM,TEAM_CR,914,1046248,0.0,0.8,0.9,-0.9,-0.2,25.1,26.5,1.6,25,1
TM,TEAM_CR,915,1046288,0.0,0.9,0.9,-0.9,-0.4,25.4,26.5,1.6,25,1
TM,TEAM_CR,916,1046328,0.0,1.3,0.9,-0.9,-0.9,26.4,26.4,1.6,26,1
TM,TEAM_CR,917,1046368,0.0,0.9,0.9,-0.9,-0.4,25.3,26.4,1.5,25,1
TM,TEAM_CR,918,1046421,0.0,0.8,0.8,-0.8,-1.1,26.7,26.4,1.5,27,1
TM,TEAM_CR,919,1046460,0.0,0.7,0.8,-0.8,-0.3,25.3,26.3,1.5,26,1
TM,TEAM_CR,920,1046500,0.0,0.6,0.8,-0.8,0.0,24.6,26.3,1.5,25,1
TM,SUN_L,3721,SUN_R,3724,SUN_NDV,-0.0004,SUN_ANGLE,-1.00
TM,MAG_X,-10.27,MAG_Y,45.84,MAG_Z,12.37,MAG_HEADING,102.63
TM,GYRO_X,-1.033,GYRO_Y,-2.354,GYRO_Z,-0.115,BODY_RATE,0.115
TM,TEAM_CR,921,1046540,0.0,0.7,0.8,-0.8,-0.5,25.6,26.3,1.4,26,1
TM,TEAM_CR,922,1046580,0.0,0.7,0.8,-0.8,-0.4,27.7,26.3,1.4,28,3
TM,TEAM_CR,923,1046620,0.0,0.7,0.8,-0.8,0.3,27.7,26.3,1.4,28,3
TM,TEAM_CR,924,1046660,0.0,0.9,0.8,-0.8,0.0,27.6,26.3,1.3,28,3
TM,TEAM_CR,925,1046700,0.0,0.8,0.8,-0.8,0.8,27.6,26.3,1.3,28,3
TM,TEAM_CR,926,1046749,0.0,1.0,0.8,-0.8,0.5,27.6,26.3,1.3,28,3
TM,TEAM_CR,927,1046801,0.0,1.2,0.9,-0.9,0.5,27.6,26.3,1.3,28,3
TM,TEAM_CR,928,1046841,0.0,1.0,0.9,-0.9,0.9,27.5,26.3,1.2,28,3
TM,TEAM_CR,929,1046880,0.0,1.0,0.9,-0.9,0.2,27.5,26.3,1.2,28,3
TM,TEAM_CR,930,1046920,0.0,1.1,0.9,-0.9,0.5,27.5,26.3,1.2,27,3
TM,TEAM_CR,931,1046960,0.0,1.3,1.0,-1.0,0.7,27.5,26.3,1.2,27,3
TM,ADCS_MODE,MANUAL,ADCS_REFERENCE,SUN,TARGET,0.00,POINTING_ERROR,1.03,SUN_ERROR,1.09,MAG_ERROR,-102.72,GYRO_Z,0.253,RW_CMD,0
TM,EST_RAW,-1.09,EST_FILTERED,-1.09,EST_ANGLE,-1.03,EST_FILTER,ON,EST_FILTER_TYPE,MOVING_AVERAGE,EST_MA_WINDOW,1,EST_FILTER_STRENGTH,0.35
TM,EST_FUSION,ON,EST_GYRO_WEIGHT,0.98,EST_VALID,1
TM,TEAM_CR,932,1047000,0.0,1.1,1.0,-1.0,0.0,27.4,26.3,1.1,27,3
TM,TEAM_CR,933,1047040,0.0,1.1,1.0,-1.0,0.0,27.4,26.3,1.1,27,3
TM,TEAM_CR,934,1047080,0.0,0.8,1.0,-1.0,0.2,27.4,26.3,1.1,27,3
TM,TEAM_CR,935,1047120,0.0,1.0,1.0,-1.0,0.0,27.4,26.3,1.1,27,3
TM,TEAM_CR,936,1047160,0.0,1.2,1.0,-1.0,0.3,25.0,26.3,1.1,26,3
TM,TEAM_CR,937,1047200,0.0,0.9,1.0,-1.0,-0.3,25.6,26.2,1.0,26,3
TM,TEAM_CR,938,1047249,0.0,0.7,1.0,-1.0,-0.4,27.3,26.2,1.0,27,3
TM,SUN_L,3721,SUN_R,3726,SUN_NDV,-0.0007,SUN_ANGLE,-0.95
TM,MAG_X,-10.34,MAG_Y,45.81,MAG_Z,12.35,MAG_HEADING,102.72
TM,GYRO_X,-1.461,GYRO_Y,-1.750,GYRO_Z,0.165,BODY_RATE,-0.165
TM,TEAM_CR,939,1047289,0.0,1.0,1.0,-1.0,-0.2,27.3,26.2,1.0,27,3
TM,TEAM_CR,940,1047329,0.0,0.9,1.0,-1.0,-0.7,27.2,26.2,1.0,27,3
TM,TEAM_CR,941,1047369,0.0,0.9,0.9,-0.9,-0.2,27.2,26.2,1.0,27,3
TM,TEAM_CR,942,1047420,0.0,1.2,1.0,-1.0,0.0,27.2,26.2,0.9,27,3
TM,TEAM_CR,943,1047460,0.0,0.4,0.9,-0.9,-0.1,27.2,26.2,0.9,27,3
TM,TEAM_CR,944,1047500,0.0,0.9,1.0,-1.0,0.6,27.2,26.2,0.9,27,3
TM,TEAM_CR,945,1047540,0.0,0.8,0.9,-0.9,-0.3,27.1,26.2,0.9,27,3
TM,TEAM_CR,946,1047580,0.0,0.7,0.9,-0.9,-0.2,27.1,26.2,0.9,27,3
TM,TEAM_CR,947,1047620,0.0,1.1,1.0,-1.0,0.6,27.1,26.2,0.9,27,3
TM,TEAM_CR,948,1047660,0.0,1.1,1.0,-1.0,-0.1,27.1,26.2,0.8,27,3
TM,TEAM_CR,949,1047700,0.0,1.0,1.0,-1.0,0.7,27.1,26.2,0.8,27,3
TM,TEAM_CR,950,1047749,0.0,0.5,1.0,-1.0,0.2,27.1,26.2,0.8,27,3
TM,TEAM_CR,951,1047800,0.0,0.7,1.0,-1.0,0.3,27.0,26.2,0.8,27,3
TM,TEAM_CR,952,1047840,0.0,0.7,1.0,-1.0,0.3,27.0,26.2,0.8,27,3
TM,TEAM_CR,953,1047880,0.0,1.0,1.0,-1.0,-0.3,27.0,26.2,0.8,27,3
TM,TEAM_CR,954,1047920,0.0,0.9,1.0,-1.0,0.1,27.0,26.2,0.7,27,3
TM,ADCS_MODE,MANUAL,ADCS_REFERENCE,SUN,TARGET,0.00,POINTING_ERROR,1.01,SUN_ERROR,0.92,MAG_ERROR,-102.75,GYRO_Z,-0.010,RW_CMD,0
TM,EST_RAW,-0.92,EST_FILTERED,-0.92,EST_ANGLE,-1.01,EST_FILTER,ON,EST_FILTER_TYPE,MOVING_AVERAGE,EST_MA_WINDOW,1,EST_FILTER_STRENGTH,0.35
TM,EST_FUSION,ON,EST_GYRO_WEIGHT,0.98,EST_VALID,1
TM,TEAM_CR,955,1047960,0.0,0.8,1.0,-1.0,0.1,27.0,26.2,0.7,27,3
TM,TEAM_CR,956,1048000,0.0,0.7,1.0,-1.0,-0.3,27.0,26.2,0.7,27,3
TM,SUN_L,3720,SUN_R,3726,SUN_NDV,-0.0008,SUN_ANGLE,-1.13
TM,MAG_X,-10.30,MAG_Y,45.81,MAG_Z,12.29,MAG_HEADING,102.68
TM,GYRO_X,-1.269,GYRO_Y,-1.960,GYRO_Z,-0.132,BODY_RATE,0.132
TM,TEAM_CR,957,1048040,0.0,1.0,1.0,-1.0,0.5,26.9,26.2,0.7,27,3
TM,TEAM_CR,958,1048080,0.0,1.2,1.0,-1.0,-0.7,26.9,26.2,0.7,27,3
TM,TEAM_CR,959,1048121,0.0,1.2,1.0,-1.0,0.1,26.9,26.2,0.7,27,3
TM,TEAM_CR,960,1048160,0.0,1.0,1.0,-1.0,0.4,26.9,26.2,0.7,27,3
TM,TEAM_CR,961,1048200,0.0,0.9,1.0,-1.0,-0.8,26.9,26.2,0.6,27,3
TM,TEAM_CR,962,1048249,0.0,0.9,1.0,-1.0,0.5,26.9,26.2,0.6,27,3
TM,TEAM_CR,963,1048289,0.0,1.5,1.0,-1.0,-0.3,26.9,26.2,0.6,27,3
TM,TEAM_CR,964,1048329,0.0,1.0,0.9,-0.9,-0.7,26.9,26.2,0.6,27,3
TM,TEAM_CR,965,1048369,0.0,1.3,1.0,-1.0,0.5,26.8,26.2,0.6,27,3
TM,TEAM_CR,966,1048420,0.0,0.8,0.9,-0.9,-0.2,26.8,26.2,0.6,27,3
TM,TEAM_CR,967,1048460,0.0,0.8,0.9,-0.9,0.3,26.8,26.2,0.6,27,3
TM,TEAM_CR,968,1048500,0.0,0.9,0.9,-0.9,0.2,26.8,26.2,0.6,27,3
TM,TEAM_CR,969,1048540,0.0,1.0,0.9,-0.9,-0.2,26.8,26.2,0.5,27,3
TM,TEAM_CR,970,1048580,0.0,0.7,0.9,-0.9,0.6,26.8,26.2,0.5,27,3
TM,TEAM_CR,971,1048620,0.0,1.0,1.0,-1.0,-0.1,26.8,26.2,0.5,27,3
TM,TEAM_CR,972,1048660,0.0,1.1,1.0,-1.0,-0.2,26.8,26.2,0.5,27,3
TM,TEAM_CR,973,1048700,0.0,1.0,1.0,-1.0,0.4,26.8,26.2,0.5,27,3
TM,TEAM_CR,974,1048749,0.0,1.1,1.0,-1.0,-0.3,26.7,26.2,0.5,27,3
TM,TEAM_CR,975,1048800,0.0,0.9,1.0,-1.0,0.5,26.7,26.2,0.5,27,3
TM,SUN_L,3722,SUN_R,3725,SUN_NDV,-0.0004,SUN_ANGLE,-0.92
TM,MAG_X,-10.40,MAG_Y,45.95,MAG_Z,12.38,MAG_HEADING,102.75
TM,GYRO_X,-1.383,GYRO_Y,-2.056,GYRO_Z,-0.176,BODY_RATE,0.176
TM,TEAM_CR,976,1048840,0.0,0.9,1.0,-1.0,-0.2,26.7,26.2,0.5,27,3
TM,ADCS_MODE,MANUAL,ADCS_REFERENCE,SUN,TARGET,0.00,POINTING_ERROR,0.99,SUN_ERROR,0.93,MAG_ERROR,-102.75,GYRO_Z,0.051,RW_CMD,0
TM,EST_RAW,-0.93,EST_FILTERED,-0.93,EST_ANGLE,-0.99,EST_FILTER,ON,EST_FILTER_TYPE,MOVING_AVERAGE,EST_MA_WINDOW,1,EST_FILTER_STRENGTH,0.35
TM,EST_FUSION,ON,EST_GYRO_WEIGHT,0.98,EST_VALID,1
TM,TEAM_CR,977,1048880,0.0,0.9,1.0,-1.0,0.1,26.7,26.2,0.5,27,3
TM,TEAM_CR,978,1048920,0.0,1.0,1.0,-1.0,0.5,24.1,26.2,0.5,24,3
TM,TEAM_CR,979,1048960,0.0,1.4,1.0,-1.0,-0.7,25.3,26.2,0.4,25,3
TM,TEAM_CR,980,1049001,0.0,1.2,1.0,-1.0,-0.1,26.6,26.2,0.4,27,3
TM,TEAM_CR,981,1049040,0.0,1.4,1.0,-1.0,-0.2,24.9,26.2,0.4,26,3
TM,TEAM_CR,982,1049080,0.0,0.6,1.0,-1.0,-0.7,26.6,26.2,0.4,27,3
TM,TEAM_CR,983,1049120,0.0,1.0,1.0,-1.0,0.0,26.6,26.2,0.4,27,3
TM,TEAM_CR,984,1049160,0.0,1.1,1.0,-1.0,-0.5,26.6,26.2,0.4,27,3
TM,TEAM_CR,985,1049200,0.0,1.0,0.9,-0.9,-0.2,26.6,26.2,0.4,27,3
TM,TEAM_CR,986,1049248,0.0,1.4,1.0,-1.0,0.1,26.6,26.2,0.4,27,3
TM,TEAM_CR,987,1049288,0.0,1.1,0.9,-0.9,-0.5,26.6,26.2,0.4,27,3
TM,TEAM_CR,988,1049328,0.0,1.0,1.0,-1.0,0.1,26.6,26.2,0.4,27,3
TM,TEAM_CR,989,1049368,0.0,1.2,1.0,-1.0,-0.3,26.6,26.2,0.4,27,3
TM,TEAM_CR,990,1049420,0.0,1.1,1.0,-1.0,-0.3,26.6,26.2,0.4,27,3
TM,TEAM_CR,991,1049460,0.0,1.2,1.0,-1.0,-0.2,26.5,26.2,0.4,27,3
TM,TEAM_CR,992,1049500,0.0,1.0,0.9,-0.9,-0.3,26.5,26.2,0.3,27,3
TM,TEAM_CR,993,1049540,0.0,1.0,1.0,-1.0,0.2,26.5,26.2,0.3,27,3
TM,SUN_L,3720,SUN_R,3725,SUN_NDV,-0.0007,SUN_ANGLE,-0.92
TM,MAG_X,-10.19,MAG_Y,45.97,MAG_Z,12.32,MAG_HEADING,102.50
TM,GYRO_X,-1.347,GYRO_Y,-1.951,GYRO_Z,0.034,BODY_RATE,-0.034
TM,TEAM_CR,994,1049580,0.0,1.1,0.9,-0.9,-0.4,26.5,26.2,0.3,27,3
TM,TEAM_CR,995,1049620,0.0,1.0,1.0,-1.0,0.3,26.5,26.2,0.3,27,3
TM,TEAM_CR,996,1049660,0.0,1.0,1.0,-1.0,0.4,26.5,26.2,0.3,27,3
TM,TEAM_CR,997,1049700,0.0,1.0,1.0,-1.0,-0.5,26.5,26.2,0.3,27,3
TM,TEAM_CR,998,1049748,0.0,1.0,0.9,-0.9,0.3,26.5,26.2,0.3,27,3
TM,TEAM_CR,999,1049800,0.0,1.3,0.9,-0.9,-0.9,26.5,26.2,0.3,26,3
TM,ADCS_MODE,MANUAL,ADCS_REFERENCE,SUN,TARGET,0.00,POINTING_ERROR,1.00,SUN_ERROR,0.90,MAG_ERROR,-102.70,GYRO_Z,-0.071,RW_CMD,0
TM,EST_RAW,-0.90,EST_FILTERED,-0.90,EST_ANGLE,-1.00,EST_FILTER,ON,EST_FILTER_TYPE,MOVING_AVERAGE,EST_MA_WINDOW,1,EST_FILTER_STRENGTH,0.35
TM,EST_FUSION,ON,EST_GYRO_WEIGHT,0.98,EST_VALID,1
TM,TEAM_CR,1000,1049840,0.0,1.1,0.9,-0.9,0.1,26.5,26.2,0.3,26,3
TM,TEAM_CR,1001,1049880,0.0,1.0,0.9,-0.9,-0.6,26.5,26.2,0.3,26,3
TM,TEAM_CR,1002,1049920,0.0,1.0,0.9,-0.9,-0.8,26.5,26.2,0.3,26,3
TM,TEAM_CR,1003,1049960,0.0,1.3,0.9,-0.9,0.0,26.5,26.2,0.3,26,3
TM,TEAM_CR,1004,1050001,0.0,0.9,0.8,-0.8,-1.3,26.5,26.2,0.3,26,3
TM,TEAM_CR,1005,1050040,0.0,0.8,0.8,-0.8,-0.6,26.5,26.2,0.3,26,3
TM,TEAM_CR,1006,1050080,0.0,1.1,0.8,-0.8,-0.8,26.5,26.2,0.3,26,3
TM,TEAM_CR,1007,1050120,0.0,1.0,0.7,-0.7,-1.8,26.5,26.2,0.3,26,3
TM,TEAM_CR,1008,1050160,0.0,0.9,0.7,-0.7,-0.8,26.4,26.2,0.3,26,3
TM,TEAM_CR,1009,1050200,0.0,0.9,0.7,-0.7,-1.7,26.4,26.2,0.2,26,3
TM,TEAM_CR,1010,1050248,0.0,0.7,0.6,-0.6,-1.0,26.4,26.2,0.2,26,3
TM,TEAM_CR,1011,1050288,0.0,0.7,0.6,-0.6,-0.9,26.4,26.2,0.2,26,3
TM,SUN_L,3722,SUN_R,3728,SUN_NDV,-0.0008,SUN_ANGLE,-1.05
TM,MAG_X,-10.37,MAG_Y,45.74,MAG_Z,11.95,MAG_HEADING,102.77
TM,GYRO_X,-1.050,GYRO_Y,-2.223,GYRO_Z,-0.106,BODY_RATE,0.106
TM,TEAM_CR,1012,1050328,0.0,0.7,0.5,-0.5,-1.4,26.4,26.2,0.2,26,3
TM,TEAM_CR,1013,1050368,0.0,0.6,0.5,-0.5,-0.5,26.4,26.2,0.2,26,3
TM,TEAM_CR,1014,1050420,0.0,0.7,0.4,-0.4,-1.2,26.4,26.2,0.2,26,3
TM,TEAM_CR,1015,1050460,0.0,0.4,0.4,-0.4,-0.3,26.4,26.2,0.2,26,3
TM,TEAM_CR,1016,1050500,0.0,0.3,0.4,-0.4,-0.2,26.4,26.2,0.2,26,3
TM,TEAM_CR,1017,1050540,0.0,0.3,0.4,-0.4,-0.3,26.4,26.2,0.2,26,3
TM,TEAM_CR,1018,1050580,0.0,0.6,0.4,-0.4,0.1,26.4,26.2,0.2,26,3
TM,TEAM_CR,1019,1050620,0.0,0.6,0.4,-0.4,-0.2,26.4,26.2,0.2,26,3
TM,TEAM_CR,1020,1050660,0.0,0.3,0.4,-0.4,0.2,26.4,26.2,0.2,26,3
TM,TEAM_CR,1021,1050700,0.0,0.5,0.4,-0.4,0.8,26.4,26.2,0.2,26,3
TM,TEAM_CR,1022,1050749,0.0,0.7,0.4,-0.4,-0.2,26.4,26.2,0.2,26,3
TM,ADCS_MODE,MANUAL,ADCS_REFERENCE,SUN,TARGET,0.00,POINTING_ERROR,1.01,SUN_ERROR,1.03,MAG_ERROR,-102.77,GYRO_Z,0.165,RW_CMD,0
TM,EST_RAW,-1.03,EST_FILTERED,-1.03,EST_ANGLE,-1.01,EST_FILTER,ON,EST_FILTER_TYPE,MOVING_AVERAGE,EST_MA_WINDOW,1,EST_FILTER_STRENGTH,0.35
TM,EST_FUSION,ON,EST_GYRO_WEIGHT,0.98,EST_VALID,1
TM,TEAM_CR,1023,1050801,0.0,0.8,0.5,-0.5,0.6,26.4,26.2,0.2,26,3
TM,TEAM_CR,1024,1050841,0.0,0.3,0.5,-0.5,-0.4,26.4,26.2,0.2,26,3
TM,TEAM_CR,1025,1050881,0.0,0.2,0.4,-0.4,0.2,26.4,26.2,0.2,26,3
TM,TEAM_CR,1026,1050921,0.0,0.6,0.4,-0.4,-0.4,26.4,26.2,0.2,26,3
TM,TEAM_CR,1027,1050961,0.0,0.6,0.4,-0.4,-0.6,26.4,26.2,0.2,26,3
TM,TEAM_CR,1028,1051001,0.0,0.4,0.4,-0.4,0.3,26.4,26.2,0.2,26,3
TM,TEAM_CR,1029,1051041,0.0,0.6,0.4,-0.4,-0.4,26.4,26.2,0.2,26,3
TM,SUN_L,3720,SUN_R,3727,SUN_NDV,-0.0009,SUN_ANGLE,-1.09
TM,MAG_X,-10.32,MAG_Y,45.86,MAG_Z,12.40,MAG_HEADING,102.68
TM,GYRO_X,-1.138,GYRO_Y,-2.161,GYRO_Z,-0.176,BODY_RATE,0.176
TM,TEAM_CR,1030,1051081,0.0,0.4,0.4,-0.4,0.3,26.4,26.2,0.2,26,3
TM,TEAM_CR,1031,1051121,0.0,0.7,0.4,-0.4,-0.1,26.4,26.2,0.2,26,3
TM,TEAM_CR,1032,1051161,0.0,0.5,0.4,-0.4,-0.3,26.3,26.2,0.2,26,3
TM,TEAM_CR,1033,1051201,0.0,0.6,0.5,-0.5,0.4,26.3,26.2,0.2,26,3
TM,TEAM_CR,1034,1051249,0.0,0.4,0.4,-0.4,-0.4,26.3,26.2,0.1,26,3
TM,TEAM_CR,1035,1051289,0.0,0.3,0.4,-0.4,0.2,26.3,26.2,0.1,26,3
TM,TEAM_CR,1036,1051329,0.0,0.5,0.4,-0.4,-0.2,26.3,26.2,0.1,26,3
TM,TEAM_CR,1037,1051369,0.0,0.5,0.4,-0.4,-0.1,26.3,26.2,0.1,26,3
TM,TEAM_CR,1038,1051420,0.0,0.6,0.4,-0.4,0.4,26.3,26.2,0.1,26,3
TM,TEAM_CR,1039,1051460,0.0,0.4,0.4,-0.4,-0.4,26.3,26.2,0.1,26,3
TM,TEAM_CR,1040,1051500,0.0,0.3,0.4,-0.4,0.7,26.3,26.2,0.1,26,3
TM,TEAM_CR,1041,1051540,0.0,0.6,0.5,-0.5,-0.2,26.3,26.2,0.1,26,3
TM,TEAM_CR,1042,1051580,0.0,0.5,0.4,-0.4,-0.1,26.3,26.2,0.1,26,3
TM,TEAM_CR,1043,1051620,0.0,0.5,0.5,-0.5,0.3,26.3,26.2,0.1,26,3
TM,TEAM_CR,1044,1051660,0.0,0.5,0.4,-0.4,-0.7,26.3,26.2,0.1,26,3
TM,TEAM_CR,1045,1051700,0.0,0.6,0.5,-0.5,0.7,26.3,26.2,0.1,26,3
TM,ADCS_MODE,MANUAL,ADCS_REFERENCE,SUN,TARGET,0.00,POINTING_ERROR,1.00,SUN_ERROR,0.98,MAG_ERROR,-102.67,GYRO_Z,0.139,RW_CMD,0
TM,EST_RAW,-0.98,EST_FILTERED,-0.98,EST_ANGLE,-1.00,EST_FILTER,ON,EST_FILTER_TYPE,MOVING_AVERAGE,EST_MA_WINDOW,1,EST_FILTER_STRENGTH,0.35
TM,EST_FUSION,ON,EST_GYRO_WEIGHT,0.98,EST_VALID,1
TM,TEAM_CR,1046,1051749,0.0,0.4,0.5,-0.5,-0.3,26.3,26.2,0.1,26,3
TM,TEAM_CR,1047,1051800,0.0,0.4,0.5,-0.5,0.6,26.3,26.2,0.1,26,3
TM,SUN_L,3719,SUN_R,3727,SUN_NDV,-0.0011,SUN_ANGLE,-0.92
TM,MAG_X,-10.30,MAG_Y,45.84,MAG_Z,12.26,MAG_HEADING,102.67
TM,GYRO_X,-1.356,GYRO_Y,-1.890,GYRO_Z,0.069,BODY_RATE,-0.069
TM,TEAM_CR,1048,1051840,0.0,0.2,0.5,-0.5,-0.3,26.3,26.2,0.1,26,3
TM,TEAM_CR,1049,1051880,0.0,0.5,0.4,-0.4,-0.3,26.3,26.2,0.1,26,3
TM,TEAM_CR,1050,1051920,0.0,0.5,0.5,-0.5,0.6,26.3,26.2,0.1,26,3
TM,TEAM_CR,1051,1051960,0.0,0.5,0.5,-0.5,-0.6,26.3,26.2,0.1,26,3
TM,TEAM_CR,1052,1052000,0.0,0.4,0.5,-0.5,0.5,26.3,26.2,0.1,26,3
TM,TEAM_CR,1053,1052040,0.0,0.2,0.5,-0.5,-0.1,26.3,26.2,0.1,26,3
TM,TEAM_CR,1054,1052080,0.0,0.4,0.5,-0.5,-0.1,26.3,26.2,0.1,26,3
TM,TEAM_CR,1055,1052121,0.0,0.4,0.5,-0.5,0.2,26.3,26.2,0.1,26,3
TM,TEAM_CR,1056,1052160,0.0,0.4,0.5,-0.5,-0.6,26.3,26.2,0.1,26,3
TM,TEAM_CR,1057,1052200,0.0,0.5,0.5,-0.5,0.3,26.3,26.2,0.1,26,3
TM,TEAM_CR,1058,1052249,0.0,0.5,0.5,-0.5,-0.3,26.3,26.2,0.1,26,3
TM,TEAM_CR,1059,1052289,0.0,0.4,0.5,-0.5,0.1,26.3,26.2,0.1,26,3
TM,TEAM_CR,1060,1052329,0.0,0.4,0.5,-0.5,0.5,26.3,26.2,0.1,26,3
TM,TEAM_CR,1061,1052369,0.0,0.1,0.5,-0.5,-0.4,26.3,26.2,0.1,26,3
TM,TEAM_CR,1062,1052420,0.0,0.7,0.5,-0.5,0.5,26.3,26.2,0.1,26,3
TM,TEAM_CR,1063,1052460,0.0,0.4,0.5,-0.5,-0.3,26.3,26.2,0.1,26,3
TM,TEAM_CR,1064,1052500,0.0,0.5,0.5,-0.5,0.3,26.3,26.2,0.1,26,3
TM,TEAM_CR,1065,1052540,0.0,0.6,0.5,-0.5,-0.3,26.3,26.2,0.1,26,3
TM,TEAM_CR,1066,1052580,0.0,0.4,0.4,-0.4,-0.3,26.3,26.2,0.1,26,3
TM,SUN_L,3721,SUN_R,3728,SUN_NDV,-0.0009,SUN_ANGLE,-1.00
TM,MAG_X,-10.24,MAG_Y,45.74,MAG_Z,12.32,MAG_HEADING,102.62
TM,GYRO_X,-1.505,GYRO_Y,-1.864,GYRO_Z,-0.089,BODY_RATE,0.089
TM,TEAM_CR,1067,1052620,0.0,0.3,0.5,-0.5,0.4,26.3,26.2,0.1,26,3
TM,ADCS_MODE,MANUAL,ADCS_REFERENCE,SUN,TARGET,0.00,POINTING_ERROR,0.99,SUN_ERROR,1.03,MAG_ERROR,-102.61,GYRO_Z,-0.019,RW_CMD,0
TM,EST_RAW,-1.03,EST_FILTERED,-1.03,EST_ANGLE,-0.99,EST_FILTER,ON,EST_FILTER_TYPE,MOVING_AVERAGE,EST_MA_WINDOW,1,EST_FILTER_STRENGTH,0.35
TM,EST_FUSION,ON,EST_GYRO_WEIGHT,0.98,EST_VALID,1
TM,TEAM_CR,1068,1052660,0.0,0.4,0.4,-0.4,-0.8,26.3,26.2,0.1,26,3
TM,TEAM_CR,1069,1052700,0.0,0.4,0.4,-0.4,0.2,26.3,26.2,0.1,26,3
TM,TEAM_CR,1070,1052749,0.0,0.6,0.4,-0.4,-0.9,26.3,26.2,0.1,26,3
TM,TEAM_CR,1071,1052800,0.0,0.3,0.4,-0.4,0.3,26.3,26.2,0.1,26,3
TM,TEAM_CR,1072,1052840,0.0,0.6,0.4,-0.4,0.0,26.3,26.2,0.1,26,3
TM,TEAM_CR,1073,1052880,0.0,0.6,0.4,-0.4,-0.3,26.3,26.2,0.1,26,3
TM,TEAM_CR,1074,1052920,0.0,0.3,0.4,-0.4,0.4,26.3,26.2,0.1,26,3
TM,TEAM_CR,1075,1052960,0.0,0.4,0.4,-0.4,-0.6,26.3,26.2,0.1,26,3
TM,TEAM_CR,1076,1053001,0.0,0.5,0.4,-0.4,0.4,26.3,26.2,0.1,26,3
TM,TEAM_CR,1077,1053040,0.0,0.8,0.4,-0.4,-0.4,26.3,26.2,0.1,26,3
TM,TEAM_CR,1078,1053080,0.0,0.5,0.4,-0.4,0.0,26.3,26.2,0.1,26,3
TM,TEAM_CR,1079,1053120,0.0,0.3,0.5,-0.5,0.8,26.3,26.2,0.1,26,3
TM,TEAM_CR,1080,1053160,0.0,0.5,0.4,-0.4,-0.5,26.3,26.2,0.1,26,3
TM,TEAM_CR,1081,1053200,0.0,0.5,0.4,-0.4,0.1,26.3,26.2,0.1,26,3
TM,TEAM_CR,1082,1053248,0.0,0.4,0.4,-0.4,-0.7,26.3,26.2,0.1,26,3
TM,TEAM_CR,1083,1053288,0.0,0.4,0.4,-0.4,0.1,26.2,26.2,0.1,26,3
TM,TEAM_CR,1084,1053328,0.0,0.4,0.4,-0.4,0.1,26.2,26.2,0.1,26,3
TM,SUN_L,3721,SUN_R,3725,SUN_NDV,-0.0005,SUN_ANGLE,-1.02
TM,MAG_X,-10.27,MAG_Y,45.74,MAG_Z,12.22,MAG_HEADING,102.66
TM,GYRO_X,-0.928,GYRO_Y,-2.030,GYRO_Z,-0.430,BODY_RATE,0.430
TM,TEAM_CR,1085,1053368,0.0,0.4,0.4,-0.4,-0.6,26.2,26.2,0.1,26,3
TM,TEAM_CR,1086,1053420,0.0,0.5,0.4,-0.4,0.6,26.2,26.2,0.1,26,3
TM,TEAM_CR,1087,1053460,0.0,0.7,0.4,-0.4,-0.7,26.2,26.2,0.1,26,3
TM,TEAM_CR,1088,1053501,0.0,0.6,0.4,-0.4,0.3,26.2,26.2,0.1,26,3
TM,TEAM_CR,1089,1053540,0.0,0.5,0.4,-0.4,-0.6,26.2,26.2,0.0,26,3
TM,TEAM_CR,1090,1053580,0.0,0.6,0.4,-0.4,-0.4,26.2,26.2,0.0,26,3
TM,ADCS_MODE,MANUAL,ADCS_REFERENCE,SUN,TARGET,0.00,POINTING_ERROR,0.99,SUN_ERROR,1.08,MAG_ERROR,-102.66,GYRO_Z,0.078,RW_CMD,0
TM,EST_RAW,-1.08,EST_FILTERED,-1.08,EST_ANGLE,-0.99,EST_FILTER,ON,EST_FILTER_TYPE,MOVING_AVERAGE,EST_MA_WINDOW,1,EST_FILTER_STRENGTH,0.35
TM,EST_FUSION,ON,EST_GYRO_WEIGHT,0.98,EST_VALID,1
TM,TEAM_CR,1091,1053620,0.0,0.7,0.4,-0.4,0.6,26.2,26.2,0.0,26,3
TM,TEAM_CR,1092,1053660,0.0,0.6,0.4,-0.4,-0.5,26.2,26.2,0.0,26,3
TM,TEAM_CR,1093,1053700,0.0,0.3,0.4,-0.4,0.6,26.2,26.2,0.0,26,3
TM,TEAM_CR,1094,1053748,0.0,0.4,0.4,-0.4,-0.4,26.2,26.2,0.0,26,3
TM,TEAM_CR,1095,1053800,0.0,0.5,0.4,-0.4,0.6,26.2,26.2,0.0,26,3
TM,TEAM_CR,1096,1053840,0.0,0.4,0.4,-0.4,-0.5,26.2,26.2,0.0,26,3
TM,TEAM_CR,1097,1053880,0.0,0.4,0.4,-0.4,0.0,26.2,26.2,0.0,26,3
TM,TEAM_CR,1098,1053920,0.0,0.4,0.5,-0.5,0.7,26.2,26.2,0.0,26,3
TM,TEAM_CR,1099,1053960,0.0,0.5,0.4,-0.4,-0.2,26.2,26.2,0.0,26,3
TM,TEAM_CR,1100,1054000,0.0,0.2,0.4,-0.4,0.5,26.2,26.2,0.0,26,3
TM,TEAM_CR,1101,1054040,0.0,0.3,0.4,-0.4,-0.6,26.2,26.2,0.0,26,3
TM,TEAM_CR,1102,1054080,0.0,0.3,0.4,-0.4,0.1,26.2,26.2,0.0,26,3
TM,SUN_L,3721,SUN_R,3725,SUN_NDV,-0.0005,SUN_ANGLE,-1.05
TM,MAG_X,-10.13,MAG_Y,45.78,MAG_Z,12.27,MAG_HEADING,102.48
TM,GYRO_X,-1.199,GYRO_Y,-1.934,GYRO_Z,-0.141,BODY_RATE,0.141
TM,TEAM_CR,1103,1054120,0.0,0.4,0.4,-0.4,0.2,26.2,26.2,0.0,26,3
TM,TEAM_CR,1104,1054160,0.0,0.5,0.4,-0.4,-0.5,26.2,26.2,0.0,26,3
TM,TEAM_CR,1105,1054200,0.0,0.4,0.4,-0.4,0.4,26.2,26.2,0.0,26,3
TM,TEAM_CR,1106,1054249,0.0,0.3,0.4,-0.4,-0.7,26.2,26.2,0.0,26,3
TM,TEAM_CR,1107,1054289,0.0,0.5,0.4,-0.4,0.2,26.2,26.2,0.0,26,3
TM,TEAM_CR,1108,1054329,0.0,0.4,0.4,-0.4,-0.6,26.2,26.2,0.0,26,3
TM,TEAM_CR,1109,1054369,0.0,0.3,0.4,-0.4,-0.1,26.2,26.2,0.0,26,3
TM,TEAM_CR,1110,1054420,0.0,0.7,0.4,-0.4,-0.4,26.2,26.2,0.0,26,3
TM,TEAM_CR,1111,1054460,0.0,0.2,0.4,-0.4,-0.1,26.2,26.2,0.0,26,3
TM,TEAM_CR,1112,1054500,0.0,0.3,0.4,-0.4,0.6,26.2,26.2,0.0,26,3
TM,TEAM_CR,1113,1054540,0.0,0.1,0.4,-0.4,-0.8,26.2,26.2,0.0,26,3
TM,ADCS_MODE,MANUAL,ADCS_REFERENCE,SUN,TARGET,0.00,POINTING_ERROR,1.00,SUN_ERROR,1.15,MAG_ERROR,-102.79,GYRO_Z,-0.194,RW_CMD,0
TM,EST_RAW,-1.15,EST_FILTERED,-1.15,EST_ANGLE,-1.00,EST_FILTER,ON,EST_FILTER_TYPE,MOVING_AVERAGE,EST_MA_WINDOW,1,EST_FILTER_STRENGTH,0.35
TM,EST_FUSION,ON,EST_GYRO_WEIGHT,0.98,EST_VALID,1
TM,TEAM_CR,1114,1054580,0.0,0.4,0.4,-0.4,0.6,26.2,26.2,0.0,26,3
TM,TEAM_CR,1115,1054620,0.0,0.5,0.4,-0.4,-0.5,26.2,26.2,0.0,26,3
TM,TEAM_CR,1116,1054660,0.0,0.2,0.3,-0.3,-0.2,26.2,26.2,0.0,26,3
TM,TEAM_CR,1117,1054700,0.0,0.3,0.4,-0.4,0.7,26.2,26.2,0.0,26,3
TM,TEAM_CR,1118,1054749,0.0,0.5,0.4,-0.4,-0.3,26.2,26.2,0.0,26,3
TM,TEAM_CR,1119,1054801,0.0,0.4,0.4,-0.4,0.1,26.2,26.2,0.0,26,3
TM,TEAM_CR,1120,1054840,0.0,0.4,0.3,-0.3,-0.4,26.2,26.2,0.0,26,3
TM,SUN_L,3720,SUN_R,3725,SUN_NDV,-0.0007,SUN_ANGLE,-1.13
TM,MAG_X,-10.35,MAG_Y,45.60,MAG_Z,12.18,MAG_HEADING,102.79
TM,GYRO_X,-1.330,GYRO_Y,-2.039,GYRO_Z,-0.071,BODY_RATE,0.071
TM,TEAM_CR,1121,1054880,0.0,0.3,0.4,-0.4,0.6,26.2,26.2,0.0,26,3
TM,TEAM_CR,1122,1054920,0.0,0.2,0.4,-0.4,-0.6,26.2,26.2,0.0,26,3
TM,TEAM_CR,1123,1054960,0.0,0.4,0.3,-0.3,0.1,26.2,26.2,0.0,26,3
TM,TEAM_CR,1124,1055000,0.0,0.2,0.3,-0.3,-0.3,26.2,26.2,0.0,26,3
TM,TEAM_CR,1125,1055040,0.0,0.4,0.3,-0.3,0.0,26.2,26.2,0.0,26,3
TM,TEAM_CR,1126,1055080,0.0,0.5,0.3,-0.3,0.4,26.2,26.2,0.0,26,3
TM,TEAM_CR,1127,1055120,0.0,0.4,0.3,-0.3,-0.7,26.2,26.2,0.0,26,3
TM,TEAM_CR,1128,1055160,0.0,0.3,0.3,-0.3,0.4,26.2,26.2,0.0,26,3
TM,TEAM_CR,1129,1055200,0.0,0.0,0.3,-0.3,-0.3,26.2,26.2,0.0,26,3
TM,TEAM_CR,1130,1055249,0.0,0.0,0.3,-0.3,-0.3,26.2,26.2,0.0,26,3
TM,TEAM_CR,1131,1055289,0.0,0.2,0.3,-0.3,0.2,26.2,26.2,0.0,26,3
TM,TEAM_CR,1132,1055329,0.0,0.2,0.3,-0.3,-0.5,26.2,26.2,0.0,26,3
TM,TEAM_CR,1133,1055369,0.0,-0.4,0.3,-0.3,0.6,26.2,26.2,0.0,26,3
TM,TEAM_CR,1134,1055420,0.0,0.3,0.2,-0.2,-1.3,26.2,26.2,0.0,26,3
TM,TEAM_CR,1135,1055460,0.0,0.0,0.2,-0.2,0.3,26.2,26.2,0.0,26,3
TM,TEAM_CR,1136,1055500,0.0,0.4,0.2,-0.2,-0.8,26.2,26.2,0.0,26,3
TM,ADCS_MODE,MANUAL,ADCS_REFERENCE,SUN,TARGET,0.00,POINTING_ERROR,1.01,SUN_ERROR,1.10,MAG_ERROR,-102.57,GYRO_Z,-0.290,RW_CMD,0
TM,EST_RAW,-1.10,EST_FILTERED,-1.10,EST_ANGLE,-1.01,EST_FILTER,ON,EST_FILTER_TYPE,MOVING_AVERAGE,EST_MA_WINDOW,1,EST_FILTER_STRENGTH,0.35
TM,EST_FUSION,ON,EST_GYRO_WEIGHT,0.98,EST_VALID,1
TM,TEAM_CR,1137,1055540,0.0,0.1,0.2,-0.2,-0.2,26.2,26.2,0.0,26,3
TM,TEAM_CR,1138,1055580,0.0,0.1,0.2,-0.2,-0.2,26.2,26.2,0.0,26,3
TM,SUN_L,3720,SUN_R,3725,SUN_NDV,-0.0007,SUN_ANGLE,-1.25
TM,MAG_X,-10.18,MAG_Y,45.55,MAG_Z,12.34,MAG_HEADING,102.59
TM,GYRO_X,-1.619,GYRO_Y,-1.969,GYRO_Z,0.148,BODY_RATE,-0.148
TM,TEAM_CR,1139,1055620,0.0,0.2,0.2,-0.2,0.0,26.2,26.2,0.0,26,3
TM,TEAM_CR,1140,1055660,0.0,-0.1,0.2,-0.2,0.3,26.2,26.2,0.0,26,3
TM,TEAM_CR,1141,1055700,0.0,0.3,0.2,-0.2,-0.7,26.2,26.2,0.0,26,3
TM,TEAM_CR,1142,1055749,0.0,0.1,0.2,-0.2,0.5,26.2,26.2,0.0,26,3
TM,TEAM_CR,1143,1055800,0.0,0.1,0.2,-0.2,-0.8,26.2,26.2,0.0,26,3
TM,TEAM_CR,1144,1055840,0.0,0.2,0.2,-0.2,0.5,26.2,26.2,0.0,26,3
TM,TEAM_CR,1145,1055880,0.0,0.1,0.2,-0.2,-0.2,26.2,26.2,0.0,26,3
TM,TEAM_CR,1146,1055920,0.0,-0.1,0.2,-0.2,0.1,26.2,26.2,0.0,26,3
TM,TEAM_CR,1147,1055960,0.0,0.2,0.2,-0.2,0.5,26.2,26.2,0.0,26,3
TM,TEAM_CR,1148,1056000,0.0,0.3,0.1,-0.1,-0.9,26.2,26.2,0.0,26,3
TM,TEAM_CR,1149,1056040,0.0,0.6,0.2,-0.2,0.7,26.2,26.2,0.0,26,3
TM,TEAM_CR,1150,1056080,0.0,0.1,0.2,-0.2,-0.7,26.2,26.2,0.0,26,3
TM,TEAM_CR,1151,1056120,0.0,0.4,0.2,-0.2,-0.1,26.2,26.2,0.0,26,3
TM,TEAM_CR,1152,1056160,0.0,0.3,0.2,-0.2,-0.1,26.2,26.2,0.0,26,3
TM,TEAM_CR,1153,1056200,0.0,0.2,0.2,-0.2,0.3,26.2,26.2,0.0,26,3
TM,TEAM_CR,1154,1056249,0.0,0.2,0.2,-0.2,0.5,26.2,26.2,0.0,26,3
TM,TEAM_CR,1155,1056289,0.0,0.3,0.2,-0.2,-0.3,26.2,26.2,0.0,26,3
TM,TEAM_CR,1156,1056329,0.0,0.2,0.2,-0.2,0.9,26.2,26.2,0.0,26,3
TM,TEAM_CR,1157,1056369,0.0,0.4,0.2,-0.2,-0.7,26.2,26.2,0.0,26,3
TM,SUN_L,3720,SUN_R,3725,SUN_NDV,-0.0007,SUN_ANGLE,-1.21
TM,MAG_X,-10.19,MAG_Y,45.70,MAG_Z,12.37,MAG_HEADING,102.57
TM,GYRO_X,-1.155,GYRO_Y,-2.109,GYRO_Z,-0.307,BODY_RATE,0.307
TM,TEAM_CR,1158,1056420,0.0,0.3,0.2,-0.2,0.6,26.2,26.2,0.0,26,3
TM,ADCS_MODE,MANUAL,ADCS_REFERENCE,SUN,TARGET,0.00,POINTING_ERROR,1.01,SUN_ERROR,0.98,MAG_ERROR,-102.57,GYRO_Z,-0.439,RW_CMD,0
TM,EST_RAW,-0.98,EST_FILTERED,-0.98,EST_ANGLE,-1.01,EST_FILTER,ON,EST_FILTER_TYPE,MOVING_AVERAGE,EST_MA_WINDOW,1,EST_FILTER_STRENGTH,0.35
TM,EST_FUSION,ON,EST_GYRO_WEIGHT,0.98,EST_VALID,1
TM,TEAM_CR,1159,1056460,0.0,0.1,0.2,-0.2,-0.6,26.2,26.2,0.0,26,3
TM,TEAM_CR,1160,1056500,0.0,0.3,0.2,-0.2,0.1,26.2,26.2,0.0,26,3
TM,TEAM_CR,1161,1056540,0.0,0.3,0.2,-0.2,-0.1,26.2,26.2,0.0,26,3
TM,TEAM_CR,1162,1056580,0.0,0.3,0.2,-0.2,-0.2,26.2,26.2,0.0,26,3
TM,TEAM_CR,1163,1056621,0.0,0.6,0.2,-0.2,0.1,26.2,26.2,0.0,26,3
TM,TEAM_CR,1164,1056660,0.0,0.4,0.2,-0.2,-1.2,26.2,26.2,0.0,26,3
TM,TEAM_CR,1165,1056700,0.0,0.2,0.2,-0.2,0.3,26.2,26.2,0.0,26,3
TM,TEAM_CR,1166,1056749,0.0,0.1,0.2,-0.2,-1.0,26.2,26.2,0.0,26,3
TM,TEAM_CR,1167,1056801,0.0,0.1,0.2,-0.2,0.6,26.2,26.2,0.0,26,3
TM,TEAM_CR,1168,1056840,0.0,0.1,0.2,-0.2,-0.3,26.2,26.2,0.0,26,3
TM,TEAM_CR,1169,1056880,0.0,0.3,0.2,-0.2,-0.1,26.2,26.2,0.0,26,3
TM,TEAM_CR,1170,1056920,0.0,0.0,0.2,-0.2,-0.6,26.2,26.2,0.0,26,3
TM,TEAM_CR,1171,1056960,0.0,0.1,0.1,-0.1,-1.3,26.2,26.2,0.0,26,3
TM,TEAM_CR,1172,1057001,0.0,0.1,0.1,-0.1,-0.1,26.2,26.2,0.0,26,3
TM,TEAM_CR,1173,1057041,0.0,0.7,0.0,0.0,-1.9,26.2,26.2,0.0,26,3
TM,TEAM_CR,1174,1057080,0.0,-0.1,0.0,0.0,-1.3,26.2,26.2,0.0,26,3
TM,TEAM_CR,1175,1057120,0.0,0.0,-0.1,0.1,-1.7,26.2,26.2,0.0,26,3
TM,SUN_L,3720,SUN_R,3726,SUN_NDV,-0.0008,SUN_ANGLE,-1.03
TM,MAG_X,-10.30,MAG_Y,45.58,MAG_Z,12.22,MAG_HEADING,102.74
TM,GYRO_X,-0.849,GYRO_Y,-2.266,GYRO_Z,-0.264,BODY_RATE,0.264
TM,TEAM_CR,1176,1057160,0.0,0.0,-0.1,0.1,-1.4,26.2,26.2,0.0,26,3
TM,TEAM_CR,1177,1057200,0.0,-0.2,-0.2,0.2,-1.2,26.2,26.2,0.0,26,3
TM,TEAM_CR,1178,1057248,0.0,-0.3,-0.3,0.3,-1.3,26.2,26.2,0.0,26,3
TM,TEAM_CR,1179,1057288,0.0,-0.3,-0.3,0.3,-0.9,26.2,26.2,0.0,26,3
TM,TEAM_CR,1180,1057328,0.0,-0.3,-0.4,0.4,-1.9,26.2,26.2,0.0,26,3
TM,TEAM_CR,1181,1057368,0.0,-0.3,-0.4,0.4,-0.8,26.2,26.2,0.0,26,3
TM,ADCS_MODE,MANUAL,ADCS_REFERENCE,SUN,TARGET,0.00,POINTING_ERROR,1.04,SUN_ERROR,1.20,MAG_ERROR,-102.63,GYRO_Z,0.060,RW_CMD,0
TM,EST_RAW,-1.20,EST_FILTERED,-1.20,EST_ANGLE,-1.04,EST_FILTER,ON,EST_FILTER_TYPE,MOVING_AVERAGE,EST_MA_WINDOW,1,EST_FILTER_STRENGTH,0.35
TM,EST_FUSION,ON,EST_GYRO_WEIGHT,0.98,EST_VALID,1
TM,TEAM_CR,1182,1057420,0.0,-0.6,-0.5,0.5,-2.0,26.2,26.2,0.0,26,3
TM,TEAM_CR,1183,1057460,0.0,-0.6,-0.5,0.5,-0.9,26.2,26.2,0.0,26,3
TM,TEAM_CR,1184,1057500,0.0,-0.3,-0.6,0.6,-1.7,26.2,26.2,0.0,26,3
TM,TEAM_CR,1185,1057540,0.0,-0.5,-0.6,0.6,-1.0,26.2,26.2,0.0,26,3
TM,TEAM_CR,1186,1057580,0.0,-0.6,-0.6,0.6,-0.8,26.2,26.2,0.0,26,3
TM,TEAM_CR,1187,1057620,0.0,-0.5,-0.7,0.7,-1.9,26.2,26.2,0.0,26,3
TM,TEAM_CR,1188,1057660,0.0,-1.0,-0.8,0.8,-0.9,26.2,26.2,0.0,26,3
TM,TEAM_CR,1189,1057700,0.0,-0.7,-0.9,0.9,-3.0,26.2,26.2,0.0,26,3
TM,TEAM_CR,1190,1057748,0.0,-0.7,-0.9,0.9,-0.9,26.2,26.2,0.0,26,3
TM,TEAM_CR,1191,1057799,0.0,-0.7,-0.9,0.9,-1.7,26.2,26.2,0.0,26,3
TM,TEAM_CR,1192,1057839,0.0,-0.8,-1.0,1.0,-0.1,26.2,26.2,0.0,26,3
TM,TEAM_CR,1193,1057879,0.0,-1.0,-1.0,1.0,-0.7,26.2,26.2,0.0,26,3
TM,SUN_L,3720,SUN_R,3725,SUN_NDV,-0.0007,SUN_ANGLE,-1.06
TM,MAG_X,-10.27,MAG_Y,45.84,MAG_Z,12.30,MAG_HEADING,102.63
TM,GYRO_X,-1.549,GYRO_Y,-2.161,GYRO_Z,0.095,BODY_RATE,-0.095
TM,TEAM_CR,1194,1057919,0.0,-1.0,-1.0,1.0,-0.3,28.5,26.2,0.0,29,3
TM,TEAM_CR,1195,1057959,0.0,-0.8,-1.0,1.0,0.2,26.2,26.2,0.0,26,3
TM,TEAM_CR,1196,1058000,0.0,-0.8,-1.0,1.0,-0.3,28.6,26.2,0.0,29,3
TM,TEAM_CR,1197,1058040,0.0,-0.9,-1.0,1.0,0.1,28.2,26.3,0.0,28,3
TM,TEAM_CR,1198,1058080,0.0,-1.3,-1.0,1.0,-0.8,29.2,26.3,0.0,29,3
TM,TEAM_CR,1199,1058120,0.0,-0.9,-1.0,1.0,0.5,27.9,26.3,0.0,28,3
TM,TEAM_CR,1200,1058160,0.0,-1.0,-1.0,1.0,-0.2,28.5,26.3,0.0,29,3
TM,TEAM_CR,1201,1058200,0.0,-1.0,-1.0,1.0,0.1,28.3,26.3,0.0,28,3
TM,TEAM_CR,1202,1058248,0.0,-1.0,-1.0,1.0,0.2,26.3,26.3,0.0,27,3
TM,TEAM_CR,1203,1058288,0.0,-0.9,-1.0,1.0,0.0,28.4,26.4,0.0,28,3
TM,TEAM_CR,1204,1058328,0.0,-0.8,-1.0,1.0,0.8,26.4,26.4,0.0,26,3
TM,ADCS_MODE,MANUAL,ADCS_REFERENCE,SUN,TARGET,0.00,POINTING_ERROR,1.05,SUN_ERROR,1.08,MAG_ERROR,-102.63,GYRO_Z,0.016,RW_CMD,0
TM,EST_RAW,-1.08,EST_FILTERED,-1.08,EST_ANGLE,-1.05,EST_FILTER,ON,EST_FILTER_TYPE,MOVING_AVERAGE,EST_MA_WINDOW,1,EST_FILTER_STRENGTH,0.35
TM,EST_FUSION,ON,EST_GYRO_WEIGHT,0.98,EST_VALID,1
TM,TEAM_CR,1205,1058368,0.0,-1.0,-1.0,1.0,-0.8,26.4,26.4,0.0,26,3
TM,TEAM_CR,1206,1058420,0.0,-1.1,-1.0,1.0,0.2,28.2,26.4,0.0,28,3
TM,TEAM_CR,1207,1058460,0.0,-1.2,-1.0,1.0,-1.1,29.6,26.4,0.0,30,3
TM,TEAM_CR,1208,1058500,0.0,-1.8,-1.0,1.0,0.7,27.8,26.4,0.0,28,3
TM,TEAM_CR,1209,1058540,0.0,-0.9,-1.0,1.0,-0.2,28.7,26.4,0.0,29,3
TM,TEAM_CR,1210,1058580,0.0,-0.8,-1.0,1.0,0.4,28.1,26.5,0.0,28,3
TM,TEAM_CR,1211,1058620,0.0,-1.1,-1.0,1.0,0.4,28.1,26.5,0.0,28,3
TM,SUN_L,3721,SUN_R,3723,SUN_NDV,-0.0003,SUN_ANGLE,-1.15
TM,MAG_X,-10.24,MAG_Y,45.55,MAG_Z,12.37,MAG_HEADING,102.67
TM,GYRO_X,-1.111,GYRO_Y,-2.109,GYRO_Z,-0.132,BODY_RATE,0.132
TM,TEAM_CR,1212,1058660,0.0,-0.9,-1.0,1.0,-0.3,28.8,26.5,0.0,29,3
TM,TEAM_CR,1213,1058700,0.0,-1.0,-1.0,1.0,1.0,26.5,26.5,0.0,27,3
TM,TEAM_CR,1214,1058748,0.0,-0.9,-1.0,1.0,-0.7,26.5,26.5,0.0,27,3
TM,TEAM_CR,1215,1058801,0.0,-1.1,-1.0,1.0,0.3,26.5,26.5,0.0,27,3
TM,TEAM_CR,1216,1058841,0.0,-1.0,-1.0,1.0,-1.0,29.6,26.5,0.0,29,3
TM,TEAM_CR,1217,1058880,0.0,-0.9,-1.0,1.0,0.4,28.2,26.5,0.0,28,3
TM,TEAM_CR,1218,1058920,0.0,-0.9,-1.0,1.0,-0.7,29.3,26.6,0.0,29,3
TM,TEAM_CR,1219,1058960,0.0,-0.8,-1.0,1.0,0.3,26.6,26.6,0.0,27,3
TM,TEAM_CR,1220,1059000,0.0,-0.9,-1.0,1.0,0.2,26.6,26.6,0.0,27,3
TM,TEAM_CR,1221,1059040,0.0,-0.8,-1.0,1.0,0.2,26.6,26.6,0.0,27,3
TM,TEAM_CR,1222,1059080,0.0,-1.1,-1.0,1.0,0.5,26.6,26.6,0.0,27,3
TM,TEAM_CR,1223,1059120,0.0,-0.8,-1.0,1.0,-0.9,26.6,26.6,0.0,27,3
TM,TEAM_CR,1224,1059160,0.0,-1.0,-1.0,1.0,0.4,26.6,26.6,0.0,27,3
TM,TEAM_CR,1225,1059201,0.0,-1.0,-1.0,1.0,-1.1,29.7,26.6,0.0,29,3
TM,TEAM_CR,1226,1059248,0.0,-0.9,-1.0,1.0,0.1,26.6,26.6,0.0,28,3
TM,TEAM_CR,1227,1059288,0.0,-0.9,-1.0,1.0,-0.7,29.4,26.6,0.0,29,3
TM,ADCS_MODE,MANUAL,ADCS_REFERENCE,SUN,TARGET,0.00,POINTING_ERROR,1.08,SUN_ERROR,1.24,MAG_ERROR,-102.77,GYRO_Z,-0.010,RW_CMD,0
TM,EST_RAW,-1.24,EST_FILTERED,-1.24,EST_ANGLE,-1.08,EST_FILTER,ON,EST_FILTER_TYPE,MOVING_AVERAGE,EST_MA_WINDOW,1,EST_FILTER_STRENGTH,0.35
TM,EST_FUSION,ON,EST_GYRO_WEIGHT,0.98,EST_VALID,1
TM,TEAM_CR,1228,1059328,0.0,-1.0,-1.0,1.0,0.2,28.5,26.6,0.0,29,3
TM,TEAM_CR,1229,1059368,0.0,-0.9,-1.0,1.0,-0.2,28.9,26.6,0.0,29,3
TM,SUN_L,3721,SUN_R,3728,SUN_NDV,-0.0009,SUN_ANGLE,-0.95
TM,MAG_X,-10.32,MAG_Y,45.54,MAG_Z,12.58,MAG_HEADING,102.77
TM,GYRO_X,-1.033,GYRO_Y,-2.188,GYRO_Z,0.043,BODY_RATE,-0.043
TM,TEAM_CR,1230,1059420,0.0,-0.8,-1.0,1.0,0.4,28.3,26.7,0.0,28,3
TM,TEAM_CR,1231,1059460,0.0,-0.8,-1.0,1.0,0.0,26.7,26.7,0.0,27,3
TM,TEAM_CR,1232,1059500,0.0,-0.9,-1.0,1.0,-0.2,28.9,26.7,0.0,29,3
TM,TEAM_CR,1233,1059540,0.0,-1.1,-1.0,1.0,0.5,26.7,26.7,0.0,27,3
TM,TEAM_CR,1234,1059580,0.0,-0.4,-1.0,1.0,-1.1,29.9,26.7,0.0,30,3
TM,TEAM_CR,1235,1059621,0.0,-1.1,-1.0,1.0,0.7,26.7,26.7,0.0,27,3
TM,TEAM_CR,1236,1059661,0.0,-0.9,-1.0,1.0,-0.8,29.5,26.7,0.0,29,3
TM,TEAM_CR,1237,1059700,0.0,-0.9,-1.0,1.0,0.3,28.4,26.8,0.0,28,3
TM,TEAM_CR,1238,1059749,0.0,-1.1,-1.0,1.0,-0.5,29.3,26.8,0.0,29,3
TM,TEAM_CR,1239,1059800,0.0,-0.9,-1.0,1.0,0.6,26.8,26.8,0.0,28,3
TM,TEAM_CR,1240,1059840,0.0,-1.1,-1.0,1.0,-0.3,26.8,26.8,0.0,27,3
TM,TEAM_CR,1241,1059880,0.0,-0.9,-1.0,1.0,0.2,26.8,26.8,0.0,27,3
TM,TEAM_CR,1242,1059920,0.0,-1.0,-1.0,1.0,0.0,26.8,26.8,0.0,27,3
TM,TEAM_CR,1243,1059960,0.0,-1.0,-1.0,1.0,-0.5,29.3,26.8,0.0,29,3
TM,TEAM_CR,1244,1060000,0.0,-0.7,-1.0,1.0,0.5,26.8,26.8,0.0,27,3
TM,TEAM_CR,1245,1060040,0.0,-0.9,-1.0,1.0,-1.1,29.9,26.8,0.0,29,3
TM,TEAM_CR,1246,1060080,0.0,-1.3,-1.0,1.0,0.8,26.8,26.8,0.0,27,3
TM,TEAM_CR,1247,1060120,0.0,-0.8,-1.0,1.0,-0.5,26.8,26.8,0.0,27,3
TM,TEAM_CR,1248,1060160,0.0,-1.0,-1.0,1.0,0.5,26.8,26.8,0.0,28,3
TM,SUN_L,3721,SUN_R,3725,SUN_NDV,-0.0005,SUN_ANGLE,-1.00
TM,MAG_X,-10.22,MAG_Y,45.71,MAG_Z,12.51,MAG_HEADING,102.61
TM,GYRO_X,-1.251,GYRO_Y,-1.837,GYRO_Z,0.148,BODY_RATE,-0.148
TM,TEAM_CR,1249,1060201,0.0,-0.9,-1.0,1.0,-0.2,26.8,26.8,0.0,27,3
TM,ADCS_MODE,MANUAL,ADCS_REFERENCE,SUN,TARGET,0.00,POINTING_ERROR,1.06,SUN_ERROR,0.87,MAG_ERROR,-102.61,GYRO_Z,-0.194,RW_CMD,0
TM,EST_RAW,-0.87,EST_FILTERED,-0.87,EST_ANGLE,-1.06,EST_FILTER,ON,EST_FILTER_TYPE,MOVING_AVERAGE,EST_MA_WINDOW,1,EST_FILTER_STRENGTH,0.35
TM,EST_FUSION,ON,EST_GYRO_WEIGHT,0.98,EST_VALID,1
TM,TEAM_CR,1250,1060249,0.0,-0.9,-1.0,1.0,0.2,26.8,26.8,0.0,27,3
TM,TEAM_CR,1251,1060289,0.0,-0.9,-1.0,1.0,-0.2,26.8,26.8,0.0,27,3
TM,TEAM_CR,1252,1060328,0.0,-1.1,-1.0,1.0,0.0,26.8,26.8,0.0,27,3
TM,TEAM_CR,1253,1060368,0.0,-1.2,-1.0,1.0,0.9,26.8,26.8,0.0,27,3
TM,TEAM_CR,1254,1060420,0.0,-0.8,-1.0,1.0,0.0,26.8,26.8,0.0,29,3
TM,TEAM_CR,1255,1060460,0.0,-1.1,-1.0,1.0,0.8,26.8,26.8,0.0,27,3
TM,TEAM_CR,1256,1060500,0.0,-1.0,-1.0,1.0,-0.7,26.8,26.8,0.0,27,3
TM,TEAM_CR,1257,1060540,0.0,-0.9,-1.0,1.0,1.1,26.8,26.8,0.0,27,3
TM,TEAM_CR,1258,1060580,0.0,-1.0,-1.0,1.0,-0.9,26.8,26.8,0.0,27,3
TM,TEAM_CR,1259,1060620,0.0,-1.0,-1.0,1.0,0.1,26.8,26.8,0.0,27,3
TM,TEAM_CR,1260,1060660,0.0,-0.9,-1.0,1.0,-0.6,26.8,26.8,0.0,27,3
TM,TEAM_CR,1261,1060700,0.0,-0.9,-1.0,1.0,0.2,28.7,26.8,0.0,29,3
TM,TEAM_CR,1262,1060748,0.0,-1.1,-1.0,1.0,-0.3,26.8,26.8,0.0,27,3
TM,TEAM_CR,1263,1060799,0.0,-0.9,-1.0,1.0,0.8,26.9,26.9,0.0,29,3
TM,TEAM_CR,1264,1060839,0.0,-1.1,-1.0,1.0,0.5,26.9,26.9,0.0,27,3
TM,TEAM_CR,1265,1060880,0.0,-1.0,-1.0,1.0,0.2,26.9,26.9,0.0,27,3
TM,TEAM_CR,1266,1060919,0.0,-1.1,-1.0,1.0,0.3,26.9,26.9,0.0,27,3
TM,SUN_L,3722,SUN_R,3726,SUN_NDV,-0.0005,SUN_ANGLE,-1.04
TM,MAG_X,-10.14,MAG_Y,45.66,MAG_Z,12.42,MAG_HEADING,102.52
TM,GYRO_X,-1.304,GYRO_Y,-1.741,GYRO_Z,-0.290,BODY_RATE,0.290
TM,TEAM_CR,1267,1060959,0.0,-0.8,-1.0,1.0,-0.4,26.9,26.9,0.0,27,3
TM,TEAM_CR,1268,1061000,0.0,-1.1,-1.0,1.0,0.1,26.9,26.9,0.0,27,3
TM,TEAM_CR,1269,1061040,0.0,-1.1,-1.0,1.0,-1.5,30.3,26.9,0.0,29,3
TM,TEAM_CR,1270,1061080,0.0,-1.1,-1.0,1.0,0.5,26.9,26.9,0.0,28,3
TM,TEAM_CR,1271,1061120,0.0,-1.1,-1.0,1.0,-0.6,26.9,26.9,0.0,27,3
TM,TEAM_CR,1272,1061160,0.0,-0.9,-1.0,1.0,0.6,26.9,26.9,0.0,27,3
TM,ADCS_MODE,MANUAL,ADCS_REFERENCE,SUN,TARGET,0.00,POINTING_ERROR,1.04,SUN_ERROR,1.06,MAG_ERROR,-102.52,GYRO_Z,-0.080,RW_CMD,0
TM,EST_RAW,-1.06,EST_FILTERED,-1.06,EST_ANGLE,-1.04,EST_FILTER,ON,EST_FILTER_TYPE,MOVING_AVERAGE,EST_MA_WINDOW,1,EST_FILTER_STRENGTH,0.35
TM,EST_FUSION,ON,EST_GYRO_WEIGHT,0.98,EST_VALID,1
TM,TEAM_CR,1273,1061200,0.0,-1.2,-1.0,1.0,0.1,26.9,26.9,0.0,27,3
TM,TEAM_CR,1274,1061248,0.0,-0.9,-1.0,1.0,0.2,26.9,26.9,0.0,27,3
TM,TEAM_CR,1275,1061288,0.0,-1.2,-1.0,1.0,-0.8,26.9,26.9,0.0,27,3
TM,TEAM_CR,1276,1061328,0.0,-0.8,-1.0,1.0,-0.3,29.3,26.9,0.0,29,3
TM,TEAM_CR,1277,1061368,0.0,-1.1,-1.0,1.0,0.7,26.9,26.9,0.0,27,3
TM,TEAM_CR,1278,1061421,0.0,-1.0,-1.0,1.0,0.5,28.4,26.9,0.0,28,3
TM,TEAM_CR,1279,1061461,0.0,-1.0,-1.0,1.0,0.6,26.9,26.9,0.0,27,3
TM,TEAM_CR,1280,1061501,0.0,-1.1,-1.0,1.0,-0.4,26.9,26.9,0.0,27,3
TM,TEAM_CR,1281,1061541,0.0,-1.4,-1.0,1.0,0.5,26.9,26.9,0.0,27,3
TM,TEAM_CR,1282,1061581,0.0,-0.9,-1.0,1.0,-1.3,30.3,26.9,0.0,30,3
TM,TEAM_CR,1283,1061621,0.0,-0.4,-1.0,1.0,0.9,28.1,27.0,0.0,28,3
TM,TEAM_CR,1284,1061661,0.0,-1.1,-1.0,1.0,-0.4,29.4,27.0,0.0,29,3
TM,SUN_L,3723,SUN_R,3726,SUN_NDV,-0.0004,SUN_ANGLE,-1.15
TM,MAG_X,-10.16,MAG_Y,45.62,MAG_Z,12.43,MAG_HEADING,102.56
TM,GYRO_X,-1.549,GYRO_Y,-1.934,GYRO_Z,0.148,BODY_RATE,-0.148
TM,TEAM_CR,1285,1061701,0.0,-1.2,-1.0,1.0,0.7,28.3,27.0,0.0,29,3
TM,TEAM_CR,1286,1061748,0.0,-0.9,-1.0,1.0,-0.8,29.8,27.0,0.0,29,3
TM,TEAM_CR,1287,1061801,0.0,-0.9,-1.0,1.0,0.6,28.4,27.0,0.0,28,3
TM,TEAM_CR,1288,1061841,0.0,-1.1,-1.0,1.0,-0.8,29.8,27.0,0.0,30,3
TM,TEAM_CR,1289,1061880,0.0,-1.0,-1.0,1.0,0.5,28.6,27.1,0.0,29,3
TM,TEAM_CR,1290,1061920,0.0,-1.1,-1.0,1.0,-0.4,29.4,27.1,0.0,29,3
TM,TEAM_CR,1291,1061960,0.0,-1.0,-1.0,1.0,0.4,28.8,27.1,0.0,29,3
TM,TEAM_CR,1292,1062000,0.0,-1.3,-1.0,1.0,0.1,27.1,27.1,0.0,27,3
TM,TEAM_CR,1293,1062040,0.0,-0.3,-1.0,1.0,-1.0,30.1,27.1,0.0,30,3
TM,TEAM_CR,1294,1062080,0.0,-1.0,-1.0,1.0,1.1,27.1,27.1,0.0,28,3
TM,TEAM_CR,1295,1062120,0.0,-0.9,-1.0,1.0,-0.5,29.7,27.1,0.0,29,3
TM,ADCS_MODE,MANUAL,ADCS_REFERENCE,SUN,TARGET,0.00,POINTING_ERROR,1.03,SUN_ERROR,1.03,MAG_ERROR,-102.61,GYRO_Z,0.191,RW_CMD,0
TM,EST_RAW,-1.03,EST_FILTERED,-1.03,EST_ANGLE,-1.03,EST_FILTER,ON,EST_FILTER_TYPE,MOVING_AVERAGE,EST_MA_WINDOW,1,EST_FILTER_STRENGTH,0.35
TM,EST_FUSION,ON,EST_GYRO_WEIGHT,0.98,EST_VALID,1
TM,TEAM_CR,1296,1062160,0.0,-1.0,-1.0,1.0,0.7,27.1,27.1,0.0,27,3
TM,TEAM_CR,1297,1062201,0.0,-0.9,-1.0,1.0,-1.1,27.1,27.1,0.0,27,3
TM,TEAM_CR,1298,1062248,0.0,-1.1,-1.0,1.0,0.1,27.1,27.1,0.0,27,3
TM,TEAM_CR,1299,1062288,0.0,-0.9,-1.0,1.0,-1.1,30.3,27.1,0.0,29,3
TM,TEAM_CR,1300,1062328,0.0,-1.3,-1.0,1.0,0.6,28.5,27.2,0.0,29,3
TM,TEAM_CR,1301,1062369,0.0,-1.1,-1.0,1.0,0.3,27.2,27.2,0.0,27,3
TM,TEAM_CR,1302,1062420,0.0,-0.9,-1.0,1.0,0.5,27.2,27.2,0.0,27,3
TM,SUN_L,3721,SUN_R,3725,SUN_NDV,-0.0005,SUN_ANGLE,-0.92
TM,MAG_X,-10.24,MAG_Y,45.76,MAG_Z,12.54,MAG_HEADING,102.61
TM,GYRO_X,-1.286,GYRO_Y,-2.013,GYRO_Z,-0.106,BODY_RATE,0.106
TM,TEAM_CR,1303,1062460,0.0,-1.1,-1.0,1.0,-0.6,27.2,27.2,0.0,27,3
TM,TEAM_CR,1304,1062500,0.0,-0.8,-1.0,1.0,0.1,27.2,27.2,0.0,27,3
TM,TEAM_CR,1305,1062540,0.0,-1.1,-1.0,1.0,0.0,27.2,27.2,0.0,27,3
TM,TEAM_CR,1306,1062580,0.0,-0.8,-1.0,1.0,0.0,27.2,27.2,0.0,27,3
TM,TEAM_CR,1307,1062621,0.0,-0.9,-1.0,1.0,-0.3,27.2,27.2,0.0,27,3
TM,TEAM_CR,1308,1062661,0.0,-0.9,-1.0,1.0,-1.7,31.0,27.2,0.0,31,3
TM,TEAM_CR,1309,1062700,0.0,-1.2,-1.0,1.0,1.0,28.2,27.2,0.0,28,3
TM,TEAM_CR,1310,1062749,0.0,-1.5,-1.1,1.1,-0.7,30.1,27.2,0.0,30,3
TM,TEAM_CR,1311,1062800,0.0,-1.2,-1.1,1.1,0.2,29.1,27.2,0.0,29,3
TM,TEAM_CR,1312,1062840,0.0,-0.8,-1.1,1.1,0.3,29.1,27.3,0.0,29,3
TM,TEAM_CR,1313,1062880,0.0,-1.2,-1.0,1.0,1.3,28.1,27.3,0.0,28,3
TM,TEAM_CR,1314,1062920,0.0,-1.1,-1.0,1.0,-0.3,29.7,27.3,0.0,30,3
TM,TEAM_CR,1315,1062960,0.0,-0.9,-1.0,1.0,0.9,28.4,27.3,0.0,28,3
TM,TEAM_CR,1316,1063000,0.0,-1.2,-1.0,1.0,-1.3,30.7,27.3,0.0,31,3
TM,TEAM_CR,1317,1063041,0.0,-1.1,-1.0,1.0,0.4,29.1,27.4,0.0,29,3
TM,TEAM_CR,1318,1063081,0.0,-1.1,-1.0,1.0,-0.9,30.4,27.4,0.0,30,3
TM,ADCS_MODE,MANUAL,ADCS_REFERENCE,SUN,TARGET,0.00,POINTING_ERROR,1.07,SUN_ERROR,1.08,MAG_ERROR,-102.68,GYRO_Z,-0.132,RW_CMD,0
TM,EST_RAW,-1.08,EST_FILTERED,-1.08,EST_ANGLE,-1.07,EST_FILTER,ON,EST_FILTER_TYPE,MOVING_AVERAGE,EST_MA_WINDOW,1,EST_FILTER_STRENGTH,0.35
TM,EST_FUSION,ON,EST_GYRO_WEIGHT,0.98,EST_VALID,1
TM,TEAM_CR,1319,1063120,0.0,-1.0,-1.0,1.0,0.2,29.3,27.4,0.0,29,3
TM,TEAM_CR,1320,1063160,0.0,-1.2,-1.0,1.0,0.1,29.4,27.4,0.0,29,3
TM,TEAM_CR,1321,1063201,0.0,-0.8,-1.0,1.0,0.4,29.1,27.4,0.0,29,3
TM,SUN_L,3722,SUN_R,3726,SUN_NDV,-0.0005,SUN_ANGLE,-1.02
TM,MAG_X,-10.27,MAG_Y,45.65,MAG_Z,12.27,MAG_HEADING,102.68
TM,GYRO_X,-0.884,GYRO_Y,-2.126,GYRO_Z,-0.692,BODY_RATE,0.692
TM,TEAM_CR,1322,1063248,0.0,-1.0,-1.0,1.0,-0.1,29.6,27.5,0.0,30,3
TM,TEAM_CR,1323,1063289,0.0,-1.0,-1.0,1.0,0.4,29.1,27.5,0.0,29,3
TM,TEAM_CR,1324,1063328,0.0,-1.2,-1.0,1.0,0.8,27.5,27.5,0.0,27,3
TM,TEAM_CR,1325,1063368,0.0,-1.1,-1.0,1.0,-0.6,30.1,27.5,0.0,30,3
TM,TEAM_CR,1326,1063420,0.0,-0.7,-1.0,1.0,0.2,27.5,27.5,0.0,28,3
TM,TEAM_CR,1327,1063460,0.0,-0.7,-1.0,1.0,0.0,27.5,27.5,0.0,28,3
TM,TEAM_CR,1328,1063500,0.0,-1.1,-0.9,0.9,1.2,27.5,27.5,0.0,28,3
TM,TEAM_CR,1329,1063540,0.0,-0.9,-0.9,0.9,-0.2,27.5,27.5,0.0,28,3
TM,TEAM_CR,1330,1063580,0.0,-1.1,-0.9,0.9,0.9,27.5,27.5,0.0,28,3
TM,TEAM_CR,1331,1063620,0.0,-0.9,-0.9,0.9,-0.7,27.5,27.5,0.0,28,3
TM,TEAM_CR,1332,1063660,0.0,-0.9,-0.9,0.9,1.0,27.5,27.5,0.0,28,3
TM,TEAM_CR,1333,1063700,0.0,-1.1,-0.9,0.9,-0.5,27.5,27.5,0.0,28,3
TM,TEAM_CR,1334,1063748,0.0,-1.0,-0.9,0.9,1.2,27.5,27.5,0.0,28,3
TM,TEAM_CR,1335,1063799,0.0,-1.0,-0.9,0.9,-0.7,27.5,27.5,0.0,28,3
TM,TEAM_CR,1336,1063839,0.0,-1.0,-0.9,0.9,1.2,27.5,27.5,0.0,28,3
TM,TEAM_CR,1337,1063880,0.0,-1.1,-0.9,0.9,-0.7,27.5,27.5,0.0,28,3
TM,TEAM_CR,1338,1063919,0.0,-0.9,-0.9,0.9,0.4,27.5,27.5,0.0,28,3
TM,TEAM_CR,1339,1063959,0.0,-0.9,-0.9,0.9,-0.5,27.5,27.5,0.0,28,3
TM,TEAM_CR,1340,1064000,0.0,-0.7,-0.9,0.9,0.1,27.5,27.5,0.0,28,3
TM,SUN_L,3721,SUN_R,3727,SUN_NDV,-0.0008,SUN_ANGLE,-1.00
TM,MAG_X,-10.26,MAG_Y,45.84,MAG_Z,12.40,MAG_HEADING,102.61
TM,GYRO_X,-1.540,GYRO_Y,-1.960,GYRO_Z,0.384,BODY_RATE,-0.384
TM,TEAM_CR,1341,1064040,0.0,-0.9,-0.9,0.9,0.0,27.5,27.5,0.0,28,3
TM,ADCS_MODE,MANUAL,ADCS_REFERENCE,SUN,TARGET,0.00,POINTING_ERROR,1.05,SUN_ERROR,1.17,MAG_ERROR,-102.61,GYRO_Z,0.296,RW_CMD,0
TM,EST_RAW,-1.17,EST_FILTERED,-1.17,EST_ANGLE,-1.05,EST_FILTER,ON,EST_FILTER_TYPE,MOVING_AVERAGE,EST_MA_WINDOW,1,EST_FILTER_STRENGTH,0.35
TM,EST_FUSION,ON,EST_GYRO_WEIGHT,0.98,EST_VALID,1
TM,TEAM_CR,1342,1064080,0.0,-0.8,-0.9,0.9,-0.3,27.5,27.5,0.0,28,3
TM,TEAM_CR,1343,1064120,0.0,-1.0,-0.9,0.9,-0.1,27.5,27.5,0.0,28,3
TM,TEAM_CR,1344,1064160,0.0,-0.9,-0.9,0.9,-0.7,27.5,27.5,0.0,28,3
TM,TEAM_CR,1345,1064200,0.0,-1.0,-0.9,0.9,0.8,27.5,27.5,0.0,28,3
TM,TEAM_CR,1346,1064248,0.0,-0.9,-0.9,0.9,0.1,27.5,27.5,0.0,28,3
TM,TEAM_CR,1347,1064288,0.0,-1.0,-0.9,0.9,0.9,27.5,27.5,0.0,28,3
TM,TEAM_CR,1348,1064328,0.0,-0.8,-0.9,0.9,-0.1,27.5,27.5,0.0,28,3
TM,TEAM_CR,1349,1064368,0.0,-0.8,-0.8,0.8,1.2,27.5,27.5,0.0,28,3
TM,TEAM_CR,1350,1064420,0.0,-0.8,-0.8,0.8,0.7,27.5,27.5,0.0,28,3
TM,TEAM_CR,1351,1064460,0.0,-1.0,-0.8,0.8,1.0,27.5,27.5,0.0,28,3
TM,TEAM_CR,1352,1064500,0.0,-0.8,-0.8,0.8,0.4,27.5,27.5,0.0,28,3
TM,TEAM_CR,1353,1064540,0.0,-0.9,-0.8,0.8,0.5,27.5,27.5,0.0,28,3
TM,TEAM_CR,1354,1064580,0.0,-0.9,-0.8,0.8,-0.8,27.5,27.5,0.0,28,3
TM,TEAM_CR,1355,1064620,0.0,-0.8,-0.8,0.8,0.6,27.5,27.5,0.0,28,3
TM,TEAM_CR,1356,1064660,0.0,-0.8,-0.8,0.8,-0.3,27.5,27.5,0.0,28,3
TM,TEAM_CR,1357,1064700,0.0,-0.8,-0.8,0.8,0.9,27.5,27.5,0.0,28,3
TM,TEAM_CR,1358,1064748,0.0,-0.8,-0.7,0.7,0.2,27.5,27.5,0.0,28,3
TM,SUN_L,3721,SUN_R,3723,SUN_NDV,-0.0003,SUN_ANGLE,-1.21
TM,MAG_X,-10.21,MAG_Y,45.73,MAG_Z,12.26,MAG_HEADING,102.58
TM,GYRO_X,-1.199,GYRO_Y,-2.205,GYRO_Z,0.051,BODY_RATE,-0.051
TM,TEAM_CR,1359,1064801,0.0,-0.8,-0.7,0.7,1.3,27.5,27.5,0.0,28,3
TM,TEAM_CR,1360,1064841,0.0,-0.5,-0.7,0.7,0.0,27.5,27.5,0.0,28,3
TM,TEAM_CR,1361,1064880,0.0,-0.7,-0.6,0.6,1.2,27.5,27.5,0.0,28,3
TM,TEAM_CR,1362,1064920,0.0,-1.1,-0.6,0.6,-0.2,27.5,27.5,0.0,28,3
TM,TEAM_CR,1363,1064960,0.0,-0.7,-0.6,0.6,0.6,27.5,27.5,0.0,28,3
TM,TEAM_CR,1364,1065000,0.0,-0.9,-0.6,0.6,-0.7,27.5,27.5,0.0,28,3
TM,ADCS_MODE,MANUAL,ADCS_REFERENCE,SUN,TARGET,0.00,POINTING_ERROR,1.03,SUN_ERROR,0.98,MAG_ERROR,-102.58,GYRO_Z,-0.299,RW_CMD,0
TM,EST_RAW,-0.98,EST_FILTERED,-0.98,EST_ANGLE,-1.03,EST_FILTER,ON,EST_FILTER_TYPE,MOVING_AVERAGE,EST_MA_WINDOW,1,EST_FILTER_STRENGTH,0.35
TM,EST_FUSION,ON,EST_GYRO_WEIGHT,0.98,EST_VALID,1
TM,TEAM_CR,1365,1065040,0.0,-0.7,-0.6,0.6,-0.4,27.5,27.5,0.0,28,3
TM,TEAM_CR,1366,1065080,0.0,-0.8,-0.7,0.7,-0.9,27.5,27.5,0.0,28,3
TM,TEAM_CR,1367,1065120,0.0,-0.7,-0.7,0.7,-0.3,27.5,27.5,0.0,28,3
TM,TEAM_CR,1368,1065160,0.0,-1.0,-0.7,0.7,0.1,27.5,27.5,0.0,28,3
TM,TEAM_CR,1369,1065201,0.0,-0.8,-0.7,0.7,0.2,27.5,27.5,0.0,28,3
TM,TEAM_CR,1370,1065249,0.0,-0.9,-0.7,0.7,0.5,27.5,27.5,0.0,28,3
TM,TEAM_CR,1371,1065289,0.0,-0.6,-0.7,0.7,0.4,27.5,27.5,0.0,28,3
TM,TEAM_CR,1372,1065329,0.0,-0.9,-0.7,0.7,0.6,27.5,27.5,0.0,28,3
TM,TEAM_CR,1373,1065369,0.0,-0.7,-0.7,0.7,-0.7,27.5,27.5,0.0,28,3
TM,TEAM_CR,1374,1065420,0.0,-1.0,-0.7,0.7,-0.2,27.5,27.5,0.0,28,3
TM,TEAM_CR,1375,1065460,0.0,-0.7,-0.7,0.7,-0.5,27.5,27.5,0.0,28,3
TM,TEAM_CR,1376,1065500,0.0,-0.7,-0.7,0.7,0.2,27.5,27.5,0.0,28,3
TM,SUN_L,3722,SUN_R,3726,SUN_NDV,-0.0005,SUN_ANGLE,-0.95
TM,MAG_X,-10.14,MAG_Y,45.70,MAG_Z,12.26,MAG_HEADING,102.52
TM,GYRO_X,-0.884,GYRO_Y,-2.196,GYRO_Z,-0.202,BODY_RATE,0.202
TM,TEAM_CR,1377,1065540,0.0,-0.7,-0.7,0.7,-0.3,27.5,27.5,0.0,28,3
TM,TEAM_CR,1378,1065580,0.0,-1.0,-0.7,0.7,0.4,27.5,27.5,0.0,28,3
TM,TEAM_CR,1379,1065621,0.0,-0.7,-0.8,0.8,-1.3,27.5,27.5,0.0,28,3
TM,TEAM_CR,1380,1065661,0.0,-0.8,-0.7,0.7,0.9,27.5,27.5,0.0,28,3
TM,TEAM_CR,1381,1065700,0.0,-1.0,-0.8,0.8,-0.6,27.5,27.5,0.0,28,3
TM,TEAM_CR,1382,1065749,0.0,-0.9,-0.7,0.7,1.0,27.5,27.5,0.0,28,3
TM,TEAM_CR,1383,1065800,0.0,-0.7,-0.7,0.7,0.7,27.5,27.5,0.0,28,3
TM,TEAM_CR,1384,1065840,0.0,-0.8,-0.7,0.7,0.6,27.5,27.5,0.0,28,3
TM,TEAM_CR,1385,1065880,0.0,-0.8,-0.7,0.7,-0.1,27.5,27.5,0.0,28,3
TM,TEAM_CR,1386,1065920,0.0,-0.8,-0.7,0.7,0.6,27.5,27.5,0.0,28,3
TM,TEAM_CR,1387,1065960,0.0,-0.7,-0.7,0.7,-1.1,27.5,27.5,0.0,28,3
TM,ADCS_MODE,MANUAL,ADCS_REFERENCE,SUN,TARGET,0.00,POINTING_ERROR,1.05,SUN_ERROR,0.98,MAG_ERROR,-102.72,GYRO_Z,0.156,RW_CMD,0
TM,EST_RAW,-0.98,EST_FILTERED,-0.98,EST_ANGLE,-1.05,EST_FILTER,ON,EST_FILTER_TYPE,MOVING_AVERAGE,EST_MA_WINDOW,1,EST_FILTER_STRENGTH,0.35
TM,EST_FUSION,ON,EST_GYRO_WEIGHT,0.98,EST_VALID,1
TM,TEAM_CR,1388,1066000,0.0,-1.0,-0.7,0.7,0.8,27.5,27.5,0.0,28,3
TM,TEAM_CR,1389,1066040,0.0,-0.7,-0.7,0.7,-0.6,27.5,27.5,0.0,28,3
TM,TEAM_CR,1390,1066080,0.0,-1.0,-0.7,0.7,0.6,27.5,27.5,0.0,28,3
TM,TEAM_CR,1391,1066120,0.0,-1.0,-0.7,0.7,-0.4,27.5,27.5,0.0,28,3
TM,TEAM_CR,1392,1066160,0.0,-0.6,-0.7,0.7,0.2,27.5,27.5,0.0,28,3
TM,TEAM_CR,1393,1066201,0.0,-0.9,-0.7,0.7,-0.4,27.5,27.5,0.0,28,3
TM,TEAM_CR,1394,1066248,0.0,-0.6,-0.7,0.7,1.0,27.5,27.5,0.0,28,3
TM,SUN_L,3722,SUN_R,3726,SUN_NDV,-0.0005,SUN_ANGLE,-0.88
TM,MAG_X,-10.29,MAG_Y,45.73,MAG_Z,12.42,MAG_HEADING,102.68
TM,GYRO_X,-1.295,GYRO_Y,-1.881,GYRO_Z,-0.089,BODY_RATE,0.089
TM,TEAM_CR,1395,1066288,0.0,-1.1,-0.7,0.7,-0.8,27.5,27.5,0.0,28,3
TM,TEAM_CR,1396,1066328,0.0,-0.8,-0.7,0.7,0.4,27.5,27.5,0.0,28,3
TM,TEAM_CR,1397,1066368,0.0,-0.9,-0.7,0.7,-0.1,27.5,27.5,0.0,28,3
TM,TEAM_CR,1398,1066420,0.0,-0.4,-0.7,0.7,0.4,27.5,27.5,0.0,28,3
TM,TEAM_CR,1399,1066460,0.0,-0.8,-0.7,0.7,-0.9,27.5,27.5,0.0,28,3
TM,TEAM_CR,1400,1066500,0.0,-0.5,-0.7,0.7,0.9,27.5,27.5,0.0,28,3
TM,TEAM_CR,1401,1066541,0.0,-0.8,-0.7,0.7,-0.4,27.5,27.5,0.0,28,3
TM,TEAM_CR,1402,1066580,0.0,-0.9,-0.7,0.7,0.3,27.5,27.5,0.0,28,3
TM,TEAM_CR,1403,1066620,0.0,-0.9,-0.7,0.7,-0.3,27.5,27.5,0.0,28,3
TM,TEAM_CR,1404,1066660,0.0,-0.6,-0.7,0.7,0.3,27.5,27.5,0.0,28,3
TM,TEAM_CR,1405,1066700,0.0,-0.8,-0.7,0.7,0.0,27.5,27.5,0.0,28,3
TM,TEAM_CR,1406,1066748,0.0,-0.9,-0.7,0.7,0.5,27.5,27.5,0.0,28,3
TM,TEAM_CR,1407,1066799,0.0,-0.8,-0.7,0.7,-0.8,27.5,27.5,0.0,28,3
TM,TEAM_CR,1408,1066839,0.0,-0.6,-0.7,0.7,0.7,27.5,27.5,0.0,28,3
TM,TEAM_CR,1409,1066880,0.0,-1.0,-0.7,0.7,-0.8,27.5,27.5,0.0,28,3
TM,TEAM_CR,1410,1066919,0.0,-0.9,-0.7,0.7,0.4,27.5,27.5,0.0,28,3
TM,ADCS_MODE,MANUAL,ADCS_REFERENCE,SUN,TARGET,0.00,POINTING_ERROR,1.01,SUN_ERROR,1.04,MAG_ERROR,-102.51,GYRO_Z,-0.176,RW_CMD,0
TM,EST_RAW,-1.04,EST_FILTERED,-1.04,EST_ANGLE,-1.01,EST_FILTER,ON,EST_FILTER_TYPE,MOVING_AVERAGE,EST_MA_WINDOW,1,EST_FILTER_STRENGTH,0.35
TM,EST_FUSION,ON,EST_GYRO_WEIGHT,0.98,EST_VALID,1
TM,TEAM_CR,1411,1066959,0.0,-0.9,-0.7,0.7,-0.8,27.5,27.5,0.0,28,3
TM,TEAM_CR,1412,1067000,0.0,-0.7,-0.7,0.7,0.1,27.5,27.5,0.0,28,3
TM,SUN_L,3722,SUN_R,3727,SUN_NDV,-0.0007,SUN_ANGLE,-0.88
TM,MAG_X,-10.13,MAG_Y,45.65,MAG_Z,12.32,MAG_HEADING,102.51
TM,GYRO_X,-1.242,GYRO_Y,-1.908,GYRO_Z,0.078,BODY_RATE,-0.078
TM,TEAM_CR,1413,1067040,0.0,-0.8,-0.7,0.7,0.1,27.5,27.5,0.0,28,3
TM,TEAM_CR,1414,1067080,0.0,-0.8,-0.7,0.7,0.9,27.5,27.5,0.0,28,3
TM,TEAM_CR,1415,1067120,0.0,-0.6,-0.7,0.7,0.8,27.5,27.5,0.0,28,3
TM,TEAM_CR,1416,1067160,0.0,-0.6,-0.7,0.7,0.7,27.5,27.5,0.0,28,3
TM,TEAM_CR,1417,1067200,0.0,-0.9,-0.6,0.6,0.6,27.5,27.5,0.0,28,3
TM,TEAM_CR,1418,1067248,0.0,-0.8,-0.7,0.7,0.7,27.5,27.5,0.0,28,3
TM,TEAM_CR,1419,1067288,0.0,-0.9,-0.6,0.6,0.1,27.5,27.5,0.0,28,3
TM,TEAM_CR,1420,1067328,0.0,-0.7,-0.7,0.7,-0.2,27.5,27.5,0.0,28,3
TM,TEAM_CR,1421,1067368,0.0,-1.2,-0.7,0.7,0.7,27.5,27.5,0.0,28,3
TM,TEAM_CR,1422,1067420,0.0,-0.9,-0.7,0.7,0.5,27.5,27.5,0.0,28,3
TM,TEAM_CR,1423,1067460,0.0,-1.0,-0.7,0.7,0.2,27.5,27.5,0.0,28,3
TM,TEAM_CR,1424,1067500,0.0,-1.0,-0.7,0.7,0.5,27.5,27.5,0.0,28,3
TM,TEAM_CR,1425,1067540,0.0,-1.0,-0.7,0.7,0.4,27.5,27.5,0.0,28,3
TM,TEAM_CR,1426,1067580,0.0,-1.0,-0.7,0.7,-0.8,27.5,27.5,0.0,28,3
TM,TEAM_CR,1427,1067620,0.0,-1.0,-0.7,0.7,1.1,27.5,27.5,0.0,28,3
TM,TEAM_CR,1428,1067660,0.0,-0.8,-0.7,0.7,-0.1,27.5,27.5,0.0,28,3
TM,TEAM_CR,1429,1067700,0.0,-0.9,-0.7,0.7,0.8,27.5,27.5,0.0,28,3
TM,TEAM_CR,1430,1067749,0.0,-0.9,-0.7,0.7,-0.1,27.5,27.5,0.0,28,3
TM,TEAM_CR,1431,1067801,0.0,-1.0,-0.8,0.8,-0.8,27.5,27.5,0.0,28,3
TM,SUN_L,3721,SUN_R,3726,SUN_NDV,-0.0007,SUN_ANGLE,-1.23
TM,MAG_X,-10.22,MAG_Y,45.65,MAG_Z,12.27,MAG_HEADING,102.62
TM,GYRO_X,-1.531,GYRO_Y,-2.152,GYRO_Z,-0.010,BODY_RATE,0.010
TM,TEAM_CR,1432,1067841,0.0,-0.6,-0.8,0.8,0.0,27.5,27.5,0.0,28,3
TM,ADCS_MODE,MANUAL,ADCS_REFERENCE,SUN,TARGET,0.00,POINTING_ERROR,1.01,SUN_ERROR,0.90,MAG_ERROR,-102.62,GYRO_Z,0.235,RW_CMD,0
TM,EST_RAW,-0.90,EST_FILTERED,-0.90,EST_ANGLE,-1.01,EST_FILTER,ON,EST_FILTER_TYPE,MOVING_AVERAGE,EST_MA_WINDOW,1,EST_FILTER_STRENGTH,0.35
TM,EST_FUSION,ON,EST_GYRO_WEIGHT,0.98,EST_VALID,1
TM,TEAM_CR,1433,1067880,0.0,-0.9,-0.8,0.8,-0.2,27.5,27.5,0.0,28,3
TM,TEAM_CR,1434,1067920,0.0,-0.9,-0.8,0.8,0.8,27.5,27.5,0.0,28,3
TM,TEAM_CR,1435,1067960,0.0,-0.8,-0.7,0.7,0.8,27.5,27.5,0.0,28,3
TM,TEAM_CR,1436,1068000,0.0,-0.8,-0.8,0.8,0.0,27.5,27.5,0.0,28,3
TM,TEAM_CR,1437,1068040,0.0,-0.7,-0.7,0.7,0.7,27.5,27.5,0.0,28,3
TM,TEAM_CR,1438,1068080,0.0,-0.7,-0.7,0.7,-0.3,27.5,27.5,0.0,28,3
TM,TEAM_CR,1439,1068120,0.0,-0.8,-0.7,0.7,1.0,27.5,27.5,0.0,28,3
TM,TEAM_CR,1440,1068160,0.0,-0.8,-0.7,0.7,-0.2,27.5,27.5,0.0,28,3
TM,TEAM_CR,1441,1068201,0.0,-0.8,-0.6,0.6,1.2,27.5,27.5,0.0,28,3
TM,TEAM_CR,1442,1068249,0.0,-0.7,-0.7,0.7,0.0,27.5,27.5,0.0,28,3
TM,TEAM_CR,1443,1068289,0.0,-0.7,-0.6,0.6,0.5,27.5,27.5,0.0,28,3
TM,TEAM_CR,1444,1068329,0.0,-0.5,-0.6,0.6,-0.8,27.5,27.5,0.0,28,3
TM,TEAM_CR,1445,1068369,0.0,-0.6,-0.6,0.6,0.8,27.5,27.5,0.0,28,3
TM,TEAM_CR,1446,1068420,0.0,-0.5,-0.7,0.7,-0.8,27.5,27.5,0.0,28,3
TM,TEAM_CR,1447,1068460,0.0,-0.5,-0.7,0.7,0.6,27.5,27.5,0.0,28,3
TM,TEAM_CR,1448,1068500,0.0,-0.6,-0.7,0.7,0.1,27.5,27.5,0.0,28,3
TM,TEAM_CR,1449,1068540,0.0,-0.7,-0.6,0.6,0.8,27.5,27.5,0.0,28,3
TM,SUN_L,3721,SUN_R,3727,SUN_NDV,-0.0008,SUN_ANGLE,-0.98
TM,MAG_X,-10.21,MAG_Y,45.71,MAG_Z,12.18,MAG_HEADING,102.59
TM,GYRO_X,-1.085,GYRO_Y,-2.030,GYRO_Z,-0.097,BODY_RATE,0.097
TM,TEAM_CR,1450,1068580,0.0,-0.7,-0.7,0.7,-0.9,27.5,27.5,0.0,28,3
TM,TEAM_CR,1451,1068620,0.0,-0.8,-0.6,0.6,1.0,27.5,27.5,0.0,28,3
TM,TEAM_CR,1452,1068660,0.0,-0.5,-0.6,0.6,-0.5,27.5,27.5,0.0,28,3
TM,TEAM_CR,1453,1068700,0.0,-0.8,-0.6,0.6,1.1,27.5,27.5,0.0,28,3
TM,TEAM_CR,1454,1068749,0.0,-0.5,-0.6,0.6,-0.3,27.5,27.5,0.0,28,3
TM,TEAM_CR,1455,1068800,0.0,-0.6,-0.6,0.6,0.7,27.5,27.5,0.0,28,3
TM,ADCS_MODE,MANUAL,ADCS_REFERENCE,SUN,TARGET,0.00,POINTING_ERROR,1.00,SUN_ERROR,0.75,MAG_ERROR,-102.59,GYRO_Z,-0.010,RW_CMD,0
TM,EST_RAW,-0.75,EST_FILTERED,-0.75,EST_ANGLE,-1.00,EST_FILTER,ON,EST_FILTER_TYPE,MOVING_AVERAGE,EST_MA_WINDOW,1,EST_FILTER_STRENGTH,0.35
TM,EST_FUSION,ON,EST_GYRO_WEIGHT,0.98,EST_VALID,1
TM,TEAM_CR,1456,1068840,0.0,-0.6,-0.6,0.6,0.1,27.5,27.5,0.0,28,3
TM,TEAM_CR,1457,1068880,0.0,-0.7,-0.5,0.5,0.9,27.5,27.5,0.0,28,3
TM,TEAM_CR,1458,1068920,0.0,-0.4,-0.5,0.5,-0.1,27.5,27.5,0.0,28,3
TM,TEAM_CR,1459,1068960,0.0,-0.7,-0.5,0.5,0.7,27.5,27.5,0.0,28,3
TM,TEAM_CR,1460,1069000,0.0,-0.9,-0.6,0.6,-0.9,27.5,27.5,0.0,28,3
TM,TEAM_CR,1461,1069040,0.0,-0.7,-0.6,0.6,0.2,27.5,27.5,0.0,28,3
TM,TEAM_CR,1462,1069080,0.0,-0.7,-0.6,0.6,-1.2,27.5,27.5,0.0,28,3
TM,TEAM_CR,1463,1069121,0.0,-0.8,-0.6,0.6,0.7,27.5,27.5,0.0,28,3
TM,TEAM_CR,1464,1069160,0.0,-0.8,-0.6,0.6,-0.8,27.5,27.5,0.0,28,3
TM,TEAM_CR,1465,1069201,0.0,-0.8,-0.6,0.6,1.3,27.5,27.5,0.0,28,3
TM,TEAM_CR,1466,1069248,0.0,-0.6,-0.6,0.6,-0.6,27.5,27.5,0.0,28,3
TM,TEAM_CR,1467,1069288,0.0,-0.5,-0.6,0.6,1.1,27.5,27.5,0.0,28,3
TM,SUN_L,3719,SUN_R,3725,SUN_NDV,-0.0008,SUN_ANGLE,-1.00
TM,MAG_X,-10.19,MAG_Y,45.71,MAG_Z,12.24,MAG_HEADING,102.57
TM,GYRO_X,-1.278,GYRO_Y,-2.091,GYRO_Z,0.113,BODY_RATE,-0.113
TM,TEAM_CR,1468,1069328,0.0,-0.8,-0.6,0.6,-0.4,27.5,27.5,0.0,28,3
TM,TEAM_CR,1469,1069368,0.0,-0.8,-0.6,0.6,1.4,27.5,27.5,0.0,28,3
TM,TEAM_CR,1470,1069420,0.0,-0.7,-0.6,0.6,0.1,27.5,27.5,0.0,28,3
TM,TEAM_CR,1471,1069460,0.0,-0.8,-0.6,0.6,0.6,27.5,27.5,0.0,28,3
TM,TEAM_CR,1472,1069500,0.0,-0.7,-0.6,0.6,-0.8,27.5,27.5,0.0,28,3
TM,TEAM_CR,1473,1069540,0.0,-1.1,-0.6,0.6,0.9,27.5,27.5,0.0,28,3
TM,TEAM_CR,1474,1069580,0.0,-0.6,-0.6,0.6,-0.6,27.5,27.5,0.0,28,3
TM,TEAM_CR,1475,1069620,0.0,-0.8,-0.6,0.6,0.5,27.5,27.5,0.0,28,3
TM,TEAM_CR,1476,1069660,0.0,-0.8,-0.6,0.6,-0.7,27.5,27.5,0.0,28,3
TM,TEAM_CR,1477,1069700,0.0,-0.7,-0.6,0.6,1.0,27.5,27.5,0.0,28,3
TM,TEAM_CR,1478,1069749,0.0,-0.7,-0.6,0.6,-0.9,27.5,27.5,0.0,28,3
TM,ADCS_MODE,MANUAL,ADCS_REFERENCE,SUN,TARGET,0.00,POINTING_ERROR,1.00,SUN_ERROR,0.73,MAG_ERROR,-102.55,GYRO_Z,-0.097,RW_CMD,0
TM,EST_RAW,-0.73,EST_FILTERED,-0.73,EST_ANGLE,-1.00,EST_FILTER,ON,EST_FILTER_TYPE,MOVING_AVERAGE,EST_MA_WINDOW,1,EST_FILTER_STRENGTH,0.35
TM,EST_FUSION,ON,EST_GYRO_WEIGHT,0.98,EST_VALID,1
TM,TEAM_CR,1479,1069800,0.0,-0.8,-0.6,0.6,0.1,27.5,27.5,0.0,28,3
TM,TEAM_CR,1480,1069840,0.0,-1.0,-0.7,0.7,-0.5,27.5,27.5,0.0,28,3
TM,TEAM_CR,1481,1069880,0.0,-0.9,-0.7,0.7,0.6,27.5,27.5,0.0,28,3
TM,TEAM_CR,1482,1069920,0.0,-0.6,-0.7,0.7,0.0,27.5,27.5,0.0,28,3
TM,TEAM_CR,1483,1069960,0.0,-0.9,-0.6,0.6,1.2,27.5,27.5,0.0,28,3
TM,TEAM_CR,1484,1070001,0.0,-0.9,-0.7,0.7,-0.8,27.5,27.5,0.0,28,3
TM,TEAM_CR,1485,1070040,0.0,-0.8,-0.6,0.6,1.3,27.5,27.5,0.0,28,3
TM,SUN_L,3720,SUN_R,3725,SUN_NDV,-0.0007,SUN_ANGLE,-1.02
TM,MAG_X,-10.18,MAG_Y,45.70,MAG_Z,12.22,MAG_HEADING,102.55
TM,GYRO_X,-1.164,GYRO_Y,-2.109,GYRO_Z,0.016,BODY_RATE,-0.016
TM,TEAM_CR,1486,1070080,0.0,-1.2,-0.7,0.7,-0.3,27.5,27.5,0.0,28,3
TM,TEAM_CR,1487,1070120,0.0,-0.9,-0.6,0.6,1.0,27.5,27.5,0.0,28,3
TM,TEAM_CR,1488,1070160,0.0,-0.7,-0.6,0.6,-0.9,27.5,27.5,0.0,28,3
TM,TEAM_CR,1489,1070200,0.0,-0.8,-0.6,0.6,0.5,27.5,27.5,0.0,28,3
TM,TEAM_CR,1490,1070248,0.0,0.2,-0.7,0.7,-1.0,27.5,27.5,0.0,28,3
TM,TEAM_CR,1491,1070288,0.0,-0.5,-0.6,0.6,0.8,27.5,27.5,0.0,28,3
TM,TEAM_CR,1492,1070328,0.0,-0.7,-0.7,0.7,-1.2,27.5,27.5,0.0,28,3
TM,TEAM_CR,1493,1070368,0.0,-0.8,-0.7,0.7,0.8,27.5,27.5,0.0,28,3
TM,TEAM_CR,1494,1070420,0.0,-0.5,-0.7,0.7,-1.1,27.5,27.5,0.0,28,3
TM,TEAM_CR,1495,1070460,0.0,-0.8,-0.7,0.7,0.7,27.5,27.5,0.0,28,3
TM,TEAM_CR,1496,1070500,0.0,-0.4,-0.7,0.7,-0.6,27.5,27.5,0.0,28,3
TM,TEAM_CR,1497,1070540,0.0,-0.7,-0.7,0.7,0.9,27.5,27.5,0.0,28,3
TM,TEAM_CR,1498,1070580,0.0,-0.8,-0.7,0.7,-0.9,27.5,27.5,0.0,28,3
TM,TEAM_CR,1499,1070620,0.0,-0.6,-0.7,0.7,1.2,27.5,27.5,0.0,28,3
TM,TEAM_CR,1500,1070660,0.0,-0.6,-0.7,0.7,-0.4,27.5,27.5,0.0,28,3
TM,TEAM_CR,1501,1070700,0.0,-0.4,-0.6,0.6,1.1,27.5,27.5,0.0,28,3
TM,ADCS_MODE,MANUAL,ADCS_REFERENCE,SUN,TARGET,0.00,POINTING_ERROR,1.03,SUN_ERROR,1.18,MAG_ERROR,-102.44,GYRO_Z,0.200,RW_CMD,0
TM,EST_RAW,-1.18,EST_FILTERED,-1.18,EST_ANGLE,-1.03,EST_FILTER,ON,EST_FILTER_TYPE,MOVING_AVERAGE,EST_MA_WINDOW,1,EST_FILTER_STRENGTH,0.35
TM,EST_FUSION,ON,EST_GYRO_WEIGHT,0.98,EST_VALID,1
TM,TEAM_CR,1502,1070749,0.0,-0.5,-0.7,0.7,-0.5,27.5,27.5,0.0,28,3
TM,TEAM_CR,1503,1070799,0.0,-0.8,-0.7,0.7,-0.2,27.5,27.5,0.0,28,3
TM,SUN_L,3721,SUN_R,3723,SUN_NDV,-0.0003,SUN_ANGLE,-1.13
TM,MAG_X,-10.10,MAG_Y,45.76,MAG_Z,12.18,MAG_HEADING,102.44
TM,GYRO_X,-1.024,GYRO_Y,-2.152,GYRO_Z,-0.001,BODY_RATE,0.001
TM,TEAM_CR,1504,1070839,0.0,-0.5,-0.7,0.7,-0.1,27.5,27.5,0.0,28,3
TM,TEAM_CR,1505,1070879,0.0,-0.8,-0.6,0.6,0.8,27.5,27.5,0.0,28,3
TM,TEAM_CR,1506,1070919,0.0,-0.4,-0.6,0.6,-0.1,27.5,27.5,0.0,28,3
TM,TEAM_CR,1507,1070959,0.0,-0.7,-0.6,0.6,1.3,27.5,27.5,0.0,28,3
TM,TEAM_CR,1508,1071000,0.0,-0.6,-0.6,0.6,-0.1,27.5,27.5,0.0,28,3
TM,TEAM_CR,1509,1071040,0.0,-0.7,-0.6,0.6,0.6,27.5,27.5,0.0,28,3
TM,TEAM_CR,1510,1071080,0.0,-0.5,-0.6,0.6,-0.8,27.5,27.5,0.0,28,3
TM,TEAM_CR,1511,1071120,0.0,-0.5,-0.6,0.6,0.6,27.5,27.5,0.0,28,3
TM,TEAM_CR,1512,1071160,0.0,-0.8,-0.6,0.6,-1.5,27.5,27.5,0.0,28,3
TM,TEAM_CR,1513,1071200,0.0,-0.7,-0.6,0.6,0.6,27.5,27.5,0.0,28,3
TM,TEAM_CR,1514,1071248,0.0,-0.7,-0.6,0.6,-0.7,27.5,27.5,0.0,28,3
TM,TEAM_CR,1515,1071288,0.0,-0.6,-0.6,0.6,1.2,27.5,27.5,0.0,28,3
TM,TEAM_CR,1516,1071328,0.0,-0.5,-0.6,0.6,-0.1,27.5,27.5,0.0,28,3
TM,TEAM_CR,1517,1071368,0.0,-0.6,-0.6,0.6,1.5,27.5,27.5,0.0,28,3
TM,TEAM_CR,1518,1071420,0.0,-0.6,-0.6,0.6,0.1,27.5,27.5,0.0,28,3
TM,TEAM_CR,1519,1071460,0.0,-0.2,-0.6,0.6,-0.3,27.5,27.5,0.0,28,3
TM,TEAM_CR,1520,1071500,0.0,-0.6,-0.6,0.6,-0.9,27.5,27.5,0.0,28,3
TM,TEAM_CR,1521,1071540,0.0,-0.8,-0.6,0.6,0.2,27.5,27.5,0.0,28,3
TM,TEAM_CR,1522,1071580,0.0,-0.5,-0.6,0.6,-0.2,27.5,27.5,0.0,28,3
TM,SUN_L,3721,SUN_R,3725,SUN_NDV,-0.0005,SUN_ANGLE,-0.99
TM,MAG_X,-10.24,MAG_Y,45.71,MAG_Z,12.26,MAG_HEADING,102.63
TM,GYRO_X,-1.374,GYRO_Y,-1.890,GYRO_Z,-0.054,BODY_RATE,0.054
TM,TEAM_CR,1523,1071620,0.0,-0.6,-0.6,0.6,0.9,27.5,27.5,0.0,28,3
TM,ADCS_MODE,MANUAL,ADCS_REFERENCE,SUN,TARGET,0.00,POINTING_ERROR,1.06,SUN_ERROR,0.91,MAG_ERROR,-102.63,GYRO_Z,-0.124,RW_CMD,0
TM,EST_RAW,-0.91,EST_FILTERED,-0.91,EST_ANGLE,-1.06,EST_FILTER,ON,EST_FILTER_TYPE,MOVING_AVERAGE,EST_MA_WINDOW,1,EST_FILTER_STRENGTH,0.35
TM,EST_FUSION,ON,EST_GYRO_WEIGHT,0.98,EST_VALID,1
TM,TEAM_CR,1524,1071660,0.0,-0.7,-0.6,0.6,-0.5,27.5,27.5,0.0,28,3
TM,TEAM_CR,1525,1071700,0.0,-0.7,-0.6,0.6,0.7,27.5,27.5,0.0,28,3
TM,TEAM_CR,1526,1071749,0.0,-0.6,-0.6,0.6,-0.3,27.5,27.5,0.0,28,3
TM,TEAM_CR,1527,1071801,0.0,-0.8,-0.6,0.6,-0.5,27.5,27.5,0.0,28,3
TM,TEAM_CR,1528,1071840,0.0,-0.6,-0.6,0.6,0.1,27.5,27.5,0.0,28,3
TM,TEAM_CR,1529,1071880,0.0,-0.7,-0.6,0.6,-0.4,27.5,27.5,0.0,28,3
TM,TEAM_CR,1530,1071920,0.0,-0.3,-0.6,0.6,0.5,27.5,27.5,0.0,28,3
TM,TEAM_CR,1531,1071960,0.0,-0.6,-0.6,0.6,-0.1,27.5,27.5,0.0,28,3
TM,TEAM_CR,1532,1072000,0.0,-0.4,-0.6,0.6,0.2,27.5,27.5,0.0,28,3
TM,TEAM_CR,1533,1072040,0.0,-0.5,-0.6,0.6,-0.1,27.5,27.5,0.0,28,3
TM,TEAM_CR,1534,1072080,0.0,-0.5,-0.6,0.6,-0.5,27.5,27.5,0.0,28,3
TM,TEAM_CR,1535,1072120,0.0,-0.6,-0.6,0.6,0.7,27.5,27.5,0.0,28,3
TM,TEAM_CR,1536,1072160,0.0,-0.4,-0.6,0.6,0.0,27.5,27.5,0.0,28,3
TM,TEAM_CR,1537,1072201,0.0,-0.7,-0.6,0.6,0.5,27.5,27.5,0.0,28,3
TM,TEAM_CR,1538,1072249,0.0,-0.4,-0.6,0.6,0.2,27.5,27.5,0.0,28,3
TM,TEAM_CR,1539,1072289,0.0,-0.8,-0.6,0.6,0.3,27.5,27.5,0.0,28,3
TM,TEAM_CR,1540,1072329,0.0,-0.6,-0.6,0.6,-0.1,27.5,27.5,0.0,28,3
TM,SUN_L,3720,SUN_R,3724,SUN_NDV,-0.0005,SUN_ANGLE,-0.99
TM,MAG_X,-10.22,MAG_Y,45.79,MAG_Z,12.35,MAG_HEADING,102.59
TM,GYRO_X,-1.111,GYRO_Y,-2.266,GYRO_Z,0.025,BODY_RATE,-0.025
TM,TEAM_CR,1541,1072369,0.0,-0.6,-0.5,0.5,0.4,27.5,27.5,0.0,28,3
TM,TEAM_CR,1542,1072420,0.0,-0.6,-0.6,0.6,0.3,27.5,27.5,0.0,28,3
TM,TEAM_CR,1543,1072460,0.0,-0.3,-0.5,0.5,-0.4,27.5,27.5,0.0,28,3
TM,TEAM_CR,1544,1072500,0.0,-0.4,-0.5,0.5,0.4,27.5,27.5,0.0,28,3
TM,TEAM_CR,1545,1072540,0.0,-0.4,-0.5,0.5,0.4,27.5,27.5,0.0,28,3
TM,TEAM_CR,1546,1072580,0.0,-0.4,-0.5,0.5,0.0,27.5,27.5,0.0,28,3
TM,ADCS_MODE,MANUAL,ADCS_REFERENCE,SUN,TARGET,0.00,POINTING_ERROR,1.07,SUN_ERROR,1.17,MAG_ERROR,-102.59,GYRO_Z,-0.124,RW_CMD,0
TM,EST_RAW,-1.17,EST_FILTERED,-1.17,EST_ANGLE,-1.07,EST_FILTER,ON,EST_FILTER_TYPE,MOVING_AVERAGE,EST_MA_WINDOW,1,EST_FILTER_STRENGTH,0.35
TM,EST_FUSION,ON,EST_GYRO_WEIGHT,0.98,EST_VALID,1
TM,TEAM_CR,1547,1072620,0.0,-0.7,-0.5,0.5,-0.5,27.5,27.5,0.0,28,3
TM,TEAM_CR,1548,1072660,0.0,-0.6,-0.6,0.6,-0.5,27.5,27.5,0.0,28,3
TM,TEAM_CR,1549,1072700,0.0,-0.8,-0.6,0.6,-0.2,27.5,27.5,0.0,28,3
TM,TEAM_CR,1550,1072749,0.0,-0.7,-0.6,0.6,0.8,27.5,27.5,0.0,28,3
TM,TEAM_CR,1551,1072800,0.0,-0.8,-0.6,0.6,-0.8,27.5,27.5,0.0,28,3
TM,TEAM_CR,1552,1072840,0.0,-0.5,-0.6,0.6,1.2,27.5,27.5,0.0,28,3
TM,TEAM_CR,1553,1072880,0.0,-0.8,-0.6,0.6,-0.9,27.5,27.5,0.0,28,3
TM,TEAM_CR,1554,1072920,0.0,-0.4,-0.6,0.6,1.1,27.5,27.5,0.0,28,3
TM,TEAM_CR,1555,1072960,0.0,-0.3,-0.6,0.6,-0.6,27.5,27.5,0.0,28,3
TM,TEAM_CR,1556,1073000,0.0,-0.5,-0.5,0.5,1.2,27.5,27.5,0.0,28,3
TM,TEAM_CR,1557,1073040,0.0,-0.5,-0.5,0.5,-0.8,27.5,27.5,0.0,28,3
TM,TEAM_CR,1558,1073080,0.0,-0.2,-0.5,0.5,0.8,27.5,27.5,0.0,28,3
TM,SUN_L,3718,SUN_R,3723,SUN_NDV,-0.0007,SUN_ANGLE,-1.24
TM,MAG_X,-10.19,MAG_Y,45.76,MAG_Z,12.32,MAG_HEADING,102.56
TM,GYRO_X,-0.989,GYRO_Y,-2.144,GYRO_Z,-0.106,BODY_RATE,0.106
TM,TEAM_CR,1559,1073120,0.0,-0.3,-0.5,0.5,-0.8,27.5,27.5,0.0,28,3
TM,TEAM_CR,1560,1073160,0.0,-0.3,-0.5,0.5,1.0,27.5,27.5,0.0,28,3
TM,TEAM_CR,1561,1073200,0.0,-0.4,-0.5,0.5,-0.5,27.5,27.5,0.0,28,3
TM,TEAM_CR,1562,1073249,0.0,-0.3,-0.5,0.5,0.9,27.5,27.5,0.0,28,3
TM,TEAM_CR,1563,1073289,0.0,-0.5,-0.5,0.5,-1.1,27.5,27.5,0.0,28,3
TM,TEAM_CR,1564,1073329,0.0,-0.3,-0.5,0.5,0.8,27.5,27.5,0.0,28,3
TM,TEAM_CR,1565,1073369,0.0,-0.4,-0.5,0.5,-1.1,27.5,27.5,0.0,28,3
TM,TEAM_CR,1566,1073420,0.0,-0.2,-0.5,0.5,0.5,27.5,27.5,0.0,28,3
TM,TEAM_CR,1567,1073460,0.0,-0.4,-0.5,0.5,-1.4,27.5,27.5,0.0,28,3
TM,TEAM_CR,1568,1073500,0.0,-0.1,-0.5,0.5,0.7,27.5,27.5,0.0,28,3
TM,TEAM_CR,1569,1073540,0.0,-0.3,-0.5,0.5,-1.3,27.5,27.5,0.0,28,3
TM,ADCS_MODE,MANUAL,ADCS_REFERENCE,SUN,TARGET,0.00,POINTING_ERROR,1.08,SUN_ERROR,1.20,MAG_ERROR,-102.42,GYRO_Z,0.051,RW_CMD,0
TM,EST_RAW,-1.20,EST_FILTERED,-1.20,EST_ANGLE,-1.08,EST_FILTER,ON,EST_FILTER_TYPE,MOVING_AVERAGE,EST_MA_WINDOW,1,EST_FILTER_STRENGTH,0.35
TM,EST_FUSION,ON,EST_GYRO_WEIGHT,0.98,EST_VALID,1
TM,TEAM_CR,1570,1073580,0.0,-0.4,-0.5,0.5,1.1,27.5,27.5,0.0,28,3
TM,TEAM_CR,1571,1073620,0.0,-0.5,-0.5,0.5,-1.1,27.5,27.5,0.0,28,3
TM,TEAM_CR,1572,1073660,0.0,-0.4,-0.5,0.5,0.9,27.5,27.5,0.0,28,3
TM,TEAM_CR,1573,1073700,0.0,-0.5,-0.5,0.5,-1.2,27.5,27.5,0.0,28,3
TM,TEAM_CR,1574,1073749,0.0,-0.4,-0.5,0.5,0.8,27.5,27.5,0.0,28,3
TM,TEAM_CR,1575,1073800,0.0,-0.4,-0.5,0.5,-0.3,27.5,27.5,0.0,28,3
TM,TEAM_CR,1576,1073840,0.0,-0.5,-0.5,0.5,0.8,27.5,27.5,0.0,28,3
TM,SUN_L,3718,SUN_R,3723,SUN_NDV,-0.0007,SUN_ANGLE,-1.18
TM,MAG_X,-10.08,MAG_Y,45.78,MAG_Z,11.82,MAG_HEADING,102.42
TM,GYRO_X,-1.138,GYRO_Y,-2.047,GYRO_Z,0.086,BODY_RATE,-0.086
TM,TEAM_CR,1577,1073880,0.0,-0.3,-0.5,0.5,-0.7,27.5,27.5,0.0,28,3
TM,TEAM_CR,1578,1073920,0.0,-0.5,-0.5,0.5,0.6,27.5,27.5,0.0,28,3
TM,TEAM_CR,1579,1073960,0.0,-0.6,-0.5,0.5,-1.0,27.5,27.5,0.0,28,3
TM,TEAM_CR,1580,1074001,0.0,-0.7,-0.4,0.4,1.3,27.5,27.5,0.0,28,3
TM,TEAM_CR,1581,1074040,0.0,-0.1,-0.5,0.5,-0.5,27.5,27.5,0.0,28,3
TM,TEAM_CR,1582,1074080,0.0,-0.2,-0.4,0.4,0.7,27.5,27.5,0.0,28,3
TM,TEAM_CR,1583,1074120,0.0,-0.5,-0.5,0.5,-1.3,27.5,27.5,0.0,28,3
TM,TEAM_CR,1584,1074160,0.0,-0.5,-0.4,0.4,0.4,27.5,27.5,0.0,28,3
TM,TEAM_CR,1585,1074200,0.0,-0.4,-0.5,0.5,-1.6,27.5,27.5,0.0,28,3
TM,TEAM_CR,1586,1074248,0.0,-0.7,-0.5,0.5,0.1,27.5,27.5,0.0,28,3
TM,TEAM_CR,1587,1074288,0.0,-0.7,-0.6,0.6,-1.3,27.5,27.5,0.0,28,3
TM,TEAM_CR,1588,1074328,0.0,-0.4,-0.5,0.5,0.4,27.5,27.5,0.0,28,3
TM,TEAM_CR,1589,1074368,0.0,-0.5,-0.6,0.6,-0.4,27.5,27.5,0.0,28,3
TM,TEAM_CR,1590,1074420,0.0,-0.7,-0.6,0.6,-0.9,27.5,27.5,0.0,28,3
TM,TEAM_CR,1591,1074460,0.0,-0.3,-0.6,0.6,0.5,27.5,27.5,0.0,28,3
TM,TEAM_CR,1592,1074501,0.0,-0.5,-0.5,0.5,-0.2,27.5,27.5,0.0,28,3
TM,ADCS_MODE,MANUAL,ADCS_REFERENCE,SUN,TARGET,0.00,POINTING_ERROR,1.11,SUN_ERROR,1.43,MAG_ERROR,-102.72,GYRO_Z,-0.097,RW_CMD,0
TM,EST_RAW,-1.43,EST_FILTERED,-1.43,EST_ANGLE,-1.11,EST_FILTER,ON,EST_FILTER_TYPE,MOVING_AVERAGE,EST_MA_WINDOW,1,EST_FILTER_STRENGTH,0.35
TM,EST_FUSION,ON,EST_GYRO_WEIGHT,0.98,EST_VALID,1
TM,TEAM_CR,1593,1074540,0.0,-0.3,-0.5,0.5,0.6,27.5,27.5,0.0,28,3
TM,TEAM_CR,1594,1074580,0.0,-0.7,-0.5,0.5,0.2,27.5,27.5,0.0,28,3
TM,SUN_L,3718,SUN_R,3722,SUN_NDV,-0.0005,SUN_ANGLE,-1.49
TM,MAG_X,-10.27,MAG_Y,45.89,MAG_Z,12.29,MAG_HEADING,102.62
TM,GYRO_X,-0.910,GYRO_Y,-2.039,GYRO_Z,-0.001,BODY_RATE,0.001
TM,TEAM_CR,1595,1074620,0.0,-0.5,-0.5,0.5,-0.1,27.5,27.5,0.0,28,3
TM,TEAM_CR,1596,1074660,0.0,-0.6,-0.5,0.5,0.4,27.5,27.5,0.0,28,3
TM,TEAM_CR,1597,1074700,0.0,-0.5,-0.5,0.5,-0.6,27.5,27.5,0.0,28,3
TM,TEAM_CR,1598,1074748,0.0,-0.5,-0.5,0.5,-0.8,27.5,27.5,0.0,28,3
TM,TEAM_CR,1599,1074799,0.0,-0.4,-0.5,0.5,0.7,27.5,27.5,0.0,28,3
TM,TEAM_CR,1600,1074839,0.0,-0.5,-0.5,0.5,-1.2,27.5,27.5,0.0,28,3
TM,TEAM_CR,1601,1074879,0.0,-0.3,-0.5,0.5,1.1,27.5,27.5,0.0,28,3
TM,TEAM_CR,1602,1074919,0.0,-0.6,-0.5,0.5,-0.8,27.5,27.5,0.0,28,3
TM,TEAM_CR,1603,1074959,0.0,-0.6,-0.5,0.5,0.9,27.5,27.5,0.0,28,3
TM,TEAM_CR,1604,1075000,0.0,-0.6,-0.5,0.5,-0.8,27.5,27.5,0.0,28,3
TM,TEAM_CR,1605,1075040,0.0,-0.5,-0.5,0.5,1.0,27.5,27.5,0.0,28,3
TM,TEAM_CR,1606,1075080,0.0,-0.4,-0.5,0.5,-0.9,27.5,27.5,0.0,28,3
TM,TEAM_CR,1607,1075120,0.0,-0.3,-0.5,0.5,1.1,27.5,27.5,0.0,28,3
TM,TEAM_CR,1608,1075160,0.0,-0.7,-0.5,0.5,-0.8,27.5,27.5,0.0,28,3
TM,TEAM_CR,1609,1075200,0.0,-0.6,-0.5,0.5,0.6,27.5,27.5,0.0,28,3
TM,TEAM_CR,1610,1075249,0.0,-0.5,-0.5,0.5,-1.2,27.5,27.5,0.0,28,3
TM,TEAM_CR,1611,1075289,0.0,-0.4,-0.5,0.5,0.7,27.5,27.5,0.0,28,3
TM,TEAM_CR,1612,1075329,0.0,-0.4,-0.6,0.6,-1.7,27.5,27.5,0.0,28,3
TM,TEAM_CR,1613,1075369,0.0,-0.6,-0.6,0.6,0.3,27.5,27.5,0.0,28,3
TM,SUN_L,3719,SUN_R,3723,SUN_NDV,-0.0005,SUN_ANGLE,-1.07
TM,MAG_X,-10.24,MAG_Y,45.70,MAG_Z,12.54,MAG_HEADING,102.63
TM,GYRO_X,-1.269,GYRO_Y,-2.109,GYRO_Z,-0.115,BODY_RATE,0.115
EVT,TEAM_CDUMP,END,1614
TM,ADCS_MODE,MANUAL,ADCS_REFERENCE,SUN,TARGET,0.00,POINTING_ERROR,1.13,SUN_ERROR,1.05,MAG_ERROR,-102.63,GYRO_Z,-0.220,RW_CMD,0
TM,EST_RAW,-1.05,EST_FILTERED,-1.05,EST_ANGLE,-1.13,EST_FILTER,ON,EST_FILTER_TYPE,MOVING_AVERAGE,EST_MA_WINDOW,1,EST_FILTER_STRENGTH,0.35
TM,EST_FUSION,ON,EST_GYRO_WEIGHT,0.98,EST_VALID,1
TM,SUN_L,3720,SUN_R,3723,SUN_NDV,-0.0004,SUN_ANGLE,-1.13
TM,MAG_X,-10.29,MAG_Y,45.57,MAG_Z,12.29,MAG_HEADING,102.72
TM,GYRO_X,-0.936,GYRO_Y,-2.249,GYRO_Z,-0.159,BODY_RATE,0.159
TM,ADCS_MODE,MANUAL,ADCS_REFERENCE,SUN,TARGET,0.00,POINTING_ERROR,1.13,SUN_ERROR,1.27,MAG_ERROR,-102.57,GYRO_Z,-0.159,RW_CMD,0
TM,EST_RAW,-1.27,EST_FILTERED,-1.27,EST_ANGLE,-1.13,EST_FILTER,ON,EST_FILTER_TYPE,MOVING_AVERAGE,EST_MA_WINDOW,1,EST_FILTER_STRENGTH,0.35
TM,EST_FUSION,ON,EST_GYRO_WEIGHT,0.98,EST_VALID,1

