ACK,TEAM_CDUMP,2400
TM,TEAM_CR_AUTO,ON,TGT,50.00,EST,-4.53,ANG,-4.53,LIT,1,ERR,54.53,KP,4,KD,2,KI,1,SIGN,1,RSIGN,-1,MAX,60,DB,0.5,WRAP,1,SYNC,1,STRAT,RW
TM,TEAM_CR_HEAD,N,2400,DIV,2,COLS,i;t;tgt;ang;est;err;gz;u;I;K;rw;fl
TM,TEAM_CR,0,53493,50.0,-4.4,-4.5,54.5,0.3,218.6,1.1,0.0,2,9
TM,TEAM_CR,1,53533,50.0,-4.4,-4.5,54.5,-0.6,220.5,1.1,0.0,22,9
TM,TEAM_CR,2,53573,50.0,-4.4,-4.5,54.5,-0.1,219.5,1.1,0.0,42,9
TM,TEAM_CR,3,53614,50.0,-4.6,-4.5,54.5,2.5,214.0,1.1,0.0,60,9
TM,SUN_L,3607,SUN_R,3244,SUN_NDV,0.0530,SUN_ANGLE,31.85
TM,MAG_X,-19.60,MAG_Y,25.87,MAG_Z,5.46,MAG_HEADING,127.15
TM,GYRO_X,-1.269,GYRO_Y,-1.934,GYRO_Z,0.257,BODY_RATE,-0.257
TM,TEAM_CR,4,53653,50.0,-4.0,-4.2,54.2,6.6,204.8,1.1,0.0,60,9
TM,TEAM_CR,5,53693,50.0,-3.3,-3.9,53.9,9.7,197.2,1.1,0.0,60,9
TM,ADCS_MODE,MANUAL,ADCS_REFERENCE,SUN,TARGET,0.00,POINTING_ERROR,-31.62,SUN_ERROR,-31.90,MAG_ERROR,-127.15,GYRO_Z,0.134,RW_CMD,0
TM,EST_RAW,31.90,EST_FILTERED,31.90,EST_ANGLE,31.62,EST_FILTER,ON,EST_FILTER_TYPE,MOVING_AVERAGE,EST_MA_WINDOW,1,EST_FILTER_STRENGTH,0.35
TM,EST_FUSION,ON,EST_GYRO_WEIGHT,0.98,EST_VALID,1
TM,TEAM_CR,6,53733,50.0,-3.3,-3.4,53.4,13.0,188.5,1.1,0.0,60,9
TM,TEAM_CR,7,53773,50.0,-2.6,-2.7,52.7,17.4,177.1,1.1,0.0,60,9
TM,TEAM_CR,8,53813,50.0,-2.3,-1.9,51.9,21.1,166.6,1.1,0.0,60,9
TM,TEAM_CR,9,53853,50.0,-1.0,-0.9,50.9,26.7,151.4,1.1,0.0,60,9
TM,TEAM_CR,10,53893,50.0,0.0,0.3,49.7,31.1,137.7,1.1,0.0,60,9
TM,TEAM_CR,11,53951,50.0,1.5,2.4,47.6,38.2,115.0,1.1,0.0,60,9
TM,TEAM_CR,12,53991,50.0,3.4,4.0,46.0,41.6,101.9,1.1,0.0,60,9
TM,TEAM_CR,13,54032,50.0,4.5,5.8,44.2,47.2,83.3,1.1,0.0,60,9
TM,TEAM_CR,14,54071,50.0,7.1,7.8,42.2,52.5,64.9,1.1,0.0,60,9
TM,TEAM_CR,15,54111,50.0,8.0,9.9,40.1,53.4,55.7,1.9,0.0,58,1
TM,TEAM_CR,16,54152,50.0,10.2,12.0,38.0,55.0,45.4,3.4,0.0,50,1
TM,TEAM_CR,17,54191,50.0,11.7,14.2,35.8,58.4,31.4,4.9,0.0,36,1
TM,TEAM_CR,18,54231,50.0,13.4,16.4,33.6,57.6,25.5,6.3,0.0,29,1
TM,TEAM_CR,19,54271,50.0,15.7,18.6,31.4,57.6,18.2,7.5,0.0,21,1
TM,TEAM_CR,20,54311,50.0,17.4,20.7,29.3,55.8,14.3,8.7,0.0,14,1
TM,TEAM_CR,21,54351,50.0,19.0,22.7,27.3,53.0,13.2,9.8,0.0,14,1
TM,SUN_L,3609,SUN_R,3244,SUN_NDV,0.0533,SUN_ANGLE,31.83
TM,MAG_X,-19.65,MAG_Y,25.78,MAG_Z,5.60,MAG_HEADING,127.32
TM,GYRO_X,-1.102,GYRO_Y,-2.118,GYRO_Z,0.353,BODY_RATE,-0.353
TM,TEAM_CR,22,54391,50.0,20.8,24.6,25.4,50.2,12.1,10.9,0.0,12,1
TM,TEAM_CR,23,54437,50.0,21.9,26.6,23.4,47.3,10.8,11.8,0.0,11,1
TM,TEAM_CR,24,54477,50.0,23.1,28.2,21.8,45.4,9.1,12.7,0.0,10,1
TM,TEAM_CR,25,54517,50.0,23.9,29.8,20.2,44.1,6.1,13.5,0.0,6,1
TM,TEAM_CR,26,54571,50.0,24.6,31.8,18.2,41.3,4.6,14.3,0.0,5,1
TM,TEAM_CR,27,54611,50.0,25.6,33.0,17.0,37.6,7.7,15.0,0.0,7,1
TM,TEAM_CR,28,54651,50.0,26.7,34.1,15.9,34.4,10.3,15.6,0.0,10,1
TM,ADCS_MODE,MANUAL,ADCS_REFERENCE,SUN,TARGET,0.00,POINTING_ERROR,-31.62,SUN_ERROR,-31.92,MAG_ERROR,-127.06,GYRO_Z,0.720,RW_CMD,0
TM,EST_RAW,31.92,EST_FILTERED,31.92,EST_ANGLE,31.62,EST_FILTER,ON,EST_FILTER_TYPE,MOVING_AVERAGE,EST_MA_WINDOW,1,EST_FILTER_STRENGTH,0.35
TM,EST_FUSION,ON,EST_GYRO_WEIGHT,0.98,EST_VALID,1
TM,TEAM_CR,29,54691,50.0,27.6,35.1,14.9,31.9,12.0,16.2,0.0,12,1
TM,TEAM_CR,30,54731,50.0,28.5,36.0,14.0,28.5,16.0,16.8,0.0,15,1
TM,TEAM_CR,31,54771,50.0,29.6,36.7,13.3,25.1,20.3,17.3,0.0,20,1
TM,TEAM_CR,32,54811,50.0,30.0,37.3,12.7,22.1,24.3,17.8,0.0,24,1
TM,TEAM_CR,33,54851,50.0,31.2,37.9,12.1,20.3,26.2,18.3,0.0,26,1
TM,TEAM_CR,34,54891,50.0,31.8,38.4,11.6,18.4,28.5,18.8,0.0,28,1
TM,TEAM_CR,35,54952,50.0,32.9,39.2,10.8,16.7,29.2,19.3,0.0,29,1
TM,TEAM_CR,36,54992,50.0,33.2,39.6,10.4,16.3,28.8,19.7,0.0,29,1
TM,TEAM_CR,37,55031,50.0,33.5,39.9,10.1,15.5,29.5,20.1,0.0,29,1
TM,TEAM_CR,38,55071,50.0,34.2,40.3,9.7,16.8,25.7,20.5,0.0,27,1
TM,TEAM_CR,39,55111,50.0,34.6,40.7,9.3,17.1,23.6,20.8,0.0,24,1
TM,SUN_L,3608,SUN_R,3244,SUN_NDV,0.0531,SUN_ANGLE,31.94
TM,MAG_X,-19.71,MAG_Y,25.84,MAG_Z,5.68,MAG_HEADING,127.34
TM,GYRO_X,-1.094,GYRO_Y,-1.986,GYRO_Z,0.160,BODY_RATE,-0.160
TM,TEAM_CR,40,55151,50.0,35.3,41.2,8.8,17.2,22.2,21.2,0.0,22,1
TM,TEAM_CR,41,55191,50.0,35.5,41.6,8.4,17.1,20.9,21.5,0.0,21,1
TM,TEAM_CR,42,55231,50.0,35.3,42.1,7.9,17.8,18.0,21.9,0.0,18,1
TM,TEAM_CR,43,55271,50.0,35.5,42.4,7.6,15.7,21.0,22.2,0.0,20,1
TM,TEAM_CR,44,55311,50.0,35.3,42.7,7.3,14.1,23.5,22.5,0.0,23,1
TM,TEAM_CR,45,55352,50.0,35.2,42.9,7.1,12.7,25.6,22.8,0.0,26,1
TM,TEAM_CR,46,55392,50.0,34.9,43.1,6.9,11.5,27.6,23.0,0.0,28,1
TM,TEAM_CR,47,55438,50.0,35.1,43.3,6.7,10.6,29.1,23.3,0.0,29,1
TM,TEAM_CR,48,55478,50.0,35.1,43.3,6.7,9.9,30.4,23.6,0.0,30,1
TM,TEAM_CR,49,55518,50.0,34.8,43.3,6.7,9.0,32.5,23.8,0.0,33,1
TM,TEAM_CR,50,55571,50.0,34.7,43.5,6.5,8.6,33.0,24.1,0.0,33,1
TM,TEAM_CR,51,55611,50.0,34.4,43.4,6.6,6.8,37.3,24.4,0.0,37,1
TM,ADCS_MODE,MANUAL,ADCS_REFERENCE,SUN,TARGET,0.00,POINTING_ERROR,-31.62,SUN_ERROR,-31.85,MAG_ERROR,-127.34,GYRO_Z,0.344,RW_CMD,0
TM,EST_RAW,31.85,EST_FILTERED,31.85,EST_ANGLE,31.62,EST_FILTER,ON,EST_FILTER_TYPE,MOVING_AVERAGE,EST_MA_WINDOW,1,EST_FILTER_STRENGTH,0.35
TM,EST_FUSION,ON,EST_GYRO_WEIGHT,0.98,EST_VALID,1
TM,TEAM_CR,52,55651,50.0,34.2,43.3,6.7,7.2,37.1,24.6,0.0,37,1
TM,TEAM_CR,53,55691,50.0,33.9,43.2,6.8,8.6,34.8,24.9,0.0,35,1
TM,TEAM_CR,54,55731,50.0,33.4,43.2,6.8,8.3,35.9,25.2,0.0,36,1
TM,TEAM_CR,55,55772,50.0,33.0,43.1,6.9,8.0,37.1,25.4,0.0,37,1
TM,TEAM_CR,56,55812,50.0,32.7,43.0,7.0,8.0,37.8,25.7,0.0,38,1
TM,TEAM_CR,57,55851,50.0,32.7,43.0,7.0,10.3,33.5,26.0,0.0,35,1
TM,SUN_L,3608,SUN_R,3244,SUN_NDV,0.0531,SUN_ANGLE,31.84
TM,MAG_X,-19.63,MAG_Y,25.82,MAG_Z,5.68,MAG_HEADING,127.24
TM,GYRO_X,-0.910,GYRO_Y,-2.179,GYRO_Z,0.283,BODY_RATE,-0.283
TM,TEAM_CR,58,55891,50.0,31.9,42.9,7.1,9.5,35.7,26.3,0.0,36,1
TM,TEAM_CR,59,55951,50.0,31.0,42.9,7.1,8.5,37.8,26.6,0.0,38,1
TM,TEAM_CR,60,55991,50.0,30.4,42.8,7.2,10.5,34.5,26.9,0.0,35,1
TM,TEAM_CR,61,56031,50.0,28.8,42.8,7.2,13.0,30.0,27.1,0.0,33,1
TM,TEAM_CR,62,56071,50.0,27.5,42.7,7.3,14.6,27.2,27.4,0.0,27,1
TM,TEAM_CR,63,56111,50.0,26.0,42.8,7.2,17.3,22.1,27.7,0.0,23,1
TM,TEAM_CR,64,56151,50.0,24.6,42.7,7.3,17.7,21.6,28.0,0.0,22,1
TM,TEAM_CR,65,56192,50.0,22.9,42.7,7.3,17.9,21.8,28.3,0.0,22,1
TM,TEAM_CR,66,56231,50.0,20.8,42.5,7.5,18.6,21.3,28.6,0.0,21,1
TM,TEAM_CR,67,56271,50.0,19.6,42.3,7.7,18.7,22.2,28.9,0.0,22,1
TM,TEAM_CR,68,56311,50.0,16.5,42.1,7.9,18.9,23.1,29.2,0.0,23,1
TM,TEAM_CR,69,56352,50.0,13.8,41.8,8.2,19.7,23.0,29.5,0.0,23,1
TM,TEAM_CR,70,56392,50.0,11.3,41.4,8.6,20.3,23.8,29.9,0.0,24,1
TM,TEAM_CR,71,56437,50.0,9.3,41.0,9.0,21.2,23.8,30.2,0.0,24,1
TM,TEAM_CR,72,56477,50.0,6.7,40.5,9.5,21.7,25.2,30.6,0.0,25,1
TM,TEAM_CR,73,56517,50.0,4.1,40.0,10.0,22.4,26.3,31.0,0.0,26,1
TM,TEAM_CR,74,56570,50.0,1.8,39.7,10.3,23.5,25.8,31.4,0.0,26,1
TM,ADCS_MODE,MANUAL,ADCS_REFERENCE,SUN,TARGET,0.00,POINTING_ERROR,-31.61,SUN_ERROR,-31.94,MAG_ERROR,-127.32,GYRO_Z,0.195,RW_CMD,0
TM,EST_RAW,31.94,EST_FILTERED,31.94,EST_ANGLE,31.61,EST_FILTER,ON,EST_FILTER_TYPE,MOVING_AVERAGE,EST_MA_WINDOW,1,EST_FILTER_STRENGTH,0.35
TM,EST_FUSION,ON,EST_GYRO_WEIGHT,0.98,EST_VALID,1
TM,TEAM_CR,75,56610,50.0,0.0,39.0,11.0,23.9,28.0,31.9,0.0,28,1
TM,SUN_L,3608,SUN_R,3243,SUN_NDV,0.0533,SUN_ANGLE,31.85
TM,MAG_X,-19.70,MAG_Y,25.84,MAG_Z,5.58,MAG_HEADING,127.32
TM,GYRO_X,-0.901,GYRO_Y,-2.319,GYRO_Z,0.195,BODY_RATE,-0.195
TM,TEAM_CR,76,56650,50.0,-2.0,38.4,11.6,25.1,28.6,32.3,0.0,29,1
TM,TEAM_CR,77,56691,50.0,-4.1,37.7,12.3,26.1,29.6,32.8,0.0,30,1
TM,TEAM_CR,78,56730,50.0,-5.5,37.1,12.9,27.4,30.1,33.3,0.0,30,1
TM,TEAM_CR,79,56771,50.0,-12.7,36.2,13.8,25.5,37.9,33.8,0.0,35,1
TM,TEAM_CR,80,56811,50.0,-21.4,34.9,15.1,20.8,53.2,34.4,0.0,46,1
TM,TEAM_CR,81,56851,50.0,-23.4,33.3,16.7,17.8,66.2,35.1,0.0,60,9
TM,TEAM_CR,82,56891,50.0,-25.1,31.6,18.4,15.0,78.5,35.1,0.0,60,9
TM,TEAM_CR,83,56951,50.0,-25.2,30.1,19.9,11.7,91.3,35.1,0.0,60,9
TM,TEAM_CR,84,56991,50.0,-25.1,28.2,21.8,6.9,108.4,35.1,0.0,60,9
TM,TEAM_CR,85,57031,50.0,-25.1,26.3,23.7,2.9,124.3,35.1,0.0,60,9
TM,TEAM_CR,86,57071,50.0,-25.1,24.2,25.8,-0.3,138.7,35.1,0.0,60,9
TM,TEAM_CR,87,57111,50.0,-25.1,22.3,27.7,-0.1,146.1,35.1,0.0,60,9
TM,TEAM_CR,88,57152,50.0,-25.2,20.4,29.6,-0.1,153.7,35.1,0.0,60,9
TM,TEAM_CR,89,57191,50.0,-25.1,18.6,31.4,-0.2,161.1,35.1,0.0,60,9
TM,TEAM_CR,90,57231,50.0,-25.0,16.9,33.1,-0.3,168.2,35.1,0.0,60,9
TM,TEAM_CR,91,57271,50.0,-25.1,15.2,34.8,-0.1,174.5,35.1,0.0,60,9
TM,TEAM_CR,92,57311,50.0,-25.0,13.6,36.4,-0.4,181.7,35.1,0.0,60,9
TM,TEAM_CR,93,57351,50.0,-25.2,12.0,38.0,-0.4,187.7,35.1,0.0,60,9
TM,TEAM_CR,94,57391,50.0,-25.1,10.5,39.5,0.0,193.0,35.1,0.0,60,9
TM,SUN_L,3609,SUN_R,3244,SUN_NDV,0.0533,SUN_ANGLE,31.85
TM,MAG_X,-19.65,MAG_Y,25.90,MAG_Z,5.79,MAG_HEADING,127.18
TM,GYRO_X,-1.111,GYRO_Y,-2.047,GYRO_Z,0.003,BODY_RATE,-0.003
TM,TEAM_CR,95,57437,50.0,-25.1,9.1,40.9,0.2,198.1,35.1,0.0,60,9
TM,TEAM_CR,96,57477,50.0,-24.7,7.8,42.2,-0.1,204.2,35.1,0.0,60,9
TM,ADCS_MODE,MANUAL,ADCS_REFERENCE,SUN,TARGET,0.00,POINTING_ERROR,-31.61,SUN_ERROR,-31.81,MAG_ERROR,-127.29,GYRO_Z,0.117,RW_CMD,0
TM,EST_RAW,31.81,EST_FILTERED,31.81,EST_ANGLE,31.61,EST_FILTER,ON,EST_FILTER_TYPE,MOVING_AVERAGE,EST_MA_WINDOW,1,EST_FILTER_STRENGTH,0.35
TM,EST_FUSION,ON,EST_GYRO_WEIGHT,0.98,EST_VALID,1
TM,TEAM_CR,97,57517,50.0,-25.1,6.5,43.5,-0.3,209.9,35.1,0.0,60,9
TM,TEAM_CR,98,57571,50.0,-25.0,5.2,44.8,-0.2,214.7,35.1,0.0,60,9
TM,TEAM_CR,99,57611,50.0,-25.1,4.0,46.0,-0.2,219.6,35.1,0.0,60,9
TM,TEAM_CR,100,57651,50.0,-25.2,2.8,47.2,0.0,223.7,35.1,0.0,60,9
TM,TEAM_CR,101,57691,50.0,-25.2,1.7,48.3,-0.3,228.8,35.1,0.0,60,9
TM,TEAM_CR,102,57731,50.0,-25.0,0.7,49.3,-0.1,232.6,35.1,0.0,60,9
TM,TEAM_CR,103,57771,50.0,-25.2,-0.4,50.4,-0.1,236.7,35.1,0.0,60,9
TM,TEAM_CR,104,57811,50.0,-24.9,-1.3,51.3,-0.3,241.1,35.1,0.0,60,9
TM,TEAM_CR,105,57851,50.0,-24.9,-2.3,52.3,-0.5,245.2,35.1,0.0,60,9
TM,TEAM_CR,106,57891,50.0,-25.0,-3.2,53.2,0.0,247.9,35.1,0.0,60,9
TM,TEAM_CR,107,57951,50.0,-24.9,-4.1,54.1,-0.3,252.0,35.1,0.0,60,9
TM,TEAM_CR,108,57991,50.0,-24.9,-4.9,54.9,-0.2,255.0,35.1,0.0,60,9
TM,TEAM_CR,109,58031,50.0,-25.0,-5.7,55.7,-0.2,258.3,35.1,0.0,60,9
TM,TEAM_CR,110,58072,50.0,-25.0,-6.5,56.5,-0.2,261.4,35.1,0.0,60,9
TM,TEAM_CR,111,58111,50.0,-24.9,-7.2,57.2,-0.3,264.5,35.1,0.0,60,9
TM,TEAM_CR,112,58151,50.0,-25.1,-7.9,57.9,-0.3,267.4,35.1,0.0,60,9
TM,SUN_L,3608,SUN_R,3243,SUN_NDV,0.0533,SUN_ANGLE,31.90
TM,MAG_X,-19.70,MAG_Y,25.90,MAG_Z,5.62,MAG_HEADING,127.25
TM,GYRO_X,-1.251,GYRO_Y,-2.179,GYRO_Z,0.615,BODY_RATE,-0.615
TM,TEAM_CR,113,58191,50.0,-25.1,-8.6,58.6,0.1,269.3,35.1,0.0,60,9
TM,TEAM_CR,114,58231,50.0,-25.1,-9.3,59.3,-0.5,273.1,35.1,0.0,60,9
TM,TEAM_CR,115,58271,50.0,-25.0,-9.9,59.9,-0.2,275.2,35.1,0.0,60,9
TM,TEAM_CR,116,58311,50.0,-25.0,-10.5,60.5,-0.2,277.5,35.1,0.0,60,9
TM,TEAM_CR,117,58351,50.0,-25.1,-11.1,61.1,-0.2,279.9,35.1,0.0,60,9
TM,TEAM_CR,118,58391,50.0,-25.1,-11.7,61.7,0.0,281.7,35.1,0.0,60,9
TM,TEAM_CR,119,58437,50.0,-25.1,-12.2,62.2,-0.2,284.3,35.1,0.0,60,9
TM,ADCS_MODE,MANUAL,ADCS_REFERENCE,SUN,TARGET,0.00,POINTING_ERROR,-31.62,SUN_ERROR,-31.87,MAG_ERROR,-127.25,GYRO_Z,0.125,RW_CMD,0
TM,EST_RAW,31.87,EST_FILTERED,31.87,EST_ANGLE,31.62,EST_FILTER,ON,EST_FILTER_TYPE,MOVING_AVERAGE,EST_MA_WINDOW,1,EST_FILTER_STRENGTH,0.35
TM,EST_FUSION,ON,EST_GYRO_WEIGHT,0.98,EST_VALID,1
TM,TEAM_CR,120,58477,50.0,-25.2,-12.7,62.7,-0.3,286.5,35.1,0.0,60,9
TM,TEAM_CR,121,58517,50.0,-25.1,-13.2,63.2,-0.1,288.0,35.1,0.0,60,9
TM,TEAM_CR,122,58571,50.0,-25.2,-13.6,63.6,0.8,59.7,35.1,0.0,60,1
TM,TEAM_CR,123,58611,50.0,-25.1,-14.1,64.1,0.5,59.2,35.1,0.0,59,1
TM,TEAM_CR,124,58651,50.0,-25.1,-14.5,64.5,0.0,58.7,35.1,0.0,59,1
TM,TEAM_CR,125,58691,50.0,-24.9,-14.9,64.9,0.1,58.1,35.1,0.0,58,1
TM,TEAM_CR,126,58731,50.0,-25.2,-15.3,65.3,0.7,57.6,35.1,0.0,58,1
TM,TEAM_CR,127,58771,50.0,-25.1,-15.7,65.7,0.3,57.1,35.1,0.0,57,1
TM,TEAM_CR,128,58811,50.0,-25.3,-16.1,66.1,-0.1,56.5,35.1,0.0,57,1
TM,TEAM_CR,129,58851,50.0,-25.3,-16.4,66.4,0.1,56.0,35.1,0.0,56,1
TM,TEAM_CR,130,58891,50.0,-25.3,-16.8,66.8,0.7,55.5,35.1,0.0,55,1
TM,SUN_L,3609,SUN_R,3244,SUN_NDV,0.0533,SUN_ANGLE,31.68
TM,MAG_X,-19.65,MAG_Y,25.94,MAG_Z,5.50,MAG_HEADING,127.15
TM,GYRO_X,-1.164,GYRO_Y,-2.056,GYRO_Z,-0.085,BODY_RATE,0.085
TM,TEAM_CR,131,58952,50.0,-25.1,-17.1,67.1,0.0,54.7,35.1,0.0,55,1
TM,TEAM_CR,132,58992,50.0,-25.3,-17.4,67.4,1.1,302.4,35.1,0.0,56,9
TM,TEAM_CR,133,59031,50.0,-25.4,-17.6,67.6,2.0,301.7,35.1,0.0,60,9
TM,TEAM_CR,134,59071,50.0,-25.3,-17.9,67.9,1.2,304.3,35.1,0.0,60,9
TM,TEAM_CR,135,59111,50.0,-25.3,-18.1,68.1,1.1,305.4,35.1,0.0,60,9
TM,TEAM_CR,136,59151,50.0,-25.1,-18.3,68.3,3.3,301.7,35.1,0.0,60,9
TM,TEAM_CR,137,59191,50.0,-25.1,-18.4,68.4,3.4,302.0,35.1,0.0,60,9
TM,TEAM_CR,138,59231,50.0,-25.0,-18.6,68.6,3.8,301.9,35.1,0.0,60,9
TM,TEAM_CR,139,59271,50.0,-25.0,-18.6,68.6,5.1,299.4,35.1,0.0,60,9
TM,TEAM_CR,140,59311,50.0,-24.9,-18.7,68.7,5.8,298.1,35.1,0.0,60,9
TM,TEAM_CR,141,59352,50.0,-25.1,-18.7,68.7,4.8,300.4,35.1,0.0,60,9
TM,TEAM_CR,142,59392,50.0,-25.0,-18.8,68.8,4.5,301.2,35.1,0.0,60,9
TM,ADCS_MODE,MANUAL,ADCS_REFERENCE,SUN,TARGET,0.00,POINTING_ERROR,-31.61,SUN_ERROR,-31.72,MAG_ERROR,-127.21,GYRO_Z,0.257,RW_CMD,0
TM,EST_RAW,31.72,EST_FILTERED,31.72,EST_ANGLE,31.61,EST_FILTER,ON,EST_FILTER_TYPE,MOVING_AVERAGE,EST_MA_WINDOW,1,EST_FILTER_STRENGTH,0.35
TM,EST_FUSION,ON,EST_GYRO_WEIGHT,0.98,EST_VALID,1
TM,TEAM_CR,143,59438,50.0,-25.1,-18.9,68.9,2.1,306.4,35.1,0.0,60,9
TM,TEAM_CR,144,59478,50.0,-25.0,-19.0,69.0,3.1,305.0,35.1,0.0,60,9
TM,TEAM_CR,145,59518,50.0,-25.1,-19.1,69.1,3.9,303.7,35.1,0.0,60,9
TM,TEAM_CR,146,59571,50.0,-25.3,-19.2,69.2,2.8,306.2,35.1,0.0,60,9
TM,TEAM_CR,147,59611,50.0,-25.0,-19.2,69.2,6.0,300.0,35.1,0.0,60,9
TM,TEAM_CR,148,59651,50.0,-24.9,-19.1,69.1,9.8,292.1,35.1,0.0,60,9
TM,SUN_L,3609,SUN_R,3243,SUN_NDV,0.0534,SUN_ANGLE,31.89
TM,MAG_X,-19.79,MAG_Y,26.06,MAG_Z,5.54,MAG_HEADING,127.21
TM,GYRO_X,-1.102,GYRO_Y,-1.951,GYRO_Z,0.292,BODY_RATE,-0.292
TM,TEAM_CR,149,59691,50.0,-25.0,-18.9,68.9,13.4,283.8,35.1,0.0,60,9
TM,TEAM_CR,150,59731,50.0,-24.6,-18.4,68.4,19.3,270.1,35.1,0.0,60,9
TM,TEAM_CR,151,59771,50.0,-24.2,-17.7,67.7,25.0,256.0,35.1,0.0,60,9
TM,TEAM_CR,152,59812,50.0,-23.9,-16.9,66.9,28.7,245.2,35.1,0.0,60,9
TM,TEAM_CR,153,59852,50.0,-23.1,-15.9,65.9,34.8,228.8,35.1,0.0,60,9
TM,TEAM_CR,154,59891,50.0,-23.1,-14.7,64.7,38.8,216.1,35.1,0.0,60,9
TM,TEAM_CR,155,59951,50.0,-23.3,-12.4,62.4,46.6,191.5,35.1,0.0,60,9
TM,TEAM_CR,156,59991,50.0,-24.1,-10.9,60.9,51.5,175.7,35.1,0.0,60,9
TM,TEAM_CR,157,60031,50.0,-25.4,-9.3,59.3,55.2,162.0,35.1,0.0,60,9
TM,TEAM_CR,158,60071,50.0,-27.0,-7.8,57.8,58.3,149.7,35.1,0.0,60,9
TM,TEAM_CR,159,60111,50.0,-27.8,-6.2,56.2,61.1,137.9,35.1,0.0,60,9
TM,TEAM_CR,160,60151,50.0,-25.9,-4.6,54.6,64.8,123.8,35.1,0.0,60,9
TM,TEAM_CR,161,60191,50.0,-20.0,-2.6,52.6,71.6,102.1,35.1,0.0,60,9
TM,TEAM_CR,162,60232,50.0,-16.1,-0.1,50.1,77.7,80.3,35.1,0.0,60,9
TM,TEAM_CR,163,60271,50.0,-13.2,2.4,47.6,81.8,61.9,35.1,0.0,60,9
TM,TEAM_CR,164,60311,50.0,-11.4,5.2,44.8,88.1,38.9,36.0,0.0,49,1
TM,TEAM_CR,165,60352,50.0,-9.2,8.2,41.8,90.8,23.3,37.7,0.0,28,1
TM,ADCS_MODE,MANUAL,ADCS_REFERENCE,SUN,TARGET,0.00,POINTING_ERROR,-31.62,SUN_ERROR,-31.95,MAG_ERROR,-126.93,GYRO_Z,0.055,RW_CMD,0
TM,EST_RAW,31.95,EST_FILTERED,31.95,EST_ANGLE,31.62,EST_FILTER,ON,EST_FILTER_TYPE,MOVING_AVERAGE,EST_MA_WINDOW,1,EST_FILTER_STRENGTH,0.35
TM,EST_FUSION,ON,EST_GYRO_WEIGHT,0.98,EST_VALID,1
TM,TEAM_CR,166,60391,50.0,-7.4,11.1,38.9,92.6,9.8,39.3,0.0,16,1
TM,SUN_L,3609,SUN_R,3244,SUN_NDV,0.0533,SUN_ANGLE,31.90
TM,MAG_X,-19.87,MAG_Y,26.19,MAG_Z,5.25,MAG_HEADING,127.19
TM,GYRO_X,-1.234,GYRO_Y,-2.118,GYRO_Z,0.283,BODY_RATE,-0.283
TM,TEAM_CR,167,60438,50.0,-4.9,14.6,35.4,91.5,-0.7,40.7,0.0,2,1
TM,TEAM_CR,168,60478,50.0,-4.7,17.3,32.7,89.3,-5.7,42.0,0.0,-6,1
TM,TEAM_CR,169,60518,50.0,-3.6,19.9,30.1,86.0,-8.1,43.3,0.0,-8,1
TM,TEAM_CR,170,60571,50.0,-0.4,23.3,26.7,82.5,-13.8,44.4,0.0,-14,1
TM,TEAM_CR,171,60611,50.0,5.0,25.6,24.4,78.8,-14.5,45.4,0.0,-15,1
TM,TEAM_CR,172,60651,50.0,9.9,27.9,22.1,75.2,-15.7,46.3,0.0,-16,1
TM,TEAM_CR,173,60692,50.0,10.1,30.0,20.0,69.5,-11.8,47.1,0.0,-12,1
TM,TEAM_CR,174,60732,50.0,5.0,31.6,18.4,66.2,-11.0,47.8,0.0,-11,1
TM,TEAM_CR,175,60771,50.0,4.6,33.0,17.0,63.3,-10.0,48.5,0.0,-10,1
TM,TEAM_CR,176,60811,50.0,4.9,34.2,15.8,59.7,-7.1,49.2,0.0,-9,1
TM,TEAM_CR,177,60851,50.0,6.2,35.3,14.7,57.4,-6.5,49.8,0.0,-7,1
TM,TEAM_CR,178,60891,50.0,10.3,36.5,13.5,55.1,-5.7,50.3,0.0,-6,1
TM,TEAM_CR,179,60951,50.0,15.1,38.6,11.4,51.1,-5.8,50.8,0.0,-6,1
TM,TEAM_CR,180,60991,50.0,18.2,39.7,10.3,49.3,-6.1,51.2,0.0,-6,1
TM,TEAM_CR,181,61031,50.0,20.2,40.7,9.3,46.1,-3.3,51.6,0.0,-4,1
TM,TEAM_CR,182,61071,50.0,20.3,41.6,8.4,43.9,-2.3,52.0,0.0,-2,1
TM,TEAM_CR,183,61112,50.0,19.4,42.4,7.6,41.8,-1.0,52.3,0.0,-1,1
TM,TEAM_CR,184,61151,50.0,18.0,43.0,7.0,38.7,3.3,52.6,0.0,3,1
TM,TEAM_CR,185,61192,50.0,16.5,43.4,6.6,38.6,1.8,52.8,0.0,2,1
TM,SUN_L,3607,SUN_R,3243,SUN_NDV,0.0531,SUN_ANGLE,31.79
TM,MAG_X,-19.86,MAG_Y,26.10,MAG_Z,5.26,MAG_HEADING,127.27
TM,GYRO_X,-1.365,GYRO_Y,-1.916,GYRO_Z,0.397,BODY_RATE,-0.397
TM,TEAM_CR,186,61231,50.0,16.1,43.8,6.2,36.4,5.1,53.1,0.0,4,1
TM,TEAM_CR,187,61271,50.0,14.9,44.0,6.0,35.2,6.8,53.3,0.0,7,1
TM,ADCS_MODE,MANUAL,ADCS_REFERENCE,SUN,TARGET,0.00,POINTING_ERROR,-31.61,SUN_ERROR,-31.88,MAG_ERROR,-127.27,GYRO_Z,0.239,RW_CMD,0
TM,EST_RAW,31.88,EST_FILTERED,31.88,EST_ANGLE,31.61,EST_FILTER,ON,EST_FILTER_TYPE,MOVING_AVERAGE,EST_MA_WINDOW,1,EST_FILTER_STRENGTH,0.35
TM,EST_FUSION,ON,EST_GYRO_WEIGHT,0.98,EST_VALID,1
TM,TEAM_CR,188,61311,50.0,14.6,44.2,5.8,34.9,6.9,53.6,0.0,7,1
TM,TEAM_CR,189,61351,50.0,14.1,44.3,5.7,32.7,11.0,53.8,0.0,10,1
TM,TEAM_CR,190,61391,50.0,13.8,44.4,5.6,32.5,11.5,54.0,0.0,12,1
TM,TEAM_CR,191,61438,50.0,13.6,44.6,5.4,32.2,11.2,54.2,0.0,11,1
TM,TEAM_CR,192,61478,50.0,12.9,44.6,5.4,30.7,14.7,54.4,0.0,15,1
TM,TEAM_CR,193,61518,50.0,12.6,44.6,5.4,31.5,13.5,54.7,0.0,13,1
TM,TEAM_CR,194,61571,50.0,11.8,44.9,5.1,30.5,14.5,54.9,0.0,14,1
TM,TEAM_CR,195,61611,50.0,11.1,44.7,5.3,30.1,16.2,55.1,0.0,16,1
TM,TEAM_CR,196,61651,50.0,10.5,44.5,5.5,30.2,16.9,55.3,0.0,17,1
TM,TEAM_CR,197,61691,50.0,10.1,44.3,5.7,29.4,19.5,55.5,0.0,19,1
TM,TEAM_CR,198,61731,50.0,9.0,44.1,5.9,29.7,20.2,55.7,0.0,20,1
TM,TEAM_CR,199,61771,50.0,8.1,43.8,6.2,28.8,23.3,56.0,0.0,23,1
TM,TEAM_CR,200,61811,50.0,6.8,43.5,6.5,29.2,24.0,56.3,0.0,24,1
TM,TEAM_CR,201,61851,50.0,5.9,43.1,6.9,29.9,24.2,56.5,0.0,24,1
TM,TEAM_CR,202,61891,50.0,4.9,42.8,7.2,31.3,22.9,56.8,0.0,23,1
TM,TEAM_CR,203,61951,50.0,3.9,43.2,6.8,32.2,20.2,57.1,0.0,22,1
TM,SUN_L,3608,SUN_R,3244,SUN_NDV,0.0531,SUN_ANGLE,31.86
TM,MAG_X,-19.90,MAG_Y,26.16,MAG_Z,5.17,MAG_HEADING,127.27
TM,GYRO_X,-1.085,GYRO_Y,-2.275,GYRO_Z,0.090,BODY_RATE,-0.090
TM,TEAM_CR,204,61991,50.0,2.5,42.8,7.2,31.8,22.5,57.4,0.0,22,1
TM,TEAM_CR,205,62032,50.0,1.8,42.4,7.6,31.0,26.1,57.7,0.0,26,1
TM,TEAM_CR,206,62071,50.0,0.8,42.0,8.0,31.7,26.6,58.0,0.0,27,1
TM,TEAM_CR,207,62111,50.0,0.7,41.6,8.4,31.8,28.3,58.3,0.0,28,1
TM,TEAM_CR,208,62151,50.0,-0.6,41.2,8.8,32.8,28.4,58.7,0.0,28,1
TM,TEAM_CR,209,62191,50.0,-1.4,40.8,9.2,33.9,28.0,59.0,0.0,28,1
TM,TEAM_CR,210,62231,50.0,-2.2,40.4,9.6,34.4,28.8,59.4,0.0,29,1
TM,ADCS_MODE,MANUAL,ADCS_REFERENCE,SUN,TARGET,0.00,POINTING_ERROR,-31.60,SUN_ERROR,-31.90,MAG_ERROR,-127.20,GYRO_Z,0.143,RW_CMD,0
TM,EST_RAW,31.90,EST_FILTERED,31.90,EST_ANGLE,31.60,EST_FILTER,ON,EST_FILTER_TYPE,MOVING_AVERAGE,EST_MA_WINDOW,1,EST_FILTER_STRENGTH,0.35
TM,EST_FUSION,ON,EST_GYRO_WEIGHT,0.98,EST_VALID,1
TM,TEAM_CR,211,62271,50.0,-3.0,40.1,9.9,34.8,29.8,59.8,0.0,30,1
TM,TEAM_CR,212,62311,50.0,-4.1,39.7,10.3,35.7,29.8,60.0,0.0,30,1
TM,TEAM_CR,213,62351,50.0,-4.9,39.3,10.7,36.2,30.3,60.0,0.0,30,1
TM,TEAM_CR,214,62391,50.0,-6.3,39.0,11.0,36.9,30.2,60.0,0.0,30,1
TM,TEAM_CR,215,62437,50.0,-7.7,38.8,11.2,37.4,30.0,60.0,0.0,30,1
TM,TEAM_CR,216,62477,50.0,-8.4,38.4,11.6,37.6,31.1,60.0,0.0,31,1
TM,TEAM_CR,217,62517,50.0,-8.8,38.0,12.0,38.5,30.9,60.0,0.0,31,1
TM,TEAM_CR,218,62571,50.0,-9.1,38.2,11.8,38.7,29.9,60.0,0.0,30,1
TM,TEAM_CR,219,62611,50.0,-8.9,37.8,12.2,38.9,30.9,60.0,0.0,31,1
TM,TEAM_CR,220,62651,50.0,-9.3,37.5,12.5,39.5,31.0,60.0,0.0,31,1
TM,TEAM_CR,221,62691,50.0,-9.0,37.2,12.8,39.3,32.6,60.0,0.0,33,1
TM,SUN_L,3607,SUN_R,3243,SUN_NDV,0.0531,SUN_ANGLE,31.82
TM,MAG_X,-19.86,MAG_Y,26.16,MAG_Z,5.23,MAG_HEADING,127.20
TM,GYRO_X,-0.998,GYRO_Y,-2.188,GYRO_Z,0.335,BODY_RATE,-0.335
TM,TEAM_CR,222,62731,50.0,-9.0,36.9,13.1,40.0,32.5,60.0,0.0,32,1
TM,TEAM_CR,223,62771,50.0,-10.0,36.6,13.4,39.8,34.0,60.0,0.0,34,1
TM,TEAM_CR,224,62811,50.0,-9.9,36.3,13.7,40.1,34.5,60.0,0.0,35,1
TM,TEAM_CR,225,62851,50.0,-9.7,36.1,13.9,40.7,34.4,60.0,0.0,34,1
TM,TEAM_CR,226,62891,50.0,-10.2,35.8,14.2,40.1,36.6,60.0,0.0,37,1
TM,TEAM_CR,227,62952,50.0,-10.1,36.4,13.6,41.2,32.2,60.0,0.0,34,1
TM,TEAM_CR,228,62992,50.0,-9.6,36.1,13.9,40.5,34.6,60.0,0.0,35,1
TM,TEAM_CR,229,63031,50.0,-9.4,35.9,14.1,41.0,34.4,60.0,0.0,34,1
TM,TEAM_CR,230,63071,50.0,-9.4,35.7,14.3,40.7,35.9,60.0,0.0,36,1
TM,TEAM_CR,231,63111,50.0,-9.1,35.5,14.5,39.7,38.7,60.0,0.0,39,1
TM,TEAM_CR,232,63151,50.0,-8.0,35.3,14.7,39.8,39.4,60.0,0.0,39,1
TM,TEAM_CR,233,63191,50.0,-6.9,35.1,14.9,40.1,39.3,60.0,0.0,39,1
TM,ADCS_MODE,MANUAL,ADCS_REFERENCE,SUN,TARGET,0.00,POINTING_ERROR,-31.59,SUN_ERROR,-31.78,MAG_ERROR,-127.17,GYRO_Z,0.388,RW_CMD,0
TM,EST_RAW,31.78,EST_FILTERED,31.78,EST_ANGLE,31.59,EST_FILTER,ON,EST_FILTER_TYPE,MOVING_AVERAGE,EST_MA_WINDOW,1,EST_FILTER_STRENGTH,0.35
TM,EST_FUSION,ON,EST_GYRO_WEIGHT,0.98,EST_VALID,1
TM,TEAM_CR,234,63231,50.0,-6.4,35.1,14.9,40.7,38.4,60.0,0.0,38,1
TM,TEAM_CR,235,63271,50.0,-5.2,35.0,15.0,41.3,37.2,60.0,0.0,37,1
TM,TEAM_CR,236,63311,50.0,-4.5,35.1,14.9,40.7,38.3,60.0,0.0,38,1
TM,TEAM_CR,237,63352,50.0,-4.0,35.1,14.9,40.9,37.6,60.0,0.0,38,1
TM,TEAM_CR,238,63392,50.0,-3.5,35.2,14.8,40.9,37.5,60.0,0.0,38,1
TM,TEAM_CR,239,63438,50.0,-3.1,35.5,14.5,40.7,36.6,60.0,0.0,37,1
TM,SUN_L,3607,SUN_R,3244,SUN_NDV,0.0530,SUN_ANGLE,31.86
TM,MAG_X,-19.90,MAG_Y,26.22,MAG_Z,5.10,MAG_HEADING,127.20
TM,GYRO_X,-1.164,GYRO_Y,-1.951,GYRO_Z,0.379,BODY_RATE,-0.379
TM,TEAM_CR,240,63478,50.0,-2.9,35.5,14.5,40.2,37.6,60.0,0.0,38,1
TM,TEAM_CR,241,63518,50.0,-2.1,35.6,14.4,39.8,38.0,60.0,0.0,38,1
TM,TEAM_CR,242,63571,50.0,-1.6,36.1,13.9,39.9,35.6,60.0,0.0,36,1
TM,TEAM_CR,243,63611,50.0,-1.3,36.2,13.8,39.3,36.6,60.0,0.0,37,1
TM,TEAM_CR,244,63651,50.0,-1.2,36.2,13.8,39.0,37.2,60.0,0.0,37,1
TM,TEAM_CR,245,63691,50.0,-3.4,36.2,13.8,39.0,37.2,60.0,0.0,37,1
TM,TEAM_CR,246,63731,50.0,-18.3,35.7,14.3,39.5,38.0,60.0,0.0,38,1
TM,TEAM_CR,247,63772,50.0,-28.9,34.8,15.2,39.2,42.3,60.0,0.0,42,1
TM,TEAM_CR,248,63812,50.0,-33.7,33.7,16.3,39.8,45.8,60.0,0.0,46,1
TM,TEAM_CR,249,63851,50.0,-35.7,32.5,17.5,41.2,47.8,60.0,0.0,48,1
TM,TEAM_CR,250,63891,50.0,-38.2,31.3,18.7,42.4,49.9,60.0,0.0,50,1
TM,TEAM_CR,251,63951,50.0,-41.0,31.0,19.0,44.5,46.9,60.0,0.0,48,1
TM,TEAM_CR,252,63991,50.0,-42.5,29.9,20.1,45.4,49.5,60.0,0.0,50,1
TM,TEAM_CR,253,64031,50.0,-44.0,28.8,21.2,46.9,51.0,60.0,0.0,51,1
TM,TEAM_CR,254,64071,50.0,-45.2,29.2,20.8,48.6,45.8,60.0,0.0,50,1
TM,TEAM_CR,255,64111,50.0,-46.2,31.2,18.8,49.9,35.3,60.0,0.0,40,1
TM,TEAM_CR,256,64151,50.0,-46.7,33.2,16.8,50.2,26.8,60.0,0.0,30,1
TM,ADCS_MODE,MANUAL,ADCS_REFERENCE,SUN,TARGET,0.00,POINTING_ERROR,-31.59,SUN_ERROR,-31.73,MAG_ERROR,-127.24,GYRO_Z,0.003,RW_CMD,0
TM,EST_RAW,31.73,EST_FILTERED,31.73,EST_ANGLE,31.59,EST_FILTER,ON,EST_FILTER_TYPE,MOVING_AVERAGE,EST_MA_WINDOW,1,EST_FILTER_STRENGTH,0.35
TM,EST_FUSION,ON,EST_GYRO_WEIGHT,0.98,EST_VALID,1
TM,TEAM_CR,257,64192,50.0,-46.5,35.2,14.8,47.8,23.8,60.0,0.0,24,1
TM,SUN_L,3607,SUN_R,3243,SUN_NDV,0.0531,SUN_ANGLE,31.90
TM,MAG_X,-19.84,MAG_Y,26.10,MAG_Z,5.20,MAG_HEADING,127.24
TM,GYRO_X,-1.207,GYRO_Y,-1.916,GYRO_Z,-0.041,BODY_RATE,0.041
TM,TEAM_CR,258,64232,50.0,-45.8,37.0,13.0,44.7,22.6,60.0,0.0,23,1
TM,TEAM_CR,259,64271,50.0,-45.3,38.7,11.3,42.1,21.0,60.0,0.0,22,1
TM,TEAM_CR,260,64311,50.0,-43.7,37.0,13.0,39.5,33.3,60.0,0.0,30,1
TM,TEAM_CR,261,64353,50.0,-42.5,35.3,14.7,37.1,44.5,60.0,0.0,41,1
TM,TEAM_CR,262,64392,50.0,-41.4,33.7,16.3,36.6,52.2,60.0,0.0,51,1
TM,TEAM_CR,263,64438,50.0,-40.3,32.4,17.6,38.1,54.2,60.0,0.0,54,1
TM,TEAM_CR,264,64478,50.0,-39.3,31.1,18.9,38.3,59.1,60.0,0.0,59,1
TM,TEAM_CR,265,64518,50.0,-38.1,29.9,20.1,42.0,56.5,60.0,0.0,58,1
TM,TEAM_CR,266,64571,50.0,-36.4,29.5,20.5,43.5,55.2,60.0,0.0,55,1
TM,TEAM_CR,267,64611,50.0,-34.6,28.7,21.3,46.0,53.3,60.0,0.0,53,1
TM,TEAM_CR,268,64651,50.0,-33.0,28.0,22.0,46.6,54.7,60.0,0.0,55,1
TM,TEAM_CR,269,64692,50.0,-30.7,27.5,22.5,48.2,53.4,60.0,0.0,55,1
TM,TEAM_CR,270,64731,50.0,-30.0,27.1,22.9,49.2,53.1,60.0,0.0,53,1
TM,TEAM_CR,271,64771,50.0,-28.6,26.8,23.2,49.5,53.7,60.0,0.0,54,1
TM,TEAM_CR,272,64811,50.0,-26.7,26.7,23.3,52.4,48.3,60.0,0.0,48,1
TM,TEAM_CR,273,64851,50.0,-25.6,26.6,23.4,51.4,50.6,60.0,0.0,51,1
TM,TEAM_CR,274,64891,50.0,-22.7,26.7,23.3,54.5,44.2,60.0,0.0,47,1
TM,TEAM_CR,275,64950,50.0,-19.8,27.9,22.1,53.6,41.3,60.0,0.0,44,1
TM,TEAM_CR,276,64990,50.0,-17.7,28.2,21.8,53.9,39.5,60.0,0.0,39,1
TM,SUN_L,3609,SUN_R,3244,SUN_NDV,0.0533,SUN_ANGLE,31.77
TM,MAG_X,-19.92,MAG_Y,26.13,MAG_Z,5.20,MAG_HEADING,127.32
TM,GYRO_X,-1.164,GYRO_Y,-2.293,GYRO_Z,0.222,BODY_RATE,-0.222
TM,TEAM_CR,277,65031,50.0,-15.7,28.5,21.5,52.0,42.2,60.0,0.0,42,1
TM,TEAM_CR,278,65071,50.0,-13.6,28.8,21.2,52.4,40.1,60.0,0.0,41,1
TM,ADCS_MODE,MANUAL,ADCS_REFERENCE,SUN,TARGET,0.00,POINTING_ERROR,-31.57,SUN_ERROR,-31.75,MAG_ERROR,-127.32,GYRO_Z,0.283,RW_CMD,0
TM,EST_RAW,31.75,EST_FILTERED,31.75,EST_ANGLE,31.57,EST_FILTER,ON,EST_FILTER_TYPE,MOVING_AVERAGE,EST_MA_WINDOW,1,EST_FILTER_STRENGTH,0.35
TM,EST_FUSION,ON,EST_GYRO_WEIGHT,0.98,EST_VALID,1
TM,TEAM_CR,279,65110,50.0,-12.7,29.1,20.9,51.1,41.3,60.0,0.0,41,1
TM,TEAM_CR,280,65151,50.0,-10.1,29.6,20.4,51.4,38.9,60.0,0.0,41,1
TM,TEAM_CR,281,65191,50.0,-6.4,30.1,19.9,50.4,38.8,60.0,0.0,39,1
TM,TEAM_CR,282,65231,50.0,-4.0,30.6,19.4,49.1,39.3,60.0,0.0,39,1
TM,TEAM_CR,283,65271,50.0,-2.3,31.2,18.8,47.7,39.9,60.0,0.0,39,1
TM,TEAM_CR,284,65311,50.0,-0.8,31.7,18.3,47.6,37.9,60.0,0.0,41,1
TM,TEAM_CR,285,65351,50.0,0.7,32.4,17.6,48.1,34.4,60.0,0.0,34,1
TM,TEAM_CR,286,65391,50.0,2.6,33.0,17.0,47.4,33.1,60.0,0.0,33,1
TM,TEAM_CR,287,65437,50.0,3.9,34.0,16.0,47.1,29.9,60.0,0.0,30,1
TM,TEAM_CR,288,65477,50.0,6.6,34.6,15.4,45.3,31.0,60.0,0.0,31,1
TM,TEAM_CR,289,65517,50.0,9.1,35.4,14.6,46.2,26.2,60.0,0.0,27,1
TM,TEAM_CR,290,65571,50.0,10.9,36.6,13.4,43.1,27.2,60.0,0.0,27,1
TM,TEAM_CR,291,65611,50.0,11.9,37.3,12.7,42.8,25.2,60.0,0.0,25,1
TM,TEAM_CR,292,65651,50.0,12.8,37.9,12.1,40.1,28.1,60.0,0.0,28,1
TM,TEAM_CR,293,65691,50.0,13.8,38.5,11.5,40.4,25.0,60.0,0.0,25,1
TM,TEAM_CR,294,65731,50.0,16.1,39.1,10.9,37.5,28.7,60.0,0.0,29,1
TM,SUN_L,3605,SUN_R,3241,SUN_NDV,0.0532,SUN_ANGLE,31.70
TM,MAG_X,-19.94,MAG_Y,26.21,MAG_Z,5.39,MAG_HEADING,127.26
TM,GYRO_X,-1.312,GYRO_Y,-2.030,GYRO_Z,0.318,BODY_RATE,-0.318
TM,TEAM_CR,295,65771,50.0,17.5,39.7,10.3,36.5,28.4,60.0,0.0,28,1
TM,TEAM_CR,296,65811,50.0,18.4,40.2,9.8,34.6,30.0,60.0,0.0,30,1
TM,TEAM_CR,297,65851,50.0,19.3,40.7,9.3,34.2,28.9,60.0,0.0,30,1
TM,TEAM_CR,298,65891,50.0,20.4,41.1,8.9,32.4,30.7,60.0,0.0,31,1
TM,TEAM_CR,299,65952,50.0,21.5,42.2,7.8,31.6,28.0,60.0,0.0,28,1
TM,TEAM_CR,300,65992,50.0,22.2,42.6,7.4,29.6,30.4,60.0,0.0,30,1
TM,TEAM_CR,301,66031,50.0,22.4,42.9,7.1,29.4,29.7,60.0,0.0,30,1
TM,ADCS_MODE,MANUAL,ADCS_REFERENCE,SUN,TARGET,0.00,POINTING_ERROR,-31.57,SUN_ERROR,-31.72,MAG_ERROR,-127.13,GYRO_Z,0.344,RW_CMD,0
TM,EST_RAW,31.72,EST_FILTERED,31.72,EST_ANGLE,31.57,EST_FILTER,ON,EST_FILTER_TYPE,MOVING_AVERAGE,EST_MA_WINDOW,1,EST_FILTER_STRENGTH,0.35
TM,EST_FUSION,ON,EST_GYRO_WEIGHT,0.98,EST_VALID,1
TM,TEAM_CR,302,66071,50.0,23.1,43.2,6.8,28.1,31.0,60.0,0.0,31,1
TM,TEAM_CR,303,66111,50.0,23.8,43.5,6.5,26.9,32.3,60.0,0.0,32,1
TM,TEAM_CR,304,66151,50.0,24.1,43.7,6.3,26.4,32.3,60.0,0.0,32,1
TM,TEAM_CR,305,66191,50.0,24.6,44.0,6.0,26.3,31.4,60.0,0.0,31,1
TM,TEAM_CR,306,66231,50.0,25.0,44.2,5.8,25.6,31.9,60.0,0.0,32,1
TM,TEAM_CR,307,66271,50.0,25.8,44.5,5.5,25.4,31.2,60.0,0.0,31,1
TM,TEAM_CR,308,66311,50.0,26.6,44.8,5.2,25.9,29.2,60.0,0.0,29,1
TM,TEAM_CR,309,66352,50.0,27.0,45.0,5.0,24.8,30.3,60.0,0.0,30,1
TM,TEAM_CR,310,66392,50.0,28.1,45.3,4.7,25.3,28.1,60.0,0.0,28,1
TM,TEAM_CR,311,66438,50.0,28.9,45.8,4.2,24.1,28.7,60.0,0.0,29,1
TM,TEAM_CR,312,66478,50.0,29.6,46.1,3.9,24.2,27.4,60.0,0.0,27,1
TM,SUN_L,3607,SUN_R,3244,SUN_NDV,0.0530,SUN_ANGLE,31.89
TM,MAG_X,-19.79,MAG_Y,26.24,MAG_Z,5.52,MAG_HEADING,127.03
TM,GYRO_X,-0.980,GYRO_Y,-2.179,GYRO_Z,-0.032,BODY_RATE,0.032
TM,TEAM_CR,313,66518,50.0,30.3,46.4,3.6,23.6,27.3,60.0,0.0,27,1
TM,TEAM_CR,314,66571,50.0,31.2,47.0,3.0,23.7,24.8,60.0,0.0,25,1
TM,TEAM_CR,315,66611,50.0,32.0,47.3,2.7,23.9,23.1,60.0,0.0,24,1
TM,TEAM_CR,316,66651,50.0,32.9,47.6,2.4,23.8,21.8,60.0,0.0,22,1
TM,TEAM_CR,317,66691,50.0,33.6,47.9,2.1,21.9,24.5,60.0,0.0,24,1
TM,TEAM_CR,318,66731,50.0,34.3,48.2,1.8,21.7,23.7,60.0,0.0,24,1
TM,TEAM_CR,319,66772,50.0,35.4,48.5,1.5,20.6,24.7,60.0,0.0,25,1
TM,TEAM_CR,320,66812,50.0,35.7,48.8,1.2,20.9,23.0,60.0,0.0,23,1
TM,TEAM_CR,321,66851,50.0,35.6,49.1,0.9,19.4,24.9,60.0,0.0,25,1
TM,TEAM_CR,322,66891,50.0,35.7,49.3,0.7,20.4,22.1,60.0,0.0,23,1
TM,TEAM_CR,323,66951,50.0,35.8,49.9,0.1,19.7,60.0,60.0,0.0,40,9
TM,TEAM_CR,324,66991,50.0,35.7,50.2,-0.2,21.4,60.0,60.0,0.0,60,9
TM,ADCS_MODE,MANUAL,ADCS_REFERENCE,SUN,TARGET,0.00,POINTING_ERROR,-31.56,SUN_ERROR,-31.82,MAG_ERROR,-127.30,GYRO_Z,0.274,RW_CMD,0
TM,EST_RAW,31.82,EST_FILTERED,31.82,EST_ANGLE,31.56,EST_FILTER,ON,EST_FILTER_TYPE,MOVING_AVERAGE,EST_MA_WINDOW,1,EST_FILTER_STRENGTH,0.35
TM,EST_FUSION,ON,EST_GYRO_WEIGHT,0.98,EST_VALID,1
TM,TEAM_CR,325,67031,50.0,35.4,50.5,-0.5,24.9,8.2,60.0,0.0,59,1
TM,TEAM_CR,326,67071,50.0,35.0,51.0,-1.0,29.3,-2.7,60.0,0.0,-2,1
TM,TEAM_CR,327,67111,50.0,33.8,51.4,-1.4,26.6,1.1,59.9,0.0,1,1
TM,TEAM_CR,328,67151,50.0,32.2,51.7,-1.7,25.2,2.7,59.8,0.0,3,1
TM,TEAM_CR,329,67192,50.0,30.9,51.7,-1.7,21.9,9.0,59.8,0.0,9,1
TM,TEAM_CR,330,67232,50.0,29.1,51.7,-1.7,20.8,11.4,59.7,0.0,11,1
TM,SUN_L,3608,SUN_R,3243,SUN_NDV,0.0533,SUN_ANGLE,31.64
TM,MAG_X,-19.90,MAG_Y,26.13,MAG_Z,5.18,MAG_HEADING,127.30
TM,GYRO_X,-1.155,GYRO_Y,-2.065,GYRO_Z,0.327,BODY_RATE,-0.327
TM,TEAM_CR,331,67271,50.0,28.3,51.5,-1.5,19.0,15.7,59.6,0.0,15,1
TM,TEAM_CR,332,67311,50.0,26.0,51.2,-1.2,18.5,17.8,59.6,0.0,18,1
TM,TEAM_CR,333,67352,50.0,24.1,50.9,-0.9,17.1,21.8,59.5,0.0,21,1
TM,TEAM_CR,334,67392,50.0,22.6,50.4,-0.4,16.7,59.5,59.5,0.0,27,1
TM,TEAM_CR,335,67438,50.0,20.4,50.0,0.0,17.0,59.5,59.5,0.0,50,1
TM,TEAM_CR,336,67478,50.0,17.2,49.4,0.6,19.8,22.1,59.5,0.0,59,1
TM,TEAM_CR,337,67518,50.0,14.0,49.0,1.0,23.5,16.7,59.6,0.0,39,1
TM,TEAM_CR,338,67571,50.0,10.6,48.7,1.3,25.5,13.7,59.6,0.0,14,1
TM,TEAM_CR,339,67611,50.0,7.6,48.0,2.0,22.0,23.6,59.7,0.0,20,1
TM,TEAM_CR,340,67651,50.0,5.0,47.2,2.8,21.6,27.8,59.8,0.0,28,1
TM,TEAM_CR,341,67692,50.0,3.0,46.3,3.7,21.1,32.6,59.9,0.0,33,1
TM,TEAM_CR,342,67731,50.0,2.1,45.4,4.6,21.8,34.9,60.0,0.0,35,1
TM,TEAM_CR,343,67771,50.0,0.6,44.5,5.5,21.4,39.3,60.0,0.0,38,1
TM,TEAM_CR,344,67811,50.0,-1.1,43.5,6.5,22.1,41.8,60.0,0.0,42,1
TM,TEAM_CR,345,67851,50.0,-2.6,42.6,7.4,23.2,43.1,60.0,0.0,43,1
TM,TEAM_CR,346,67891,50.0,-5.6,41.7,8.3,24.8,43.8,60.0,0.0,44,1
TM,TEAM_CR,347,67950,50.0,-16.9,41.1,8.9,27.3,41.0,60.0,0.0,41,1
TM,ADCS_MODE,MANUAL,ADCS_REFERENCE,SUN,TARGET,0.00,POINTING_ERROR,-31.54,SUN_ERROR,-31.69,MAG_ERROR,-127.10,GYRO_Z,0.143,RW_CMD,0
TM,EST_RAW,31.69,EST_FILTERED,31.69,EST_ANGLE,31.54,EST_FILTER,ON,EST_FILTER_TYPE,MOVING_AVERAGE,EST_MA_WINDOW,1,EST_FILTER_STRENGTH,0.35
TM,EST_FUSION,ON,EST_GYRO_WEIGHT,0.98,EST_VALID,1
TM,TEAM_CR,348,67990,50.0,-22.7,39.7,10.3,29.4,42.4,60.0,0.0,42,1
TM,SUN_L,3605,SUN_R,3244,SUN_NDV,0.0527,SUN_ANGLE,31.77
TM,MAG_X,-19.76,MAG_Y,26.13,MAG_Z,5.44,MAG_HEADING,127.10
TM,GYRO_X,-1.181,GYRO_Y,-1.908,GYRO_Z,0.003,BODY_RATE,-0.003
TM,TEAM_CR,349,68031,50.0,-25.5,38.3,11.7,29.8,47.1,60.0,0.0,46,1
TM,TEAM_CR,350,68071,50.0,-25.5,37.0,13.0,32.3,47.5,60.0,0.0,49,1
TM,TEAM_CR,351,68110,50.0,-24.9,35.9,14.1,34.2,48.3,60.0,0.0,48,1
TM,TEAM_CR,352,68151,50.0,-24.7,34.9,15.1,36.8,47.0,60.0,0.0,49,1
TM,TEAM_CR,353,68191,50.0,-24.5,34.0,16.0,38.2,47.6,60.0,0.0,48,1
TM,TEAM_CR,354,68231,50.0,-23.8,33.2,16.8,40.3,46.5,60.0,0.0,48,1
TM,TEAM_CR,355,68271,50.0,-23.1,32.6,17.4,42.5,44.5,60.0,0.0,44,1
TM,TEAM_CR,356,68311,50.0,-22.7,32.1,17.9,43.5,44.5,60.0,0.0,45,1
TM,TEAM_CR,357,68351,50.0,-23.0,31.7,18.3,45.7,41.8,60.0,0.0,42,1
TM,TEAM_CR,358,68391,50.0,-23.6,31.3,18.7,46.2,42.4,60.0,0.0,42,1
TM,TEAM_CR,359,68437,50.0,-25.2,31.2,18.8,48.4,38.3,60.0,0.0,38,1
TM,TEAM_CR,360,68477,50.0,-26.7,30.8,19.2,48.6,39.5,60.0,0.0,39,1
TM,TEAM_CR,361,68517,50.0,-27.9,30.4,19.6,49.1,40.1,60.0,0.0,39,1
TM,TEAM_CR,362,68571,50.0,-27.7,30.8,19.2,53.0,30.9,60.0,0.0,36,1
TM,TEAM_CR,363,68611,50.0,-24.9,30.6,19.4,51.9,33.9,60.0,0.0,34,1
TM,TEAM_CR,364,68651,50.0,-19.7,30.6,19.4,54.8,27.9,60.0,0.0,32,1
TM,TEAM_CR,365,68691,50.0,-17.1,30.8,19.2,54.3,28.0,60.0,0.0,28,1
TM,TEAM_CR,366,68731,50.0,-14.5,31.2,18.8,55.8,23.7,60.0,0.0,25,1
TM,TEAM_CR,367,68771,50.0,-12.8,31.6,18.4,54.6,24.6,60.0,0.0,25,1
TM,SUN_L,3607,SUN_R,3244,SUN_NDV,0.0530,SUN_ANGLE,31.92
TM,MAG_X,-19.90,MAG_Y,25.89,MAG_Z,5.71,MAG_HEADING,127.55
TM,GYRO_X,-1.102,GYRO_Y,-2.249,GYRO_Z,0.213,BODY_RATE,-0.213
TM,TEAM_CR,368,68811,50.0,-10.6,32.0,18.0,55.6,20.9,60.0,0.0,23,1
TM,TEAM_CR,369,68851,50.0,-9.2,32.5,17.5,53.6,22.9,60.0,0.0,22,1
TM,ADCS_MODE,MANUAL,ADCS_REFERENCE,SUN,TARGET,0.00,POINTING_ERROR,-31.55,SUN_ERROR,-31.71,MAG_ERROR,-127.55,GYRO_Z,-0.225,RW_CMD,0
TM,EST_RAW,31.71,EST_FILTERED,31.71,EST_ANGLE,31.55,EST_FILTER,ON,EST_FILTER_TYPE,MOVING_AVERAGE,EST_MA_WINDOW,1,EST_FILTER_STRENGTH,0.35
TM,EST_FUSION,ON,EST_GYRO_WEIGHT,0.98,EST_VALID,1
TM,TEAM_CR,370,68891,50.0,-7.8,33.0,17.0,55.3,17.5,60.0,0.0,21,1
TM,TEAM_CR,371,68952,50.0,-6.7,34.6,15.4,53.5,14.8,60.0,0.0,15,1
TM,TEAM_CR,372,68991,50.0,-5.9,35.1,14.9,54.2,11.3,60.0,0.0,11,1
TM,TEAM_CR,373,69031,50.0,-5.5,35.5,14.5,51.5,15.3,60.0,0.0,15,1
TM,TEAM_CR,374,69071,50.0,-4.6,35.9,14.1,52.4,11.7,60.0,0.0,12,1
TM,TEAM_CR,375,69111,50.0,-4.3,36.2,13.8,49.3,16.4,60.0,0.0,16,1
TM,TEAM_CR,376,69151,50.0,-3.6,36.6,13.4,49.8,14.0,60.0,0.0,14,1
TM,TEAM_CR,377,69191,50.0,-3.1,36.9,13.1,47.5,17.5,60.0,0.0,17,1
TM,TEAM_CR,378,69231,50.0,-1.8,37.2,12.8,48.0,15.1,60.0,0.0,15,1
TM,TEAM_CR,379,69271,50.0,0.6,37.5,12.5,45.7,18.6,60.0,0.0,19,1
TM,TEAM_CR,380,69311,50.0,3.9,38.0,12.0,47.0,14.0,60.0,0.0,14,1
TM,TEAM_CR,381,69352,50.0,8.2,38.5,11.5,44.6,16.7,60.0,0.0,17,1
TM,TEAM_CR,382,69392,50.0,9.9,39.2,10.8,45.8,11.7,60.0,0.0,12,1
TM,TEAM_CR,383,69438,50.0,10.4,40.0,10.0,43.0,14.1,60.0,0.0,14,1
TM,TEAM_CR,384,69478,50.0,9.7,40.5,9.5,43.6,11.0,60.0,0.0,11,1
TM,TEAM_CR,385,69518,50.0,5.2,40.8,9.2,41.7,13.6,60.0,0.0,14,1
TM,SUN_L,3608,SUN_R,3244,SUN_NDV,0.0531,SUN_ANGLE,31.86
TM,MAG_X,-19.76,MAG_Y,25.89,MAG_Z,5.58,MAG_HEADING,127.35
TM,GYRO_X,-0.849,GYRO_Y,-2.082,GYRO_Z,0.327,BODY_RATE,-0.327
TM,TEAM_CR,386,69571,50.0,4.1,41.4,8.6,39.8,14.9,60.0,0.0,15,1
TM,TEAM_CR,387,69611,50.0,4.4,41.4,8.6,38.9,16.5,60.0,0.0,17,1
TM,TEAM_CR,388,69651,50.0,5.3,41.5,8.5,38.0,18.1,60.0,0.0,18,1
TM,TEAM_CR,389,69691,50.0,6.1,41.5,8.5,39.2,15.5,60.0,0.0,19,1
TM,TEAM_CR,390,69731,50.0,7.6,41.6,8.4,37.5,18.3,60.0,0.0,18,1
TM,TEAM_CR,391,69772,50.0,11.0,41.8,8.2,35.9,20.9,60.0,0.0,21,1
TM,TEAM_CR,392,69812,50.0,12.6,42.0,8.0,35.6,20.7,60.0,0.0,21,1
TM,ADCS_MODE,MANUAL,ADCS_REFERENCE,SUN,TARGET,0.00,POINTING_ERROR,-31.54,SUN_ERROR,-31.91,MAG_ERROR,-127.35,GYRO_Z,0.082,RW_CMD,0
TM,EST_RAW,31.91,EST_FILTERED,31.91,EST_ANGLE,31.54,EST_FILTER,ON,EST_FILTER_TYPE,MOVING_AVERAGE,EST_MA_WINDOW,1,EST_FILTER_STRENGTH,0.35
TM,EST_FUSION,ON,EST_GYRO_WEIGHT,0.98,EST_VALID,1
TM,TEAM_CR,393,69851,50.0,13.4,42.2,7.8,34.9,21.3,60.0,0.0,21,1
TM,TEAM_CR,394,69891,50.0,16.6,42.6,7.4,35.8,17.9,60.0,0.0,18,1
TM,TEAM_CR,395,69951,50.0,19.2,43.7,6.3,34.9,15.4,60.0,0.0,19,1
TM,TEAM_CR,396,69991,50.0,20.3,44.1,5.9,32.9,17.9,60.0,0.0,17,1
TM,TEAM_CR,397,70031,50.0,20.2,44.4,5.6,33.4,15.7,60.0,0.0,18,1
TM,TEAM_CR,398,70071,50.0,19.8,44.7,5.3,32.5,16.2,60.0,0.0,16,1
TM,TEAM_CR,399,70111,50.0,18.6,44.9,5.1,31.7,17.2,60.0,0.0,18,1
TM,TEAM_CR,400,70151,50.0,17.7,45.0,5.0,30.6,18.7,60.0,0.0,19,1
TM,TEAM_CR,401,70192,50.0,16.2,45.1,4.9,30.3,19.2,60.0,0.0,19,1
TM,TEAM_CR,402,70232,50.0,15.5,45.1,4.9,30.2,19.2,60.0,0.0,19,1
TM,TEAM_CR,403,70271,50.0,14.9,45.0,5.0,29.4,21.2,60.0,0.0,21,1
TM,SUN_L,3608,SUN_R,3244,SUN_NDV,0.0531,SUN_ANGLE,31.75
TM,MAG_X,-19.76,MAG_Y,25.89,MAG_Z,5.62,MAG_HEADING,127.35
TM,GYRO_X,-1.225,GYRO_Y,-1.986,GYRO_Z,0.458,BODY_RATE,-0.458
TM,TEAM_CR,404,70311,50.0,14.8,45.0,5.0,30.2,19.7,60.0,0.0,20,1
TM,TEAM_CR,405,70352,50.0,14.4,44.9,5.1,28.3,23.6,60.0,0.0,24,1
TM,TEAM_CR,406,70392,50.0,13.9,44.8,5.2,29.7,21.4,60.0,0.0,21,1
TM,TEAM_CR,407,70437,50.0,13.7,44.8,5.2,28.3,24.0,60.0,0.0,24,1
TM,TEAM_CR,408,70477,50.0,13.4,44.7,5.3,29.6,21.9,60.0,0.0,22,1
TM,TEAM_CR,409,70517,50.0,13.0,44.6,5.4,27.4,27.0,60.0,0.0,27,1
TM,TEAM_CR,410,70570,50.0,12.5,44.8,5.2,28.3,24.4,60.0,0.0,24,1
TM,TEAM_CR,411,70610,50.0,11.5,44.5,5.5,28.7,24.4,60.0,0.0,26,1
TM,TEAM_CR,412,70650,50.0,11.5,44.4,5.6,28.7,25.2,60.0,0.0,25,1
TM,TEAM_CR,413,70691,50.0,10.6,44.1,5.9,27.3,28.9,60.0,0.0,29,1
TM,TEAM_CR,414,70730,50.0,10.3,43.8,6.2,28.1,28.5,60.0,0.0,29,1
TM,TEAM_CR,415,70771,50.0,9.5,43.6,6.4,26.9,32.0,60.0,0.0,32,1
TM,ADCS_MODE,MANUAL,ADCS_REFERENCE,SUN,TARGET,0.00,POINTING_ERROR,-31.55,SUN_ERROR,-31.82,MAG_ERROR,-127.20,GYRO_Z,0.195,RW_CMD,0
TM,EST_RAW,31.82,EST_FILTERED,31.82,EST_ANGLE,31.55,EST_FILTER,ON,EST_FILTER_TYPE,MOVING_AVERAGE,EST_MA_WINDOW,1,EST_FILTER_STRENGTH,0.35
TM,EST_FUSION,ON,EST_GYRO_WEIGHT,0.98,EST_VALID,1
TM,TEAM_CR,416,70811,50.0,8.7,43.3,6.7,28.9,29.1,60.0,0.0,29,1
TM,TEAM_CR,417,70851,50.0,8.0,43.0,7.0,27.2,33.7,60.0,0.0,34,1
TM,TEAM_CR,418,70891,50.0,6.6,42.6,7.4,29.1,31.4,60.0,0.0,31,1
TM,TEAM_CR,419,70951,50.0,5.0,42.8,7.2,28.9,31.0,60.0,0.0,32,1
TM,TEAM_CR,420,70991,50.0,4.4,42.5,7.5,29.5,31.2,60.0,0.0,31,1
TM,TEAM_CR,421,71031,50.0,3.3,42.0,8.0,28.8,34.3,60.0,0.0,34,1
TM,SUN_L,3606,SUN_R,3244,SUN_NDV,0.0528,SUN_ANGLE,31.76
TM,MAG_X,-19.62,MAG_Y,25.84,MAG_Z,5.47,MAG_HEADING,127.20
TM,GYRO_X,-1.374,GYRO_Y,-2.135,GYRO_Z,-0.093,BODY_RATE,0.093
TM,TEAM_CR,422,71072,50.0,2.5,41.6,8.4,29.8,33.9,60.0,0.0,34,1
TM,TEAM_CR,423,71111,50.0,1.7,41.2,8.8,30.1,35.1,60.0,0.0,36,1
TM,TEAM_CR,424,71151,50.0,1.5,40.8,9.2,31.2,34.3,60.0,0.0,34,1
TM,TEAM_CR,425,71191,50.0,0.6,40.4,9.6,30.2,38.0,60.0,0.0,38,1
TM,TEAM_CR,426,71231,50.0,-0.5,40.0,10.0,31.5,37.1,60.0,0.0,37,1
TM,TEAM_CR,427,71271,50.0,-1.3,39.6,10.4,31.4,38.8,60.0,0.0,39,1
TM,TEAM_CR,428,71311,50.0,-2.1,39.2,10.8,33.4,36.4,60.0,0.0,37,1
TM,TEAM_CR,429,71351,50.0,-2.9,38.9,11.1,33.1,38.4,60.0,0.0,38,1
TM,TEAM_CR,430,71391,50.0,-3.9,38.5,11.5,34.4,37.3,60.0,0.0,38,1
TM,TEAM_CR,431,71437,50.0,-4.5,38.3,11.7,34.7,37.3,60.0,0.0,37,1
TM,TEAM_CR,432,71477,50.0,-5.7,38.0,12.0,35.7,36.8,60.0,0.0,38,1
TM,TEAM_CR,433,71517,50.0,-6.5,37.6,12.4,35.7,38.3,60.0,0.0,38,1
TM,TEAM_CR,434,71571,50.0,-8.7,37.7,12.3,36.7,35.9,60.0,0.0,36,1
TM,TEAM_CR,435,71611,50.0,-8.4,37.3,12.7,36.4,38.1,60.0,0.0,38,1
TM,TEAM_CR,436,71651,50.0,-8.7,36.9,13.1,37.2,38.1,60.0,0.0,38,1
TM,TEAM_CR,437,71691,50.0,-8.9,36.5,13.5,37.0,40.0,60.0,0.0,40,1
TM,TEAM_CR,438,71731,50.0,-9.1,36.1,13.9,36.9,41.9,60.0,0.0,42,1
TM,ADCS_MODE,MANUAL,ADCS_REFERENCE,SUN,TARGET,0.00,POINTING_ERROR,-31.55,SUN_ERROR,-31.82,MAG_ERROR,-127.22,GYRO_Z,0.248,RW_CMD,0
TM,EST_RAW,31.82,EST_FILTERED,31.82,EST_ANGLE,31.55,EST_FILTER,ON,EST_FILTER_TYPE,MOVING_AVERAGE,EST_MA_WINDOW,1,EST_FILTER_STRENGTH,0.35
TM,EST_FUSION,ON,EST_GYRO_WEIGHT,0.98,EST_VALID,1
TM,TEAM_CR,439,71771,50.0,-9.2,35.7,14.3,36.3,44.4,60.0,0.0,44,1
TM,SUN_L,3608,SUN_R,3246,SUN_NDV,0.0528,SUN_ANGLE,32.03
TM,MAG_X,-19.71,MAG_Y,25.95,MAG_Z,5.97,MAG_HEADING,127.22
TM,GYRO_X,-1.444,GYRO_Y,-2.047,GYRO_Z,0.318,BODY_RATE,-0.318
TM,TEAM_CR,440,71811,50.0,-8.6,35.4,14.6,38.2,42.0,60.0,0.0,42,1
TM,TEAM_CR,441,71851,50.0,-8.8,35.2,14.8,38.1,43.3,60.0,0.0,43,1
TM,TEAM_CR,442,71891,50.0,-8.8,34.9,15.1,39.4,41.5,60.0,0.0,42,1
TM,TEAM_CR,443,71951,50.0,-9.4,35.5,14.5,39.4,39.2,60.0,0.0,39,1
TM,TEAM_CR,444,71991,50.0,-10.2,35.3,14.7,40.8,37.4,60.0,0.0,37,1
TM,TEAM_CR,445,72032,50.0,-10.2,35.0,15.0,38.9,42.2,60.0,0.0,42,1
TM,TEAM_CR,446,72071,50.0,-9.8,34.8,15.2,40.5,39.8,60.0,0.0,40,1
TM,TEAM_CR,447,72111,50.0,-9.7,34.5,15.5,39.4,43.1,60.0,0.0,43,1
TM,TEAM_CR,448,72152,50.0,-9.3,34.4,15.6,41.1,40.2,60.0,0.0,40,1
TM,TEAM_CR,449,72191,50.0,-8.8,34.2,15.8,40.1,42.8,60.0,0.0,43,1
TM,TEAM_CR,450,72231,50.0,-8.7,34.1,15.9,41.5,40.5,60.0,0.0,40,1
TM,TEAM_CR,451,72271,50.0,-8.1,34.1,15.9,41.6,40.5,60.0,0.0,40,1
TM,TEAM_CR,452,72311,50.0,-6.6,34.1,15.9,42.5,38.7,60.0,0.0,39,1
TM,TEAM_CR,453,72351,50.0,-5.8,34.1,15.9,41.1,41.3,60.0,0.0,41,1
TM,TEAM_CR,454,72391,50.0,-4.9,34.2,15.8,41.9,39.5,60.0,0.0,40,1
TM,TEAM_CR,455,72436,50.0,-4.3,34.4,15.6,41.0,40.4,60.0,0.0,40,1
TM,TEAM_CR,456,72476,50.0,-3.9,34.5,15.5,41.6,38.7,60.0,0.0,39,1
TM,TEAM_CR,457,72516,50.0,-3.5,34.6,15.4,40.1,41.6,60.0,0.0,42,1
TM,TEAM_CR,458,72557,50.0,-3.1,34.7,15.3,40.7,39.9,60.0,0.0,40,1
TM,SUN_L,3609,SUN_R,3244,SUN_NDV,0.0533,SUN_ANGLE,31.80
TM,MAG_X,-19.68,MAG_Y,25.86,MAG_Z,5.63,MAG_HEADING,127.28
TM,GYRO_X,-1.207,GYRO_Y,-2.030,GYRO_Z,0.449,BODY_RATE,-0.449
TM,TEAM_CR,459,72596,50.0,-2.6,34.7,15.3,40.1,40.9,60.0,0.0,41,1
TM,TEAM_CR,460,72636,50.0,-2.3,34.8,15.2,40.5,39.7,60.0,0.0,40,1
TM,ADCS_MODE,MANUAL,ADCS_REFERENCE,SUN,TARGET,0.00,POINTING_ERROR,-31.55,SUN_ERROR,-31.75,MAG_ERROR,-127.28,GYRO_Z,0.493,RW_CMD,0
TM,EST_RAW,31.75,EST_FILTERED,31.75,EST_ANGLE,31.55,EST_FILTER,ON,EST_FILTER_TYPE,MOVING_AVERAGE,EST_MA_WINDOW,1,EST_FILTER_STRENGTH,0.35
TM,EST_FUSION,ON,EST_GYRO_WEIGHT,0.98,EST_VALID,1
TM,TEAM_CR,461,72688,50.0,-1.6,35.4,14.6,40.6,37.2,60.0,0.0,39,1
TM,TEAM_CR,462,72728,50.0,-1.3,35.5,14.5,39.6,38.8,60.0,0.0,39,1
TM,TEAM_CR,463,72774,50.0,-1.0,35.8,14.2,40.2,36.4,60.0,0.0,36,1
TM,TEAM_CR,464,72814,50.0,-3.8,35.8,14.2,38.7,39.4,60.0,0.0,39,1
TM,TEAM_CR,465,72854,50.0,-20.8,35.3,14.7,38.6,41.7,60.0,0.0,41,1
TM,TEAM_CR,466,72894,50.0,-29.3,34.2,15.8,37.2,48.7,60.0,0.0,48,1
TM,TEAM_CR,467,72938,50.0,-33.8,33.2,16.8,38.1,51.0,60.0,0.0,50,1
TM,TEAM_CR,468,72978,50.0,-36.9,31.9,18.1,37.4,57.7,60.0,0.0,57,1
TM,TEAM_CR,469,73018,50.0,-39.0,30.6,19.4,39.6,58.4,60.0,0.0,58,1
TM,TEAM_CR,470,73058,50.0,-40.7,29.4,20.6,40.7,61.2,60.0,0.0,60,9
TM,TEAM_CR,471,73098,50.0,-42.2,28.2,21.8,41.9,63.3,60.0,0.0,60,9
TM,TEAM_CR,472,73138,50.0,-42.8,27.1,22.9,44.4,63.1,60.0,0.0,60,9
TM,TEAM_CR,473,73188,50.0,-44.8,26.4,23.6,45.8,62.7,60.0,0.0,60,9
TM,TEAM_CR,474,73228,50.0,-45.9,28.3,21.7,48.5,49.6,60.0,0.0,56,1
TM,TEAM_CR,475,73268,50.0,-46.6,30.3,19.7,48.6,41.7,60.0,0.0,45,1
TM,TEAM_CR,476,73309,50.0,-46.6,32.3,17.7,49.8,31.2,60.0,0.0,34,1
TM,SUN_L,3608,SUN_R,3244,SUN_NDV,0.0531,SUN_ANGLE,31.76
TM,MAG_X,-19.76,MAG_Y,25.68,MAG_Z,5.62,MAG_HEADING,127.58
TM,GYRO_X,-1.312,GYRO_Y,-1.908,GYRO_Z,0.169,BODY_RATE,-0.169
TM,TEAM_CR,477,73356,50.0,-46.1,34.5,15.5,47.0,27.9,60.0,0.0,29,1
TM,TEAM_CR,478,73396,50.0,-45.1,36.4,13.6,44.4,25.8,60.0,0.0,26,1
TM,TEAM_CR,479,73439,50.0,-43.6,34.9,15.1,41.0,38.5,60.0,0.0,36,1
TM,TEAM_CR,480,73479,50.0,-42.2,33.4,16.6,39.3,47.9,60.0,0.0,43,1
TM,TEAM_CR,481,73519,50.0,-41.1,31.9,18.1,38.4,55.4,60.0,0.0,55,1
TM,TEAM_CR,482,73560,50.0,-39.9,30.5,19.5,37.1,63.5,60.0,0.0,60,9
TM,TEAM_CR,483,73599,50.0,-39.5,29.2,20.8,39.4,64.3,60.0,0.0,60,9
TM,ADCS_MODE,MANUAL,ADCS_REFERENCE,SUN,TARGET,0.00,POINTING_ERROR,-31.56,SUN_ERROR,-31.79,MAG_ERROR,-127.12,GYRO_Z,0.388,RW_CMD,0
TM,EST_RAW,31.79,EST_FILTERED,31.79,EST_ANGLE,31.56,EST_FILTER,ON,EST_FILTER_TYPE,MOVING_AVERAGE,EST_MA_WINDOW,1,EST_FILTER_STRENGTH,0.35
TM,EST_FUSION,ON,EST_GYRO_WEIGHT,0.98,EST_VALID,1
TM,TEAM_CR,484,73639,50.0,-38.3,28.1,21.9,39.4,68.8,60.0,0.0,60,9
TM,TEAM_CR,485,73689,50.0,-36.7,27.6,22.4,43.6,62.4,60.0,0.0,60,9
TM,TEAM_CR,486,73729,50.0,-35.0,26.8,23.2,42.8,67.4,60.0,0.0,60,9
TM,TEAM_CR,487,73778,50.0,-33.6,26.5,23.5,44.0,66.1,60.0,0.0,60,9
TM,TEAM_CR,488,73818,50.0,-31.5,25.9,24.1,44.9,66.7,60.0,0.0,60,9
TM,TEAM_CR,489,73858,50.0,-29.7,25.4,24.6,45.0,68.2,60.0,0.0,60,9
TM,TEAM_CR,490,73898,50.0,-28.2,25.1,24.9,48.4,62.7,60.0,0.0,60,9
TM,TEAM_CR,491,73940,50.0,-26.8,24.9,25.1,45.7,68.9,60.0,0.0,60,9
TM,TEAM_CR,492,73980,50.0,-25.6,24.8,25.2,50.9,58.9,60.0,0.0,59,1
TM,TEAM_CR,493,74019,50.0,-24.9,24.7,25.3,49.6,61.9,60.0,0.0,60,9
TM,TEAM_CR,494,74059,50.0,-22.4,24.9,25.1,52.7,55.2,60.0,0.0,57,1
TM,SUN_L,3608,SUN_R,3244,SUN_NDV,0.0531,SUN_ANGLE,31.86
TM,MAG_X,-19.71,MAG_Y,25.79,MAG_Z,5.66,MAG_HEADING,127.39
TM,GYRO_X,-1.304,GYRO_Y,-2.021,GYRO_Z,0.239,BODY_RATE,-0.239
TM,TEAM_CR,495,74099,50.0,-20.5,25.0,25.0,51.9,56.1,60.0,0.0,57,1
TM,TEAM_CR,496,74139,50.0,-18.5,25.4,24.6,54.0,50.3,60.0,0.0,50,1
TM,TEAM_CR,497,74190,50.0,-15.1,26.5,23.5,55.7,42.8,60.0,0.0,47,1
TM,TEAM_CR,498,74229,50.0,-13.9,26.9,23.1,53.1,46.1,60.0,0.0,45,1
TM,TEAM_CR,499,74269,50.0,-11.6,27.5,22.5,55.4,39.2,60.0,0.0,41,1
TM,TEAM_CR,500,74309,50.0,-8.8,28.1,21.9,52.8,41.9,60.0,0.0,42,1
TM,TEAM_CR,501,74359,50.0,-4.0,29.4,20.6,52.1,38.3,60.0,0.0,38,1
TM,TEAM_CR,502,74399,50.0,-2.3,30.1,19.9,52.6,34.4,60.0,0.0,36,1
TM,TEAM_CR,503,74439,50.0,-1.4,30.9,19.1,50.1,36.4,60.0,0.0,36,1
TM,TEAM_CR,504,74479,50.0,0.4,31.6,18.4,50.9,31.7,60.0,0.0,32,1
TM,TEAM_CR,505,74519,50.0,2.0,32.3,17.7,47.7,35.5,60.0,0.0,35,1
TM,TEAM_CR,506,74559,50.0,4.0,33.0,17.0,47.8,32.3,60.0,0.0,32,1
TM,ADCS_MODE,MANUAL,ADCS_REFERENCE,SUN,TARGET,0.00,POINTING_ERROR,-31.58,SUN_ERROR,-31.81,MAG_ERROR,-127.39,GYRO_Z,-0.067,RW_CMD,0
TM,EST_RAW,31.81,EST_FILTERED,31.81,EST_ANGLE,31.58,EST_FILTER,ON,EST_FILTER_TYPE,MOVING_AVERAGE,EST_MA_WINDOW,1,EST_FILTER_STRENGTH,0.35
TM,EST_FUSION,ON,EST_GYRO_WEIGHT,0.98,EST_VALID,1
TM,TEAM_CR,507,74599,50.0,6.2,33.7,16.3,46.4,32.4,60.0,0.0,34,1
TM,TEAM_CR,508,74639,50.0,8.8,34.5,15.5,45.2,31.8,60.0,0.0,32,1
TM,TEAM_CR,509,74688,50.0,10.4,35.6,14.4,44.4,28.8,60.0,0.0,29,1
TM,TEAM_CR,510,74728,50.0,11.5,36.3,13.7,42.1,30.6,60.0,0.0,31,1
TM,TEAM_CR,511,74778,50.0,13.5,37.4,12.6,39.8,30.9,60.0,0.0,30,1
TM,TEAM_CR,512,74819,50.0,14.9,38.0,12.0,38.9,30.2,60.0,0.0,30,1
TM,SUN_L,3608,SUN_R,3245,SUN_NDV,0.0530,SUN_ANGLE,31.84
TM,MAG_X,-19.74,MAG_Y,25.84,MAG_Z,5.63,MAG_HEADING,127.38
TM,GYRO_X,-1.033,GYRO_Y,-2.240,GYRO_Z,0.047,BODY_RATE,-0.047
TM,TEAM_CR,513,74858,50.0,15.8,38.5,11.5,36.8,32.4,60.0,0.0,32,1
TM,TEAM_CR,514,74898,50.0,17.1,39.1,10.9,36.9,29.9,60.0,0.0,30,1
TM,TEAM_CR,515,74938,50.0,18.6,39.6,10.4,35.1,31.2,60.0,0.0,31,1
TM,TEAM_CR,516,74978,50.0,19.2,40.2,9.8,33.9,31.6,60.0,0.0,32,1
TM,TEAM_CR,517,75018,50.0,20.5,40.6,9.4,33.0,31.6,60.0,0.0,32,1
TM,TEAM_CR,518,75058,50.0,21.1,41.1,8.9,31.3,32.9,60.0,0.0,33,1
TM,TEAM_CR,519,75098,50.0,22.1,41.5,8.5,31.0,31.8,60.0,0.0,32,1
TM,TEAM_CR,520,75138,50.0,22.4,41.9,8.1,30.0,32.2,60.0,0.0,32,1
TM,TEAM_CR,521,75178,50.0,23.2,42.3,7.7,28.9,32.9,60.0,0.0,33,1
TM,TEAM_CR,522,75218,50.0,23.4,42.7,7.3,27.7,33.9,60.0,0.0,34,1
TM,TEAM_CR,523,75259,50.0,24.1,43.0,7.0,27.0,33.9,60.0,0.0,34,1
TM,TEAM_CR,524,75298,50.0,24.4,43.3,6.7,27.3,32.2,60.0,0.0,33,1
TM,TEAM_CR,525,75338,50.0,24.9,43.6,6.4,26.1,33.5,60.0,0.0,34,1
TM,TEAM_CR,526,75379,50.0,25.7,43.9,6.1,26.7,30.9,60.0,0.0,31,1
TM,TEAM_CR,527,75423,50.0,26.2,44.3,5.7,25.9,30.8,60.0,0.0,31,1
TM,TEAM_CR,528,75462,50.0,26.6,44.6,5.4,24.9,31.8,60.0,0.0,32,1
TM,TEAM_CR,529,75502,50.0,27.6,44.9,5.1,24.6,31.4,60.0,0.0,31,1
TM,ADCS_MODE,MANUAL,ADCS_REFERENCE,SUN,TARGET,0.00,POINTING_ERROR,-31.59,SUN_ERROR,-31.93,MAG_ERROR,-127.31,GYRO_Z,0.187,RW_CMD,0
TM,EST_RAW,31.93,EST_FILTERED,31.93,EST_ANGLE,31.59,EST_FILTER,ON,EST_FILTER_TYPE,MOVING_AVERAGE,EST_MA_WINDOW,1,EST_FILTER_STRENGTH,0.35
TM,EST_FUSION,ON,EST_GYRO_WEIGHT,0.98,EST_VALID,1
TM,TEAM_CR,530,75542,50.0,28.3,45.1,4.9,23.4,32.8,60.0,0.0,33,1
TM,SUN_L,3607,SUN_R,3243,SUN_NDV,0.0531,SUN_ANGLE,32.06
TM,MAG_X,-19.62,MAG_Y,25.74,MAG_Z,5.76,MAG_HEADING,127.31
TM,GYRO_X,-1.085,GYRO_Y,-2.118,GYRO_Z,0.362,BODY_RATE,-0.362
TM,TEAM_CR,531,75582,50.0,29.1,45.4,4.6,24.0,30.3,60.0,0.0,30,1
TM,TEAM_CR,532,75622,50.0,29.9,45.7,4.3,23.4,30.4,60.0,0.0,31,1
TM,TEAM_CR,533,75673,50.0,30.5,46.2,3.8,22.9,29.4,60.0,0.0,29,1
TM,TEAM_CR,534,75712,50.0,31.5,46.5,3.5,21.9,30.3,60.0,0.0,30,1
TM,TEAM_CR,535,75760,50.0,32.3,46.9,3.1,22.0,28.2,60.0,0.0,30,1
TM,TEAM_CR,536,75800,50.0,33.4,47.2,2.8,20.3,30.7,60.0,0.0,31,1
TM,TEAM_CR,537,75840,50.0,33.5,47.5,2.5,21.5,27.2,60.0,0.0,29,1
TM,TEAM_CR,538,75880,50.0,34.5,47.7,2.3,19.8,29.6,60.0,0.0,30,1
TM,TEAM_CR,539,75922,50.0,35.3,48.0,2.0,19.4,29.0,60.0,0.0,29,1
TM,TEAM_CR,540,75962,50.0,35.8,48.3,1.7,19.3,28.3,60.0,0.0,28,1
TM,TEAM_CR,541,76002,50.0,35.9,48.5,1.5,17.6,30.9,60.0,0.0,31,1
TM,TEAM_CR,542,76042,50.0,35.9,48.7,1.3,19.2,26.6,60.0,0.0,27,1
TM,TEAM_CR,543,76082,50.0,35.7,48.9,1.1,17.3,29.7,60.0,0.0,30,1
TM,TEAM_CR,544,76122,50.0,35.9,49.1,0.9,18.7,26.1,60.0,0.0,26,1
TM,TEAM_CR,545,76172,50.0,35.5,49.4,0.6,18.5,25.3,60.0,0.0,28,1
TM,TEAM_CR,546,76212,50.0,35.6,49.6,0.4,17.4,60.0,60.0,0.0,37,9
TM,TEAM_CR,547,76252,50.0,35.1,49.7,0.3,18.6,60.0,60.0,0.0,57,9
TM,TEAM_CR,548,76292,50.0,34.2,49.9,0.1,22.1,60.0,60.0,0.0,60,9
TM,TEAM_CR,549,76332,50.0,33.4,50.2,-0.2,25.2,60.0,60.0,0.0,60,9
TM,SUN_L,3608,SUN_R,3244,SUN_NDV,0.0531,SUN_ANGLE,31.85
TM,MAG_X,-19.74,MAG_Y,25.79,MAG_Z,5.36,MAG_HEADING,127.43
TM,GYRO_X,-1.216,GYRO_Y,-1.916,GYRO_Z,0.055,BODY_RATE,-0.055
TM,TEAM_CR,550,76380,50.0,31.6,50.9,-0.9,30.9,-5.2,60.0,0.0,49,1
TM,TEAM_CR,551,76423,50.0,29.5,51.3,-1.3,31.5,-8.4,59.9,0.0,27,1
TM,ADCS_MODE,MANUAL,ADCS_REFERENCE,SUN,TARGET,0.00,POINTING_ERROR,-31.60,SUN_ERROR,-31.82,MAG_ERROR,-126.98,GYRO_Z,-0.312,RW_CMD,0
TM,EST_RAW,31.82,EST_FILTERED,31.82,EST_ANGLE,31.60,EST_FILTER,ON,EST_FILTER_TYPE,MOVING_AVERAGE,EST_MA_WINDOW,1,EST_FILTER_STRENGTH,0.35
TM,EST_FUSION,ON,EST_GYRO_WEIGHT,0.98,EST_VALID,1
TM,TEAM_CR,552,76462,50.0,26.3,51.6,-1.6,31.9,-10.4,59.9,0.0,8,1
TM,TEAM_CR,553,76502,50.0,22.8,51.6,-1.6,28.7,-4.1,59.8,0.0,-6,1
TM,TEAM_CR,554,76542,50.0,20.1,51.4,-1.4,23.0,8.3,59.7,0.0,3,1
TM,TEAM_CR,555,76582,50.0,15.9,50.8,-0.8,21.5,13.3,59.7,0.0,13,1
TM,TEAM_CR,556,76622,50.0,12.9,50.1,-0.1,18.4,59.7,59.7,0.0,19,1
TM,TEAM_CR,557,76673,50.0,11.2,49.5,0.5,18.3,59.7,59.7,0.0,44,1
TM,TEAM_CR,558,76712,50.0,9.2,48.7,1.3,20.3,24.4,59.7,0.0,41,1
TM,TEAM_CR,559,76761,50.0,6.4,48.0,2.0,21.0,25.8,59.8,0.0,24,1
TM,TEAM_CR,560,76800,50.0,3.8,47.2,2.8,22.4,26.5,59.9,0.0,26,1
TM,TEAM_CR,561,76840,50.0,2.5,46.2,3.8,21.3,32.6,60.0,0.0,33,1
TM,TEAM_CR,562,76880,50.0,0.8,45.3,4.7,22.1,34.6,60.0,0.0,33,1
TM,TEAM_CR,563,76923,50.0,-1.0,44.4,5.6,22.9,36.4,60.0,0.0,36,1
TM,TEAM_CR,564,76963,50.0,-3.0,43.5,6.5,22.9,40.3,60.0,0.0,39,1
TM,TEAM_CR,565,77003,50.0,-5.5,42.6,7.4,26.3,37.1,60.0,0.0,38,1
TM,TEAM_CR,566,77044,50.0,-11.8,41.5,8.5,26.3,41.5,60.0,0.0,41,1
TM,TEAM_CR,567,77084,50.0,-21.4,40.2,9.8,28.2,43.0,60.0,0.0,43,1
TM,TEAM_CR,568,77123,50.0,-22.8,38.8,11.2,30.1,44.8,60.0,0.0,45,1
TM,SUN_L,3607,SUN_R,3243,SUN_NDV,0.0531,SUN_ANGLE,31.81
TM,MAG_X,-19.66,MAG_Y,25.73,MAG_Z,5.90,MAG_HEADING,127.39
TM,GYRO_X,-1.120,GYRO_Y,-1.977,GYRO_Z,0.143,BODY_RATE,-0.143
TM,TEAM_CR,569,77174,50.0,-25.5,37.8,12.2,31.0,46.9,60.0,0.0,46,1
TM,TEAM_CR,570,77214,50.0,-25.3,36.6,13.4,34.9,43.8,60.0,0.0,44,1
TM,TEAM_CR,571,77254,50.0,-24.6,35.5,14.5,35.9,46.0,60.0,0.0,46,1
TM,TEAM_CR,572,77295,50.0,-24.4,34.7,15.3,38.2,45.0,60.0,0.0,45,1
TM,TEAM_CR,573,77335,50.0,-23.6,33.9,16.1,40.2,44.3,60.0,0.0,47,1
TM,TEAM_CR,574,77381,50.0,-23.4,33.4,16.6,39.9,46.6,60.0,0.0,46,1
TM,ADCS_MODE,MANUAL,ADCS_REFERENCE,SUN,TARGET,0.00,POINTING_ERROR,-31.60,SUN_ERROR,-31.85,MAG_ERROR,-127.39,GYRO_Z,0.528,RW_CMD,0
TM,EST_RAW,31.85,EST_FILTERED,31.85,EST_ANGLE,31.60,EST_FILTER,ON,EST_FILTER_TYPE,MOVING_AVERAGE,EST_MA_WINDOW,1,EST_FILTER_STRENGTH,0.35
TM,EST_FUSION,ON,EST_GYRO_WEIGHT,0.98,EST_VALID,1
TM,TEAM_CR,575,77424,50.0,-23.2,33.0,17.0,44.6,38.8,60.0,0.0,41,1
TM,TEAM_CR,576,77464,50.0,-22.8,32.5,17.5,45.4,39.1,60.0,0.0,42,1
TM,TEAM_CR,577,77505,50.0,-24.0,32.1,17.9,44.9,42.0,60.0,0.0,40,1
TM,TEAM_CR,578,77545,50.0,-24.9,31.7,18.3,47.7,37.9,60.0,0.0,39,1
TM,TEAM_CR,579,77584,50.0,-26.1,31.2,18.8,46.5,42.2,60.0,0.0,40,1
TM,TEAM_CR,580,77624,50.0,-27.1,30.8,19.2,50.3,36.1,60.0,0.0,37,1
TM,TEAM_CR,581,77674,50.0,-28.1,30.9,19.1,51.4,33.5,60.0,0.0,38,1
TM,TEAM_CR,582,77715,50.0,-24.9,30.7,19.3,51.1,35.0,60.0,0.0,34,1
TM,TEAM_CR,583,77763,50.0,-20.2,31.2,18.8,54.6,25.9,60.0,0.0,30,1
TM,TEAM_CR,584,77803,50.0,-16.5,31.4,18.6,54.0,26.5,60.0,0.0,29,1
TM,TEAM_CR,585,77843,50.0,-14.7,31.6,18.4,52.0,29.8,60.0,0.0,26,1
TM,TEAM_CR,586,77883,50.0,-12.8,31.9,18.1,53.6,25.4,60.0,0.0,26,1
TM,SUN_L,3607,SUN_R,3244,SUN_NDV,0.0530,SUN_ANGLE,31.89
TM,MAG_X,-19.63,MAG_Y,25.84,MAG_Z,5.60,MAG_HEADING,127.23
TM,GYRO_X,-1.164,GYRO_Y,-2.205,GYRO_Z,0.423,BODY_RATE,-0.423
TM,TEAM_CR,587,77924,50.0,-11.0,32.2,17.8,51.1,28.9,60.0,0.0,29,1
TM,TEAM_CR,588,77965,50.0,-9.0,32.6,17.4,52.2,25.1,60.0,0.0,25,1
TM,TEAM_CR,589,78005,50.0,-8.1,33.0,17.0,50.9,26.3,60.0,0.0,28,1
TM,TEAM_CR,590,78044,50.0,-7.6,33.3,16.7,50.6,25.5,60.0,0.0,23,1
TM,TEAM_CR,591,78084,50.0,-6.6,33.7,16.3,52.2,20.7,60.0,0.0,24,1
TM,TEAM_CR,592,78124,50.0,-6.1,34.1,15.9,49.2,25.2,60.0,0.0,25,1
TM,TEAM_CR,593,78175,50.0,-4.7,35.0,15.0,49.3,21.6,60.0,0.0,22,1
TM,TEAM_CR,594,78215,50.0,-4.2,35.3,14.7,50.1,18.4,60.0,0.0,20,1
TM,TEAM_CR,595,78254,50.0,-4.0,35.6,14.4,47.9,21.6,60.0,0.0,20,1
TM,TEAM_CR,596,78294,50.0,-3.5,36.0,14.0,49.8,16.4,60.0,0.0,19,1
TM,TEAM_CR,597,78334,50.0,-2.9,36.3,13.7,48.0,18.9,60.0,0.0,20,1
TM,ADCS_MODE,MANUAL,ADCS_REFERENCE,SUN,TARGET,0.00,POINTING_ERROR,-31.61,SUN_ERROR,-32.00,MAG_ERROR,-127.29,GYRO_Z,0.064,RW_CMD,0
TM,EST_RAW,32.00,EST_FILTERED,32.00,EST_ANGLE,31.61,EST_FILTER,ON,EST_FILTER_TYPE,MOVING_AVERAGE,EST_MA_WINDOW,1,EST_FILTER_STRENGTH,0.35
TM,EST_FUSION,ON,EST_GYRO_WEIGHT,0.98,EST_VALID,1
TM,TEAM_CR,598,78384,50.0,-1.3,37.1,12.9,47.1,17.3,60.0,0.0,15,1
TM,TEAM_CR,599,78424,50.0,2.4,37.6,12.4,48.5,12.4,60.0,0.0,14,1
TM,TEAM_CR,600,78463,50.0,3.0,38.0,12.0,44.9,18.4,60.0,0.0,18,1
TM,TEAM_CR,601,78503,50.0,8.4,38.5,11.5,46.3,13.2,60.0,0.0,14,1
TM,TEAM_CR,602,78543,50.0,9.9,39.1,10.9,45.4,12.8,60.0,0.0,16,1
TM,TEAM_CR,603,78583,50.0,10.9,39.8,10.2,45.0,10.9,60.0,0.0,11,1
TM,TEAM_CR,604,78623,50.0,7.4,40.2,9.8,44.3,10.4,60.0,0.0,13,1
TM,SUN_L,3606,SUN_R,3242,SUN_NDV,0.0532,SUN_ANGLE,31.84
TM,MAG_X,-19.71,MAG_Y,25.89,MAG_Z,5.62,MAG_HEADING,127.29
TM,GYRO_X,-1.173,GYRO_Y,-2.152,GYRO_Z,0.362,BODY_RATE,-0.362
TM,TEAM_CR,605,78674,50.0,6.8,41.0,9.0,41.7,12.5,60.0,0.0,13,1
TM,TEAM_CR,606,78714,50.0,4.0,41.2,8.8,42.3,10.5,60.0,0.0,10,1
TM,TEAM_CR,607,78763,50.0,4.6,41.7,8.3,41.8,9.6,60.0,0.0,14,1
TM,TEAM_CR,608,78803,50.0,5.7,41.8,8.2,37.9,17.1,60.0,0.0,15,1
TM,TEAM_CR,609,78842,50.0,6.2,41.9,8.1,39.8,12.9,60.0,0.0,14,1
TM,TEAM_CR,610,78882,50.0,8.0,41.9,8.1,37.5,17.2,60.0,0.0,17,1
TM,TEAM_CR,611,78924,50.0,11.1,42.3,7.7,36.4,18.2,60.0,0.0,16,1
TM,TEAM_CR,612,78964,50.0,13.9,42.5,7.5,37.4,15.3,60.0,0.0,19,1
TM,TEAM_CR,613,79004,50.0,15.1,42.8,7.2,35.3,18.0,60.0,0.0,16,1
TM,TEAM_CR,614,79044,50.0,18.6,43.3,6.7,36.9,13.1,60.0,0.0,15,1
TM,TEAM_CR,615,79084,50.0,19.4,43.6,6.4,34.1,17.3,60.0,0.0,17,1
TM,TEAM_CR,616,79124,50.0,20.6,44.1,5.9,35.2,13.1,60.0,0.0,13,1
TM,TEAM_CR,617,79175,50.0,20.0,44.8,5.2,34.4,11.8,60.0,0.0,16,1
TM,TEAM_CR,618,79215,50.0,19.9,45.1,4.9,31.5,16.6,60.0,0.0,13,1
TM,TEAM_CR,619,79255,50.0,17.9,45.3,4.7,32.9,12.9,60.0,0.0,13,1
TM,TEAM_CR,620,79295,50.0,17.2,45.4,4.6,30.3,17.7,60.0,0.0,18,1
TM,ADCS_MODE,MANUAL,ADCS_REFERENCE,SUN,TARGET,0.00,POINTING_ERROR,-31.62,SUN_ERROR,-31.84,MAG_ERROR,-127.15,GYRO_Z,0.082,RW_CMD,0
TM,EST_RAW,31.84,EST_FILTERED,31.84,EST_ANGLE,31.62,EST_FILTER,ON,EST_FILTER_TYPE,MOVING_AVERAGE,EST_MA_WINDOW,1,EST_FILTER_STRENGTH,0.35
TM,EST_FUSION,ON,EST_GYRO_WEIGHT,0.98,EST_VALID,1
TM,TEAM_CR,621,79335,50.0,16.4,45.5,4.5,31.2,15.8,60.0,0.0,16,1
TM,TEAM_CR,622,79383,50.0,15.0,45.6,4.4,29.8,17.9,60.0,0.0,18,1
TM,SUN_L,3607,SUN_R,3243,SUN_NDV,0.0531,SUN_ANGLE,31.82
TM,MAG_X,-19.71,MAG_Y,25.87,MAG_Z,5.82,MAG_HEADING,127.30
TM,GYRO_X,-1.033,GYRO_Y,-2.301,GYRO_Z,0.309,BODY_RATE,-0.309
TM,TEAM_CR,623,79424,50.0,15.0,45.6,4.4,28.1,21.6,60.0,0.0,20,1
TM,TEAM_CR,624,79464,50.0,14.3,45.5,4.5,29.6,19.0,60.0,0.0,21,1
TM,TEAM_CR,625,79504,50.0,14.1,45.3,4.7,27.4,23.9,60.0,0.0,24,1
TM,TEAM_CR,626,79544,50.0,13.6,45.2,4.8,28.9,21.4,60.0,0.0,21,1
TM,TEAM_CR,627,79584,50.0,13.6,45.0,5.0,27.9,24.2,60.0,0.0,24,1
TM,TEAM_CR,628,79624,50.0,13.2,44.8,5.2,28.0,24.7,60.0,0.0,25,1
TM,TEAM_CR,629,79675,50.0,12.5,45.0,5.0,28.7,22.7,60.0,0.0,24,1
TM,TEAM_CR,630,79714,50.0,12.5,44.7,5.3,27.0,27.0,60.0,0.0,26,1
TM,TEAM_CR,631,79763,50.0,11.7,44.8,5.2,28.6,23.6,60.0,0.0,24,1
TM,TEAM_CR,632,79803,50.0,10.9,44.5,5.5,28.2,25.6,60.0,0.0,26,1
TM,TEAM_CR,633,79843,50.0,10.4,44.3,5.7,27.2,28.6,60.0,0.0,28,1
TM,TEAM_CR,634,79883,50.0,9.7,44.0,6.0,28.7,26.7,60.0,0.0,27,1
TM,TEAM_CR,635,79925,50.0,8.8,43.7,6.3,27.5,30.1,60.0,0.0,30,1
TM,TEAM_CR,636,79964,50.0,7.8,43.4,6.6,29.1,28.1,60.0,0.0,28,1
TM,TEAM_CR,637,80004,50.0,6.5,43.1,6.9,28.3,31.2,60.0,0.0,31,1
TM,TEAM_CR,638,80044,50.0,5.8,42.8,7.2,29.7,29.6,60.0,0.0,30,1
TM,TEAM_CR,639,80084,50.0,4.6,42.4,7.6,29.8,30.8,60.0,0.0,31,1
TM,TEAM_CR,640,80124,50.0,4.2,42.1,7.9,30.2,31.4,60.0,0.0,31,1
TM,TEAM_CR,641,80174,50.0,2.7,42.0,8.0,30.7,30.6,60.0,0.0,32,1
TM,SUN_L,3609,SUN_R,3245,SUN_NDV,0.0531,SUN_ANGLE,31.88
TM,MAG_X,-19.65,MAG_Y,25.73,MAG_Z,5.60,MAG_HEADING,127.37
TM,GYRO_X,-1.059,GYRO_Y,-2.205,GYRO_Z,0.178,BODY_RATE,-0.178
TM,TEAM_CR,642,80214,50.0,2.2,41.6,8.4,31.0,31.6,60.0,0.0,32,1
TM,ADCS_MODE,MANUAL,ADCS_REFERENCE,SUN,TARGET,0.00,POINTING_ERROR,-31.59,SUN_ERROR,-31.84,MAG_ERROR,-127.37,GYRO_Z,0.475,RW_CMD,0
TM,EST_RAW,31.84,EST_FILTERED,31.84,EST_ANGLE,31.59,EST_FILTER,ON,EST_FILTER_TYPE,MOVING_AVERAGE,EST_MA_WINDOW,1,EST_FILTER_STRENGTH,0.35
TM,EST_FUSION,ON,EST_GYRO_WEIGHT,0.98,EST_VALID,1
TM,TEAM_CR,643,80254,50.0,1.4,41.3,8.7,31.9,31.1,60.0,0.0,31,1
TM,TEAM_CR,644,80294,50.0,0.5,40.9,9.1,32.0,32.3,60.0,0.0,32,1
TM,TEAM_CR,645,80334,50.0,-0.6,40.5,9.5,32.1,33.6,60.0,0.0,34,1
TM,TEAM_CR,646,80383,50.0,-1.8,40.4,9.6,32.9,32.5,60.0,0.0,32,1
TM,TEAM_CR,647,80425,50.0,-2.1,40.1,9.9,32.5,34.7,60.0,0.0,35,1
TM,TEAM_CR,648,80465,50.0,-3.1,39.7,10.3,33.6,34.1,60.0,0.0,34,1
TM,TEAM_CR,649,80505,50.0,-3.9,39.2,10.8,33.6,35.9,60.0,0.0,36,1
TM,TEAM_CR,650,80545,50.0,-4.5,38.9,11.1,34.2,36.1,60.0,0.0,36,1
TM,TEAM_CR,651,80586,50.0,-5.8,38.5,11.5,35.1,35.8,60.0,0.0,36,1
TM,TEAM_CR,652,80626,50.0,-6.7,38.0,12.0,35.0,37.9,60.0,0.0,38,1
TM,TEAM_CR,653,80675,50.0,-7.9,38.0,12.0,35.9,36.4,60.0,0.0,36,1
TM,TEAM_CR,654,80715,50.0,-8.2,37.6,12.4,37.0,35.9,60.0,0.0,36,1
TM,TEAM_CR,655,80763,50.0,-8.5,37.4,12.6,36.3,37.7,60.0,0.0,38,1
TM,TEAM_CR,656,80803,50.0,-9.1,37.0,13.0,37.2,37.5,60.0,0.0,38,1
TM,TEAM_CR,657,80843,50.0,-9.1,36.6,13.4,36.9,39.7,60.0,0.0,40,1
TM,TEAM_CR,658,80883,50.0,-8.9,36.3,13.7,37.6,39.6,60.0,0.0,39,1
TM,TEAM_CR,659,80925,50.0,-8.5,36.1,13.9,38.6,38.4,60.0,0.0,40,1
TM,SUN_L,3608,SUN_R,3244,SUN_NDV,0.0531,SUN_ANGLE,31.82
TM,MAG_X,-19.58,MAG_Y,25.82,MAG_Z,5.68,MAG_HEADING,127.18
TM,GYRO_X,-1.242,GYRO_Y,-2.223,GYRO_Z,0.362,BODY_RATE,-0.362
TM,TEAM_CR,660,80965,50.0,-9.6,35.8,14.2,38.1,40.8,60.0,0.0,41,1
TM,TEAM_CR,661,81006,50.0,-9.3,35.5,14.5,40.4,37.1,60.0,0.0,39,1
TM,TEAM_CR,662,81046,50.0,-9.1,35.3,14.7,38.8,41.2,60.0,0.0,41,1
TM,TEAM_CR,663,81085,50.0,-9.2,35.1,14.9,40.9,37.9,60.0,0.0,38,1
TM,TEAM_CR,664,81125,50.0,-10.1,34.8,15.2,39.5,41.8,60.0,0.0,42,1
TM,TEAM_CR,665,81175,50.0,-9.8,35.0,15.0,38.8,42.6,60.0,0.0,42,1
TM,ADCS_MODE,MANUAL,ADCS_REFERENCE,SUN,TARGET,0.00,POINTING_ERROR,-31.60,SUN_ERROR,-31.86,MAG_ERROR,-127.47,GYRO_Z,0.248,RW_CMD,0
TM,EST_RAW,31.86,EST_FILTERED,31.86,EST_ANGLE,31.60,EST_FILTER,ON,EST_FILTER_TYPE,MOVING_AVERAGE,EST_MA_WINDOW,1,EST_FILTER_STRENGTH,0.35
TM,EST_FUSION,ON,EST_GYRO_WEIGHT,0.98,EST_VALID,1
TM,TEAM_CR,666,81216,50.0,-9.6,34.7,15.3,37.7,45.9,60.0,0.0,46,1
TM,TEAM_CR,667,81256,50.0,-9.4,34.3,15.7,36.2,50.3,60.0,0.0,50,1
TM,TEAM_CR,668,81295,50.0,-9.0,34.1,15.9,37.9,47.9,60.0,0.0,48,1
TM,TEAM_CR,669,81335,50.0,-9.0,33.8,16.2,37.1,50.7,60.0,0.0,51,1
TM,TEAM_CR,670,81382,50.0,-7.3,33.9,16.1,38.4,47.5,60.0,0.0,47,1
TM,TEAM_CR,671,81426,50.0,-6.5,34.0,16.0,40.9,42.1,60.0,0.0,46,1
TM,TEAM_CR,672,81466,50.0,-5.9,33.9,16.1,39.3,45.6,60.0,0.0,46,1
TM,TEAM_CR,673,81506,50.0,-4.9,34.0,16.0,41.5,41.0,60.0,0.0,41,1
TM,TEAM_CR,674,81546,50.0,-4.9,34.0,16.0,40.7,42.6,60.0,0.0,44,1
TM,TEAM_CR,675,81586,50.0,-4.3,34.1,15.9,40.0,43.7,60.0,0.0,42,1
TM,TEAM_CR,676,81626,50.0,-3.8,34.1,15.9,40.4,42.7,60.0,0.0,45,1
TM,TEAM_CR,677,81677,50.0,-3.1,34.6,15.4,39.1,43.4,60.0,0.0,43,1
TM,SUN_L,3607,SUN_R,3244,SUN_NDV,0.0530,SUN_ANGLE,31.72
TM,MAG_X,-19.74,MAG_Y,25.76,MAG_Z,5.65,MAG_HEADING,127.47
TM,GYRO_X,-0.945,GYRO_Y,-2.257,GYRO_Z,0.187,BODY_RATE,-0.187
TM,TEAM_CR,678,81716,50.0,-2.8,34.6,15.4,39.6,42.3,60.0,0.0,42,1
TM,TEAM_CR,679,81764,50.0,-2.0,35.0,15.0,40.4,39.3,60.0,0.0,45,1
TM,TEAM_CR,680,81804,50.0,-1.7,35.0,15.0,37.4,45.2,60.0,0.0,42,1
TM,TEAM_CR,681,81845,50.0,-1.4,35.1,14.9,39.7,40.1,60.0,0.0,40,1
TM,TEAM_CR,682,81885,50.0,-0.9,35.1,14.9,37.8,43.8,60.0,0.0,45,1
TM,TEAM_CR,683,81926,50.0,-1.8,35.3,14.7,38.3,42.3,60.0,0.0,42,1
TM,TEAM_CR,684,81967,50.0,-10.5,35.0,15.0,38.3,43.3,60.0,0.0,45,1
TM,TEAM_CR,685,82006,50.0,-20.3,34.4,15.6,35.7,50.9,60.0,0.0,47,1
TM,TEAM_CR,686,82046,50.0,-29.0,33.5,16.5,39.0,48.1,60.0,0.0,48,1
TM,TEAM_CR,687,82086,50.0,-33.7,32.3,17.7,36.4,58.1,60.0,0.0,56,1
TM,TEAM_CR,688,82126,50.0,-36.8,31.1,18.9,38.7,58.4,60.0,0.0,57,1
TM,ADCS_MODE,MANUAL,ADCS_REFERENCE,SUN,TARGET,0.00,POINTING_ERROR,-31.60,SUN_ERROR,-31.79,MAG_ERROR,-127.17,GYRO_Z,0.195,RW_CMD,0
TM,EST_RAW,31.79,EST_FILTERED,31.79,EST_ANGLE,31.60,EST_FILTER,ON,EST_FILTER_TYPE,MOVING_AVERAGE,EST_MA_WINDOW,1,EST_FILTER_STRENGTH,0.35
TM,EST_FUSION,ON,EST_GYRO_WEIGHT,0.98,EST_VALID,1
TM,TEAM_CR,689,82178,50.0,-39.9,30.3,19.7,41.1,56.5,60.0,0.0,58,1
TM,TEAM_CR,690,82218,50.0,-41.5,29.1,20.9,40.3,63.2,60.0,0.0,60,9
TM,TEAM_CR,691,82257,50.0,-42.2,27.9,22.1,44.1,60.1,60.0,0.0,60,9
TM,TEAM_CR,692,82297,50.0,-43.6,26.8,23.2,44.0,64.8,60.0,0.0,60,9
TM,TEAM_CR,693,82337,50.0,-44.9,25.8,24.2,45.7,65.4,60.0,0.0,60,9
TM,TEAM_CR,694,82386,50.0,-46.3,28.1,21.9,48.8,49.9,60.0,0.0,54,1
TM,TEAM_CR,695,82427,50.0,-46.7,30.1,19.9,47.5,44.7,60.0,0.0,47,1
TM,SUN_L,3608,SUN_R,3244,SUN_NDV,0.0531,SUN_ANGLE,31.84
TM,MAG_X,-19.55,MAG_Y,25.81,MAG_Z,5.78,MAG_HEADING,127.15
TM,GYRO_X,-0.989,GYRO_Y,-1.409,GYRO_Z,-0.277,BODY_RATE,0.277
TM,TEAM_CR,696,82468,50.0,-46.6,32.1,17.9,47.3,37.3,60.0,0.0,37,1
TM,TEAM_CR,697,82507,50.0,-46.3,33.9,16.1,47.1,30.1,60.0,0.0,35,1
TM,TEAM_CR,698,82547,50.0,-45.3,35.7,14.3,42.5,32.5,60.0,0.0,32,1
TM,TEAM_CR,699,82587,50.0,-43.8,34.1,15.9,41.7,40.1,60.0,0.0,36,1
TM,TEAM_CR,700,82627,50.0,-42.5,32.6,17.4,40.7,48.1,60.0,0.0,48,1
TM,TEAM_CR,701,82677,50.0,-40.7,31.6,18.4,38.6,56.2,60.0,0.0,53,1
TM,TEAM_CR,702,82716,50.0,-40.1,30.4,19.6,41.7,55.1,60.0,0.0,55,1
TM,TEAM_CR,703,82765,50.0,-38.5,29.6,20.4,42.7,56.3,60.0,0.0,59,1
TM,TEAM_CR,704,82805,50.0,-37.3,28.6,21.4,41.8,62.0,60.0,0.0,58,9
TM,TEAM_CR,705,82846,50.0,-36.1,27.7,22.3,42.8,63.5,60.0,0.0,60,9
TM,TEAM_CR,706,82885,50.0,-35.0,26.8,23.2,42.4,67.8,60.0,0.0,60,9
TM,TEAM_CR,707,82927,50.0,-33.6,26.3,23.7,43.9,67.2,60.0,0.0,60,9
TM,TEAM_CR,708,82967,50.0,-31.5,25.7,24.3,47.1,63.0,60.0,0.0,60,9
TM,TEAM_CR,709,83007,50.0,-29.8,25.3,24.7,45.5,67.9,60.0,0.0,60,9
TM,TEAM_CR,710,83047,50.0,-28.4,25.0,25.0,48.6,62.7,60.0,0.0,60,9
TM,TEAM_CR,711,83087,50.0,-26.4,24.9,25.1,51.0,58.3,60.0,0.0,59,1
TM,ADCS_MODE,MANUAL,ADCS_REFERENCE,SUN,TARGET,0.00,POINTING_ERROR,-31.60,SUN_ERROR,-31.82,MAG_ERROR,-126.96,GYRO_Z,0.099,RW_CMD,0
TM,EST_RAW,31.82,EST_FILTERED,31.82,EST_ANGLE,31.60,EST_FILTER,ON,EST_FILTER_TYPE,MOVING_AVERAGE,EST_MA_WINDOW,1,EST_FILTER_STRENGTH,0.35
TM,EST_FUSION,ON,EST_GYRO_WEIGHT,0.98,EST_VALID,1
TM,TEAM_CR,712,83127,50.0,-25.6,24.9,25.1,50.5,59.5,60.0,0.0,60,1
TM,TEAM_CR,713,83176,50.0,-22.9,25.4,24.6,52.7,52.8,60.0,0.0,56,1
TM,SUN_L,3609,SUN_R,3244,SUN_NDV,0.0533,SUN_ANGLE,31.84
TM,MAG_X,-19.50,MAG_Y,25.92,MAG_Z,5.68,MAG_HEADING,126.96
TM,GYRO_X,-1.111,GYRO_Y,-2.091,GYRO_Z,0.108,BODY_RATE,-0.108
TM,TEAM_CR,714,83216,50.0,-21.3,25.6,24.4,53.7,50.0,60.0,0.0,52,1
TM,TEAM_CR,715,83256,50.0,-18.8,25.9,24.1,53.2,50.0,60.0,0.0,50,1
TM,TEAM_CR,716,83296,50.0,-16.5,26.3,23.7,54.4,45.8,60.0,0.0,46,1
TM,TEAM_CR,717,83336,50.0,-14.6,26.8,23.2,53.7,45.6,60.0,0.0,47,1
TM,TEAM_CR,718,83385,50.0,-12.6,27.7,22.3,52.7,43.6,60.0,0.0,44,1
TM,TEAM_CR,719,83427,50.0,-9.9,28.4,21.6,53.0,40.5,60.0,0.0,41,1
TM,TEAM_CR,720,83466,50.0,-5.6,29.0,21.0,52.8,38.6,60.0,0.0,39,1
TM,TEAM_CR,721,83506,50.0,-3.8,29.7,20.3,50.9,39.5,60.0,0.0,39,1
TM,TEAM_CR,722,83546,50.0,-1.9,30.4,19.6,50.9,36.7,60.0,0.0,37,1
TM,TEAM_CR,723,83586,50.0,-0.2,31.1,18.9,49.1,37.6,60.0,0.0,38,1
TM,TEAM_CR,724,83626,50.0,1.2,31.8,18.2,48.0,36.9,60.0,0.0,37,1
TM,TEAM_CR,725,83677,50.0,3.1,33.0,17.0,46.9,34.3,60.0,0.0,34,1
TM,TEAM_CR,726,83717,50.0,4.7,33.7,16.3,46.8,31.9,60.0,0.0,33,1
TM,TEAM_CR,727,83765,50.0,7.5,34.7,15.3,44.1,33.2,60.0,0.0,33,1
TM,TEAM_CR,728,83805,50.0,9.3,35.4,14.6,43.4,31.7,60.0,0.0,32,1
TM,TEAM_CR,729,83845,50.0,11.0,36.0,14.0,42.2,31.5,60.0,0.0,32,1
TM,TEAM_CR,730,83885,50.0,12.3,36.7,13.3,40.4,32.6,60.0,0.0,33,1
TM,TEAM_CR,731,83927,50.0,13.3,37.3,12.7,38.8,33.0,60.0,0.0,33,1
TM,TEAM_CR,732,83966,50.0,14.6,37.9,12.1,38.9,30.7,60.0,0.0,31,1
TM,SUN_L,3609,SUN_R,3246,SUN_NDV,0.0530,SUN_ANGLE,31.78
TM,MAG_X,-19.58,MAG_Y,25.86,MAG_Z,5.84,MAG_HEADING,127.14
TM,GYRO_X,-1.181,GYRO_Y,-1.969,GYRO_Z,0.624,BODY_RATE,-0.624
TM,TEAM_CR,733,84006,50.0,16.5,38.5,11.5,36.8,32.5,60.0,0.0,33,1
TM,ADCS_MODE,MANUAL,ADCS_REFERENCE,SUN,TARGET,0.00,POINTING_ERROR,-31.59,SUN_ERROR,-31.78,MAG_ERROR,-127.14,GYRO_Z,0.257,RW_CMD,0
TM,EST_RAW,31.78,EST_FILTERED,31.78,EST_ANGLE,31.59,EST_FILTER,ON,EST_FILTER_TYPE,MOVING_AVERAGE,EST_MA_WINDOW,1,EST_FILTER_STRENGTH,0.35
TM,EST_FUSION,ON,EST_GYRO_WEIGHT,0.98,EST_VALID,1
TM,TEAM_CR,734,84046,50.0,17.2,39.1,10.9,36.3,31.2,60.0,0.0,31,1
TM,TEAM_CR,735,84086,50.0,18.5,39.6,10.4,35.0,31.6,60.0,0.0,32,1
TM,TEAM_CR,736,84126,50.0,19.8,40.1,9.9,33.1,33.3,60.0,0.0,33,1
TM,TEAM_CR,737,84176,50.0,20.7,40.9,9.1,32.3,31.6,60.0,0.0,32,1
TM,TEAM_CR,738,84216,50.0,21.3,41.4,8.6,32.0,30.5,60.0,0.0,31,1
TM,TEAM_CR,739,84256,50.0,21.9,41.8,8.2,29.9,32.9,60.0,0.0,33,1
TM,TEAM_CR,740,84296,50.0,22.7,42.2,7.8,29.7,31.7,60.0,0.0,32,1
TM,TEAM_CR,741,84336,50.0,23.5,42.6,7.4,28.7,32.3,60.0,0.0,32,1
TM,TEAM_CR,742,84385,50.0,23.8,43.1,6.9,27.4,32.6,60.0,0.0,33,1
TM,TEAM_CR,743,84427,50.0,24.3,43.5,6.5,26.8,32.4,60.0,0.0,32,1
TM,TEAM_CR,744,84467,50.0,24.8,43.8,6.2,26.3,32.3,60.0,0.0,32,1
TM,TEAM_CR,745,84507,50.0,25.3,44.0,6.0,25.1,33.7,60.0,0.0,34,1
TM,TEAM_CR,746,84547,50.0,26.2,44.3,5.7,24.8,33.3,60.0,0.0,33,1
TM,TEAM_CR,747,84588,50.0,26.5,44.5,5.5,24.6,32.6,60.0,0.0,33,1
TM,TEAM_CR,748,84628,50.0,27.5,44.8,5.2,24.2,32.5,60.0,0.0,33,1
TM,TEAM_CR,749,84677,50.0,28.2,45.3,4.7,23.4,32.1,60.0,0.0,32,1
TM,TEAM_CR,750,84717,50.0,29.1,45.5,4.5,23.5,30.9,60.0,0.0,31,1
TM,SUN_L,3609,SUN_R,3245,SUN_NDV,0.0531,SUN_ANGLE,31.69
TM,MAG_X,-19.36,MAG_Y,25.79,MAG_Z,5.82,MAG_HEADING,126.89
TM,GYRO_X,-1.138,GYRO_Y,-2.188,GYRO_Z,-0.435,BODY_RATE,0.435
TM,TEAM_CR,751,84765,50.0,29.5,46.0,4.0,22.9,30.3,60.0,0.0,31,1
TM,TEAM_CR,752,84805,50.0,30.5,46.2,3.8,21.8,31.6,60.0,0.0,31,1
TM,TEAM_CR,753,84845,50.0,31.3,46.5,3.5,21.7,30.7,60.0,0.0,31,1
TM,TEAM_CR,754,84885,50.0,32.0,46.7,3.3,21.2,30.8,60.0,0.0,31,1
TM,TEAM_CR,755,84927,50.0,33.0,47.0,3.0,20.5,30.9,60.0,0.0,31,1
TM,TEAM_CR,756,84977,50.0,33.5,47.5,2.5,20.3,29.6,60.0,0.0,30,1
TM,ADCS_MODE,MANUAL,ADCS_REFERENCE,SUN,TARGET,0.00,POINTING_ERROR,-31.63,SUN_ERROR,-31.73,MAG_ERROR,-126.89,GYRO_Z,0.755,RW_CMD,0
TM,EST_RAW,31.73,EST_FILTERED,31.73,EST_ANGLE,31.63,EST_FILTER,ON,EST_FILTER_TYPE,MOVING_AVERAGE,EST_MA_WINDOW,1,EST_FILTER_STRENGTH,0.35
TM,EST_FUSION,ON,EST_GYRO_WEIGHT,0.98,EST_VALID,1
TM,TEAM_CR,757,85032,-50.0,34.4,48.0,-98.0,19.9,-373.8,58.0,0.0,29,17
TM,TEAM_CR,758,85072,-50.0,35.5,48.2,-98.2,19.1,-373.0,58.0,0.0,9,17
TM,TEAM_CR,759,85113,-50.0,36.0,48.4,-98.4,16.3,-368.2,58.0,0.0,-12,17
TM,TEAM_CR,760,85166,-50.0,35.8,48.5,-98.5,9.3,-354.5,58.0,0.0,-39,17
TM,TEAM_CR,761,85205,-50.0,36.0,48.1,-98.1,0.8,-335.9,58.0,0.0,-58,17
TM,TEAM_CR,762,85245,-50.0,35.8,47.4,-97.4,-8.1,-315.5,58.0,0.0,-60,17
TM,TEAM_CR,763,85285,-50.0,36.0,46.4,-96.4,-17.9,-291.5,58.0,0.0,-60,17
TM,TEAM_CR,764,85325,-50.0,35.9,44.9,-94.9,-28.3,-265.2,58.0,0.0,-60,17
TM,TEAM_CR,765,85365,-50.0,34.6,43.3,-93.3,-35.4,-244.2,58.0,0.0,-60,17
TM,TEAM_CR,766,85405,-50.0,33.7,41.2,-91.2,-45.2,-216.4,58.0,0.0,-60,17
TM,TEAM_CR,767,85451,-50.0,31.9,38.5,-88.5,-55.6,-184.9,58.0,0.0,-60,17
TM,TEAM_CR,768,85491,-50.0,30.2,35.8,-85.8,-65.3,-154.5,58.0,0.0,-60,17
TM,SUN_L,3610,SUN_R,3244,SUN_NDV,0.0534,SUN_ANGLE,31.81
TM,MAG_X,-19.44,MAG_Y,25.70,MAG_Z,5.81,MAG_HEADING,127.11
TM,GYRO_X,-1.365,GYRO_Y,-2.126,GYRO_Z,0.974,BODY_RATE,-0.974
TM,TEAM_CR,769,85531,-50.0,27.7,32.7,-82.7,-72.8,-127.1,58.0,0.0,-60,17
TM,TEAM_CR,770,85585,-50.0,25.8,28.2,-78.2,-85.9,-82.9,58.0,0.0,-60,17
TM,TEAM_CR,771,85625,-50.0,24.0,24.4,-74.4,-94.7,-50.3,58.0,0.0,-59,1
TM,TEAM_CR,772,85665,-50.0,21.6,20.3,-70.3,-105.3,-15.4,55.2,0.0,-39,1
TM,TEAM_CR,773,85705,-50.0,18.8,16.1,-66.1,-110.1,8.4,52.5,0.0,-19,1
TM,TEAM_CR,774,85745,-50.0,14.5,11.6,-61.6,-115.8,35.1,50.0,0.0,2,1
TM,TEAM_CR,775,85785,-50.0,11.5,7.1,-57.1,-117.4,53.9,47.7,0.0,22,1
TM,TEAM_CR,776,85825,-50.0,5.3,2.5,-52.5,-116.6,68.6,45.5,0.0,42,9
TM,TEAM_CR,777,85865,-50.0,1.0,-1.9,-48.1,-113.4,78.0,43.5,0.0,60,9
TM,TEAM_CR,778,85905,-50.0,-0.6,-6.0,-44.0,-107.1,80.1,41.7,0.0,60,9
TM,TEAM_CR,779,85966,-50.0,-7.0,-12.1,-37.9,-101.2,91.0,40.2,0.0,60,9
TM,ADCS_MODE,MANUAL,ADCS_REFERENCE,SUN,TARGET,0.00,POINTING_ERROR,-31.61,SUN_ERROR,-31.76,MAG_ERROR,-126.76,GYRO_Z,0.458,RW_CMD,0
TM,EST_RAW,31.76,EST_FILTERED,31.76,EST_ANGLE,31.61,EST_FILTER,ON,EST_FILTER_TYPE,MOVING_AVERAGE,EST_MA_WINDOW,1,EST_FILTER_STRENGTH,0.35
TM,EST_FUSION,ON,EST_GYRO_WEIGHT,0.98,EST_VALID,1
TM,TEAM_CR,780,86006,-50.0,-13.0,-15.8,-34.2,-95.6,93.2,38.8,0.0,60,9
TM,TEAM_CR,781,86046,-50.0,-16.3,-19.4,-30.6,-91.5,98.1,37.5,0.0,60,9
TM,TEAM_CR,782,86086,-50.0,-19.9,-22.8,-27.2,-87.2,102.1,36.4,0.0,60,9
TM,TEAM_CR,783,86126,-50.0,-23.6,-26.0,-24.0,-80.6,100.6,35.4,0.0,60,9
TM,TEAM_CR,784,86166,-50.0,-26.3,-29.1,-20.9,-79.7,110.4,34.5,0.0,60,9
TM,TEAM_CR,785,86206,-50.0,-28.7,-32.0,-18.0,-72.8,107.2,33.8,0.0,60,9
TM,TEAM_CR,786,86246,-50.0,-31.1,-34.7,-15.3,-70.4,112.5,33.1,0.0,60,9
TM,SUN_L,3609,SUN_R,3244,SUN_NDV,0.0533,SUN_ANGLE,31.82
TM,MAG_X,-19.33,MAG_Y,25.87,MAG_Z,5.92,MAG_HEADING,126.76
TM,GYRO_X,-1.041,GYRO_Y,-2.345,GYRO_Z,-0.225,BODY_RATE,0.225
TM,TEAM_CR,787,86286,-50.0,-34.0,-37.2,-12.8,-65.3,112.0,32.6,0.0,60,9
TM,TEAM_CR,788,86326,-50.0,-36.3,-39.6,-10.4,-61.8,114.1,32.2,0.0,60,9
TM,TEAM_CR,789,86366,-50.0,-37.1,-41.7,-8.3,-58.4,115.6,31.8,0.0,60,9
TM,TEAM_CR,790,86406,-50.0,-38.6,-43.7,-6.3,-53.7,113.8,31.5,0.0,60,9
TM,TEAM_CR,791,86450,-50.0,-40.2,-45.8,-4.2,-51.4,117.3,31.3,0.0,60,9
TM,TEAM_CR,792,86490,-50.0,-41.7,-47.4,-2.6,-45.7,112.2,31.2,0.0,60,9
TM,TEAM_CR,793,86530,-50.0,-43.0,-48.9,-1.1,-41.6,109.9,31.2,0.0,60,9
TM,TEAM_CR,794,86570,-50.0,-44.7,-50.2,0.2,-38.3,31.2,31.2,0.0,49,1
TM,TEAM_CR,795,86610,-50.0,-45.7,-51.6,1.6,-34.2,106.2,31.2,0.0,52,9
TM,TEAM_CR,796,86650,-50.0,-46.3,-53.0,3.0,-33.1,109.2,31.2,0.0,60,9
TM,TEAM_CR,797,86701,-50.0,-46.6,-54.2,4.2,-24.5,97.2,31.2,0.0,60,9
TM,TEAM_CR,798,86741,-50.0,-46.8,-55.1,5.1,-20.1,91.9,31.2,0.0,60,9
TM,TEAM_CR,799,86789,-50.0,-46.7,-55.9,5.9,-16.6,88.0,31.2,0.0,60,9
TM,TEAM_CR,800,86828,-50.0,-46.6,-56.4,6.4,-12.3,81.5,31.2,0.0,60,9
TM,TEAM_CR,801,86868,-50.0,-46.5,-56.9,6.9,-10.2,79.2,31.2,0.0,60,9
TM,TEAM_CR,802,86908,-50.0,-46.3,-57.2,7.2,-8.5,77.1,31.2,0.0,60,9
TM,ADCS_MODE,MANUAL,ADCS_REFERENCE,SUN,TARGET,0.00,POINTING_ERROR,-31.58,SUN_ERROR,-31.68,MAG_ERROR,-126.84,GYRO_Z,0.239,RW_CMD,0
TM,EST_RAW,31.68,EST_FILTERED,31.68,EST_ANGLE,31.58,EST_FILTER,ON,EST_FILTER_TYPE,MOVING_AVERAGE,EST_MA_WINDOW,1,EST_FILTER_STRENGTH,0.35
TM,EST_FUSION,ON,EST_GYRO_WEIGHT,0.98,EST_VALID,1
TM,TEAM_CR,803,86951,-50.0,-46.2,-57.5,7.5,-5.5,72.1,31.2,0.0,60,9
TM,TEAM_CR,804,86991,-50.0,-46.1,-57.7,7.7,-4.2,70.4,31.2,0.0,60,9
TM,SUN_L,3609,SUN_R,3244,SUN_NDV,0.0533,SUN_ANGLE,31.85
TM,MAG_X,-19.31,MAG_Y,25.78,MAG_Z,5.39,MAG_HEADING,126.84
TM,GYRO_X,-1.164,GYRO_Y,-1.995,GYRO_Z,0.239,BODY_RATE,-0.239
TM,TEAM_CR,805,87031,-50.0,-46.1,-57.7,7.7,-0.3,62.6,31.2,0.0,60,9
TM,TEAM_CR,806,87071,-50.0,-46.1,-57.7,7.7,1.7,58.5,31.2,0.0,59,1
TM,TEAM_CR,807,87111,-50.0,-46.1,-57.5,7.5,3.3,55.1,31.5,0.0,55,1
TM,TEAM_CR,808,87151,-50.0,-46.2,-57.3,7.3,6.0,49.1,31.8,0.0,52,1
TM,TEAM_CR,809,87201,-50.0,-46.4,-57.1,7.1,5.1,50.0,32.1,0.0,50,1
TM,TEAM_CR,810,87241,-50.0,-46.4,-56.9,6.9,4.1,51.6,32.3,0.0,51,1
TM,TEAM_CR,811,87281,-50.0,-46.6,-56.7,6.7,4.8,49.9,32.6,0.0,51,1
TM,TEAM_CR,812,87321,-50.0,-46.6,-56.6,6.6,2.8,53.5,32.9,0.0,53,1
TM,TEAM_CR,813,87369,-50.0,-46.6,-56.4,6.4,2.3,54.3,33.1,0.0,54,1
TM,TEAM_CR,814,87409,-50.0,-46.7,-56.3,6.3,3.5,51.7,33.4,0.0,54,1
TM,TEAM_CR,815,87450,-50.0,-46.7,-56.2,6.2,2.3,53.8,33.6,0.0,54,1
TM,TEAM_CR,816,87490,-50.0,-46.7,-56.1,6.1,2.8,52.6,33.9,0.0,53,1
TM,TEAM_CR,817,87530,-50.0,-46.7,-56.0,6.0,2.7,52.8,34.1,0.0,53,1
TM,TEAM_CR,818,87570,-50.0,-46.7,-55.9,5.9,2.6,52.7,34.4,0.0,53,1
TM,TEAM_CR,819,87610,-50.0,-46.7,-55.7,5.7,3.2,51.2,34.6,0.0,51,1
TM,TEAM_CR,820,87650,-50.0,-46.8,-55.6,5.6,2.7,51.9,34.8,0.0,52,1
TM,TEAM_CR,821,87701,-50.0,-46.8,-55.5,5.5,2.1,52.7,35.0,0.0,52,1
TM,TEAM_CR,822,87741,-50.0,-46.8,-55.3,5.3,4.1,48.3,35.3,0.0,48,1
TM,TEAM_CR,823,87790,-50.0,-46.9,-55.1,5.1,4.5,47.0,35.5,0.0,50,1
TM,SUN_L,3608,SUN_R,3245,SUN_NDV,0.0530,SUN_ANGLE,31.72
TM,MAG_X,-19.47,MAG_Y,25.81,MAG_Z,5.82,MAG_HEADING,127.03
TM,GYRO_X,-1.575,GYRO_Y,-2.152,GYRO_Z,0.965,BODY_RATE,-0.965
TM,TEAM_CR,824,87830,-50.0,-46.9,-55.0,5.0,2.5,50.8,35.7,0.0,50,1
TM,ADCS_MODE,MANUAL,ADCS_REFERENCE,SUN,TARGET,0.00,POINTING_ERROR,-31.53,SUN_ERROR,-31.74,MAG_ERROR,-127.03,GYRO_Z,0.554,RW_CMD,0
TM,EST_RAW,31.74,EST_FILTERED,31.74,EST_ANGLE,31.53,EST_FILTER,ON,EST_FILTER_TYPE,MOVING_AVERAGE,EST_MA_WINDOW,1,EST_FILTER_STRENGTH,0.35
TM,EST_FUSION,ON,EST_GYRO_WEIGHT,0.98,EST_VALID,1
TM,TEAM_CR,825,87870,-50.0,-46.9,-54.8,4.8,5.0,45.2,35.9,0.0,45,1
TM,TEAM_CR,826,87910,-50.0,-46.9,-54.7,4.7,4.1,46.5,36.0,0.0,48,1
TM,TEAM_CR,827,87950,-50.0,-46.9,-54.5,4.5,3.2,48.0,36.2,0.0,48,1
TM,TEAM_CR,828,87990,-50.0,-46.9,-54.3,4.3,6.2,41.2,36.4,0.0,43,1
TM,TEAM_CR,829,88030,-50.0,-46.9,-54.1,4.1,4.2,44.6,36.6,0.0,45,1
TM,TEAM_CR,830,88070,-50.0,-46.9,-53.9,3.9,4.3,43.8,36.7,0.0,42,1
TM,TEAM_CR,831,88110,-50.0,-46.8,-53.7,3.7,7.2,37.1,36.9,0.0,40,1
TM,TEAM_CR,832,88151,-50.0,-46.7,-53.4,3.4,5.3,40.2,37.0,0.0,40,1
TM,TEAM_CR,833,88201,-50.0,-46.7,-53.1,3.1,5.6,38.3,37.1,0.0,37,1
TM,TEAM_CR,834,88241,-50.0,-46.6,-52.8,2.8,8.0,32.5,37.3,0.0,33,1
TM,TEAM_CR,835,88281,-50.0,-46.5,-52.5,2.5,6.6,34.3,37.4,0.0,34,1
TM,TEAM_CR,836,88322,-50.0,-46.4,-52.3,2.3,4.6,37.3,37.5,0.0,35,1
TM,TEAM_CR,837,88369,-50.0,-46.3,-52.0,2.0,5.2,35.4,37.5,0.0,35,1
TM,TEAM_CR,838,88409,-50.0,-46.3,-51.9,1.9,4.2,36.9,37.6,0.0,40,1
TM,TEAM_CR,839,88450,-50.0,-46.2,-51.8,1.8,1.9,41.0,37.7,0.0,40,1
TM,TEAM_CR,840,88490,-50.0,-46.1,-51.7,1.7,4.1,36.1,37.8,0.0,39,1
TM,TEAM_CR,841,88531,-50.0,-46.1,-51.6,1.6,2.5,39.1,37.8,0.0,39,1
TM,SUN_L,3607,SUN_R,3242,SUN_NDV,0.0533,SUN_ANGLE,31.72
TM,MAG_X,-19.65,MAG_Y,26.00,MAG_Z,5.78,MAG_HEADING,127.08
TM,GYRO_X,-1.129,GYRO_Y,-1.977,GYRO_Z,-0.321,BODY_RATE,0.321
TM,TEAM_CR,842,88571,-50.0,-46.0,-51.5,1.5,0.9,42.2,37.9,0.0,40,1
TM,TEAM_CR,843,88610,-50.0,-46.0,-51.4,1.4,3.1,37.5,37.9,0.0,40,1
TM,TEAM_CR,844,88650,-50.0,-46.0,-51.4,1.4,1.0,41.4,38.0,0.0,41,1
TM,TEAM_CR,845,88700,-50.0,-45.9,-51.3,1.3,1.0,41.2,38.0,0.0,41,1
TM,TEAM_CR,846,88740,-50.0,-45.9,-51.2,1.2,2.4,38.3,38.1,0.0,40,1
TM,TEAM_CR,847,88789,-50.0,-45.8,-51.2,1.2,2.1,38.5,38.1,0.0,40,1
TM,ADCS_MODE,MANUAL,ADCS_REFERENCE,SUN,TARGET,0.00,POINTING_ERROR,-31.57,SUN_ERROR,-31.83,MAG_ERROR,-127.08,GYRO_Z,0.913,RW_CMD,0
TM,EST_RAW,31.83,EST_FILTERED,31.83,EST_ANGLE,31.57,EST_FILTER,ON,EST_FILTER_TYPE,MOVING_AVERAGE,EST_MA_WINDOW,1,EST_FILTER_STRENGTH,0.35
TM,EST_FUSION,ON,EST_GYRO_WEIGHT,0.98,EST_VALID,1
TM,TEAM_CR,848,88829,-50.0,-45.7,-51.1,1.1,-0.2,43.2,38.2,0.0,42,1
TM,TEAM_CR,849,88869,-50.0,-45.7,-51.1,1.1,0.8,40.9,38.2,0.0,41,1
TM,TEAM_CR,850,88909,-50.0,-45.8,-51.1,1.1,1.7,39.2,38.3,0.0,43,1
TM,TEAM_CR,851,88951,-50.0,-45.7,-51.0,1.0,-0.3,43.1,38.3,0.0,43,1
TM,TEAM_CR,852,88991,-50.0,-45.7,-51.0,1.0,1.0,40.3,38.4,0.0,40,1
TM,TEAM_CR,853,89032,-50.0,-45.7,-51.0,1.0,1.7,38.9,38.4,0.0,42,1
TM,TEAM_CR,854,89071,-50.0,-45.7,-50.9,0.9,0.5,41.2,38.4,0.0,41,1
TM,TEAM_CR,855,89111,-50.0,-45.7,-50.9,0.9,1.3,39.3,38.5,0.0,39,1
TM,TEAM_CR,856,89151,-50.0,-45.6,-50.9,0.9,1.5,39.0,38.5,0.0,41,1
TM,TEAM_CR,857,89203,-50.0,-45.5,-50.8,0.8,-0.2,42.3,38.5,0.0,42,1
TM,TEAM_CR,858,89243,-50.0,-45.5,-50.8,0.8,0.9,39.9,38.6,0.0,40,1
TM,TEAM_CR,859,89282,-50.0,-45.5,-50.8,0.8,1.8,38.1,38.6,0.0,41,1
TM,SUN_L,3607,SUN_R,3244,SUN_NDV,0.0530,SUN_ANGLE,31.77
TM,MAG_X,-19.54,MAG_Y,25.95,MAG_Z,5.70,MAG_HEADING,126.97
TM,GYRO_X,-1.102,GYRO_Y,-1.925,GYRO_Z,-0.382,BODY_RATE,0.382
TM,TEAM_CR,860,89322,-50.0,-45.5,-50.8,0.8,-0.7,43.0,38.6,0.0,43,1
TM,TEAM_CR,861,89370,-50.0,-45.4,-50.8,0.8,-0.7,43.1,38.7,0.0,41,1
TM,TEAM_CR,862,89410,-50.0,-45.5,-50.7,0.7,1.1,39.3,38.7,0.0,39,1
TM,TEAM_CR,863,89452,-50.0,-45.5,-50.7,0.7,-0.7,43.1,38.7,0.0,43,1
TM,TEAM_CR,864,89491,-50.0,-45.4,-50.7,0.7,-0.6,42.8,38.8,0.0,41,1
TM,TEAM_CR,865,89531,-50.0,-45.4,-50.7,0.7,1.0,38.8,38.8,0.0,39,3
TM,TEAM_CR,866,89571,-50.0,-45.4,-50.7,0.7,-0.9,38.8,38.8,0.0,39,3
TM,TEAM_CR,867,89611,-50.0,-45.4,-50.7,0.7,-0.8,38.8,38.8,0.0,39,3
TM,TEAM_CR,868,89651,-50.0,-45.5,-50.7,0.7,0.3,38.8,38.8,0.0,39,3
TM,TEAM_CR,869,89700,-50.0,-45.4,-50.8,0.8,-0.7,38.8,38.8,0.0,39,3
TM,TEAM_CR,870,89740,-50.0,-45.4,-50.8,0.8,-2.4,38.8,38.8,0.0,39,3
TM,ADCS_MODE,MANUAL,ADCS_REFERENCE,SUN,TARGET,0.00,POINTING_ERROR,-31.55,SUN_ERROR,-31.72,MAG_ERROR,-126.85,GYRO_Z,-0.566,RW_CMD,0
TM,EST_RAW,31.72,EST_FILTERED,31.72,EST_ANGLE,31.55,EST_FILTER,ON,EST_FILTER_TYPE,MOVING_AVERAGE,EST_MA_WINDOW,1,EST_FILTER_STRENGTH,0.35
TM,EST_FUSION,ON,EST_GYRO_WEIGHT,0.98,EST_VALID,1
TM,TEAM_CR,871,89789,-50.0,-45.5,-50.9,0.9,-1.5,38.8,38.8,0.0,39,3
TM,TEAM_CR,872,89829,-50.0,-45.6,-51.0,1.0,-1.8,38.8,38.8,0.0,39,3
TM,TEAM_CR,873,89870,-50.0,-45.6,-51.1,1.1,-3.0,44.0,38.8,0.0,44,3
TM,TEAM_CR,874,89909,-50.0,-45.7,-51.2,1.2,-1.5,42.6,38.8,0.0,43,3
TM,TEAM_CR,875,89951,-50.0,-45.7,-51.2,1.2,-0.7,42.0,38.8,0.0,43,3
TM,TEAM_CR,876,89991,-50.0,-45.7,-51.3,1.3,-1.7,43.1,38.8,0.0,43,3
TM,TEAM_CR,877,90031,-50.0,-45.7,-51.3,1.3,0.5,40.9,38.9,0.0,41,3
TM,SUN_L,3608,SUN_R,3244,SUN_NDV,0.0531,SUN_ANGLE,31.72
TM,MAG_X,-19.65,MAG_Y,26.14,MAG_Z,5.44,MAG_HEADING,126.93
TM,GYRO_X,-1.487,GYRO_Y,-2.170,GYRO_Z,1.237,BODY_RATE,-1.237
TM,TEAM_CR,878,90071,-50.0,-45.7,-51.3,1.3,0.3,41.2,38.9,0.0,42,3
TM,TEAM_CR,879,90111,-50.0,-45.7,-51.3,1.3,-1.0,42.5,38.9,0.0,43,3
TM,TEAM_CR,880,90151,-50.0,-45.7,-51.3,1.3,1.2,40.3,38.9,0.0,40,3
TM,TEAM_CR,881,90200,-50.0,-45.7,-51.3,1.3,1.0,40.5,39.0,0.0,41,3
TM,TEAM_CR,882,90240,-50.0,-45.7,-51.3,1.3,-0.4,42.0,39.0,0.0,42,3
TM,TEAM_CR,883,90287,0.0,-45.7,-51.2,51.2,-0.5,245.7,40.0,0.0,42,9
TM,TEAM_CR,884,90327,0.0,-45.7,-50.9,50.9,1.5,240.6,40.0,0.0,60,9
TM,TEAM_CR,885,90369,0.0,-45.6,-50.6,50.6,2.4,237.6,40.0,0.0,60,9
TM,TEAM_CR,886,90409,0.0,-45.4,-50.2,50.2,3.9,233.2,40.0,0.0,60,9
TM,TEAM_CR,887,90450,0.0,-45.4,-49.8,49.8,7.7,223.8,40.0,0.0,60,9
TM,TEAM_CR,888,90490,0.0,-45.2,-49.3,49.3,8.5,220.2,40.0,0.0,60,9
TM,TEAM_CR,889,90530,0.0,-45.0,-48.8,48.8,9.3,216.4,40.0,0.0,60,9
TM,TEAM_CR,890,90570,0.0,-44.7,-48.1,48.1,12.2,208.3,40.0,0.0,60,9
TM,TEAM_CR,891,90610,0.0,-44.1,-47.5,47.5,13.1,203.7,40.0,0.0,60,9
TM,TEAM_CR,892,90650,0.0,-43.5,-46.8,46.8,13.9,199.5,40.0,0.0,60,9
TM,TEAM_CR,893,90700,0.0,-43.0,-45.8,45.8,16.7,189.9,40.0,0.0,60,9
TM,ADCS_MODE,MANUAL,ADCS_REFERENCE,SUN,TARGET,0.00,POINTING_ERROR,-31.55,SUN_ERROR,-31.83,MAG_ERROR,-126.88,GYRO_Z,0.379,RW_CMD,0
TM,EST_RAW,31.83,EST_FILTERED,31.83,EST_ANGLE,31.55,EST_FILTER,ON,EST_FILTER_TYPE,MOVING_AVERAGE,EST_MA_WINDOW,1,EST_FILTER_STRENGTH,0.35
TM,EST_FUSION,ON,EST_GYRO_WEIGHT,0.98,EST_VALID,1
TM,TEAM_CR,894,90740,0.0,-42.5,-45.0,45.0,19.1,181.8,40.0,0.0,60,9
TM,TEAM_CR,895,90789,0.0,-41.8,-44.0,44.0,20.4,175.1,40.0,0.0,60,9
TM,SUN_L,3608,SUN_R,3246,SUN_NDV,0.0528,SUN_ANGLE,31.77
TM,MAG_X,-19.70,MAG_Y,26.26,MAG_Z,5.55,MAG_HEADING,126.88
TM,GYRO_X,-1.286,GYRO_Y,-1.969,GYRO_Z,0.405,BODY_RATE,-0.405
TM,TEAM_CR,896,90829,0.0,-41.3,-43.1,43.1,20.3,171.8,40.0,0.0,60,9
TM,TEAM_CR,897,90869,0.0,-40.7,-42.1,42.1,23.2,162.1,40.0,0.0,60,9
TM,TEAM_CR,898,90909,0.0,-40.0,-41.1,41.1,25.0,154.4,40.0,0.0,60,9
TM,TEAM_CR,899,90950,0.0,-39.3,-40.1,40.1,23.9,152.4,40.0,0.0,60,9
TM,TEAM_CR,900,90990,0.0,-38.6,-39.0,39.0,26.8,142.3,40.0,0.0,60,9
TM,TEAM_CR,901,91030,0.0,-37.8,-37.8,37.8,28.9,133.7,40.0,0.0,60,9
TM,TEAM_CR,902,91070,0.0,-37.1,-36.7,36.7,28.4,130.2,40.0,0.0,60,9
TM,TEAM_CR,903,91111,0.0,-36.2,-35.5,35.5,30.3,121.4,40.0,0.0,60,9
TM,TEAM_CR,904,91150,0.0,-35.0,-34.3,34.3,33.0,111.0,40.0,0.0,60,9
TM,TEAM_CR,905,91201,0.0,-33.9,-32.6,32.6,33.7,103.2,40.0,0.0,60,9
TM,TEAM_CR,906,91241,0.0,-32.5,-31.3,31.3,34.1,97.1,40.0,0.0,60,9
TM,TEAM_CR,907,91281,0.0,-30.8,-29.9,29.9,35.2,89.2,40.0,0.0,60,9
TM,TEAM_CR,908,91321,0.0,-29.4,-28.5,28.5,37.3,79.3,40.0,0.0,60,9
TM,TEAM_CR,909,91369,0.0,-28.4,-26.7,26.7,39.3,68.2,40.0,0.0,60,9
TM,TEAM_CR,910,91409,0.0,-27.3,-25.2,25.2,38.5,63.8,40.0,0.0,60,9
TM,TEAM_CR,911,91451,0.0,-26.0,-23.6,23.6,40.7,53.7,40.5,0.0,57,1
TM,TEAM_CR,912,91491,0.0,-25.0,-22.1,22.1,42.1,45.6,41.4,0.0,50,1
TM,TEAM_CR,913,91531,0.0,-22.8,-20.5,20.5,41.1,42.2,42.2,0.0,44,1
TM,TEAM_CR,914,91571,0.0,-21.2,-19.0,19.0,39.9,39.1,43.0,0.0,39,1
TM,SUN_L,3609,SUN_R,3246,SUN_NDV,0.0530,SUN_ANGLE,31.77
TM,MAG_X,-19.65,MAG_Y,26.37,MAG_Z,5.34,MAG_HEADING,126.69
TM,GYRO_X,-1.173,GYRO_Y,-2.056,GYRO_Z,0.204,BODY_RATE,-0.204
TM,TEAM_CR,915,91611,0.0,-19.6,-17.5,17.5,39.9,33.8,43.7,0.0,35,1
TM,ADCS_MODE,MANUAL,ADCS_REFERENCE,SUN,TARGET,0.00,POINTING_ERROR,-31.55,SUN_ERROR,-31.61,MAG_ERROR,-126.69,GYRO_Z,-0.216,RW_CMD,0
TM,EST_RAW,31.61,EST_FILTERED,31.61,EST_ANGLE,31.55,EST_FILTER,ON,EST_FILTER_TYPE,MOVING_AVERAGE,EST_MA_WINDOW,1,EST_FILTER_STRENGTH,0.35
TM,EST_FUSION,ON,EST_GYRO_WEIGHT,0.98,EST_VALID,1
TM,TEAM_CR,916,91652,0.0,-18.2,-16.0,16.0,37.7,33.2,44.4,0.0,35,1
TM,TEAM_CR,917,91701,0.0,-16.4,-14.4,14.4,35.2,32.0,45.0,0.0,32,1
TM,TEAM_CR,918,91741,0.0,-15.3,-13.1,13.1,32.3,33.3,45.5,0.0,32,1
TM,TEAM_CR,919,91789,0.0,-14.2,-11.7,11.7,30.0,32.8,46.0,0.0,33,1
TM,TEAM_CR,920,91829,0.0,-12.9,-10.6,10.6,28.9,31.1,46.4,0.0,32,1
TM,TEAM_CR,921,91869,0.0,-11.5,-9.7,9.7,23.5,38.7,46.8,0.0,37,1
TM,TEAM_CR,922,91909,0.0,-10.8,-8.8,8.8,24.0,34.4,47.2,0.0,34,1
TM,TEAM_CR,923,91951,0.0,-8.9,-7.9,7.9,23.1,32.8,47.5,0.0,33,1
TM,TEAM_CR,924,91991,0.0,-7.2,-7.1,7.1,20.9,34.1,47.8,0.0,34,1
TM,TEAM_CR,925,92031,0.0,-5.7,-6.2,6.2,18.9,35.2,48.1,0.0,35,1
TM,TEAM_CR,926,92072,0.0,-5.1,-5.5,5.5,17.7,34.9,48.3,0.0,35,1
TM,TEAM_CR,927,92111,0.0,-4.5,-4.8,4.8,16.5,34.9,48.5,0.0,35,1
TM,TEAM_CR,928,92151,0.0,-4.0,-4.2,4.2,14.8,35.8,48.7,0.0,36,1
TM,TEAM_CR,929,92201,0.0,-3.3,-3.5,3.5,13.0,37.0,48.8,0.0,37,1
TM,TEAM_CR,930,92241,0.0,-2.8,-3.0,3.0,11.8,37.3,48.9,0.0,37,1
TM,TEAM_CR,931,92282,0.0,-2.5,-2.5,2.5,12.0,35.2,49.0,0.0,35,1
TM,TEAM_CR,932,92321,0.0,-2.0,-2.1,2.1,10.3,37.1,49.1,0.0,37,1
TM,SUN_L,3607,SUN_R,3245,SUN_NDV,0.0528,SUN_ANGLE,31.78
TM,MAG_X,-19.60,MAG_Y,26.30,MAG_Z,5.34,MAG_HEADING,126.69
TM,GYRO_X,-1.138,GYRO_Y,-1.969,GYRO_Z,0.064,BODY_RATE,-0.064
TM,TEAM_CR,933,92369,0.0,-1.7,-1.7,1.7,8.7,38.5,49.2,0.0,38,1
TM,TEAM_CR,934,92408,0.0,-1.5,-1.3,1.3,8.4,37.6,49.3,0.0,38,1
TM,TEAM_CR,935,92453,0.0,-1.3,-1.0,1.0,8.1,37.0,49.3,0.0,37,1
TM,TEAM_CR,936,92493,0.0,-0.8,-0.7,0.7,7.2,37.8,49.3,0.0,38,1
TM,TEAM_CR,937,92532,0.0,-0.7,-0.5,0.5,5.9,49.3,49.3,0.0,39,1
TM,TEAM_CR,938,92572,0.0,-0.6,-0.2,0.2,6.3,49.3,49.3,0.0,49,1
TM,ADCS_MODE,MANUAL,ADCS_REFERENCE,SUN,TARGET,0.00,POINTING_ERROR,-31.59,SUN_ERROR,-31.72,MAG_ERROR,-126.81,GYRO_Z,-0.347,RW_CMD,0
TM,EST_RAW,31.72,EST_FILTERED,31.72,EST_ANGLE,31.59,EST_FILTER,ON,EST_FILTER_TYPE,MOVING_AVERAGE,EST_MA_WINDOW,1,EST_FILTER_STRENGTH,0.35
TM,EST_FUSION,ON,EST_GYRO_WEIGHT,0.98,EST_VALID,1
TM,TEAM_CR,939,92612,0.0,-0.2,0.0,0.0,7.7,49.3,49.3,0.0,49,1
TM,TEAM_CR,940,92652,0.0,0.1,0.3,-0.3,7.0,49.3,49.3,0.0,49,1
TM,TEAM_CR,941,92702,0.0,0.4,0.7,-0.7,8.1,30.2,49.3,0.0,38,1
TM,TEAM_CR,942,92741,0.0,0.5,1.0,-1.0,8.6,27.9,49.3,0.0,28,1
TM,TEAM_CR,943,92790,0.0,1.0,1.3,-1.3,6.4,31.1,49.2,0.0,31,1
TM,TEAM_CR,944,92830,0.0,0.8,1.5,-1.5,4.3,34.6,49.2,0.0,35,1
TM,TEAM_CR,945,92870,0.0,1.0,1.6,-1.6,3.1,36.4,49.1,0.0,36,1
TM,TEAM_CR,946,92911,0.0,0.9,1.7,-1.7,3.0,36.1,49.0,0.0,36,1
TM,TEAM_CR,947,92953,0.0,1.3,1.8,-1.8,2.7,36.5,49.0,0.0,37,1
TM,TEAM_CR,948,92992,0.0,1.2,1.8,-1.8,1.2,39.0,48.9,0.0,38,1
TM,TEAM_CR,949,93032,0.0,1.4,1.9,-1.9,1.5,38.2,48.8,0.0,38,1
TM,TEAM_CR,950,93072,0.0,1.4,1.9,-1.9,1.7,37.5,48.7,0.0,38,1
TM,SUN_L,3609,SUN_R,3245,SUN_NDV,0.0531,SUN_ANGLE,31.76
TM,MAG_X,-19.82,MAG_Y,26.50,MAG_Z,5.31,MAG_HEADING,126.80
TM,GYRO_X,-1.015,GYRO_Y,-1.803,GYRO_Z,-0.303,BODY_RATE,0.303
TM,TEAM_CR,951,93112,0.0,1.4,2.0,-2.0,0.8,39.3,48.7,0.0,39,1
TM,TEAM_CR,952,93152,0.0,1.4,2.0,-2.0,0.2,40.3,48.6,0.0,40,1
TM,TEAM_CR,953,93202,0.0,1.5,2.0,-2.0,1.0,38.6,48.5,0.0,39,1
TM,TEAM_CR,954,93242,0.0,1.4,2.0,-2.0,1.3,37.8,48.4,0.0,38,1
TM,TEAM_CR,955,93282,0.0,1.6,2.0,-2.0,0.1,40.1,48.3,0.0,40,1
TM,TEAM_CR,956,93322,0.0,1.5,2.0,-2.0,0.0,40.3,48.3,0.0,40,1
TM,TEAM_CR,957,93371,0.0,1.6,2.0,-2.0,0.1,40.1,48.2,0.0,40,1
TM,TEAM_CR,958,93411,0.0,1.7,2.0,-2.0,0.6,39.1,48.1,0.0,40,1
TM,TEAM_CR,959,93452,0.0,1.7,2.0,-2.0,-0.2,40.5,48.0,0.0,40,1
TM,TEAM_CR,960,93492,0.0,1.5,2.0,-2.0,-0.4,40.9,47.9,0.0,40,1
TM,TEAM_CR,961,93532,0.0,1.6,1.9,-1.9,0.4,39.4,47.9,0.0,39,1
TM,ADCS_MODE,MANUAL,ADCS_REFERENCE,SUN,TARGET,0.00,POINTING_ERROR,-31.57,SUN_ERROR,-31.85,MAG_ERROR,-126.80,GYRO_Z,0.755,RW_CMD,0
TM,EST_RAW,31.85,EST_FILTERED,31.85,EST_ANGLE,31.57,EST_FILTER,ON,EST_FILTER_TYPE,MOVING_AVERAGE,EST_MA_WINDOW,1,EST_FILTER_STRENGTH,0.35
TM,EST_FUSION,ON,EST_GYRO_WEIGHT,0.98,EST_VALID,1
TM,TEAM_CR,962,93572,0.0,1.6,1.9,-1.9,0.2,39.6,47.8,0.0,40,1
TM,TEAM_CR,963,93612,0.0,1.6,1.9,-1.9,-0.4,40.8,47.7,0.0,41,1
TM,TEAM_CR,964,93652,0.0,1.6,1.9,-1.9,0.0,40.0,47.6,0.0,40,1
TM,TEAM_CR,965,93703,0.0,1.6,1.9,-1.9,0.8,38.1,47.6,0.0,38,1
TM,TEAM_CR,966,93743,0.0,1.8,1.9,-1.9,0.6,38.4,47.5,0.0,39,1
TM,TEAM_CR,967,93791,0.0,1.9,1.9,-1.9,-0.2,40.1,47.4,0.0,40,1
TM,TEAM_CR,968,93831,0.0,1.7,1.9,-1.9,-0.4,40.5,47.3,0.0,40,1
TM,SUN_L,3608,SUN_R,3244,SUN_NDV,0.0531,SUN_ANGLE,31.76
TM,MAG_X,-19.86,MAG_Y,26.40,MAG_Z,5.25,MAG_HEADING,126.95
TM,GYRO_X,-1.269,GYRO_Y,-2.170,GYRO_Z,-0.120,BODY_RATE,0.120
TM,TEAM_CR,969,93871,0.0,1.8,1.9,-1.9,0.4,38.7,47.3,0.0,39,1
TM,TEAM_CR,970,93911,0.0,1.7,1.9,-1.9,-0.1,39.8,47.2,0.0,40,1
TM,TEAM_CR,971,93952,0.0,2.3,1.9,-1.9,-0.4,40.3,47.1,0.0,40,1
TM,TEAM_CR,972,93992,0.0,1.7,1.9,-1.9,0.1,39.1,47.0,0.0,39,1
TM,TEAM_CR,973,94032,0.0,1.7,1.9,-1.9,0.2,38.8,46.9,0.0,39,1
TM,TEAM_CR,974,94072,0.0,1.8,1.9,-1.9,-0.4,40.0,46.9,0.0,40,1
TM,TEAM_CR,975,94112,0.0,2.0,1.9,-1.9,-0.5,40.2,46.8,0.0,40,1
TM,TEAM_CR,976,94152,0.0,2.0,1.9,-1.9,0.6,37.8,46.7,0.0,38,1
TM,TEAM_CR,977,94193,0.0,1.8,1.9,-1.9,-0.5,39.9,46.6,0.0,40,1
TM,TEAM_CR,978,94233,0.0,1.6,1.9,-1.9,-0.8,40.5,46.6,0.0,41,1
TM,TEAM_CR,979,94272,0.0,1.5,1.9,-1.9,0.1,38.7,46.5,0.0,39,1
TM,TEAM_CR,980,94312,0.0,1.9,1.9,-1.9,0.1,38.7,46.4,0.0,39,1
TM,TEAM_CR,981,94352,0.0,1.8,1.9,-1.9,-0.4,39.7,46.3,0.0,40,1
TM,TEAM_CR,982,94392,0.0,2.0,1.9,-1.9,-0.1,39.0,46.3,0.0,39,1
TM,TEAM_CR,983,94437,0.0,1.8,1.9,-1.9,0.0,38.7,46.2,0.0,39,1
TM,TEAM_CR,984,94477,0.0,1.9,1.8,-1.8,-0.3,39.4,46.1,0.0,39,1
TM,ADCS_MODE,MANUAL,ADCS_REFERENCE,SUN,TARGET,0.00,POINTING_ERROR,-31.55,SUN_ERROR,-31.83,MAG_ERROR,-126.43,GYRO_Z,0.607,RW_CMD,0
TM,EST_RAW,31.83,EST_FILTERED,31.83,EST_ANGLE,31.55,EST_FILTER,ON,EST_FILTER_TYPE,MOVING_AVERAGE,EST_MA_WINDOW,1,EST_FILTER_STRENGTH,0.35
TM,EST_FUSION,ON,EST_GYRO_WEIGHT,0.98,EST_VALID,1
TM,TEAM_CR,985,94517,0.0,2.0,1.8,-1.8,-0.7,40.2,46.0,0.0,40,1
TM,TEAM_CR,986,94571,0.0,1.8,1.8,-1.8,-0.4,39.5,46.0,0.0,40,1
TM,SUN_L,3609,SUN_R,3245,SUN_NDV,0.0531,SUN_ANGLE,31.68
TM,MAG_X,-19.62,MAG_Y,26.58,MAG_Z,4.66,MAG_HEADING,126.43
TM,GYRO_X,-1.181,GYRO_Y,-2.223,GYRO_Z,-0.216,BODY_RATE,0.216
TM,TEAM_CR,987,94612,0.0,1.9,1.8,-1.8,-0.6,39.9,45.9,0.0,40,1
TM,TEAM_CR,988,94652,0.0,1.8,1.8,-1.8,0.0,38.8,45.8,0.0,40,1
TM,TEAM_CR,989,94691,0.0,1.9,1.8,-1.8,-0.4,39.5,45.8,0.0,39,1
TM,TEAM_CR,990,94731,0.0,1.6,1.8,-1.8,-0.5,39.7,45.7,0.0,40,1
TM,TEAM_CR,991,94773,0.0,1.7,1.7,-1.7,0.3,38.1,45.6,0.0,38,1
TM,TEAM_CR,992,94812,0.0,2.0,1.7,-1.7,-0.6,39.8,45.5,0.0,40,1
TM,TEAM_CR,993,94852,0.0,1.7,1.7,-1.7,-0.9,40.5,45.5,0.0,41,1
TM,TEAM_CR,994,94892,0.0,2.1,1.7,-1.7,0.3,37.9,45.4,0.0,38,1
TM,TEAM_CR,995,94937,0.0,1.9,1.7,-1.7,0.3,37.8,45.3,0.0,38,1
TM,TEAM_CR,996,94976,0.0,1.6,1.7,-1.7,-0.1,38.6,45.3,0.0,39,1
TM,TEAM_CR,997,95016,0.0,1.7,1.7,-1.7,-0.9,40.2,45.2,0.0,39,1
TM,TEAM_CR,998,95056,0.0,2.0,1.7,-1.7,0.7,36.8,45.1,0.0,38,1
TM,TEAM_CR,999,95096,0.0,1.7,1.7,-1.7,-0.3,38.9,45.1,0.0,39,1
TM,TEAM_CR,1000,95136,0.0,1.7,1.7,-1.7,-0.5,39.3,45.0,0.0,39,1
TM,TEAM_CR,1001,95186,0.0,1.6,1.7,-1.7,-0.9,40.0,44.9,0.0,40,1
TM,TEAM_CR,1002,95226,0.0,1.6,1.6,-1.6,-0.2,38.7,44.9,0.0,39,1
TM,TEAM_CR,1003,95266,0.0,1.6,1.6,-1.6,-0.1,38.4,44.8,0.0,39,1
TM,TEAM_CR,1004,95306,0.0,1.6,1.6,-1.6,-0.8,39.8,44.7,0.0,40,1
TM,TEAM_CR,1005,95346,0.0,1.5,1.6,-1.6,-0.7,39.8,44.7,0.0,40,1
TM,SUN_L,3608,SUN_R,3245,SUN_NDV,0.0530,SUN_ANGLE,31.71
TM,MAG_X,-19.98,MAG_Y,26.58,MAG_Z,5.06,MAG_HEADING,126.94
TM,GYRO_X,-1.120,GYRO_Y,-2.170,GYRO_Z,0.248,BODY_RATE,-0.248
TM,TEAM_CR,1006,95394,0.0,1.7,1.6,-1.6,0.1,38.1,44.6,0.0,38,1
TM,ADCS_MODE,MANUAL,ADCS_REFERENCE,SUN,TARGET,0.00,POINTING_ERROR,-31.56,SUN_ERROR,-31.78,MAG_ERROR,-126.94,GYRO_Z,0.152,RW_CMD,0
TM,EST_RAW,31.78,EST_FILTERED,31.78,EST_ANGLE,31.56,EST_FILTER,ON,EST_FILTER_TYPE,MOVING_AVERAGE,EST_MA_WINDOW,1,EST_FILTER_STRENGTH,0.35
TM,EST_FUSION,ON,EST_GYRO_WEIGHT,0.98,EST_VALID,1
TM,TEAM_CR,1007,95437,0.0,1.7,1.6,-1.6,-0.1,38.4,44.5,0.0,39,1
TM,TEAM_CR,1008,95477,0.0,1.6,1.6,-1.6,-0.6,39.4,44.5,0.0,39,1
TM,TEAM_CR,1009,95517,0.0,1.6,1.6,-1.6,-0.5,39.2,44.4,0.0,39,1
TM,TEAM_CR,1010,95557,0.0,1.8,1.5,-1.5,0.0,38.1,44.4,0.0,39,1
TM,TEAM_CR,1011,95597,0.0,1.6,1.5,-1.5,-0.2,38.6,44.3,0.0,40,1
TM,TEAM_CR,1012,95638,0.0,1.7,1.5,-1.5,-0.7,39.6,44.2,0.0,40,1
TM,TEAM_CR,1013,95687,0.0,1.5,1.5,-1.5,-0.9,39.9,44.2,0.0,40,1
TM,TEAM_CR,1014,95726,0.0,1.7,1.5,-1.5,0.6,36.9,44.1,0.0,37,1
TM,TEAM_CR,1015,95782,0.0,1.6,1.5,-1.5,0.1,37.9,44.1,0.0,38,1
TM,TEAM_CR,1016,95821,0.0,1.9,1.5,-1.5,-0.3,38.6,44.0,0.0,39,1
TM,TEAM_CR,1017,95861,0.0,1.6,1.5,-1.5,-0.8,39.5,43.9,0.0,39,1
TM,TEAM_CR,1018,95901,0.0,1.8,1.5,-1.5,-0.7,39.3,43.9,0.0,39,1
TM,TEAM_CR,1019,95941,0.0,1.8,1.5,-1.5,-0.3,38.6,43.8,0.0,40,1
TM,TEAM_CR,1020,95981,0.0,1.3,1.4,-1.4,-0.7,39.3,43.8,0.0,39,1
TM,TEAM_CR,1021,96021,0.0,1.7,1.5,-1.5,-0.8,39.5,43.7,0.0,38,1
TM,TEAM_CR,1022,96061,0.0,1.7,1.4,-1.4,0.1,37.7,43.6,0.0,39,1
TM,TEAM_CR,1023,96101,0.0,1.5,1.4,-1.4,-0.4,38.8,43.6,0.0,39,1
TM,SUN_L,3608,SUN_R,3245,SUN_NDV,0.0530,SUN_ANGLE,31.72
TM,MAG_X,-19.87,MAG_Y,26.38,MAG_Z,5.06,MAG_HEADING,126.99
TM,GYRO_X,-1.164,GYRO_Y,-1.995,GYRO_Z,0.729,BODY_RATE,-0.729
TM,TEAM_CR,1024,96142,0.0,1.6,1.4,-1.4,-1.0,39.9,43.5,0.0,40,1
TM,TEAM_CR,1025,96202,0.0,1.6,1.4,-1.4,-0.6,39.1,43.5,0.0,39,1
TM,TEAM_CR,1026,96243,0.0,1.8,1.4,-1.4,-0.2,38.3,43.4,0.0,38,1
TM,TEAM_CR,1027,96282,0.0,1.5,1.4,-1.4,0.2,37.3,43.4,0.0,38,1
TM,TEAM_CR,1028,96322,0.0,1.6,1.4,-1.4,-0.4,38.6,43.3,0.0,39,1
TM,TEAM_CR,1029,96362,0.0,1.5,1.4,-1.4,-0.8,39.4,43.3,0.0,39,1
TM,ADCS_MODE,MANUAL,ADCS_REFERENCE,SUN,TARGET,0.00,POINTING_ERROR,-31.54,SUN_ERROR,-31.79,MAG_ERROR,-126.99,GYRO_Z,-0.172,RW_CMD,0
TM,EST_RAW,31.79,EST_FILTERED,31.79,EST_ANGLE,31.54,EST_FILTER,ON,EST_FILTER_TYPE,MOVING_AVERAGE,EST_MA_WINDOW,1,EST_FILTER_STRENGTH,0.35
TM,EST_FUSION,ON,EST_GYRO_WEIGHT,0.98,EST_VALID,1
TM,TEAM_CR,1030,96402,0.0,1.5,1.4,-1.4,0.1,37.5,43.2,0.0,37,1
TM,TEAM_CR,1031,96442,0.0,1.6,1.4,-1.4,-0.5,38.6,43.1,0.0,39,1
TM,TEAM_CR,1032,96482,0.0,1.4,1.4,-1.4,-0.8,39.3,43.1,0.0,39,1
TM,TEAM_CR,1033,96522,0.0,1.5,1.4,-1.4,0.0,37.5,43.0,0.0,38,1
TM,TEAM_CR,1034,96562,0.0,1.4,1.4,-1.4,0.3,37.0,43.0,0.0,39,1
TM,TEAM_CR,1035,96603,0.0,1.4,1.4,-1.4,-0.2,37.9,42.9,0.0,38,1
TM,TEAM_CR,1036,96643,0.0,1.7,1.4,-1.4,-0.4,38.1,42.9,0.0,38,1
TM,TEAM_CR,1037,96687,0.0,1.6,1.4,-1.4,0.4,36.6,42.8,0.0,37,1
TM,TEAM_CR,1038,96726,0.0,1.7,1.4,-1.4,0.2,37.0,42.8,0.0,37,1
TM,TEAM_CR,1039,96766,0.0,1.5,1.4,-1.4,-0.5,38.2,42.7,0.0,38,1
TM,TEAM_CR,1040,96806,0.0,1.6,1.4,-1.4,0.1,37.0,42.6,0.0,37,1
TM,TEAM_CR,1041,96846,0.0,1.7,1.4,-1.4,0.2,36.7,42.6,0.0,37,1
TM,SUN_L,3608,SUN_R,3245,SUN_NDV,0.0530,SUN_ANGLE,31.73
TM,MAG_X,-19.97,MAG_Y,26.43,MAG_Z,4.77,MAG_HEADING,127.07
TM,GYRO_X,-1.435,GYRO_Y,-2.223,GYRO_Z,0.388,BODY_RATE,-0.388
TM,TEAM_CR,1042,96886,0.0,1.4,1.4,-1.4,-0.3,37.7,42.5,0.0,38,1
TM,TEAM_CR,1043,96938,0.0,1.7,1.4,-1.4,-0.7,38.4,42.5,0.0,38,1
TM,TEAM_CR,1044,96978,0.0,1.6,1.4,-1.4,-0.3,37.6,42.4,0.0,38,1
TM,TEAM_CR,1045,97024,0.0,1.6,1.4,-1.4,-0.1,37.1,42.4,0.0,37,1
TM,TEAM_CR,1046,97064,0.0,1.5,1.4,-1.4,0.2,36.5,42.3,0.0,37,1
TM,TEAM_CR,1047,97104,0.0,1.3,1.4,-1.4,-0.5,37.8,42.3,0.0,38,1
TM,TEAM_CR,1048,97144,0.0,1.5,1.4,-1.4,-0.3,37.3,42.2,0.0,37,1
TM,TEAM_CR,1049,97187,0.0,1.7,1.4,-1.4,0.1,36.5,42.2,0.0,37,1
TM,TEAM_CR,1050,97228,0.0,1.6,1.3,-1.3,0.0,36.7,42.1,0.0,38,1
TM,TEAM_CR,1051,97267,0.0,1.8,1.4,-1.4,-0.1,36.9,42.0,0.0,37,1
TM,TEAM_CR,1052,97307,0.0,1.2,1.4,-1.4,0.1,36.4,42.0,0.0,36,1
TM,ADCS_MODE,MANUAL,ADCS_REFERENCE,SUN,TARGET,0.00,POINTING_ERROR,-31.56,SUN_ERROR,-31.72,MAG_ERROR,-126.93,GYRO_Z,-0.111,RW_CMD,0
TM,EST_RAW,31.72,EST_FILTERED,31.72,EST_ANGLE,31.56,EST_FILTER,ON,EST_FILTER_TYPE,MOVING_AVERAGE,EST_MA_WINDOW,1,EST_FILTER_STRENGTH,0.35
TM,EST_FUSION,ON,EST_GYRO_WEIGHT,0.98,EST_VALID,1
TM,TEAM_CR,1053,97347,0.0,1.8,1.3,-1.3,-0.2,36.9,41.9,0.0,37,1
TM,TEAM_CR,1054,97387,0.0,1.3,1.3,-1.3,-0.1,36.8,41.9,0.0,37,1
TM,TEAM_CR,1055,97437,0.0,1.5,1.3,-1.3,-0.6,37.7,41.8,0.0,38,1
TM,TEAM_CR,1056,97478,0.0,1.5,1.3,-1.3,-0.9,38.3,41.8,0.0,38,1
TM,TEAM_CR,1057,97517,0.0,1.8,1.3,-1.3,0.1,36.3,41.7,0.0,37,1
TM,TEAM_CR,1058,97557,0.0,1.5,1.3,-1.3,-0.4,37.1,41.7,0.0,37,1
TM,TEAM_CR,1059,97606,0.0,1.4,1.3,-1.3,-1.0,38.4,41.6,0.0,38,1
TM,SUN_L,3609,SUN_R,3246,SUN_NDV,0.0530,SUN_ANGLE,31.84
TM,MAG_X,-19.98,MAG_Y,26.59,MAG_Z,4.85,MAG_HEADING,126.93
TM,GYRO_X,-1.146,GYRO_Y,-2.231,GYRO_Z,-0.303,BODY_RATE,0.303
TM,TEAM_CR,1060,97645,0.0,1.4,1.3,-1.3,-0.2,36.7,41.6,0.0,37,1
TM,TEAM_CR,1061,97686,0.0,1.5,1.3,-1.3,0.4,35.5,41.5,0.0,37,1
TM,TEAM_CR,1062,97726,0.0,1.5,1.3,-1.3,-0.3,36.8,41.5,0.0,37,1
TM,TEAM_CR,1063,97766,0.0,1.3,1.3,-1.3,-0.7,37.5,41.4,0.0,37,1
TM,TEAM_CR,1064,97806,0.0,1.3,1.3,-1.3,0.4,35.4,41.4,0.0,36,1
TM,TEAM_CR,1065,97846,0.0,1.5,1.3,-1.3,0.7,34.7,41.3,0.0,37,1
TM,TEAM_CR,1066,97886,0.0,1.6,1.3,-1.3,-0.7,37.4,41.3,0.0,37,1
TM,TEAM_CR,1067,97937,0.0,1.6,1.3,-1.3,-0.8,37.5,41.2,0.0,38,1
TM,TEAM_CR,1068,97976,0.0,1.7,1.3,-1.3,-0.2,36.4,41.2,0.0,36,1
TM,TEAM_CR,1069,98027,0.0,1.5,1.3,-1.3,0.4,35.2,41.1,0.0,36,1
TM,TEAM_CR,1070,98067,0.0,1.5,1.3,-1.3,0.3,35.4,41.1,0.0,37,1
TM,TEAM_CR,1071,98106,0.0,1.3,1.3,-1.3,-0.9,37.7,41.0,0.0,38,1
TM,TEAM_CR,1072,98146,0.0,1.5,1.3,-1.3,0.1,35.7,40.9,0.0,36,1
TM,TEAM_CR,1073,98186,0.0,1.6,1.3,-1.3,0.3,35.3,40.9,0.0,36,1
TM,TEAM_CR,1074,98226,0.0,1.3,1.2,-1.2,-0.9,37.8,40.8,0.0,38,1
TM,TEAM_CR,1075,98266,0.0,1.5,1.2,-1.2,-0.4,36.6,40.8,0.0,37,1
TM,ADCS_MODE,MANUAL,ADCS_REFERENCE,SUN,TARGET,0.00,POINTING_ERROR,-31.50,SUN_ERROR,-31.70,MAG_ERROR,-126.93,GYRO_Z,0.370,RW_CMD,0
TM,EST_RAW,31.70,EST_FILTERED,31.70,EST_ANGLE,31.50,EST_FILTER,ON,EST_FILTER_TYPE,MOVING_AVERAGE,EST_MA_WINDOW,1,EST_FILTER_STRENGTH,0.35
TM,EST_FUSION,ON,EST_GYRO_WEIGHT,0.98,EST_VALID,1
TM,TEAM_CR,1076,98306,0.0,1.4,1.2,-1.2,0.0,35.7,40.8,0.0,36,1
TM,TEAM_CR,1077,98346,0.0,1.3,1.2,-1.2,-0.5,36.8,40.7,0.0,37,1
TM,SUN_L,3608,SUN_R,3246,SUN_NDV,0.0528,SUN_ANGLE,31.71
TM,MAG_X,-19.89,MAG_Y,26.53,MAG_Z,4.98,MAG_HEADING,126.86
TM,GYRO_X,-1.155,GYRO_Y,-2.126,GYRO_Z,-0.575,BODY_RATE,0.575
TM,TEAM_CR,1078,98386,0.0,1.4,1.2,-1.2,-0.7,37.2,40.7,0.0,37,1
TM,TEAM_CR,1079,98437,0.0,1.6,1.2,-1.2,-1.2,38.2,40.6,0.0,38,1
TM,TEAM_CR,1080,98477,0.0,1.4,1.2,-1.2,-0.1,36.0,40.6,0.0,36,1
TM,TEAM_CR,1081,98517,0.0,1.5,1.2,-1.2,-0.8,37.4,40.5,0.0,37,1
TM,TEAM_CR,1082,98557,0.0,1.3,1.1,-1.1,-1.1,38.1,40.5,0.0,38,1
TM,TEAM_CR,1083,98605,0.0,1.3,1.1,-1.1,-0.7,37.3,40.4,0.0,37,1
TM,TEAM_CR,1084,98645,0.0,1.4,1.1,-1.1,0.4,35.1,40.4,0.0,36,1
TM,TEAM_CR,1085,98687,0.0,1.1,1.1,-1.1,0.1,35.8,40.3,0.0,37,1
TM,TEAM_CR,1086,98727,0.0,1.3,1.1,-1.1,-1.1,38.0,40.3,0.0,37,1
TM,TEAM_CR,1087,98767,0.0,1.3,1.1,-1.1,-0.8,37.5,40.2,0.0,37,1
TM,TEAM_CR,1088,98807,0.0,1.1,1.1,-1.1,-0.1,36.1,40.2,0.0,37,1
TM,TEAM_CR,1089,98847,0.0,1.3,1.0,-1.0,-0.9,37.9,40.2,0.0,38,1
TM,TEAM_CR,1090,98888,0.0,1.3,1.0,-1.0,-0.3,36.6,40.1,0.0,37,1
TM,TEAM_CR,1091,98937,0.0,1.2,1.0,-1.0,0.1,35.7,40.1,0.0,36,1
TM,TEAM_CR,1092,98976,0.0,1.4,1.0,-1.0,0.1,35.6,40.0,0.0,37,1
TM,TEAM_CR,1093,99026,0.0,1.2,1.0,-1.0,-0.1,36.0,40.0,0.0,37,1
TM,TEAM_CR,1094,99066,0.0,1.1,1.0,-1.0,-1.2,38.4,40.0,0.0,38,1
TM,TEAM_CR,1095,99106,0.0,1.2,1.0,-1.0,-0.5,36.9,39.9,0.0,37,1
TM,TEAM_CR,1096,99146,0.0,1.2,1.0,-1.0,-0.4,36.8,39.9,0.0,38,1
TM,SUN_L,3607,SUN_R,3246,SUN_NDV,0.0527,SUN_ANGLE,31.73
TM,MAG_X,-19.98,MAG_Y,26.27,MAG_Z,4.93,MAG_HEADING,127.26
TM,GYRO_X,-1.409,GYRO_Y,-2.091,GYRO_Z,0.642,BODY_RATE,-0.642
TM,TEAM_CR,1097,99187,0.0,1.0,0.9,-0.9,-1.4,39.0,39.8,0.0,39,1
TM,ADCS_MODE,MANUAL,ADCS_REFERENCE,SUN,TARGET,0.00,POINTING_ERROR,-31.52,SUN_ERROR,-31.70,MAG_ERROR,-127.26,GYRO_Z,0.624,RW_CMD,0
TM,EST_RAW,31.70,EST_FILTERED,31.70,EST_ANGLE,31.52,EST_FILTER,ON,EST_FILTER_TYPE,MOVING_AVERAGE,EST_MA_WINDOW,1,EST_FILTER_STRENGTH,0.35
TM,EST_FUSION,ON,EST_GYRO_WEIGHT,0.98,EST_VALID,1
TM,TEAM_CR,1098,99227,0.0,1.4,0.9,-0.9,-1.2,38.6,39.8,0.0,39,1
TM,TEAM_CR,1099,99267,0.0,1.2,0.9,-0.9,-0.4,37.0,39.8,0.0,37,1
TM,TEAM_CR,1100,99307,0.0,1.0,0.8,-0.8,-1.2,38.9,39.7,0.0,39,1
TM,TEAM_CR,1101,99347,0.0,1.1,0.8,-0.8,-2.0,40.4,39.7,0.0,40,1
TM,TEAM_CR,1102,99388,0.0,1.0,0.7,-0.7,-1.8,40.4,39.7,0.0,40,1
TM,TEAM_CR,1103,99436,0.0,1.0,0.7,-0.7,-1.2,39.3,39.6,0.0,40,1
TM,TEAM_CR,1104,99476,0.0,0.9,0.6,-0.6,-1.5,40.0,39.6,0.0,40,1
TM,TEAM_CR,1105,99517,0.0,0.9,0.6,-0.6,-1.6,40.4,39.6,0.0,40,1
TM,TEAM_CR,1106,99560,0.0,0.8,0.5,-0.5,-1.2,39.6,39.6,0.0,40,3
TM,TEAM_CR,1107,99606,0.0,0.8,0.5,-0.5,-0.5,39.6,39.6,0.0,40,3
TM,TEAM_CR,1108,99646,0.0,0.8,0.5,-0.5,-0.8,39.6,39.6,0.0,40,3
TM,TEAM_CR,1109,99686,0.0,0.7,0.5,-0.5,-1.1,39.6,39.6,0.0,40,3
TM,TEAM_CR,1110,99726,0.0,0.8,0.5,-0.5,-0.3,39.6,39.6,0.0,40,3
TM,TEAM_CR,1111,99766,0.0,0.9,0.5,-0.5,0.7,39.6,39.6,0.0,40,3
TM,TEAM_CR,1112,99807,0.0,0.7,0.5,-0.5,0.2,39.6,39.6,0.0,40,3
TM,TEAM_CR,1113,99846,0.0,0.8,0.6,-0.6,0.1,39.6,39.6,0.0,40,3
TM,TEAM_CR,1114,99886,0.0,0.7,0.6,-0.6,1.8,39.6,39.6,0.0,40,3
TM,SUN_L,3609,SUN_R,3245,SUN_NDV,0.0531,SUN_ANGLE,31.69
TM,MAG_X,-20.06,MAG_Y,26.54,MAG_Z,4.93,MAG_HEADING,127.08
TM,GYRO_X,-1.207,GYRO_Y,-2.074,GYRO_Z,0.274,BODY_RATE,-0.274
TM,TEAM_CR,1115,99937,0.0,0.9,0.7,-0.7,1.6,39.6,39.6,0.0,40,3
TM,TEAM_CR,1116,99978,0.0,1.0,0.7,-0.7,0.8,39.6,39.6,0.0,40,3
TM,TEAM_CR,1117,100026,0.0,1.0,0.8,-0.8,0.3,39.6,39.6,0.0,40,3
TM,TEAM_CR,1118,100066,0.0,0.9,0.8,-0.8,0.1,39.6,39.6,0.0,40,3
TM,TEAM_CR,1119,100106,0.0,1.1,0.8,-0.8,0.7,39.6,39.6,0.0,40,3
TM,TEAM_CR,1120,100146,0.0,1.1,0.8,-0.8,-0.2,39.6,39.6,0.0,40,3
TM,ADCS_MODE,MANUAL,ADCS_REFERENCE,SUN,TARGET,0.00,POINTING_ERROR,-31.55,SUN_ERROR,-31.62,MAG_ERROR,-127.01,GYRO_Z,0.169,RW_CMD,0
TM,EST_RAW,31.62,EST_FILTERED,31.62,EST_ANGLE,31.55,EST_FILTER,ON,EST_FILTER_TYPE,MOVING_AVERAGE,EST_MA_WINDOW,1,EST_FILTER_STRENGTH,0.35
TM,EST_FUSION,ON,EST_GYRO_WEIGHT,0.98,EST_VALID,1
TM,TEAM_CR,1121,100188,0.0,1.0,0.8,-0.8,-0.5,39.6,39.6,0.0,40,3
TM,TEAM_CR,1122,100228,0.0,0.9,0.8,-0.8,-0.5,39.6,39.6,0.0,40,3
TM,TEAM_CR,1123,100267,0.0,1.0,0.8,-0.8,-0.3,39.6,39.6,0.0,40,3
TM,TEAM_CR,1124,100307,0.0,1.2,0.8,-0.8,-1.1,39.6,39.6,0.0,40,3
TM,TEAM_CR,1125,100347,0.0,0.9,0.7,-0.7,-0.8,39.6,39.6,0.0,40,3
TM,TEAM_CR,1126,100387,0.0,1.0,0.7,-0.7,-0.2,39.6,39.6,0.0,40,3
TM,TEAM_CR,1127,100437,0.0,0.9,0.7,-0.7,-0.2,39.6,39.6,0.0,40,3
TM,TEAM_CR,1128,100478,0.0,0.9,0.7,-0.7,-1.0,39.6,39.6,0.0,40,3
TM,TEAM_CR,1129,100517,0.0,0.9,0.7,-0.7,-0.5,39.6,39.6,0.0,40,3
TM,TEAM_CR,1130,100557,0.0,0.9,0.7,-0.7,0.2,39.6,39.6,0.0,40,3
TM,TEAM_CR,1131,100607,0.0,0.8,0.7,-0.7,0.4,39.6,39.6,0.0,40,3
TM,TEAM_CR,1132,100646,0.0,0.8,0.7,-0.7,-0.3,39.6,39.6,0.0,40,3
TM,SUN_L,3609,SUN_R,3246,SUN_NDV,0.0530,SUN_ANGLE,31.62
TM,MAG_X,-20.11,MAG_Y,26.50,MAG_Z,4.82,MAG_HEADING,127.20
TM,GYRO_X,-1.251,GYRO_Y,-2.257,GYRO_Z,-0.277,BODY_RATE,0.277
TM,TEAM_CR,1133,100686,0.0,0.9,0.7,-0.7,-0.4,39.6,39.6,0.0,40,3
TM,TEAM_CR,1134,100726,0.0,0.9,0.7,-0.7,0.8,39.6,39.6,0.0,40,3
TM,TEAM_CR,1135,100766,0.0,0.9,0.7,-0.7,0.1,39.6,39.6,0.0,40,3
TM,TEAM_CR,1136,100806,0.0,0.9,0.7,-0.7,-0.4,39.6,39.6,0.0,40,3
TM,TEAM_CR,1137,100846,0.0,0.8,0.8,-0.8,0.0,39.6,39.6,0.0,40,3
TM,TEAM_CR,1138,100886,0.0,0.9,0.8,-0.8,0.5,39.6,39.6,0.0,40,3
TM,TEAM_CR,1139,100937,0.0,1.0,0.8,-0.8,0.7,39.6,39.6,0.0,40,3
TM,TEAM_CR,1140,100977,0.0,0.8,0.8,-0.8,-0.5,39.6,39.6,0.0,40,3
TM,TEAM_CR,1141,101026,0.0,0.7,0.8,-0.8,-0.7,39.6,39.6,0.0,40,3
TM,TEAM_CR,1142,101066,0.0,0.8,0.8,-0.8,0.0,39.6,39.6,0.0,40,3
TM,TEAM_CR,1143,101106,0.0,0.9,0.7,-0.7,0.2,39.6,39.6,0.0,40,3
TM,ADCS_MODE,MANUAL,ADCS_REFERENCE,SUN,TARGET,0.00,POINTING_ERROR,-31.55,SUN_ERROR,-31.77,MAG_ERROR,-127.20,GYRO_Z,0.423,RW_CMD,0
TM,EST_RAW,31.77,EST_FILTERED,31.77,EST_ANGLE,31.55,EST_FILTER,ON,EST_FILTER_TYPE,MOVING_AVERAGE,EST_MA_WINDOW,1,EST_FILTER_STRENGTH,0.35
TM,EST_FUSION,ON,EST_GYRO_WEIGHT,0.98,EST_VALID,1
TM,TEAM_CR,1144,101146,0.0,0.9,0.7,-0.7,-0.5,39.6,39.6,0.0,40,3
TM,TEAM_CR,1145,101187,0.0,1.0,0.7,-0.7,-0.2,39.6,39.6,0.0,40,3
TM,TEAM_CR,1146,101227,0.0,0.9,0.7,-0.7,0.3,39.6,39.6,0.0,40,3
TM,TEAM_CR,1147,101267,0.0,0.8,0.7,-0.7,0.1,39.6,39.6,0.0,40,3
TM,TEAM_CR,1148,101307,0.0,0.9,0.7,-0.7,-0.5,39.6,39.6,0.0,40,3
TM,TEAM_CR,1149,101347,0.0,1.0,0.7,-0.7,-0.3,39.6,39.6,0.0,40,3
TM,TEAM_CR,1150,101387,0.0,1.0,0.7,-0.7,0.3,39.6,39.6,0.0,40,3
TM,SUN_L,3608,SUN_R,3246,SUN_NDV,0.0528,SUN_ANGLE,31.61
TM,MAG_X,-20.03,MAG_Y,26.40,MAG_Z,4.93,MAG_HEADING,127.19
TM,GYRO_X,-0.945,GYRO_Y,-2.126,GYRO_Z,-0.093,BODY_RATE,0.093
TM,TEAM_CR,1151,101437,0.0,0.9,0.7,-0.7,0.0,39.6,39.6,0.0,40,3
TM,TEAM_CR,1152,101477,0.0,1.0,0.7,-0.7,-0.7,39.6,39.6,0.0,40,3
TM,TEAM_CR,1153,101517,0.0,0.9,0.7,-0.7,-0.6,39.6,39.6,0.0,40,3
TM,TEAM_CR,1154,101557,0.0,0.8,0.7,-0.7,0.5,39.6,39.6,0.0,40,3
TM,TEAM_CR,1155,101606,0.0,0.8,0.7,-0.7,0.5,39.6,39.6,0.0,40,3
TM,TEAM_CR,1156,101646,0.0,1.0,0.7,-0.7,-0.3,39.6,39.6,0.0,40,3
TM,TEAM_CR,1157,101686,0.0,0.8,0.7,-0.7,-0.2,39.6,39.6,0.0,40,3
TM,TEAM_CR,1158,101726,0.0,0.9,0.8,-0.8,0.5,39.6,39.6,0.0,40,3
TM,TEAM_CR,1159,101766,0.0,1.0,0.8,-0.8,-0.1,39.6,39.6,0.0,40,3
TM,TEAM_CR,1160,101806,0.0,0.9,0.8,-0.8,-0.5,39.6,39.6,0.0,40,3
TM,TEAM_CR,1161,101846,0.0,0.8,0.8,-0.8,-0.1,39.6,39.6,0.0,40,3
TM,TEAM_CR,1162,101886,0.0,1.0,0.8,-0.8,0.1,39.6,39.6,0.0,40,3
TM,TEAM_CR,1163,101937,0.0,1.0,0.8,-0.8,0.3,39.6,39.6,0.0,40,3
TM,TEAM_CR,1164,101976,0.0,0.9,0.8,-0.8,-0.5,39.6,39.6,0.0,40,3
TM,TEAM_CR,1165,102026,0.0,0.9,0.8,-0.8,-0.8,39.6,39.6,0.0,40,3
TM,TEAM_CR,1166,102066,0.0,1.0,0.8,-0.8,-0.2,39.6,39.6,0.0,40,3
TM,ADCS_MODE,MANUAL,ADCS_REFERENCE,SUN,TARGET,0.00,POINTING_ERROR,-31.51,SUN_ERROR,-31.61,MAG_ERROR,-127.50,GYRO_Z,0.239,RW_CMD,0
TM,EST_RAW,31.61,EST_FILTERED,31.61,EST_ANGLE,31.51,EST_FILTER,ON,EST_FILTER_TYPE,MOVING_AVERAGE,EST_MA_WINDOW,1,EST_FILTER_STRENGTH,0.35
TM,EST_FUSION,ON,EST_GYRO_WEIGHT,0.98,EST_VALID,1
TM,TEAM_CR,1167,102106,0.0,1.0,0.8,-0.8,0.2,39.6,39.6,0.0,40,3
TM,TEAM_CR,1168,102146,0.0,1.1,0.8,-0.8,-0.2,39.6,39.6,0.0,40,3
TM,SUN_L,3608,SUN_R,3246,SUN_NDV,0.0528,SUN_ANGLE,31.65
TM,MAG_X,-20.27,MAG_Y,26.42,MAG_Z,4.54,MAG_HEADING,127.50
TM,GYRO_X,-1.356,GYRO_Y,-2.293,GYRO_Z,0.414,BODY_RATE,-0.414
TM,TEAM_CR,1169,102187,0.0,1.0,0.8,-0.8,-0.5,39.6,39.6,0.0,40,3
TM,TEAM_CR,1170,102226,0.0,1.0,0.8,-0.8,0.6,39.6,39.6,0.0,40,3
TM,TEAM_CR,1171,102266,0.0,0.9,0.8,-0.8,0.0,39.6,39.6,0.0,40,3
TM,TEAM_CR,1172,102306,0.0,1.0,0.8,-0.8,-0.3,39.6,39.6,0.0,40,3
TM,TEAM_CR,1173,102346,0.0,0.9,0.8,-0.8,-0.5,39.6,39.6,0.0,40,3
TM,TEAM_CR,1174,102386,0.0,0.9,0.8,-0.8,0.2,39.6,39.6,0.0,40,3
TM,TEAM_CR,1175,102437,0.0,0.9,0.8,-0.8,0.8,39.6,39.6,0.0,40,3
TM,TEAM_CR,1176,102477,0.0,0.9,0.8,-0.8,-0.9,39.6,39.6,0.0,40,3
TM,TEAM_CR,1177,102517,0.0,0.9,0.8,-0.8,-0.6,39.6,39.6,0.0,40,3
TM,TEAM_CR,1178,102558,0.0,0.9,0.8,-0.8,-0.2,39.6,39.6,0.0,40,3
TM,TEAM_CR,1179,102606,0.0,0.9,0.8,-0.8,0.3,39.6,39.6,0.0,40,3
TM,TEAM_CR,1180,102646,0.0,0.9,0.8,-0.8,-0.3,39.6,39.6,0.0,40,3
TM,TEAM_CR,1181,102686,0.0,1.0,0.8,-0.8,-0.7,39.6,39.6,0.0,40,3
TM,TEAM_CR,1182,102726,0.0,1.0,0.8,-0.8,0.2,39.6,39.6,0.0,40,3
TM,TEAM_CR,1183,102767,0.0,0.9,0.7,-0.7,0.2,39.6,39.6,0.0,40,3
TM,TEAM_CR,1184,102806,0.0,1.1,0.7,-0.7,-0.5,39.6,39.6,0.0,40,3
TM,TEAM_CR,1185,102846,0.0,0.8,0.7,-0.7,-0.2,39.6,39.6,0.0,40,3
TM,TEAM_CR,1186,102886,0.0,1.0,0.7,-0.7,0.4,39.6,39.6,0.0,40,3
TM,TEAM_CR,1187,102937,0.0,0.8,0.7,-0.7,0.6,39.6,39.6,0.0,40,3
TM,SUN_L,3608,SUN_R,3245,SUN_NDV,0.0530,SUN_ANGLE,31.74
TM,MAG_X,-20.19,MAG_Y,26.46,MAG_Z,5.10,MAG_HEADING,127.34
TM,GYRO_X,-1.383,GYRO_Y,-2.240,GYRO_Z,0.318,BODY_RATE,-0.318
TM,TEAM_CR,1188,102977,0.0,0.7,0.7,-0.7,-0.3,39.6,39.6,0.0,40,3
TM,ADCS_MODE,MANUAL,ADCS_REFERENCE,SUN,TARGET,0.00,POINTING_ERROR,-31.55,SUN_ERROR,-31.77,MAG_ERROR,-127.44,GYRO_Z,0.248,RW_CMD,0
TM,EST_RAW,31.77,EST_FILTERED,31.77,EST_ANGLE,31.55,EST_FILTER,ON,EST_FILTER_TYPE,MOVING_AVERAGE,EST_MA_WINDOW,1,EST_FILTER_STRENGTH,0.35
TM,EST_FUSION,ON,EST_GYRO_WEIGHT,0.98,EST_VALID,1
TM,TEAM_CR,1189,103026,0.0,0.7,0.7,-0.7,-0.7,39.6,39.6,0.0,40,3
TM,TEAM_CR,1190,103066,0.0,0.9,0.7,-0.7,-0.2,39.6,39.6,0.0,40,3
TM,TEAM_CR,1191,103106,0.0,0.8,0.7,-0.7,0.5,39.6,39.6,0.0,40,3
TM,TEAM_CR,1192,103146,0.0,0.9,0.7,-0.7,-0.3,39.6,39.6,0.0,40,3
TM,TEAM_CR,1193,103187,0.0,0.9,0.7,-0.7,-0.9,39.6,39.6,0.0,40,3
TM,TEAM_CR,1194,103227,0.0,0.8,0.7,-0.7,0.1,39.6,39.6,0.0,40,3
TM,TEAM_CR,1195,103267,0.0,0.8,0.7,-0.7,0.4,39.6,39.6,0.0,40,3
TM,TEAM_CR,1196,103307,0.0,0.7,0.7,-0.7,-0.5,39.6,39.6,0.0,40,3
TM,TEAM_CR,1197,103347,0.0,0.9,0.7,-0.7,-0.7,39.6,39.6,0.0,40,3
TM,TEAM_CR,1198,103387,0.0,0.8,0.7,-0.7,0.0,39.6,39.6,0.0,40,3
TM,TEAM_CR,1199,103437,0.0,0.9,0.7,-0.7,0.0,39.6,39.6,0.0,40,3
TM,TEAM_CR,1200,103476,0.0,0.9,0.7,-0.7,-0.8,39.6,39.6,0.0,40,3
TM,TEAM_CR,1201,103516,0.0,0.9,0.7,-0.7,-0.8,39.6,39.6,0.0,40,3
TM,TEAM_CR,1202,103556,0.0,0.9,0.7,-0.7,0.0,39.6,39.6,0.0,40,3
TM,TEAM_CR,1203,103606,0.0,0.8,0.6,-0.6,-0.1,39.6,39.6,0.0,40,3
TM,TEAM_CR,1204,103647,0.0,0.8,0.6,-0.6,0.3,39.6,39.6,0.0,40,3
TM,TEAM_CR,1205,103687,0.0,0.8,0.6,-0.6,-0.8,39.6,39.6,0.0,40,3
TM,SUN_L,3609,SUN_R,3246,SUN_NDV,0.0530,SUN_ANGLE,31.73
TM,MAG_X,-20.18,MAG_Y,26.27,MAG_Z,4.93,MAG_HEADING,127.52
TM,GYRO_X,-1.312,GYRO_Y,-1.995,GYRO_Z,0.047,BODY_RATE,-0.047
TM,TEAM_CR,1206,103727,0.0,1.0,0.6,-0.6,-0.1,39.6,39.6,0.0,40,3
TM,TEAM_CR,1207,103766,0.0,1.0,0.6,-0.6,0.4,39.6,39.6,0.0,40,3
TM,TEAM_CR,1208,103806,0.0,1.0,0.6,-0.6,-0.6,39.6,39.6,0.0,40,3
TM,TEAM_CR,1209,103846,0.0,1.2,0.6,-0.6,-0.7,39.6,39.6,0.0,40,3
TM,TEAM_CR,1210,103886,0.0,0.8,0.6,-0.6,0.2,39.6,39.6,0.0,40,3
TM,TEAM_CR,1211,103936,0.0,0.7,0.6,-0.6,0.5,39.6,39.6,0.0,40,3
TM,ADCS_MODE,MANUAL,ADCS_REFERENCE,SUN,TARGET,0.00,POINTING_ERROR,-31.51,SUN_ERROR,-31.76,MAG_ERROR,-127.52,GYRO_Z,-0.006,RW_CMD,0
TM,EST_RAW,31.76,EST_FILTERED,31.76,EST_ANGLE,31.51,EST_FILTER,ON,EST_FILTER_TYPE,MOVING_AVERAGE,EST_MA_WINDOW,1,EST_FILTER_STRENGTH,0.35
TM,EST_FUSION,ON,EST_GYRO_WEIGHT,0.98,EST_VALID,1
TM,TEAM_CR,1212,103976,0.0,0.6,0.6,-0.6,0.1,39.6,39.6,0.0,40,3
TM,TEAM_CR,1213,104026,0.0,1.0,0.6,-0.6,-0.7,39.6,39.6,0.0,40,3
TM,TEAM_CR,1214,104066,0.0,0.8,0.6,-0.6,-0.6,39.6,39.6,0.0,40,3
TM,TEAM_CR,1215,104106,0.0,0.7,0.6,-0.6,-0.5,39.6,39.6,0.0,40,3
TM,TEAM_CR,1216,104146,0.0,0.9,0.6,-0.6,0.0,39.6,39.6,0.0,40,3
TM,TEAM_CR,1217,104187,0.0,0.7,0.6,-0.6,-0.4,39.6,39.6,0.0,40,3
TM,TEAM_CR,1218,104226,0.0,0.8,0.6,-0.6,-0.9,39.6,39.6,0.0,40,3
TM,TEAM_CR,1219,104266,0.0,0.4,0.6,-0.6,0.4,39.6,39.6,0.0,40,3
TM,TEAM_CR,1220,104306,0.0,0.8,0.6,-0.6,0.1,39.6,39.6,0.0,40,3
TM,TEAM_CR,1221,104346,0.0,0.9,0.6,-0.6,-0.9,39.6,39.6,0.0,40,3
TM,TEAM_CR,1222,104386,0.0,0.7,0.6,-0.6,0.1,39.6,39.6,0.0,40,3
TM,TEAM_CR,1223,104438,0.0,0.8,0.6,-0.6,0.1,39.6,39.6,0.0,40,3
TM,SUN_L,3610,SUN_R,3245,SUN_NDV,0.0532,SUN_ANGLE,31.73
TM,MAG_X,-20.02,MAG_Y,26.42,MAG_Z,4.78,MAG_HEADING,127.15
TM,GYRO_X,-1.067,GYRO_Y,-2.091,GYRO_Z,-0.058,BODY_RATE,0.058
TM,TEAM_CR,1224,104477,0.0,0.8,0.6,-0.6,0.5,39.6,39.6,0.0,40,3
TM,TEAM_CR,1225,104517,0.0,0.7,0.6,-0.6,-0.7,39.6,39.6,0.0,40,3
TM,TEAM_CR,1226,104557,0.0,0.7,0.6,-0.6,-0.5,39.6,39.6,0.0,40,3
TM,TEAM_CR,1227,104606,0.0,0.9,0.6,-0.6,0.2,39.6,39.6,0.0,40,3
TM,TEAM_CR,1228,104646,0.0,0.9,0.6,-0.6,0.5,39.6,39.6,0.0,40,3
TM,TEAM_CR,1229,104687,0.0,0.8,0.6,-0.6,-0.2,39.6,39.6,0.0,40,3
TM,TEAM_CR,1230,104727,0.0,0.7,0.6,-0.6,-0.6,39.6,39.6,0.0,40,3
TM,TEAM_CR,1231,104767,0.0,0.7,0.6,-0.6,0.6,39.6,39.6,0.0,40,3
TM,TEAM_CR,1232,104807,0.0,0.8,0.6,-0.6,0.3,39.6,39.6,0.0,40,3
TM,TEAM_CR,1233,104847,0.0,0.9,0.6,-0.6,-0.5,39.6,39.6,0.0,40,3
TM,TEAM_CR,1234,104887,0.0,0.7,0.6,-0.6,0.2,39.6,39.6,0.0,40,3
TM,ADCS_MODE,MANUAL,ADCS_REFERENCE,SUN,TARGET,0.00,POINTING_ERROR,-31.54,SUN_ERROR,-31.73,MAG_ERROR,-127.03,GYRO_Z,0.239,RW_CMD,0
TM,EST_RAW,31.73,EST_FILTERED,31.73,EST_ANGLE,31.54,EST_FILTER,ON,EST_FILTER_TYPE,MOVING_AVERAGE,EST_MA_WINDOW,1,EST_FILTER_STRENGTH,0.35
TM,EST_FUSION,ON,EST_GYRO_WEIGHT,0.98,EST_VALID,1
TM,TEAM_CR,1235,104937,0.0,0.8,0.6,-0.6,-0.2,39.6,39.6,0.0,40,3
TM,TEAM_CR,1236,104977,0.0,0.7,0.6,-0.6,0.9,39.6,39.6,0.0,40,3
TM,TEAM_CR,1237,105026,0.0,0.7,0.6,-0.6,0.6,39.6,39.6,0.0,40,3
TM,TEAM_CR,1238,105066,0.0,0.8,0.6,-0.6,-0.4,39.6,39.6,0.0,40,3
TM,TEAM_CR,1239,105106,0.0,0.9,0.7,-0.7,0.1,39.6,39.6,0.0,40,3
TM,TEAM_CR,1240,105146,0.0,0.9,0.7,-0.7,0.6,39.6,39.6,0.0,40,3
TM,TEAM_CR,1241,105187,0.0,0.9,0.7,-0.7,0.3,39.6,39.6,0.0,40,3
TM,SUN_L,3609,SUN_R,3244,SUN_NDV,0.0533,SUN_ANGLE,31.81
TM,MAG_X,-19.95,MAG_Y,26.45,MAG_Z,5.10,MAG_HEADING,127.03
TM,GYRO_X,-1.076,GYRO_Y,-2.135,GYRO_Z,0.029,BODY_RATE,-0.029
TM,TEAM_CR,1242,105227,0.0,1.2,0.7,-0.7,-0.7,39.6,39.6,0.0,40,3
TM,TEAM_CR,1243,105267,0.0,0.8,0.7,-0.7,-0.7,39.6,39.6,0.0,40,3
TM,TEAM_CR,1244,105307,0.0,0.8,0.7,-0.7,0.0,39.6,39.6,0.0,40,3
TM,TEAM_CR,1245,105347,0.0,0.8,0.7,-0.7,-0.6,39.6,39.6,0.0,40,3
TM,TEAM_CR,1246,105387,0.0,0.9,0.7,-0.7,-0.8,39.6,39.6,0.0,40,3
TM,TEAM_CR,1247,105436,0.0,0.8,0.7,-0.7,-0.4,39.6,39.6,0.0,40,3
TM,TEAM_CR,1248,105476,0.0,0.8,0.7,-0.7,-0.2,39.6,39.6,0.0,40,3
TM,TEAM_CR,1249,105516,0.0,0.7,0.7,-0.7,0.0,39.6,39.6,0.0,40,3
TM,TEAM_CR,1250,105556,0.0,0.8,0.7,-0.7,-0.7,39.6,39.6,0.0,40,3
TM,TEAM_CR,1251,105607,0.0,0.6,0.7,-0.7,-0.5,39.6,39.6,0.0,40,3
TM,TEAM_CR,1252,105647,0.0,1.2,0.7,-0.7,-0.2,39.6,39.6,0.0,40,3
TM,TEAM_CR,1253,105687,0.0,0.9,0.7,-0.7,0.5,39.6,39.6,0.0,40,3
TM,TEAM_CR,1254,105727,0.0,0.8,0.7,-0.7,0.3,39.6,39.6,0.0,40,3
TM,TEAM_CR,1255,105767,0.0,0.9,0.7,-0.7,-0.4,39.6,39.6,0.0,40,3
TM,TEAM_CR,1256,105807,0.0,1.1,0.7,-0.7,0.5,39.6,39.6,0.0,40,3
TM,TEAM_CR,1257,105847,0.0,0.8,0.7,-0.7,-0.1,39.6,39.6,0.0,40,3
TM,ADCS_MODE,MANUAL,ADCS_REFERENCE,SUN,TARGET,0.00,POINTING_ERROR,-31.54,SUN_ERROR,-31.63,MAG_ERROR,-127.01,GYRO_Z,0.134,RW_CMD,0
TM,EST_RAW,31.63,EST_FILTERED,31.63,EST_ANGLE,31.54,EST_FILTER,ON,EST_FILTER_TYPE,MOVING_AVERAGE,EST_MA_WINDOW,1,EST_FILTER_STRENGTH,0.35
TM,EST_FUSION,ON,EST_GYRO_WEIGHT,0.98,EST_VALID,1
TM,TEAM_CR,1258,105887,0.0,0.8,0.7,-0.7,-0.6,39.6,39.6,0.0,40,3
TM,TEAM_CR,1259,105937,0.0,0.7,0.7,-0.7,-1.0,39.6,39.6,0.0,40,3
TM,SUN_L,3608,SUN_R,3245,SUN_NDV,0.0530,SUN_ANGLE,31.76
TM,MAG_X,-19.84,MAG_Y,26.42,MAG_Z,4.96,MAG_HEADING,126.91
TM,GYRO_X,-1.216,GYRO_Y,-2.240,GYRO_Z,0.195,BODY_RATE,-0.195
TM,TEAM_CR,1260,105977,0.0,1.0,0.7,-0.7,-0.3,39.6,39.6,0.0,40,3
TM,TEAM_CR,1261,106026,0.0,0.7,0.7,-0.7,0.0,39.6,39.6,0.0,40,3
TM,TEAM_CR,1262,106066,0.0,0.4,0.6,-0.6,-0.1,39.6,39.6,0.0,40,3
TM,TEAM_CR,1263,106106,0.0,0.9,0.6,-0.6,-0.8,39.6,39.6,0.0,40,3
TM,TEAM_CR,1264,106146,0.0,1.0,0.6,-0.6,-0.6,39.6,39.6,0.0,40,3
TM,TEAM_CR,1265,106187,0.0,0.5,0.6,-0.6,0.1,39.6,39.6,0.0,40,3
TM,TEAM_CR,1266,106226,0.0,0.8,0.6,-0.6,0.1,39.6,39.6,0.0,40,3
TM,TEAM_CR,1267,106266,0.0,0.9,0.6,-0.6,-0.6,39.6,39.6,0.0,40,3
TM,TEAM_CR,1268,106306,0.0,0.5,0.6,-0.6,-0.3,39.6,39.6,0.0,40,3
TM,TEAM_CR,1269,106346,0.0,0.6,0.6,-0.6,0.5,39.6,39.6,0.0,40,3
TM,TEAM_CR,1270,106386,0.0,0.9,0.6,-0.6,-0.1,39.6,39.6,0.0,40,3
TM,TEAM_CR,1271,106437,0.0,0.9,0.6,-0.6,-0.2,39.6,39.6,0.0,40,3
TM,TEAM_CR,1272,106477,0.0,0.9,0.7,-0.7,-0.2,39.6,39.6,0.0,40,3
TM,TEAM_CR,1273,106517,0.0,0.9,0.7,-0.7,0.6,39.6,39.6,0.0,40,3
TM,TEAM_CR,1274,106558,0.0,0.7,0.7,-0.7,0.5,39.6,39.6,0.0,40,3
TM,TEAM_CR,1275,106606,0.0,0.6,0.7,-0.7,-0.3,39.6,39.6,0.0,40,3
TM,TEAM_CR,1276,106646,0.0,0.7,0.7,-0.7,-0.6,39.6,39.6,0.0,40,3
TM,TEAM_CR,1277,106686,0.0,1.0,0.7,-0.7,-0.2,39.6,39.6,0.0,40,3
TM,TEAM_CR,1278,106726,0.0,0.9,0.7,-0.7,-0.1,39.6,39.6,0.0,40,3
TM,SUN_L,3609,SUN_R,3246,SUN_NDV,0.0530,SUN_ANGLE,31.70
TM,MAG_X,-19.94,MAG_Y,26.40,MAG_Z,4.94,MAG_HEADING,127.06
TM,GYRO_X,-1.015,GYRO_Y,-2.931,GYRO_Z,0.274,BODY_RATE,-0.274
TM,TEAM_CR,1279,106766,0.0,0.9,0.7,-0.7,-0.9,39.6,39.6,0.0,40,3
TM,ADCS_MODE,MANUAL,ADCS_REFERENCE,SUN,TARGET,0.00,POINTING_ERROR,-31.55,SUN_ERROR,-31.62,MAG_ERROR,-127.06,GYRO_Z,0.169,RW_CMD,0
TM,EST_RAW,31.62,EST_FILTERED,31.62,EST_ANGLE,31.55,EST_FILTER,ON,EST_FILTER_TYPE,MOVING_AVERAGE,EST_MA_WINDOW,1,EST_FILTER_STRENGTH,0.35
TM,EST_FUSION,ON,EST_GYRO_WEIGHT,0.98,EST_VALID,1
TM,TEAM_CR,1280,106806,0.0,0.9,0.6,-0.6,-1.0,39.6,39.6,0.0,40,3
TM,TEAM_CR,1281,106847,0.0,0.8,0.6,-0.6,-0.3,39.6,39.6,0.0,40,3
TM,TEAM_CR,1282,106886,0.0,0.7,0.6,-0.6,-0.3,39.6,39.6,0.0,40,3
TM,TEAM_CR,1283,106937,0.0,0.7,0.6,-0.6,-0.3,39.6,39.6,0.0,40,3
TM,TEAM_CR,1284,106977,0.0,1.0,0.6,-0.6,-0.9,39.6,39.6,0.0,40,3
TM,TEAM_CR,1285,107026,0.0,0.9,0.6,-0.6,-1.0,39.6,39.6,0.0,40,3
TM,TEAM_CR,1286,107066,0.0,0.8,0.6,-0.6,0.0,39.6,39.6,0.0,40,3
TM,TEAM_CR,1287,107106,0.0,0.9,0.6,-0.6,0.4,39.6,39.6,0.0,40,3
TM,TEAM_CR,1288,107146,0.0,0.8,0.6,-0.6,0.0,39.6,39.6,0.0,40,3
TM,TEAM_CR,1289,107187,0.0,0.8,0.6,-0.6,-0.2,39.6,39.6,0.0,40,3
TM,TEAM_CR,1290,107227,0.0,0.8,0.6,-0.6,0.6,39.6,39.6,0.0,40,3
TM,TEAM_CR,1291,107267,0.0,0.9,0.6,-0.6,0.3,39.6,39.6,0.0,40,3
TM,TEAM_CR,1292,107307,0.0,0.7,0.6,-0.6,0.0,39.6,39.6,0.0,40,3
TM,TEAM_CR,1293,107347,0.0,0.9,0.7,-0.7,-0.1,39.6,39.6,0.0,40,3
TM,TEAM_CR,1294,107387,0.0,1.0,0.7,-0.7,0.4,39.6,39.6,0.0,40,3
TM,TEAM_CR,1295,107437,0.0,1.1,0.7,-0.7,0.1,39.6,39.6,0.0,40,3
TM,TEAM_CR,1296,107476,0.0,0.8,0.7,-0.7,-0.5,39.6,39.6,0.0,40,3
TM,SUN_L,3608,SUN_R,3246,SUN_NDV,0.0528,SUN_ANGLE,31.73
TM,MAG_X,-19.79,MAG_Y,26.58,MAG_Z,5.04,MAG_HEADING,126.68
TM,GYRO_X,-1.225,GYRO_Y,-1.697,GYRO_Z,-0.146,BODY_RATE,0.146
TM,TEAM_CR,1297,107516,0.0,1.0,0.7,-0.7,-0.8,39.6,39.6,0.0,40,3
TM,TEAM_CR,1298,107556,0.0,1.0,0.7,-0.7,-0.1,39.6,39.6,0.0,40,3
TM,TEAM_CR,1299,107606,0.0,0.8,0.6,-0.6,-0.2,39.6,39.6,0.0,40,3
TM,TEAM_CR,1300,107646,0.0,0.8,0.6,-0.6,-0.5,39.6,39.6,0.0,40,3
TM,TEAM_CR,1301,107686,0.0,0.8,0.6,-0.6,-1.1,39.6,39.6,0.0,40,3
TM,TEAM_CR,1302,107726,0.0,0.8,0.6,-0.6,-0.5,39.6,39.6,0.0,40,3
TM,ADCS_MODE,MANUAL,ADCS_REFERENCE,SUN,TARGET,0.00,POINTING_ERROR,-31.56,SUN_ERROR,-31.71,MAG_ERROR,-127.16,GYRO_Z,0.344,RW_CMD,0
TM,EST_RAW,31.71,EST_FILTERED,31.71,EST_ANGLE,31.56,EST_FILTER,ON,EST_FILTER_TYPE,MOVING_AVERAGE,EST_MA_WINDOW,1,EST_FILTER_STRENGTH,0.35
TM,EST_FUSION,ON,EST_GYRO_WEIGHT,0.98,EST_VALID,1
TM,TEAM_CR,1303,107766,0.0,0.8,0.6,-0.6,0.1,39.6,39.6,0.0,40,3
TM,TEAM_CR,1304,107806,0.0,0.7,0.6,-0.6,-0.1,39.6,39.6,0.0,40,3
TM,TEAM_CR,1305,107846,0.0,0.8,0.6,-0.6,-0.7,39.6,39.6,0.0,40,3
TM,TEAM_CR,1306,107886,0.0,0.8,0.6,-0.6,-0.3,39.6,39.6,0.0,40,3
TM,TEAM_CR,1307,107936,0.0,0.9,0.6,-0.6,0.5,39.6,39.6,0.0,40,3
TM,TEAM_CR,1308,107977,0.0,0.9,0.6,-0.6,0.3,39.6,39.6,0.0,40,3
TM,TEAM_CR,1309,108026,0.0,0.9,0.6,-0.6,0.1,39.6,39.6,0.0,40,3
TM,TEAM_CR,1310,108066,0.0,1.0,0.7,-0.7,-0.5,39.6,39.6,0.0,40,3
TM,TEAM_CR,1311,108106,0.0,0.8,0.6,-0.6,-0.5,39.6,39.6,0.0,40,3
TM,TEAM_CR,1312,108146,0.0,0.7,0.7,-0.7,0.2,39.6,39.6,0.0,40,3
TM,TEAM_CR,1313,108187,0.0,0.8,0.6,-0.6,-0.4,39.6,39.6,0.0,40,3
TM,TEAM_CR,1314,108228,0.0,0.8,0.6,-0.6,-1.0,39.6,39.6,0.0,40,3
TM,SUN_L,3609,SUN_R,3244,SUN_NDV,0.0533,SUN_ANGLE,31.79
TM,MAG_X,-19.94,MAG_Y,26.30,MAG_Z,5.23,MAG_HEADING,127.16
TM,GYRO_X,-0.980,GYRO_Y,-2.135,GYRO_Z,0.204,BODY_RATE,-0.204
TM,TEAM_CR,1315,108267,0.0,0.8,0.6,-0.6,0.0,39.6,39.6,0.0,40,3
TM,TEAM_CR,1316,108307,0.0,0.9,0.6,-0.6,-0.2,39.6,39.6,0.0,40,3
TM,TEAM_CR,1317,108347,0.0,0.6,0.6,-0.6,-0.6,39.6,39.6,0.0,40,3
TM,TEAM_CR,1318,108387,0.0,0.8,0.6,-0.6,-0.3,39.6,39.6,0.0,40,3
TM,TEAM_CR,1319,108436,0.0,0.8,0.6,-0.6,-0.5,39.6,39.6,0.0,40,3
TM,TEAM_CR,1320,108476,0.0,0.6,0.6,-0.6,0.4,39.6,39.6,0.0,40,3
TM,TEAM_CR,1321,108516,0.0,0.8,0.6,-0.6,0.2,39.6,39.6,0.0,40,3
TM,TEAM_CR,1322,108556,0.0,0.8,0.6,-0.6,-0.1,39.6,39.6,0.0,40,3
TM,TEAM_CR,1323,108606,0.0,0.8,0.6,-0.6,-0.3,39.6,39.6,0.0,40,3
TM,TEAM_CR,1324,108647,0.0,0.8,0.6,-0.6,0.5,39.6,39.6,0.0,40,3
TM,TEAM_CR,1325,108687,0.0,0.6,0.6,-0.6,0.4,39.6,39.6,0.0,40,3
TM,ADCS_MODE,MANUAL,ADCS_REFERENCE,SUN,TARGET,0.00,POINTING_ERROR,-31.56,SUN_ERROR,-31.75,MAG_ERROR,-127.03,GYRO_Z,0.344,RW_CMD,0
TM,EST_RAW,31.75,EST_FILTERED,31.75,EST_ANGLE,31.56,EST_FILTER,ON,EST_FILTER_TYPE,MOVING_AVERAGE,EST_MA_WINDOW,1,EST_FILTER_STRENGTH,0.35
TM,EST_FUSION,ON,EST_GYRO_WEIGHT,0.98,EST_VALID,1
TM,TEAM_CR,1326,108727,0.0,0.9,0.6,-0.6,-0.1,39.6,39.6,0.0,40,3
TM,TEAM_CR,1327,108767,0.0,0.8,0.7,-0.7,-0.4,39.6,39.6,0.0,40,3
TM,TEAM_CR,1328,108807,0.0,0.9,0.7,-0.7,0.0,39.6,39.6,0.0,40,3
TM,TEAM_CR,1329,108847,0.0,0.8,0.7,-0.7,0.2,39.6,39.6,0.0,40,3
TM,TEAM_CR,1330,108887,0.0,0.8,0.7,-0.7,-0.6,39.6,39.6,0.0,40,3
TM,TEAM_CR,1331,108937,0.0,0.8,0.6,-0.6,-1.0,39.6,39.6,0.0,40,3
TM,TEAM_CR,1332,108977,0.0,0.9,0.6,-0.6,-0.2,39.6,39.6,0.0,40,3
TM,SUN_L,3609,SUN_R,3245,SUN_NDV,0.0531,SUN_ANGLE,31.77
TM,MAG_X,-19.97,MAG_Y,26.22,MAG_Z,5.06,MAG_HEADING,127.29
TM,GYRO_X,-1.383,GYRO_Y,-2.109,GYRO_Z,0.563,BODY_RATE,-0.563
TM,TEAM_CR,1333,109026,0.0,0.8,0.6,-0.6,0.1,39.6,39.6,0.0,40,3
TM,TEAM_CR,1334,109066,0.0,0.8,0.6,-0.6,0.1,39.6,39.6,0.0,40,3
TM,TEAM_CR,1335,109106,0.0,0.9,0.6,-0.6,-0.4,39.6,39.6,0.0,40,3
TM,TEAM_CR,1336,109146,0.0,0.9,0.6,-0.6,-0.8,39.6,39.6,0.0,40,3
TM,TEAM_CR,1337,109187,0.0,1.1,0.7,-0.7,0.3,39.6,39.6,0.0,40,3
TM,TEAM_CR,1338,109227,0.0,0.9,0.6,-0.6,0.0,39.6,39.6,0.0,40,3
TM,TEAM_CR,1339,109267,0.0,0.9,0.6,-0.6,-0.9,39.6,39.6,0.0,40,3
TM,TEAM_CR,1340,109307,0.0,0.9,0.6,-0.6,-1.1,39.6,39.6,0.0,40,3
TM,TEAM_CR,1341,109347,0.0,0.8,0.6,-0.6,-0.1,39.6,39.6,0.0,40,3
TM,TEAM_CR,1342,109387,0.0,0.8,0.6,-0.6,-0.3,39.6,39.6,0.0,40,3
TM,TEAM_CR,1343,109436,0.0,0.4,0.6,-0.6,-0.4,39.6,39.6,0.0,40,3
TM,TEAM_CR,1344,109476,0.0,0.9,0.6,-0.6,-0.6,39.6,39.6,0.0,40,3
TM,TEAM_CR,1345,109516,0.0,0.8,0.6,-0.6,-0.2,39.6,39.6,0.0,40,3
TM,TEAM_CR,1346,109556,0.0,0.9,0.6,-0.6,0.3,39.6,39.6,0.0,40,3
TM,TEAM_CR,1347,109606,0.0,0.6,0.6,-0.6,0.1,39.6,39.6,0.0,40,3
TM,TEAM_CR,1348,109646,0.0,0.8,0.6,-0.6,-0.3,39.6,39.6,0.0,40,3
TM,ADCS_MODE,MANUAL,ADCS_REFERENCE,SUN,TARGET,0.00,POINTING_ERROR,-31.52,SUN_ERROR,-31.70,MAG_ERROR,-127.17,GYRO_Z,0.747,RW_CMD,0
TM,EST_RAW,31.70,EST_FILTERED,31.70,EST_ANGLE,31.52,EST_FILTER,ON,EST_FILTER_TYPE,MOVING_AVERAGE,EST_MA_WINDOW,1,EST_FILTER_STRENGTH,0.35
TM,EST_FUSION,ON,EST_GYRO_WEIGHT,0.98,EST_VALID,1
TM,TEAM_CR,1349,109687,0.0,0.8,0.6,-0.6,0.2,39.6,39.6,0.0,40,3
TM,TEAM_CR,1350,109726,0.0,1.1,0.6,-0.6,0.6,39.6,39.6,0.0,40,3
TM,TEAM_CR,1351,109766,0.0,0.8,0.6,-0.6,0.0,39.6,39.6,0.0,40,3
TM,SUN_L,3610,SUN_R,3246,SUN_NDV,0.0531,SUN_ANGLE,31.79
TM,MAG_X,-20.06,MAG_Y,26.46,MAG_Z,4.51,MAG_HEADING,127.17
TM,GYRO_X,-1.138,GYRO_Y,-2.118,GYRO_Z,0.370,BODY_RATE,-0.370
TM,TEAM_CR,1352,109806,0.0,0.8,0.6,-0.6,-1.0,39.6,39.6,0.0,40,3
TM,TEAM_CR,1353,109846,0.0,0.6,0.6,-0.6,0.0,39.6,39.6,0.0,40,3
TM,TEAM_CR,1354,109887,0.0,0.9,0.6,-0.6,0.5,39.6,39.6,0.0,40,3
TM,TEAM_CR,1355,109935,0.0,0.9,0.7,-0.7,-0.1,39.6,39.6,0.0,40,3
TM,TEAM_CR,1356,109975,0.0,1.2,0.6,-0.6,-0.4,39.6,39.6,0.0,40,3
TM,TEAM_CR,1357,110026,0.0,0.6,0.6,-0.6,-0.8,39.6,39.6,0.0,40,3
TM,TEAM_CR,1358,110066,0.0,1.0,0.6,-0.6,-0.4,39.6,39.6,0.0,40,3
TM,TEAM_CR,1359,110106,0.0,0.9,0.6,-0.6,-0.1,39.6,39.6,0.0,40,3
TM,TEAM_CR,1360,110146,0.0,0.9,0.6,-0.6,-0.1,39.6,39.6,0.0,40,3
TM,TEAM_CR,1361,110187,0.0,0.8,0.6,-0.6,-0.6,39.6,39.6,0.0,40,3
TM,TEAM_CR,1362,110227,0.0,0.8,0.6,-0.6,-0.7,39.6,39.6,0.0,40,3
TM,TEAM_CR,1363,110267,0.0,0.3,0.6,-0.6,0.2,39.6,39.6,0.0,40,3
TM,TEAM_CR,1364,110307,0.0,0.8,0.6,-0.6,-0.3,39.6,39.6,0.0,40,3
TM,TEAM_CR,1365,110348,0.0,0.7,0.6,-0.6,-0.6,39.6,39.6,0.0,40,3
TM,TEAM_CR,1366,110387,0.0,0.3,0.6,-0.6,-0.8,39.6,39.6,0.0,40,3
TM,TEAM_CR,1367,110437,0.0,0.6,0.6,-0.6,0.2,39.6,39.6,0.0,40,3
TM,TEAM_CR,1368,110477,0.0,0.9,0.6,-0.6,0.0,39.6,39.6,0.0,40,3
TM,TEAM_CR,1369,110517,0.0,1.0,0.6,-0.6,-0.5,39.6,39.6,0.0,40,3
TM,TEAM_CR,1370,110558,0.0,0.7,0.5,-0.5,-0.7,39.6,39.6,0.0,40,3
TM,SUN_L,3610,SUN_R,3248,SUN_NDV,0.0528,SUN_ANGLE,31.63
TM,MAG_X,-19.90,MAG_Y,26.48,MAG_Z,4.99,MAG_HEADING,126.93
TM,GYRO_X,-1.304,GYRO_Y,-2.047,GYRO_Z,0.248,BODY_RATE,-0.248
TM,TEAM_CR,1371,110606,0.0,0.9,0.5,-0.5,-0.6,39.6,39.6,0.0,40,3
TM,ADCS_MODE,MANUAL,ADCS_REFERENCE,SUN,TARGET,0.00,POINTING_ERROR,-31.49,SUN_ERROR,-31.63,MAG_ERROR,-126.93,GYRO_Z,0.248,RW_CMD,0
TM,EST_RAW,31.63,EST_FILTERED,31.63,EST_ANGLE,31.49,EST_FILTER,ON,EST_FILTER_TYPE,MOVING_AVERAGE,EST_MA_WINDOW,1,EST_FILTER_STRENGTH,0.35
TM,EST_FUSION,ON,EST_GYRO_WEIGHT,0.98,EST_VALID,1
TM,TEAM_CR,1372,110646,0.0,0.9,0.5,-0.5,0.0,39.6,39.6,0.0,40,3
TM,TEAM_CR,1373,110686,0.0,0.8,0.5,-0.5,-0.4,39.6,39.6,0.0,40,3
TM,TEAM_CR,1374,110726,0.0,0.6,0.5,-0.5,-0.8,39.6,39.6,0.0,40,3
TM,TEAM_CR,1375,110767,0.0,0.8,0.5,-0.5,-0.2,39.6,39.6,0.0,40,3
TM,TEAM_CR,1376,110806,0.0,0.6,0.5,-0.5,-0.3,39.6,39.6,0.0,40,3
TM,TEAM_CR,1377,110846,0.0,0.6,0.4,-0.4,-1.1,39.6,39.6,0.0,40,3
TM,TEAM_CR,1378,110886,0.0,1.1,0.4,-0.4,-0.9,39.6,39.6,0.0,40,3
TM,TEAM_CR,1379,110937,0.0,0.7,0.4,-0.4,-0.7,39.6,39.6,0.0,40,3
TM,TEAM_CR,1380,110977,0.0,0.6,0.4,-0.4,0.3,39.6,39.6,0.0,40,3
TM,TEAM_CR,1381,111026,0.0,0.7,0.4,-0.4,0.1,39.6,39.6,0.0,40,3
TM,TEAM_CR,1382,111066,0.0,0.5,0.4,-0.4,0.0,39.6,39.6,0.0,40,3
TM,TEAM_CR,1383,111106,0.0,0.8,0.4,-0.4,-0.8,39.6,39.6,0.0,40,3
TM,TEAM_CR,1384,111146,0.0,0.8,0.4,-0.4,-0.3,39.6,39.6,0.0,40,3
TM,TEAM_CR,1385,111187,0.0,0.8,0.4,-0.4,0.6,39.6,39.6,0.0,40,3
TM,TEAM_CR,1386,111228,0.0,0.4,0.4,-0.4,-0.4,39.6,39.6,0.0,40,3
TM,TEAM_CR,1387,111267,0.0,0.8,0.4,-0.4,-0.4,39.6,39.6,0.0,40,3
TM,TEAM_CR,1388,111307,0.0,0.7,0.4,-0.4,-0.3,39.6,39.6,0.0,40,3
TM,SUN_L,3608,SUN_R,3247,SUN_NDV,0.0527,SUN_ANGLE,31.62
TM,MAG_X,-19.92,MAG_Y,26.38,MAG_Z,5.04,MAG_HEADING,127.05
TM,GYRO_X,-1.242,GYRO_Y,-2.135,GYRO_Z,0.257,BODY_RATE,-0.257
TM,TEAM_CR,1389,111347,0.0,0.7,0.4,-0.4,0.3,39.6,39.6,0.0,40,3
TM,TEAM_CR,1390,111387,0.0,0.7,0.4,-0.4,-0.2,39.6,39.6,0.0,40,3
TM,TEAM_CR,1391,111437,0.0,0.6,0.4,-0.4,-0.4,39.6,39.6,0.0,40,3
TM,TEAM_CR,1392,111477,0.0,0.6,0.4,-0.4,-0.3,39.6,39.6,0.0,40,3
TM,TEAM_CR,1393,111518,0.0,0.7,0.5,-0.5,0.4,39.6,39.6,0.0,40,3
TM,TEAM_CR,1394,111557,0.0,0.7,0.5,-0.5,0.3,39.6,39.6,0.0,40,3
TM,ADCS_MODE,MANUAL,ADCS_REFERENCE,SUN,TARGET,0.00,POINTING_ERROR,-31.50,SUN_ERROR,-31.66,MAG_ERROR,-127.05,GYRO_Z,-0.058,RW_CMD,0
TM,EST_RAW,31.66,EST_FILTERED,31.66,EST_ANGLE,31.50,EST_FILTER,ON,EST_FILTER_TYPE,MOVING_AVERAGE,EST_MA_WINDOW,1,EST_FILTER_STRENGTH,0.35
TM,EST_FUSION,ON,EST_GYRO_WEIGHT,0.98,EST_VALID,1
TM,TEAM_CR,1395,111606,0.0,0.5,0.4,-0.4,-0.6,39.6,39.6,0.0,40,3
TM,TEAM_CR,1396,111647,0.0,0.5,0.4,-0.4,-0.8,39.6,39.6,0.0,40,3
TM,TEAM_CR,1397,111687,0.0,0.7,0.5,-0.5,0.4,39.6,39.6,0.0,40,3
TM,TEAM_CR,1398,111726,0.0,0.8,0.4,-0.4,-0.4,39.6,39.6,0.0,40,3
TM,TEAM_CR,1399,111766,0.0,0.7,0.4,-0.4,-0.2,39.6,39.6,0.0,40,3
TM,TEAM_CR,1400,111806,0.0,0.6,0.4,-0.4,-0.7,39.6,39.6,0.0,40,3
TM,TEAM_CR,1401,111846,0.0,0.7,0.4,-0.4,0.0,39.6,39.6,0.0,40,3
TM,TEAM_CR,1402,111886,0.0,0.4,0.4,-0.4,0.0,39.6,39.6,0.0,40,3
TM,TEAM_CR,1403,111936,0.0,0.6,0.4,-0.4,-0.8,39.6,39.6,0.0,40,3
TM,TEAM_CR,1404,111976,0.0,0.7,0.4,-0.4,-1.1,39.6,39.6,0.0,40,3
TM,TEAM_CR,1405,112026,0.0,0.7,0.3,-0.3,-1.5,39.6,39.6,0.0,40,3
TM,TEAM_CR,1406,112066,0.0,0.3,0.3,-0.3,-0.6,39.6,39.6,0.0,40,3
TM,SUN_L,3610,SUN_R,3247,SUN_NDV,0.0529,SUN_ANGLE,31.73
TM,MAG_X,-20.02,MAG_Y,26.38,MAG_Z,4.88,MAG_HEADING,127.19
TM,GYRO_X,-0.962,GYRO_Y,-2.319,GYRO_Z,-0.076,BODY_RATE,0.076
TM,TEAM_CR,1407,112106,0.0,0.5,0.3,-0.3,-0.8,39.6,39.6,0.0,40,3
TM,TEAM_CR,1408,112147,0.0,0.5,0.2,-0.2,-1.1,39.6,39.6,0.0,40,3
TM,TEAM_CR,1409,112188,0.0,0.6,0.2,-0.2,-1.5,39.6,39.6,0.0,40,3
TM,TEAM_CR,1410,112226,0.0,0.4,0.2,-0.2,-1.1,39.6,39.6,0.0,40,3
TM,TEAM_CR,1411,112266,0.0,0.2,0.1,-0.1,-1.1,39.6,39.6,0.0,40,3
TM,TEAM_CR,1412,112306,0.0,0.6,0.1,-0.1,-1.6,39.6,39.6,0.0,40,3
TM,TEAM_CR,1413,112346,0.0,0.3,0.0,0.0,-1.7,39.6,39.6,0.0,40,3
TM,TEAM_CR,1414,112386,0.0,0.4,0.0,0.0,-0.6,39.6,39.6,0.0,40,3
TM,TEAM_CR,1415,112436,0.0,0.2,0.0,0.0,-1.0,39.6,39.6,0.0,40,3
TM,TEAM_CR,1416,112476,0.0,0.3,-0.1,0.1,-1.2,39.6,39.6,0.0,40,3
TM,TEAM_CR,1417,112516,0.0,0.4,-0.1,0.1,-2.2,39.6,39.6,0.0,40,3
TM,ADCS_MODE,MANUAL,ADCS_REFERENCE,SUN,TARGET,0.00,POINTING_ERROR,-31.56,SUN_ERROR,-31.75,MAG_ERROR,-127.16,GYRO_Z,-0.172,RW_CMD,0
TM,EST_RAW,31.75,EST_FILTERED,31.75,EST_ANGLE,31.56,EST_FILTER,ON,EST_FILTER_TYPE,MOVING_AVERAGE,EST_MA_WINDOW,1,EST_FILTER_STRENGTH,0.35
TM,EST_FUSION,ON,EST_GYRO_WEIGHT,0.98,EST_VALID,1
TM,TEAM_CR,1418,112556,0.0,0.3,-0.2,0.2,-1.5,39.6,39.6,0.0,40,3
TM,TEAM_CR,1419,112606,0.0,0.1,-0.2,0.2,-1.5,39.6,39.6,0.0,40,3
TM,TEAM_CR,1420,112646,0.0,0.0,-0.3,0.3,-0.6,39.6,39.6,0.0,40,3
TM,TEAM_CR,1421,112687,0.0,0.5,-0.3,0.3,-1.3,39.6,39.6,0.0,40,3
TM,TEAM_CR,1422,112727,0.0,-0.1,-0.3,0.3,-1.5,39.6,39.6,0.0,40,3
TM,TEAM_CR,1423,112767,0.0,-0.3,-0.3,0.3,-1.0,39.6,39.6,0.0,40,3
TM,TEAM_CR,1424,112807,0.0,-0.1,-0.4,0.4,-0.7,39.6,39.6,0.0,40,3
TM,SUN_L,3609,SUN_R,3246,SUN_NDV,0.0530,SUN_ANGLE,31.70
TM,MAG_X,-20.00,MAG_Y,26.38,MAG_Z,4.85,MAG_HEADING,127.16
TM,GYRO_X,-1.111,GYRO_Y,-2.441,GYRO_Z,0.440,BODY_RATE,-0.440
TM,TEAM_CR,1425,112847,0.0,-0.2,-0.4,0.4,-1.0,39.6,39.6,0.0,40,3
TM,TEAM_CR,1426,112887,0.0,-0.4,-0.5,0.5,-1.2,39.6,39.6,0.0,40,3
TM,TEAM_CR,1427,112937,0.0,-0.4,-0.5,0.5,-1.7,39.6,39.6,0.0,40,3
TM,TEAM_CR,1428,112977,0.0,-0.6,-0.5,0.5,-1.2,39.6,39.6,0.0,40,3
TM,TEAM_CR,1429,113027,0.0,-0.1,-0.6,0.6,-0.3,39.6,39.6,0.0,40,3
TM,TEAM_CR,1430,113066,0.0,-0.1,-0.6,0.6,-0.5,39.6,39.6,0.0,40,3
TM,TEAM_CR,1431,113106,0.0,-0.4,-0.6,0.6,-1.6,39.6,39.6,0.0,40,3
TM,TEAM_CR,1432,113146,0.0,-0.4,-0.7,0.7,-0.9,39.6,39.6,0.0,40,3
TM,TEAM_CR,1433,113187,0.0,-0.4,-0.7,0.7,-0.7,39.6,39.6,0.0,40,3
TM,TEAM_CR,1434,113227,0.0,-0.5,-0.7,0.7,-1.5,39.6,39.6,0.0,40,3
TM,TEAM_CR,1435,113267,0.0,-0.5,-0.8,0.8,-1.9,39.6,39.6,0.0,40,3
TM,TEAM_CR,1436,113307,0.0,-0.4,-0.8,0.8,-1.0,39.6,39.6,0.0,40,3
TM,TEAM_CR,1437,113347,0.0,-0.4,-0.8,0.8,-1.0,39.6,39.6,0.0,40,3
TM,TEAM_CR,1438,113387,0.0,-0.9,-0.9,0.9,-1.5,39.6,39.6,0.0,40,3
TM,TEAM_CR,1439,113437,0.0,-0.6,-0.9,0.9,-1.4,39.6,39.6,0.0,40,3
TM,TEAM_CR,1440,113477,0.0,-0.6,-1.0,1.0,-1.2,39.6,39.6,0.0,40,3
TM,ADCS_MODE,MANUAL,ADCS_REFERENCE,SUN,TARGET,0.00,POINTING_ERROR,-31.55,SUN_ERROR,-31.71,MAG_ERROR,-126.94,GYRO_Z,0.239,RW_CMD,0
TM,EST_RAW,31.71,EST_FILTERED,31.71,EST_ANGLE,31.55,EST_FILTER,ON,EST_FILTER_TYPE,MOVING_AVERAGE,EST_MA_WINDOW,1,EST_FILTER_STRENGTH,0.35
TM,EST_FUSION,ON,EST_GYRO_WEIGHT,0.98,EST_VALID,1
TM,TEAM_CR,1441,113517,0.0,-0.5,-1.0,1.0,-0.4,39.6,39.6,0.0,40,3
TM,TEAM_CR,1442,113557,0.0,-0.6,-1.0,1.0,-0.5,42.1,39.6,0.0,42,3
TM,SUN_L,3610,SUN_R,3246,SUN_NDV,0.0531,SUN_ANGLE,31.73
TM,MAG_X,-19.92,MAG_Y,26.50,MAG_Z,4.96,MAG_HEADING,126.94
TM,GYRO_X,-0.954,GYRO_Y,-2.196,GYRO_Z,-0.023,BODY_RATE,0.023
TM,TEAM_CR,1443,113606,0.0,-0.7,-1.0,1.0,-1.0,42.7,39.6,0.0,42,3
TM,TEAM_CR,1444,113646,0.0,-0.6,-1.1,1.1,-1.3,43.0,39.6,0.0,43,3
TM,TEAM_CR,1445,113687,0.0,-0.7,-1.0,1.0,0.0,41.7,39.6,0.0,42,3
TM,TEAM_CR,1446,113726,0.0,-0.8,-1.0,1.0,0.4,41.3,39.7,0.0,41,3
TM,TEAM_CR,1447,113766,0.0,-0.6,-1.0,1.0,-0.1,41.9,39.7,0.0,42,3
TM,TEAM_CR,1448,113806,0.0,-0.9,-1.0,1.0,-0.2,41.9,39.7,0.0,42,3
TM,TEAM_CR,1449,113846,0.0,-0.7,-1.0,1.0,0.1,41.6,39.7,0.0,42,3
TM,TEAM_CR,1450,113886,0.0,-0.8,-1.0,1.0,0.3,41.5,39.7,0.0,41,3
TM,TEAM_CR,1451,113935,0.0,-0.7,-1.0,1.0,-0.1,41.8,39.8,0.0,42,3
TM,TEAM_CR,1452,113975,0.0,-0.6,-1.0,1.0,-0.1,41.9,39.8,0.0,42,3
TM,TEAM_CR,1453,114026,0.0,-0.7,-1.0,1.0,-0.1,39.8,39.8,0.0,40,3
TM,TEAM_CR,1454,114066,0.0,-0.8,-1.0,1.0,0.2,39.8,39.8,0.0,40,3
TM,TEAM_CR,1455,114106,0.0,-0.7,-1.0,1.0,0.0,39.8,39.8,0.0,40,3
TM,TEAM_CR,1456,114146,0.0,-0.8,-1.0,1.0,0.2,39.8,39.8,0.0,40,3
TM,TEAM_CR,1457,114187,0.0,-0.5,-1.0,1.0,-0.8,39.8,39.8,0.0,40,3
TM,TEAM_CR,1458,114227,0.0,-0.6,-0.9,0.9,-0.7,39.8,39.8,0.0,40,3
TM,TEAM_CR,1459,114267,0.0,-0.9,-0.9,0.9,0.1,39.8,39.8,0.0,40,3
TM,TEAM_CR,1460,114307,0.0,-0.6,-1.0,1.0,-0.4,39.8,39.8,0.0,40,3
TM,TEAM_CR,1461,114347,0.0,-0.8,-1.0,1.0,-1.0,39.8,39.8,0.0,40,3
TM,SUN_L,3609,SUN_R,3246,SUN_NDV,0.0530,SUN_ANGLE,31.56
TM,MAG_X,-19.98,MAG_Y,26.48,MAG_Z,4.85,MAG_HEADING,127.04
TM,GYRO_X,-1.076,GYRO_Y,-2.266,GYRO_Z,0.222,BODY_RATE,-0.222
TM,TEAM_CR,1462,114387,0.0,-0.7,-1.0,1.0,-1.0,39.8,39.8,0.0,40,3
TM,ADCS_MODE,MANUAL,ADCS_REFERENCE,SUN,TARGET,0.00,POINTING_ERROR,-31.55,SUN_ERROR,-31.76,MAG_ERROR,-127.04,GYRO_Z,0.178,RW_CMD,0
TM,EST_RAW,31.76,EST_FILTERED,31.76,EST_ANGLE,31.55,EST_FILTER,ON,EST_FILTER_TYPE,MOVING_AVERAGE,EST_MA_WINDOW,1,EST_FILTER_STRENGTH,0.35
TM,EST_FUSION,ON,EST_GYRO_WEIGHT,0.98,EST_VALID,1
TM,TEAM_CR,1463,114437,0.0,-0.9,-1.0,1.0,-0.3,39.8,39.8,0.0,40,3
TM,TEAM_CR,1464,114477,0.0,-0.7,-1.0,1.0,-0.1,39.8,39.8,0.0,41,3
TM,TEAM_CR,1465,114517,0.0,-0.8,-1.0,1.0,-0.8,42.7,39.8,0.0,43,3
TM,TEAM_CR,1466,114558,0.0,-0.6,-1.0,1.0,-0.3,39.8,39.8,0.0,40,3
TM,TEAM_CR,1467,114606,0.0,-0.8,-1.0,1.0,-0.7,42.5,39.8,0.0,42,3
TM,TEAM_CR,1468,114646,0.0,-0.8,-1.0,1.0,0.7,39.8,39.8,0.0,41,3
TM,TEAM_CR,1469,114686,0.0,-0.5,-1.0,1.0,0.7,39.8,39.8,0.0,40,3
TM,TEAM_CR,1470,114726,0.0,-0.6,-1.0,1.0,-0.1,39.8,39.8,0.0,40,3
TM,TEAM_CR,1471,114766,0.0,-0.7,-0.9,0.9,0.3,39.8,39.8,0.0,40,3
TM,TEAM_CR,1472,114806,0.0,-0.5,-0.9,0.9,0.5,39.8,39.8,0.0,40,3
TM,TEAM_CR,1473,114846,0.0,-0.7,-0.9,0.9,0.2,39.8,39.8,0.0,40,3
TM,TEAM_CR,1474,114886,0.0,-0.6,-0.9,0.9,-0.6,39.8,39.8,0.0,40,3
TM,TEAM_CR,1475,114937,0.0,-1.0,-0.9,0.9,-0.8,39.8,39.8,0.0,40,3
TM,TEAM_CR,1476,114977,0.0,-0.7,-0.9,0.9,-0.5,39.8,39.8,0.0,40,3
TM,TEAM_CR,1477,115026,0.0,-0.6,-0.9,0.9,-0.5,39.8,39.8,0.0,40,3
TM,TEAM_CR,1478,115066,0.0,-0.7,-0.9,0.9,0.2,39.8,39.8,0.0,40,3
TM,TEAM_CR,1479,115106,0.0,-0.7,-0.9,0.9,-0.5,39.8,39.8,0.0,40,3
TM,SUN_L,3609,SUN_R,3245,SUN_NDV,0.0531,SUN_ANGLE,31.73
TM,MAG_X,-20.08,MAG_Y,26.54,MAG_Z,5.07,MAG_HEADING,127.11
TM,GYRO_X,-1.181,GYRO_Y,-2.118,GYRO_Z,0.344,BODY_RATE,-0.344
TM,TEAM_CR,1480,115146,0.0,-0.6,-0.9,0.9,-0.7,39.8,39.8,0.0,40,3
TM,TEAM_CR,1481,115187,0.0,-0.6,-0.9,0.9,-0.1,39.8,39.8,0.0,40,3
TM,TEAM_CR,1482,115227,0.0,-0.6,-0.9,0.9,0.0,39.8,39.8,0.0,40,3
TM,TEAM_CR,1483,115267,0.0,-0.8,-0.9,0.9,-0.2,39.8,39.8,0.0,40,3
TM,TEAM_CR,1484,115307,0.0,-0.5,-0.9,0.9,-0.8,39.8,39.8,0.0,40,3
TM,TEAM_CR,1485,115347,0.0,-0.5,-0.9,0.9,0.1,39.8,39.8,0.0,40,3
TM,ADCS_MODE,MANUAL,ADCS_REFERENCE,SUN,TARGET,0.00,POINTING_ERROR,-31.54,SUN_ERROR,-31.75,MAG_ERROR,-127.11,GYRO_Z,0.283,RW_CMD,0
TM,EST_RAW,31.75,EST_FILTERED,31.75,EST_ANGLE,31.54,EST_FILTER,ON,EST_FILTER_TYPE,MOVING_AVERAGE,EST_MA_WINDOW,1,EST_FILTER_STRENGTH,0.35
TM,EST_FUSION,ON,EST_GYRO_WEIGHT,0.98,EST_VALID,1
TM,TEAM_CR,1486,115387,0.0,-0.8,-0.9,0.9,0.3,39.8,39.8,0.0,40,3
TM,TEAM_CR,1487,115437,0.0,-0.8,-0.9,0.9,0.1,39.8,39.8,0.0,40,3
TM,TEAM_CR,1488,115476,0.0,-0.6,-0.9,0.9,-0.7,39.8,39.8,0.0,40,3
TM,TEAM_CR,1489,115517,0.0,-0.9,-0.9,0.9,-1.0,39.8,39.8,0.0,40,3
TM,TEAM_CR,1490,115556,0.0,-0.6,-0.9,0.9,-0.2,39.8,39.8,0.0,40,3
TM,TEAM_CR,1491,115606,0.0,-0.7,-0.9,0.9,0.2,39.8,39.8,0.0,40,3
TM,TEAM_CR,1492,115646,0.0,-0.6,-1.0,1.0,-0.1,39.8,39.8,0.0,40,3
TM,TEAM_CR,1493,115687,0.0,-0.8,-1.0,1.0,-1.0,39.8,39.8,0.0,40,3
TM,TEAM_CR,1494,115726,0.0,-0.7,-1.0,1.0,-0.7,39.8,39.8,0.0,40,3
TM,TEAM_CR,1495,115766,0.0,-0.7,-1.0,1.0,-0.2,39.8,39.8,0.0,40,3
TM,TEAM_CR,1496,115806,0.0,-0.7,-1.0,1.0,-0.2,39.8,39.8,0.0,40,3
TM,TEAM_CR,1497,115846,0.0,-0.9,-1.0,1.0,-1.2,43.1,39.9,0.0,42,3
TM,SUN_L,3609,SUN_R,3245,SUN_NDV,0.0531,SUN_ANGLE,31.74
TM,MAG_X,-19.90,MAG_Y,26.45,MAG_Z,4.98,MAG_HEADING,126.96
TM,GYRO_X,-1.102,GYRO_Y,-2.240,GYRO_Z,0.265,BODY_RATE,-0.265
TM,TEAM_CR,1498,115886,0.0,-1.0,-1.0,1.0,-0.8,42.7,39.9,0.0,43,3
TM,TEAM_CR,1499,115936,0.0,-0.8,-1.0,1.0,0.4,41.5,39.9,0.0,42,3
TM,TEAM_CR,1500,115977,0.0,-0.8,-1.0,1.0,0.7,39.9,39.9,0.0,40,3
TM,TEAM_CR,1501,116026,0.0,-0.8,-1.0,1.0,0.5,39.9,39.9,0.0,40,3
TM,TEAM_CR,1502,116066,0.0,-0.7,-1.0,1.0,0.1,39.9,39.9,0.0,40,3
TM,TEAM_CR,1503,116106,0.0,-0.6,-0.9,0.9,-0.5,39.9,39.9,0.0,40,3
TM,TEAM_CR,1504,116146,0.0,-0.6,-0.9,0.9,-0.4,39.9,39.9,0.0,40,3
TM,TEAM_CR,1505,116187,0.0,-0.8,-0.9,0.9,-0.1,39.9,39.9,0.0,40,3
TM,TEAM_CR,1506,116227,0.0,-0.6,-0.9,0.9,-0.6,39.9,39.9,0.0,40,3
TM,TEAM_CR,1507,116267,0.0,-0.7,-1.0,1.0,-0.9,39.9,39.9,0.0,40,3
TM,TEAM_CR,1508,116307,0.0,-0.9,-1.0,1.0,-0.5,39.9,39.9,0.0,40,3
TM,ADCS_MODE,MANUAL,ADCS_REFERENCE,SUN,TARGET,0.00,POINTING_ERROR,-31.53,SUN_ERROR,-31.74,MAG_ERROR,-126.88,GYRO_Z,0.327,RW_CMD,0
TM,EST_RAW,31.74,EST_FILTERED,31.74,EST_ANGLE,31.53,EST_FILTER,ON,EST_FILTER_TYPE,MOVING_AVERAGE,EST_MA_WINDOW,1,EST_FILTER_STRENGTH,0.35
TM,EST_FUSION,ON,EST_GYRO_WEIGHT,0.98,EST_VALID,1
TM,TEAM_CR,1509,116347,0.0,-0.7,-1.0,1.0,-0.6,42.5,39.9,0.0,42,3
TM,TEAM_CR,1510,116387,0.0,-1.0,-1.0,1.0,-0.6,42.6,39.9,0.0,43,3
TM,TEAM_CR,1511,116438,0.0,-0.8,-1.1,1.1,-1.1,43.1,40.0,0.0,43,3
TM,TEAM_CR,1512,116477,0.0,-0.9,-1.1,1.1,-1.0,43.1,40.0,0.0,43,3
TM,TEAM_CR,1513,116517,0.0,-0.8,-1.1,1.1,0.0,42.1,40.0,0.0,42,3
TM,TEAM_CR,1514,116557,0.0,-0.9,-1.0,1.0,0.7,41.4,40.0,0.0,42,3
TM,TEAM_CR,1515,116606,0.0,-0.7,-1.0,1.0,0.1,42.0,40.0,0.0,42,3
TM,SUN_L,3608,SUN_R,3245,SUN_NDV,0.0530,SUN_ANGLE,31.74
TM,MAG_X,-19.90,MAG_Y,26.64,MAG_Z,4.86,MAG_HEADING,126.77
TM,GYRO_X,-1.181,GYRO_Y,-2.240,GYRO_Z,0.160,BODY_RATE,-0.160
TM,TEAM_CR,1516,116646,0.0,-0.8,-1.0,1.0,-0.2,42.3,40.1,0.0,42,3
TM,TEAM_CR,1517,116687,0.0,-0.7,-1.0,1.0,-0.2,40.1,40.1,0.0,40,3
TM,TEAM_CR,1518,116727,0.0,-0.7,-1.0,1.0,0.4,40.1,40.1,0.0,40,3
TM,TEAM_CR,1519,116767,0.0,-0.9,-1.0,1.0,-0.4,40.1,40.1,0.0,40,3
TM,TEAM_CR,1520,116807,0.0,-0.6,-1.0,1.0,-1.0,40.1,40.1,0.0,40,3
TM,TEAM_CR,1521,116847,0.0,-0.9,-1.0,1.0,-1.6,43.8,40.1,0.0,44,3
TM,TEAM_CR,1522,116887,0.0,-0.7,-1.1,1.1,-0.5,42.7,40.1,0.0,43,3
TM,TEAM_CR,1523,116937,0.0,-0.9,-1.1,1.1,0.1,42.1,40.1,0.0,42,3
TM,TEAM_CR,1524,116977,0.0,-1.1,-1.1,1.1,0.2,42.1,40.1,0.0,42,3
TM,TEAM_CR,1525,117026,0.0,-0.6,-1.1,1.1,-0.3,42.6,40.2,0.0,43,3
TM,TEAM_CR,1526,117066,0.0,-0.8,-1.0,1.0,-0.1,42.4,40.2,0.0,42,3
TM,TEAM_CR,1527,117106,0.0,-0.9,-1.0,1.0,0.8,41.5,40.2,0.0,41,3
TM,TEAM_CR,1528,117146,0.0,-0.9,-1.0,1.0,0.9,40.2,40.2,0.0,41,3
TM,TEAM_CR,1529,117187,0.0,-0.7,-1.0,1.0,0.0,40.2,40.2,0.0,40,3
TM,TEAM_CR,1530,117227,0.0,-0.8,-1.0,1.0,-0.6,40.2,40.2,0.0,40,3
TM,TEAM_CR,1531,117267,0.0,-0.9,-1.0,1.0,0.2,40.2,40.2,0.0,40,3
TM,ADCS_MODE,MANUAL,ADCS_REFERENCE,SUN,TARGET,0.00,POINTING_ERROR,-31.53,SUN_ERROR,-31.81,MAG_ERROR,-126.71,GYRO_Z,0.239,RW_CMD,0
TM,EST_RAW,31.81,EST_FILTERED,31.81,EST_ANGLE,31.53,EST_FILTER,ON,EST_FILTER_TYPE,MOVING_AVERAGE,EST_MA_WINDOW,1,EST_FILTER_STRENGTH,0.35
TM,EST_FUSION,ON,EST_GYRO_WEIGHT,0.98,EST_VALID,1
TM,TEAM_CR,1532,117307,0.0,-0.8,-1.0,1.0,-0.3,40.2,40.2,0.0,40,3
TM,TEAM_CR,1533,117347,0.0,-0.8,-1.0,1.0,-0.6,42.8,40.2,0.0,42,3
TM,SUN_L,3609,SUN_R,3245,SUN_NDV,0.0531,SUN_ANGLE,31.65
TM,MAG_X,-19.76,MAG_Y,26.50,MAG_Z,4.91,MAG_HEADING,126.71
TM,GYRO_X,-1.050,GYRO_Y,-2.293,GYRO_Z,0.169,BODY_RATE,-0.169
TM,TEAM_CR,1534,117387,0.0,-0.8,-1.0,1.0,-1.1,43.4,40.3,0.0,43,3
TM,TEAM_CR,1535,117437,0.0,-0.9,-1.0,1.0,-0.7,43.0,40.3,0.0,43,3
TM,TEAM_CR,1536,117476,0.0,-1.0,-1.0,1.0,0.5,40.3,40.3,0.0,41,3
TM,TEAM_CR,1537,117516,0.0,-0.8,-1.0,1.0,0.4,40.3,40.3,0.0,42,3
TM,TEAM_CR,1538,117556,0.0,-0.7,-1.0,1.0,-0.1,40.3,40.3,0.0,40,3
TM,TEAM_CR,1539,117607,0.0,-0.7,-1.0,1.0,-0.6,40.3,40.3,0.0,40,3
TM,TEAM_CR,1540,117647,0.0,-0.7,-1.0,1.0,-0.8,40.3,40.3,0.0,40,3
TM,TEAM_CR,1541,117687,0.0,-0.7,-1.0,1.0,-0.3,40.3,40.3,0.0,40,3
TM,TEAM_CR,1542,117727,0.0,-0.7,-1.0,1.0,-0.3,42.6,40.3,0.0,43,3
TM,TEAM_CR,1543,117767,0.0,-0.8,-1.0,1.0,-0.2,42.6,40.3,0.0,43,3
TM,TEAM_CR,1544,117807,0.0,-0.8,-1.0,1.0,-0.3,42.7,40.4,0.0,43,3
TM,TEAM_CR,1545,117847,0.0,-0.7,-1.0,1.0,0.4,42.0,40.4,0.0,42,3
TM,TEAM_CR,1546,117887,0.0,-0.8,-1.0,1.0,0.9,40.4,40.4,0.0,42,3
TM,TEAM_CR,1547,117938,0.0,-0.7,-1.0,1.0,0.2,40.4,40.4,0.0,40,3
TM,TEAM_CR,1548,117977,0.0,-0.6,-1.0,1.0,-0.6,40.4,40.4,0.0,40,3
TM,TEAM_CR,1549,118026,0.0,-0.9,-1.0,1.0,-0.9,40.4,40.4,0.0,40,3
TM,TEAM_CR,1550,118066,0.0,-0.9,-1.0,1.0,-0.5,40.4,40.4,0.0,40,3
TM,TEAM_CR,1551,118106,0.0,-0.7,-1.0,1.0,-0.4,42.8,40.4,0.0,43,3
TM,TEAM_CR,1552,118146,0.0,-0.9,-1.0,1.0,-0.4,42.9,40.4,0.0,43,3
TM,SUN_L,3609,SUN_R,3245,SUN_NDV,0.0531,SUN_ANGLE,31.79
TM,MAG_X,-20.11,MAG_Y,26.34,MAG_Z,5.22,MAG_HEADING,127.37
TM,GYRO_X,-1.067,GYRO_Y,-2.240,GYRO_Z,0.300,BODY_RATE,-0.300
TM,TEAM_CR,1553,118186,0.0,-0.6,-1.0,1.0,-0.7,43.3,40.4,0.0,43,3
TM,ADCS_MODE,MANUAL,ADCS_REFERENCE,SUN,TARGET,0.00,POINTING_ERROR,-31.52,SUN_ERROR,-31.63,MAG_ERROR,-127.37,GYRO_Z,0.440,RW_CMD,0
TM,EST_RAW,31.63,EST_FILTERED,31.63,EST_ANGLE,31.52,EST_FILTER,ON,EST_FILTER_TYPE,MOVING_AVERAGE,EST_MA_WINDOW,1,EST_FILTER_STRENGTH,0.35
TM,EST_FUSION,ON,EST_GYRO_WEIGHT,0.98,EST_VALID,1
TM,TEAM_CR,1554,118226,0.0,-0.9,-1.0,1.0,-0.2,42.7,40.5,0.0,43,3
TM,TEAM_CR,1555,118266,0.0,-0.8,-1.0,1.0,0.4,42.1,40.5,0.0,42,3
TM,TEAM_CR,1556,118306,0.0,-0.7,-1.0,1.0,0.2,42.4,40.5,0.0,42,3
TM,TEAM_CR,1557,118346,0.0,-0.7,-1.0,1.0,-0.4,43.0,40.5,0.0,43,3
TM,TEAM_CR,1558,118386,0.0,-0.8,-1.0,1.0,0.0,40.5,40.5,0.0,41,3
TM,TEAM_CR,1559,118437,0.0,-0.9,-1.0,1.0,-0.4,40.5,40.5,0.0,41,3
TM,TEAM_CR,1560,118477,0.0,-0.9,-1.0,1.0,0.3,40.5,40.5,0.0,41,3
TM,TEAM_CR,1561,118517,0.0,-0.9,-1.0,1.0,0.0,40.5,40.5,0.0,41,3
TM,TEAM_CR,1562,118557,0.0,-0.8,-1.0,1.0,-1.0,40.5,40.5,0.0,41,3
TM,TEAM_CR,1563,118606,0.0,-0.7,-1.0,1.0,-1.2,43.7,40.5,0.0,43,3
TM,TEAM_CR,1564,118646,0.0,-0.7,-1.0,1.0,-0.6,43.2,40.6,0.0,43,3
TM,TEAM_CR,1565,118686,0.0,-0.9,-1.0,1.0,0.0,42.6,40.6,0.0,43,3
TM,TEAM_CR,1566,118726,0.0,-0.7,-1.0,1.0,0.0,42.6,40.6,0.0,43,3
TM,TEAM_CR,1567,118766,0.0,-0.8,-1.0,1.0,-0.5,43.2,40.6,0.0,43,3
TM,TEAM_CR,1568,118806,0.0,-0.6,-1.0,1.0,0.3,42.3,40.6,0.0,42,3
TM,TEAM_CR,1569,118847,0.0,-0.9,-1.0,1.0,0.6,40.6,40.6,0.0,42,3
TM,TEAM_CR,1570,118886,0.0,-0.8,-1.0,1.0,0.2,40.6,40.6,0.0,41,3
TM,SUN_L,3608,SUN_R,3246,SUN_NDV,0.0528,SUN_ANGLE,31.74
TM,MAG_X,-19.95,MAG_Y,26.38,MAG_Z,5.06,MAG_HEADING,127.10
TM,GYRO_X,-1.050,GYRO_Y,-2.240,GYRO_Z,0.519,BODY_RATE,-0.519
TM,TEAM_CR,1571,118937,0.0,-0.8,-1.0,1.0,0.1,40.6,40.6,0.0,41,3
TM,TEAM_CR,1572,118977,0.0,-0.9,-1.0,1.0,-0.8,40.6,40.6,0.0,41,3
TM,TEAM_CR,1573,119026,0.0,-0.7,-1.0,1.0,-0.8,40.6,40.6,0.0,41,3
TM,TEAM_CR,1574,119066,0.0,-0.7,-1.0,1.0,-0.3,40.6,40.6,0.0,41,3
TM,TEAM_CR,1575,119106,0.0,-0.9,-1.0,1.0,-0.2,40.6,40.6,0.0,41,3
TM,TEAM_CR,1576,119146,0.0,-0.6,-1.0,1.0,-1.2,43.9,40.7,0.0,44,3
TM,ADCS_MODE,MANUAL,ADCS_REFERENCE,SUN,TARGET,0.00,POINTING_ERROR,-31.53,SUN_ERROR,-31.71,MAG_ERROR,-127.23,GYRO_Z,0.195,RW_CMD,0
TM,EST_RAW,31.71,EST_FILTERED,31.71,EST_ANGLE,31.53,EST_FILTER,ON,EST_FILTER_TYPE,MOVING_AVERAGE,EST_MA_WINDOW,1,EST_FILTER_STRENGTH,0.35
TM,EST_FUSION,ON,EST_GYRO_WEIGHT,0.98,EST_VALID,1
TM,TEAM_CR,1577,119187,0.0,-0.8,-1.1,1.1,-1.0,43.8,40.7,0.0,44,3
TM,TEAM_CR,1578,119228,0.0,-0.9,-1.0,1.0,-0.3,43.1,40.7,0.0,43,3
TM,TEAM_CR,1579,119268,0.0,-1.0,-1.0,1.0,0.1,42.7,40.7,0.0,43,3
TM,TEAM_CR,1580,119307,0.0,-0.7,-1.0,1.0,0.0,42.8,40.8,0.0,43,3
TM,TEAM_CR,1581,119347,0.0,-0.9,-1.0,1.0,0.0,42.8,40.8,0.0,43,3
TM,TEAM_CR,1582,119387,0.0,-1.0,-1.0,1.0,0.3,42.6,40.8,0.0,43,3
TM,TEAM_CR,1583,119437,0.0,-0.2,-1.0,1.0,0.2,40.8,40.8,0.0,41,3
TM,TEAM_CR,1584,119476,0.0,-0.8,-1.0,1.0,0.5,40.8,40.8,0.0,41,3
TM,TEAM_CR,1585,119516,0.0,-0.7,-0.9,0.9,0.1,40.8,40.8,0.0,41,3
TM,TEAM_CR,1586,119556,0.0,-0.8,-0.9,0.9,-0.5,40.8,40.8,0.0,41,3
TM,TEAM_CR,1587,119606,0.0,-0.8,-1.0,1.0,-0.7,40.8,40.8,0.0,41,3
TM,TEAM_CR,1588,119647,0.0,-1.0,-1.0,1.0,-0.2,40.8,40.8,0.0,41,3
TM,SUN_L,3607,SUN_R,3245,SUN_NDV,0.0528,SUN_ANGLE,31.79
TM,MAG_X,-19.95,MAG_Y,26.45,MAG_Z,5.12,MAG_HEADING,127.03
TM,GYRO_X,-1.330,GYRO_Y,-2.039,GYRO_Z,0.502,BODY_RATE,-0.502
TM,TEAM_CR,1589,119686,0.0,-0.8,-1.0,1.0,0.3,40.8,40.8,0.0,41,3
TM,TEAM_CR,1590,119726,0.0,-1.0,-1.0,1.0,-0.6,40.8,40.8,0.0,41,3
TM,TEAM_CR,1591,119766,0.0,-0.8,-1.0,1.0,-1.2,44.0,40.8,0.0,43,3
TM,TEAM_CR,1592,119807,0.0,-0.9,-1.0,1.0,-0.5,43.4,40.8,0.0,43,3
TM,TEAM_CR,1593,119847,0.0,-0.8,-1.0,1.0,0.4,42.5,40.8,0.0,42,3
TM,TEAM_CR,1594,119887,0.0,-0.8,-1.0,1.0,0.4,40.9,40.9,0.0,42,3
TM,TEAM_CR,1595,119937,0.0,-0.8,-1.0,1.0,0.2,40.9,40.9,0.0,41,3
TM,TEAM_CR,1596,119978,0.0,-0.8,-1.0,1.0,-0.4,40.9,40.9,0.0,41,3
TM,TEAM_CR,1597,120025,0.0,-0.9,-1.0,1.0,-0.4,40.9,40.9,0.0,41,3
TM,TEAM_CR,1598,120065,0.0,-0.6,-0.9,0.9,0.4,40.9,40.9,0.0,41,3
TM,TEAM_CR,1599,120105,0.0,-0.9,-0.9,0.9,0.1,40.9,40.9,0.0,41,3
TM,ADCS_MODE,MANUAL,ADCS_REFERENCE,SUN,TARGET,0.00,POINTING_ERROR,-31.52,SUN_ERROR,-31.74,MAG_ERROR,-127.03,GYRO_Z,0.230,RW_CMD,0
TM,EST_RAW,31.74,EST_FILTERED,31.74,EST_ANGLE,31.52,EST_FILTER,ON,EST_FILTER_TYPE,MOVING_AVERAGE,EST_MA_WINDOW,1,EST_FILTER_STRENGTH,0.35
TM,EST_FUSION,ON,EST_GYRO_WEIGHT,0.98,EST_VALID,1
TM,TEAM_CR,1600,120145,0.0,-0.7,-0.9,0.9,-0.3,40.9,40.9,0.0,41,3
TM,TEAM_CR,1601,120186,0.0,-0.8,-0.9,0.9,-0.5,40.9,40.9,0.0,41,3
TM,TEAM_CR,1602,120226,0.0,-0.9,-1.0,1.0,-0.4,40.9,40.9,0.0,41,3
TM,TEAM_CR,1603,120266,0.0,-0.8,-1.0,1.0,-0.2,40.9,40.9,0.0,41,3
TM,TEAM_CR,1604,120306,0.0,-0.9,-1.0,1.0,-0.8,43.7,40.9,0.0,43,3
TM,TEAM_CR,1605,120346,0.0,-0.8,-1.0,1.0,-0.9,43.8,40.9,0.0,44,3
TM,TEAM_CR,1606,120386,0.0,-0.9,-1.0,1.0,-0.2,43.1,40.9,0.0,43,3
TM,SUN_L,3608,SUN_R,3245,SUN_NDV,0.0530,SUN_ANGLE,31.91
TM,MAG_X,-19.94,MAG_Y,26.40,MAG_Z,4.56,MAG_HEADING,127.06
TM,GYRO_X,-1.339,GYRO_Y,-2.371,GYRO_Z,0.230,BODY_RATE,-0.230
TM,TEAM_CR,1607,120436,0.0,-0.8,-1.0,1.0,0.7,40.9,40.9,0.0,42,3
TM,TEAM_CR,1608,120476,0.0,-0.8,-1.0,1.0,0.3,40.9,40.9,0.0,41,3
TM,TEAM_CR,1609,120516,0.0,-0.7,-1.0,1.0,0.3,40.9,40.9,0.0,41,3
TM,TEAM_CR,1610,120556,0.0,-0.7,-1.0,1.0,-0.4,40.9,40.9,0.0,41,3
TM,TEAM_CR,1611,120606,0.0,-0.7,-1.0,1.0,-0.5,40.9,40.9,0.0,41,3
TM,TEAM_CR,1612,120646,0.0,-0.9,-1.0,1.0,-0.1,40.9,40.9,0.0,41,3
TM,TEAM_CR,1613,120686,0.0,-0.9,-1.0,1.0,0.1,40.9,40.9,0.0,41,3
TM,TEAM_CR,1614,120726,0.0,-1.1,-1.0,1.0,-0.2,40.9,40.9,0.0,41,3
TM,TEAM_CR,1615,120766,0.0,-0.9,-1.0,1.0,-0.6,40.9,40.9,0.0,41,3
TM,TEAM_CR,1616,120807,0.0,-0.9,-1.0,1.0,-0.1,40.9,40.9,0.0,41,3
TM,TEAM_CR,1617,120846,0.0,-0.8,-1.0,1.0,0.2,40.9,40.9,0.0,41,3
TM,TEAM_CR,1618,120886,0.0,-0.6,-1.0,1.0,-0.5,40.9,40.9,0.0,41,3
TM,TEAM_CR,1619,120937,0.0,-0.7,-1.0,1.0,-0.1,40.9,40.9,0.0,41,3
TM,TEAM_CR,1620,120977,0.0,-0.8,-1.0,1.0,-0.7,40.9,40.9,0.0,41,3
TM,TEAM_CR,1621,121026,0.0,-0.8,-1.0,1.0,-0.7,40.9,40.9,0.0,41,3
TM,TEAM_CR,1622,121066,0.0,-0.7,-1.0,1.0,-0.3,40.9,40.9,0.0,41,3
TM,ADCS_MODE,MANUAL,ADCS_REFERENCE,SUN,TARGET,0.00,POINTING_ERROR,-31.53,SUN_ERROR,-31.70,MAG_ERROR,-127.02,GYRO_Z,0.213,RW_CMD,0
TM,EST_RAW,31.70,EST_FILTERED,31.70,EST_ANGLE,31.53,EST_FILTER,ON,EST_FILTER_TYPE,MOVING_AVERAGE,EST_MA_WINDOW,1,EST_FILTER_STRENGTH,0.35
TM,EST_FUSION,ON,EST_GYRO_WEIGHT,0.98,EST_VALID,1
TM,TEAM_CR,1623,121106,0.0,-0.9,-1.0,1.0,-0.1,43.1,40.9,0.0,43,3
TM,TEAM_CR,1624,121146,0.0,-0.8,-1.0,1.0,-0.7,43.7,41.0,0.0,44,3
TM,SUN_L,3607,SUN_R,3245,SUN_NDV,0.0528,SUN_ANGLE,31.71
TM,MAG_X,-19.94,MAG_Y,26.43,MAG_Z,5.14,MAG_HEADING,127.02
TM,GYRO_X,-1.006,GYRO_Y,-1.960,GYRO_Z,0.020,BODY_RATE,-0.020
TM,TEAM_CR,1625,121187,0.0,-0.8,-1.0,1.0,-0.8,43.9,41.0,0.0,44,3
TM,TEAM_CR,1626,121226,0.0,-0.8,-1.0,1.0,-0.6,43.7,41.0,0.0,44,3
TM,TEAM_CR,1627,121266,0.0,-0.9,-1.0,1.0,0.4,42.6,41.0,0.0,43,3
TM,TEAM_CR,1628,121306,0.0,-1.0,-1.0,1.0,0.5,42.6,41.0,0.0,43,3
TM,TEAM_CR,1629,121346,0.0,-0.9,-1.0,1.0,-0.1,43.2,41.1,0.0,43,3
TM,TEAM_CR,1630,121386,0.0,-1.0,-1.0,1.0,0.1,41.1,41.1,0.0,41,3
TM,TEAM_CR,1631,121437,0.0,-0.6,-1.0,1.0,0.2,41.1,41.1,0.0,41,3
TM,TEAM_CR,1632,121476,0.0,-0.7,-0.9,0.9,0.7,41.1,41.1,0.0,41,3
TM,TEAM_CR,1633,121516,0.0,-0.7,-1.0,1.0,-0.2,41.1,41.1,0.0,41,3
TM,TEAM_CR,1634,121556,0.0,-0.8,-1.0,1.0,-0.5,41.1,41.1,0.0,41,3
TM,TEAM_CR,1635,121607,0.0,-0.9,-1.0,1.0,-0.6,41.1,41.1,0.0,41,3
TM,TEAM_CR,1636,121647,0.0,-0.8,-1.0,1.0,-0.6,41.1,41.1,0.0,41,3
TM,TEAM_CR,1637,121687,0.0,-0.7,-1.0,1.0,-0.1,41.1,41.1,0.0,43,3
TM,TEAM_CR,1638,121727,0.0,-0.9,-1.0,1.0,-0.5,43.7,41.1,0.0,44,3
TM,TEAM_CR,1639,121767,0.0,-0.7,-1.0,1.0,-0.6,43.8,41.1,0.0,44,3
TM,TEAM_CR,1640,121807,0.0,-1.0,-1.0,1.0,-0.1,43.3,41.1,0.0,43,3
TM,TEAM_CR,1641,121848,0.0,-0.3,-1.0,1.0,0.4,41.1,41.1,0.0,41,3
TM,TEAM_CR,1642,121887,0.0,-0.8,-1.0,1.0,0.3,41.1,41.1,0.0,41,3
TM,TEAM_CR,1643,121937,0.0,-0.8,-1.0,1.0,0.1,41.1,41.1,0.0,41,3
TM,SUN_L,3609,SUN_R,3245,SUN_NDV,0.0531,SUN_ANGLE,31.70
TM,MAG_X,-19.89,MAG_Y,26.45,MAG_Z,5.14,MAG_HEADING,126.94
TM,GYRO_X,-1.120,GYRO_Y,-2.135,GYRO_Z,0.213,BODY_RATE,-0.213
TM,TEAM_CR,1644,121977,0.0,-0.7,-1.0,1.0,-1.0,41.1,41.1,0.0,41,3
TM,ADCS_MODE,MANUAL,ADCS_REFERENCE,SUN,TARGET,0.00,POINTING_ERROR,-31.52,SUN_ERROR,-31.68,MAG_ERROR,-126.94,GYRO_Z,0.239,RW_CMD,0
TM,EST_RAW,31.68,EST_FILTERED,31.68,EST_ANGLE,31.52,EST_FILTER,ON,EST_FILTER_TYPE,MOVING_AVERAGE,EST_MA_WINDOW,1,EST_FILTER_STRENGTH,0.35
TM,EST_FUSION,ON,EST_GYRO_WEIGHT,0.98,EST_VALID,1
TM,TEAM_CR,1645,122026,0.0,-0.9,-1.0,1.0,-0.9,41.1,41.1,0.0,41,3
TM,TEAM_CR,1646,122066,0.0,-0.7,-1.0,1.0,-0.2,41.1,41.1,0.0,41,3
TM,TEAM_CR,1647,122106,0.0,-0.9,-1.0,1.0,0.1,41.1,41.1,0.0,41,3
TM,TEAM_CR,1648,122146,0.0,-0.7,-1.0,1.0,-0.7,43.8,41.1,0.0,43,3
TM,TEAM_CR,1649,122187,0.0,-0.8,-1.0,1.0,-0.9,44.2,41.2,0.0,44,3
TM,TEAM_CR,1650,122227,0.0,-0.7,-1.0,1.0,-0.1,43.4,41.2,0.0,43,3
TM,TEAM_CR,1651,122268,0.0,-0.8,-1.0,1.0,0.2,43.1,41.2,0.0,43,3
TM,TEAM_CR,1652,122308,0.0,-0.9,-1.0,1.0,0.8,42.4,41.2,0.0,43,3
TM,TEAM_CR,1653,122347,0.0,-1.0,-1.0,1.0,0.0,41.2,41.2,0.0,41,3
TM,TEAM_CR,1654,122387,0.0,-1.0,-1.0,1.0,-0.3,41.2,41.2,0.0,41,3
TM,TEAM_CR,1655,122437,0.0,-0.4,-1.0,1.0,0.3,41.2,41.2,0.0,41,3
TM,TEAM_CR,1656,122477,0.0,-0.7,-0.9,0.9,0.4,41.2,41.2,0.0,41,3
TM,TEAM_CR,1657,122518,0.0,-0.8,-0.9,0.9,0.2,41.2,41.2,0.0,41,3
TM,TEAM_CR,1658,122557,0.0,-0.8,-0.9,0.9,-0.4,41.2,41.2,0.0,41,3
TM,TEAM_CR,1659,122605,0.0,-0.6,-1.0,1.0,-0.9,41.2,41.2,0.0,41,3
TM,TEAM_CR,1660,122645,0.0,-0.9,-1.0,1.0,-0.8,41.2,41.2,0.0,41,3
TM,TEAM_CR,1661,122687,0.0,-1.1,-1.0,1.0,-0.3,41.2,41.2,0.0,41,3
TM,SUN_L,3608,SUN_R,3245,SUN_NDV,0.0530,SUN_ANGLE,31.69
TM,MAG_X,-19.74,MAG_Y,26.35,MAG_Z,5.18,MAG_HEADING,126.84
TM,GYRO_X,-1.164,GYRO_Y,-2.214,GYRO_Z,0.012,BODY_RATE,-0.012
TM,TEAM_CR,1662,122728,0.0,-0.8,-1.0,1.0,-0.8,44.1,41.3,0.0,44,3
TM,TEAM_CR,1663,122767,0.0,-0.9,-1.1,1.1,-0.4,43.8,41.3,0.0,44,3
TM,TEAM_CR,1664,122807,0.0,-1.0,-1.1,1.1,-0.7,44.1,41.3,0.0,44,3
TM,TEAM_CR,1665,122847,0.0,-0.9,-1.0,1.0,0.9,42.5,41.3,0.0,42,3
TM,TEAM_CR,1666,122887,0.0,-0.9,-1.0,1.0,0.7,42.7,41.3,0.0,43,3
TM,TEAM_CR,1667,122938,0.0,-0.9,-1.0,1.0,0.8,41.3,41.3,0.0,41,3
TM,ADCS_MODE,MANUAL,ADCS_REFERENCE,SUN,TARGET,0.00,POINTING_ERROR,-31.53,SUN_ERROR,-31.79,MAG_ERROR,-126.84,GYRO_Z,0.178,RW_CMD,0
TM,EST_RAW,31.79,EST_FILTERED,31.79,EST_ANGLE,31.53,EST_FILTER,ON,EST_FILTER_TYPE,MOVING_AVERAGE,EST_MA_WINDOW,1,EST_FILTER_STRENGTH,0.35
TM,EST_FUSION,ON,EST_GYRO_WEIGHT,0.98,EST_VALID,1
TM,TEAM_CR,1668,122977,0.0,-0.6,-1.0,1.0,0.4,41.3,41.3,0.0,41,3
TM,TEAM_CR,1669,123026,0.0,-0.9,-1.0,1.0,-0.2,41.3,41.3,0.0,41,3
TM,TEAM_CR,1670,123066,0.0,-0.9,-0.9,0.9,-0.4,41.3,41.3,0.0,41,3
TM,TEAM_CR,1671,123106,0.0,-0.9,-0.9,0.9,0.4,41.3,41.3,0.0,41,3
TM,TEAM_CR,1672,123146,0.0,-1.0,-0.9,0.9,0.2,41.3,41.3,0.0,41,3
TM,TEAM_CR,1673,123187,0.0,-0.8,-0.9,0.9,-0.6,41.3,41.3,0.0,41,3
TM,TEAM_CR,1674,123228,0.0,-0.8,-1.0,1.0,-1.0,41.3,41.3,0.0,41,3
TM,TEAM_CR,1675,123268,0.0,-1.0,-1.0,1.0,-0.3,41.3,41.3,0.0,41,3
TM,TEAM_CR,1676,123308,0.0,-0.9,-1.0,1.0,-0.7,44.0,41.4,0.0,43,3
TM,TEAM_CR,1677,123348,0.0,-0.9,-1.0,1.0,-0.7,44.1,41.4,0.0,44,3
TM,TEAM_CR,1678,123388,0.0,-1.0,-1.0,1.0,-0.9,44.4,41.4,0.0,44,3
TM,TEAM_CR,1679,123436,0.0,-0.8,-1.0,1.0,-0.3,43.9,41.4,0.0,44,3
TM,SUN_L,3608,SUN_R,3244,SUN_NDV,0.0531,SUN_ANGLE,31.79
TM,MAG_X,-19.84,MAG_Y,26.26,MAG_Z,5.15,MAG_HEADING,127.08
TM,GYRO_X,-0.980,GYRO_Y,-2.301,GYRO_Z,0.195,BODY_RATE,-0.195
TM,TEAM_CR,1680,123476,0.0,-0.7,-1.0,1.0,0.0,43.5,41.4,0.0,44,3
TM,TEAM_CR,1681,123516,0.0,-0.9,-1.0,1.0,1.1,42.3,41.5,0.0,43,3
TM,TEAM_CR,1682,123556,0.0,-0.8,-1.0,1.0,1.0,41.5,41.5,0.0,41,3
TM,TEAM_CR,1683,123606,0.0,-0.6,-0.9,0.9,0.2,41.5,41.5,0.0,41,3
TM,TEAM_CR,1684,123647,0.0,-0.5,-0.9,0.9,-0.1,41.5,41.5,0.0,41,3
TM,TEAM_CR,1685,123687,0.0,-0.7,-0.9,0.9,0.4,41.5,41.5,0.0,41,3
TM,TEAM_CR,1686,123727,0.0,-0.5,-0.8,0.8,0.5,41.5,41.5,0.0,41,3
TM,TEAM_CR,1687,123767,0.0,-0.7,-0.8,0.8,-0.1,41.5,41.5,0.0,41,3
TM,TEAM_CR,1688,123807,0.0,-0.7,-0.9,0.9,-0.9,41.5,41.5,0.0,41,3
TM,TEAM_CR,1689,123847,0.0,-0.7,-0.9,0.9,-0.1,41.5,41.5,0.0,41,3
TM,TEAM_CR,1690,123887,0.0,-0.5,-0.9,0.9,0.1,41.5,41.5,0.0,41,3
TM,ADCS_MODE,MANUAL,ADCS_REFERENCE,SUN,TARGET,0.00,POINTING_ERROR,-31.53,SUN_ERROR,-31.73,MAG_ERROR,-127.07,GYRO_Z,0.152,RW_CMD,0
TM,EST_RAW,31.73,EST_FILTERED,31.73,EST_ANGLE,31.53,EST_FILTER,ON,EST_FILTER_TYPE,MOVING_AVERAGE,EST_MA_WINDOW,1,EST_FILTER_STRENGTH,0.35
TM,EST_FUSION,ON,EST_GYRO_WEIGHT,0.98,EST_VALID,1
TM,TEAM_CR,1691,123937,0.0,-0.7,-0.9,0.9,-0.5,41.5,41.5,0.0,41,3
TM,TEAM_CR,1692,123977,0.0,-1.0,-0.9,0.9,-1.2,41.5,41.5,0.0,41,3
TM,TEAM_CR,1693,124026,0.0,-0.8,-1.0,1.0,-0.9,41.5,41.5,0.0,41,3
TM,TEAM_CR,1694,124067,0.0,-0.7,-1.0,1.0,-1.0,44.5,41.5,0.0,45,3
TM,TEAM_CR,1695,124106,0.0,-0.9,-1.0,1.0,-0.2,43.8,41.5,0.0,44,3
TM,TEAM_CR,1696,124146,0.0,-0.8,-1.0,1.0,0.2,43.3,41.5,0.0,43,3
TM,TEAM_CR,1697,124188,0.0,-0.9,-1.0,1.0,0.2,43.4,41.5,0.0,43,3
TM,SUN_L,3608,SUN_R,3246,SUN_NDV,0.0528,SUN_ANGLE,31.64
TM,MAG_X,-19.78,MAG_Y,26.18,MAG_Z,5.28,MAG_HEADING,127.07
TM,GYRO_X,-1.304,GYRO_Y,-2.135,GYRO_Z,0.195,BODY_RATE,-0.195
TM,TEAM_CR,1698,124228,0.0,-0.9,-1.0,1.0,-0.2,43.8,41.6,0.0,44,3
TM,TEAM_CR,1699,124268,0.0,-0.7,-1.0,1.0,0.2,41.6,41.6,0.0,42,3
TM,TEAM_CR,1700,124308,0.0,-0.8,-1.0,1.0,0.4,41.6,41.6,0.0,42,3
TM,TEAM_CR,1701,124348,0.0,-0.8,-0.9,0.9,0.7,41.6,41.6,0.0,42,3
TM,TEAM_CR,1702,124388,0.0,-0.7,-0.9,0.9,0.5,41.6,41.6,0.0,42,3
TM,TEAM_CR,1703,124437,0.0,-0.6,-0.9,0.9,0.2,41.6,41.6,0.0,42,3
TM,TEAM_CR,1704,124476,0.0,-0.6,-0.9,0.9,0.0,41.6,41.6,0.0,42,3
TM,TEAM_CR,1705,124516,0.0,-0.5,-0.8,0.8,0.6,41.6,41.6,0.0,42,3
TM,TEAM_CR,1706,124556,0.0,-0.6,-0.8,0.8,1.0,41.6,41.6,0.0,42,3
TM,TEAM_CR,1707,124606,0.0,-0.7,-0.8,0.8,0.6,41.6,41.6,0.0,42,3
TM,TEAM_CR,1708,124646,0.0,-0.7,-0.8,0.8,0.2,41.6,41.6,0.0,42,3
TM,TEAM_CR,1709,124687,0.0,-0.8,-0.7,0.7,-0.2,41.6,41.6,0.0,42,3
TM,TEAM_CR,1710,124726,0.0,-0.7,-0.7,0.7,0.3,41.6,41.6,0.0,42,3
TM,TEAM_CR,1711,124766,0.0,-0.8,-0.7,0.7,0.1,41.6,41.6,0.0,42,3
TM,TEAM_CR,1712,124806,0.0,-0.6,-0.7,0.7,-0.5,41.6,41.6,0.0,42,3
TM,TEAM_CR,1713,124846,0.0,-0.7,-0.7,0.7,-0.3,41.6,41.6,0.0,42,3
TM,ADCS_MODE,MANUAL,ADCS_REFERENCE,SUN,TARGET,0.00,POINTING_ERROR,-31.52,SUN_ERROR,-31.74,MAG_ERROR,-127.19,GYRO_Z,0.257,RW_CMD,0
TM,EST_RAW,31.74,EST_FILTERED,31.74,EST_ANGLE,31.52,EST_FILTER,ON,EST_FILTER_TYPE,MOVING_AVERAGE,EST_MA_WINDOW,1,EST_FILTER_STRENGTH,0.35
TM,EST_FUSION,ON,EST_GYRO_WEIGHT,0.98,EST_VALID,1
TM,TEAM_CR,1714,124887,0.0,-0.6,-0.8,0.8,-0.7,41.6,41.6,0.0,42,3
TM,TEAM_CR,1715,124935,0.0,-0.9,-0.8,0.8,-0.1,41.6,41.6,0.0,42,3
TM,SUN_L,3609,SUN_R,3244,SUN_NDV,0.0533,SUN_ANGLE,31.85
TM,MAG_X,-19.78,MAG_Y,26.16,MAG_Z,5.18,MAG_HEADING,127.09
TM,GYRO_X,-1.102,GYRO_Y,-2.021,GYRO_Z,0.318,BODY_RATE,-0.318
TM,TEAM_CR,1716,124975,0.0,-0.5,-0.8,0.8,0.3,41.6,41.6,0.0,42,3
TM,TEAM_CR,1717,125026,0.0,-0.6,-0.8,0.8,0.4,41.6,41.6,0.0,42,3
TM,TEAM_CR,1718,125066,0.0,-0.7,-0.8,0.8,0.1,41.6,41.6,0.0,42,3
TM,TEAM_CR,1719,125106,0.0,-0.7,-0.8,0.8,-0.2,41.6,41.6,0.0,42,3
TM,TEAM_CR,1720,125146,0.0,-0.6,-0.7,0.7,0.4,41.6,41.6,0.0,42,3
TM,TEAM_CR,1721,125187,0.0,-0.6,-0.7,0.7,0.5,41.6,41.6,0.0,42,3
TM,TEAM_CR,1722,125227,0.0,-0.5,-0.7,0.7,0.2,41.6,41.6,0.0,42,3
TM,TEAM_CR,1723,125267,0.0,-1.1,-0.8,0.8,-0.3,41.6,41.6,0.0,42,3
TM,TEAM_CR,1724,125307,0.0,-0.7,-0.8,0.8,-0.4,41.6,41.6,0.0,42,3
TM,TEAM_CR,1725,125347,0.0,-0.5,-0.8,0.8,-0.1,41.6,41.6,0.0,42,3
TM,TEAM_CR,1726,125387,0.0,-0.7,-0.8,0.8,0.1,41.6,41.6,0.0,42,3
TM,TEAM_CR,1727,125437,0.0,-0.6,-0.7,0.7,0.5,41.6,41.6,0.0,42,3
TM,TEAM_CR,1728,125477,0.0,-0.5,-0.7,0.7,-0.2,41.6,41.6,0.0,42,3
TM,TEAM_CR,1729,125517,0.0,-0.6,-0.8,0.8,-0.4,41.6,41.6,0.0,42,3
TM,TEAM_CR,1730,125557,0.0,-0.5,-0.7,0.7,0.6,41.6,41.6,0.0,42,3
TM,TEAM_CR,1731,125605,0.0,-0.6,-0.7,0.7,0.5,41.6,41.6,0.0,42,3
TM,TEAM_CR,1732,125645,0.0,-0.4,-0.7,0.7,0.2,41.6,41.6,0.0,42,3
TM,TEAM_CR,1733,125687,0.0,-0.5,-0.7,0.7,-0.3,41.6,41.6,0.0,42,3
TM,TEAM_CR,1734,125727,0.0,-0.5,-0.7,0.7,-0.5,41.6,41.6,0.0,42,3
TM,SUN_L,3608,SUN_R,3245,SUN_NDV,0.0530,SUN_ANGLE,31.67
TM,MAG_X,-19.71,MAG_Y,26.06,MAG_Z,5.38,MAG_HEADING,127.10
TM,GYRO_X,-1.496,GYRO_Y,-1.934,GYRO_Z,0.125,BODY_RATE,-0.125
TM,TEAM_CR,1735,125767,0.0,-0.6,-0.7,0.7,-0.1,41.6,41.6,0.0,42,3
TM,ADCS_MODE,MANUAL,ADCS_REFERENCE,SUN,TARGET,0.00,POINTING_ERROR,-31.52,SUN_ERROR,-31.60,MAG_ERROR,-127.10,GYRO_Z,0.362,RW_CMD,0
TM,EST_RAW,31.60,EST_FILTERED,31.60,EST_ANGLE,31.52,EST_FILTER,ON,EST_FILTER_TYPE,MOVING_AVERAGE,EST_MA_WINDOW,1,EST_FILTER_STRENGTH,0.35
TM,EST_FUSION,ON,EST_GYRO_WEIGHT,0.98,EST_VALID,1
TM,TEAM_CR,1736,125808,0.0,-0.8,-0.7,0.7,0.4,41.6,41.6,0.0,42,3
TM,TEAM_CR,1737,125847,0.0,-0.5,-0.7,0.7,-0.4,41.6,41.6,0.0,42,3
TM,TEAM_CR,1738,125887,0.0,0.0,-0.7,0.7,-1.1,41.6,41.6,0.0,42,3
TM,TEAM_CR,1739,125937,0.0,-0.8,-0.7,0.7,-0.6,41.6,41.6,0.0,42,3
TM,TEAM_CR,1740,125977,0.0,-0.7,-0.7,0.7,-0.1,41.6,41.6,0.0,42,3
TM,TEAM_CR,1741,126026,0.0,-0.6,-0.7,0.7,0.0,41.6,41.6,0.0,42,3
TM,TEAM_CR,1742,126066,0.0,-0.3,-0.7,0.7,-0.1,41.6,41.6,0.0,42,3
TM,TEAM_CR,1743,126106,0.0,-0.5,-0.7,0.7,-0.2,41.6,41.6,0.0,42,3
TM,TEAM_CR,1744,126146,0.0,-0.5,-0.7,0.7,-0.4,41.6,41.6,0.0,42,3
TM,TEAM_CR,1745,126187,0.0,-0.6,-0.7,0.7,-0.6,41.6,41.6,0.0,42,3
TM,TEAM_CR,1746,126228,0.0,-0.7,-0.7,0.7,0.9,41.6,41.6,0.0,42,3
TM,TEAM_CR,1747,126267,0.0,-0.7,-0.7,0.7,0.5,41.6,41.6,0.0,42,3
TM,TEAM_CR,1748,126307,0.0,-0.4,-0.7,0.7,0.4,41.6,41.6,0.0,42,3
TM,TEAM_CR,1749,126347,0.0,-0.5,-0.6,0.6,-0.2,41.6,41.6,0.0,42,3
TM,TEAM_CR,1750,126387,0.0,-0.6,-0.6,0.6,0.0,41.6,41.6,0.0,42,3
TM,TEAM_CR,1751,126437,0.0,-0.5,-0.6,0.6,0.0,41.6,41.6,0.0,42,3
TM,TEAM_CR,1752,126476,0.0,-0.4,-0.6,0.6,0.5,41.6,41.6,0.0,42,3
TM,SUN_L,3608,SUN_R,3245,SUN_NDV,0.0530,SUN_ANGLE,31.79
TM,MAG_X,-19.73,MAG_Y,26.11,MAG_Z,5.54,MAG_HEADING,127.07
TM,GYRO_X,-0.989,GYRO_Y,-2.293,GYRO_Z,0.090,BODY_RATE,-0.090
TM,TEAM_CR,1753,126516,0.0,-0.5,-0.6,0.6,-0.2,41.6,41.6,0.0,42,3
TM,TEAM_CR,1754,126556,0.0,-0.6,-0.7,0.7,-0.8,41.6,41.6,0.0,42,3
TM,TEAM_CR,1755,126606,0.0,-0.6,-0.7,0.7,-1.0,41.6,41.6,0.0,42,3
TM,TEAM_CR,1756,126647,0.0,-0.4,-0.7,0.7,-0.3,41.6,41.6,0.0,42,3
TM,TEAM_CR,1757,126686,0.0,-0.6,-0.7,0.7,0.1,41.6,41.6,0.0,42,3
TM,TEAM_CR,1758,126726,0.0,-0.4,-0.7,0.7,-0.2,41.6,41.6,0.0,42,3
TM,ADCS_MODE,MANUAL,ADCS_REFERENCE,SUN,TARGET,0.00,POINTING_ERROR,-31.53,SUN_ERROR,-31.69,MAG_ERROR,-127.51,GYRO_Z,0.204,RW_CMD,0
TM,EST_RAW,31.69,EST_FILTERED,31.69,EST_ANGLE,31.53,EST_FILTER,ON,EST_FILTER_TYPE,MOVING_AVERAGE,EST_MA_WINDOW,1,EST_FILTER_STRENGTH,0.35
TM,EST_FUSION,ON,EST_GYRO_WEIGHT,0.98,EST_VALID,1
TM,TEAM_CR,1759,126766,0.0,-0.5,-0.7,0.7,-0.6,41.6,41.6,0.0,42,3
TM,TEAM_CR,1760,126806,0.0,-0.5,-0.7,0.7,-0.4,41.6,41.6,0.0,42,3
TM,TEAM_CR,1761,126846,0.0,-0.5,-0.7,0.7,-0.1,41.6,41.6,0.0,42,3
TM,TEAM_CR,1762,126886,0.0,-0.6,-0.7,0.7,0.1,41.6,41.6,0.0,42,3
TM,TEAM_CR,1763,126938,0.0,-0.5,-0.7,0.7,-0.2,41.6,41.6,0.0,42,3
TM,TEAM_CR,1764,126977,0.0,-0.3,-0.7,0.7,-0.2,41.6,41.6,0.0,42,3
TM,TEAM_CR,1765,127025,0.0,-0.3,-0.7,0.7,-0.3,41.6,41.6,0.0,42,3
TM,TEAM_CR,1766,127065,0.0,-0.2,-0.7,0.7,-0.2,41.6,41.6,0.0,42,3
TM,TEAM_CR,1767,127105,0.0,-0.3,-0.6,0.6,0.4,41.6,41.6,0.0,42,3
TM,TEAM_CR,1768,127145,0.0,-0.4,-0.6,0.6,0.4,41.6,41.6,0.0,42,3
TM,TEAM_CR,1769,127186,0.0,-0.5,-0.6,0.6,0.1,41.6,41.6,0.0,42,3
TM,TEAM_CR,1770,127226,0.0,-0.4,-0.6,0.6,-0.4,41.6,41.6,0.0,42,3
TM,SUN_L,3609,SUN_R,3247,SUN_NDV,0.0528,SUN_ANGLE,31.68
TM,MAG_X,-19.74,MAG_Y,26.10,MAG_Z,5.46,MAG_HEADING,127.11
TM,GYRO_X,-1.015,GYRO_Y,-2.004,GYRO_Z,0.292,BODY_RATE,-0.292
TM,TEAM_CR,1771,127266,0.0,-0.2,-0.6,0.6,0.1,41.6,41.6,0.0,42,3
TM,TEAM_CR,1772,127306,0.0,-0.4,-0.6,0.6,0.2,41.6,41.6,0.0,42,3
TM,TEAM_CR,1773,127346,0.0,-0.3,-0.6,0.6,0.1,41.6,41.6,0.0,42,3
TM,TEAM_CR,1774,127386,0.0,-0.4,-0.6,0.6,-0.4,41.6,41.6,0.0,42,3
TM,TEAM_CR,1775,127436,0.0,-0.4,-0.6,0.6,-0.6,41.6,41.6,0.0,42,3
TM,TEAM_CR,1776,127476,0.0,-0.4,-0.6,0.6,-0.5,41.6,41.6,0.0,42,3
TM,TEAM_CR,1777,127516,0.0,-0.5,-0.6,0.6,0.7,41.6,41.6,0.0,42,3
TM,TEAM_CR,1778,127556,0.0,-0.3,-0.6,0.6,0.0,41.6,41.6,0.0,42,3
TM,TEAM_CR,1779,127606,0.0,-0.4,-0.6,0.6,0.0,41.6,41.6,0.0,42,3
TM,TEAM_CR,1780,127646,0.0,-0.5,-0.6,0.6,-0.7,41.6,41.6,0.0,42,3
TM,TEAM_CR,1781,127686,0.0,-0.6,-0.6,0.6,-0.5,41.6,41.6,0.0,42,3
TM,ADCS_MODE,MANUAL,ADCS_REFERENCE,SUN,TARGET,0.00,POINTING_ERROR,-31.52,SUN_ERROR,-31.73,MAG_ERROR,-127.11,GYRO_Z,0.082,RW_CMD,0
TM,EST_RAW,31.73,EST_FILTERED,31.73,EST_ANGLE,31.52,EST_FILTER,ON,EST_FILTER_TYPE,MOVING_AVERAGE,EST_MA_WINDOW,1,EST_FILTER_STRENGTH,0.35
TM,EST_FUSION,ON,EST_GYRO_WEIGHT,0.98,EST_VALID,1
TM,TEAM_CR,1782,127726,0.0,-0.4,-0.6,0.6,0.0,41.6,41.6,0.0,42,3
TM,TEAM_CR,1783,127766,0.0,-0.4,-0.6,0.6,0.1,41.6,41.6,0.0,42,3
TM,TEAM_CR,1784,127806,0.0,-0.4,-0.6,0.6,-0.4,41.6,41.6,0.0,42,3
TM,TEAM_CR,1785,127846,0.0,-0.4,-0.6,0.6,-0.5,41.6,41.6,0.0,42,3
TM,TEAM_CR,1786,127886,0.0,-0.6,-0.6,0.6,0.2,41.6,41.6,0.0,42,3
TM,TEAM_CR,1787,127937,0.0,-0.3,-0.6,0.6,-0.1,41.6,41.6,0.0,42,3
TM,TEAM_CR,1788,127977,0.0,-0.6,-0.6,0.6,-0.1,41.6,41.6,0.0,42,3
TM,SUN_L,3609,SUN_R,3247,SUN_NDV,0.0528,SUN_ANGLE,31.75
TM,MAG_X,-19.54,MAG_Y,26.02,MAG_Z,5.23,MAG_HEADING,126.90
TM,GYRO_X,-1.347,GYRO_Y,-1.680,GYRO_Z,0.283,BODY_RATE,-0.283
TM,TEAM_CR,1789,128026,0.0,-0.6,-0.6,0.6,0.1,41.6,41.6,0.0,42,3
TM,TEAM_CR,1790,128066,0.0,-0.4,-0.6,0.6,-0.4,41.6,41.6,0.0,42,3
TM,TEAM_CR,1791,128106,0.0,-0.6,-0.7,0.7,-0.6,41.6,41.6,0.0,42,3
TM,TEAM_CR,1792,128146,0.0,-0.4,-0.7,0.7,-0.2,41.6,41.6,0.0,42,3
TM,TEAM_CR,1793,128187,0.0,-0.5,-0.6,0.6,0.3,41.6,41.6,0.0,42,3
TM,TEAM_CR,1794,128226,0.0,-0.3,-0.7,0.7,-0.4,41.6,41.6,0.0,42,3
TM,TEAM_CR,1795,128266,0.0,-0.7,-0.7,0.7,-0.8,41.6,41.6,0.0,42,3
TM,TEAM_CR,1796,128306,0.0,-0.4,-0.7,0.7,-0.8,41.6,41.6,0.0,42,3
TM,TEAM_CR,1797,128346,0.0,-0.9,-0.7,0.7,0.0,41.6,41.6,0.0,42,3
TM,TEAM_CR,1798,128386,0.0,-0.5,-0.7,0.7,0.2,41.6,41.6,0.0,42,3
TM,TEAM_CR,1799,128437,0.0,-0.3,-0.7,0.7,0.7,41.6,41.6,0.0,42,3
TM,TEAM_CR,1800,128477,0.0,-0.5,-0.7,0.7,-0.4,41.6,41.6,0.0,42,3
TM,TEAM_CR,1801,128517,0.0,-0.5,-0.7,0.7,-0.6,41.6,41.6,0.0,42,3
TM,TEAM_CR,1802,128557,0.0,-0.5,-0.7,0.7,-0.1,41.6,41.6,0.0,42,3
TM,TEAM_CR,1803,128606,0.0,-0.5,-0.7,0.7,0.2,41.6,41.6,0.0,42,3
TM,TEAM_CR,1804,128646,0.0,-0.6,-0.6,0.6,0.5,41.6,41.6,0.0,42,3
TM,ADCS_MODE,MANUAL,ADCS_REFERENCE,SUN,TARGET,0.00,POINTING_ERROR,-31.52,SUN_ERROR,-31.76,MAG_ERROR,-127.19,GYRO_Z,0.222,RW_CMD,0
TM,EST_RAW,31.76,EST_FILTERED,31.76,EST_ANGLE,31.52,EST_FILTER,ON,EST_FILTER_TYPE,MOVING_AVERAGE,EST_MA_WINDOW,1,EST_FILTER_STRENGTH,0.35
TM,EST_FUSION,ON,EST_GYRO_WEIGHT,0.98,EST_VALID,1
TM,TEAM_CR,1805,128687,0.0,-0.4,-0.6,0.6,0.6,41.6,41.6,0.0,42,3
TM,TEAM_CR,1806,128727,0.0,-0.5,-0.6,0.6,0.0,41.6,41.6,0.0,42,3
TM,SUN_L,3610,SUN_R,3245,SUN_NDV,0.0532,SUN_ANGLE,31.37
TM,MAG_X,-19.79,MAG_Y,26.08,MAG_Z,5.54,MAG_HEADING,127.19
TM,GYRO_X,-1.470,GYRO_Y,-1.986,GYRO_Z,0.239,BODY_RATE,-0.239
TM,TEAM_CR,1807,128767,0.0,-0.4,-0.6,0.6,0.2,41.6,41.6,0.0,42,3
TM,TEAM_CR,1808,128807,0.0,-0.3,-0.5,0.5,1.1,41.6,41.6,0.0,42,3
TM,TEAM_CR,1809,128847,0.0,-0.3,-0.5,0.5,0.5,41.6,41.6,0.0,42,3
TM,TEAM_CR,1810,128887,0.0,-0.4,-0.5,0.5,0.3,41.6,41.6,0.0,42,3
TM,TEAM_CR,1811,128937,0.0,-0.3,-0.5,0.5,-0.4,41.6,41.6,0.0,42,3
TM,TEAM_CR,1812,128977,0.0,-0.2,-0.5,0.5,-0.2,41.6,41.6,0.0,42,3
TM,TEAM_CR,1813,129026,0.0,-0.3,-0.5,0.5,-0.4,41.6,41.6,0.0,42,3
TM,TEAM_CR,1814,129066,0.0,0.1,-0.5,0.5,0.0,41.6,41.6,0.0,42,3
TM,TEAM_CR,1815,129106,0.0,-0.2,-0.4,0.4,0.2,41.6,41.6,0.0,42,3
TM,TEAM_CR,1816,129146,0.0,-0.1,-0.4,0.4,0.0,41.6,41.6,0.0,42,3
TM,TEAM_CR,1817,129187,0.0,-0.5,-0.5,0.5,-0.6,41.6,41.6,0.0,42,3
TM,TEAM_CR,1818,129227,0.0,-0.1,-0.4,0.4,-0.2,41.6,41.6,0.0,42,3
TM,TEAM_CR,1819,129267,0.0,-0.3,-0.4,0.4,0.3,41.6,41.6,0.0,42,3
TM,TEAM_CR,1820,129307,0.0,-0.4,-0.4,0.4,0.0,41.6,41.6,0.0,42,3
TM,TEAM_CR,1821,129347,0.0,-0.2,-0.5,0.5,-0.5,41.6,41.6,0.0,42,3
TM,TEAM_CR,1822,129387,0.0,-0.2,-0.5,0.5,-0.9,41.6,41.6,0.0,42,3
TM,TEAM_CR,1823,129436,0.0,-0.4,-0.5,0.5,-0.2,41.6,41.6,0.0,42,3
TM,TEAM_CR,1824,129477,0.0,-0.3,-0.5,0.5,0.1,41.6,41.6,0.0,42,3
TM,TEAM_CR,1825,129516,0.0,-0.2,-0.5,0.5,-0.3,41.6,41.6,0.0,42,3
TM,SUN_L,3609,SUN_R,3245,SUN_NDV,0.0531,SUN_ANGLE,31.77
TM,MAG_X,-19.62,MAG_Y,26.02,MAG_Z,5.58,MAG_HEADING,127.02
TM,GYRO_X,-1.033,GYRO_Y,-2.100,GYRO_Z,0.335,BODY_RATE,-0.335
TM,TEAM_CR,1826,129556,0.0,-0.3,-0.5,0.5,-0.1,41.6,41.6,0.0,42,3
TM,ADCS_MODE,MANUAL,ADCS_REFERENCE,SUN,TARGET,0.00,POINTING_ERROR,-31.50,SUN_ERROR,-31.72,MAG_ERROR,-127.21,GYRO_Z,0.397,RW_CMD,0
TM,EST_RAW,31.72,EST_FILTERED,31.72,EST_ANGLE,31.50,EST_FILTER,ON,EST_FILTER_TYPE,MOVING_AVERAGE,EST_MA_WINDOW,1,EST_FILTER_STRENGTH,0.35
TM,EST_FUSION,ON,EST_GYRO_WEIGHT,0.98,EST_VALID,1
TM,TEAM_CR,1827,129606,0.0,-0.3,-0.5,0.5,-0.2,41.6,41.6,0.0,42,3
TM,TEAM_CR,1828,129646,0.0,-0.3,-0.5,0.5,-0.1,41.6,41.6,0.0,42,3
TM,TEAM_CR,1829,129687,0.0,-0.2,-0.4,0.4,0.3,41.6,41.6,0.0,42,3
TM,TEAM_CR,1830,129726,0.0,-0.4,-0.4,0.4,0.4,41.6,41.6,0.0,42,3
TM,TEAM_CR,1831,129766,0.0,-0.2,-0.4,0.4,-0.1,41.6,41.6,0.0,42,3
TM,TEAM_CR,1832,129806,0.0,-0.4,-0.4,0.4,-0.2,41.6,41.6,0.0,42,3
TM,TEAM_CR,1833,129846,0.0,-0.3,-0.4,0.4,-0.3,41.6,41.6,0.0,42,3
TM,TEAM_CR,1834,129886,0.0,-0.1,-0.4,0.4,0.4,41.6,41.6,0.0,42,3
TM,TEAM_CR,1835,129936,0.0,-0.3,-0.4,0.4,0.0,41.6,41.6,0.0,42,3
TM,TEAM_CR,1836,129976,0.0,-0.1,-0.4,0.4,0.0,41.6,41.6,0.0,42,3
TM,TEAM_CR,1837,130026,0.0,-0.2,-0.4,0.4,-0.1,41.6,41.6,0.0,42,3
TM,TEAM_CR,1838,130066,0.0,-0.2,-0.4,0.4,-0.5,41.6,41.6,0.0,42,3
TM,TEAM_CR,1839,130106,0.0,-0.3,-0.4,0.4,-0.3,41.6,41.6,0.0,42,3
TM,TEAM_CR,1840,130146,0.0,-0.4,-0.4,0.4,0.0,41.6,41.6,0.0,42,3
TM,TEAM_CR,1841,130187,0.0,-0.3,-0.4,0.4,0.1,41.6,41.6,0.0,42,3
TM,TEAM_CR,1842,130227,0.0,-0.1,-0.4,0.4,-0.2,41.6,41.6,0.0,42,3
TM,TEAM_CR,1843,130267,0.0,0.5,-0.4,0.4,-0.3,41.6,41.6,0.0,42,3
TM,SUN_L,3607,SUN_R,3246,SUN_NDV,0.0527,SUN_ANGLE,31.75
TM,MAG_X,-19.71,MAG_Y,26.03,MAG_Z,5.39,MAG_HEADING,127.13
TM,GYRO_X,-0.998,GYRO_Y,-2.345,GYRO_Z,0.020,BODY_RATE,-0.020
TM,TEAM_CR,1844,130307,0.0,0.0,-0.4,0.4,-0.3,41.6,41.6,0.0,42,3
TM,TEAM_CR,1845,130347,0.0,-0.1,-0.4,0.4,0.3,41.6,41.6,0.0,42,3
TM,TEAM_CR,1846,130387,0.0,-0.1,-0.4,0.4,0.1,41.6,41.6,0.0,42,3
TM,TEAM_CR,1847,130436,0.0,-0.2,-0.3,0.3,0.1,41.6,41.6,0.0,42,3
TM,TEAM_CR,1848,130476,0.0,-0.3,-0.3,0.3,-0.2,41.6,41.6,0.0,42,3
TM,TEAM_CR,1849,130516,0.0,-0.1,-0.3,0.3,-0.7,41.6,41.6,0.0,42,3
TM,ADCS_MODE,MANUAL,ADCS_REFERENCE,SUN,TARGET,0.00,POINTING_ERROR,-31.51,SUN_ERROR,-31.85,MAG_ERROR,-127.13,GYRO_Z,0.125,RW_CMD,0
TM,EST_RAW,31.85,EST_FILTERED,31.85,EST_ANGLE,31.51,EST_FILTER,ON,EST_FILTER_TYPE,MOVING_AVERAGE,EST_MA_WINDOW,1,EST_FILTER_STRENGTH,0.35
TM,EST_FUSION,ON,EST_GYRO_WEIGHT,0.98,EST_VALID,1
TM,TEAM_CR,1850,130556,0.0,-0.2,-0.3,0.3,0.0,41.6,41.6,0.0,42,3
TM,TEAM_CR,1851,130606,0.0,-0.2,-0.3,0.3,0.1,41.6,41.6,0.0,42,3
TM,TEAM_CR,1852,130646,0.0,-0.3,-0.3,0.3,0.6,41.6,41.6,0.0,42,3
TM,TEAM_CR,1853,130687,0.0,-0.2,-0.3,0.3,0.1,41.6,41.6,0.0,42,3
TM,TEAM_CR,1854,130727,0.0,-0.3,-0.3,0.3,-0.2,41.6,41.6,0.0,42,3
TM,TEAM_CR,1855,130767,0.0,-0.3,-0.3,0.3,-0.4,41.6,41.6,0.0,42,3
TM,TEAM_CR,1856,130807,0.0,0.0,-0.3,0.3,0.0,41.6,41.6,0.0,42,3
TM,TEAM_CR,1857,130847,0.0,-0.1,-0.3,0.3,0.1,41.6,41.6,0.0,42,3
TM,TEAM_CR,1858,130887,0.0,-0.2,-0.3,0.3,-0.4,41.6,41.6,0.0,42,3
TM,TEAM_CR,1859,130937,0.0,-0.2,-0.3,0.3,-0.7,41.6,41.6,0.0,42,3
TM,TEAM_CR,1860,130977,0.0,0.0,-0.3,0.3,-0.5,41.6,41.6,0.0,42,3
TM,TEAM_CR,1861,131026,0.0,-0.1,-0.3,0.3,-0.9,41.6,41.6,0.0,42,3
TM,SUN_L,3609,SUN_R,3245,SUN_NDV,0.0531,SUN_ANGLE,31.72
TM,MAG_X,-19.66,MAG_Y,25.95,MAG_Z,5.42,MAG_HEADING,127.15
TM,GYRO_X,-1.146,GYRO_Y,-2.214,GYRO_Z,0.204,BODY_RATE,-0.204
TM,TEAM_CR,1862,131066,0.0,-0.2,-0.3,0.3,0.1,41.6,41.6,0.0,42,3
TM,TEAM_CR,1863,131106,0.0,-0.1,-0.3,0.3,0.4,41.6,41.6,0.0,42,3
TM,TEAM_CR,1864,131146,0.0,-0.4,-0.3,0.3,0.0,41.6,41.6,0.0,42,3
TM,TEAM_CR,1865,131187,0.0,-0.4,-0.3,0.3,-0.6,41.6,41.6,0.0,42,3
TM,TEAM_CR,1866,131227,0.0,-0.3,-0.4,0.4,-0.4,41.6,41.6,0.0,42,3
TM,TEAM_CR,1867,131267,0.0,-0.2,-0.3,0.3,0.3,41.6,41.6,0.0,42,3
TM,TEAM_CR,1868,131307,0.0,-0.2,-0.4,0.4,-0.2,41.6,41.6,0.0,42,3
TM,TEAM_CR,1869,131347,0.0,-0.3,-0.4,0.4,-0.1,41.6,41.6,0.0,42,3
TM,TEAM_CR,1870,131387,0.0,-0.2,-0.3,0.3,-0.1,41.6,41.6,0.0,42,3
TM,TEAM_CR,1871,131437,0.0,-0.1,-0.3,0.3,-0.4,41.6,41.6,0.0,42,3
TM,TEAM_CR,1872,131477,0.0,-0.2,-0.3,0.3,-0.1,41.6,41.6,0.0,42,3
TM,ADCS_MODE,MANUAL,ADCS_REFERENCE,SUN,TARGET,0.00,POINTING_ERROR,-31.51,SUN_ERROR,-31.73,MAG_ERROR,-127.22,GYRO_Z,0.248,RW_CMD,0
TM,EST_RAW,31.73,EST_FILTERED,31.73,EST_ANGLE,31.51,EST_FILTER,ON,EST_FILTER_TYPE,MOVING_AVERAGE,EST_MA_WINDOW,1,EST_FILTER_STRENGTH,0.35
TM,EST_FUSION,ON,EST_GYRO_WEIGHT,0.98,EST_VALID,1
TM,TEAM_CR,1873,131517,0.0,-0.3,-0.3,0.3,0.5,41.6,41.6,0.0,42,3
TM,TEAM_CR,1874,131557,0.0,-0.3,-0.3,0.3,-0.3,41.6,41.6,0.0,42,3
TM,TEAM_CR,1875,131606,0.0,-0.1,-0.3,0.3,0.1,41.6,41.6,0.0,42,3
TM,TEAM_CR,1876,131646,0.0,-0.2,-0.3,0.3,-0.5,41.6,41.6,0.0,42,3
TM,TEAM_CR,1877,131687,0.0,-0.1,-0.3,0.3,-0.2,41.6,41.6,0.0,42,3
TM,TEAM_CR,1878,131726,0.0,-0.1,-0.3,0.3,0.1,41.6,41.6,0.0,42,3
TM,TEAM_CR,1879,131766,0.0,0.0,-0.3,0.3,0.1,41.6,41.6,0.0,42,3
TM,SUN_L,3608,SUN_R,3246,SUN_NDV,0.0528,SUN_ANGLE,31.74
TM,MAG_X,-19.81,MAG_Y,26.08,MAG_Z,5.63,MAG_HEADING,127.22
TM,GYRO_X,-0.980,GYRO_Y,-2.424,GYRO_Z,0.134,BODY_RATE,-0.134
TM,TEAM_CR,1880,131806,0.0,0.0,-0.3,0.3,-0.1,41.6,41.6,0.0,42,3
TM,TEAM_CR,1881,131846,0.0,-0.3,-0.3,0.3,-0.5,41.6,41.6,0.0,42,3
TM,TEAM_CR,1882,131886,0.0,-0.2,-0.3,0.3,0.0,41.6,41.6,0.0,42,3
TM,TEAM_CR,1883,131935,0.0,0.0,-0.3,0.3,-0.2,41.6,41.6,0.0,42,3
TM,TEAM_CR,1884,131975,0.0,-0.2,-0.3,0.3,0.3,41.6,41.6,0.0,42,3
TM,TEAM_CR,1885,132026,0.0,-0.1,-0.3,0.3,0.0,41.6,41.6,0.0,42,3
TM,TEAM_CR,1886,132066,0.0,-0.3,-0.3,0.3,-0.4,41.6,41.6,0.0,42,3
TM,TEAM_CR,1887,132106,0.0,-0.2,-0.3,0.3,-0.7,41.6,41.6,0.0,42,3
TM,TEAM_CR,1888,132146,0.0,0.0,-0.3,0.3,-0.4,41.6,41.6,0.0,42,3
TM,TEAM_CR,1889,132187,0.0,-0.2,-0.3,0.3,-0.2,41.6,41.6,0.0,42,3
TM,TEAM_CR,1890,132227,0.0,-0.1,-0.3,0.3,0.0,41.6,41.6,0.0,42,3
TM,TEAM_CR,1891,132267,0.0,-0.2,-0.4,0.4,-0.3,41.6,41.6,0.0,42,3
TM,TEAM_CR,1892,132307,0.0,-0.1,-0.4,0.4,-0.6,41.6,41.6,0.0,42,3
TM,TEAM_CR,1893,132348,0.0,0.0,-0.3,0.3,-0.1,41.6,41.6,0.0,42,3
TM,TEAM_CR,1894,132387,0.0,-0.2,-0.3,0.3,0.3,41.6,41.6,0.0,42,3
TM,TEAM_CR,1895,132437,0.0,-0.2,-0.3,0.3,0.3,41.6,41.6,0.0,42,3
TM,ADCS_MODE,MANUAL,ADCS_REFERENCE,SUN,TARGET,0.00,POINTING_ERROR,-31.51,SUN_ERROR,-31.63,MAG_ERROR,-127.08,GYRO_Z,0.117,RW_CMD,0
TM,EST_RAW,31.63,EST_FILTERED,31.63,EST_ANGLE,31.51,EST_FILTER,ON,EST_FILTER_TYPE,MOVING_AVERAGE,EST_MA_WINDOW,1,EST_FILTER_STRENGTH,0.35
TM,EST_FUSION,ON,EST_GYRO_WEIGHT,0.98,EST_VALID,1
TM,TEAM_CR,1896,132477,0.0,-0.2,-0.3,0.3,-0.2,41.6,41.6,0.0,42,3
TM,TEAM_CR,1897,132517,0.0,-0.1,-0.3,0.3,-0.2,41.6,41.6,0.0,42,3
TM,SUN_L,3608,SUN_R,3245,SUN_NDV,0.0530,SUN_ANGLE,31.80
TM,MAG_X,-19.65,MAG_Y,26.02,MAG_Z,5.58,MAG_HEADING,127.06
TM,GYRO_X,-0.989,GYRO_Y,-2.039,GYRO_Z,-0.015,BODY_RATE,0.015
TM,TEAM_CR,1898,132557,0.0,-0.2,-0.3,0.3,-0.4,41.6,41.6,0.0,42,3
TM,TEAM_CR,1899,132606,0.0,-0.3,-0.3,0.3,-0.2,41.6,41.6,0.0,42,3
TM,TEAM_CR,1900,132646,0.0,-0.2,-0.3,0.3,0.0,41.6,41.6,0.0,42,3
TM,TEAM_CR,1901,132686,0.0,0.1,-0.3,0.3,0.2,41.6,41.6,0.0,42,3
TM,TEAM_CR,1902,132726,0.0,-0.5,-0.3,0.3,-0.4,41.6,41.6,0.0,42,3
TM,TEAM_CR,1903,132767,0.0,-0.3,-0.3,0.3,-0.2,41.6,41.6,0.0,42,3
TM,TEAM_CR,1904,132806,0.0,-0.3,-0.3,0.3,-0.5,41.6,41.6,0.0,42,3
TM,TEAM_CR,1905,132846,0.0,-0.2,-0.3,0.3,0.0,41.6,41.6,0.0,42,3
TM,TEAM_CR,1906,132886,0.0,-0.4,-0.3,0.3,0.6,41.6,41.6,0.0,42,3
TM,TEAM_CR,1907,132937,0.0,-0.1,-0.3,0.3,0.2,41.6,41.6,0.0,42,3
TM,TEAM_CR,1908,132977,0.0,-0.1,-0.3,0.3,-0.2,41.6,41.6,0.0,42,3
TM,TEAM_CR,1909,133026,0.0,-0.1,-0.3,0.3,0.0,41.6,41.6,0.0,42,3
TM,TEAM_CR,1910,133066,0.0,-0.5,-0.3,0.3,-0.6,41.6,41.6,0.0,42,3
TM,TEAM_CR,1911,133106,0.0,-0.2,-0.3,0.3,-0.2,41.6,41.6,0.0,42,3
TM,TEAM_CR,1912,133146,0.0,0.0,-0.3,0.3,0.0,41.6,41.6,0.0,42,3
TM,TEAM_CR,1913,133187,0.0,0.1,-0.3,0.3,-0.5,41.6,41.6,0.0,42,3
TM,TEAM_CR,1914,133227,0.0,-0.2,-0.3,0.3,-0.8,41.6,41.6,0.0,42,3
TM,TEAM_CR,1915,133267,0.0,-0.1,-0.3,0.3,-0.7,41.6,41.6,0.0,42,3
TM,TEAM_CR,1916,133307,0.0,0.2,-0.3,0.3,-0.3,41.6,41.6,0.0,42,3
TM,SUN_L,3607,SUN_R,3245,SUN_NDV,0.0528,SUN_ANGLE,31.75
TM,MAG_X,-19.68,MAG_Y,25.87,MAG_Z,5.70,MAG_HEADING,127.26
TM,GYRO_X,-1.050,GYRO_Y,-2.039,GYRO_Z,0.152,BODY_RATE,-0.152
TM,TEAM_CR,1917,133347,0.0,0.1,-0.3,0.3,0.3,41.6,41.6,0.0,42,3
TM,ADCS_MODE,MANUAL,ADCS_REFERENCE,SUN,TARGET,0.00,POINTING_ERROR,-31.52,SUN_ERROR,-31.72,MAG_ERROR,-127.26,GYRO_Z,0.090,RW_CMD,0
TM,EST_RAW,31.72,EST_FILTERED,31.72,EST_ANGLE,31.52,EST_FILTER,ON,EST_FILTER_TYPE,MOVING_AVERAGE,EST_MA_WINDOW,1,EST_FILTER_STRENGTH,0.35
TM,EST_FUSION,ON,EST_GYRO_WEIGHT,0.98,EST_VALID,1
TM,TEAM_CR,1918,133387,0.0,0.0,-0.3,0.3,0.1,41.6,41.6,0.0,42,3
TM,TEAM_CR,1919,133437,0.0,0.2,-0.3,0.3,-0.1,41.6,41.6,0.0,42,3
TM,TEAM_CR,1920,133476,0.0,-0.2,-0.3,0.3,-0.4,41.6,41.6,0.0,42,3
TM,TEAM_CR,1921,133516,0.0,-0.3,-0.3,0.3,-0.5,41.6,41.6,0.0,42,3
TM,TEAM_CR,1922,133556,0.0,-0.2,-0.3,0.3,0.3,41.6,41.6,0.0,42,3
TM,TEAM_CR,1923,133606,0.0,0.0,-0.3,0.3,0.3,41.6,41.6,0.0,42,3
TM,TEAM_CR,1924,133647,0.0,-0.1,-0.3,0.3,0.1,41.6,41.6,0.0,42,3
TM,TEAM_CR,1925,133686,0.0,0.0,-0.3,0.3,-0.3,41.6,41.6,0.0,42,3
TM,TEAM_CR,1926,133727,0.0,-0.1,-0.3,0.3,-0.6,41.6,41.6,0.0,42,3
TM,TEAM_CR,1927,133766,0.0,0.0,-0.3,0.3,0.1,41.6,41.6,0.0,42,3
TM,TEAM_CR,1928,133806,0.0,0.2,-0.3,0.3,0.3,41.6,41.6,0.0,42,3
TM,TEAM_CR,1929,133846,0.0,0.3,-0.3,0.3,-0.2,41.6,41.6,0.0,42,3
TM,TEAM_CR,1930,133886,0.0,-0.1,-0.3,0.3,-0.6,41.6,41.6,0.0,42,3
TM,TEAM_CR,1931,133936,0.0,0.0,-0.3,0.3,-0.3,41.6,41.6,0.0,42,3
TM,TEAM_CR,1932,133976,0.0,0.1,-0.3,0.3,-0.7,41.6,41.6,0.0,42,3
TM,TEAM_CR,1933,134026,0.0,0.0,-0.3,0.3,-0.7,41.6,41.6,0.0,42,3
TM,TEAM_CR,1934,134066,0.0,-0.1,-0.3,0.3,-0.5,41.6,41.6,0.0,42,3
TM,SUN_L,3609,SUN_R,3245,SUN_NDV,0.0531,SUN_ANGLE,31.76
TM,MAG_X,-19.73,MAG_Y,25.94,MAG_Z,5.54,MAG_HEADING,127.26
TM,GYRO_X,-1.076,GYRO_Y,-2.257,GYRO_Z,0.405,BODY_RATE,-0.405
TM,TEAM_CR,1935,134106,0.0,0.0,-0.3,0.3,0.2,41.6,41.6,0.0,42,3
TM,TEAM_CR,1936,134146,0.0,-0.1,-0.3,0.3,0.0,41.6,41.6,0.0,42,3
TM,TEAM_CR,1937,134187,0.0,-0.1,-0.3,0.3,-0.5,41.6,41.6,0.0,42,3
TM,TEAM_CR,1938,134227,0.0,0.0,-0.3,0.3,-0.7,41.6,41.6,0.0,42,3
TM,TEAM_CR,1939,134267,0.0,0.1,-0.3,0.3,0.2,41.6,41.6,0.0,42,3
TM,TEAM_CR,1940,134307,0.0,0.0,-0.3,0.3,0.3,41.6,41.6,0.0,42,3
TM,ADCS_MODE,MANUAL,ADCS_REFERENCE,SUN,TARGET,0.00,POINTING_ERROR,-31.52,SUN_ERROR,-31.79,MAG_ERROR,-127.35,GYRO_Z,0.405,RW_CMD,0
TM,EST_RAW,31.79,EST_FILTERED,31.79,EST_ANGLE,31.52,EST_FILTER,ON,EST_FILTER_TYPE,MOVING_AVERAGE,EST_MA_WINDOW,1,EST_FILTER_STRENGTH,0.35
TM,EST_FUSION,ON,EST_GYRO_WEIGHT,0.98,EST_VALID,1
TM,TEAM_CR,1941,134347,0.0,-0.2,-0.3,0.3,0.1,41.6,41.6,0.0,42,3
TM,TEAM_CR,1942,134387,0.0,-0.3,-0.3,0.3,-0.3,41.6,41.6,0.0,42,3
TM,TEAM_CR,1943,134438,0.0,0.3,-0.3,0.3,-0.4,41.6,41.6,0.0,42,3
TM,TEAM_CR,1944,134477,0.0,0.0,-0.2,0.2,0.2,41.6,41.6,0.0,42,3
TM,TEAM_CR,1945,134517,0.0,0.0,-0.2,0.2,0.2,41.6,41.6,0.0,42,3
TM,TEAM_CR,1946,134557,0.0,0.0,-0.2,0.2,0.2,41.6,41.6,0.0,42,3
TM,TEAM_CR,1947,134606,0.0,-0.1,-0.2,0.2,0.0,41.6,41.6,0.0,42,3
TM,TEAM_CR,1948,134646,0.0,0.0,-0.2,0.2,-0.3,41.6,41.6,0.0,42,3
TM,TEAM_CR,1949,134687,0.0,0.0,-0.2,0.2,-0.5,41.6,41.6,0.0,42,3
TM,TEAM_CR,1950,134727,0.0,-0.1,-0.2,0.2,-0.3,41.6,41.6,0.0,42,3
TM,TEAM_CR,1951,134767,0.0,-0.1,-0.2,0.2,0.0,41.6,41.6,0.0,42,3
TM,TEAM_CR,1952,134807,0.0,0.0,-0.2,0.2,0.1,41.6,41.6,0.0,42,3
TM,SUN_L,3608,SUN_R,3244,SUN_NDV,0.0531,SUN_ANGLE,31.76
TM,MAG_X,-19.70,MAG_Y,25.81,MAG_Z,5.65,MAG_HEADING,127.35
TM,GYRO_X,-0.892,GYRO_Y,-2.257,GYRO_Z,0.143,BODY_RATE,-0.143
TM,TEAM_CR,1953,134847,0.0,-0.1,-0.2,0.2,-0.2,41.6,41.6,0.0,42,3
TM,TEAM_CR,1954,134887,0.0,0.1,-0.2,0.2,-0.7,41.6,41.6,0.0,42,3
TM,TEAM_CR,1955,134937,0.0,0.0,-0.2,0.2,-0.6,41.6,41.6,0.0,42,3
TM,TEAM_CR,1956,134977,0.0,0.1,-0.2,0.2,-0.3,41.6,41.6,0.0,42,3
TM,TEAM_CR,1957,135026,0.0,-0.1,-0.2,0.2,-0.9,41.6,41.6,0.0,42,3
TM,TEAM_CR,1958,135066,0.0,0.0,-0.2,0.2,-0.1,41.6,41.6,0.0,42,3
TM,TEAM_CR,1959,135106,0.0,-0.3,-0.3,0.3,-0.3,41.6,41.6,0.0,42,3
TM,TEAM_CR,1960,135146,0.0,-0.1,-0.3,0.3,-0.4,41.6,41.6,0.0,42,3
TM,TEAM_CR,1961,135187,0.0,0.0,-0.3,0.3,-0.8,41.6,41.6,0.0,42,3
TM,TEAM_CR,1962,135227,0.0,0.0,-0.3,0.3,-0.3,41.6,41.6,0.0,42,3
TM,TEAM_CR,1963,135267,0.0,-0.2,-0.3,0.3,0.0,41.6,41.6,0.0,42,3
TM,ADCS_MODE,MANUAL,ADCS_REFERENCE,SUN,TARGET,0.00,POINTING_ERROR,-31.52,SUN_ERROR,-31.73,MAG_ERROR,-127.19,GYRO_Z,-0.050,RW_CMD,0
TM,EST_RAW,31.73,EST_FILTERED,31.73,EST_ANGLE,31.52,EST_FILTER,ON,EST_FILTER_TYPE,MOVING_AVERAGE,EST_MA_WINDOW,1,EST_FILTER_STRENGTH,0.35
TM,EST_FUSION,ON,EST_GYRO_WEIGHT,0.98,EST_VALID,1
TM,TEAM_CR,1964,135307,0.0,-0.1,-0.3,0.3,-0.3,41.6,41.6,0.0,42,3
TM,TEAM_CR,1965,135347,0.0,-0.1,-0.3,0.3,-0.6,41.6,41.6,0.0,42,3
TM,TEAM_CR,1966,135387,0.0,-0.2,-0.3,0.3,-0.6,41.6,41.6,0.0,42,3
TM,TEAM_CR,1967,135437,0.0,-0.3,-0.3,0.3,-0.1,41.6,41.6,0.0,42,3
TM,TEAM_CR,1968,135476,0.0,0.0,-0.3,0.3,-0.3,41.6,41.6,0.0,42,3
TM,TEAM_CR,1969,135516,0.0,0.0,-0.3,0.3,0.3,41.6,41.6,0.0,42,3
TM,TEAM_CR,1970,135556,0.0,0.0,-0.3,0.3,0.1,41.6,41.6,0.0,42,3
TM,SUN_L,3608,SUN_R,3246,SUN_NDV,0.0528,SUN_ANGLE,31.75
TM,MAG_X,-19.68,MAG_Y,25.90,MAG_Z,5.62,MAG_HEADING,127.22
TM,GYRO_X,-0.910,GYRO_Y,-2.293,GYRO_Z,0.108,BODY_RATE,-0.108
TM,TEAM_CR,1971,135607,0.0,-0.2,-0.3,0.3,0.0,41.6,41.6,0.0,42,3
TM,TEAM_CR,1972,135647,0.0,-0.2,-0.3,0.3,-0.3,41.6,41.6,0.0,42,3
TM,TEAM_CR,1973,135687,0.0,0.0,-0.3,0.3,-0.3,41.6,41.6,0.0,42,3
TM,TEAM_CR,1974,135727,0.0,0.0,-0.3,0.3,0.0,41.6,41.6,0.0,42,3
TM,TEAM_CR,1975,135767,0.0,0.1,-0.2,0.2,0.3,41.6,41.6,0.0,42,3
TM,TEAM_CR,1976,135807,0.0,0.2,-0.2,0.2,-0.3,41.6,41.6,0.0,42,3
TM,TEAM_CR,1977,135847,0.0,0.1,-0.2,0.2,-0.3,41.6,41.6,0.0,42,3
TM,TEAM_CR,1978,135887,0.0,0.0,-0.2,0.2,-0.6,41.6,41.6,0.0,42,3
TM,TEAM_CR,1979,135937,0.0,-0.2,-0.2,0.2,-0.2,41.6,41.6,0.0,42,3
TM,TEAM_CR,1980,135977,0.0,0.1,-0.2,0.2,-0.2,41.6,41.6,0.0,42,3
TM,TEAM_CR,1981,136026,0.0,0.2,-0.2,0.2,0.3,41.6,41.6,0.0,42,3
TM,TEAM_CR,1982,136066,0.0,-0.4,-0.2,0.2,0.0,41.6,41.6,0.0,42,3
TM,TEAM_CR,1983,136106,0.0,-0.1,-0.3,0.3,-0.5,41.6,41.6,0.0,42,3
TM,TEAM_CR,1984,136146,0.0,-0.2,-0.3,0.3,-0.9,41.6,41.6,0.0,42,3
TM,TEAM_CR,1985,136186,0.0,-0.3,-0.3,0.3,-0.7,41.6,41.6,0.0,42,3
TM,TEAM_CR,1986,136226,0.0,-0.1,-0.3,0.3,-0.6,41.6,41.6,0.0,42,3
TM,ADCS_MODE,MANUAL,ADCS_REFERENCE,SUN,TARGET,0.00,POINTING_ERROR,-31.51,SUN_ERROR,-31.63,MAG_ERROR,-127.25,GYRO_Z,0.169,RW_CMD,0
TM,EST_RAW,31.63,EST_FILTERED,31.63,EST_ANGLE,31.51,EST_FILTER,ON,EST_FILTER_TYPE,MOVING_AVERAGE,EST_MA_WINDOW,1,EST_FILTER_STRENGTH,0.35
TM,EST_FUSION,ON,EST_GYRO_WEIGHT,0.98,EST_VALID,1
TM,TEAM_CR,1987,136266,0.0,-0.1,-0.3,0.3,-0.5,41.6,41.6,0.0,42,3
TM,TEAM_CR,1988,136306,0.0,0.0,-0.3,0.3,-0.2,41.6,41.6,0.0,42,3
TM,SUN_L,3608,SUN_R,3245,SUN_NDV,0.0530,SUN_ANGLE,31.74
TM,MAG_X,-19.74,MAG_Y,25.97,MAG_Z,5.49,MAG_HEADING,127.25
TM,GYRO_X,-1.067,GYRO_Y,-2.223,GYRO_Z,0.108,BODY_RATE,-0.108
TM,TEAM_CR,1989,136346,0.0,-0.1,-0.3,0.3,-0.9,41.6,41.6,0.0,42,3
TM,TEAM_CR,1990,136386,0.0,0.1,-0.3,0.3,-0.4,41.6,41.6,0.0,42,3
TM,TEAM_CR,1991,136437,0.0,0.0,-0.3,0.3,-0.4,41.6,41.6,0.0,42,3
TM,TEAM_CR,1992,136477,0.0,-0.5,-0.4,0.4,-0.5,41.6,41.6,0.0,42,3
TM,TEAM_CR,1993,136517,0.0,0.1,-0.4,0.4,0.0,41.6,41.6,0.0,42,3
TM,TEAM_CR,1994,136558,0.0,0.0,-0.4,0.4,-0.3,41.6,41.6,0.0,42,3
TM,TEAM_CR,1995,136606,0.0,-0.1,-0.4,0.4,-0.6,41.6,41.6,0.0,42,3
TM,TEAM_CR,1996,136646,0.0,-0.3,-0.4,0.4,-0.7,41.6,41.6,0.0,42,3
TM,TEAM_CR,1997,136686,0.0,-0.2,-0.4,0.4,-0.7,41.6,41.6,0.0,42,3
TM,TEAM_CR,1998,136726,0.0,0.5,-0.4,0.4,0.5,41.6,41.6,0.0,42,3
TM,TEAM_CR,1999,136767,0.0,-0.2,-0.4,0.4,-0.1,41.6,41.6,0.0,42,3
TM,TEAM_CR,2000,136806,0.0,0.0,-0.4,0.4,-0.5,41.6,41.6,0.0,42,3
TM,TEAM_CR,2001,136847,0.0,-0.5,-0.4,0.4,-0.7,41.6,41.6,0.0,42,3
TM,TEAM_CR,2002,136886,0.0,-0.3,-0.4,0.4,0.0,41.6,41.6,0.0,42,3
TM,TEAM_CR,2003,136937,0.0,-0.2,-0.4,0.4,-0.3,41.6,41.6,0.0,42,3
TM,TEAM_CR,2004,136977,0.0,0.0,-0.4,0.4,0.3,41.6,41.6,0.0,42,3
TM,TEAM_CR,2005,137026,0.0,-0.5,-0.4,0.4,0.2,41.6,41.6,0.0,42,3
TM,TEAM_CR,2006,137066,0.0,-0.1,-0.4,0.4,-0.3,41.6,41.6,0.0,42,3
TM,TEAM_CR,2007,137106,0.0,-0.1,-0.4,0.4,-0.7,41.6,41.6,0.0,42,3
TM,SUN_L,3609,SUN_R,3245,SUN_NDV,0.0531,SUN_ANGLE,31.76
TM,MAG_X,-19.70,MAG_Y,25.92,MAG_Z,5.66,MAG_HEADING,127.23
TM,GYRO_X,-1.041,GYRO_Y,-1.986,GYRO_Z,0.239,BODY_RATE,-0.239
TM,TEAM_CR,2008,137146,0.0,-0.3,-0.4,0.4,-0.5,41.6,41.6,0.0,42,3
TM,ADCS_MODE,MANUAL,ADCS_REFERENCE,SUN,TARGET,0.00,POINTING_ERROR,-31.52,SUN_ERROR,-31.73,MAG_ERROR,-127.23,GYRO_Z,0.187,RW_CMD,0
TM,EST_RAW,31.73,EST_FILTERED,31.73,EST_ANGLE,31.52,EST_FILTER,ON,EST_FILTER_TYPE,MOVING_AVERAGE,EST_MA_WINDOW,1,EST_FILTER_STRENGTH,0.35
TM,EST_FUSION,ON,EST_GYRO_WEIGHT,0.98,EST_VALID,1
TM,TEAM_CR,2009,137187,0.0,-0.1,-0.4,0.4,-0.5,41.6,41.6,0.0,42,3
TM,TEAM_CR,2010,137227,0.0,0.1,-0.4,0.4,0.1,41.6,41.6,0.0,42,3
TM,TEAM_CR,2011,137267,0.0,-0.4,-0.4,0.4,0.4,41.6,41.6,0.0,42,3
TM,TEAM_CR,2012,137307,0.0,-0.2,-0.4,0.4,-0.2,41.6,41.6,0.0,42,3
TM,TEAM_CR,2013,137347,0.0,0.0,-0.4,0.4,-0.8,41.6,41.6,0.0,42,3
TM,TEAM_CR,2014,137387,0.0,-0.3,-0.4,0.4,-0.5,41.6,41.6,0.0,42,3
TM,TEAM_CR,2015,137437,0.0,0.0,-0.4,0.4,-0.2,41.6,41.6,0.0,42,3
TM,TEAM_CR,2016,137477,0.0,-0.4,-0.4,0.4,0.3,41.6,41.6,0.0,42,3
TM,TEAM_CR,2017,137517,0.0,-0.2,-0.4,0.4,-0.1,41.6,41.6,0.0,42,3
TM,TEAM_CR,2018,137557,0.0,-0.2,-0.4,0.4,-0.6,41.6,41.6,0.0,42,3
TM,TEAM_CR,2019,137606,0.0,0.0,-0.4,0.4,-0.4,41.6,41.6,0.0,42,3
TM,TEAM_CR,2020,137646,0.0,-0.2,-0.4,0.4,-0.4,41.6,41.6,0.0,42,3
TM,TEAM_CR,2021,137686,0.0,0.0,-0.4,0.4,0.5,41.6,41.6,0.0,42,3
TM,TEAM_CR,2022,137726,0.0,-0.2,-0.4,0.4,0.5,41.6,41.6,0.0,42,3
TM,TEAM_CR,2023,137766,0.0,0.0,-0.4,0.4,0.3,41.6,41.6,0.0,42,3
TM,TEAM_CR,2024,137807,0.0,0.2,-0.4,0.4,-0.7,41.6,41.6,0.0,42,3
TM,TEAM_CR,2025,137847,0.0,-0.1,-0.4,0.4,-0.6,41.6,41.6,0.0,42,3
TM,SUN_L,3607,SUN_R,3246,SUN_NDV,0.0527,SUN_ANGLE,31.58
TM,MAG_X,-19.57,MAG_Y,26.02,MAG_Z,5.65,MAG_HEADING,126.95
TM,GYRO_X,-1.365,GYRO_Y,-1.908,GYRO_Z,0.274,BODY_RATE,-0.274
TM,TEAM_CR,2026,137887,0.0,-0.2,-0.4,0.4,-0.4,41.6,41.6,0.0,42,3
TM,TEAM_CR,2027,137937,0.0,-0.1,-0.4,0.4,0.1,41.6,41.6,0.0,42,3
TM,TEAM_CR,2028,137978,0.0,0.0,-0.3,0.3,0.5,41.6,41.6,0.0,42,3
TM,TEAM_CR,2029,138025,0.0,0.1,-0.3,0.3,0.0,41.6,41.6,0.0,42,3
TM,TEAM_CR,2030,138065,0.0,-0.1,-0.3,0.3,0.1,41.6,41.6,0.0,42,3
TM,TEAM_CR,2031,138105,0.0,-0.1,-0.3,0.3,0.0,41.6,41.6,0.0,42,3
TM,ADCS_MODE,MANUAL,ADCS_REFERENCE,SUN,TARGET,0.00,POINTING_ERROR,-31.49,SUN_ERROR,-31.61,MAG_ERROR,-126.95,GYRO_Z,0.432,RW_CMD,0
TM,EST_RAW,31.61,EST_FILTERED,31.61,EST_ANGLE,31.49,EST_FILTER,ON,EST_FILTER_TYPE,MOVING_AVERAGE,EST_MA_WINDOW,1,EST_FILTER_STRENGTH,0.35
TM,EST_FUSION,ON,EST_GYRO_WEIGHT,0.98,EST_VALID,1
TM,TEAM_CR,2032,138145,0.0,-0.1,-0.3,0.3,0.0,41.6,41.6,0.0,42,3
TM,TEAM_CR,2033,138186,0.0,-0.1,-0.3,0.3,0.4,41.6,41.6,0.0,42,3
TM,TEAM_CR,2034,138226,0.0,0.2,-0.3,0.3,0.3,41.6,41.6,0.0,42,3
TM,TEAM_CR,2035,138266,0.0,0.0,-0.3,0.3,0.0,41.6,41.6,0.0,42,3
TM,TEAM_CR,2036,138306,0.0,-0.2,-0.3,0.3,-0.8,41.6,41.6,0.0,42,3
TM,TEAM_CR,2037,138346,0.0,0.0,-0.3,0.3,-0.6,41.6,41.6,0.0,42,3
TM,TEAM_CR,2038,138386,0.0,-0.2,-0.3,0.3,0.5,41.6,41.6,0.0,42,3
TM,TEAM_CR,2039,138436,0.0,0.0,-0.3,0.3,0.1,41.6,41.6,0.0,42,3
TM,TEAM_CR,2040,138476,0.0,0.1,-0.3,0.3,0.0,41.6,41.6,0.0,42,3
TM,TEAM_CR,2041,138516,0.0,0.0,-0.3,0.3,-0.3,41.6,41.6,0.0,42,3
TM,TEAM_CR,2042,138556,0.0,0.0,-0.3,0.3,0.0,41.6,41.6,0.0,42,3
TM,TEAM_CR,2043,138606,0.0,-0.1,-0.3,0.3,-0.5,41.6,41.6,0.0,42,3
TM,SUN_L,3608,SUN_R,3246,SUN_NDV,0.0528,SUN_ANGLE,31.70
TM,MAG_X,-19.73,MAG_Y,26.06,MAG_Z,5.76,MAG_HEADING,127.12
TM,GYRO_X,-1.286,GYRO_Y,-1.995,GYRO_Z,0.020,BODY_RATE,-0.020
TM,TEAM_CR,2044,138646,0.0,0.2,-0.2,0.2,-0.1,41.6,41.6,0.0,42,3
TM,TEAM_CR,2045,138686,0.0,0.1,-0.2,0.2,0.3,41.6,41.6,0.0,42,3
TM,TEAM_CR,2046,138726,0.0,0.0,-0.2,0.2,0.3,41.6,41.6,0.0,42,3
TM,TEAM_CR,2047,138766,0.0,-0.1,-0.2,0.2,-0.1,41.6,41.6,0.0,42,3
TM,TEAM_CR,2048,138806,0.0,-0.1,-0.2,0.2,-0.1,41.6,41.6,0.0,42,3
TM,TEAM_CR,2049,138846,0.0,-0.1,-0.2,0.2,-0.3,41.6,41.6,0.0,42,3
TM,TEAM_CR,2050,138886,0.0,0.0,-0.2,0.2,0.1,41.6,41.6,0.0,42,3
TM,TEAM_CR,2051,138937,0.0,0.0,-0.2,0.2,0.3,41.6,41.6,0.0,42,3
TM,TEAM_CR,2052,138977,0.0,-0.1,-0.2,0.2,0.5,41.6,41.6,0.0,42,3
TM,TEAM_CR,2053,139026,0.0,0.2,-0.1,0.1,0.2,41.6,41.6,0.0,42,3
TM,TEAM_CR,2054,139066,0.0,0.1,-0.1,0.1,0.2,41.6,41.6,0.0,42,3
TM,ADCS_MODE,MANUAL,ADCS_REFERENCE,SUN,TARGET,0.00,POINTING_ERROR,-31.49,SUN_ERROR,-31.85,MAG_ERROR,-127.03,GYRO_Z,0.230,RW_CMD,0
TM,EST_RAW,31.85,EST_FILTERED,31.85,EST_ANGLE,31.49,EST_FILTER,ON,EST_FILTER_TYPE,MOVING_AVERAGE,EST_MA_WINDOW,1,EST_FILTER_STRENGTH,0.35
TM,EST_FUSION,ON,EST_GYRO_WEIGHT,0.98,EST_VALID,1
TM,TEAM_CR,2055,139106,0.0,0.0,-0.1,0.1,-0.1,41.6,41.6,0.0,42,3
TM,TEAM_CR,2056,139146,0.0,-0.1,-0.1,0.1,-0.3,41.6,41.6,0.0,42,3
TM,TEAM_CR,2057,139187,0.0,-0.1,-0.1,0.1,-0.1,41.6,41.6,0.0,42,3
TM,TEAM_CR,2058,139226,0.0,0.1,-0.1,0.1,0.3,41.6,41.6,0.0,42,3
TM,TEAM_CR,2059,139266,0.0,0.0,-0.1,0.1,0.0,41.6,41.6,0.0,42,3
TM,TEAM_CR,2060,139306,0.0,0.0,-0.1,0.1,-0.3,41.6,41.6,0.0,42,3
TM,TEAM_CR,2061,139346,0.0,0.2,-0.1,0.1,-0.4,41.6,41.6,0.0,42,3
TM,SUN_L,3606,SUN_R,3246,SUN_NDV,0.0525,SUN_ANGLE,31.70
TM,MAG_X,-19.62,MAG_Y,26.00,MAG_Z,5.60,MAG_HEADING,127.03
TM,GYRO_X,-1.085,GYRO_Y,-1.864,GYRO_Z,0.108,BODY_RATE,-0.108
TM,TEAM_CR,2062,139386,0.0,0.1,-0.1,0.1,0.0,41.6,41.6,0.0,42,3
TM,TEAM_CR,2063,139437,0.0,0.1,-0.1,0.1,0.0,41.6,41.6,0.0,42,3
TM,TEAM_CR,2064,139476,0.0,0.2,-0.1,0.1,0.0,41.6,41.6,0.0,42,3
TM,TEAM_CR,2065,139516,0.0,0.3,-0.1,0.1,0.2,41.6,41.6,0.0,42,3
TM,TEAM_CR,2066,139556,0.0,0.2,-0.1,0.1,-0.3,41.6,41.6,0.0,42,3
TM,TEAM_CR,2067,139606,0.0,0.0,-0.1,0.1,-0.3,41.6,41.6,0.0,42,3
TM,TEAM_CR,2068,139646,0.0,0.2,-0.1,0.1,-0.5,41.6,41.6,0.0,42,3
TM,TEAM_CR,2069,139687,0.0,0.0,-0.1,0.1,0.6,41.6,41.6,0.0,42,3
TM,TEAM_CR,2070,139726,0.0,0.0,-0.1,0.1,0.4,41.6,41.6,0.0,42,3
TM,TEAM_CR,2071,139766,0.0,0.0,-0.1,0.1,-0.2,41.6,41.6,0.0,42,3
TM,TEAM_CR,2072,139806,0.0,0.1,-0.1,0.1,-0.9,41.6,41.6,0.0,42,3
TM,TEAM_CR,2073,139846,0.0,0.2,0.0,0.0,0.0,41.6,41.6,0.0,42,3
TM,TEAM_CR,2074,139886,0.0,-0.1,0.0,0.0,0.2,41.6,41.6,0.0,42,3
TM,TEAM_CR,2075,139937,0.0,0.0,-0.1,0.1,0.2,41.6,41.6,0.0,42,3
TM,TEAM_CR,2076,139977,0.0,0.2,-0.1,0.1,0.1,41.6,41.6,0.0,42,3
TM,TEAM_CR,2077,140026,0.0,0.3,-0.1,0.1,0.0,41.6,41.6,0.0,42,3
TM,ADCS_MODE,MANUAL,ADCS_REFERENCE,SUN,TARGET,0.00,POINTING_ERROR,-31.49,SUN_ERROR,-31.62,MAG_ERROR,-126.90,GYRO_Z,0.239,RW_CMD,0
TM,EST_RAW,31.62,EST_FILTERED,31.62,EST_ANGLE,31.49,EST_FILTER,ON,EST_FILTER_TYPE,MOVING_AVERAGE,EST_MA_WINDOW,1,EST_FILTER_STRENGTH,0.35
TM,EST_FUSION,ON,EST_GYRO_WEIGHT,0.98,EST_VALID,1
TM,TEAM_CR,2078,140066,0.0,0.3,0.0,0.0,-0.3,41.6,41.6,0.0,42,3
TM,TEAM_CR,2079,140106,0.0,0.2,0.0,0.0,-0.4,41.6,41.6,0.0,42,3
TM,SUN_L,3608,SUN_R,3246,SUN_NDV,0.0528,SUN_ANGLE,31.65
TM,MAG_X,-19.49,MAG_Y,25.95,MAG_Z,5.68,MAG_HEADING,126.90
TM,GYRO_X,-1.426,GYRO_Y,-2.013,GYRO_Z,0.020,BODY_RATE,-0.020
TM,TEAM_CR,2080,140146,0.0,0.1,0.0,0.0,-0.1,41.6,41.6,0.0,42,3
TM,TEAM_CR,2081,140187,0.0,0.3,0.0,0.0,0.1,41.6,41.6,0.0,42,3
TM,TEAM_CR,2082,140227,0.0,0.1,0.0,0.0,0.4,41.6,41.6,0.0,42,3
TM,TEAM_CR,2083,140268,0.0,0.0,0.0,0.0,0.1,41.6,41.6,0.0,42,3
TM,TEAM_CR,2084,140307,0.0,0.3,0.0,0.0,-0.7,41.6,41.6,0.0,42,3
TM,TEAM_CR,2085,140347,0.0,0.3,0.0,0.0,-0.8,41.6,41.6,0.0,42,3
TM,TEAM_CR,2086,140387,0.0,0.3,0.0,0.0,0.1,41.6,41.6,0.0,42,3
TM,TEAM_CR,2087,140437,0.0,0.1,0.0,0.0,0.3,41.6,41.6,0.0,42,3
TM,TEAM_CR,2088,140477,0.0,0.2,0.0,0.0,0.2,41.6,41.6,0.0,42,3
TM,TEAM_CR,2089,140518,0.0,0.1,0.0,0.0,-0.4,41.6,41.6,0.0,42,3
TM,TEAM_CR,2090,140557,0.0,0.2,0.0,0.0,-0.5,41.6,41.6,0.0,42,3
TM,TEAM_CR,2091,140605,0.0,0.2,0.0,0.0,-0.2,41.6,41.6,0.0,42,3
TM,TEAM_CR,2092,140645,0.0,0.2,0.0,0.0,0.0,41.6,41.6,0.0,42,3
TM,TEAM_CR,2093,140687,0.0,0.3,0.1,-0.1,0.2,41.6,41.6,0.0,42,3
TM,TEAM_CR,2094,140727,0.0,0.5,0.1,-0.1,0.1,41.6,41.6,0.0,42,3
TM,TEAM_CR,2095,140767,0.0,0.0,0.1,-0.1,-0.3,41.6,41.6,0.0,42,3
TM,TEAM_CR,2096,140807,0.0,0.4,0.1,-0.1,-0.4,41.6,41.6,0.0,42,3
TM,TEAM_CR,2097,140847,0.0,0.3,0.1,-0.1,-0.3,41.6,41.6,0.0,42,3
TM,TEAM_CR,2098,140887,0.0,0.2,0.1,-0.1,0.2,41.6,41.6,0.0,42,3
TM,SUN_L,3609,SUN_R,3245,SUN_NDV,0.0531,SUN_ANGLE,31.70
TM,MAG_X,-19.52,MAG_Y,25.84,MAG_Z,5.62,MAG_HEADING,127.07
TM,GYRO_X,-1.111,GYRO_Y,-2.082,GYRO_Z,0.055,BODY_RATE,-0.055
TM,TEAM_CR,2099,140938,0.0,0.3,0.1,-0.1,0.5,41.6,41.6,0.0,42,3
TM,ADCS_MODE,MANUAL,ADCS_REFERENCE,SUN,TARGET,0.00,POINTING_ERROR,-31.49,SUN_ERROR,-31.65,MAG_ERROR,-127.07,GYRO_Z,0.440,RW_CMD,0
TM,EST_RAW,31.65,EST_FILTERED,31.65,EST_ANGLE,31.49,EST_FILTER,ON,EST_FILTER_TYPE,MOVING_AVERAGE,EST_MA_WINDOW,1,EST_FILTER_STRENGTH,0.35
TM,EST_FUSION,ON,EST_GYRO_WEIGHT,0.98,EST_VALID,1
TM,TEAM_CR,2100,140977,0.0,0.1,0.1,-0.1,0.1,41.6,41.6,0.0,42,3
TM,TEAM_CR,2101,141026,0.0,0.2,0.1,-0.1,0.2,41.6,41.6,0.0,42,3
TM,TEAM_CR,2102,141066,0.0,0.5,0.1,-0.1,0.1,41.6,41.6,0.0,42,3
TM,TEAM_CR,2103,141106,0.0,0.3,0.1,-0.1,-0.7,41.6,41.6,0.0,42,3
TM,TEAM_CR,2104,141146,0.0,0.2,0.1,-0.1,-0.3,41.6,41.6,0.0,42,3
TM,TEAM_CR,2105,141187,0.0,0.1,0.1,-0.1,-0.3,41.6,41.6,0.0,42,3
TM,TEAM_CR,2106,141228,0.0,0.4,0.1,-0.1,-0.6,41.6,41.6,0.0,42,3
TM,TEAM_CR,2107,141267,0.0,0.3,0.1,-0.1,-0.5,41.6,41.6,0.0,42,3
TM,TEAM_CR,2108,141307,0.0,0.4,0.1,-0.1,-0.7,41.6,41.6,0.0,42,3
TM,TEAM_CR,2109,141347,0.0,-0.1,0.1,-0.1,-0.2,41.6,41.6,0.0,42,3
TM,TEAM_CR,2110,141387,0.0,0.4,0.1,-0.1,0.1,41.6,41.6,0.0,42,3
TM,TEAM_CR,2111,141436,0.0,0.3,0.1,-0.1,0.2,41.6,41.6,0.0,42,3
TM,TEAM_CR,2112,141476,0.0,0.2,0.1,-0.1,0.4,41.6,41.6,0.0,42,3
TM,TEAM_CR,2113,141516,0.0,0.3,0.1,-0.1,-0.1,41.6,41.6,0.0,42,3
TM,TEAM_CR,2114,141556,0.0,0.4,0.1,-0.1,-0.4,41.6,41.6,0.0,42,3
TM,TEAM_CR,2115,141606,0.0,0.4,0.1,-0.1,-0.6,41.6,41.6,0.0,42,3
TM,TEAM_CR,2116,141647,0.0,0.2,0.1,-0.1,-0.4,41.6,41.6,0.0,42,3
TM,SUN_L,3607,SUN_R,3245,SUN_NDV,0.0528,SUN_ANGLE,31.57
TM,MAG_X,-19.68,MAG_Y,25.92,MAG_Z,5.79,MAG_HEADING,127.21
TM,GYRO_X,-1.094,GYRO_Y,-2.249,GYRO_Z,0.213,BODY_RATE,-0.213
TM,TEAM_CR,2117,141687,0.0,0.3,0.1,-0.1,0.2,41.6,41.6,0.0,42,3
TM,TEAM_CR,2118,141727,0.0,-0.1,0.1,-0.1,0.3,41.6,41.6,0.0,42,3
TM,TEAM_CR,2119,141767,0.0,0.0,0.1,-0.1,0.2,41.6,41.6,0.0,42,3
TM,TEAM_CR,2120,141807,0.0,0.1,0.1,-0.1,-0.5,41.6,41.6,0.0,42,3
TM,TEAM_CR,2121,141847,0.0,0.5,0.1,-0.1,-0.4,41.6,41.6,0.0,42,3
TM,TEAM_CR,2122,141887,0.0,0.4,0.1,-0.1,0.1,41.6,41.6,0.0,42,3
TM,ADCS_MODE,MANUAL,ADCS_REFERENCE,SUN,TARGET,0.00,POINTING_ERROR,-31.49,SUN_ERROR,-31.70,MAG_ERROR,-127.21,GYRO_Z,0.195,RW_CMD,0
TM,EST_RAW,31.70,EST_FILTERED,31.70,EST_ANGLE,31.49,EST_FILTER,ON,EST_FILTER_TYPE,MOVING_AVERAGE,EST_MA_WINDOW,1,EST_FILTER_STRENGTH,0.35
TM,EST_FUSION,ON,EST_GYRO_WEIGHT,0.98,EST_VALID,1
TM,TEAM_CR,2123,141937,0.0,0.4,0.1,-0.1,-0.1,41.6,41.6,0.0,42,3
TM,TEAM_CR,2124,141977,0.0,0.4,0.1,-0.1,0.3,41.6,41.6,0.0,42,3
TM,TEAM_CR,2125,142026,0.0,0.3,0.1,-0.1,-0.2,41.6,41.6,0.0,42,3
TM,TEAM_CR,2126,142066,0.0,0.2,0.1,-0.1,-0.1,41.6,41.6,0.0,42,3
TM,TEAM_CR,2127,142106,0.0,0.3,0.1,-0.1,-0.3,41.6,41.6,0.0,42,3
TM,TEAM_CR,2128,142146,0.0,0.3,0.1,-0.1,-0.2,41.6,41.6,0.0,42,3
TM,TEAM_CR,2129,142188,0.0,0.2,0.1,-0.1,0.4,41.6,41.6,0.0,42,3
TM,TEAM_CR,2130,142228,0.0,0.5,0.1,-0.1,0.3,41.6,41.6,0.0,42,3
TM,TEAM_CR,2131,142268,0.0,0.5,0.2,-0.2,0.2,41.6,41.6,0.0,42,3
TM,TEAM_CR,2132,142308,0.0,0.5,0.2,-0.2,-0.6,41.6,41.6,0.0,42,3
TM,TEAM_CR,2133,142348,0.0,0.5,0.2,-0.2,-0.3,41.6,41.6,0.0,42,3
TM,TEAM_CR,2134,142388,0.0,0.4,0.2,-0.2,-0.4,41.6,41.6,0.0,42,3
TM,SUN_L,3607,SUN_R,3245,SUN_NDV,0.0528,SUN_ANGLE,31.73
TM,MAG_X,-19.70,MAG_Y,26.02,MAG_Z,5.74,MAG_HEADING,127.13
TM,GYRO_X,-1.129,GYRO_Y,-2.013,GYRO_Z,0.073,BODY_RATE,-0.073
TM,TEAM_CR,2135,142436,0.0,0.2,0.2,-0.2,0.1,41.6,41.6,0.0,42,3
TM,TEAM_CR,2136,142476,0.0,0.6,0.2,-0.2,0.2,41.6,41.6,0.0,42,3
TM,TEAM_CR,2137,142516,0.0,0.5,0.2,-0.2,-0.3,41.6,41.6,0.0,42,3
TM,TEAM_CR,2138,142556,0.0,0.4,0.2,-0.2,-0.7,41.6,41.6,0.0,42,3
TM,TEAM_CR,2139,142606,0.0,0.4,0.2,-0.2,-0.8,41.6,41.6,0.0,42,3
TM,TEAM_CR,2140,142646,0.0,0.5,0.2,-0.2,-0.3,41.6,41.6,0.0,42,3
TM,TEAM_CR,2141,142687,0.0,0.5,0.2,-0.2,0.2,41.6,41.6,0.0,42,3
TM,TEAM_CR,2142,142726,0.0,0.3,0.2,-0.2,0.2,41.6,41.6,0.0,42,3
TM,TEAM_CR,2143,142766,0.0,0.3,0.2,-0.2,-0.5,41.6,41.6,0.0,42,3
TM,TEAM_CR,2144,142807,0.0,0.5,0.2,-0.2,-0.6,41.6,41.6,0.0,42,3
TM,TEAM_CR,2145,142846,0.0,0.6,0.2,-0.2,0.0,41.6,41.6,0.0,42,3
TM,ADCS_MODE,MANUAL,ADCS_REFERENCE,SUN,TARGET,0.00,POINTING_ERROR,-31.49,SUN_ERROR,-31.69,MAG_ERROR,-126.93,GYRO_Z,0.344,RW_CMD,0
TM,EST_RAW,31.69,EST_FILTERED,31.69,EST_ANGLE,31.49,EST_FILTER,ON,EST_FILTER_TYPE,MOVING_AVERAGE,EST_MA_WINDOW,1,EST_FILTER_STRENGTH,0.35
TM,EST_FUSION,ON,EST_GYRO_WEIGHT,0.98,EST_VALID,1
TM,TEAM_CR,2146,142886,0.0,0.6,0.2,-0.2,0.3,41.6,41.6,0.0,42,3
TM,TEAM_CR,2147,142935,0.0,0.4,0.2,-0.2,-0.1,41.6,41.6,0.0,42,3
TM,TEAM_CR,2148,142975,0.0,0.2,0.2,-0.2,0.5,41.6,41.6,0.0,42,3
TM,TEAM_CR,2149,143026,0.0,0.0,0.2,-0.2,0.4,41.6,41.6,0.0,42,3
TM,TEAM_CR,2150,143066,0.0,0.5,0.2,-0.2,-0.1,41.6,41.6,0.0,42,3
TM,TEAM_CR,2151,143106,0.0,0.3,0.2,-0.2,-0.5,41.6,41.6,0.0,42,3
TM,TEAM_CR,2152,143146,0.0,0.5,0.2,-0.2,-0.2,41.6,41.6,0.0,42,3
TM,SUN_L,3608,SUN_R,3245,SUN_NDV,0.0530,SUN_ANGLE,31.68
TM,MAG_X,-19.50,MAG_Y,26.05,MAG_Z,5.55,MAG_HEADING,126.82
TM,GYRO_X,-1.164,GYRO_Y,-1.977,GYRO_Z,0.143,BODY_RATE,-0.143
TM,TEAM_CR,2153,143188,0.0,0.4,0.2,-0.2,-0.2,41.6,41.6,0.0,42,3
TM,TEAM_CR,2154,143227,0.0,0.5,0.2,-0.2,-0.1,41.6,41.6,0.0,42,3
TM,TEAM_CR,2155,143267,0.0,0.8,0.2,-0.2,0.1,41.6,41.6,0.0,42,3
TM,TEAM_CR,2156,143307,0.0,0.4,0.2,-0.2,-0.6,41.6,41.6,0.0,42,3
TM,TEAM_CR,2157,143347,0.0,0.4,0.3,-0.3,0.0,41.6,41.6,0.0,42,3
TM,TEAM_CR,2158,143387,0.0,0.4,0.2,-0.2,-0.1,41.6,41.6,0.0,42,3
TM,TEAM_CR,2159,143437,0.0,0.5,0.2,-0.2,-0.4,41.6,41.6,0.0,42,3
TM,TEAM_CR,2160,143477,0.0,0.5,0.2,-0.2,-0.1,41.6,41.6,0.0,42,3
TM,TEAM_CR,2161,143517,0.0,0.4,0.2,-0.2,-0.2,41.6,41.6,0.0,42,3
TM,TEAM_CR,2162,143557,0.0,0.5,0.2,-0.2,-0.7,41.6,41.6,0.0,42,3
TM,TEAM_CR,2163,143607,0.0,0.2,0.2,-0.2,-0.8,41.6,41.6,0.0,42,3
TM,TEAM_CR,2164,143647,0.0,0.3,0.2,-0.2,-0.6,41.6,41.6,0.0,42,3
TM,TEAM_CR,2165,143687,0.0,0.4,0.2,-0.2,0.0,41.6,41.6,0.0,42,3
TM,TEAM_CR,2166,143727,0.0,0.3,0.2,-0.2,0.2,41.6,41.6,0.0,42,3
TM,TEAM_CR,2167,143767,0.0,0.2,0.2,-0.2,0.4,41.6,41.6,0.0,42,3
TM,TEAM_CR,2168,143808,0.0,0.5,0.2,-0.2,0.2,41.6,41.6,0.0,42,3
TM,ADCS_MODE,MANUAL,ADCS_REFERENCE,SUN,TARGET,0.00,POINTING_ERROR,-31.49,SUN_ERROR,-31.77,MAG_ERROR,-126.83,GYRO_Z,0.265,RW_CMD,0
TM,EST_RAW,31.77,EST_FILTERED,31.77,EST_ANGLE,31.49,EST_FILTER,ON,EST_FILTER_TYPE,MOVING_AVERAGE,EST_MA_WINDOW,1,EST_FILTER_STRENGTH,0.35
TM,EST_FUSION,ON,EST_GYRO_WEIGHT,0.98,EST_VALID,1
TM,TEAM_CR,2169,143847,0.0,0.4,0.2,-0.2,-0.3,41.6,41.6,0.0,42,3
TM,TEAM_CR,2170,143887,0.0,0.2,0.2,-0.2,-0.2,41.6,41.6,0.0,42,3
TM,SUN_L,3609,SUN_R,3245,SUN_NDV,0.0531,SUN_ANGLE,31.76
TM,MAG_X,-19.52,MAG_Y,26.06,MAG_Z,5.58,MAG_HEADING,126.83
TM,GYRO_X,-1.111,GYRO_Y,-2.047,GYRO_Z,0.108,BODY_RATE,-0.108
TM,TEAM_CR,2171,143937,0.0,0.2,0.2,-0.2,0.2,41.6,41.6,0.0,42,3
TM,TEAM_CR,2172,143978,0.0,0.4,0.2,-0.2,0.4,41.6,41.6,0.0,42,3
TM,TEAM_CR,2173,144026,0.0,0.5,0.2,-0.2,0.3,41.6,41.6,0.0,42,3
TM,TEAM_CR,2174,144066,0.0,0.5,0.2,-0.2,0.1,41.6,41.6,0.0,42,3
TM,TEAM_CR,2175,144106,0.0,0.6,0.2,-0.2,-0.3,41.6,41.6,0.0,42,3
TM,TEAM_CR,2176,144146,0.0,0.5,0.2,-0.2,-0.5,41.6,41.6,0.0,42,3
TM,TEAM_CR,2177,144188,0.0,0.4,0.2,-0.2,-0.3,41.6,41.6,0.0,42,3
TM,TEAM_CR,2178,144227,0.0,0.8,0.2,-0.2,0.2,41.6,41.6,0.0,42,3
TM,TEAM_CR,2179,144267,0.0,0.4,0.2,-0.2,0.1,41.6,41.6,0.0,42,3
TM,TEAM_CR,2180,144307,0.0,0.6,0.2,-0.2,-0.5,41.6,41.6,0.0,42,3
TM,TEAM_CR,2181,144347,0.0,0.5,0.2,-0.2,-0.9,41.6,41.6,0.0,42,3
TM,TEAM_CR,2182,144387,0.0,0.4,0.2,-0.2,-0.6,41.6,41.6,0.0,42,3
TM,TEAM_CR,2183,144437,0.0,0.4,0.2,-0.2,-0.5,41.6,41.6,0.0,42,3
TM,TEAM_CR,2184,144477,0.0,0.5,0.2,-0.2,0.3,41.6,41.6,0.0,42,3
TM,TEAM_CR,2185,144517,0.0,0.0,0.2,-0.2,0.2,41.6,41.6,0.0,42,3
TM,TEAM_CR,2186,144557,0.0,0.3,0.2,-0.2,-0.4,41.6,41.6,0.0,42,3
TM,TEAM_CR,2187,144607,0.0,0.2,0.2,-0.2,0.1,41.6,41.6,0.0,42,3
TM,TEAM_CR,2188,144646,0.0,0.0,0.2,-0.2,0.0,41.6,41.6,0.0,42,3
TM,TEAM_CR,2189,144686,0.0,0.4,0.2,-0.2,0.2,41.6,41.6,0.0,42,3
TM,SUN_L,3608,SUN_R,3244,SUN_NDV,0.0531,SUN_ANGLE,31.62
TM,MAG_X,-19.52,MAG_Y,25.82,MAG_Z,5.74,MAG_HEADING,127.09
TM,GYRO_X,-0.998,GYRO_Y,-2.170,GYRO_Z,0.020,BODY_RATE,-0.020
TM,TEAM_CR,2190,144726,0.0,0.2,0.2,-0.2,0.1,41.6,41.6,0.0,42,3
TM,ADCS_MODE,MANUAL,ADCS_REFERENCE,SUN,TARGET,0.00,POINTING_ERROR,-31.48,SUN_ERROR,-31.73,MAG_ERROR,-127.09,GYRO_Z,0.449,RW_CMD,0
TM,EST_RAW,31.73,EST_FILTERED,31.73,EST_ANGLE,31.48,EST_FILTER,ON,EST_FILTER_TYPE,MOVING_AVERAGE,EST_MA_WINDOW,1,EST_FILTER_STRENGTH,0.35
TM,EST_FUSION,ON,EST_GYRO_WEIGHT,0.98,EST_VALID,1
TM,TEAM_CR,2191,144766,0.0,0.5,0.2,-0.2,0.2,41.6,41.6,0.0,42,3
TM,TEAM_CR,2192,144806,0.0,0.6,0.2,-0.2,0.2,41.6,41.6,0.0,42,3
TM,TEAM_CR,2193,144846,0.0,0.3,0.2,-0.2,-0.3,41.6,41.6,0.0,42,3
TM,TEAM_CR,2194,144886,0.0,0.6,0.3,-0.3,0.4,41.6,41.6,0.0,42,3
TM,TEAM_CR,2195,144937,0.0,0.6,0.3,-0.3,-0.3,41.6,41.6,0.0,42,3
TM,TEAM_CR,2196,144977,0.0,0.4,0.3,-0.3,-0.2,41.6,41.6,0.0,42,3
TM,TEAM_CR,2197,145026,0.0,0.5,0.3,-0.3,0.3,41.6,41.6,0.0,42,3
TM,TEAM_CR,2198,145066,0.0,0.3,0.3,-0.3,0.2,41.6,41.6,0.0,42,3
TM,TEAM_CR,2199,145106,0.0,0.6,0.2,-0.2,-0.7,41.6,41.6,0.0,42,3
TM,TEAM_CR,2200,145146,0.0,0.0,0.2,-0.2,-0.6,41.6,41.6,0.0,42,3
TM,TEAM_CR,2201,145187,0.0,0.3,0.2,-0.2,-0.6,41.6,41.6,0.0,42,3
TM,TEAM_CR,2202,145227,0.0,0.7,0.2,-0.2,0.1,41.6,41.6,0.0,42,3
TM,TEAM_CR,2203,145267,0.0,0.6,0.2,-0.2,0.0,41.6,41.6,0.0,42,3
TM,TEAM_CR,2204,145307,0.0,0.9,0.3,-0.3,-0.1,41.6,41.6,0.0,42,3
TM,TEAM_CR,2205,145347,0.0,0.5,0.2,-0.2,-0.9,41.6,41.6,0.0,42,3
TM,TEAM_CR,2206,145387,0.0,0.6,0.2,-0.2,-0.6,41.6,41.6,0.0,42,3
TM,TEAM_CR,2207,145436,0.0,0.4,0.2,-0.2,0.0,41.6,41.6,0.0,42,3
TM,SUN_L,3608,SUN_R,3245,SUN_NDV,0.0530,SUN_ANGLE,31.59
TM,MAG_X,-19.50,MAG_Y,26.02,MAG_Z,5.87,MAG_HEADING,126.86
TM,GYRO_X,-1.242,GYRO_Y,-1.890,GYRO_Z,0.099,BODY_RATE,-0.099
TM,TEAM_CR,2208,145476,0.0,0.4,0.2,-0.2,0.2,41.6,41.6,0.0,42,3
TM,TEAM_CR,2209,145516,0.0,0.4,0.2,-0.2,0.4,41.6,41.6,0.0,42,3
TM,TEAM_CR,2210,145556,0.0,0.3,0.3,-0.3,0.1,41.6,41.6,0.0,42,3
TM,TEAM_CR,2211,145606,0.0,0.5,0.3,-0.3,0.1,41.6,41.6,0.0,42,3
TM,TEAM_CR,2212,145646,0.0,0.3,0.3,-0.3,-0.1,41.6,41.6,0.0,42,3
TM,TEAM_CR,2213,145686,0.0,0.4,0.3,-0.3,-0.2,41.6,41.6,0.0,42,3
TM,ADCS_MODE,MANUAL,ADCS_REFERENCE,SUN,TARGET,0.00,POINTING_ERROR,-31.48,SUN_ERROR,-31.61,MAG_ERROR,-127.10,GYRO_Z,0.222,RW_CMD,0
TM,EST_RAW,31.61,EST_FILTERED,31.61,EST_ANGLE,31.48,EST_FILTER,ON,EST_FILTER_TYPE,MOVING_AVERAGE,EST_MA_WINDOW,1,EST_FILTER_STRENGTH,0.35
TM,EST_FUSION,ON,EST_GYRO_WEIGHT,0.98,EST_VALID,1
TM,TEAM_CR,2214,145726,0.0,0.2,0.3,-0.3,0.0,41.6,41.6,0.0,42,3
TM,TEAM_CR,2215,145766,0.0,0.5,0.3,-0.3,0.1,41.6,41.6,0.0,42,3
TM,TEAM_CR,2216,145806,0.0,0.6,0.3,-0.3,-0.4,41.6,41.6,0.0,42,3
TM,TEAM_CR,2217,145846,0.0,0.6,0.3,-0.3,-0.3,41.6,41.6,0.0,42,3
TM,TEAM_CR,2218,145886,0.0,0.5,0.3,-0.3,-0.7,41.6,41.6,0.0,42,3
TM,TEAM_CR,2219,145937,0.0,0.3,0.3,-0.3,-0.3,41.6,41.6,0.0,42,3
TM,TEAM_CR,2220,145976,0.0,0.0,0.3,-0.3,0.0,41.6,41.6,0.0,42,3
TM,TEAM_CR,2221,146026,0.0,0.1,0.2,-0.2,-0.6,41.6,41.6,0.0,42,3
TM,TEAM_CR,2222,146066,0.0,0.3,0.2,-0.2,0.0,41.6,41.6,0.0,42,3
TM,TEAM_CR,2223,146106,0.0,0.5,0.2,-0.2,-0.3,41.6,41.6,0.0,42,3
TM,TEAM_CR,2224,146146,0.0,0.5,0.2,-0.2,0.1,41.6,41.6,0.0,42,3
TM,TEAM_CR,2225,146187,0.0,0.5,0.2,-0.2,-0.4,41.6,41.6,0.0,42,3
TM,SUN_L,3608,SUN_R,3244,SUN_NDV,0.0531,SUN_ANGLE,31.72
TM,MAG_X,-19.54,MAG_Y,25.89,MAG_Z,5.68,MAG_HEADING,127.04
TM,GYRO_X,-1.304,GYRO_Y,-2.047,GYRO_Z,0.117,BODY_RATE,-0.117
TM,TEAM_CR,2226,146226,0.0,0.6,0.2,-0.2,-0.6,41.6,41.6,0.0,42,3
TM,TEAM_CR,2227,146266,0.0,0.6,0.3,-0.3,0.0,41.6,41.6,0.0,42,3
TM,TEAM_CR,2228,146306,0.0,0.4,0.2,-0.2,-0.2,41.6,41.6,0.0,42,3
TM,TEAM_CR,2229,146346,0.0,0.5,0.2,-0.2,-0.1,41.6,41.6,0.0,42,3
TM,TEAM_CR,2230,146386,0.0,0.3,0.3,-0.3,-0.4,41.6,41.6,0.0,42,3
TM,TEAM_CR,2231,146437,0.0,0.6,0.3,-0.3,-0.3,41.6,41.6,0.0,42,3
TM,TEAM_CR,2232,146477,0.0,0.3,0.3,-0.3,0.0,41.6,41.6,0.0,42,3
TM,TEAM_CR,2233,146517,0.0,0.2,0.3,-0.3,0.1,41.6,41.6,0.0,42,3
TM,TEAM_CR,2234,146557,0.0,0.3,0.3,-0.3,0.2,41.6,41.6,0.0,42,3
TM,TEAM_CR,2235,146605,0.0,0.6,0.3,-0.3,0.3,41.6,41.6,0.0,42,3
TM,TEAM_CR,2236,146645,0.0,0.5,0.3,-0.3,-0.7,41.6,41.6,0.0,42,3
TM,ADCS_MODE,MANUAL,ADCS_REFERENCE,SUN,TARGET,0.00,POINTING_ERROR,-31.48,SUN_ERROR,-31.68,MAG_ERROR,-127.04,GYRO_Z,0.012,RW_CMD,0
TM,EST_RAW,31.68,EST_FILTERED,31.68,EST_ANGLE,31.48,EST_FILTER,ON,EST_FILTER_TYPE,MOVING_AVERAGE,EST_MA_WINDOW,1,EST_FILTER_STRENGTH,0.35
TM,EST_FUSION,ON,EST_GYRO_WEIGHT,0.98,EST_VALID,1
TM,TEAM_CR,2237,146687,0.0,0.6,0.3,-0.3,-0.3,41.6,41.6,0.0,42,3
TM,TEAM_CR,2238,146727,0.0,0.4,0.3,-0.3,-0.4,41.6,41.6,0.0,42,3
TM,TEAM_CR,2239,146767,0.0,0.2,0.3,-0.3,0.2,41.6,41.6,0.0,42,3
TM,TEAM_CR,2240,146808,0.0,0.6,0.3,-0.3,0.1,41.6,41.6,0.0,42,3
TM,TEAM_CR,2241,146847,0.0,0.6,0.3,-0.3,0.0,41.6,41.6,0.0,42,3
TM,TEAM_CR,2242,146887,0.0,0.6,0.3,-0.3,-0.3,41.6,41.6,0.0,42,3
TM,TEAM_CR,2243,146937,0.0,0.6,0.3,-0.3,-0.7,41.6,41.6,0.0,42,3
TM,SUN_L,3607,SUN_R,3244,SUN_NDV,0.0530,SUN_ANGLE,31.81
TM,MAG_X,-19.60,MAG_Y,25.78,MAG_Z,5.71,MAG_HEADING,127.25
TM,GYRO_X,-1.426,GYRO_Y,-1.995,GYRO_Z,0.239,BODY_RATE,-0.239
TM,TEAM_CR,2244,146977,0.0,0.7,0.3,-0.3,-0.4,41.6,41.6,0.0,42,3
TM,TEAM_CR,2245,147026,0.0,0.6,0.3,-0.3,-0.4,41.6,41.6,0.0,42,3
TM,TEAM_CR,2246,147066,0.0,0.8,0.3,-0.3,0.2,41.6,41.6,0.0,42,3
TM,TEAM_CR,2247,147106,0.0,0.6,0.3,-0.3,0.2,41.6,41.6,0.0,42,3
TM,TEAM_CR,2248,147146,0.0,0.6,0.3,-0.3,-0.2,41.6,41.6,0.0,42,3
TM,TEAM_CR,2249,147187,0.0,0.6,0.3,-0.3,-0.4,41.6,41.6,0.0,42,3
TM,TEAM_CR,2250,147228,0.0,0.5,0.3,-0.3,-0.7,41.6,41.6,0.0,42,3
TM,TEAM_CR,2251,147267,0.0,0.4,0.3,-0.3,0.3,41.6,41.6,0.0,42,3
TM,TEAM_CR,2252,147307,0.0,0.8,0.3,-0.3,0.4,41.6,41.6,0.0,42,3
TM,TEAM_CR,2253,147347,0.0,0.3,0.3,-0.3,-0.6,41.6,41.6,0.0,42,3
TM,TEAM_CR,2254,147387,0.0,0.5,0.3,-0.3,-0.4,41.6,41.6,0.0,42,3
TM,TEAM_CR,2255,147437,0.0,0.6,0.3,-0.3,-0.3,41.6,41.6,0.0,42,3
TM,TEAM_CR,2256,147477,0.0,0.6,0.3,-0.3,0.1,41.6,41.6,0.0,42,3
TM,TEAM_CR,2257,147518,0.0,0.4,0.3,-0.3,-0.2,41.6,41.6,0.0,42,3
TM,TEAM_CR,2258,147557,0.0,0.5,0.4,-0.4,0.3,41.6,41.6,0.0,42,3
TM,TEAM_CR,2259,147606,0.0,0.3,0.4,-0.4,0.2,41.6,41.6,0.0,42,3
TM,ADCS_MODE,MANUAL,ADCS_REFERENCE,SUN,TARGET,0.00,POINTING_ERROR,-31.49,SUN_ERROR,-31.73,MAG_ERROR,-127.06,GYRO_Z,0.108,RW_CMD,0
TM,EST_RAW,31.73,EST_FILTERED,31.73,EST_ANGLE,31.49,EST_FILTER,ON,EST_FILTER_TYPE,MOVING_AVERAGE,EST_MA_WINDOW,1,EST_FILTER_STRENGTH,0.35
TM,EST_FUSION,ON,EST_GYRO_WEIGHT,0.98,EST_VALID,1
TM,TEAM_CR,2260,147647,0.0,0.5,0.4,-0.4,0.4,41.6,41.6,0.0,42,3
TM,TEAM_CR,2261,147686,0.0,0.6,0.3,-0.3,-0.2,41.6,41.6,0.0,42,3
TM,SUN_L,3608,SUN_R,3244,SUN_NDV,0.0531,SUN_ANGLE,31.76
TM,MAG_X,-19.55,MAG_Y,25.89,MAG_Z,5.86,MAG_HEADING,127.06
TM,GYRO_X,-1.102,GYRO_Y,-1.899,GYRO_Z,0.274,BODY_RATE,-0.274
TM,TEAM_CR,2262,147726,0.0,0.6,0.4,-0.4,-0.5,41.6,41.6,0.0,42,3
TM,TEAM_CR,2263,147766,0.0,0.4,0.4,-0.4,0.0,41.6,41.6,0.0,42,3
TM,TEAM_CR,2264,147806,0.0,0.6,0.4,-0.4,0.0,41.6,41.6,0.0,42,3
TM,TEAM_CR,2265,147846,0.0,0.6,0.4,-0.4,0.0,41.6,41.6,0.0,42,3
TM,TEAM_CR,2266,147886,0.0,0.5,0.4,-0.4,-0.1,41.6,41.6,0.0,42,3
TM,TEAM_CR,2267,147938,0.0,1.0,0.4,-0.4,0.1,41.6,41.6,0.0,42,3
TM,TEAM_CR,2268,147977,0.0,0.6,0.4,-0.4,-0.7,41.6,41.6,0.0,42,3
TM,TEAM_CR,2269,148025,0.0,0.7,0.4,-0.4,-0.7,41.6,41.6,0.0,42,3
TM,TEAM_CR,2270,148065,0.0,0.5,0.4,-0.4,0.0,41.6,41.6,0.0,42,3
TM,TEAM_CR,2271,148105,0.0,0.7,0.4,-0.4,-0.2,41.6,41.6,0.0,42,3
TM,TEAM_CR,2272,148145,0.0,0.5,0.4,-0.4,0.0,41.6,41.6,0.0,42,3
TM,TEAM_CR,2273,148186,0.0,0.4,0.4,-0.4,-0.5,41.6,41.6,0.0,42,3
TM,TEAM_CR,2274,148226,0.0,0.5,0.4,-0.4,-0.6,41.6,41.6,0.0,42,3
TM,TEAM_CR,2275,148266,0.0,0.6,0.4,-0.4,-0.9,41.6,41.6,0.0,42,3
TM,TEAM_CR,2276,148306,0.0,0.4,0.4,-0.4,0.3,41.6,41.6,0.0,42,3
TM,TEAM_CR,2277,148346,0.0,0.5,0.4,-0.4,0.5,41.6,41.6,0.0,42,3
TM,TEAM_CR,2278,148386,0.0,0.5,0.4,-0.4,0.3,41.6,41.6,0.0,42,3
TM,TEAM_CR,2279,148437,0.0,0.5,0.4,-0.4,-0.1,41.6,41.6,0.0,42,3
TM,TEAM_CR,2280,148476,0.0,0.6,0.4,-0.4,-0.4,41.6,41.6,0.0,42,3
TM,SUN_L,3609,SUN_R,3247,SUN_NDV,0.0528,SUN_ANGLE,31.71
TM,MAG_X,-19.44,MAG_Y,25.78,MAG_Z,5.71,MAG_HEADING,127.02
TM,GYRO_X,-1.120,GYRO_Y,-2.065,GYRO_Z,0.082,BODY_RATE,-0.082
TM,TEAM_CR,2281,148516,0.0,0.6,0.4,-0.4,0.2,41.6,41.6,0.0,42,3
TM,ADCS_MODE,MANUAL,ADCS_REFERENCE,SUN,TARGET,0.00,POINTING_ERROR,-31.52,SUN_ERROR,-31.68,MAG_ERROR,-127.02,GYRO_Z,0.029,RW_CMD,0
TM,EST_RAW,31.68,EST_FILTERED,31.68,EST_ANGLE,31.52,EST_FILTER,ON,EST_FILTER_TYPE,MOVING_AVERAGE,EST_MA_WINDOW,1,EST_FILTER_STRENGTH,0.35
TM,EST_FUSION,ON,EST_GYRO_WEIGHT,0.98,EST_VALID,1
TM,TEAM_CR,2282,148556,0.0,0.6,0.4,-0.4,0.3,41.6,41.6,0.0,42,3
TM,TEAM_CR,2283,148606,0.0,0.7,0.4,-0.4,-0.3,41.6,41.6,0.0,42,3
TM,TEAM_CR,2284,148646,0.0,0.4,0.4,-0.4,-0.1,41.6,41.6,0.0,42,3
TM,TEAM_CR,2285,148686,0.0,0.7,0.4,-0.4,0.0,41.6,41.6,0.0,42,3
TM,TEAM_CR,2286,148726,0.0,1.0,0.4,-0.4,-0.8,41.6,41.6,0.0,42,3
TM,TEAM_CR,2287,148766,0.0,0.5,0.4,-0.4,-0.3,41.6,41.6,0.0,42,3
TM,TEAM_CR,2288,148806,0.0,0.7,0.4,-0.4,0.0,41.6,41.6,0.0,42,3
TM,TEAM_CR,2289,148846,0.0,0.6,0.4,-0.4,-0.1,41.6,41.6,0.0,42,3
TM,TEAM_CR,2290,148886,0.0,0.6,0.4,-0.4,-0.7,41.6,41.6,0.0,42,3
TM,TEAM_CR,2291,148937,0.0,0.6,0.4,-0.4,0.0,41.6,41.6,0.0,42,3
TM,TEAM_CR,2292,148977,0.0,0.5,0.4,-0.4,-0.5,41.6,41.6,0.0,42,3
TM,TEAM_CR,2293,149026,0.0,0.9,0.4,-0.4,-0.3,41.6,41.6,0.0,42,3
TM,TEAM_CR,2294,149066,0.0,0.5,0.4,-0.4,-0.3,41.6,41.6,0.0,42,3
TM,TEAM_CR,2295,149106,0.0,0.4,0.4,-0.4,0.1,41.6,41.6,0.0,42,3
TM,TEAM_CR,2296,149146,0.0,0.5,0.4,-0.4,0.1,41.6,41.6,0.0,42,3
TM,TEAM_CR,2297,149187,0.0,0.7,0.4,-0.4,0.0,41.6,41.6,0.0,42,3
TM,TEAM_CR,2298,149226,0.0,0.5,0.4,-0.4,-0.5,41.6,41.6,0.0,42,3
TM,SUN_L,3608,SUN_R,3245,SUN_NDV,0.0530,SUN_ANGLE,31.67
TM,MAG_X,-19.44,MAG_Y,25.81,MAG_Z,5.74,MAG_HEADING,126.99
TM,GYRO_X,-1.269,GYRO_Y,-2.056,GYRO_Z,0.475,BODY_RATE,-0.475
TM,TEAM_CR,2299,149266,0.0,0.1,0.4,-0.4,-0.4,41.6,41.6,0.0,42,3
TM,TEAM_CR,2300,149306,0.0,0.5,0.4,-0.4,-0.4,41.6,41.6,0.0,42,3
TM,TEAM_CR,2301,149346,0.0,0.6,0.4,-0.4,0.1,41.6,41.6,0.0,42,3
TM,TEAM_CR,2302,149386,0.0,0.7,0.4,-0.4,0.4,41.6,41.6,0.0,42,3
TM,TEAM_CR,2303,149437,0.0,0.7,0.4,-0.4,0.0,41.6,41.6,0.0,42,3
TM,TEAM_CR,2304,149477,0.0,0.6,0.4,-0.4,-0.7,41.6,41.6,0.0,42,3
TM,ADCS_MODE,MANUAL,ADCS_REFERENCE,SUN,TARGET,0.00,POINTING_ERROR,-31.51,SUN_ERROR,-31.70,MAG_ERROR,-126.99,GYRO_Z,0.274,RW_CMD,0
TM,EST_RAW,31.70,EST_FILTERED,31.70,EST_ANGLE,31.51,EST_FILTER,ON,EST_FILTER_TYPE,MOVING_AVERAGE,EST_MA_WINDOW,1,EST_FILTER_STRENGTH,0.35
TM,EST_FUSION,ON,EST_GYRO_WEIGHT,0.98,EST_VALID,1
TM,TEAM_CR,2305,149517,0.0,0.6,0.4,-0.4,-0.7,41.6,41.6,0.0,42,3
TM,TEAM_CR,2306,149557,0.0,0.6,0.4,-0.4,0.0,41.6,41.6,0.0,42,3
TM,TEAM_CR,2307,149606,0.0,0.4,0.4,-0.4,-0.1,41.6,41.6,0.0,42,3
TM,TEAM_CR,2308,149646,0.0,0.7,0.4,-0.4,0.4,41.6,41.6,0.0,42,3
TM,TEAM_CR,2309,149687,0.0,0.5,0.4,-0.4,0.3,41.6,41.6,0.0,42,3
TM,TEAM_CR,2310,149727,0.0,0.7,0.4,-0.4,-0.1,41.6,41.6,0.0,42,3
TM,TEAM_CR,2311,149767,0.0,0.6,0.4,-0.4,-0.5,41.6,41.6,0.0,42,3
TM,TEAM_CR,2312,149807,0.0,0.3,0.4,-0.4,-0.5,41.6,41.6,0.0,42,3
TM,TEAM_CR,2313,149847,0.0,0.7,0.4,-0.4,-0.2,41.6,41.6,0.0,42,3
TM,TEAM_CR,2314,149887,0.0,0.8,0.4,-0.4,0.4,41.6,41.6,0.0,42,3
TM,TEAM_CR,2315,149937,0.0,0.7,0.4,-0.4,0.3,41.6,41.6,0.0,42,3
TM,TEAM_CR,2316,149977,0.0,0.4,0.4,-0.4,-0.2,41.6,41.6,0.0,42,3
TM,SUN_L,3609,SUN_R,3245,SUN_NDV,0.0531,SUN_ANGLE,31.72
TM,MAG_X,-19.41,MAG_Y,25.79,MAG_Z,5.76,MAG_HEADING,126.96
TM,GYRO_X,-1.120,GYRO_Y,-2.328,GYRO_Z,0.475,BODY_RATE,-0.475
TM,TEAM_CR,2317,150026,0.0,0.7,0.4,-0.4,0.1,41.6,41.6,0.0,42,3
TM,TEAM_CR,2318,150066,0.0,0.6,0.4,-0.4,-0.4,41.6,41.6,0.0,42,3
TM,TEAM_CR,2319,150106,0.0,0.5,0.4,-0.4,-0.7,41.6,41.6,0.0,42,3
TM,TEAM_CR,2320,150146,0.0,0.7,0.4,-0.4,-0.5,41.6,41.6,0.0,42,3
TM,TEAM_CR,2321,150187,0.0,0.5,0.4,-0.4,-0.2,41.6,41.6,0.0,42,3
TM,TEAM_CR,2322,150227,0.0,0.1,0.4,-0.4,0.1,41.6,41.6,0.0,42,3
TM,TEAM_CR,2323,150267,0.0,0.6,0.4,-0.4,0.0,41.6,41.6,0.0,42,3
TM,TEAM_CR,2324,150307,0.0,0.7,0.4,-0.4,-0.5,41.6,41.6,0.0,42,3
TM,TEAM_CR,2325,150347,0.0,0.8,0.4,-0.4,-0.3,41.6,41.6,0.0,42,3
TM,TEAM_CR,2326,150387,0.0,0.6,0.4,-0.4,0.1,41.6,41.6,0.0,42,3
TM,TEAM_CR,2327,150436,0.0,0.7,0.4,-0.4,-0.1,41.6,41.6,0.0,42,3
TM,ADCS_MODE,MANUAL,ADCS_REFERENCE,SUN,TARGET,0.00,POINTING_ERROR,-31.52,SUN_ERROR,-31.74,MAG_ERROR,-127.05,GYRO_Z,0.449,RW_CMD,0
TM,EST_RAW,31.74,EST_FILTERED,31.74,EST_ANGLE,31.52,EST_FILTER,ON,EST_FILTER_TYPE,MOVING_AVERAGE,EST_MA_WINDOW,1,EST_FILTER_STRENGTH,0.35
TM,EST_FUSION,ON,EST_GYRO_WEIGHT,0.98,EST_VALID,1
TM,TEAM_CR,2328,150477,0.0,0.8,0.4,-0.4,0.1,41.6,41.6,0.0,42,3
TM,TEAM_CR,2329,150516,0.0,0.9,0.4,-0.4,0.1,41.6,41.6,0.0,42,3
TM,TEAM_CR,2330,150556,0.0,0.6,0.4,-0.4,-0.6,41.6,41.6,0.0,42,3
TM,TEAM_CR,2331,150606,0.0,0.6,0.4,-0.4,-0.5,41.6,41.6,0.0,42,3
TM,TEAM_CR,2332,150646,0.0,0.8,0.5,-0.5,0.0,41.6,41.6,0.0,42,3
TM,TEAM_CR,2333,150687,0.0,0.7,0.5,-0.5,0.4,41.6,41.6,0.0,42,3
TM,TEAM_CR,2334,150726,0.0,0.5,0.5,-0.5,0.3,41.6,41.6,0.0,42,3
TM,SUN_L,3608,SUN_R,3245,SUN_NDV,0.0530,SUN_ANGLE,31.71
TM,MAG_X,-19.55,MAG_Y,25.90,MAG_Z,5.78,MAG_HEADING,127.05
TM,GYRO_X,-1.347,GYRO_Y,-2.205,GYRO_Z,0.309,BODY_RATE,-0.309
TM,TEAM_CR,2335,150766,0.0,0.7,0.5,-0.5,-0.3,41.6,41.6,0.0,42,3
TM,TEAM_CR,2336,150806,0.0,0.8,0.5,-0.5,-0.4,41.6,41.6,0.0,42,3
TM,TEAM_CR,2337,150846,0.0,0.7,0.5,-0.5,-0.7,41.6,41.6,0.0,42,3
TM,TEAM_CR,2338,150886,0.0,0.7,0.5,-0.5,0.1,41.6,41.6,0.0,42,3
TM,TEAM_CR,2339,150936,0.0,0.7,0.5,-0.5,-0.1,41.6,41.6,0.0,42,3
TM,TEAM_CR,2340,150976,0.0,0.6,0.5,-0.5,0.3,41.6,41.6,0.0,42,3
TM,TEAM_CR,2341,151026,0.0,0.5,0.5,-0.5,0.2,41.6,41.6,0.0,42,3
TM,TEAM_CR,2342,151066,0.0,0.7,0.5,-0.5,0.1,41.6,41.6,0.0,42,3
TM,TEAM_CR,2343,151106,0.0,0.7,0.5,-0.5,-0.4,41.6,41.6,0.0,42,3
TM,TEAM_CR,2344,151147,0.0,0.6,0.5,-0.5,-0.5,41.6,41.6,0.0,42,3
TM,TEAM_CR,2345,151186,0.0,0.7,0.5,-0.5,-0.5,41.6,41.6,0.0,42,3
TM,TEAM_CR,2346,151226,0.0,0.6,0.5,-0.5,-0.3,41.6,41.6,0.0,42,3
TM,TEAM_CR,2347,151266,0.0,0.8,0.5,-0.5,-0.1,41.6,41.6,0.0,42,3
TM,TEAM_CR,2348,151306,0.0,0.5,0.5,-0.5,-0.5,41.6,41.6,0.0,42,3
TM,TEAM_CR,2349,151346,0.0,0.6,0.4,-0.4,-0.6,41.6,41.6,0.0,42,3
TM,TEAM_CR,2350,151386,0.0,0.6,0.4,-0.4,-0.1,41.6,41.6,0.0,42,3
TM,ADCS_MODE,MANUAL,ADCS_REFERENCE,SUN,TARGET,0.00,POINTING_ERROR,-31.51,SUN_ERROR,-31.62,MAG_ERROR,-126.96,GYRO_Z,0.204,RW_CMD,0
TM,EST_RAW,31.62,EST_FILTERED,31.62,EST_ANGLE,31.51,EST_FILTER,ON,EST_FILTER_TYPE,MOVING_AVERAGE,EST_MA_WINDOW,1,EST_FILTER_STRENGTH,0.35
TM,EST_FUSION,ON,EST_GYRO_WEIGHT,0.98,EST_VALID,1
TM,TEAM_CR,2351,151436,0.0,0.5,0.4,-0.4,-0.5,41.6,41.6,0.0,42,3
TM,TEAM_CR,2352,151477,0.0,0.5,0.4,-0.4,0.0,41.6,41.6,0.0,42,3
TM,SUN_L,3608,SUN_R,3245,SUN_NDV,0.0530,SUN_ANGLE,31.62
TM,MAG_X,-19.39,MAG_Y,25.86,MAG_Z,5.82,MAG_HEADING,126.87
TM,GYRO_X,-1.260,GYRO_Y,-2.135,GYRO_Z,0.545,BODY_RATE,-0.545
TM,TEAM_CR,2353,151516,0.0,0.8,0.4,-0.4,0.2,41.6,41.6,0.0,42,3
TM,TEAM_CR,2354,151556,0.0,1.1,0.5,-0.5,-0.1,41.6,41.6,0.0,42,3
TM,TEAM_CR,2355,151606,0.0,0.8,0.5,-0.5,-0.3,41.6,41.6,0.0,42,3
TM,TEAM_CR,2356,151645,0.0,0.6,0.5,-0.5,-0.4,41.6,41.6,0.0,42,3
TM,TEAM_CR,2357,151687,0.0,0.8,0.5,-0.5,-0.4,41.6,41.6,0.0,42,3
TM,TEAM_CR,2358,151728,0.0,0.4,0.5,-0.5,0.2,41.6,41.6,0.0,42,3
TM,TEAM_CR,2359,151767,0.0,0.4,0.5,-0.5,0.2,41.6,41.6,0.0,42,3
TM,TEAM_CR,2360,151807,0.0,0.7,0.5,-0.5,-0.1,41.6,41.6,0.0,42,3
TM,TEAM_CR,2361,151847,0.0,0.8,0.5,-0.5,-0.7,41.6,41.6,0.0,42,3
TM,TEAM_CR,2362,151887,0.0,0.7,0.5,-0.5,-0.3,41.6,41.6,0.0,42,3
TM,TEAM_CR,2363,151937,0.0,0.9,0.5,-0.5,-0.7,41.6,41.6,0.0,42,3
TM,TEAM_CR,2364,151977,0.0,0.8,0.5,-0.5,-0.4,41.6,41.6,0.0,42,3
TM,TEAM_CR,2365,152025,0.0,0.6,0.5,-0.5,-0.2,41.6,41.6,0.0,42,3
TM,TEAM_CR,2366,152065,0.0,0.6,0.4,-0.4,-0.1,41.6,41.6,0.0,42,3
TM,TEAM_CR,2367,152105,0.0,0.6,0.4,-0.4,-0.2,41.6,41.6,0.0,42,3
TM,TEAM_CR,2368,152145,0.0,0.6,0.4,-0.4,-0.4,41.6,41.6,0.0,42,3
TM,TEAM_CR,2369,152186,0.0,0.6,0.4,-0.4,-0.2,41.6,41.6,0.0,42,3
TM,TEAM_CR,2370,152226,0.0,0.6,0.4,-0.4,-0.1,41.6,41.6,0.0,42,3
TM,TEAM_CR,2371,152266,0.0,0.4,0.4,-0.4,0.5,41.6,41.6,0.0,42,3
TM,SUN_L,3609,SUN_R,3245,SUN_NDV,0.0531,SUN_ANGLE,31.72
TM,MAG_X,-19.34,MAG_Y,25.79,MAG_Z,5.70,MAG_HEADING,126.87
TM,GYRO_X,-1.146,GYRO_Y,-1.951,GYRO_Z,0.213,BODY_RATE,-0.213
TM,TEAM_CR,2372,152306,0.0,0.6,0.4,-0.4,0.0,41.6,41.6,0.0,42,3
TM,ADCS_MODE,MANUAL,ADCS_REFERENCE,SUN,TARGET,0.00,POINTING_ERROR,-31.51,SUN_ERROR,-31.68,MAG_ERROR,-126.87,GYRO_Z,0.309,RW_CMD,0
TM,EST_RAW,31.68,EST_FILTERED,31.68,EST_ANGLE,31.51,EST_FILTER,ON,EST_FILTER_TYPE,MOVING_AVERAGE,EST_MA_WINDOW,1,EST_FILTER_STRENGTH,0.35
TM,EST_FUSION,ON,EST_GYRO_WEIGHT,0.98,EST_VALID,1
TM,TEAM_CR,2373,152346,0.0,0.5,0.4,-0.4,-0.2,41.6,41.6,0.0,42,3
TM,TEAM_CR,2374,152386,0.0,0.5,0.4,-0.4,-0.3,41.6,41.6,0.0,42,3
TM,TEAM_CR,2375,152437,0.0,0.6,0.5,-0.5,-0.2,41.6,41.6,0.0,42,3
TM,TEAM_CR,2376,152476,0.0,0.7,0.5,-0.5,0.0,41.6,41.6,0.0,42,3
TM,TEAM_CR,2377,152516,0.0,0.9,0.5,-0.5,0.4,41.6,41.6,0.0,42,3
TM,TEAM_CR,2378,152556,0.0,0.6,0.5,-0.5,0.3,41.6,41.6,0.0,42,3
TM,TEAM_CR,2379,152606,0.0,0.7,0.5,-0.5,0.6,41.6,41.6,0.0,42,3
TM,TEAM_CR,2380,152646,0.0,0.9,0.5,-0.5,0.2,41.6,41.6,0.0,42,3
TM,TEAM_CR,2381,152687,0.0,0.8,0.5,-0.5,-0.6,41.6,41.6,0.0,42,3
TM,TEAM_CR,2382,152726,0.0,0.7,0.5,-0.5,-0.7,41.6,41.6,0.0,42,3
TM,TEAM_CR,2383,152766,0.0,0.7,0.5,-0.5,-0.1,41.6,41.6,0.0,42,3
TM,TEAM_CR,2384,152806,0.0,0.8,0.5,-0.5,-0.1,41.6,41.6,0.0,42,3
TM,TEAM_CR,2385,152846,0.0,0.8,0.5,-0.5,-0.4,41.6,41.6,0.0,42,3
TM,TEAM_CR,2386,152886,0.0,0.6,0.5,-0.5,-0.9,41.6,41.6,0.0,42,3
TM,TEAM_CR,2387,152937,0.0,1.0,0.5,-0.5,-0.6,41.6,41.6,0.0,42,3
TM,TEAM_CR,2388,152977,0.0,0.6,0.5,-0.5,-0.9,41.6,41.6,0.0,42,3
TM,TEAM_CR,2389,153026,0.0,0.9,0.5,-0.5,-0.4,41.6,41.6,0.0,42,3
TM,SUN_L,3609,SUN_R,3246,SUN_NDV,0.0530,SUN_ANGLE,31.76
TM,MAG_X,-19.60,MAG_Y,25.89,MAG_Z,5.73,MAG_HEADING,127.13
TM,GYRO_X,-1.496,GYRO_Y,-1.934,GYRO_Z,0.353,BODY_RATE,-0.353
TM,TEAM_CR,2390,153066,0.0,0.6,0.5,-0.5,-0.2,41.6,41.6,0.0,42,3
TM,TEAM_CR,2391,153106,0.0,0.5,0.5,-0.5,0.4,41.6,41.6,0.0,42,3
TM,TEAM_CR,2392,153146,0.0,0.9,0.5,-0.5,0.1,41.6,41.6,0.0,42,3
TM,TEAM_CR,2393,153187,0.0,0.5,0.5,-0.5,-0.4,41.6,41.6,0.0,42,3
TM,TEAM_CR,2394,153226,0.0,0.7,0.5,-0.5,-0.6,41.6,41.6,0.0,42,3
TM,TEAM_CR,2395,153266,0.0,0.7,0.5,-0.5,0.0,41.6,41.6,0.0,42,3
TM,ADCS_MODE,MANUAL,ADCS_REFERENCE,SUN,TARGET,0.00,POINTING_ERROR,-31.51,SUN_ERROR,-31.72,MAG_ERROR,-127.03,GYRO_Z,0.160,RW_CMD,0
TM,EST_RAW,31.72,EST_FILTERED,31.72,EST_ANGLE,31.51,EST_FILTER,ON,EST_FILTER_TYPE,MOVING_AVERAGE,EST_MA_WINDOW,1,EST_FILTER_STRENGTH,0.35
TM,EST_FUSION,ON,EST_GYRO_WEIGHT,0.98,EST_VALID,1
TM,TEAM_CR,2396,153306,0.0,0.8,0.5,-0.5,0.4,41.6,41.6,0.0,42,3
TM,TEAM_CR,2397,153346,0.0,0.7,0.5,-0.5,0.5,41.6,41.6,0.0,42,3
TM,TEAM_CR,2398,153386,0.0,0.8,0.5,-0.5,-0.1,41.6,41.6,0.0,42,3
TM,TEAM_CR,2399,153437,0.0,0.7,0.5,-0.5,0.0,41.6,41.6,0.0,42,3
EVT,TEAM_CDUMP,END,2400
