# COM7 @ 115200  (log: C:\TYSC\NasaSat\ai\logs\20261007_064429_COM7.log)
TM,ADCS_MODE,MANUAL,ADCS_REFERENCE,SUN,TARGET,0.00,POINTING_ERROR,-29.35,SUN_ERROR,-29.22,MAG_ERROR,-132.74,GYRO_Z,0.070,RW_CMD,0
TM,EST_RAW,29.22,EST_FILTERED,29.22,EST_ANGLE,-330.65,EST_FILTER,ON,EST_FILTER_TYPE,MOVING_AVERAGE,EST_MA_WINDOW,1,EST_FILTER_STRENGTH,0.35
TM,EST_FUSION,ON,EST_GYRO_WEIGHT,0.98,EST_VALID,1
TM,SUN_L,3631,SUN_R,3305,SUN_NDV,0.0470,SUN_ANGLE,29.28
TM,MAG_X,-19.15,MAG_Y,20.99,MAG_Z,-10.50,MAG_HEADING,132.38
TM,GYRO_X,-0.840,GYRO_Y,-2.301,GYRO_Z,0.201,BODY_RATE,-0.201
TM,ADCS_MODE,MANUAL,ADCS_REFERENCE,SUN,TARGET,0.00,POINTING_ERROR,-29.34,SUN_ERROR,-29.38,MAG_ERROR,-132.51,GYRO_Z,-0.009,RW_CMD,0
TM,EST_RAW,29.38,EST_FILTERED,29.38,EST_ANGLE,-330.66,EST_FILTER,ON,EST_FILTER_TYPE,MOVING_AVERAGE,EST_MA_WINDOW,1,EST_FILTER_STRENGTH,0.35
TM,EST_FUSION,ON,EST_GYRO_WEIGHT,0.98,EST_VALID,1
>> TEAM_CDUMP
ACK,TEAM_CDUMP,2400
TM,TEAM_CR_AUTO,ON,TGT,0.00,EST,44.97,ANG,44.97,LIT,1,ERR,-44.97,KP,4,KD,2,KI,1,SIGN,1,RSIGN,-1,MAX,60,DB,0.5,WRAP,1,SYNC,1,STRAT,RW
TM,TEAM_CR_HEAD,N,2400,DIV,2,COLS,i;t;tgt;ang;est;err;gz;u;I;K;rw;fl
TM,SUN_L,3630,SUN_R,3306,SUN_NDV,0.0467,SUN_ANGLE,29.36
TM,MAG_X,-19.04,MAG_Y,21.06,MAG_Z,-10.34,MAG_HEADING,132.12
TM,GYRO_X,-0.945,GYRO_Y,-2.039,GYRO_Z,-0.202,BODY_RATE,0.202
TM,TEAM_CR,0,863336,0.0,45.0,45.0,-45.0,0.0,-180.7,-0.9,0.0,-2,17
TM,TEAM_CR,1,863376,0.0,45.0,45.0,-45.0,0.2,-181.1,-0.9,0.0,-22,17
TM,TEAM_CR,2,863422,0.0,45.0,44.9,-44.9,-1.2,-178.2,-0.9,0.0,-45,17
TM,TEAM_CR,3,863463,0.0,45.1,44.9,-44.9,-2.6,-175.1,-0.9,0.0,-60,17
TM,TEAM_CR,4,863506,0.0,45.0,44.7,-44.7,-5.8,-168.0,-0.9,0.0,-60,17
TM,TEAM_CR,5,863547,0.0,45.1,44.3,-44.3,-9.3,-159.7,-0.9,0.0,-60,17
TM,TEAM_CR,6,863586,0.0,45.0,43.9,-43.9,-12.5,-151.7,-0.9,0.0,-60,17
TM,TEAM_CR,7,863626,0.0,45.1,43.4,-43.4,-15.3,-144.0,-0.9,0.0,-60,17
TM,TEAM_CR,8,863673,0.0,44.9,42.6,-42.6,-20.3,-130.8,-0.9,0.0,-60,17
TM,TEAM_CR,9,863726,0.0,44.6,41.4,-41.4,-25.6,-115.4,-0.9,0.0,-60,17
TM,TEAM_CR,10,863766,0.0,44.5,40.4,-40.4,-29.8,-102.9,-0.9,0.0,-60,17
TM,TEAM_CR,11,863806,0.0,44.5,39.3,-39.3,-32.5,-93.2,-0.9,0.0,-60,17
TM,TEAM_CR,12,863846,0.0,44.1,38.2,-38.2,-34.5,-84.7,-0.9,0.0,-60,17
TM,TEAM_CR,13,863886,0.0,42.9,37.0,-37.0,-38.5,-71.8,-0.9,0.0,-60,17
TM,TEAM_CR,14,863926,0.0,41.5,35.5,-35.5,-43.7,-55.6,-0.9,0.0,-59,1
TM,ADCS_MODE,MANUAL,ADCS_REFERENCE,SUN,TARGET,0.00,POINTING_ERROR,-29.34,SUN_ERROR,-29.36,MAG_ERROR,-132.29,GYRO_Z,-0.009,RW_CMD,0
TM,EST_RAW,29.36,EST_FILTERED,29.36,EST_ANGLE,-330.66,EST_FILTER,ON,EST_FILTER_TYPE,MOVING_AVERAGE,EST_MA_WINDOW,1,EST_FILTER_STRENGTH,0.35
TM,EST_FUSION,ON,EST_GYRO_WEIGHT,0.98,EST_VALID,1
TM,TEAM_CR,15,863966,0.0,39.2,33.9,-33.9,-46.6,-44.7,-2.3,0.0,-48,1
TM,TEAM_CR,16,864007,0.0,35.6,32.1,-32.1,-48.1,-35.8,-3.6,0.0,-39,1
TM,TEAM_CR,17,864047,0.0,33.8,30.3,-30.3,-49.3,-27.5,-4.8,0.0,-30,1
TM,SUN_L,3631,SUN_R,3305,SUN_NDV,0.0470,SUN_ANGLE,29.36
TM,MAG_X,-19.14,MAG_Y,21.04,MAG_Z,-10.34,MAG_HEADING,132.29
TM,GYRO_X,-1.102,GYRO_Y,-2.118,GYRO_Z,0.192,BODY_RATE,-0.192
TM,TEAM_CR,18,864086,0.0,33.0,28.6,-28.6,-47.4,-25.4,-6.0,0.0,-25,1
TM,TEAM_CR,19,864126,0.0,30.9,27.0,-27.0,-42.8,-29.3,-7.1,0.0,-28,1
TM,TEAM_CR,20,864174,0.0,28.6,25.2,-25.2,-40.3,-28.3,-8.1,0.0,-30,1
TM,TEAM_CR,21,864213,0.0,27.6,23.8,-23.8,-39.0,-26.1,-9.1,0.0,-26,1
TM,TEAM_CR,22,864253,0.0,26.4,22.5,-22.5,-36.1,-27.6,-10.0,0.0,-28,1
TM,TEAM_CR,23,864305,0.0,24.4,20.8,-20.8,-34.1,-25.9,-10.8,0.0,-26,1
TM,TEAM_CR,24,864345,0.0,23.4,19.6,-19.6,-32.8,-24.6,-11.6,0.0,-25,1
TM,TEAM_CR,25,864386,0.0,22.7,18.5,-18.5,-32.3,-21.7,-12.4,0.0,-22,1
TM,TEAM_CR,26,864426,0.0,21.6,17.4,-17.4,-32.2,-18.2,-13.1,0.0,-19,1
TM,TEAM_CR,27,864465,0.0,21.1,16.3,-16.3,-31.2,-16.7,-13.7,0.0,-17,1
TM,TEAM_CR,28,864506,0.0,20.1,15.3,-15.3,-29.4,-16.7,-14.4,0.0,-17,1
TM,TEAM_CR,29,864546,0.0,18.9,14.3,-14.3,-28.0,-16.4,-14.9,0.0,-16,1
TM,TEAM_CR,30,864586,0.0,17.8,13.5,-13.5,-25.3,-18.8,-15.5,0.0,-19,1
TM,TEAM_CR,31,864626,0.0,16.8,12.7,-12.7,-24.4,-17.9,-16.0,0.0,-18,1
TM,TEAM_CR,32,864673,0.0,16.1,11.7,-11.7,-23.2,-17.2,-16.5,0.0,-17,1
TM,TEAM_CR,33,864726,0.0,14.4,10.7,-10.7,-22.0,-15.8,-16.9,0.0,-16,1
TM,TEAM_CR,34,864766,0.0,13.5,10.0,-10.0,-20.0,-17.6,-17.3,0.0,-18,1
TM,TEAM_CR,35,864806,0.0,13.0,9.5,-9.5,-16.3,-23.0,-17.7,0.0,-21,1
TM,TEAM_CR,36,864846,0.0,11.8,9.0,-9.0,-15.5,-23.1,-18.1,0.0,-23,1
TM,SUN_L,3631,SUN_R,3305,SUN_NDV,0.0470,SUN_ANGLE,29.35
TM,MAG_X,-19.17,MAG_Y,20.94,MAG_Z,-10.18,MAG_HEADING,132.46
TM,GYRO_X,-1.164,GYRO_Y,-2.214,GYRO_Z,-0.175,BODY_RATE,0.175
TM,TEAM_CR,37,864886,0.0,11.6,8.5,-8.5,-13.1,-26.3,-18.4,0.0,-26,1
TM,ADCS_MODE,MANUAL,ADCS_REFERENCE,SUN,TARGET,0.00,POINTING_ERROR,-29.32,SUN_ERROR,-29.30,MAG_ERROR,-132.46,GYRO_Z,-0.027,RW_CMD,0
TM,EST_RAW,29.30,EST_FILTERED,29.30,EST_ANGLE,-330.68,EST_FILTER,ON,EST_FILTER_TYPE,MOVING_AVERAGE,EST_MA_WINDOW,1,EST_FILTER_STRENGTH,0.35
TM,EST_FUSION,ON,EST_GYRO_WEIGHT,0.98,EST_VALID,1
TM,TEAM_CR,38,864926,0.0,10.9,8.2,-8.2,-11.6,-28.2,-18.8,0.0,-28,1
TM,TEAM_CR,39,864966,0.0,10.5,7.9,-7.9,-10.5,-29.6,-19.1,0.0,-30,1
TM,TEAM_CR,40,865006,0.0,10.6,7.6,-7.6,-9.4,-31.1,-19.4,0.0,-31,1
TM,TEAM_CR,41,865046,0.0,10.1,7.3,-7.3,-10.0,-28.9,-19.7,0.0,-29,1
TM,TEAM_CR,42,865086,0.0,9.5,7.0,-7.0,-10.8,-26.2,-20.0,0.0,-26,1
TM,TEAM_CR,43,865126,0.0,9.1,6.6,-6.6,-12.1,-22.5,-20.2,0.0,-24,1
TM,TEAM_CR,44,865172,0.0,8.2,6.1,-6.1,-12.6,-19.9,-20.5,0.0,-20,1
TM,TEAM_CR,45,865212,0.0,7.9,5.7,-5.7,-11.8,-20.1,-20.7,0.0,-20,1
TM,TEAM_CR,46,865252,0.0,7.1,5.3,-5.3,-12.7,-16.8,-20.9,0.0,-17,1
TM,TEAM_CR,47,865306,0.0,5.7,4.7,-4.7,-11.6,-16.9,-21.1,0.0,-17,1
TM,TEAM_CR,48,865346,0.0,5.4,4.3,-4.3,-10.4,-17.9,-21.3,0.0,-18,1
TM,TEAM_CR,49,865386,0.0,5.1,4.1,-4.1,-6.7,-24.3,-21.5,0.0,-21,1
TM,TEAM_CR,50,865426,0.0,4.9,3.9,-3.9,-5.6,-26.0,-21.6,0.0,-26,1
TM,TEAM_CR,51,865466,0.0,4.9,3.7,-3.7,-4.5,-27.7,-21.8,0.0,-28,1
TM,TEAM_CR,52,865506,0.0,4.7,3.6,-3.6,-4.1,-28.2,-21.9,0.0,-28,1
TM,TEAM_CR,53,865546,0.0,4.7,3.5,-3.5,-4.1,-27.8,-22.1,0.0,-28,1
TM,TEAM_CR,54,865586,0.0,4.4,3.3,-3.3,-5.5,-24.5,-22.2,0.0,-25,1
TM,SUN_L,3632,SUN_R,3306,SUN_NDV,0.0470,SUN_ANGLE,29.28
TM,MAG_X,-19.07,MAG_Y,20.90,MAG_Z,-10.27,MAG_HEADING,132.39
TM,GYRO_X,-1.006,GYRO_Y,-2.362,GYRO_Z,0.078,BODY_RATE,-0.078
TM,TEAM_CR,55,865626,0.0,4.0,3.1,-3.1,-5.7,-23.4,-22.3,0.0,-23,1
TM,TEAM_CR,56,865672,0.0,3.8,2.9,-2.9,-6.4,-21.1,-22.4,0.0,-22,1
TM,TEAM_CR,57,865726,0.0,3.5,2.6,-2.6,-6.3,-20.2,-22.5,0.0,-20,1
TM,TEAM_CR,58,865766,0.0,3.4,2.3,-2.3,-7.3,-17.4,-22.6,0.0,-18,1
TM,TEAM_CR,59,865806,0.0,3.2,2.1,-2.1,-6.6,-17.8,-22.7,0.0,-18,1
TM,TEAM_CR,60,865846,0.0,3.1,1.9,-1.9,-6.2,-17.9,-22.8,0.0,-18,1
TM,ADCS_MODE,MANUAL,ADCS_REFERENCE,SUN,TARGET,0.00,POINTING_ERROR,-29.34,SUN_ERROR,-29.66,MAG_ERROR,-132.31,GYRO_Z,-0.018,RW_CMD,0
TM,EST_RAW,29.66,EST_FILTERED,29.66,EST_ANGLE,-330.66,EST_FILTER,ON,EST_FILTER_TYPE,MOVING_AVERAGE,EST_MA_WINDOW,1,EST_FILTER_STRENGTH,0.35
TM,EST_FUSION,ON,EST_GYRO_WEIGHT,0.98,EST_VALID,1
TM,TEAM_CR,61,865886,0.0,3.0,1.8,-1.8,-3.7,-22.6,-22.9,0.0,-22,1
TM,TEAM_CR,62,865926,0.0,2.9,1.7,-1.7,-2.1,-25.6,-22.9,0.0,-26,1
TM,TEAM_CR,63,865966,0.0,2.8,1.7,-1.7,-1.2,-27.5,-23.0,0.0,-28,1
TM,TEAM_CR,64,866006,0.0,2.6,1.7,-1.7,-0.2,-29.6,-23.1,0.0,-30,1
TM,TEAM_CR,65,866046,0.0,2.6,1.8,-1.8,-0.3,-29.5,-23.1,0.0,-30,1
TM,TEAM_CR,66,866086,0.0,2.6,1.7,-1.7,-1.7,-26.9,-23.2,0.0,-27,1
TM,TEAM_CR,67,866127,0.0,2.5,1.7,-1.7,-2.4,-25.3,-23.3,0.0,-25,1
TM,TEAM_CR,68,866173,0.0,2.3,1.5,-1.5,-4.1,-21.3,-23.3,0.0,-22,1
TM,TEAM_CR,69,866213,0.0,2.2,1.4,-1.4,-3.9,-21.2,-23.4,0.0,-21,1
TM,TEAM_CR,70,866254,0.0,2.0,1.3,-1.3,-4.3,-20.0,-23.5,0.0,-20,1
TM,TEAM_CR,71,866306,0.0,1.9,1.1,-1.1,-3.5,-20.9,-23.5,0.0,-21,1
TM,TEAM_CR,72,866346,0.0,1.7,1.0,-1.0,-1.9,-23.9,-23.5,0.0,-23,1
TM,SUN_L,3632,SUN_R,3306,SUN_NDV,0.0470,SUN_ANGLE,29.44
TM,MAG_X,-19.12,MAG_Y,20.91,MAG_Z,-10.24,MAG_HEADING,132.44
TM,GYRO_X,-0.901,GYRO_Y,-2.126,GYRO_Z,-0.027,BODY_RATE,0.027
TM,TEAM_CR,73,866386,0.0,1.8,1.1,-1.1,-0.8,-26.2,-23.6,0.0,-26,1
TM,TEAM_CR,74,866426,0.0,1.9,1.1,-1.1,-0.5,-26.9,-23.6,0.0,-27,1
TM,TEAM_CR,75,866466,0.0,1.8,1.1,-1.1,0.0,-28.1,-23.7,0.0,-28,1
TM,TEAM_CR,76,866506,0.0,1.8,1.1,-1.1,-1.4,-25.3,-23.7,0.0,-26,1
TM,TEAM_CR,77,866546,0.0,1.9,1.0,-1.0,-3.1,-21.4,-23.8,0.0,-21,1
TM,TEAM_CR,78,866586,0.0,1.3,0.9,-0.9,-3.4,-20.6,-23.8,0.0,-21,1
TM,TEAM_CR,79,866626,0.0,1.3,0.8,-0.8,-3.6,-19.6,-23.8,0.0,-20,1
TM,TEAM_CR,80,866678,0.0,1.3,0.6,-0.6,-4.4,-23.8,-23.8,0.0,-23,3
TM,TEAM_CR,81,866726,0.0,1.4,0.4,-0.4,-4.3,-23.8,-23.8,0.0,-24,3
TM,TEAM_CR,82,866766,0.0,1.0,0.3,-0.3,-2.5,-23.8,-23.8,0.0,-24,3
TM,TEAM_CR,83,866806,0.0,1.0,0.3,-0.3,-2.3,-23.8,-23.8,0.0,-24,3
TM,ADCS_MODE,MANUAL,ADCS_REFERENCE,SUN,TARGET,0.00,POINTING_ERROR,-29.36,SUN_ERROR,-29.55,MAG_ERROR,-132.44,GYRO_Z,0.105,RW_CMD,0
TM,EST_RAW,29.55,EST_FILTERED,29.55,EST_ANGLE,-330.64,EST_FILTER,ON,EST_FILTER_TYPE,MOVING_AVERAGE,EST_MA_WINDOW,1,EST_FILTER_STRENGTH,0.35
TM,EST_FUSION,ON,EST_GYRO_WEIGHT,0.98,EST_VALID,1
TM,TEAM_CR,84,866846,0.0,0.9,0.2,-0.2,-0.8,-23.8,-23.8,0.0,-24,3
TM,TEAM_CR,85,866886,0.0,1.1,0.2,-0.2,-0.8,-23.8,-23.8,0.0,-24,3
TM,TEAM_CR,86,866926,0.0,0.7,0.2,-0.2,-1.5,-23.8,-23.8,0.0,-24,3
TM,TEAM_CR,87,866966,0.0,0.7,0.1,-0.1,-2.7,-23.8,-23.8,0.0,-24,3
TM,TEAM_CR,88,867006,0.0,0.4,0.0,0.0,-4.1,-23.8,-23.8,0.0,-24,3
TM,TEAM_CR,89,867046,0.0,0.6,-0.1,0.1,-4.3,-23.8,-23.8,0.0,-24,3
TM,TEAM_CR,90,867086,0.0,0.5,-0.3,0.3,-5.7,-23.8,-23.8,0.0,-24,3
TM,SUN_L,3630,SUN_R,3305,SUN_NDV,0.0469,SUN_ANGLE,29.38
TM,MAG_X,-19.12,MAG_Y,20.99,MAG_Z,-10.30,MAG_HEADING,132.33
TM,GYRO_X,-1.111,GYRO_Y,-2.100,GYRO_Z,0.227,BODY_RATE,-0.227
TM,TEAM_CR,91,867126,0.0,0.3,-0.5,0.5,-5.6,-23.8,-23.8,0.0,-24,3
TM,TEAM_CR,92,867173,0.0,0.0,-0.7,0.7,-4.1,-23.8,-23.8,0.0,-24,3
TM,TEAM_CR,93,867213,0.0,-0.1,-0.8,0.8,-3.4,-23.8,-23.8,0.0,-24,3
TM,TEAM_CR,94,867253,0.0,-0.2,-0.9,0.9,-2.7,-23.8,-23.8,0.0,-24,3
TM,TEAM_CR,95,867306,0.0,-0.6,-1.1,1.1,-3.5,-23.8,-23.8,0.0,-24,3
TM,TEAM_CR,96,867346,0.0,-0.6,-1.2,1.2,-4.7,-23.8,-23.8,0.0,-24,3
TM,TEAM_CR,97,867387,0.0,-0.8,-1.4,1.4,-5.3,-23.8,-23.8,0.0,-24,3
TM,TEAM_CR,98,867427,0.0,-0.9,-1.6,1.6,-6.7,-13.9,-23.8,0.0,-23,3
TM,TEAM_CR,99,867466,0.0,-1.1,-1.9,1.9,-7.0,-13.1,-23.8,0.0,-13,3
TM,TEAM_CR,100,867507,0.0,-1.2,-2.1,2.1,-5.6,-14.0,-23.7,0.0,-14,3
TM,TEAM_CR,101,867547,0.0,-1.3,-2.2,2.2,-2.5,-16.9,-23.7,0.0,-17,3
TM,TEAM_CR,102,867587,0.0,-1.5,-2.2,2.2,0.1,-19.4,-23.7,0.0,-19,3
TM,TEAM_CR,103,867627,0.0,-1.5,-2.1,2.1,0.3,-19.7,-23.6,0.0,-20,3
TM,TEAM_CR,104,867672,0.0,-1.4,-2.1,2.1,-0.9,-18.4,-23.6,0.0,-19,3
TM,TEAM_CR,105,867725,0.0,-1.4,-2.2,2.2,-1.4,-17.8,-23.5,0.0,-18,3
TM,TEAM_CR,106,867765,0.0,-1.6,-2.2,2.2,-1.5,-17.6,-23.5,0.0,-18,3
TM,ADCS_MODE,MANUAL,ADCS_REFERENCE,SUN,TARGET,0.00,POINTING_ERROR,-29.37,SUN_ERROR,-29.40,MAG_ERROR,-132.35,GYRO_Z,0.140,RW_CMD,0
TM,EST_RAW,29.40,EST_FILTERED,29.40,EST_ANGLE,-330.63,EST_FILTER,ON,EST_FILTER_TYPE,MOVING_AVERAGE,EST_MA_WINDOW,1,EST_FILTER_STRENGTH,0.35
TM,EST_FUSION,ON,EST_GYRO_WEIGHT,0.98,EST_VALID,1
TM,TEAM_CR,107,867805,0.0,-1.7,-2.3,2.3,-2.6,-16.3,-23.4,0.0,-16,3
TM,TEAM_CR,108,867845,0.0,-1.7,-2.3,2.3,-2.5,-16.2,-23.4,0.0,-16,3
TM,SUN_L,3630,SUN_R,3306,SUN_NDV,0.0467,SUN_ANGLE,29.59
TM,MAG_X,-19.14,MAG_Y,20.99,MAG_Z,-10.27,MAG_HEADING,132.35
TM,GYRO_X,-1.260,GYRO_Y,-2.152,GYRO_Z,0.008,BODY_RATE,-0.008
TM,TEAM_CR,109,867885,0.0,-1.9,-2.3,2.3,0.2,-18.8,-23.4,0.0,-19,3
TM,TEAM_CR,110,867926,0.0,-1.8,-2.3,2.3,0.9,-19.6,-23.3,0.0,-20,3
TM,TEAM_CR,111,867966,0.0,-1.8,-2.2,2.2,1.2,-20.0,-23.3,0.0,-20,3
TM,TEAM_CR,112,868006,0.0,-1.8,-2.2,2.2,0.1,-18.9,-23.2,0.0,-19,3
TM,TEAM_CR,113,868046,0.0,-1.6,-2.2,2.2,-1.3,-17.5,-23.2,0.0,-17,3
TM,TEAM_CR,114,868086,0.0,-1.8,-2.3,2.3,-2.1,-16.5,-23.1,0.0,-17,3
TM,TEAM_CR,115,868126,0.0,-1.8,-2.3,2.3,-2.1,-16.4,-23.1,0.0,-16,3
TM,TEAM_CR,116,868172,0.0,-1.9,-2.4,2.4,-1.9,-16.3,-23.0,0.0,-16,3
TM,TEAM_CR,117,868212,0.0,-2.1,-2.4,2.4,0.0,-18.2,-23.0,0.0,-18,3
TM,TEAM_CR,118,868252,0.0,-1.9,-2.4,2.4,0.7,-18.9,-22.9,0.0,-19,3
TM,TEAM_CR,119,868306,0.0,-1.8,-2.3,2.3,1.5,-19.9,-22.9,0.0,-20,3
TM,TEAM_CR,120,868346,0.0,-1.9,-2.2,2.2,0.9,-19.3,-22.9,0.0,-19,3
TM,TEAM_CR,121,868386,0.0,-1.8,-2.2,2.2,-0.2,-18.2,-22.8,0.0,-18,3
TM,TEAM_CR,122,868426,0.0,-1.7,-2.2,2.2,-1.1,-17.2,-22.8,0.0,-17,3
TM,TEAM_CR,123,868466,0.0,-2.1,-2.3,2.3,-1.4,-16.8,-22.7,0.0,-17,3
TM,TEAM_CR,124,868506,0.0,-1.8,-2.3,2.3,-1.5,-16.6,-22.7,0.0,-17,3
TM,TEAM_CR,125,868546,0.0,-2.1,-2.3,2.3,0.5,-18.5,-22.6,0.0,-19,3
TM,TEAM_CR,126,868586,0.0,-1.9,-2.3,2.3,0.7,-18.7,-22.6,0.0,-19,3
TM,TEAM_CR,127,868626,0.0,-2.0,-2.2,2.2,1.7,-19.9,-22.5,0.0,-20,3
TM,SUN_L,3630,SUN_R,3306,SUN_NDV,0.0467,SUN_ANGLE,29.37
TM,MAG_X,-19.07,MAG_Y,20.91,MAG_Z,-10.42,MAG_HEADING,132.37
TM,GYRO_X,-0.866,GYRO_Y,-2.196,GYRO_Z,-0.202,BODY_RATE,0.202
TM,TEAM_CR,128,868673,0.0,-1.9,-2.1,2.1,0.8,-19.0,-22.5,0.0,-19,3
TM,ADCS_MODE,MANUAL,ADCS_REFERENCE,SUN,TARGET,0.00,POINTING_ERROR,-29.36,SUN_ERROR,-29.15,MAG_ERROR,-132.37,GYRO_Z,-0.167,RW_CMD,0
TM,EST_RAW,29.15,EST_FILTERED,29.15,EST_ANGLE,-330.64,EST_FILTER,ON,EST_FILTER_TYPE,MOVING_AVERAGE,EST_MA_WINDOW,1,EST_FILTER_STRENGTH,0.35
TM,EST_FUSION,ON,EST_GYRO_WEIGHT,0.98,EST_VALID,1
TM,TEAM_CR,129,868727,0.0,-1.7,-2.1,2.1,-0.8,-17.4,-22.5,0.0,-17,3
TM,TEAM_CR,130,868766,0.0,-1.7,-2.2,2.2,-1.2,-16.9,-22.4,0.0,-17,3
TM,TEAM_CR,131,868806,0.0,-2.0,-2.2,2.2,-1.5,-16.4,-22.4,0.0,-16,3
TM,TEAM_CR,132,868846,0.0,-2.0,-2.3,2.3,-1.4,-16.4,-22.3,0.0,-16,3
TM,TEAM_CR,133,868886,0.0,-2.3,-2.3,2.3,0.7,-18.4,-22.3,0.0,-18,3
TM,TEAM_CR,134,868926,0.0,-1.9,-2.2,2.2,1.6,-19.4,-22.2,0.0,-19,3
TM,TEAM_CR,135,868966,0.0,-1.8,-2.1,2.1,2.0,-19.9,-22.2,0.0,-20,3
TM,TEAM_CR,136,869006,0.0,-1.8,-2.1,2.1,0.6,-18.6,-22.1,0.0,-19,3
TM,TEAM_CR,137,869046,0.0,-2.1,-2.1,2.1,-0.3,-17.7,-22.1,0.0,-18,3
TM,TEAM_CR,138,869086,0.0,-1.9,-2.1,2.1,-0.9,-17.0,-22.1,0.0,-17,3
TM,TEAM_CR,139,869127,0.0,-1.9,-2.1,2.1,-1.6,-16.1,-22.0,0.0,-16,3
TM,TEAM_CR,140,869173,0.0,-2.0,-2.2,2.2,-1.1,-16.5,-22.0,0.0,-16,3
TM,TEAM_CR,141,869213,0.0,-1.9,-2.2,2.2,1.1,-18.7,-21.9,0.0,-19,3
TM,TEAM_CR,142,869254,0.0,-1.9,-2.1,2.1,1.8,-19.5,-21.9,0.0,-20,3
TM,TEAM_CR,143,869306,0.0,-1.8,-2.0,2.0,1.5,-19.4,-21.8,0.0,-19,3
TM,TEAM_CR,144,869346,0.0,-1.9,-2.0,2.0,0.0,-17.8,-21.8,0.0,-18,3
TM,TEAM_CR,145,869386,0.0,-1.7,-2.0,2.0,-1.1,-16.6,-21.8,0.0,-17,3
TM,SUN_L,3629,SUN_R,3306,SUN_NDV,0.0466,SUN_ANGLE,29.26
TM,MAG_X,-19.07,MAG_Y,20.82,MAG_Z,-10.40,MAG_HEADING,132.50
TM,GYRO_X,-1.304,GYRO_Y,-2.214,GYRO_Z,-0.193,BODY_RATE,0.193
TM,TEAM_CR,146,869426,0.0,-2.1,-2.1,2.1,-1.6,-16.0,-21.7,0.0,-16,3
TM,TEAM_CR,147,869466,0.0,-2.1,-2.1,2.1,-1.5,-16.0,-21.7,0.0,-16,3
TM,TEAM_CR,148,869506,0.0,-1.8,-2.1,2.1,0.3,-17.7,-21.6,0.0,-18,3
TM,TEAM_CR,149,869546,0.0,-2.0,-2.1,2.1,0.9,-18.4,-21.6,0.0,-18,3
TM,TEAM_CR,150,869586,0.0,-1.7,-2.0,2.0,1.8,-19.3,-21.6,0.0,-19,3
TM,TEAM_CR,151,869626,0.0,-1.8,-1.9,1.9,1.2,-18.9,-21.5,0.0,-19,3
TM,ADCS_MODE,MANUAL,ADCS_REFERENCE,SUN,TARGET,0.00,POINTING_ERROR,-29.37,SUN_ERROR,-29.26,MAG_ERROR,-132.50,GYRO_Z,-0.289,RW_CMD,0
TM,EST_RAW,29.26,EST_FILTERED,29.26,EST_ANGLE,-330.63,EST_FILTER,ON,EST_FILTER_TYPE,MOVING_AVERAGE,EST_MA_WINDOW,1,EST_FILTER_STRENGTH,0.35
TM,EST_FUSION,ON,EST_GYRO_WEIGHT,0.98,EST_VALID,1
TM,TEAM_CR,152,869674,0.0,-1.9,-1.9,1.9,-0.6,-17.0,-21.5,0.0,-17,3
TM,TEAM_CR,153,869726,0.0,-2.0,-2.0,2.0,-1.4,-16.1,-21.4,0.0,-16,3
TM,TEAM_CR,154,869766,0.0,-2.0,-2.0,2.0,-1.4,-15.9,-21.4,0.0,-16,3
TM,TEAM_CR,155,869806,0.0,-2.0,-2.1,2.1,0.4,-17.6,-21.4,0.0,-18,3
TM,TEAM_CR,156,869846,0.0,-2.1,-2.0,2.0,1.2,-18.5,-21.3,0.0,-18,3
TM,TEAM_CR,157,869886,0.0,-2.1,-2.0,2.0,1.6,-19.0,-21.3,0.0,-19,3
TM,TEAM_CR,158,869926,0.0,-1.9,-1.9,1.9,0.6,-18.0,-21.2,0.0,-18,3
TM,TEAM_CR,159,869966,0.0,-1.8,-1.9,1.9,-0.4,-17.0,-21.2,0.0,-17,3
TM,TEAM_CR,160,870006,0.0,-1.6,-1.9,1.9,-1.0,-16.3,-21.2,0.0,-16,3
TM,TEAM_CR,161,870046,0.0,-1.7,-2.0,2.0,-1.4,-15.8,-21.1,0.0,-16,3
TM,TEAM_CR,162,870086,0.0,-1.9,-2.0,2.0,-1.2,-15.9,-21.1,0.0,-16,3
TM,TEAM_CR,163,870127,0.0,-2.2,-2.0,2.0,1.1,-18.1,-21.0,0.0,-18,3
TM,SUN_L,3633,SUN_R,3306,SUN_NDV,0.0471,SUN_ANGLE,29.47
TM,MAG_X,-19.06,MAG_Y,20.91,MAG_Z,-10.43,MAG_HEADING,132.34
TM,GYRO_X,-1.321,GYRO_Y,-2.109,GYRO_Z,0.035,BODY_RATE,-0.035
TM,TEAM_CR,164,870172,0.0,-1.9,-1.9,1.9,1.8,-18.9,-21.0,0.0,-19,3
TM,TEAM_CR,165,870212,0.0,-1.9,-1.9,1.9,1.7,-18.9,-21.0,0.0,-19,3
TM,TEAM_CR,166,870252,0.0,-1.9,-1.9,1.9,0.0,-17.2,-20.9,0.0,-17,3
TM,TEAM_CR,167,870306,0.0,-1.9,-1.9,1.9,-0.4,-16.8,-20.9,0.0,-17,3
TM,TEAM_CR,168,870346,0.0,-1.9,-1.9,1.9,-1.1,-15.9,-20.9,0.0,-16,3
TM,TEAM_CR,169,870387,0.0,-2.1,-2.0,2.0,-0.9,-16.0,-20.8,0.0,-16,3
TM,TEAM_CR,170,870427,0.0,-1.8,-1.9,1.9,0.7,-17.6,-20.8,0.0,-18,3
TM,TEAM_CR,171,870466,0.0,-1.8,-1.9,1.9,1.8,-18.8,-20.7,0.0,-19,3
TM,TEAM_CR,172,870506,0.0,-1.9,-1.8,1.8,1.5,-18.5,-20.7,0.0,-19,3
TM,TEAM_CR,173,870546,0.0,-1.8,-1.8,1.8,-0.1,-17.0,-20.7,0.0,-17,3
TM,TEAM_CR,174,870586,0.0,-1.9,-1.8,1.8,-0.6,-16.4,-20.6,0.0,-16,3
TM,ADCS_MODE,MANUAL,ADCS_REFERENCE,SUN,TARGET,0.00,POINTING_ERROR,-29.38,SUN_ERROR,-29.63,MAG_ERROR,-132.30,GYRO_Z,-0.027,RW_CMD,0
TM,EST_RAW,29.63,EST_FILTERED,29.63,EST_ANGLE,-330.62,EST_FILTER,ON,EST_FILTER_TYPE,MOVING_AVERAGE,EST_MA_WINDOW,1,EST_FILTER_STRENGTH,0.35
TM,EST_FUSION,ON,EST_GYRO_WEIGHT,0.98,EST_VALID,1
TM,TEAM_CR,175,870626,0.0,-1.6,-1.9,1.9,-0.9,-16.0,-20.6,0.0,-16,3
TM,TEAM_CR,176,870672,0.0,-1.9,-1.9,1.9,-0.8,-15.9,-20.6,0.0,-16,3
TM,TEAM_CR,177,870725,0.0,-1.9,-1.9,1.9,1.3,-18.1,-20.5,0.0,-18,3
TM,TEAM_CR,178,870765,0.0,-1.8,-1.8,1.8,2.0,-18.9,-20.5,0.0,-19,3
TM,TEAM_CR,179,870805,0.0,-1.9,-1.7,1.7,1.4,-18.4,-20.4,0.0,-18,3
TM,TEAM_CR,180,870845,0.0,-1.8,-1.7,1.7,-0.1,-16.9,-20.4,0.0,-17,3
TM,TEAM_CR,181,870885,0.0,-1.7,-1.8,1.8,-0.6,-16.2,-20.4,0.0,-16,3
TM,SUN_L,3632,SUN_R,3307,SUN_NDV,0.0468,SUN_ANGLE,29.41
TM,MAG_X,-19.06,MAG_Y,20.94,MAG_Z,-10.34,MAG_HEADING,132.30
TM,GYRO_X,-1.102,GYRO_Y,-2.152,GYRO_Z,-0.219,BODY_RATE,0.219
TM,TEAM_CR,182,870926,0.0,-1.8,-1.8,1.8,-0.7,-16.1,-20.3,0.0,-16,3
TM,TEAM_CR,183,870966,0.0,-2.0,-1.8,1.8,-0.9,-15.8,-20.3,0.0,-16,3
TM,TEAM_CR,184,871006,0.0,-1.8,-1.8,1.8,1.3,-18.0,-20.3,0.0,-18,3
TM,TEAM_CR,185,871046,0.0,-1.9,-1.7,1.7,2.1,-18.9,-20.2,0.0,-19,3
TM,TEAM_CR,186,871086,0.0,-1.9,-1.7,1.7,0.9,-17.8,-20.2,0.0,-18,3
TM,TEAM_CR,187,871126,0.0,-1.6,-1.7,1.7,-0.7,-16.1,-20.2,0.0,-16,3
TM,TEAM_CR,188,871172,0.0,-1.7,-1.7,1.7,-0.6,-16.1,-20.1,0.0,-16,3
TM,TEAM_CR,189,871212,0.0,-1.7,-1.7,1.7,-0.7,-15.9,-20.1,0.0,-16,3
TM,TEAM_CR,190,871252,0.0,-1.6,-1.8,1.8,-0.4,-16.2,-20.1,0.0,-16,3
TM,TEAM_CR,191,871306,0.0,-1.7,-1.7,1.7,1.3,-17.9,-20.0,0.0,-18,3
TM,TEAM_CR,192,871346,0.0,-1.6,-1.7,1.7,1.0,-17.7,-20.0,0.0,-18,3
TM,TEAM_CR,193,871386,0.0,-1.9,-1.7,1.7,-0.3,-16.4,-20.0,0.0,-16,3
TM,TEAM_CR,194,871426,0.0,-1.8,-1.7,1.7,-0.9,-15.6,-19.9,0.0,-16,3
TM,TEAM_CR,195,871466,0.0,-1.7,-1.7,1.7,-0.8,-15.6,-19.9,0.0,-16,3
TM,TEAM_CR,196,871506,0.0,-1.9,-1.8,1.8,-0.9,-15.4,-19.9,0.0,-15,3
TM,TEAM_CR,197,871546,0.0,-1.9,-1.8,1.8,-0.4,-15.8,-19.8,0.0,-16,3
TM,ADCS_MODE,MANUAL,ADCS_REFERENCE,SUN,TARGET,0.00,POINTING_ERROR,-29.39,SUN_ERROR,-29.32,MAG_ERROR,-131.95,GYRO_Z,-0.070,RW_CMD,0
TM,EST_RAW,29.32,EST_FILTERED,29.32,EST_ANGLE,-330.61,EST_FILTER,ON,EST_FILTER_TYPE,MOVING_AVERAGE,EST_MA_WINDOW,1,EST_FILTER_STRENGTH,0.35
TM,EST_FUSION,ON,EST_GYRO_WEIGHT,0.98,EST_VALID,1
TM,TEAM_CR,198,871586,0.0,-1.8,-1.8,1.8,1.1,-17.4,-19.8,0.0,-17,3
TM,TEAM_CR,199,871626,0.0,-1.7,-1.7,1.7,2.1,-18.4,-19.8,0.0,-18,3
TM,SUN_L,3633,SUN_R,3306,SUN_NDV,0.0471,SUN_ANGLE,29.34
TM,MAG_X,-19.34,MAG_Y,21.04,MAG_Z,-10.42,MAG_HEADING,132.60
TM,GYRO_X,-0.971,GYRO_Y,-2.345,GYRO_Z,0.192,BODY_RATE,-0.192
TM,TEAM_CR,200,871673,0.0,-1.6,-1.7,1.7,-0.6,-15.7,-19.7,0.0,-17,3
TM,TEAM_CR,201,871726,0.0,-1.9,-1.7,1.7,-0.9,-15.3,-19.7,0.0,-15,3
TM,TEAM_CR,202,871766,0.0,-1.9,-1.8,1.8,-0.8,-15.3,-19.7,0.0,-15,3
TM,TEAM_CR,203,871806,0.0,-1.8,-1.8,1.8,-0.6,-15.4,-19.6,0.0,-15,3
TM,TEAM_CR,204,871846,0.0,-2.0,-1.8,1.8,1.4,-17.4,-19.6,0.0,-17,3
TM,TEAM_CR,205,871886,0.0,-1.9,-1.7,1.7,1.9,-18.1,-19.5,0.0,-18,3
TM,TEAM_CR,206,871926,0.0,-1.7,-1.7,1.7,1.0,-17.1,-19.5,0.0,-17,3
TM,TEAM_CR,207,871966,0.0,-1.9,-1.7,1.7,-0.5,-15.6,-19.5,0.0,-16,3
TM,TEAM_CR,208,872006,0.0,-1.8,-1.7,1.7,-1.0,-15.0,-19.4,0.0,-15,3
TM,TEAM_CR,209,872046,0.0,-1.9,-1.8,1.8,-1.2,-14.7,-19.4,0.0,-15,3
TM,TEAM_CR,210,872086,0.0,-1.8,-1.8,1.8,-0.8,-14.9,-19.4,0.0,-15,3
TM,TEAM_CR,211,872127,0.0,-1.8,-1.8,1.8,1.2,-17.0,-19.3,0.0,-17,3
TM,TEAM_CR,212,872173,0.0,-1.8,-1.7,1.7,2.0,-18.0,-19.3,0.0,-18,3
TM,TEAM_CR,213,872213,0.0,-1.6,-1.6,1.6,0.9,-16.9,-19.3,0.0,-17,3
TM,TEAM_CR,214,872254,0.0,-1.8,-1.7,1.7,-0.7,-15.2,-19.2,0.0,-15,3
TM,TEAM_CR,215,872306,0.0,-1.6,-1.7,1.7,-1.1,-14.6,-19.2,0.0,-15,3
TM,TEAM_CR,216,872346,0.0,-1.7,-1.8,1.8,-0.9,-14.7,-19.2,0.0,-15,3
TM,TEAM_CR,217,872386,0.0,-1.8,-1.8,1.8,0.3,-15.9,-19.1,0.0,-16,3
TM,TEAM_CR,218,872426,0.0,-1.7,-1.7,1.7,1.7,-17.3,-19.1,0.0,-17,3
TM,SUN_L,3632,SUN_R,3307,SUN_NDV,0.0468,SUN_ANGLE,29.58
TM,MAG_X,-19.14,MAG_Y,20.99,MAG_Z,-10.48,MAG_HEADING,132.35
TM,GYRO_X,-1.146,GYRO_Y,-2.021,GYRO_Z,-0.053,BODY_RATE,0.053
TM,TEAM_CR,219,872466,0.0,-1.5,-1.6,1.6,2.2,-18.0,-19.1,0.0,-18,3
TM,ADCS_MODE,MANUAL,ADCS_REFERENCE,SUN,TARGET,0.00,POINTING_ERROR,-29.40,SUN_ERROR,-29.41,MAG_ERROR,-132.35,GYRO_Z,-0.053,RW_CMD,0
TM,EST_RAW,29.41,EST_FILTERED,29.41,EST_ANGLE,-330.60,EST_FILTER,ON,EST_FILTER_TYPE,MOVING_AVERAGE,EST_MA_WINDOW,1,EST_FILTER_STRENGTH,0.35
TM,EST_FUSION,ON,EST_GYRO_WEIGHT,0.98,EST_VALID,1
TM,TEAM_CR,220,872506,0.0,-1.6,-1.6,1.6,-0.1,-15.7,-19.0,0.0,-16,3
TM,TEAM_CR,221,872546,0.0,-1.8,-1.7,1.7,-1.1,-14.6,-19.0,0.0,-15,3
TM,TEAM_CR,222,872586,0.0,-1.6,-1.7,1.7,-1.0,-14.6,-19.0,0.0,-15,3
TM,TEAM_CR,223,872626,0.0,-1.7,-1.7,1.7,-1.2,-14.2,-18.9,0.0,-14,3
TM,TEAM_CR,224,872674,0.0,-1.8,-1.7,1.7,1.3,-16.7,-18.9,0.0,-17,3
TM,TEAM_CR,225,872726,0.0,-1.6,-1.6,1.6,2.2,-17.8,-18.9,0.0,-18,3
TM,TEAM_CR,226,872766,0.0,-1.6,-1.6,1.6,0.2,-15.9,-18.8,0.0,-16,3
TM,TEAM_CR,227,872806,0.0,-1.5,-1.6,1.6,-0.6,-14.9,-18.8,0.0,-15,3
TM,TEAM_CR,228,872846,0.0,-1.6,-1.7,1.7,-0.9,-14.6,-18.8,0.0,-15,3
TM,TEAM_CR,229,872886,0.0,-1.7,-1.7,1.7,-0.9,-14.4,-18.7,0.0,-14,3
TM,TEAM_CR,230,872926,0.0,-1.7,-1.7,1.7,-0.3,-15.0,-18.7,0.0,-15,3
TM,TEAM_CR,231,872966,0.0,-1.8,-1.7,1.7,1.3,-16.6,-18.7,0.0,-17,3
TM,TEAM_CR,232,873006,0.0,-1.8,-1.6,1.6,2.0,-17.4,-18.6,0.0,-17,3
TM,TEAM_CR,233,873046,0.0,-1.6,-1.6,1.6,0.1,-15.5,-18.6,0.0,-16,3
TM,TEAM_CR,234,873086,0.0,-1.7,-1.6,1.6,-0.7,-14.6,-18.6,0.0,-15,3
TM,TEAM_CR,235,873126,0.0,-1.7,-1.7,1.7,-1.4,-13.8,-18.5,0.0,-14,3
TM,TEAM_CR,236,873173,0.0,-1.6,-1.7,1.7,-0.9,-14.2,-18.5,0.0,-14,3
TM,SUN_L,3631,SUN_R,3306,SUN_NDV,0.0469,SUN_ANGLE,29.17
TM,MAG_X,-18.96,MAG_Y,20.86,MAG_Z,-10.50,MAG_HEADING,132.26
TM,GYRO_X,-1.146,GYRO_Y,-2.231,GYRO_Z,-0.114,BODY_RATE,0.114
TM,TEAM_CR,237,873213,0.0,-1.7,-1.7,1.7,1.3,-16.5,-18.5,0.0,-16,3
TM,TEAM_CR,238,873253,0.0,-1.7,-1.6,1.6,1.8,-17.1,-18.4,0.0,-17,3
TM,TEAM_CR,239,873306,0.0,-1.6,-1.6,1.6,0.4,-15.7,-18.4,0.0,-16,3
TM,TEAM_CR,240,873346,0.0,-1.6,-1.6,1.6,-0.8,-14.4,-18.4,0.0,-14,3
TM,TEAM_CR,241,873387,0.0,-1.7,-1.6,1.6,-0.9,-14.1,-18.3,0.0,-14,3
TM,TEAM_CR,242,873426,0.0,-1.7,-1.7,1.7,-0.9,-14.1,-18.3,0.0,-14,3
TM,ADCS_MODE,MANUAL,ADCS_REFERENCE,SUN,TARGET,0.00,POINTING_ERROR,-29.40,SUN_ERROR,-29.32,MAG_ERROR,-132.27,GYRO_Z,-0.105,RW_CMD,0
TM,EST_RAW,29.32,EST_FILTERED,29.32,EST_ANGLE,-330.60,EST_FILTER,ON,EST_FILTER_TYPE,MOVING_AVERAGE,EST_MA_WINDOW,1,EST_FILTER_STRENGTH,0.35
TM,EST_FUSION,ON,EST_GYRO_WEIGHT,0.98,EST_VALID,1
TM,TEAM_CR,243,873466,0.0,-1.7,-1.7,1.7,0.9,-15.8,-18.3,0.0,-16,3
TM,TEAM_CR,244,873506,0.0,-1.7,-1.6,1.6,1.6,-16.6,-18.2,0.0,-17,3
TM,TEAM_CR,245,873546,0.0,-1.6,-1.5,1.5,1.6,-16.8,-18.2,0.0,-17,3
TM,TEAM_CR,246,873586,0.0,-1.4,-1.5,1.5,-0.5,-14.6,-18.2,0.0,-15,3
TM,TEAM_CR,247,873626,0.0,-1.7,-1.6,1.6,-0.7,-14.3,-18.1,0.0,-14,3
TM,TEAM_CR,248,873672,0.0,-1.6,-1.6,1.6,-1.0,-13.8,-18.1,0.0,-14,3
TM,TEAM_CR,249,873725,0.0,-1.8,-1.7,1.7,0.3,-15.1,-18.1,0.0,-15,3
TM,TEAM_CR,250,873765,0.0,-1.7,-1.6,1.6,0.9,-15.7,-18.1,0.0,-16,3
TM,TEAM_CR,251,873805,0.0,-1.6,-1.6,1.6,1.7,-16.6,-18.0,0.0,-17,3
TM,TEAM_CR,252,873845,0.0,-1.5,-1.6,1.6,-0.4,-14.4,-18.0,0.0,-15,3
TM,TEAM_CR,253,873885,0.0,-1.7,-1.6,1.6,-0.9,-13.9,-18.0,0.0,-14,3
TM,TEAM_CR,254,873926,0.0,-1.6,-1.6,1.6,-1.0,-13.7,-17.9,0.0,-14,3
TM,SUN_L,3631,SUN_R,3306,SUN_NDV,0.0469,SUN_ANGLE,29.39
TM,MAG_X,-19.07,MAG_Y,21.06,MAG_Z,-10.45,MAG_HEADING,132.17
TM,GYRO_X,-1.033,GYRO_Y,-2.188,GYRO_Z,0.236,BODY_RATE,-0.236
TM,TEAM_CR,255,873966,0.0,-1.5,-1.6,1.6,-0.6,-14.0,-17.9,0.0,-14,3
TM,TEAM_CR,256,874006,0.0,-1.5,-1.6,1.6,0.8,-15.4,-17.9,0.0,-15,3
TM,TEAM_CR,257,874046,0.0,-1.8,-1.6,1.6,1.7,-16.3,-17.8,0.0,-16,3
TM,TEAM_CR,258,874086,0.0,-1.5,-1.5,1.5,0.8,-15.5,-17.8,0.0,-16,3
TM,TEAM_CR,259,874126,0.0,-1.7,-1.6,1.6,-0.6,-14.1,-17.8,0.0,-14,3
TM,TEAM_CR,260,874172,0.0,-1.6,-1.6,1.6,-0.6,-14.0,-17.7,0.0,-14,3
TM,TEAM_CR,261,874212,0.0,-1.6,-1.6,1.6,-0.8,-13.6,-17.7,0.0,-14,3
TM,TEAM_CR,262,874252,0.0,-1.6,-1.6,1.6,0.5,-14.9,-17.7,0.0,-15,3
TM,TEAM_CR,263,874306,0.0,-1.6,-1.6,1.6,1.6,-16.1,-17.6,0.0,-16,3
TM,TEAM_CR,264,874346,0.0,-1.6,-1.5,1.5,1.0,-15.6,-17.6,0.0,-16,3
TM,TEAM_CR,265,874386,0.0,-1.7,-1.5,1.5,-0.5,-14.1,-17.6,0.0,-14,3
TM,ADCS_MODE,MANUAL,ADCS_REFERENCE,SUN,TARGET,0.00,POINTING_ERROR,-29.39,SUN_ERROR,-29.32,MAG_ERROR,-132.17,GYRO_Z,-0.000,RW_CMD,0
TM,EST_RAW,29.32,EST_FILTERED,29.32,EST_ANGLE,-330.61,EST_FILTER,ON,EST_FILTER_TYPE,MOVING_AVERAGE,EST_MA_WINDOW,1,EST_FILTER_STRENGTH,0.35
TM,EST_FUSION,ON,EST_GYRO_WEIGHT,0.98,EST_VALID,1
TM,TEAM_CR,266,874426,0.0,-1.8,-1.6,1.6,-1.1,-13.3,-17.5,0.0,-13,3
TM,TEAM_CR,267,874466,0.0,-1.7,-1.6,1.6,-1.1,-13.2,-17.5,0.0,-13,3
TM,TEAM_CR,268,874506,0.0,-1.9,-1.7,1.7,-0.5,-13.7,-17.5,0.0,-14,3
TM,TEAM_CR,269,874546,0.0,-1.6,-1.6,1.6,1.1,-15.4,-17.4,0.0,-15,3
TM,TEAM_CR,270,874586,0.0,-1.6,-1.5,1.5,1.9,-16.2,-17.4,0.0,-16,3
TM,TEAM_CR,271,874626,0.0,-1.6,-1.5,1.5,-0.3,-14.0,-17.4,0.0,-15,3
TM,TEAM_CR,272,874673,0.0,-1.6,-1.6,1.6,-0.9,-13.3,-17.4,0.0,-13,3
TM,SUN_L,3631,SUN_R,3305,SUN_NDV,0.0470,SUN_ANGLE,29.34
TM,MAG_X,-18.98,MAG_Y,21.04,MAG_Z,-10.37,MAG_HEADING,132.05
TM,GYRO_X,-0.962,GYRO_Y,-2.135,GYRO_Z,0.140,BODY_RATE,-0.140
TM,TEAM_CR,273,874726,0.0,-1.6,-1.6,1.6,-0.9,-13.3,-17.3,0.0,-13,3
TM,TEAM_CR,274,874766,0.0,-1.7,-1.6,1.6,-0.1,-14.0,-17.3,0.0,-14,3
TM,TEAM_CR,275,874806,0.0,-1.7,-1.6,1.6,1.3,-15.4,-17.3,0.0,-15,3
TM,TEAM_CR,276,874846,0.0,-1.4,-1.5,1.5,1.8,-16.1,-17.2,0.0,-16,3
TM,TEAM_CR,277,874886,0.0,-1.4,-1.5,1.5,-0.1,-17.2,-17.2,0.0,-17,3
TM,TEAM_CR,278,874926,0.0,-1.4,-1.5,1.5,-0.8,-13.4,-17.2,0.0,-16,3
TM,TEAM_CR,279,874966,0.0,-1.6,-1.5,1.5,-1.0,-13.1,-17.2,0.0,-13,3
TM,TEAM_CR,280,875006,0.0,-1.5,-1.6,1.6,-1.1,-12.9,-17.2,0.0,-13,3
TM,TEAM_CR,281,875046,0.0,-1.5,-1.6,1.6,0.5,-14.5,-17.1,0.0,-14,3
TM,TEAM_CR,282,875086,0.0,-1.6,-1.5,1.5,1.6,-15.6,-17.1,0.0,-16,3
TM,TEAM_CR,283,875127,0.0,-1.7,-1.5,1.5,1.4,-17.1,-17.1,0.0,-17,3
TM,TEAM_CR,284,875173,0.0,-1.7,-1.5,1.5,-0.4,-17.1,-17.1,0.0,-17,3
TM,TEAM_CR,285,875213,0.0,-1.5,-1.5,1.5,-0.8,-13.2,-17.0,0.0,-13,3
TM,TEAM_CR,286,875254,0.0,-1.7,-1.6,1.6,-1.0,-12.8,-17.0,0.0,-13,3
TM,TEAM_CR,287,875306,0.0,-1.3,-1.6,1.6,0.9,-14.8,-17.0,0.0,-15,3
TM,TEAM_CR,288,875346,0.0,-1.7,-1.5,1.5,1.8,-15.7,-16.9,0.0,-16,3
TM,ADCS_MODE,MANUAL,ADCS_REFERENCE,SUN,TARGET,0.00,POINTING_ERROR,-29.39,SUN_ERROR,-29.55,MAG_ERROR,-132.31,GYRO_Z,0.113,RW_CMD,0
TM,EST_RAW,29.55,EST_FILTERED,29.55,EST_ANGLE,-330.61,EST_FILTER,ON,EST_FILTER_TYPE,MOVING_AVERAGE,EST_MA_WINDOW,1,EST_FILTER_STRENGTH,0.35
TM,EST_FUSION,ON,EST_GYRO_WEIGHT,0.98,EST_VALID,1
TM,TEAM_CR,289,875386,0.0,-1.3,-1.4,1.4,1.1,-16.9,-16.9,0.0,-17,3
TM,TEAM_CR,290,875426,0.0,-1.4,-1.5,1.5,-0.2,-16.9,-16.9,0.0,-17,3
TM,TEAM_CR,291,875466,0.0,-1.3,-1.5,1.5,-0.7,-16.9,-16.9,0.0,-17,3
TM,SUN_L,3632,SUN_R,3306,SUN_NDV,0.0470,SUN_ANGLE,29.46
TM,MAG_X,-19.18,MAG_Y,21.07,MAG_Z,-10.50,MAG_HEADING,132.31
TM,GYRO_X,-1.225,GYRO_Y,-2.529,GYRO_Z,0.052,BODY_RATE,-0.052
TM,TEAM_CR,292,875506,0.0,-1.6,-1.5,1.5,-1.3,-12.6,-16.9,0.0,-13,3
TM,TEAM_CR,293,875547,0.0,-1.7,-1.6,1.6,-1.0,-12.7,-16.9,0.0,-13,3
TM,TEAM_CR,294,875587,0.0,-1.8,-1.6,1.6,0.6,-14.3,-16.9,0.0,-14,3
TM,TEAM_CR,295,875626,0.0,-1.8,-1.5,1.5,1.9,-15.7,-16.8,0.0,-16,3
TM,TEAM_CR,296,875674,0.0,-1.4,-1.5,1.5,0.1,-16.8,-16.8,0.0,-17,3
TM,TEAM_CR,297,875726,0.0,-1.4,-1.5,1.5,-0.7,-13.0,-16.8,0.0,-13,3
TM,TEAM_CR,298,875766,0.0,-1.6,-1.5,1.5,-0.7,-12.9,-16.8,0.0,-13,3
TM,TEAM_CR,299,875806,0.0,-1.4,-1.6,1.6,0.4,-14.1,-16.7,0.0,-14,3
TM,TEAM_CR,300,875846,0.0,-1.6,-1.5,1.5,1.6,-15.3,-16.7,0.0,-15,3
TM,TEAM_CR,301,875886,0.0,-1.4,-1.4,1.4,1.9,-16.7,-16.7,0.0,-17,3
TM,TEAM_CR,302,875926,0.0,-1.5,-1.4,1.4,-0.4,-16.7,-16.7,0.0,-17,3
TM,TEAM_CR,303,875966,0.0,-1.3,-1.5,1.5,-0.8,-16.7,-16.7,0.0,-17,3
TM,TEAM_CR,304,876006,0.0,-1.7,-1.5,1.5,-1.6,-12.0,-16.7,0.0,-15,3
TM,TEAM_CR,305,876046,0.0,-1.6,-1.6,1.6,-1.2,-12.3,-16.7,0.0,-12,3
TM,TEAM_CR,306,876086,0.0,-1.7,-1.6,1.6,0.6,-14.1,-16.6,0.0,-14,3
TM,TEAM_CR,307,876127,0.0,-1.7,-1.5,1.5,1.7,-15.3,-16.6,0.0,-15,3
TM,TEAM_CR,308,876172,0.0,-1.5,-1.5,1.5,0.3,-16.6,-16.6,0.0,-17,3
TM,TEAM_CR,309,876212,0.0,-1.5,-1.5,1.5,-0.4,-16.6,-16.6,0.0,-17,3
TM,TEAM_CR,310,876252,0.0,-1.5,-1.5,1.5,-1.5,-12.0,-16.6,0.0,-16,3
TM,SUN_L,3630,SUN_R,3305,SUN_NDV,0.0469,SUN_ANGLE,29.54
TM,MAG_X,-19.02,MAG_Y,21.06,MAG_Z,-10.75,MAG_HEADING,132.10
TM,GYRO_X,-1.094,GYRO_Y,-2.284,GYRO_Z,0.070,BODY_RATE,-0.070
TM,TEAM_CR,311,876306,0.0,-1.5,-1.6,1.6,-0.5,-13.0,-16.5,0.0,-13,3
TM,ADCS_MODE,MANUAL,ADCS_REFERENCE,SUN,TARGET,0.00,POINTING_ERROR,-29.40,SUN_ERROR,-29.32,MAG_ERROR,-132.34,GYRO_Z,0.052,RW_CMD,0
TM,EST_RAW,29.32,EST_FILTERED,29.32,EST_ANGLE,-330.60,EST_FILTER,ON,EST_FILTER_TYPE,MOVING_AVERAGE,EST_MA_WINDOW,1,EST_FILTER_STRENGTH,0.35
TM,EST_FUSION,ON,EST_GYRO_WEIGHT,0.98,EST_VALID,1
TM,TEAM_CR,312,876346,0.0,-1.4,-1.5,1.5,0.7,-14.2,-16.5,0.0,-14,3
TM,TEAM_CR,313,876387,0.0,-1.5,-1.5,1.5,1.6,-16.5,-16.5,0.0,-17,3
TM,TEAM_CR,314,876426,0.0,-1.6,-1.4,1.4,0.2,-16.5,-16.5,0.0,-17,3
TM,TEAM_CR,315,876466,0.0,-1.4,-1.4,1.4,-0.6,-16.5,-16.5,0.0,-17,3
TM,TEAM_CR,316,876506,0.0,-1.3,-1.5,1.5,-1.5,-16.5,-16.5,0.0,-17,3
TM,TEAM_CR,317,876546,0.0,-1.5,-1.5,1.5,-1.4,-12.0,-16.5,0.0,-12,3
TM,TEAM_CR,318,876586,0.0,-1.6,-1.5,1.5,0.7,-14.1,-16.5,0.0,-14,3
TM,TEAM_CR,319,876626,0.0,-1.5,-1.5,1.5,1.6,-16.4,-16.4,0.0,-16,3
TM,TEAM_CR,320,876672,0.0,-1.6,-1.4,1.4,0.8,-16.4,-16.4,0.0,-16,3
TM,TEAM_CR,321,876725,0.0,-1.4,-1.4,1.4,-0.5,-16.4,-16.4,0.0,-16,3
TM,TEAM_CR,322,876765,0.0,-1.4,-1.5,1.5,-0.7,-16.4,-16.4,0.0,-16,3
TM,TEAM_CR,323,876805,0.0,-1.5,-1.5,1.5,-0.5,-16.4,-16.4,0.0,-16,3
TM,TEAM_CR,324,876845,0.0,-1.4,-1.5,1.5,0.5,-16.4,-16.4,0.0,-16,3
TM,TEAM_CR,325,876885,0.0,-1.4,-1.4,1.4,1.3,-16.4,-16.4,0.0,-16,3
TM,TEAM_CR,326,876926,0.0,-1.4,-1.4,1.4,0.2,-16.4,-16.4,0.0,-16,3
TM,TEAM_CR,327,876966,0.0,-1.5,-1.4,1.4,-0.3,-16.4,-16.4,0.0,-16,3
TM,TEAM_CR,328,877006,0.0,-1.5,-1.4,1.4,-1.0,-16.4,-16.4,0.0,-16,3
TM,SUN_L,3630,SUN_R,3305,SUN_NDV,0.0469,SUN_ANGLE,29.39
TM,MAG_X,-19.09,MAG_Y,21.07,MAG_Z,-10.53,MAG_HEADING,132.17
TM,GYRO_X,-1.015,GYRO_Y,-2.231,GYRO_Z,0.043,BODY_RATE,-0.043
TM,TEAM_CR,329,877046,0.0,-1.5,-1.5,1.5,-1.0,-16.4,-16.4,0.0,-16,3
TM,TEAM_CR,330,877086,0.0,-1.5,-1.5,1.5,0.5,-16.4,-16.4,0.0,-16,3
TM,TEAM_CR,331,877126,0.0,-1.4,-1.4,1.4,1.0,-16.4,-16.4,0.0,-16,3
TM,TEAM_CR,332,877172,0.0,-1.3,-1.4,1.4,0.5,-16.4,-16.4,0.0,-16,3
TM,TEAM_CR,333,877212,0.0,-1.7,-1.4,1.4,-0.8,-16.4,-16.4,0.0,-16,3
TM,TEAM_CR,334,877252,0.0,-1.4,-1.4,1.4,-0.8,-16.4,-16.4,0.0,-16,3
TM,ADCS_MODE,MANUAL,ADCS_REFERENCE,SUN,TARGET,0.00,POINTING_ERROR,-29.38,SUN_ERROR,-29.38,MAG_ERROR,-132.17,GYRO_Z,-0.114,RW_CMD,0
TM,EST_RAW,29.38,EST_FILTERED,29.38,EST_ANGLE,-330.62,EST_FILTER,ON,EST_FILTER_TYPE,MOVING_AVERAGE,EST_MA_WINDOW,1,EST_FILTER_STRENGTH,0.35
TM,EST_FUSION,ON,EST_GYRO_WEIGHT,0.98,EST_VALID,1
TM,TEAM_CR,335,877306,0.0,-1.4,-1.5,1.5,-0.9,-16.4,-16.4,0.0,-16,3
TM,TEAM_CR,336,877346,0.0,-1.6,-1.5,1.5,0.6,-16.4,-16.4,0.0,-16,3
TM,TEAM_CR,337,877386,0.0,-1.6,-1.4,1.4,1.2,-16.4,-16.4,0.0,-16,3
TM,TEAM_CR,338,877426,0.0,-1.4,-1.4,1.4,0.4,-16.4,-16.4,0.0,-16,3
TM,TEAM_CR,339,877466,0.0,-1.5,-1.4,1.4,-0.6,-16.4,-16.4,0.0,-16,3
TM,TEAM_CR,340,877506,0.0,-1.3,-1.4,1.4,-0.6,-16.4,-16.4,0.0,-16,3
TM,TEAM_CR,341,877546,0.0,-1.5,-1.5,1.5,-0.8,-16.4,-16.4,0.0,-16,3
TM,TEAM_CR,342,877586,0.0,-1.5,-1.4,1.4,0.7,-16.4,-16.4,0.0,-16,3
TM,TEAM_CR,343,877626,0.0,-1.4,-1.4,1.4,1.4,-16.4,-16.4,0.0,-16,3
TM,TEAM_CR,344,877673,0.0,-1.2,-1.4,1.4,0.0,-16.4,-16.4,0.0,-16,3
TM,TEAM_CR,345,877726,0.0,-1.4,-1.4,1.4,-0.2,-16.4,-16.4,0.0,-16,3
TM,TEAM_CR,346,877766,0.0,-1.5,-1.4,1.4,-0.7,-16.4,-16.4,0.0,-16,3
TM,SUN_L,3631,SUN_R,3306,SUN_NDV,0.0469,SUN_ANGLE,29.49
TM,MAG_X,-18.96,MAG_Y,21.09,MAG_Z,-10.56,MAG_HEADING,131.96
TM,GYRO_X,-1.076,GYRO_Y,-2.152,GYRO_Z,0.288,BODY_RATE,-0.288
TM,TEAM_CR,347,877806,0.0,-1.4,-1.4,1.4,0.5,-16.4,-16.4,0.0,-16,3
TM,TEAM_CR,348,877846,0.0,-1.5,-1.4,1.4,1.3,-16.4,-16.4,0.0,-16,3
TM,TEAM_CR,349,877886,0.0,-1.5,-1.3,1.3,1.2,-16.4,-16.4,0.0,-16,3
TM,TEAM_CR,350,877926,0.0,-1.4,-1.3,1.3,0.1,-16.4,-16.4,0.0,-16,3
TM,TEAM_CR,351,877966,0.0,-1.4,-1.3,1.3,-0.3,-16.4,-16.4,0.0,-16,3
TM,TEAM_CR,352,878006,0.0,-1.4,-1.4,1.4,-0.5,-16.4,-16.4,0.0,-16,3
TM,TEAM_CR,353,878046,0.0,-1.5,-1.4,1.4,0.5,-16.4,-16.4,0.0,-16,3
TM,TEAM_CR,354,878086,0.0,-1.6,-1.3,1.3,1.2,-16.4,-16.4,0.0,-16,3
TM,TEAM_CR,355,878127,0.0,-1.4,-1.3,1.3,1.2,-16.4,-16.4,0.0,-16,3
TM,TEAM_CR,356,878173,0.0,-1.4,-1.3,1.3,-0.3,-16.4,-16.4,0.0,-16,3
TM,TEAM_CR,357,878213,0.0,-1.3,-1.3,1.3,-0.1,-16.4,-16.4,0.0,-16,3
TM,ADCS_MODE,MANUAL,ADCS_REFERENCE,SUN,TARGET,0.00,POINTING_ERROR,-29.39,SUN_ERROR,-29.27,MAG_ERROR,-132.02,GYRO_Z,0.131,RW_CMD,0
TM,EST_RAW,29.27,EST_FILTERED,29.27,EST_ANGLE,-330.61,EST_FILTER,ON,EST_FILTER_TYPE,MOVING_AVERAGE,EST_MA_WINDOW,1,EST_FILTER_STRENGTH,0.35
TM,EST_FUSION,ON,EST_GYRO_WEIGHT,0.98,EST_VALID,1
TM,TEAM_CR,358,878254,0.0,-1.4,-1.3,1.3,0.1,-16.4,-16.4,0.0,-16,3
TM,TEAM_CR,359,878306,0.0,-1.3,-1.3,1.3,1.2,-16.4,-16.4,0.0,-16,3
TM,TEAM_CR,360,878346,0.0,-1.2,-1.2,1.2,1.3,-16.4,-16.4,0.0,-16,3
TM,TEAM_CR,361,878386,0.0,-1.1,-1.2,1.2,0.1,-16.4,-16.4,0.0,-16,3
TM,TEAM_CR,362,878426,0.0,-1.2,-1.2,1.2,-0.4,-16.4,-16.4,0.0,-16,3
TM,TEAM_CR,363,878466,0.0,-1.3,-1.2,1.2,0.3,-16.4,-16.4,0.0,-16,3
TM,TEAM_CR,364,878506,0.0,-1.1,-1.2,1.2,0.4,-16.4,-16.4,0.0,-16,3
TM,SUN_L,3632,SUN_R,3306,SUN_NDV,0.0470,SUN_ANGLE,29.45
TM,MAG_X,-19.07,MAG_Y,21.17,MAG_Z,-10.59,MAG_HEADING,132.02
TM,GYRO_X,-1.321,GYRO_Y,-2.109,GYRO_Z,0.148,BODY_RATE,-0.148
TM,TEAM_CR,365,878546,0.0,-1.4,-1.1,1.1,1.0,-16.4,-16.4,0.0,-16,3
TM,TEAM_CR,366,878586,0.0,-1.3,-1.1,1.1,0.8,-16.4,-16.4,0.0,-16,3
TM,TEAM_CR,367,878626,0.0,-1.1,-1.1,1.1,-0.1,-16.4,-16.4,0.0,-16,3
TM,TEAM_CR,368,878674,0.0,-1.2,-1.1,1.1,-0.2,-16.4,-16.4,0.0,-16,3
TM,TEAM_CR,369,878726,0.0,-1.2,-1.1,1.1,0.2,-16.4,-16.4,0.0,-16,3
TM,TEAM_CR,370,878766,0.0,-1.1,-1.1,1.1,0.8,-16.4,-16.4,0.0,-16,3
TM,TEAM_CR,371,878806,0.0,-1.2,-1.1,1.1,1.2,-16.4,-16.4,0.0,-16,3
TM,TEAM_CR,372,878846,0.0,-1.2,-1.0,1.0,0.6,-16.4,-16.4,0.0,-16,3
TM,TEAM_CR,373,878886,0.0,-1.2,-1.0,1.0,-0.5,-16.4,-16.4,0.0,-16,3
TM,TEAM_CR,374,878926,0.0,-1.3,-1.1,1.1,-0.8,-16.4,-16.4,0.0,-16,3
TM,TEAM_CR,375,878966,0.0,-1.1,-1.1,1.1,-1.0,-16.4,-16.4,0.0,-16,3
TM,TEAM_CR,376,879006,0.0,-1.4,-1.1,1.1,0.8,-16.4,-16.4,0.0,-16,3
TM,TEAM_CR,377,879046,0.0,-1.0,-1.1,1.1,1.5,-16.4,-16.4,0.0,-16,3
TM,TEAM_CR,378,879086,0.0,-1.0,-1.0,1.0,1.1,-16.4,-16.4,0.0,-16,3
TM,TEAM_CR,379,879126,0.0,-0.9,-1.0,1.0,-0.2,-16.4,-16.4,0.0,-16,3
TM,TEAM_CR,380,879173,0.0,-1.2,-1.1,1.1,-0.7,-16.4,-16.4,0.0,-16,3
TM,ADCS_MODE,MANUAL,ADCS_REFERENCE,SUN,TARGET,0.00,POINTING_ERROR,-29.40,SUN_ERROR,-29.25,MAG_ERROR,-131.92,GYRO_Z,-0.009,RW_CMD,0
TM,EST_RAW,29.25,EST_FILTERED,29.25,EST_ANGLE,-330.60,EST_FILTER,ON,EST_FILTER_TYPE,MOVING_AVERAGE,EST_MA_WINDOW,1,EST_FILTER_STRENGTH,0.35
TM,EST_FUSION,ON,EST_GYRO_WEIGHT,0.98,EST_VALID,1
TM,TEAM_CR,381,879213,0.0,-1.2,-1.1,1.1,-0.6,-16.4,-16.4,0.0,-16,3
TM,TEAM_CR,382,879253,0.0,-1.2,-1.1,1.1,0.6,-16.4,-16.4,0.0,-16,3
TM,SUN_L,3631,SUN_R,3305,SUN_NDV,0.0470,SUN_ANGLE,29.44
TM,MAG_X,-19.17,MAG_Y,21.17,MAG_Z,-10.42,MAG_HEADING,132.16
TM,GYRO_X,-1.076,GYRO_Y,-2.546,GYRO_Z,-0.027,BODY_RATE,0.027
TM,TEAM_CR,383,879306,0.0,-1.2,-1.0,1.0,1.3,-16.4,-16.4,0.0,-16,3
TM,TEAM_CR,384,879346,0.0,-1.0,-1.0,1.0,0.2,-16.4,-16.4,0.0,-16,3
TM,TEAM_CR,385,879387,0.0,-1.1,-1.0,1.0,-0.5,-16.4,-16.4,0.0,-16,3
TM,TEAM_CR,386,879426,0.0,-0.9,-1.1,1.1,-1.0,-16.4,-16.4,0.0,-16,3
TM,TEAM_CR,387,879466,0.0,-1.3,-1.1,1.1,-0.4,-16.4,-16.4,0.0,-16,3
TM,TEAM_CR,388,879506,0.0,-1.2,-1.1,1.1,0.8,-16.4,-16.4,0.0,-16,3
TM,TEAM_CR,389,879546,0.0,-1.2,-1.0,1.0,1.3,-16.4,-16.4,0.0,-16,3
TM,TEAM_CR,390,879586,0.0,-0.9,-1.0,1.0,0.1,-16.4,-16.4,0.0,-16,3
TM,TEAM_CR,391,879626,0.0,-0.9,-1.0,1.0,-0.5,-16.4,-16.4,0.0,-16,3
TM,TEAM_CR,392,879672,0.0,-1.1,-1.1,1.1,-0.7,-16.4,-16.4,0.0,-16,3
TM,TEAM_CR,393,879725,0.0,-1.2,-1.0,1.0,0.4,-16.4,-16.4,0.0,-16,3
TM,TEAM_CR,394,879765,0.0,-1.2,-1.0,1.0,1.2,-16.4,-16.4,0.0,-16,3
TM,TEAM_CR,395,879805,0.0,-0.8,-1.0,1.0,0.4,-16.4,-16.4,0.0,-16,3
TM,TEAM_CR,396,879845,0.0,-1.1,-1.0,1.0,-0.4,-16.4,-16.4,0.0,-16,3
TM,TEAM_CR,397,879885,0.0,-1.0,-1.0,1.0,-0.7,-16.4,-16.4,0.0,-16,3
TM,TEAM_CR,398,879926,0.0,-1.2,-1.0,1.0,-0.4,-16.4,-16.4,0.0,-16,3
TM,TEAM_CR,399,879966,0.0,-1.0,-1.0,1.0,0.8,-16.4,-16.4,0.0,-16,3
TM,TEAM_CR,400,880006,0.0,-1.2,-1.0,1.0,1.4,-16.4,-16.4,0.0,-16,3
TM,TEAM_CR,401,880046,0.0,-1.0,-1.0,1.0,0.3,-16.4,-16.4,0.0,-16,3
TM,SUN_L,3631,SUN_R,3306,SUN_NDV,0.0469,SUN_ANGLE,29.40
TM,MAG_X,-19.01,MAG_Y,21.14,MAG_Z,-10.48,MAG_HEADING,131.97
TM,GYRO_X,-0.980,GYRO_Y,-2.047,GYRO_Z,-0.035,BODY_RATE,0.035
TM,TEAM_CR,402,880086,0.0,-1.1,-1.0,1.0,-0.4,-16.4,-16.4,0.0,-16,3
TM,ADCS_MODE,MANUAL,ADCS_REFERENCE,SUN,TARGET,0.00,POINTING_ERROR,-29.40,SUN_ERROR,-29.36,MAG_ERROR,-131.97,GYRO_Z,0.140,RW_CMD,0
TM,EST_RAW,29.36,EST_FILTERED,29.36,EST_ANGLE,-330.60,EST_FILTER,ON,EST_FILTER_TYPE,MOVING_AVERAGE,EST_MA_WINDOW,1,EST_FILTER_STRENGTH,0.35
TM,EST_FUSION,ON,EST_GYRO_WEIGHT,0.98,EST_VALID,1
TM,TEAM_CR,403,880126,0.0,-1.0,-1.0,1.0,-0.9,-16.4,-16.4,0.0,-16,3
TM,TEAM_CR,404,880172,0.0,-1.1,-1.0,1.0,0.5,-16.4,-16.4,0.0,-16,3
TM,TEAM_CR,405,880212,0.0,-1.0,-1.0,1.0,1.1,-16.4,-16.4,0.0,-16,3
TM,TEAM_CR,406,880252,0.0,-1.1,-0.9,0.9,0.9,-16.4,-16.4,0.0,-16,3
TM,TEAM_CR,407,880306,0.0,-1.0,-1.0,1.0,-0.4,-16.4,-16.4,0.0,-16,3
TM,TEAM_CR,408,880346,0.0,-0.9,-1.0,1.0,-0.6,-16.4,-16.4,0.0,-16,3
TM,TEAM_CR,409,880386,0.0,-1.1,-1.0,1.0,-0.6,-16.4,-16.4,0.0,-16,3
TM,TEAM_CR,410,880426,0.0,-1.1,-1.0,1.0,0.5,-16.4,-16.4,0.0,-16,3
TM,TEAM_CR,411,880466,0.0,-0.8,-1.0,1.0,1.1,-16.4,-16.4,0.0,-16,3
TM,TEAM_CR,412,880506,0.0,-0.9,-0.9,0.9,0.1,-16.4,-16.4,0.0,-16,3
TM,TEAM_CR,413,880546,0.0,-1.0,-1.0,1.0,-0.5,-16.4,-16.4,0.0,-16,3
TM,TEAM_CR,414,880586,0.0,-1.0,-1.0,1.0,-0.8,-16.4,-16.4,0.0,-16,3
TM,TEAM_CR,415,880626,0.0,-1.1,-1.0,1.0,0.1,-16.4,-16.4,0.0,-16,3
TM,TEAM_CR,416,880673,0.0,-1.0,-1.0,1.0,1.2,-16.4,-16.4,0.0,-16,3
TM,TEAM_CR,417,880726,0.0,-1.0,-0.9,0.9,0.1,-16.4,-16.4,0.0,-16,3
TM,TEAM_CR,418,880766,0.0,-0.9,-1.0,1.0,-0.5,-16.4,-16.4,0.0,-16,3
TM,TEAM_CR,419,880806,0.0,-1.0,-1.0,1.0,-0.7,-16.4,-16.4,0.0,-16,3
TM,SUN_L,3632,SUN_R,3306,SUN_NDV,0.0470,SUN_ANGLE,29.49
TM,MAG_X,-19.20,MAG_Y,21.23,MAG_Z,-10.53,MAG_HEADING,132.12
TM,GYRO_X,-1.242,GYRO_Y,-2.082,GYRO_Z,-0.088,BODY_RATE,0.088
TM,TEAM_CR,420,880846,0.0,-1.1,-1.0,1.0,-0.1,-16.4,-16.4,0.0,-16,3
TM,TEAM_CR,421,880886,0.0,-1.0,-1.0,1.0,1.1,-16.4,-16.4,0.0,-16,3
TM,TEAM_CR,422,880926,0.0,-1.0,-0.9,0.9,1.0,-16.4,-16.4,0.0,-16,3
TM,TEAM_CR,423,880966,0.0,-1.1,-0.9,0.9,0.1,-16.4,-16.4,0.0,-16,3
TM,TEAM_CR,424,881006,0.0,-1.1,-0.9,0.9,-0.4,-16.4,-16.4,0.0,-16,3
TM,TEAM_CR,425,881046,0.0,-1.2,-1.0,1.0,-1.0,-16.4,-16.4,0.0,-16,3
TM,ADCS_MODE,MANUAL,ADCS_REFERENCE,SUN,TARGET,0.00,POINTING_ERROR,-29.42,SUN_ERROR,-29.38,MAG_ERROR,-132.12,GYRO_Z,-0.149,RW_CMD,0
TM,EST_RAW,29.38,EST_FILTERED,29.38,EST_ANGLE,-330.58,EST_FILTER,ON,EST_FILTER_TYPE,MOVING_AVERAGE,EST_MA_WINDOW,1,EST_FILTER_STRENGTH,0.35
TM,EST_FUSION,ON,EST_GYRO_WEIGHT,0.98,EST_VALID,1
TM,TEAM_CR,426,881086,0.0,-1.1,-1.0,1.0,0.7,-16.4,-16.4,0.0,-16,3
TM,TEAM_CR,427,881127,0.0,-1.1,-0.9,0.9,1.7,-16.4,-16.4,0.0,-16,3
TM,TEAM_CR,428,881173,0.0,-0.9,-0.9,0.9,0.2,-16.4,-16.4,0.0,-16,3
TM,TEAM_CR,429,881213,0.0,-0.9,-0.9,0.9,-0.2,-16.4,-16.4,0.0,-16,3
TM,TEAM_CR,430,881254,0.0,-0.9,-0.9,0.9,-0.7,-16.4,-16.4,0.0,-16,3
TM,TEAM_CR,431,881306,0.0,-1.2,-0.9,0.9,0.5,-16.4,-16.4,0.0,-16,3
TM,TEAM_CR,432,881346,0.0,-1.1,-0.9,0.9,1.0,-16.4,-16.4,0.0,-16,3
TM,TEAM_CR,433,881386,0.0,-0.9,-0.9,0.9,0.6,-16.4,-16.4,0.0,-16,3
TM,TEAM_CR,434,881426,0.0,-1.0,-0.9,0.9,-0.2,-16.4,-16.4,0.0,-16,3
TM,TEAM_CR,435,881466,0.0,-1.0,-0.9,0.9,-0.6,-16.4,-16.4,0.0,-16,3
TM,TEAM_CR,436,881506,0.0,-1.0,-0.9,0.9,-0.6,-16.4,-16.4,0.0,-16,3
TM,TEAM_CR,437,881546,0.0,-0.9,-0.9,0.9,0.4,-16.4,-16.4,0.0,-16,3
TM,SUN_L,3631,SUN_R,3306,SUN_NDV,0.0469,SUN_ANGLE,29.44
TM,MAG_X,-19.04,MAG_Y,21.06,MAG_Z,-10.59,MAG_HEADING,132.12
TM,GYRO_X,-1.216,GYRO_Y,-1.986,GYRO_Z,-0.035,BODY_RATE,0.035
TM,TEAM_CR,438,881586,0.0,-1.0,-0.9,0.9,1.2,-16.4,-16.4,0.0,-16,3
TM,TEAM_CR,439,881626,0.0,-1.0,-0.9,0.9,0.1,-16.4,-16.4,0.0,-16,3
TM,TEAM_CR,440,881674,0.0,-1.0,-0.9,0.9,-0.3,-16.4,-16.4,0.0,-16,3
TM,TEAM_CR,441,881726,0.0,-0.9,-0.9,0.9,-0.4,-16.4,-16.4,0.0,-16,3
TM,TEAM_CR,442,881766,0.0,-0.9,-0.9,0.9,0.6,-16.4,-16.4,0.0,-16,3
TM,TEAM_CR,443,881806,0.0,-1.1,-0.9,0.9,1.1,-16.4,-16.4,0.0,-16,3
TM,TEAM_CR,444,881846,0.0,-1.0,-0.8,0.8,0.1,-16.4,-16.4,0.0,-16,3
TM,TEAM_CR,445,881886,0.0,-0.9,-0.9,0.9,-0.5,-16.4,-16.4,0.0,-16,3
TM,TEAM_CR,446,881926,0.0,-1.0,-0.9,0.9,-0.7,-16.4,-16.4,0.0,-16,3
TM,TEAM_CR,447,881967,0.0,-0.9,-0.9,0.9,0.6,-16.4,-16.4,0.0,-16,3
TM,TEAM_CR,448,882006,0.0,-0.9,-0.9,0.9,1.1,-16.4,-16.4,0.0,-16,3
TM,ADCS_MODE,MANUAL,ADCS_REFERENCE,SUN,TARGET,0.00,POINTING_ERROR,-29.42,SUN_ERROR,-29.53,MAG_ERROR,-132.05,GYRO_Z,0.175,RW_CMD,0
TM,EST_RAW,29.53,EST_FILTERED,29.53,EST_ANGLE,-330.58,EST_FILTER,ON,EST_FILTER_TYPE,MOVING_AVERAGE,EST_MA_WINDOW,1,EST_FILTER_STRENGTH,0.35
TM,EST_FUSION,ON,EST_GYRO_WEIGHT,0.98,EST_VALID,1
TM,TEAM_CR,449,882046,0.0,-1.0,-0.8,0.8,0.6,-16.4,-16.4,0.0,-16,3
TM,TEAM_CR,450,882086,0.0,-0.8,-0.8,0.8,-0.3,-16.4,-16.4,0.0,-16,3
TM,TEAM_CR,451,882127,0.0,-0.8,-0.9,0.9,-0.4,-16.4,-16.4,0.0,-16,3
TM,TEAM_CR,452,882172,0.0,-0.8,-0.9,0.9,-0.1,-16.4,-16.4,0.0,-16,3
TM,TEAM_CR,453,882212,0.0,-0.9,-0.8,0.8,0.6,-16.4,-16.4,0.0,-16,3
TM,TEAM_CR,454,882252,0.0,-0.8,-0.8,0.8,1.0,-16.4,-16.4,0.0,-16,3
TM,TEAM_CR,455,882306,0.0,-0.9,-0.8,0.8,-0.2,-16.4,-16.4,0.0,-16,3
TM,SUN_L,3632,SUN_R,3305,SUN_NDV,0.0471,SUN_ANGLE,29.49
TM,MAG_X,-18.96,MAG_Y,21.09,MAG_Z,-10.64,MAG_HEADING,131.96
TM,GYRO_X,-1.033,GYRO_Y,-2.223,GYRO_Z,0.192,BODY_RATE,-0.192
TM,TEAM_CR,456,882346,0.0,-0.9,-0.8,0.8,-0.6,-16.4,-16.4,0.0,-16,3
TM,TEAM_CR,457,882387,0.0,-0.8,-0.8,0.8,-0.1,-16.4,-16.4,0.0,-16,3
TM,TEAM_CR,458,882426,0.0,-1.1,-0.8,0.8,0.9,-16.4,-16.4,0.0,-16,3
TM,TEAM_CR,459,882466,0.0,-0.9,-0.8,0.8,1.1,-16.4,-16.4,0.0,-16,3
TM,TEAM_CR,460,882506,0.0,-0.7,-0.7,0.7,0.0,-16.4,-16.4,0.0,-16,3
TM,TEAM_CR,461,882546,0.0,-0.8,-0.8,0.8,-0.3,-16.4,-16.4,0.0,-16,3
TM,TEAM_CR,462,882586,0.0,-0.7,-0.8,0.8,-0.2,-16.4,-16.4,0.0,-16,3
TM,TEAM_CR,463,882626,0.0,-1.0,-0.8,0.8,0.9,-16.4,-16.4,0.0,-16,3
TM,TEAM_CR,464,882672,0.0,-0.8,-0.7,0.7,1.1,-16.4,-16.4,0.0,-16,3
TM,TEAM_CR,465,882725,0.0,-0.9,-0.7,0.7,0.1,-16.4,-16.4,0.0,-16,3
TM,TEAM_CR,466,882765,0.0,-0.7,-0.7,0.7,-0.2,-16.4,-16.4,0.0,-16,3
TM,TEAM_CR,467,882805,0.0,-1.0,-0.7,0.7,-0.3,-16.4,-16.4,0.0,-16,3
TM,TEAM_CR,468,882845,0.0,-0.8,-0.7,0.7,1.0,-16.4,-16.4,0.0,-16,3
TM,TEAM_CR,469,882885,0.0,-0.6,-0.7,0.7,1.0,-16.4,-16.4,0.0,-16,3
TM,TEAM_CR,470,882926,0.0,-0.7,-0.7,0.7,-0.1,-16.4,-16.4,0.0,-16,3
TM,TEAM_CR,471,882966,0.0,-0.7,-0.7,0.7,-0.5,-16.4,-16.4,0.0,-16,3
TM,ADCS_MODE,MANUAL,ADCS_REFERENCE,SUN,TARGET,0.00,POINTING_ERROR,-29.42,SUN_ERROR,-29.40,MAG_ERROR,-131.92,GYRO_Z,-0.193,RW_CMD,0
TM,EST_RAW,29.40,EST_FILTERED,29.40,EST_ANGLE,-330.58,EST_FILTER,ON,EST_FILTER_TYPE,MOVING_AVERAGE,EST_MA_WINDOW,1,EST_FILTER_STRENGTH,0.35
TM,EST_FUSION,ON,EST_GYRO_WEIGHT,0.98,EST_VALID,1
TM,TEAM_CR,472,883006,0.0,-0.8,-0.7,0.7,-0.2,-16.4,-16.4,0.0,-16,3
TM,TEAM_CR,473,883046,0.0,-0.6,-0.7,0.7,0.8,-16.4,-16.4,0.0,-16,3
TM,SUN_L,3632,SUN_R,3305,SUN_NDV,0.0471,SUN_ANGLE,29.31
TM,MAG_X,-19.01,MAG_Y,21.17,MAG_Z,-10.51,MAG_HEADING,131.92
TM,GYRO_X,-1.181,GYRO_Y,-2.170,GYRO_Z,-0.000,BODY_RATE,0.000
TM,TEAM_CR,474,883086,0.0,-0.6,-0.6,0.6,0.9,-16.4,-16.4,0.0,-16,3
TM,TEAM_CR,475,883126,0.0,-0.7,-0.6,0.6,0.5,-16.4,-16.4,0.0,-16,3
TM,TEAM_CR,476,883172,0.0,-0.6,-0.6,0.6,-0.4,-16.4,-16.4,0.0,-16,3
TM,TEAM_CR,477,883212,0.0,-0.6,-0.6,0.6,-0.4,-16.4,-16.4,0.0,-16,3
TM,TEAM_CR,478,883252,0.0,-0.8,-0.6,0.6,0.3,-16.4,-16.4,0.0,-16,3
TM,TEAM_CR,479,883306,0.0,-0.7,-0.6,0.6,1.3,-16.4,-16.4,0.0,-16,3
TM,TEAM_CR,480,883346,0.0,-0.5,-0.5,0.5,0.4,-16.4,-16.4,0.0,-16,3
TM,TEAM_CR,481,883386,0.0,-0.6,-0.6,0.6,-0.5,-16.4,-16.4,0.0,-16,3
TM,TEAM_CR,482,883426,0.0,-0.7,-0.6,0.6,-0.6,-16.4,-16.4,0.0,-16,3
TM,TEAM_CR,483,883466,0.0,-0.5,-0.6,0.6,-0.2,-16.4,-16.4,0.0,-16,3
TM,TEAM_CR,484,883506,0.0,-0.5,-0.5,0.5,1.1,-16.4,-16.4,0.0,-16,3
TM,TEAM_CR,485,883546,0.0,-0.4,-0.5,0.5,0.6,-16.4,-16.4,0.0,-16,3
TM,TEAM_CR,486,883586,0.0,-0.6,-0.5,0.5,-0.2,-16.4,-16.4,0.0,-16,3
TM,TEAM_CR,487,883626,0.0,-0.5,-0.5,0.5,-0.2,-16.4,-16.4,0.0,-16,3
TM,TEAM_CR,488,883673,0.0,-0.5,-0.5,0.5,-0.3,-16.4,-16.4,0.0,-16,3
TM,TEAM_CR,489,883726,0.0,-0.6,-0.5,0.5,1.0,-16.4,-16.4,0.0,-16,3
TM,TEAM_CR,490,883766,0.0,-0.5,-0.5,0.5,0.4,-16.4,-16.4,0.0,-16,3
TM,TEAM_CR,491,883806,0.0,-0.4,-0.5,0.5,-0.5,-16.4,-16.4,0.0,-16,3
TM,TEAM_CR,492,883846,0.0,-0.5,-0.5,0.5,-0.3,-16.4,-16.4,0.0,-16,3
TM,SUN_L,3630,SUN_R,3306,SUN_NDV,0.0467,SUN_ANGLE,29.28
TM,MAG_X,-19.04,MAG_Y,21.12,MAG_Z,-10.70,MAG_HEADING,132.04
TM,GYRO_X,-1.059,GYRO_Y,-2.179,GYRO_Z,-0.062,BODY_RATE,0.062
TM,TEAM_CR,493,883886,0.0,-0.6,-0.5,0.5,0.1,-16.4,-16.4,0.0,-16,3
TM,ADCS_MODE,MANUAL,ADCS_REFERENCE,SUN,TARGET,0.00,POINTING_ERROR,-29.42,SUN_ERROR,-29.50,MAG_ERROR,-132.04,GYRO_Z,-0.018,RW_CMD,0
TM,EST_RAW,29.50,EST_FILTERED,29.50,EST_ANGLE,-330.58,EST_FILTER,ON,EST_FILTER_TYPE,MOVING_AVERAGE,EST_MA_WINDOW,1,EST_FILTER_STRENGTH,0.35
TM,EST_FUSION,ON,EST_GYRO_WEIGHT,0.98,EST_VALID,1
TM,TEAM_CR,494,883926,0.0,-0.5,-0.5,0.5,0.7,-16.4,-16.4,0.0,-16,3
TM,TEAM_CR,495,883966,0.0,-0.5,-0.4,0.4,0.7,-16.4,-16.4,0.0,-16,3
TM,TEAM_CR,496,884006,0.0,-0.4,-0.4,0.4,-0.3,-16.4,-16.4,0.0,-16,3
TM,TEAM_CR,497,884046,0.0,-0.4,-0.4,0.4,-0.6,-16.4,-16.4,0.0,-16,3
TM,TEAM_CR,498,884086,0.0,-0.5,-0.5,0.5,-0.3,-16.4,-16.4,0.0,-16,3
TM,TEAM_CR,499,884127,0.0,-0.7,-0.4,0.4,0.8,-16.4,-16.4,0.0,-16,3
TM,TEAM_CR,500,884173,0.0,-0.5,-0.4,0.4,1.1,-16.4,-16.4,0.0,-16,3
TM,TEAM_CR,501,884213,0.0,-0.3,-0.4,0.4,-0.1,-16.4,-16.4,0.0,-16,3
TM,TEAM_CR,502,884254,0.0,-0.5,-0.4,0.4,-0.3,-16.4,-16.4,0.0,-16,3
TM,TEAM_CR,503,884306,0.0,-0.5,-0.4,0.4,-0.1,-16.4,-16.4,0.0,-16,3
TM,TEAM_CR,504,884346,0.0,-0.4,-0.4,0.4,1.0,-16.4,-16.4,0.0,-16,3
TM,TEAM_CR,505,884386,0.0,-0.5,-0.4,0.4,0.6,-16.4,-16.4,0.0,-16,3
TM,TEAM_CR,506,884426,0.0,-0.2,-0.4,0.4,-0.1,-16.4,-16.4,0.0,-16,3
TM,TEAM_CR,507,884466,0.0,-0.4,-0.4,0.4,-0.3,-16.4,-16.4,0.0,-16,3
TM,TEAM_CR,508,884506,0.0,-0.4,-0.4,0.4,-0.4,-16.4,-16.4,0.0,-16,3
TM,TEAM_CR,509,884546,0.0,-0.3,-0.4,0.4,0.6,-16.4,-16.4,0.0,-16,3
TM,TEAM_CR,510,884586,0.0,-0.4,-0.3,0.3,0.7,-16.4,-16.4,0.0,-16,3
TM,SUN_L,3634,SUN_R,3306,SUN_NDV,0.0473,SUN_ANGLE,29.52
TM,MAG_X,-19.02,MAG_Y,21.28,MAG_Z,-10.62,MAG_HEADING,131.80
TM,GYRO_X,-0.962,GYRO_Y,-2.013,GYRO_Z,-0.079,BODY_RATE,0.079
TM,TEAM_CR,511,884626,0.0,-0.4,-0.3,0.3,-0.1,-16.4,-16.4,0.0,-16,3
TM,TEAM_CR,512,884674,0.0,-0.3,-0.3,0.3,-0.6,-16.4,-16.4,0.0,-16,3
TM,TEAM_CR,513,884726,0.0,-0.2,-0.3,0.3,0.1,-16.4,-16.4,0.0,-16,3
TM,TEAM_CR,514,884766,0.0,-0.4,-0.3,0.3,0.8,-16.4,-16.4,0.0,-16,3
TM,TEAM_CR,515,884806,0.0,-0.4,-0.3,0.3,0.5,-16.4,-16.4,0.0,-16,3
TM,TEAM_CR,516,884846,0.0,-0.1,-0.3,0.3,-0.2,-16.4,-16.4,0.0,-16,3
TM,ADCS_MODE,MANUAL,ADCS_REFERENCE,SUN,TARGET,0.00,POINTING_ERROR,-29.41,SUN_ERROR,-29.35,MAG_ERROR,-131.80,GYRO_Z,-0.114,RW_CMD,0
TM,EST_RAW,29.35,EST_FILTERED,29.35,EST_ANGLE,-330.59,EST_FILTER,ON,EST_FILTER_TYPE,MOVING_AVERAGE,EST_MA_WINDOW,1,EST_FILTER_STRENGTH,0.35
TM,EST_FUSION,ON,EST_GYRO_WEIGHT,0.98,EST_VALID,1
TM,TEAM_CR,517,884886,0.0,-0.5,-0.3,0.3,-0.7,-16.4,-16.4,0.0,-16,3
TM,TEAM_CR,518,884926,0.0,-0.5,-0.3,0.3,-0.1,-16.4,-16.4,0.0,-16,3
TM,TEAM_CR,519,884966,0.0,-0.5,-0.3,0.3,0.4,-16.4,-16.4,0.0,-16,3
TM,TEAM_CR,520,885006,0.0,-0.3,-0.3,0.3,0.6,-16.4,-16.4,0.0,-16,3
TM,TEAM_CR,521,885046,0.0,-0.2,-0.3,0.3,-0.4,-16.4,-16.4,0.0,-16,3
TM,TEAM_CR,522,885086,0.0,-0.4,-0.3,0.3,-0.3,-16.4,-16.4,0.0,-16,3
TM,TEAM_CR,523,885127,0.0,-0.3,-0.3,0.3,-0.4,-16.4,-16.4,0.0,-16,3
TM,TEAM_CR,524,885172,0.0,-0.4,-0.3,0.3,0.7,-16.4,-16.4,0.0,-16,3
TM,TEAM_CR,525,885212,0.0,-0.3,-0.3,0.3,0.8,-16.4,-16.4,0.0,-16,3
TM,TEAM_CR,526,885252,0.0,-0.2,-0.3,0.3,-0.6,-16.4,-16.4,0.0,-16,3
TM,TEAM_CR,527,885306,0.0,-0.2,-0.3,0.3,-0.6,-16.4,-16.4,0.0,-16,3
TM,TEAM_CR,528,885346,0.0,-0.3,-0.3,0.3,0.2,-16.4,-16.4,0.0,-16,3
TM,SUN_L,3631,SUN_R,3307,SUN_NDV,0.0467,SUN_ANGLE,29.38
TM,MAG_X,-19.06,MAG_Y,21.26,MAG_Z,-10.75,MAG_HEADING,131.87
TM,GYRO_X,-0.892,GYRO_Y,-2.301,GYRO_Z,-0.132,BODY_RATE,0.132
TM,TEAM_CR,529,885387,0.0,-0.3,-0.3,0.3,0.9,-16.4,-16.4,0.0,-16,3
TM,TEAM_CR,530,885426,0.0,-0.3,-0.3,0.3,0.1,-16.4,-16.4,0.0,-16,3
TM,TEAM_CR,531,885466,0.0,-0.4,-0.3,0.3,-0.2,-16.4,-16.4,0.0,-16,3
TM,TEAM_CR,532,885506,0.0,-0.3,-0.3,0.3,-0.5,-16.4,-16.4,0.0,-16,3
TM,TEAM_CR,533,885546,0.0,-0.2,-0.3,0.3,-0.2,-16.4,-16.4,0.0,-16,3
TM,TEAM_CR,534,885586,0.0,-0.3,-0.3,0.3,0.6,-16.4,-16.4,0.0,-16,3
TM,TEAM_CR,535,885626,0.0,-0.4,-0.2,0.2,0.4,-16.4,-16.4,0.0,-16,3
TM,TEAM_CR,536,885672,0.0,-0.5,-0.3,0.3,-0.8,-16.4,-16.4,0.0,-16,3
TM,TEAM_CR,537,885725,0.0,-0.2,-0.3,0.3,-0.6,-16.4,-16.4,0.0,-16,3
TM,TEAM_CR,538,885765,0.0,-0.3,-0.3,0.3,0.7,-16.4,-16.4,0.0,-16,3
TM,TEAM_CR,539,885805,0.0,-0.3,-0.3,0.3,0.9,-16.4,-16.4,0.0,-16,3
TM,ADCS_MODE,MANUAL,ADCS_REFERENCE,SUN,TARGET,0.00,POINTING_ERROR,-29.41,SUN_ERROR,-29.43,MAG_ERROR,-132.04,GYRO_Z,0.052,RW_CMD,0
TM,EST_RAW,29.43,EST_FILTERED,29.43,EST_ANGLE,-330.59,EST_FILTER,ON,EST_FILTER_TYPE,MOVING_AVERAGE,EST_MA_WINDOW,1,EST_FILTER_STRENGTH,0.35
TM,EST_FUSION,ON,EST_GYRO_WEIGHT,0.98,EST_VALID,1
TM,TEAM_CR,540,885845,0.0,-0.5,-0.3,0.3,0.0,-16.4,-16.4,0.0,-16,3
TM,TEAM_CR,541,885885,0.0,-0.5,-0.3,0.3,-0.5,-16.4,-16.4,0.0,-16,3
TM,TEAM_CR,542,885926,0.0,-0.3,-0.3,0.3,-0.4,-16.4,-16.4,0.0,-16,3
TM,TEAM_CR,543,885966,0.0,-0.3,-0.3,0.3,0.6,-16.4,-16.4,0.0,-16,3
TM,TEAM_CR,544,886006,0.0,-0.4,-0.3,0.3,0.8,-16.4,-16.4,0.0,-16,3
TM,TEAM_CR,545,886046,0.0,-0.2,-0.2,0.2,0.3,-16.4,-16.4,0.0,-16,3
TM,TEAM_CR,546,886086,0.0,-0.2,-0.3,0.3,-0.1,-16.4,-16.4,0.0,-16,3
TM,SUN_L,3632,SUN_R,3307,SUN_NDV,0.0468,SUN_ANGLE,29.50
TM,MAG_X,-19.07,MAG_Y,21.15,MAG_Z,-10.62,MAG_HEADING,132.04
TM,GYRO_X,-1.129,GYRO_Y,-2.082,GYRO_Z,-0.053,BODY_RATE,0.053
TM,TEAM_CR,547,886126,0.0,-0.4,-0.3,0.3,-0.4,-16.4,-16.4,0.0,-16,3
TM,TEAM_CR,548,886172,0.0,-0.3,-0.3,0.3,0.4,-16.4,-16.4,0.0,-16,3
TM,TEAM_CR,549,886212,0.0,-0.4,-0.3,0.3,1.0,-16.4,-16.4,0.0,-16,3
TM,TEAM_CR,550,886252,0.0,-0.3,-0.2,0.2,-0.1,-16.4,-16.4,0.0,-16,3
TM,TEAM_CR,551,886307,0.0,-0.4,-0.3,0.3,-0.4,-16.4,-16.4,0.0,-16,3
TM,TEAM_CR,552,886346,0.0,-0.5,-0.3,0.3,-0.2,-16.4,-16.4,0.0,-16,3
TM,TEAM_CR,553,886386,0.0,-0.3,-0.3,0.3,0.4,-16.4,-16.4,0.0,-16,3
TM,TEAM_CR,554,886426,0.0,-0.4,-0.2,0.2,0.7,-16.4,-16.4,0.0,-16,3
TM,TEAM_CR,555,886466,0.0,-0.3,-0.2,0.2,-0.4,-16.4,-16.4,0.0,-16,3
TM,TEAM_CR,556,886506,0.0,-0.5,-0.3,0.3,-0.5,-16.4,-16.4,0.0,-16,3
TM,TEAM_CR,557,886546,0.0,-0.3,-0.3,0.3,-0.1,-16.4,-16.4,0.0,-16,3
TM,TEAM_CR,558,886586,0.0,-0.4,-0.3,0.3,0.8,-16.4,-16.4,0.0,-16,3
TM,TEAM_CR,559,886626,0.0,-0.1,-0.2,0.2,0.5,-16.4,-16.4,0.0,-16,3
TM,TEAM_CR,560,886673,0.0,-0.4,-0.2,0.2,-0.4,-16.4,-16.4,0.0,-16,3
TM,TEAM_CR,561,886726,0.0,-0.2,-0.3,0.3,-0.4,-16.4,-16.4,0.0,-16,3
TM,TEAM_CR,562,886766,0.0,-0.3,-0.3,0.3,0.5,-16.4,-16.4,0.0,-16,3
TM,ADCS_MODE,MANUAL,ADCS_REFERENCE,SUN,TARGET,0.00,POINTING_ERROR,-29.42,SUN_ERROR,-29.41,MAG_ERROR,-131.61,GYRO_Z,-0.035,RW_CMD,0
TM,EST_RAW,29.41,EST_FILTERED,29.41,EST_ANGLE,-330.58,EST_FILTER,ON,EST_FILTER_TYPE,MOVING_AVERAGE,EST_MA_WINDOW,1,EST_FILTER_STRENGTH,0.35
TM,EST_FUSION,ON,EST_GYRO_WEIGHT,0.98,EST_VALID,1
TM,TEAM_CR,563,886806,0.0,-0.3,-0.2,0.2,0.9,-16.4,-16.4,0.0,-16,3
TM,TEAM_CR,564,886846,0.0,-0.3,-0.2,0.2,0.0,-16.4,-16.4,0.0,-16,3
TM,SUN_L,3630,SUN_R,3305,SUN_NDV,0.0469,SUN_ANGLE,29.47
TM,MAG_X,-18.91,MAG_Y,21.30,MAG_Z,-10.88,MAG_HEADING,131.61
TM,GYRO_X,-1.234,GYRO_Y,-2.328,GYRO_Z,-0.079,BODY_RATE,0.079
TM,TEAM_CR,565,886886,0.0,-0.4,-0.3,0.3,-0.5,-16.4,-16.4,0.0,-16,3
TM,TEAM_CR,566,886926,0.0,-0.2,-0.3,0.3,-0.5,-16.4,-16.4,0.0,-16,3
TM,TEAM_CR,567,886966,0.0,-0.4,-0.3,0.3,0.8,-16.4,-16.4,0.0,-16,3
TM,TEAM_CR,568,887006,0.0,-0.2,-0.2,0.2,1.0,-16.4,-16.4,0.0,-16,3
TM,TEAM_CR,569,887046,0.0,-0.5,-0.2,0.2,0.2,-16.4,-16.4,0.0,-16,3
TM,TEAM_CR,570,887086,0.0,-0.4,-0.3,0.3,-0.3,-16.4,-16.4,0.0,-16,3
TM,TEAM_CR,571,887127,0.0,-0.4,-0.3,0.3,-0.4,-16.4,-16.4,0.0,-16,3
TM,TEAM_CR,572,887173,0.0,-0.3,-0.3,0.3,0.6,-16.4,-16.4,0.0,-16,3
TM,TEAM_CR,573,887213,0.0,-0.4,-0.2,0.2,0.3,-16.4,-16.4,0.0,-16,3
TM,TEAM_CR,574,887254,0.0,-0.4,-0.3,0.3,-0.2,-16.4,-16.4,0.0,-16,3
TM,TEAM_CR,575,887306,0.0,-0.3,-0.3,0.3,-0.3,-16.4,-16.4,0.0,-16,3
TM,TEAM_CR,576,887346,0.0,-0.3,-0.3,0.3,0.3,-16.4,-16.4,0.0,-16,3
TM,TEAM_CR,577,887386,0.0,-0.2,-0.2,0.2,1.1,-16.4,-16.4,0.0,-16,3
TM,TEAM_CR,578,887426,0.0,-0.3,-0.2,0.2,0.2,-16.4,-16.4,0.0,-16,3
TM,TEAM_CR,579,887466,0.0,-0.3,-0.2,0.2,-0.3,-16.4,-16.4,0.0,-16,3
TM,TEAM_CR,580,887506,0.0,-0.3,-0.3,0.3,-0.7,-16.4,-16.4,0.0,-16,3
TM,TEAM_CR,581,887546,0.0,-0.2,-0.2,0.2,0.8,-16.4,-16.4,0.0,-16,3
TM,TEAM_CR,582,887586,0.0,-0.3,-0.2,0.2,0.7,-16.4,-16.4,0.0,-16,3
TM,TEAM_CR,583,887626,0.0,-0.4,-0.2,0.2,-0.1,-16.4,-16.4,0.0,-16,3
TM,SUN_L,3632,SUN_R,3306,SUN_NDV,0.0470,SUN_ANGLE,29.42
TM,MAG_X,-19.10,MAG_Y,21.25,MAG_Z,-10.70,MAG_HEADING,131.96
TM,GYRO_X,-1.067,GYRO_Y,-2.310,GYRO_Z,0.061,BODY_RATE,-0.061
TM,TEAM_CR,584,887674,0.0,-0.4,-0.3,0.3,-0.6,-16.4,-16.4,0.0,-16,3
TM,ADCS_MODE,MANUAL,ADCS_REFERENCE,SUN,TARGET,0.00,POINTING_ERROR,-29.43,SUN_ERROR,-29.44,MAG_ERROR,-131.96,GYRO_Z,0.122,RW_CMD,0
TM,EST_RAW,29.44,EST_FILTERED,29.44,EST_ANGLE,-330.57,EST_FILTER,ON,EST_FILTER_TYPE,MOVING_AVERAGE,EST_MA_WINDOW,1,EST_FILTER_STRENGTH,0.35
TM,EST_FUSION,ON,EST_GYRO_WEIGHT,0.98,EST_VALID,1
TM,TEAM_CR,585,887726,0.0,-0.3,-0.3,0.3,-0.3,-16.4,-16.4,0.0,-16,3
TM,TEAM_CR,586,887766,0.0,-0.3,-0.3,0.3,0.6,-16.4,-16.4,0.0,-16,3
TM,TEAM_CR,587,887806,0.0,-0.3,-0.2,0.2,0.4,-16.4,-16.4,0.0,-16,3
TM,TEAM_CR,588,887846,0.0,-0.3,-0.3,0.3,-0.6,-16.4,-16.4,0.0,-16,3
TM,TEAM_CR,589,887886,0.0,-0.1,-0.3,0.3,-0.4,-16.4,-16.4,0.0,-16,3
TM,TEAM_CR,590,887926,0.0,-0.3,-0.3,0.3,-0.1,-16.4,-16.4,0.0,-16,3
TM,TEAM_CR,591,887967,0.0,-0.1,-0.3,0.3,0.5,-16.4,-16.4,0.0,-16,3
TM,TEAM_CR,592,888006,0.0,-0.3,-0.2,0.2,0.1,-16.4,-16.4,0.0,-16,3
TM,TEAM_CR,593,888046,0.0,-0.2,-0.3,0.3,-0.6,-16.4,-16.4,0.0,-16,3
TM,TEAM_CR,594,888086,0.0,-0.2,-0.3,0.3,-0.4,-16.4,-16.4,0.0,-16,3
TM,TEAM_CR,595,888127,0.0,-0.2,-0.3,0.3,0.9,-16.4,-16.4,0.0,-16,3
TM,TEAM_CR,596,888172,0.0,-0.2,-0.2,0.2,0.6,-16.4,-16.4,0.0,-16,3
TM,TEAM_CR,597,888212,0.0,0.0,-0.2,0.2,0.1,-16.4,-16.4,0.0,-16,3
TM,TEAM_CR,598,888252,0.0,-0.4,-0.2,0.2,-0.2,-16.4,-16.4,0.0,-16,3
TM,TEAM_CR,599,888306,0.0,-0.1,-0.3,0.3,-0.1,-16.4,-16.4,0.0,-16,3
TM,TEAM_CR,600,888346,0.0,-0.4,-0.2,0.2,0.6,-16.4,-16.4,0.0,-16,3
TM,TEAM_CR,601,888387,0.0,-0.3,-0.2,0.2,0.7,-16.4,-16.4,0.0,-16,3
TM,SUN_L,3631,SUN_R,3306,SUN_NDV,0.0469,SUN_ANGLE,29.35
TM,MAG_X,-19.07,MAG_Y,21.22,MAG_Z,-10.66,MAG_HEADING,131.95
TM,GYRO_X,-0.831,GYRO_Y,-2.275,GYRO_Z,-0.254,BODY_RATE,0.254
TM,TEAM_CR,602,888426,0.0,-0.3,-0.2,0.2,-0.2,-16.4,-16.4,0.0,-16,3
TM,TEAM_CR,603,888466,0.0,-0.5,-0.2,0.2,-0.5,-16.4,-16.4,0.0,-16,3
TM,TEAM_CR,604,888506,0.0,-0.3,-0.3,0.3,0.0,-16.4,-16.4,0.0,-16,3
TM,TEAM_CR,605,888546,0.0,-0.2,-0.2,0.2,0.6,-16.4,-16.4,0.0,-16,3
TM,TEAM_CR,606,888586,0.0,-0.3,-0.2,0.2,-0.1,-16.4,-16.4,0.0,-16,3
TM,TEAM_CR,607,888626,0.0,-0.4,-0.2,0.2,-0.1,-16.4,-16.4,0.0,-16,3
TM,ADCS_MODE,MANUAL,ADCS_REFERENCE,SUN,TARGET,0.00,POINTING_ERROR,-29.40,SUN_ERROR,-29.33,MAG_ERROR,-131.95,GYRO_Z,-0.132,RW_CMD,0
TM,EST_RAW,29.33,EST_FILTERED,29.33,EST_ANGLE,-330.60,EST_FILTER,ON,EST_FILTER_TYPE,MOVING_AVERAGE,EST_MA_WINDOW,1,EST_FILTER_STRENGTH,0.35
TM,EST_FUSION,ON,EST_GYRO_WEIGHT,0.98,EST_VALID,1
TM,TEAM_CR,608,888672,0.0,-0.3,-0.3,0.3,-0.4,-16.4,-16.4,0.0,-16,3
TM,TEAM_CR,609,888725,0.0,0.0,-0.2,0.2,0.5,-16.4,-16.4,0.0,-16,3
TM,TEAM_CR,610,888765,0.0,-0.3,-0.2,0.2,0.6,-16.4,-16.4,0.0,-16,3
TM,TEAM_CR,611,888805,0.0,-0.2,-0.2,0.2,-0.2,-16.4,-16.4,0.0,-16,3
TM,TEAM_CR,612,888845,0.0,-0.3,-0.2,0.2,-0.4,-16.4,-16.4,0.0,-16,3
TM,TEAM_CR,613,888885,0.0,-0.3,-0.2,0.2,0.2,-16.4,-16.4,0.0,-16,3
TM,TEAM_CR,614,888926,0.0,-0.3,-0.2,0.2,0.7,-16.4,-16.4,0.0,-16,3
TM,TEAM_CR,615,888966,0.0,-0.3,-0.2,0.2,0.0,-16.4,-16.4,0.0,-16,3
TM,TEAM_CR,616,889006,0.0,-0.3,-0.2,0.2,-0.4,-16.4,-16.4,0.0,-16,3
TM,TEAM_CR,617,889046,0.0,-0.3,-0.2,0.2,-0.7,-16.4,-16.4,0.0,-16,3
TM,TEAM_CR,618,889086,0.0,-0.3,-0.2,0.2,0.6,-16.4,-16.4,0.0,-16,3
TM,TEAM_CR,619,889126,0.0,-0.5,-0.2,0.2,0.6,-16.4,-16.4,0.0,-16,3
TM,SUN_L,3634,SUN_R,3307,SUN_NDV,0.0471,SUN_ANGLE,29.47
TM,MAG_X,-19.09,MAG_Y,21.25,MAG_Z,-10.45,MAG_HEADING,131.93
TM,GYRO_X,-1.050,GYRO_Y,-2.188,GYRO_Z,-0.097,BODY_RATE,0.097
TM,TEAM_CR,620,889172,0.0,-0.4,-0.2,0.2,-0.1,-16.4,-16.4,0.0,-16,3
TM,TEAM_CR,621,889212,0.0,-0.2,-0.2,0.2,-0.7,-16.4,-16.4,0.0,-16,3
TM,TEAM_CR,622,889252,0.0,-0.3,-0.3,0.3,-0.2,-16.4,-16.4,0.0,-16,3
TM,TEAM_CR,623,889306,0.0,-0.4,-0.2,0.2,0.7,-16.4,-16.4,0.0,-16,3
TM,TEAM_CR,624,889346,0.0,-0.1,-0.2,0.2,0.4,-16.4,-16.4,0.0,-16,3
TM,TEAM_CR,625,889386,0.0,-0.3,-0.2,0.2,-0.2,-16.4,-16.4,0.0,-16,3
TM,TEAM_CR,626,889426,0.0,-0.4,-0.3,0.3,-0.3,-16.4,-16.4,0.0,-16,3
TM,TEAM_CR,627,889466,0.0,-0.2,-0.3,0.3,0.3,-16.4,-16.4,0.0,-16,3
TM,TEAM_CR,628,889506,0.0,-0.3,-0.2,0.2,0.7,-16.4,-16.4,0.0,-16,3
TM,TEAM_CR,629,889546,0.0,-0.3,-0.2,0.2,0.1,-16.4,-16.4,0.0,-16,3
TM,TEAM_CR,630,889586,0.0,-0.3,-0.2,0.2,-0.2,-16.4,-16.4,0.0,-16,3
TM,ADCS_MODE,MANUAL,ADCS_REFERENCE,SUN,TARGET,0.00,POINTING_ERROR,-29.38,SUN_ERROR,-29.40,MAG_ERROR,-131.80,GYRO_Z,0.218,RW_CMD,0
TM,EST_RAW,29.40,EST_FILTERED,29.40,EST_ANGLE,-330.62,EST_FILTER,ON,EST_FILTER_TYPE,MOVING_AVERAGE,EST_MA_WINDOW,1,EST_FILTER_STRENGTH,0.35
TM,EST_FUSION,ON,EST_GYRO_WEIGHT,0.98,EST_VALID,1
TM,TEAM_CR,631,889626,0.0,-0.3,-0.3,0.3,-0.3,-16.4,-16.4,0.0,-16,3
TM,TEAM_CR,632,889673,0.0,-0.4,-0.3,0.3,0.5,-16.4,-16.4,0.0,-16,3
TM,TEAM_CR,633,889726,0.0,-0.3,-0.2,0.2,0.1,-16.4,-16.4,0.0,-16,3
TM,TEAM_CR,634,889766,0.0,-0.2,-0.2,0.2,-0.3,-16.4,-16.4,0.0,-16,3
TM,TEAM_CR,635,889806,0.0,-0.3,-0.3,0.3,-0.4,-16.4,-16.4,0.0,-16,3
TM,TEAM_CR,636,889846,0.0,-0.2,-0.3,0.3,0.7,-16.4,-16.4,0.0,-16,3
TM,TEAM_CR,637,889886,0.0,-0.5,-0.2,0.2,0.5,-16.4,-16.4,0.0,-16,3
TM,SUN_L,3630,SUN_R,3306,SUN_NDV,0.0467,SUN_ANGLE,29.30
TM,MAG_X,-19.06,MAG_Y,21.31,MAG_Z,-10.64,MAG_HEADING,131.80
TM,GYRO_X,-1.120,GYRO_Y,-2.161,GYRO_Z,0.026,BODY_RATE,-0.026
TM,TEAM_CR,638,889926,0.0,-0.1,-0.2,0.2,0.0,-16.4,-16.4,0.0,-16,3
TM,TEAM_CR,639,889966,0.0,-0.4,-0.3,0.3,-0.4,-16.4,-16.4,0.0,-16,3
TM,TEAM_CR,640,890006,0.0,-0.4,-0.3,0.3,-0.1,-16.4,-16.4,0.0,-16,3
TM,TEAM_CR,641,890046,0.0,-0.3,-0.3,0.3,0.7,-16.4,-16.4,0.0,-16,3
TM,TEAM_CR,642,890086,0.0,-0.3,-0.2,0.2,0.5,-16.4,-16.4,0.0,-16,3
TM,TEAM_CR,643,890127,0.0,-0.4,-0.2,0.2,-0.4,-16.4,-16.4,0.0,-16,3
TM,TEAM_CR,644,890173,0.0,-0.1,-0.3,0.3,-0.5,-16.4,-16.4,0.0,-16,3
TM,TEAM_CR,645,890213,0.0,-0.4,-0.3,0.3,0.5,-16.4,-16.4,0.0,-16,3
TM,TEAM_CR,646,890254,0.0,-0.3,-0.2,0.2,0.6,-16.4,-16.4,0.0,-16,3
TM,TEAM_CR,647,890306,0.0,-0.3,-0.2,0.2,-0.2,-16.4,-16.4,0.0,-16,3
TM,TEAM_CR,648,890346,0.0,-0.4,-0.3,0.3,-0.6,-16.4,-16.4,0.0,-16,3
TM,TEAM_CR,649,890386,0.0,-0.3,-0.3,0.3,-0.4,-16.4,-16.4,0.0,-16,3
TM,TEAM_CR,650,890426,0.0,-0.4,-0.3,0.3,0.8,-16.4,-16.4,0.0,-16,3
TM,TEAM_CR,651,890466,0.0,0.0,-0.2,0.2,-0.1,-16.4,-16.4,0.0,-16,3
TM,TEAM_CR,652,890506,0.0,-0.3,-0.3,0.3,-0.1,-16.4,-16.4,0.0,-16,3
TM,TEAM_CR,653,890546,0.0,-0.3,-0.3,0.3,-0.4,-16.4,-16.4,0.0,-16,3
TM,ADCS_MODE,MANUAL,ADCS_REFERENCE,SUN,TARGET,0.00,POINTING_ERROR,-29.39,SUN_ERROR,-29.25,MAG_ERROR,-131.75,GYRO_Z,-0.097,RW_CMD,0
TM,EST_RAW,29.25,EST_FILTERED,29.25,EST_ANGLE,-330.61,EST_FILTER,ON,EST_FILTER_TYPE,MOVING_AVERAGE,EST_MA_WINDOW,1,EST_FILTER_STRENGTH,0.35
TM,EST_FUSION,ON,EST_GYRO_WEIGHT,0.98,EST_VALID,1
TM,TEAM_CR,654,890586,0.0,-0.1,-0.3,0.3,0.5,-16.4,-16.4,0.0,-16,3
TM,TEAM_CR,655,890626,0.0,-0.3,-0.2,0.2,0.5,-16.4,-16.4,0.0,-16,3
TM,SUN_L,3633,SUN_R,3306,SUN_NDV,0.0471,SUN_ANGLE,29.42
TM,MAG_X,-19.01,MAG_Y,21.30,MAG_Z,-10.72,MAG_HEADING,131.75
TM,GYRO_X,-1.006,GYRO_Y,-2.144,GYRO_Z,0.122,BODY_RATE,-0.122
TM,TEAM_CR,656,890674,0.0,-0.2,-0.2,0.2,-0.2,-16.4,-16.4,0.0,-16,3
TM,TEAM_CR,657,890726,0.0,-0.2,-0.3,0.3,-0.6,-16.4,-16.4,0.0,-16,3
TM,TEAM_CR,658,890766,0.0,-0.2,-0.3,0.3,0.6,-16.4,-16.4,0.0,-16,3
TM,TEAM_CR,659,890806,0.0,-0.2,-0.2,0.2,0.7,-16.4,-16.4,0.0,-16,3
TM,TEAM_CR,660,890846,0.0,-0.3,-0.2,0.2,0.0,-16.4,-16.4,0.0,-16,3
TM,TEAM_CR,661,890886,0.0,-0.2,-0.2,0.2,-0.4,-16.4,-16.4,0.0,-16,3
TM,TEAM_CR,662,890926,0.0,-0.3,-0.3,0.3,-0.4,-16.4,-16.4,0.0,-16,3
TM,TEAM_CR,663,890966,0.0,-0.4,-0.2,0.2,0.5,-16.4,-16.4,0.0,-16,3
TM,TEAM_CR,664,891006,0.0,-0.3,-0.2,0.2,0.5,-16.4,-16.4,0.0,-16,3
TM,TEAM_CR,665,891046,0.0,-0.3,-0.2,0.2,-0.5,-16.4,-16.4,0.0,-16,3
TM,TEAM_CR,666,891086,0.0,-0.4,-0.3,0.3,-0.6,-16.4,-16.4,0.0,-16,3
TM,TEAM_CR,667,891127,0.0,-0.3,-0.3,0.3,0.0,-16.4,-16.4,0.0,-16,3
TM,TEAM_CR,668,891172,0.0,-0.3,-0.3,0.3,0.5,-16.4,-16.4,0.0,-16,3
TM,TEAM_CR,669,891212,0.0,-0.3,-0.3,0.3,0.0,-16.4,-16.4,0.0,-16,3
TM,TEAM_CR,670,891252,0.0,-0.3,-0.3,0.3,-0.6,-16.4,-16.4,0.0,-16,3
TM,TEAM_CR,671,891306,0.0,-0.3,-0.3,0.3,0.4,-16.4,-16.4,0.0,-16,3
TM,TEAM_CR,672,891346,0.0,-0.3,-0.2,0.2,0.7,-16.4,-16.4,0.0,-16,3
TM,TEAM_CR,673,891387,0.0,-0.1,-0.2,0.2,0.2,-16.4,-16.4,0.0,-16,3
TM,TEAM_CR,674,891426,0.0,-0.5,-0.2,0.2,-0.3,-16.4,-16.4,0.0,-16,3
TM,SUN_L,3635,SUN_R,3306,SUN_NDV,0.0474,SUN_ANGLE,29.44
TM,MAG_X,-19.14,MAG_Y,21.25,MAG_Z,-10.74,MAG_HEADING,132.01
TM,GYRO_X,-0.998,GYRO_Y,-2.249,GYRO_Z,-0.000,BODY_RATE,0.000
TM,TEAM_CR,675,891466,0.0,-0.2,-0.2,0.2,-0.4,-16.4,-16.4,0.0,-16,3
TM,ADCS_MODE,MANUAL,ADCS_REFERENCE,SUN,TARGET,0.00,POINTING_ERROR,-29.39,SUN_ERROR,-29.45,MAG_ERROR,-132.01,GYRO_Z,0.113,RW_CMD,0
TM,EST_RAW,29.45,EST_FILTERED,29.45,EST_ANGLE,-330.61,EST_FILTER,ON,EST_FILTER_TYPE,MOVING_AVERAGE,EST_MA_WINDOW,1,EST_FILTER_STRENGTH,0.35
TM,EST_FUSION,ON,EST_GYRO_WEIGHT,0.98,EST_VALID,1
TM,TEAM_CR,676,891507,0.0,-0.5,-0.3,0.3,0.3,-16.4,-16.4,0.0,-16,3
TM,TEAM_CR,677,891547,0.0,-0.3,-0.2,0.2,0.6,-16.4,-16.4,0.0,-16,3
TM,TEAM_CR,678,891587,0.0,-0.3,-0.2,0.2,0.0,-16.4,-16.4,0.0,-16,3
TM,TEAM_CR,679,891627,0.0,-0.4,-0.2,0.2,-0.6,-16.4,-16.4,0.0,-16,3
TM,TEAM_CR,680,891672,0.0,-0.3,-0.2,0.2,0.5,-16.4,-16.4,0.0,-16,3
TM,TEAM_CR,681,891725,0.0,-0.3,-0.2,0.2,0.5,-16.4,-16.4,0.0,-16,3
TM,TEAM_CR,682,891765,0.0,-0.1,-0.2,0.2,-0.3,-16.4,-16.4,0.0,-16,3
TM,TEAM_CR,683,891805,0.0,-0.3,-0.2,0.2,-0.5,-16.4,-16.4,0.0,-16,3
TM,TEAM_CR,684,891845,0.0,-0.4,-0.2,0.2,0.0,-16.4,-16.4,0.0,-16,3
TM,TEAM_CR,685,891885,0.0,-0.2,-0.2,0.2,0.6,-16.4,-16.4,0.0,-16,3
TM,TEAM_CR,686,891926,0.0,-0.2,-0.2,0.2,0.2,-16.4,-16.4,0.0,-16,3
TM,TEAM_CR,687,891966,0.0,-0.1,-0.2,0.2,-0.4,-16.4,-16.4,0.0,-16,3
TM,TEAM_CR,688,892006,0.0,-0.2,-0.2,0.2,-0.4,-16.4,-16.4,0.0,-16,3
TM,TEAM_CR,689,892046,0.0,-0.2,-0.2,0.2,0.3,-16.4,-16.4,0.0,-16,3
TM,TEAM_CR,690,892086,0.0,-0.3,-0.2,0.2,0.6,-16.4,-16.4,0.0,-16,3
TM,TEAM_CR,691,892126,0.0,-0.2,-0.2,0.2,-0.1,-16.4,-16.4,0.0,-16,3
TM,TEAM_CR,692,892172,0.0,-0.3,-0.2,0.2,-0.5,-16.4,-16.4,0.0,-16,3
TM,SUN_L,3634,SUN_R,3307,SUN_NDV,0.0471,SUN_ANGLE,29.56
TM,MAG_X,-19.14,MAG_Y,21.17,MAG_Z,-10.72,MAG_HEADING,132.11
TM,GYRO_X,-1.199,GYRO_Y,-1.995,GYRO_Z,0.113,BODY_RATE,-0.113
TM,TEAM_CR,693,892212,0.0,-0.1,-0.2,0.2,0.4,-16.4,-16.4,0.0,-16,3
TM,TEAM_CR,694,892252,0.0,-0.4,-0.2,0.2,0.4,-16.4,-16.4,0.0,-16,3
TM,TEAM_CR,695,892306,0.0,-0.2,-0.2,0.2,-0.5,-16.4,-16.4,0.0,-16,3
TM,TEAM_CR,696,892346,0.0,-0.3,-0.2,0.2,-0.4,-16.4,-16.4,0.0,-16,3
TM,TEAM_CR,697,892386,0.0,-0.3,-0.2,0.2,0.5,-16.4,-16.4,0.0,-16,3
TM,TEAM_CR,698,892426,0.0,-0.2,-0.2,0.2,0.9,-16.4,-16.4,0.0,-16,3
TM,ADCS_MODE,MANUAL,ADCS_REFERENCE,SUN,TARGET,0.00,POINTING_ERROR,-29.39,SUN_ERROR,-29.51,MAG_ERROR,-131.98,GYRO_Z,-0.149,RW_CMD,0
TM,EST_RAW,29.51,EST_FILTERED,29.51,EST_ANGLE,-330.61,EST_FILTER,ON,EST_FILTER_TYPE,MOVING_AVERAGE,EST_MA_WINDOW,1,EST_FILTER_STRENGTH,0.35
TM,EST_FUSION,ON,EST_GYRO_WEIGHT,0.98,EST_VALID,1
TM,TEAM_CR,699,892466,0.0,-0.4,-0.2,0.2,0.3,-16.4,-16.4,0.0,-16,3
TM,TEAM_CR,700,892506,0.0,-0.2,-0.2,0.2,-0.2,-16.4,-16.4,0.0,-16,3
TM,TEAM_CR,701,892546,0.0,-0.3,-0.2,0.2,-0.6,-16.4,-16.4,0.0,-16,3
TM,TEAM_CR,702,892586,0.0,-0.1,-0.2,0.2,0.4,-16.4,-16.4,0.0,-16,3
TM,TEAM_CR,703,892626,0.0,0.1,-0.2,0.2,0.5,-16.4,-16.4,0.0,-16,3
TM,TEAM_CR,704,892673,0.0,-0.3,-0.2,0.2,-0.3,-16.4,-16.4,0.0,-16,3
TM,TEAM_CR,705,892726,0.0,-0.3,-0.2,0.2,-0.3,-16.4,-16.4,0.0,-16,3
TM,TEAM_CR,706,892766,0.0,-0.2,-0.2,0.2,0.6,-16.4,-16.4,0.0,-16,3
TM,TEAM_CR,707,892806,0.0,-0.2,-0.2,0.2,0.6,-16.4,-16.4,0.0,-16,3
TM,TEAM_CR,708,892846,0.0,-0.2,-0.2,0.2,-0.3,-16.4,-16.4,0.0,-16,3
TM,TEAM_CR,709,892886,0.0,-0.3,-0.2,0.2,-0.4,-16.4,-16.4,0.0,-16,3
TM,TEAM_CR,710,892926,0.0,-0.3,-0.2,0.2,0.5,-16.4,-16.4,0.0,-16,3
TM,SUN_L,3631,SUN_R,3307,SUN_NDV,0.0467,SUN_ANGLE,29.41
TM,MAG_X,-19.02,MAG_Y,21.26,MAG_Z,-10.78,MAG_HEADING,131.82
TM,GYRO_X,-1.234,GYRO_Y,-2.301,GYRO_Z,-0.105,BODY_RATE,0.105
TM,TEAM_CR,711,892966,0.0,-0.1,-0.2,0.2,0.4,-16.4,-16.4,0.0,-16,3
TM,TEAM_CR,712,893006,0.0,-0.2,-0.2,0.2,0.1,-16.4,-16.4,0.0,-16,3
TM,TEAM_CR,713,893046,0.0,-0.2,-0.2,0.2,-0.4,-16.4,-16.4,0.0,-16,3
TM,TEAM_CR,714,893086,0.0,-0.2,-0.2,0.2,-0.1,-16.4,-16.4,0.0,-16,3
TM,TEAM_CR,715,893127,0.0,-0.1,-0.2,0.2,0.6,-16.4,-16.4,0.0,-16,3
TM,TEAM_CR,716,893173,0.0,-0.2,-0.2,0.2,0.0,-16.4,-16.4,0.0,-16,3
TM,TEAM_CR,717,893213,0.0,-0.1,-0.2,0.2,-0.5,-16.4,-16.4,0.0,-16,3
TM,TEAM_CR,718,893254,0.0,-0.4,-0.2,0.2,-0.4,-16.4,-16.4,0.0,-16,3
TM,TEAM_CR,719,893306,0.0,-0.3,-0.2,0.2,0.4,-16.4,-16.4,0.0,-16,3
TM,TEAM_CR,720,893346,0.0,-0.2,-0.2,0.2,0.3,-16.4,-16.4,0.0,-16,3
TM,TEAM_CR,721,893386,0.0,-0.2,-0.2,0.2,-0.5,-16.4,-16.4,0.0,-16,3
TM,ADCS_MODE,MANUAL,ADCS_REFERENCE,SUN,TARGET,0.00,POINTING_ERROR,-29.42,SUN_ERROR,-29.35,MAG_ERROR,-131.82,GYRO_Z,-0.114,RW_CMD,0
TM,EST_RAW,29.35,EST_FILTERED,29.35,EST_ANGLE,-330.58,EST_FILTER,ON,EST_FILTER_TYPE,MOVING_AVERAGE,EST_MA_WINDOW,1,EST_FILTER_STRENGTH,0.35
TM,EST_FUSION,ON,EST_GYRO_WEIGHT,0.98,EST_VALID,1
TM,TEAM_CR,722,893426,0.0,-0.3,-0.2,0.2,-0.5,-16.4,-16.4,0.0,-16,3
TM,TEAM_CR,723,893466,0.0,-0.3,-0.2,0.2,0.6,-16.4,-16.4,0.0,-16,3
TM,TEAM_CR,724,893506,0.0,-0.2,-0.2,0.2,0.5,-16.4,-16.4,0.0,-16,3
TM,TEAM_CR,725,893546,0.0,-0.2,-0.2,0.2,-0.4,-16.4,-16.4,0.0,-16,3
TM,TEAM_CR,726,893586,0.0,-0.3,-0.2,0.2,-0.1,-16.4,-16.4,0.0,-16,3
TM,TEAM_CR,727,893626,0.0,-0.2,-0.2,0.2,0.7,-16.4,-16.4,0.0,-16,3
TM,TEAM_CR,728,893674,0.0,-0.2,-0.2,0.2,0.6,-16.4,-16.4,0.0,-16,3
TM,SUN_L,3632,SUN_R,3307,SUN_NDV,0.0468,SUN_ANGLE,29.40
TM,MAG_X,-19.12,MAG_Y,21.38,MAG_Z,-10.58,MAG_HEADING,131.81
TM,GYRO_X,-1.190,GYRO_Y,-2.450,GYRO_Z,-0.097,BODY_RATE,0.097
TM,TEAM_CR,729,893726,0.0,-0.4,-0.2,0.2,-0.2,-16.4,-16.4,0.0,-16,3
TM,TEAM_CR,730,893766,0.0,-0.2,-0.2,0.2,-0.5,-16.4,-16.4,0.0,-16,3
TM,TEAM_CR,731,893806,0.0,-0.2,-0.2,0.2,0.3,-16.4,-16.4,0.0,-16,3
TM,TEAM_CR,732,893846,0.0,-0.2,-0.2,0.2,0.4,-16.4,-16.4,0.0,-16,3
TM,TEAM_CR,733,893886,0.0,-0.2,-0.2,0.2,-0.1,-16.4,-16.4,0.0,-16,3
TM,TEAM_CR,734,893926,0.0,-0.1,-0.2,0.2,-0.2,-16.4,-16.4,0.0,-16,3
TM,TEAM_CR,735,893966,0.0,-0.1,-0.2,0.2,-0.2,-16.4,-16.4,0.0,-16,3
TM,TEAM_CR,736,894006,0.0,-0.2,-0.2,0.2,0.5,-16.4,-16.4,0.0,-16,3
TM,TEAM_CR,737,894046,0.0,-0.2,-0.2,0.2,0.1,-16.4,-16.4,0.0,-16,3
TM,TEAM_CR,738,894086,0.0,-0.3,-0.2,0.2,-0.3,-16.4,-16.4,0.0,-16,3
TM,TEAM_CR,739,894126,0.0,-0.2,-0.2,0.2,-0.5,-16.4,-16.4,0.0,-16,3
TM,TEAM_CR,740,894173,0.0,-0.2,-0.2,0.2,0.3,-16.4,-16.4,0.0,-16,3
TM,TEAM_CR,741,894213,0.0,-0.1,-0.2,0.2,0.1,-16.4,-16.4,0.0,-16,3
TM,TEAM_CR,742,894253,0.0,-0.1,-0.2,0.2,-0.3,-16.4,-16.4,0.0,-16,3
TM,TEAM_CR,743,894306,0.0,0.0,-0.2,0.2,-0.4,-16.4,-16.4,0.0,-16,3
TM,TEAM_CR,744,894346,0.0,-0.2,-0.2,0.2,0.4,-16.4,-16.4,0.0,-16,3
TM,ADCS_MODE,MANUAL,ADCS_REFERENCE,SUN,TARGET,0.00,POINTING_ERROR,-29.43,SUN_ERROR,-29.53,MAG_ERROR,-131.53,GYRO_Z,-0.070,RW_CMD,0
TM,EST_RAW,29.53,EST_FILTERED,29.53,EST_ANGLE,-330.57,EST_FILTER,ON,EST_FILTER_TYPE,MOVING_AVERAGE,EST_MA_WINDOW,1,EST_FILTER_STRENGTH,0.35
TM,EST_FUSION,ON,EST_GYRO_WEIGHT,0.98,EST_VALID,1
TM,TEAM_CR,745,894387,0.0,-0.3,-0.2,0.2,0.4,-16.4,-16.4,0.0,-16,3
TM,TEAM_CR,746,894426,0.0,-0.2,-0.2,0.2,-0.3,-16.4,-16.4,0.0,-16,3
TM,TEAM_CR,747,894466,0.0,-0.3,-0.2,0.2,-0.4,-16.4,-16.4,0.0,-16,3
TM,SUN_L,3634,SUN_R,3307,SUN_NDV,0.0471,SUN_ANGLE,29.48
TM,MAG_X,-18.96,MAG_Y,21.41,MAG_Z,-11.12,MAG_HEADING,131.53
TM,GYRO_X,-1.312,GYRO_Y,-2.205,GYRO_Z,-0.035,BODY_RATE,0.035
TM,TEAM_CR,748,894506,0.0,-0.1,-0.2,0.2,0.4,-16.4,-16.4,0.0,-16,3
TM,TEAM_CR,749,894546,0.0,-0.3,-0.2,0.2,0.7,-16.4,-16.4,0.0,-16,3
TM,TEAM_CR,750,894586,0.0,-0.2,-0.2,0.2,-0.1,-16.4,-16.4,0.0,-16,3
TM,TEAM_CR,751,894626,0.0,-0.2,-0.2,0.2,-0.6,-16.4,-16.4,0.0,-16,3
TM,TEAM_CR,752,894672,0.0,-0.2,-0.2,0.2,0.2,-16.4,-16.4,0.0,-16,3
TM,TEAM_CR,753,894725,0.0,-0.2,-0.2,0.2,0.4,-16.4,-16.4,0.0,-16,3
TM,TEAM_CR,754,894765,0.0,-0.2,-0.2,0.2,-0.2,-16.4,-16.4,0.0,-16,3
TM,TEAM_CR,755,894805,0.0,-0.2,-0.2,0.2,-0.6,-16.4,-16.4,0.0,-16,3
TM,TEAM_CR,756,894845,0.0,-0.2,-0.2,0.2,0.3,-16.4,-16.4,0.0,-16,3
TM,TEAM_CR,757,894885,0.0,-0.2,-0.2,0.2,0.6,-16.4,-16.4,0.0,-16,3
TM,TEAM_CR,758,894926,0.0,-0.2,-0.2,0.2,0.0,-16.4,-16.4,0.0,-16,3
TM,TEAM_CR,759,894966,0.0,-0.3,-0.2,0.2,-0.6,-16.4,-16.4,0.0,-16,3
TM,TEAM_CR,760,895006,0.0,-0.3,-0.2,0.2,-0.2,-16.4,-16.4,0.0,-16,3
TM,TEAM_CR,761,895046,0.0,-0.3,-0.2,0.2,0.3,-16.4,-16.4,0.0,-16,3
TM,TEAM_CR,762,895086,0.0,-0.1,-0.2,0.2,0.1,-16.4,-16.4,0.0,-16,3
TM,TEAM_CR,763,895126,0.0,-0.3,-0.2,0.2,-0.1,-16.4,-16.4,0.0,-16,3
TM,TEAM_CR,764,895172,0.0,-0.1,-0.2,0.2,-0.1,-16.4,-16.4,0.0,-16,3
TM,TEAM_CR,765,895212,0.0,-0.4,-0.2,0.2,0.2,-16.4,-16.4,0.0,-16,3
TM,TEAM_CR,766,895252,0.0,-0.2,-0.2,0.2,-0.2,-16.4,-16.4,0.0,-16,3
TM,SUN_L,3633,SUN_R,3306,SUN_NDV,0.0471,SUN_ANGLE,29.26
TM,MAG_X,-19.02,MAG_Y,21.42,MAG_Z,-10.67,MAG_HEADING,131.60
TM,GYRO_X,-1.085,GYRO_Y,-2.336,GYRO_Z,-0.184,BODY_RATE,0.184
TM,TEAM_CR,767,895306,0.0,-0.2,-0.2,0.2,-0.3,-16.4,-16.4,0.0,-16,3
TM,ADCS_MODE,MANUAL,ADCS_REFERENCE,SUN,TARGET,0.00,POINTING_ERROR,-29.43,SUN_ERROR,-29.38,MAG_ERROR,-131.60,GYRO_Z,-0.175,RW_CMD,0
TM,EST_RAW,29.38,EST_FILTERED,29.38,EST_ANGLE,-330.57,EST_FILTER,ON,EST_FILTER_TYPE,MOVING_AVERAGE,EST_MA_WINDOW,1,EST_FILTER_STRENGTH,0.35
TM,EST_FUSION,ON,EST_GYRO_WEIGHT,0.98,EST_VALID,1
TM,TEAM_CR,768,895346,0.0,-0.3,-0.3,0.3,-0.2,-16.4,-16.4,0.0,-16,3
TM,TEAM_CR,769,895386,0.0,-0.3,-0.2,0.2,0.5,-16.4,-16.4,0.0,-16,3
TM,TEAM_CR,770,895426,0.0,-0.2,-0.2,0.2,0.1,-16.4,-16.4,0.0,-16,3
TM,TEAM_CR,771,895466,0.0,-0.3,-0.2,0.2,0.0,-16.4,-16.4,0.0,-16,3
TM,TEAM_CR,772,895506,0.0,-0.2,-0.3,0.3,-0.3,-16.4,-16.4,0.0,-16,3
TM,TEAM_CR,773,895546,0.0,-0.2,-0.2,0.2,0.4,-16.4,-16.4,0.0,-16,3
TM,TEAM_CR,774,895586,0.0,-0.3,-0.2,0.2,0.3,-16.4,-16.4,0.0,-16,3
TM,TEAM_CR,775,895626,0.0,-0.2,-0.2,0.2,-0.2,-16.4,-16.4,0.0,-16,3
TM,TEAM_CR,776,895673,0.0,-0.3,-0.3,0.3,-0.3,-16.4,-16.4,0.0,-16,3
TM,TEAM_CR,777,895726,0.0,-0.1,-0.2,0.2,0.3,-16.4,-16.4,0.0,-16,3
TM,TEAM_CR,778,895766,0.0,-0.3,-0.2,0.2,0.0,-16.4,-16.4,0.0,-16,3
TM,TEAM_CR,779,895806,0.0,-0.2,-0.2,0.2,0.0,-16.4,-16.4,0.0,-16,3
TM,TEAM_CR,780,895846,0.0,-0.2,-0.2,0.2,-0.2,-16.4,-16.4,0.0,-16,3
TM,TEAM_CR,781,895886,0.0,-0.1,-0.2,0.2,0.1,-16.4,-16.4,0.0,-16,3
TM,TEAM_CR,782,895926,0.0,-0.2,-0.2,0.2,0.2,-16.4,-16.4,0.0,-16,3
TM,TEAM_CR,783,895966,0.0,-0.2,-0.2,0.2,-0.1,-16.4,-16.4,0.0,-16,3
TM,TEAM_CR,784,896006,0.0,-0.3,-0.2,0.2,-0.7,-16.4,-16.4,0.0,-16,3
TM,SUN_L,3632,SUN_R,3307,SUN_NDV,0.0468,SUN_ANGLE,29.39
TM,MAG_X,-19.02,MAG_Y,21.10,MAG_Z,-10.85,MAG_HEADING,132.03
TM,GYRO_X,-1.260,GYRO_Y,-2.345,GYRO_Z,-0.158,BODY_RATE,0.158
TM,TEAM_CR,785,896046,0.0,-0.3,-0.2,0.2,0.5,-16.4,-16.4,0.0,-16,3
TM,TEAM_CR,786,896086,0.0,-0.2,-0.2,0.2,0.4,-16.4,-16.4,0.0,-16,3
TM,TEAM_CR,787,896127,0.0,-0.1,-0.2,0.2,-0.2,-16.4,-16.4,0.0,-16,3
TM,TEAM_CR,788,896173,0.0,-0.2,-0.2,0.2,-0.1,-16.4,-16.4,0.0,-16,3
TM,TEAM_CR,789,896213,0.0,-0.2,-0.2,0.2,0.2,-16.4,-16.4,0.0,-16,3
TM,TEAM_CR,790,896254,0.0,-0.3,-0.2,0.2,0.2,-16.4,-16.4,0.0,-16,3
TM,ADCS_MODE,MANUAL,ADCS_REFERENCE,SUN,TARGET,0.00,POINTING_ERROR,-29.45,SUN_ERROR,-29.49,MAG_ERROR,-132.03,GYRO_Z,-0.097,RW_CMD,0
TM,EST_RAW,29.49,EST_FILTERED,29.49,EST_ANGLE,-330.55,EST_FILTER,ON,EST_FILTER_TYPE,MOVING_AVERAGE,EST_MA_WINDOW,1,EST_FILTER_STRENGTH,0.35
TM,EST_FUSION,ON,EST_GYRO_WEIGHT,0.98,EST_VALID,1
TM,TEAM_CR,791,896306,0.0,-0.2,-0.2,0.2,-0.1,-16.4,-16.4,0.0,-16,3
TM,TEAM_CR,792,896346,0.0,-0.2,-0.2,0.2,0.0,-16.4,-16.4,0.0,-16,3
TM,TEAM_CR,793,896386,0.0,-0.1,-0.2,0.2,0.5,-16.4,-16.4,0.0,-16,3
TM,TEAM_CR,794,896426,0.0,-0.3,-0.2,0.2,0.3,-16.4,-16.4,0.0,-16,3
TM,TEAM_CR,795,896466,0.0,-0.2,-0.2,0.2,-0.2,-16.4,-16.4,0.0,-16,3
TM,TEAM_CR,796,896506,0.0,-0.1,-0.2,0.2,-0.2,-16.4,-16.4,0.0,-16,3
TM,TEAM_CR,797,896546,0.0,-0.2,-0.2,0.2,0.4,-16.4,-16.4,0.0,-16,3
TM,TEAM_CR,798,896586,0.0,0.0,-0.2,0.2,0.7,-16.4,-16.4,0.0,-16,3
TM,TEAM_CR,799,896626,0.0,-0.1,-0.2,0.2,-0.3,-16.4,-16.4,0.0,-16,3
TM,TEAM_CR,800,896674,0.0,-0.3,-0.2,0.2,-0.3,-16.4,-16.4,0.0,-16,3
TM,TEAM_CR,801,896726,0.0,-0.1,-0.2,0.2,0.5,-16.4,-16.4,0.0,-16,3
TM,TEAM_CR,802,896766,0.0,-0.3,-0.2,0.2,0.6,-16.4,-16.4,0.0,-16,3
TM,SUN_L,3634,SUN_R,3307,SUN_NDV,0.0471,SUN_ANGLE,29.42
TM,MAG_X,-19.20,MAG_Y,21.30,MAG_Z,-10.62,MAG_HEADING,132.04
TM,GYRO_X,-1.164,GYRO_Y,-2.100,GYRO_Z,-0.044,BODY_RATE,0.044
TM,TEAM_CR,803,896806,0.0,-0.2,-0.2,0.2,-0.4,-16.4,-16.4,0.0,-16,3
TM,TEAM_CR,804,896846,0.0,-0.3,-0.2,0.2,-0.3,-16.4,-16.4,0.0,-16,3
TM,TEAM_CR,805,896886,0.0,0.0,-0.2,0.2,0.5,-16.4,-16.4,0.0,-16,3
TM,TEAM_CR,806,896926,0.0,-0.2,-0.2,0.2,0.4,-16.4,-16.4,0.0,-16,3
TM,TEAM_CR,807,896966,0.0,-0.1,-0.2,0.2,-0.2,-16.4,-16.4,0.0,-16,3
TM,TEAM_CR,808,897006,0.0,-0.3,-0.2,0.2,-0.5,-16.4,-16.4,0.0,-16,3
TM,TEAM_CR,809,897046,0.0,-0.3,-0.2,0.2,0.7,-16.4,-16.4,0.0,-16,3
TM,TEAM_CR,810,897086,0.0,-0.3,-0.2,0.2,0.5,-16.4,-16.4,0.0,-16,3
TM,TEAM_CR,811,897127,0.0,-0.2,-0.2,0.2,0.1,-16.4,-16.4,0.0,-16,3
TM,TEAM_CR,812,897172,0.0,-0.3,-0.2,0.2,-0.5,-16.4,-16.4,0.0,-16,3
TM,TEAM_CR,813,897212,0.0,-0.4,-0.2,0.2,0.3,-16.4,-16.4,0.0,-16,3
TM,ADCS_MODE,MANUAL,ADCS_REFERENCE,SUN,TARGET,0.00,POINTING_ERROR,-29.46,SUN_ERROR,-29.52,MAG_ERROR,-131.85,GYRO_Z,-0.018,RW_CMD,0
TM,EST_RAW,29.52,EST_FILTERED,29.52,EST_ANGLE,-330.54,EST_FILTER,ON,EST_FILTER_TYPE,MOVING_AVERAGE,EST_MA_WINDOW,1,EST_FILTER_STRENGTH,0.35
TM,EST_FUSION,ON,EST_GYRO_WEIGHT,0.98,EST_VALID,1
TM,TEAM_CR,814,897252,0.0,-0.1,-0.2,0.2,0.7,-16.4,-16.4,0.0,-16,3
TM,TEAM_CR,815,897306,0.0,-0.3,-0.2,0.2,-0.2,-16.4,-16.4,0.0,-16,3
TM,TEAM_CR,816,897346,0.0,-0.2,-0.2,0.2,-0.5,-16.4,-16.4,0.0,-16,3
TM,TEAM_CR,817,897387,0.0,-0.2,-0.2,0.2,0.6,-16.4,-16.4,0.0,-16,3
TM,TEAM_CR,818,897426,0.0,-0.2,-0.2,0.2,0.4,-16.4,-16.4,0.0,-16,3
TM,TEAM_CR,819,897466,0.0,-0.2,-0.2,0.2,0.0,-16.4,-16.4,0.0,-16,3
TM,TEAM_CR,820,897506,0.0,-0.2,-0.2,0.2,-0.4,-16.4,-16.4,0.0,-16,3
TM,SUN_L,3634,SUN_R,3306,SUN_NDV,0.0473,SUN_ANGLE,29.53
TM,MAG_X,-19.12,MAG_Y,21.34,MAG_Z,-10.69,MAG_HEADING,131.85
TM,GYRO_X,-1.295,GYRO_Y,-2.047,GYRO_Z,-0.097,BODY_RATE,0.097
TM,TEAM_CR,821,897546,0.0,-0.3,-0.2,0.2,0.3,-16.4,-16.4,0.0,-16,3
TM,TEAM_CR,822,897586,0.0,-0.2,-0.2,0.2,0.5,-16.4,-16.4,0.0,-16,3
TM,TEAM_CR,823,897626,0.0,-0.4,-0.2,0.2,0.0,-16.4,-16.4,0.0,-16,3
TM,TEAM_CR,824,897672,0.0,-0.3,-0.2,0.2,-0.4,-16.4,-16.4,0.0,-16,3
TM,TEAM_CR,825,897725,0.0,-0.4,-0.2,0.2,0.4,-16.4,-16.4,0.0,-16,3
TM,TEAM_CR,826,897765,0.0,-0.1,-0.2,0.2,0.2,-16.4,-16.4,0.0,-16,3
TM,TEAM_CR,827,897805,0.0,-0.1,-0.2,0.2,-0.1,-16.4,-16.4,0.0,-16,3
TM,TEAM_CR,828,897845,0.0,-0.2,-0.2,0.2,-0.1,-16.4,-16.4,0.0,-16,3
TM,TEAM_CR,829,897885,0.0,-0.3,-0.2,0.2,0.2,-16.4,-16.4,0.0,-16,3
TM,TEAM_CR,830,897926,0.0,-0.1,-0.2,0.2,0.3,-16.4,-16.4,0.0,-16,3
TM,TEAM_CR,831,897966,0.0,-0.2,-0.2,0.2,-0.2,-16.4,-16.4,0.0,-16,3
TM,TEAM_CR,832,898006,0.0,-0.2,-0.2,0.2,-0.4,-16.4,-16.4,0.0,-16,3
TM,TEAM_CR,833,898046,0.0,-0.2,-0.2,0.2,0.3,-16.4,-16.4,0.0,-16,3
TM,TEAM_CR,834,898086,0.0,-0.2,-0.2,0.2,0.3,-16.4,-16.4,0.0,-16,3
TM,TEAM_CR,835,898126,0.0,-0.2,-0.2,0.2,-0.3,-16.4,-16.4,0.0,-16,3
TM,TEAM_CR,836,898172,0.0,-0.4,-0.2,0.2,-0.6,-16.4,-16.4,0.0,-16,3
TM,ADCS_MODE,MANUAL,ADCS_REFERENCE,SUN,TARGET,0.00,POINTING_ERROR,-29.47,SUN_ERROR,-29.45,MAG_ERROR,-132.28,GYRO_Z,-0.385,RW_CMD,0
TM,EST_RAW,29.45,EST_FILTERED,29.45,EST_ANGLE,-330.53,EST_FILTER,ON,EST_FILTER_TYPE,MOVING_AVERAGE,EST_MA_WINDOW,1,EST_FILTER_STRENGTH,0.35
TM,EST_FUSION,ON,EST_GYRO_WEIGHT,0.98,EST_VALID,1
TM,TEAM_CR,837,898212,0.0,-0.2,-0.2,0.2,0.4,-16.4,-16.4,0.0,-16,3
TM,TEAM_CR,838,898252,0.0,-0.2,-0.2,0.2,0.4,-16.4,-16.4,0.0,-16,3
TM,SUN_L,3631,SUN_R,3306,SUN_NDV,0.0469,SUN_ANGLE,29.31
TM,MAG_X,-19.20,MAG_Y,21.25,MAG_Z,-10.74,MAG_HEADING,132.10
TM,GYRO_X,-0.954,GYRO_Y,-2.503,GYRO_Z,0.070,BODY_RATE,-0.070
TM,TEAM_CR,839,898306,0.0,-0.2,-0.2,0.2,-0.2,-16.4,-16.4,0.0,-16,3
TM,TEAM_CR,840,898346,0.0,-0.3,-0.2,0.2,-0.5,-16.4,-16.4,0.0,-16,3
TM,TEAM_CR,841,898386,0.0,-0.2,-0.2,0.2,0.3,-16.4,-16.4,0.0,-16,3
TM,TEAM_CR,842,898426,0.0,-0.2,-0.2,0.2,0.2,-16.4,-16.4,0.0,-16,3
TM,TEAM_CR,843,898466,0.0,-0.3,-0.2,0.2,-0.2,-16.4,-16.4,0.0,-16,3
TM,TEAM_CR,844,898506,0.0,-0.1,-0.2,0.2,-0.2,-16.4,-16.4,0.0,-16,3
TM,TEAM_CR,845,898546,0.0,-0.2,-0.2,0.2,0.2,-16.4,-16.4,0.0,-16,3
TM,TEAM_CR,846,898586,0.0,-0.2,-0.2,0.2,0.2,-16.4,-16.4,0.0,-16,3
TM,TEAM_CR,847,898626,0.0,-0.1,-0.2,0.2,-0.1,-16.4,-16.4,0.0,-16,3
TM,TEAM_CR,848,898673,0.0,-0.2,-0.2,0.2,-0.5,-16.4,-16.4,0.0,-16,3
TM,TEAM_CR,849,898726,0.0,-0.1,-0.2,0.2,0.4,-16.4,-16.4,0.0,-16,3
TM,TEAM_CR,850,898766,0.0,-0.2,-0.2,0.2,0.0,-16.4,-16.4,0.0,-16,3
TM,TEAM_CR,851,898806,0.0,-0.3,-0.2,0.2,-0.5,-16.4,-16.4,0.0,-16,3
TM,TEAM_CR,852,898846,0.0,-0.1,-0.2,0.2,0.0,-16.4,-16.4,0.0,-16,3
TM,TEAM_CR,853,898886,0.0,-0.3,-0.2,0.2,0.4,-16.4,-16.4,0.0,-16,3
TM,TEAM_CR,854,898926,0.0,-0.2,-0.2,0.2,0.0,-16.4,-16.4,0.0,-16,3
TM,TEAM_CR,855,898966,0.0,-0.2,-0.2,0.2,-0.1,-16.4,-16.4,0.0,-16,3
TM,TEAM_CR,856,899006,0.0,-0.2,-0.2,0.2,-0.2,-16.4,-16.4,0.0,-16,3
TM,TEAM_CR,857,899046,0.0,-0.2,-0.2,0.2,0.4,-16.4,-16.4,0.0,-16,3
TM,SUN_L,3633,SUN_R,3306,SUN_NDV,0.0471,SUN_ANGLE,29.41
TM,MAG_X,-19.15,MAG_Y,21.17,MAG_Z,-10.72,MAG_HEADING,132.14
TM,GYRO_X,-1.111,GYRO_Y,-2.371,GYRO_Z,0.035,BODY_RATE,-0.035
TM,TEAM_CR,858,899086,0.0,-0.1,-0.1,0.1,-0.1,-16.4,-16.4,0.0,-16,3
TM,ADCS_MODE,MANUAL,ADCS_REFERENCE,SUN,TARGET,0.00,POINTING_ERROR,-29.47,SUN_ERROR,-29.39,MAG_ERROR,-132.14,GYRO_Z,0.087,RW_CMD,0
TM,EST_RAW,29.39,EST_FILTERED,29.39,EST_ANGLE,-330.53,EST_FILTER,ON,EST_FILTER_TYPE,MOVING_AVERAGE,EST_MA_WINDOW,1,EST_FILTER_STRENGTH,0.35
TM,EST_FUSION,ON,EST_GYRO_WEIGHT,0.98,EST_VALID,1
TM,TEAM_CR,859,899127,0.0,-0.4,-0.2,0.2,0.1,-16.4,-16.4,0.0,-16,3
TM,TEAM_CR,860,899174,0.0,-0.2,-0.1,0.1,0.4,-16.4,-16.4,0.0,-16,3
TM,TEAM_CR,861,899213,0.0,-0.2,-0.1,0.1,0.4,-16.4,-16.4,0.0,-16,3
TM,TEAM_CR,862,899254,0.0,-0.3,-0.1,0.1,0.0,-16.4,-16.4,0.0,-16,3
TM,TEAM_CR,863,899306,0.0,-0.3,-0.2,0.2,-0.2,-16.4,-16.4,0.0,-16,3
TM,TEAM_CR,864,899346,0.0,-0.2,-0.2,0.2,0.2,-16.4,-16.4,0.0,-16,3
TM,TEAM_CR,865,899386,0.0,-0.2,-0.1,0.1,0.4,-16.4,-16.4,0.0,-16,3
TM,TEAM_CR,866,899426,0.0,-0.1,-0.1,0.1,-0.1,-16.4,-16.4,0.0,-16,3
TM,TEAM_CR,867,899466,0.0,-0.2,-0.2,0.2,-0.4,-16.4,-16.4,0.0,-16,3
TM,TEAM_CR,868,899506,0.0,-0.1,-0.2,0.2,0.6,-16.4,-16.4,0.0,-16,3
TM,TEAM_CR,869,899546,0.0,-0.2,-0.1,0.1,0.5,-16.4,-16.4,0.0,-16,3
TM,TEAM_CR,870,899586,0.0,-0.2,-0.1,0.1,-0.2,-16.4,-16.4,0.0,-16,3
TM,TEAM_CR,871,899626,0.0,-0.3,-0.2,0.2,-0.3,-16.4,-16.4,0.0,-16,3
TM,TEAM_CR,872,899674,0.0,-0.2,-0.2,0.2,0.1,-16.4,-16.4,0.0,-16,3
TM,TEAM_CR,873,899726,0.0,0.0,-0.1,0.1,0.1,-16.4,-16.4,0.0,-16,3
TM,TEAM_CR,874,899766,0.0,0.0,-0.1,0.1,-0.2,-16.4,-16.4,0.0,-16,3
TM,TEAM_CR,875,899806,0.0,-0.2,-0.2,0.2,0.0,-16.4,-16.4,0.0,-16,3
TM,SUN_L,3632,SUN_R,3307,SUN_NDV,0.0468,SUN_ANGLE,29.44
TM,MAG_X,-19.10,MAG_Y,21.18,MAG_Z,-10.86,MAG_HEADING,132.04
TM,GYRO_X,-1.278,GYRO_Y,-2.310,GYRO_Z,-0.000,BODY_RATE,0.000
TM,TEAM_CR,876,899846,0.0,-0.3,-0.1,0.1,0.2,-16.4,-16.4,0.0,-16,3
TM,TEAM_CR,877,899886,0.0,-0.1,-0.1,0.1,0.1,-16.4,-16.4,0.0,-16,3
TM,TEAM_CR,878,899926,0.0,-0.1,-0.1,0.1,-0.1,-16.4,-16.4,0.0,-16,3
TM,TEAM_CR,879,899966,0.0,-0.2,-0.2,0.2,-0.5,-16.4,-16.4,0.0,-16,3
TM,TEAM_CR,880,900006,0.0,-0.2,-0.1,0.1,0.1,-16.4,-16.4,0.0,-16,3
TM,TEAM_CR,881,900046,0.0,-0.4,-0.1,0.1,0.1,-16.4,-16.4,0.0,-16,3
TM,ADCS_MODE,MANUAL,ADCS_REFERENCE,SUN,TARGET,0.00,POINTING_ERROR,-29.47,SUN_ERROR,-29.37,MAG_ERROR,-131.98,GYRO_Z,0.105,RW_CMD,0
TM,EST_RAW,29.37,EST_FILTERED,29.37,EST_ANGLE,-330.53,EST_FILTER,ON,EST_FILTER_TYPE,MOVING_AVERAGE,EST_MA_WINDOW,1,EST_FILTER_STRENGTH,0.35
TM,EST_FUSION,ON,EST_GYRO_WEIGHT,0.98,EST_VALID,1
TM,TEAM_CR,882,900086,0.0,-0.3,-0.2,0.2,-0.1,-16.4,-16.4,0.0,-16,3
TM,TEAM_CR,883,900127,0.0,-0.3,-0.2,0.2,-0.5,-16.4,-16.4,0.0,-16,3
TM,TEAM_CR,884,900172,0.0,-0.3,-0.2,0.2,0.2,-16.4,-16.4,0.0,-16,3
TM,TEAM_CR,885,900212,0.0,-0.1,-0.2,0.2,-0.1,-16.4,-16.4,0.0,-16,3
TM,TEAM_CR,886,900252,0.0,-0.2,-0.2,0.2,-0.3,-16.4,-16.4,0.0,-16,3
TM,TEAM_CR,887,900306,0.0,0.0,-0.2,0.2,0.4,-16.4,-16.4,0.0,-16,3
TM,TEAM_CR,888,900346,0.0,-0.2,-0.1,0.1,0.4,-16.4,-16.4,0.0,-16,3
TM,TEAM_CR,889,900387,0.0,-0.1,-0.1,0.1,0.0,-16.4,-16.4,0.0,-16,3
TM,TEAM_CR,890,900426,0.0,0.0,-0.1,0.1,-0.5,-16.4,-16.4,0.0,-16,3
TM,TEAM_CR,891,900466,0.0,-0.1,-0.1,0.1,0.4,-16.4,-16.4,0.0,-16,3
TM,TEAM_CR,892,900506,0.0,-0.2,-0.1,0.1,0.6,-16.4,-16.4,0.0,-16,3
TM,TEAM_CR,893,900546,0.0,-0.3,-0.1,0.1,0.1,-16.4,-16.4,0.0,-16,3
TM,SUN_L,3632,SUN_R,3306,SUN_NDV,0.0470,SUN_ANGLE,29.51
TM,MAG_X,-19.17,MAG_Y,21.25,MAG_Z,-10.91,MAG_HEADING,132.05
TM,GYRO_X,-1.085,GYRO_Y,-2.336,GYRO_Z,-0.035,BODY_RATE,0.035
TM,TEAM_CR,894,900586,0.0,-0.2,-0.1,0.1,-0.2,-16.4,-16.4,0.0,-16,3
TM,TEAM_CR,895,900626,0.0,-0.2,-0.1,0.1,0.2,-16.4,-16.4,0.0,-16,3
TM,TEAM_CR,896,900672,0.0,-0.1,-0.1,0.1,0.5,-16.4,-16.4,0.0,-16,3
TM,TEAM_CR,897,900725,0.0,0.0,-0.1,0.1,-0.4,-16.4,-16.4,0.0,-16,3
TM,TEAM_CR,898,900765,0.0,-0.1,-0.1,0.1,-0.6,-16.4,-16.4,0.0,-16,3
TM,TEAM_CR,899,900805,0.0,-0.1,-0.1,0.1,0.5,-16.4,-16.4,0.0,-16,3
TM,TEAM_CR,900,900845,0.0,-0.1,-0.1,0.1,0.0,-16.4,-16.4,0.0,-16,3
TM,TEAM_CR,901,900885,0.0,-0.2,-0.1,0.1,0.0,-16.4,-16.4,0.0,-16,3
TM,TEAM_CR,902,900926,0.0,0.0,-0.1,0.1,-0.4,-16.4,-16.4,0.0,-16,3
TM,TEAM_CR,903,900966,0.0,-0.2,-0.1,0.1,0.4,-16.4,-16.4,0.0,-16,3
TM,TEAM_CR,904,901006,0.0,-0.2,-0.1,0.1,0.0,-16.4,-16.4,0.0,-16,3
TM,ADCS_MODE,MANUAL,ADCS_REFERENCE,SUN,TARGET,0.00,POINTING_ERROR,-29.48,SUN_ERROR,-29.30,MAG_ERROR,-132.05,GYRO_Z,-0.044,RW_CMD,0
TM,EST_RAW,29.30,EST_FILTERED,29.30,EST_ANGLE,-330.52,EST_FILTER,ON,EST_FILTER_TYPE,MOVING_AVERAGE,EST_MA_WINDOW,1,EST_FILTER_STRENGTH,0.35
TM,EST_FUSION,ON,EST_GYRO_WEIGHT,0.98,EST_VALID,1
TM,TEAM_CR,905,901046,0.0,-0.3,-0.1,0.1,-0.3,-16.4,-16.4,0.0,-16,3
TM,TEAM_CR,906,901086,0.0,-0.2,-0.1,0.1,-0.2,-16.4,-16.4,0.0,-16,3
TM,TEAM_CR,907,901126,0.0,0.0,-0.1,0.1,0.3,-16.4,-16.4,0.0,-16,3
TM,TEAM_CR,908,901172,0.0,-0.2,-0.1,0.1,0.2,-16.4,-16.4,0.0,-16,3
TM,TEAM_CR,909,901212,0.0,-0.2,-0.1,0.1,-0.2,-16.4,-16.4,0.0,-16,3
TM,TEAM_CR,910,901252,0.0,-0.2,-0.1,0.1,0.2,-16.4,-16.4,0.0,-16,3
TM,TEAM_CR,911,901306,0.0,0.0,-0.1,0.1,0.0,-16.4,-16.4,0.0,-16,3
TM,SUN_L,3633,SUN_R,3306,SUN_NDV,0.0471,SUN_ANGLE,29.30
TM,MAG_X,-19.18,MAG_Y,21.30,MAG_Z,-10.88,MAG_HEADING,132.01
TM,GYRO_X,-0.849,GYRO_Y,-2.345,GYRO_Z,-0.044,BODY_RATE,0.044
TM,TEAM_CR,912,901346,0.0,-0.2,-0.1,0.1,-0.2,-16.4,-16.4,0.0,-16,3
TM,TEAM_CR,913,901386,0.0,-0.2,-0.1,0.1,-0.5,-16.4,-16.4,0.0,-16,3
TM,TEAM_CR,914,901426,0.0,-0.2,-0.2,0.2,0.1,-16.4,-16.4,0.0,-16,3
TM,TEAM_CR,915,901466,0.0,-0.3,-0.1,0.1,0.1,-16.4,-16.4,0.0,-16,3
TM,TEAM_CR,916,901507,0.0,-0.2,-0.2,0.2,-0.2,-16.4,-16.4,0.0,-16,3
TM,TEAM_CR,917,901546,0.0,-0.1,-0.2,0.2,-0.2,-16.4,-16.4,0.0,-16,3
TM,TEAM_CR,918,901586,0.0,-0.1,-0.2,0.2,0.1,-16.4,-16.4,0.0,-16,3
TM,TEAM_CR,919,901626,0.0,-0.1,-0.1,0.1,0.3,-16.4,-16.4,0.0,-16,3
TM,TEAM_CR,920,901673,0.0,-0.1,-0.1,0.1,-0.2,-16.4,-16.4,0.0,-16,3
TM,TEAM_CR,921,901726,0.0,-0.2,-0.2,0.2,-0.1,-16.4,-16.4,0.0,-16,3
TM,TEAM_CR,922,901766,0.0,-0.3,-0.2,0.2,0.3,-16.4,-16.4,0.0,-16,3
TM,TEAM_CR,923,901806,0.0,-0.3,-0.2,0.2,0.0,-16.4,-16.4,0.0,-16,3
TM,TEAM_CR,924,901846,0.0,-0.2,-0.2,0.2,-0.4,-16.4,-16.4,0.0,-16,3
TM,TEAM_CR,925,901886,0.0,-0.3,-0.2,0.2,0.0,-16.4,-16.4,0.0,-16,3
TM,TEAM_CR,926,901926,0.0,-0.2,-0.2,0.2,0.6,-16.4,-16.4,0.0,-16,3
TM,TEAM_CR,927,901966,0.0,-0.2,-0.2,0.2,-0.1,-16.4,-16.4,0.0,-16,3
TM,ADCS_MODE,MANUAL,ADCS_REFERENCE,SUN,TARGET,0.00,POINTING_ERROR,-29.46,SUN_ERROR,-29.48,MAG_ERROR,-131.82,GYRO_Z,0.262,RW_CMD,0
TM,EST_RAW,29.48,EST_FILTERED,29.48,EST_ANGLE,-330.54,EST_FILTER,ON,EST_FILTER_TYPE,MOVING_AVERAGE,EST_MA_WINDOW,1,EST_FILTER_STRENGTH,0.35
TM,EST_FUSION,ON,EST_GYRO_WEIGHT,0.98,EST_VALID,1
TM,TEAM_CR,928,902006,0.0,-0.3,-0.2,0.2,-0.4,-16.4,-16.4,0.0,-16,3
TM,TEAM_CR,929,902046,0.0,-0.2,-0.2,0.2,0.4,-16.4,-16.4,0.0,-16,3
TM,SUN_L,3632,SUN_R,3306,SUN_NDV,0.0470,SUN_ANGLE,29.55
TM,MAG_X,-19.06,MAG_Y,21.30,MAG_Z,-11.15,MAG_HEADING,131.82
TM,GYRO_X,-1.076,GYRO_Y,-2.047,GYRO_Z,0.280,BODY_RATE,-0.280
TM,TEAM_CR,930,902086,0.0,-0.3,-0.2,0.2,0.5,-16.4,-16.4,0.0,-16,3
TM,TEAM_CR,931,902127,0.0,-0.1,-0.2,0.2,0.1,-16.4,-16.4,0.0,-16,3
TM,TEAM_CR,932,902173,0.0,-0.1,-0.2,0.2,-0.4,-16.4,-16.4,0.0,-16,3
TM,TEAM_CR,933,902213,0.0,-0.3,-0.2,0.2,0.2,-16.4,-16.4,0.0,-16,3
TM,TEAM_CR,934,902254,0.0,-0.1,-0.2,0.2,0.1,-16.4,-16.4,0.0,-16,3
TM,TEAM_CR,935,902306,0.0,-0.3,-0.2,0.2,-0.3,-16.4,-16.4,0.0,-16,3
TM,TEAM_CR,936,902346,0.0,-0.2,-0.2,0.2,-0.5,-16.4,-16.4,0.0,-16,3
TM,TEAM_CR,937,902386,0.0,-0.2,-0.2,0.2,0.5,-16.4,-16.4,0.0,-16,3
TM,TEAM_CR,938,902426,0.0,-0.2,-0.2,0.2,0.2,-16.4,-16.4,0.0,-16,3
TM,TEAM_CR,939,902466,0.0,-0.1,-0.2,0.2,-0.2,-16.4,-16.4,0.0,-16,3
TM,TEAM_CR,940,902506,0.0,-0.3,-0.2,0.2,-0.1,-16.4,-16.4,0.0,-16,3
TM,TEAM_CR,941,902546,0.0,-0.2,-0.2,0.2,0.3,-16.4,-16.4,0.0,-16,3
TM,TEAM_CR,942,902586,0.0,-0.2,-0.2,0.2,-0.1,-16.4,-16.4,0.0,-16,3
TM,TEAM_CR,943,902626,0.0,-0.1,-0.2,0.2,-0.3,-16.4,-16.4,0.0,-16,3
TM,TEAM_CR,944,902674,0.0,-0.2,-0.2,0.2,0.3,-16.4,-16.4,0.0,-16,3
TM,TEAM_CR,945,902726,0.0,-0.1,-0.2,0.2,0.0,-16.4,-16.4,0.0,-16,3
TM,TEAM_CR,946,902766,0.0,-0.2,-0.2,0.2,-0.1,-16.4,-16.4,0.0,-16,3
TM,TEAM_CR,947,902806,0.0,0.0,-0.2,0.2,-0.5,-16.4,-16.4,0.0,-16,3
TM,TEAM_CR,948,902846,0.0,-0.1,-0.2,0.2,0.3,-16.4,-16.4,0.0,-16,3
TM,SUN_L,3632,SUN_R,3306,SUN_NDV,0.0470,SUN_ANGLE,29.37
TM,MAG_X,-19.20,MAG_Y,21.38,MAG_Z,-10.93,MAG_HEADING,131.93
TM,GYRO_X,-1.015,GYRO_Y,-2.485,GYRO_Z,-0.053,BODY_RATE,0.053
TM,TEAM_CR,949,902886,0.0,-0.1,-0.2,0.2,0.0,-16.4,-16.4,0.0,-16,3
TM,ADCS_MODE,MANUAL,ADCS_REFERENCE,SUN,TARGET,0.00,POINTING_ERROR,-29.48,SUN_ERROR,-29.62,MAG_ERROR,-131.93,GYRO_Z,0.140,RW_CMD,0
TM,EST_RAW,29.62,EST_FILTERED,29.62,EST_ANGLE,-330.52,EST_FILTER,ON,EST_FILTER_TYPE,MOVING_AVERAGE,EST_MA_WINDOW,1,EST_FILTER_STRENGTH,0.35
TM,EST_FUSION,ON,EST_GYRO_WEIGHT,0.98,EST_VALID,1
TM,TEAM_CR,950,902926,0.0,-0.2,-0.2,0.2,0.0,-16.4,-16.4,0.0,-16,3
TM,TEAM_CR,951,902966,0.0,-0.1,-0.2,0.2,-0.3,-16.4,-16.4,0.0,-16,3
TM,TEAM_CR,952,903006,0.0,0.0,-0.1,0.1,0.3,-16.4,-16.4,0.0,-16,3
TM,TEAM_CR,953,903046,0.0,-0.2,-0.1,0.1,0.0,-16.4,-16.4,0.0,-16,3
TM,TEAM_CR,954,903086,0.0,-0.4,-0.1,0.1,-0.1,-16.4,-16.4,0.0,-16,3
TM,TEAM_CR,955,903127,0.0,-0.2,-0.2,0.2,0.0,-16.4,-16.4,0.0,-16,3
TM,TEAM_CR,956,903172,0.0,-0.1,-0.1,0.1,0.4,-16.4,-16.4,0.0,-16,3
TM,TEAM_CR,957,903212,0.0,-0.3,-0.1,0.1,0.0,-16.4,-16.4,0.0,-16,3
TM,TEAM_CR,958,903252,0.0,-0.1,-0.1,0.1,-0.2,-16.4,-16.4,0.0,-16,3
TM,TEAM_CR,959,903306,0.0,-0.1,-0.1,0.1,0.3,-16.4,-16.4,0.0,-16,3
TM,TEAM_CR,960,903346,0.0,-0.2,-0.1,0.1,0.2,-16.4,-16.4,0.0,-16,3
TM,TEAM_CR,961,903387,0.0,0.0,-0.1,0.1,-0.2,-16.4,-16.4,0.0,-16,3
TM,TEAM_CR,962,903426,0.0,-0.4,-0.1,0.1,-0.7,-16.4,-16.4,0.0,-16,3
TM,TEAM_CR,963,903466,0.0,-0.2,-0.1,0.1,0.1,-16.4,-16.4,0.0,-16,3
TM,TEAM_CR,964,903506,0.0,-0.2,-0.1,0.1,0.1,-16.4,-16.4,0.0,-16,3
TM,TEAM_CR,965,903546,0.0,-0.2,-0.1,0.1,-0.4,-16.4,-16.4,0.0,-16,3
TM,TEAM_CR,966,903586,0.0,-0.2,-0.2,0.2,-0.2,-16.4,-16.4,0.0,-16,3
TM,SUN_L,3633,SUN_R,3307,SUN_NDV,0.0470,SUN_ANGLE,29.51
TM,MAG_X,-19.12,MAG_Y,21.28,MAG_Z,-10.91,MAG_HEADING,131.94
TM,GYRO_X,-1.006,GYRO_Y,-2.450,GYRO_Z,-0.149,BODY_RATE,0.149
TM,TEAM_CR,967,903626,0.0,-0.2,-0.1,0.1,0.2,-16.4,-16.4,0.0,-16,3
TM,TEAM_CR,968,903672,0.0,-0.1,-0.1,0.1,0.0,-16.4,-16.4,0.0,-16,3
TM,TEAM_CR,969,903725,0.0,-0.2,-0.2,0.2,-0.4,-16.4,-16.4,0.0,-16,3
TM,TEAM_CR,970,903765,0.0,-0.3,-0.2,0.2,0.2,-16.4,-16.4,0.0,-16,3
TM,TEAM_CR,971,903805,0.0,-0.1,-0.2,0.2,0.1,-16.4,-16.4,0.0,-16,3
TM,TEAM_CR,972,903845,0.0,-0.3,-0.2,0.2,-0.1,-16.4,-16.4,0.0,-16,3
TM,ADCS_MODE,MANUAL,ADCS_REFERENCE,SUN,TARGET,0.00,POINTING_ERROR,-29.51,SUN_ERROR,-29.70,MAG_ERROR,-131.94,GYRO_Z,0.096,RW_CMD,0
TM,EST_RAW,29.70,EST_FILTERED,29.70,EST_ANGLE,-330.49,EST_FILTER,ON,EST_FILTER_TYPE,MOVING_AVERAGE,EST_MA_WINDOW,1,EST_FILTER_STRENGTH,0.35
TM,EST_FUSION,ON,EST_GYRO_WEIGHT,0.98,EST_VALID,1
TM,TEAM_CR,973,903885,0.0,-0.2,-0.2,0.2,-0.2,-16.4,-16.4,0.0,-16,3
TM,TEAM_CR,974,903926,0.0,-0.2,-0.2,0.2,0.5,-16.4,-16.4,0.0,-16,3
TM,TEAM_CR,975,903966,0.0,-0.1,-0.1,0.1,0.1,-16.4,-16.4,0.0,-16,3
TM,TEAM_CR,976,904006,0.0,-0.2,-0.1,0.1,-0.2,-16.4,-16.4,0.0,-16,3
TM,TEAM_CR,977,904046,0.0,-0.2,-0.2,0.2,-0.5,-16.4,-16.4,0.0,-16,3
TM,TEAM_CR,978,904086,0.0,-0.2,-0.2,0.2,0.2,-16.4,-16.4,0.0,-16,3
TM,TEAM_CR,979,904126,0.0,-0.2,-0.2,0.2,0.0,-16.4,-16.4,0.0,-16,3
TM,TEAM_CR,980,904172,0.0,-0.2,-0.2,0.2,0.0,-16.4,-16.4,0.0,-16,3
TM,TEAM_CR,981,904212,0.0,-0.3,-0.2,0.2,-0.1,-16.4,-16.4,0.0,-16,3
TM,TEAM_CR,982,904252,0.0,-0.2,-0.2,0.2,0.2,-16.4,-16.4,0.0,-16,3
TM,TEAM_CR,983,904306,0.0,-0.1,-0.2,0.2,-0.2,-16.4,-16.4,0.0,-16,3
TM,TEAM_CR,984,904346,0.0,-0.4,-0.2,0.2,-0.1,-16.4,-16.4,0.0,-16,3
TM,SUN_L,3634,SUN_R,3306,SUN_NDV,0.0473,SUN_ANGLE,29.73
TM,MAG_X,-19.23,MAG_Y,21.20,MAG_Z,-10.98,MAG_HEADING,132.21
TM,GYRO_X,-1.461,GYRO_Y,-2.450,GYRO_Z,0.008,BODY_RATE,-0.008
TM,TEAM_CR,985,904386,0.0,-0.1,-0.2,0.2,0.0,-16.4,-16.4,0.0,-16,3
TM,TEAM_CR,986,904426,0.0,-0.1,-0.2,0.2,-0.1,-16.4,-16.4,0.0,-16,3
TM,TEAM_CR,987,904466,0.0,-0.2,-0.2,0.2,-0.3,-16.4,-16.4,0.0,-16,3
TM,TEAM_CR,988,904506,0.0,-0.1,-0.2,0.2,-0.2,-16.4,-16.4,0.0,-16,3
TM,TEAM_CR,989,904546,0.0,-0.2,-0.2,0.2,0.4,-16.4,-16.4,0.0,-16,3
TM,TEAM_CR,990,904586,0.0,-0.1,-0.2,0.2,0.2,-16.4,-16.4,0.0,-16,3
TM,TEAM_CR,991,904626,0.0,-0.1,-0.2,0.2,-0.2,-16.4,-16.4,0.0,-16,3
TM,TEAM_CR,992,904673,0.0,-0.2,-0.2,0.2,-0.2,-16.4,-16.4,0.0,-16,3
TM,TEAM_CR,993,904726,0.0,-0.2,-0.2,0.2,0.8,-16.4,-16.4,0.0,-16,3
TM,TEAM_CR,994,904766,0.0,-0.1,-0.2,0.2,0.0,-16.4,-16.4,0.0,-16,3
TM,TEAM_CR,995,904806,0.0,-0.2,-0.2,0.2,-0.1,-16.4,-16.4,0.0,-16,3
TM,ADCS_MODE,MANUAL,ADCS_REFERENCE,SUN,TARGET,0.00,POINTING_ERROR,-29.51,SUN_ERROR,-29.31,MAG_ERROR,-131.73,GYRO_Z,-0.114,RW_CMD,0
TM,EST_RAW,29.31,EST_FILTERED,29.31,EST_ANGLE,-330.49,EST_FILTER,ON,EST_FILTER_TYPE,MOVING_AVERAGE,EST_MA_WINDOW,1,EST_FILTER_STRENGTH,0.35
TM,EST_FUSION,ON,EST_GYRO_WEIGHT,0.98,EST_VALID,1
TM,TEAM_CR,996,904846,0.0,-0.1,-0.2,0.2,0.2,-16.4,-16.4,0.0,-16,3
TM,TEAM_CR,997,904886,0.0,-0.1,-0.2,0.2,0.1,-16.4,-16.4,0.0,-16,3
TM,TEAM_CR,998,904926,0.0,-0.2,-0.2,0.2,-0.1,-16.4,-16.4,0.0,-16,3
TM,TEAM_CR,999,904966,0.0,-0.1,-0.2,0.2,-0.2,-16.4,-16.4,0.0,-16,3
TM,TEAM_CR,1000,905006,0.0,-0.1,-0.1,0.1,0.4,-16.4,-16.4,0.0,-16,3
TM,TEAM_CR,1001,905046,0.0,-0.3,-0.1,0.1,-0.2,-16.4,-16.4,0.0,-16,3
TM,TEAM_CR,1002,905086,0.0,-0.2,-0.1,0.1,0.1,-16.4,-16.4,0.0,-16,3
TM,SUN_L,3633,SUN_R,3306,SUN_NDV,0.0471,SUN_ANGLE,29.49
TM,MAG_X,-19.02,MAG_Y,21.33,MAG_Z,-11.01,MAG_HEADING,131.73
TM,GYRO_X,-0.980,GYRO_Y,-2.240,GYRO_Z,0.113,BODY_RATE,-0.113
TM,TEAM_CR,1003,905127,0.0,-0.1,-0.2,0.2,-0.2,-16.4,-16.4,0.0,-16,3
TM,TEAM_CR,1004,905173,0.0,-0.2,-0.1,0.1,0.3,-16.4,-16.4,0.0,-16,3
TM,TEAM_CR,1005,905213,0.0,0.0,-0.2,0.2,0.0,-16.4,-16.4,0.0,-16,3
TM,TEAM_CR,1006,905254,0.0,-0.1,-0.1,0.1,-0.1,-16.4,-16.4,0.0,-16,3
TM,TEAM_CR,1007,905306,0.0,-0.1,-0.1,0.1,0.1,-16.4,-16.4,0.0,-16,3
TM,TEAM_CR,1008,905346,0.0,-0.2,-0.1,0.1,0.1,-16.4,-16.4,0.0,-16,3
TM,TEAM_CR,1009,905386,0.0,-0.1,-0.2,0.2,-0.1,-16.4,-16.4,0.0,-16,3
TM,TEAM_CR,1010,905426,0.0,-0.1,-0.2,0.2,-0.4,-16.4,-16.4,0.0,-16,3
TM,TEAM_CR,1011,905466,0.0,-0.2,-0.2,0.2,0.5,-16.4,-16.4,0.0,-16,3
TM,TEAM_CR,1012,905506,0.0,-0.1,-0.1,0.1,0.3,-16.4,-16.4,0.0,-16,3
TM,TEAM_CR,1013,905546,0.0,-0.1,-0.1,0.1,-0.1,-16.4,-16.4,0.0,-16,3
TM,TEAM_CR,1014,905586,0.0,-0.1,-0.1,0.1,0.1,-16.4,-16.4,0.0,-16,3
TM,TEAM_CR,1015,905626,0.0,-0.2,-0.1,0.1,0.6,-16.4,-16.4,0.0,-16,3
TM,TEAM_CR,1016,905674,0.0,-0.2,-0.1,0.1,0.1,-16.4,-16.4,0.0,-16,3
TM,TEAM_CR,1017,905726,0.0,0.0,-0.1,0.1,-0.6,-16.4,-16.4,0.0,-16,3
TM,TEAM_CR,1018,905766,0.0,-0.2,-0.1,0.1,0.2,-16.4,-16.4,0.0,-16,3
TM,ADCS_MODE,MANUAL,ADCS_REFERENCE,SUN,TARGET,0.00,POINTING_ERROR,-29.51,SUN_ERROR,-29.55,MAG_ERROR,-132.09,GYRO_Z,0.131,RW_CMD,0
TM,EST_RAW,29.55,EST_FILTERED,29.55,EST_ANGLE,-330.49,EST_FILTER,ON,EST_FILTER_TYPE,MOVING_AVERAGE,EST_MA_WINDOW,1,EST_FILTER_STRENGTH,0.35
TM,EST_FUSION,ON,EST_GYRO_WEIGHT,0.98,EST_VALID,1
TM,TEAM_CR,1019,905806,0.0,-0.1,-0.1,0.1,-0.1,-16.4,-16.4,0.0,-16,3
TM,TEAM_CR,1020,905846,0.0,0.0,-0.1,0.1,-0.1,-16.4,-16.4,0.0,-16,3
TM,SUN_L,3635,SUN_R,3305,SUN_NDV,0.0476,SUN_ANGLE,29.20
TM,MAG_X,-19.25,MAG_Y,21.31,MAG_Z,-11.01,MAG_HEADING,132.09
TM,GYRO_X,-0.980,GYRO_Y,-2.100,GYRO_Z,-0.272,BODY_RATE,0.272
TM,TEAM_CR,1021,905886,0.0,-0.1,-0.1,0.1,-0.2,-16.4,-16.4,0.0,-16,3
TM,TEAM_CR,1022,905926,0.0,-0.2,-0.1,0.1,0.4,-16.4,-16.4,0.0,-16,3
TM,TEAM_CR,1023,905967,0.0,-0.1,-0.1,0.1,0.1,-16.4,-16.4,0.0,-16,3
TM,TEAM_CR,1024,906006,0.0,-0.1,-0.1,0.1,-0.3,-16.4,-16.4,0.0,-16,3
TM,TEAM_CR,1025,906046,0.0,-0.1,-0.1,0.1,0.4,-16.4,-16.4,0.0,-16,3
TM,TEAM_CR,1026,906086,0.0,-0.1,-0.1,0.1,0.2,-16.4,-16.4,0.0,-16,3
TM,TEAM_CR,1027,906126,0.0,-0.1,-0.1,0.1,0.0,-16.4,-16.4,0.0,-16,3
TM,TEAM_CR,1028,906173,0.0,-0.1,-0.1,0.1,-0.2,-16.4,-16.4,0.0,-16,3
TM,TEAM_CR,1029,906213,0.0,-0.2,-0.1,0.1,0.1,-16.4,-16.4,0.0,-16,3
TM,TEAM_CR,1030,906253,0.0,0.0,-0.1,0.1,0.1,-16.4,-16.4,0.0,-16,3
TM,TEAM_CR,1031,906306,0.0,-0.2,-0.1,0.1,0.0,-16.4,-16.4,0.0,-16,3
TM,TEAM_CR,1032,906346,0.0,-0.1,-0.1,0.1,0.2,-16.4,-16.4,0.0,-16,3
TM,TEAM_CR,1033,906387,0.0,-0.2,-0.1,0.1,0.5,-16.4,-16.4,0.0,-16,3
TM,TEAM_CR,1034,906426,0.0,-0.1,-0.1,0.1,-0.1,-16.4,-16.4,0.0,-16,3
TM,TEAM_CR,1035,906466,0.0,-0.2,-0.1,0.1,0.0,-16.4,-16.4,0.0,-16,3
TM,TEAM_CR,1036,906506,0.0,-0.3,-0.1,0.1,0.3,-16.4,-16.4,0.0,-16,3
TM,TEAM_CR,1037,906546,0.0,-0.2,-0.1,0.1,0.1,-16.4,-16.4,0.0,-16,3
TM,TEAM_CR,1038,906586,0.0,0.0,-0.1,0.1,0.1,-16.4,-16.4,0.0,-16,3
TM,TEAM_CR,1039,906626,0.0,-0.2,-0.1,0.1,-0.1,-16.4,-16.4,0.0,-16,3
TM,SUN_L,3632,SUN_R,3306,SUN_NDV,0.0470,SUN_ANGLE,29.46
TM,MAG_X,-19.10,MAG_Y,21.39,MAG_Z,-10.96,MAG_HEADING,131.77
TM,GYRO_X,-0.919,GYRO_Y,-2.433,GYRO_Z,-0.105,BODY_RATE,0.105
TM,TEAM_CR,1040,906672,0.0,-0.2,-0.1,0.1,0.3,-16.4,-16.4,0.0,-16,3
TM,ADCS_MODE,MANUAL,ADCS_REFERENCE,SUN,TARGET,0.00,POINTING_ERROR,-29.51,SUN_ERROR,-29.44,MAG_ERROR,-131.77,GYRO_Z,0.035,RW_CMD,0
TM,EST_RAW,29.44,EST_FILTERED,29.44,EST_ANGLE,-330.49,EST_FILTER,ON,EST_FILTER_TYPE,MOVING_AVERAGE,EST_MA_WINDOW,1,EST_FILTER_STRENGTH,0.35
TM,EST_FUSION,ON,EST_GYRO_WEIGHT,0.98,EST_VALID,1
TM,TEAM_CR,1041,906725,0.0,-0.2,-0.1,0.1,-0.1,-16.4,-16.4,0.0,-16,3
TM,TEAM_CR,1042,906765,0.0,0.0,-0.1,0.1,-0.5,-16.4,-16.4,0.0,-16,3
TM,TEAM_CR,1043,906805,0.0,-0.1,-0.1,0.1,0.4,-16.4,-16.4,0.0,-16,3
TM,TEAM_CR,1044,906845,0.0,0.0,-0.1,0.1,0.2,-16.4,-16.4,0.0,-16,3
TM,TEAM_CR,1045,906885,0.0,-0.2,-0.1,0.1,-0.2,-16.4,-16.4,0.0,-16,3
TM,TEAM_CR,1046,906926,0.0,-0.1,-0.1,0.1,-0.3,-16.4,-16.4,0.0,-16,3
TM,TEAM_CR,1047,906966,0.0,-0.3,-0.1,0.1,0.3,-16.4,-16.4,0.0,-16,3
TM,TEAM_CR,1048,907006,0.0,-0.2,-0.1,0.1,0.0,-16.4,-16.4,0.0,-16,3
TM,TEAM_CR,1049,907046,0.0,-0.2,-0.1,0.1,0.1,-16.4,-16.4,0.0,-16,3
TM,TEAM_CR,1050,907086,0.0,-0.1,-0.1,0.1,-0.1,-16.4,-16.4,0.0,-16,3
TM,TEAM_CR,1051,907126,0.0,-0.1,-0.1,0.1,0.4,-16.4,-16.4,0.0,-16,3
TM,TEAM_CR,1052,907172,0.0,-0.2,-0.1,0.1,-0.2,-16.4,-16.4,0.0,-16,3
TM,TEAM_CR,1053,907212,0.0,-0.2,-0.1,0.1,-0.1,-16.4,-16.4,0.0,-16,3
TM,TEAM_CR,1054,907252,0.0,-0.2,-0.1,0.1,0.0,-16.4,-16.4,0.0,-16,3
TM,TEAM_CR,1055,907306,0.0,-0.2,-0.1,0.1,0.0,-16.4,-16.4,0.0,-16,3
TM,TEAM_CR,1056,907346,0.0,-0.2,-0.1,0.1,0.0,-16.4,-16.4,0.0,-16,3
TM,TEAM_CR,1057,907386,0.0,-0.1,-0.1,0.1,-0.1,-16.4,-16.4,0.0,-16,3
TM,SUN_L,3631,SUN_R,3306,SUN_NDV,0.0469,SUN_ANGLE,29.28
TM,MAG_X,-19.04,MAG_Y,21.34,MAG_Z,-11.07,MAG_HEADING,131.73
TM,GYRO_X,-1.225,GYRO_Y,-2.170,GYRO_Z,0.201,BODY_RATE,-0.201
TM,TEAM_CR,1058,907426,0.0,-0.1,-0.1,0.1,0.3,-16.4,-16.4,0.0,-16,3
TM,TEAM_CR,1059,907466,0.0,-0.1,-0.1,0.1,0.0,-16.4,-16.4,0.0,-16,3
TM,TEAM_CR,1060,907506,0.0,-0.1,-0.1,0.1,-0.3,-16.4,-16.4,0.0,-16,3
TM,TEAM_CR,1061,907546,0.0,-0.1,-0.1,0.1,0.2,-16.4,-16.4,0.0,-16,3
TM,TEAM_CR,1062,907586,0.0,-0.3,-0.1,0.1,0.2,-16.4,-16.4,0.0,-16,3
TM,TEAM_CR,1063,907626,0.0,-0.3,-0.1,0.1,0.1,-16.4,-16.4,0.0,-16,3
TM,ADCS_MODE,MANUAL,ADCS_REFERENCE,SUN,TARGET,0.00,POINTING_ERROR,-29.47,SUN_ERROR,-29.32,MAG_ERROR,-131.73,GYRO_Z,0.131,RW_CMD,0
TM,EST_RAW,29.32,EST_FILTERED,29.32,EST_ANGLE,-330.53,EST_FILTER,ON,EST_FILTER_TYPE,MOVING_AVERAGE,EST_MA_WINDOW,1,EST_FILTER_STRENGTH,0.35
TM,EST_FUSION,ON,EST_GYRO_WEIGHT,0.98,EST_VALID,1
TM,TEAM_CR,1064,907673,0.0,-0.1,-0.2,0.2,-0.4,-16.4,-16.4,0.0,-16,3
TM,TEAM_CR,1065,907726,0.0,-0.2,-0.1,0.1,0.4,-16.4,-16.4,0.0,-16,3
TM,TEAM_CR,1066,907766,0.0,-0.4,-0.1,0.1,0.2,-16.4,-16.4,0.0,-16,3
TM,TEAM_CR,1067,907806,0.0,-0.1,-0.1,0.1,-0.2,-16.4,-16.4,0.0,-16,3
TM,TEAM_CR,1068,907846,0.0,-0.2,-0.2,0.2,0.4,-16.4,-16.4,0.0,-16,3
TM,TEAM_CR,1069,907886,0.0,-0.2,-0.1,0.1,0.3,-16.4,-16.4,0.0,-16,3
TM,TEAM_CR,1070,907926,0.0,-0.1,-0.1,0.1,0.0,-16.4,-16.4,0.0,-16,3
TM,TEAM_CR,1071,907966,0.0,-0.1,-0.1,0.1,-0.1,-16.4,-16.4,0.0,-16,3
TM,TEAM_CR,1072,908006,0.0,-0.2,-0.1,0.1,0.1,-16.4,-16.4,0.0,-16,3
TM,TEAM_CR,1073,908046,0.0,-0.3,-0.1,0.1,0.0,-16.4,-16.4,0.0,-16,3
TM,TEAM_CR,1074,908086,0.0,0.0,-0.1,0.1,-0.2,-16.4,-16.4,0.0,-16,3
TM,TEAM_CR,1075,908127,0.0,-0.2,-0.2,0.2,-0.3,-16.4,-16.4,0.0,-16,3
TM,SUN_L,3632,SUN_R,3306,SUN_NDV,0.0470,SUN_ANGLE,29.59
TM,MAG_X,-19.06,MAG_Y,21.34,MAG_Z,-11.09,MAG_HEADING,131.76
TM,GYRO_X,-1.173,GYRO_Y,-2.301,GYRO_Z,0.253,BODY_RATE,-0.253
TM,TEAM_CR,1076,908174,0.0,-0.3,-0.1,0.1,0.4,-16.4,-16.4,0.0,-16,3
TM,TEAM_CR,1077,908213,0.0,-0.1,-0.1,0.1,0.1,-16.4,-16.4,0.0,-16,3
TM,TEAM_CR,1078,908254,0.0,-0.1,-0.1,0.1,-0.4,-16.4,-16.4,0.0,-16,3
TM,TEAM_CR,1079,908306,0.0,-0.1,-0.1,0.1,0.4,-16.4,-16.4,0.0,-16,3
TM,TEAM_CR,1080,908346,0.0,-0.1,-0.1,0.1,0.3,-16.4,-16.4,0.0,-16,3
TM,TEAM_CR,1081,908386,0.0,-0.1,-0.1,0.1,-0.2,-16.4,-16.4,0.0,-16,3
TM,TEAM_CR,1082,908426,0.0,-0.2,-0.1,0.1,0.1,-16.4,-16.4,0.0,-16,3
TM,TEAM_CR,1083,908466,0.0,-0.3,-0.1,0.1,0.7,-16.4,-16.4,0.0,-16,3
TM,TEAM_CR,1084,908506,0.0,0.0,-0.1,0.1,-0.1,-16.4,-16.4,0.0,-16,3
TM,TEAM_CR,1085,908546,0.0,-0.2,-0.1,0.1,-0.6,-16.4,-16.4,0.0,-16,3
TM,TEAM_CR,1086,908586,0.0,-0.1,-0.1,0.1,0.3,-16.4,-16.4,0.0,-16,3
TM,ADCS_MODE,MANUAL,ADCS_REFERENCE,SUN,TARGET,0.00,POINTING_ERROR,-29.46,SUN_ERROR,-29.47,MAG_ERROR,-131.93,GYRO_Z,-0.245,RW_CMD,0
TM,EST_RAW,29.47,EST_FILTERED,29.47,EST_ANGLE,-330.54,EST_FILTER,ON,EST_FILTER_TYPE,MOVING_AVERAGE,EST_MA_WINDOW,1,EST_FILTER_STRENGTH,0.35
TM,EST_FUSION,ON,EST_GYRO_WEIGHT,0.98,EST_VALID,1
TM,TEAM_CR,1087,908626,0.0,-0.1,-0.1,0.1,0.5,-16.4,-16.4,0.0,-16,3
TM,TEAM_CR,1088,908674,0.0,-0.1,-0.1,0.1,-0.2,-16.4,-16.4,0.0,-16,3
TM,TEAM_CR,1089,908726,0.0,-0.2,-0.1,0.1,0.3,-16.4,-16.4,0.0,-16,3
TM,TEAM_CR,1090,908766,0.0,-0.2,-0.1,0.1,0.5,-16.4,-16.4,0.0,-16,3
TM,TEAM_CR,1091,908806,0.0,-0.1,-0.1,0.1,-0.5,-16.4,-16.4,0.0,-16,3
TM,TEAM_CR,1092,908846,0.0,0.0,-0.1,0.1,-0.1,-16.4,-16.4,0.0,-16,3
TM,TEAM_CR,1093,908886,0.0,-0.2,-0.1,0.1,0.1,-16.4,-16.4,0.0,-16,3
TM,SUN_L,3630,SUN_R,3306,SUN_NDV,0.0467,SUN_ANGLE,29.50
TM,MAG_X,-19.17,MAG_Y,21.20,MAG_Z,-10.88,MAG_HEADING,132.12
TM,GYRO_X,-1.050,GYRO_Y,-2.231,GYRO_Z,-0.219,BODY_RATE,0.219
TM,TEAM_CR,1094,908926,0.0,-0.1,-0.1,0.1,0.3,-16.4,-16.4,0.0,-16,3
TM,TEAM_CR,1095,908966,0.0,0.0,-0.1,0.1,-0.1,-16.4,-16.4,0.0,-16,3
TM,TEAM_CR,1096,909006,0.0,0.0,-0.1,0.1,0.0,-16.4,-16.4,0.0,-16,3
TM,TEAM_CR,1097,909046,0.0,-0.1,-0.1,0.1,0.6,-16.4,-16.4,0.0,-16,3
TM,TEAM_CR,1098,909086,0.0,-0.1,-0.1,0.1,-0.1,-16.4,-16.4,0.0,-16,3
TM,TEAM_CR,1099,909127,0.0,-0.1,-0.1,0.1,-0.2,-16.4,-16.4,0.0,-16,3
TM,TEAM_CR,1100,909172,0.0,0.0,-0.1,0.1,0.3,-16.4,-16.4,0.0,-16,3
TM,TEAM_CR,1101,909212,0.0,0.0,-0.1,0.1,0.1,-16.4,-16.4,0.0,-16,3
TM,TEAM_CR,1102,909252,0.0,-0.1,-0.1,0.1,-0.2,-16.4,-16.4,0.0,-16,3
TM,TEAM_CR,1103,909306,0.0,-0.2,-0.1,0.1,0.0,-16.4,-16.4,0.0,-16,3
TM,TEAM_CR,1104,909346,0.0,-0.1,-0.1,0.1,0.6,-16.4,-16.4,0.0,-16,3
TM,TEAM_CR,1105,909387,0.0,-0.1,-0.1,0.1,-0.1,-16.4,-16.4,0.0,-16,3
TM,TEAM_CR,1106,909426,0.0,-0.2,-0.1,0.1,-0.5,-16.4,-16.4,0.0,-16,3
TM,TEAM_CR,1107,909466,0.0,-0.1,-0.1,0.1,0.5,-16.4,-16.4,0.0,-16,3
TM,TEAM_CR,1108,909507,0.0,-0.2,-0.1,0.1,0.0,-16.4,-16.4,0.0,-16,3
TM,TEAM_CR,1109,909547,0.0,-0.1,-0.1,0.1,-0.2,-16.4,-16.4,0.0,-16,3
TM,ADCS_MODE,MANUAL,ADCS_REFERENCE,SUN,TARGET,0.00,POINTING_ERROR,-29.46,SUN_ERROR,-29.38,MAG_ERROR,-131.85,GYRO_Z,0.323,RW_CMD,0
TM,EST_RAW,29.38,EST_FILTERED,29.38,EST_ANGLE,-330.54,EST_FILTER,ON,EST_FILTER_TYPE,MOVING_AVERAGE,EST_MA_WINDOW,1,EST_FILTER_STRENGTH,0.35
TM,EST_FUSION,ON,EST_GYRO_WEIGHT,0.98,EST_VALID,1
TM,TEAM_CR,1110,909587,0.0,0.0,-0.1,0.1,-0.3,-16.4,-16.4,0.0,-16,3
TM,TEAM_CR,1111,909627,0.0,-0.2,-0.1,0.1,0.5,-16.4,-16.4,0.0,-16,3
TM,SUN_L,3633,SUN_R,3305,SUN_NDV,0.0473,SUN_ANGLE,29.39
TM,MAG_X,-19.12,MAG_Y,21.34,MAG_Z,-11.10,MAG_HEADING,131.85
TM,GYRO_X,-1.129,GYRO_Y,-2.266,GYRO_Z,-0.184,BODY_RATE,0.184
TM,TEAM_CR,1112,909672,0.0,0.0,-0.1,0.1,0.1,-16.4,-16.4,0.0,-16,3
TM,TEAM_CR,1113,909725,0.0,-0.1,-0.1,0.1,-0.3,-16.4,-16.4,0.0,-16,3
TM,TEAM_CR,1114,909765,0.0,-0.1,-0.1,0.1,0.5,-16.4,-16.4,0.0,-16,3
TM,TEAM_CR,1115,909805,0.0,-0.1,-0.1,0.1,0.0,-16.4,-16.4,0.0,-16,3
TM,TEAM_CR,1116,909845,0.0,-0.1,-0.1,0.1,-0.5,-16.4,-16.4,0.0,-16,3
TM,TEAM_CR,1117,909885,0.0,-0.1,-0.1,0.1,-0.2,-16.4,-16.4,0.0,-16,3
TM,TEAM_CR,1118,909926,0.0,-0.1,-0.1,0.1,0.6,-16.4,-16.4,0.0,-16,3
TM,TEAM_CR,1119,909966,0.0,0.1,-0.1,0.1,0.1,-16.4,-16.4,0.0,-16,3
TM,TEAM_CR,1120,910006,0.0,-0.1,-0.1,0.1,-0.3,-16.4,-16.4,0.0,-16,3
TM,TEAM_CR,1121,910046,0.0,-0.2,-0.1,0.1,0.3,-16.4,-16.4,0.0,-16,3
TM,TEAM_CR,1122,910086,0.0,-0.1,-0.1,0.1,0.2,-16.4,-16.4,0.0,-16,3
TM,TEAM_CR,1123,910126,0.0,0.0,-0.1,0.1,0.0,-16.4,-16.4,0.0,-16,3
TM,TEAM_CR,1124,910172,0.0,-0.1,-0.1,0.1,-0.5,-16.4,-16.4,0.0,-16,3
TM,TEAM_CR,1125,910212,0.0,-0.1,-0.1,0.1,0.3,-16.4,-16.4,0.0,-16,3
TM,TEAM_CR,1126,910252,0.0,-0.1,-0.1,0.1,0.0,-16.4,-16.4,0.0,-16,3
TM,TEAM_CR,1127,910306,0.0,0.0,-0.1,0.1,-0.3,-16.4,-16.4,0.0,-16,3
TM,TEAM_CR,1128,910346,0.0,0.0,-0.1,0.1,0.1,-16.4,-16.4,0.0,-16,3
TM,TEAM_CR,1129,910386,0.0,0.0,-0.1,0.1,0.3,-16.4,-16.4,0.0,-16,3
TM,TEAM_CR,1130,910426,0.0,-0.1,-0.1,0.1,-0.4,-16.4,-16.4,0.0,-16,3
TM,SUN_L,3631,SUN_R,3305,SUN_NDV,0.0470,SUN_ANGLE,29.53
TM,MAG_X,-19.17,MAG_Y,21.41,MAG_Z,-10.86,MAG_HEADING,131.84
TM,GYRO_X,-1.164,GYRO_Y,-2.266,GYRO_Z,0.288,BODY_RATE,-0.288
TM,TEAM_CR,1131,910466,0.0,0.0,-0.1,0.1,-0.3,-16.4,-16.4,0.0,-16,3
TM,ADCS_MODE,MANUAL,ADCS_REFERENCE,SUN,TARGET,0.00,POINTING_ERROR,-29.44,SUN_ERROR,-29.35,MAG_ERROR,-131.84,GYRO_Z,-0.097,RW_CMD,0
TM,EST_RAW,29.35,EST_FILTERED,29.35,EST_ANGLE,-330.56,EST_FILTER,ON,EST_FILTER_TYPE,MOVING_AVERAGE,EST_MA_WINDOW,1,EST_FILTER_STRENGTH,0.35
TM,EST_FUSION,ON,EST_GYRO_WEIGHT,0.98,EST_VALID,1
TM,TEAM_CR,1132,910506,0.0,0.0,-0.1,0.1,0.4,-16.4,-16.4,0.0,-16,3
TM,TEAM_CR,1133,910546,0.0,-0.2,-0.1,0.1,-0.1,-16.4,-16.4,0.0,-16,3
TM,TEAM_CR,1134,910586,0.0,-0.1,-0.1,0.1,-0.3,-16.4,-16.4,0.0,-16,3
TM,TEAM_CR,1135,910626,0.0,-0.2,-0.1,0.1,0.3,-16.4,-16.4,0.0,-16,3
TM,TEAM_CR,1136,910673,0.0,0.0,-0.1,0.1,0.4,-16.4,-16.4,0.0,-16,3
TM,TEAM_CR,1137,910726,0.0,0.0,-0.1,0.1,-0.3,-16.4,-16.4,0.0,-16,3
TM,TEAM_CR,1138,910766,0.0,0.0,-0.1,0.1,0.4,-16.4,-16.4,0.0,-16,3
TM,TEAM_CR,1139,910806,0.0,-0.1,-0.1,0.1,0.5,-16.4,-16.4,0.0,-16,3
TM,TEAM_CR,1140,910846,0.0,-0.3,-0.1,0.1,0.1,-16.4,-16.4,0.0,-16,3
TM,TEAM_CR,1141,910886,0.0,-0.1,-0.1,0.1,-0.5,-16.4,-16.4,0.0,-16,3
TM,TEAM_CR,1142,910926,0.0,0.1,-0.1,0.1,0.3,-16.4,-16.4,0.0,-16,3
TM,TEAM_CR,1143,910966,0.0,-0.2,-0.1,0.1,0.4,-16.4,-16.4,0.0,-16,3
TM,TEAM_CR,1144,911006,0.0,-0.1,-0.1,0.1,-0.1,-16.4,-16.4,0.0,-16,3
TM,TEAM_CR,1145,911046,0.0,-0.2,-0.1,0.1,-0.5,-16.4,-16.4,0.0,-16,3
TM,TEAM_CR,1146,911086,0.0,-0.1,-0.1,0.1,0.3,-16.4,-16.4,0.0,-16,3
TM,TEAM_CR,1147,911127,0.0,-0.1,-0.1,0.1,0.0,-16.4,-16.4,0.0,-16,3
TM,TEAM_CR,1148,911173,0.0,0.0,-0.1,0.1,-0.1,-16.4,-16.4,0.0,-16,3
TM,SUN_L,3632,SUN_R,3306,SUN_NDV,0.0470,SUN_ANGLE,29.34
TM,MAG_X,-18.99,MAG_Y,21.30,MAG_Z,-11.01,MAG_HEADING,131.73
TM,GYRO_X,-1.033,GYRO_Y,-2.152,GYRO_Z,0.192,BODY_RATE,-0.192
TM,TEAM_CR,1149,911213,0.0,-0.1,-0.1,0.1,0.2,-16.4,-16.4,0.0,-16,3
TM,TEAM_CR,1150,911254,0.0,0.0,-0.1,0.1,0.5,-16.4,-16.4,0.0,-16,3
TM,TEAM_CR,1151,911306,0.0,-0.2,-0.1,0.1,0.0,-16.4,-16.4,0.0,-16,3
TM,TEAM_CR,1152,911346,0.0,-0.1,-0.1,0.1,0.3,-16.4,-16.4,0.0,-16,3
TM,TEAM_CR,1153,911386,0.0,-0.2,-0.1,0.1,0.1,-16.4,-16.4,0.0,-16,3
TM,TEAM_CR,1154,911426,0.0,-0.1,-0.1,0.1,0.0,-16.4,-16.4,0.0,-16,3
TM,ADCS_MODE,MANUAL,ADCS_REFERENCE,SUN,TARGET,0.00,POINTING_ERROR,-29.43,SUN_ERROR,-29.40,MAG_ERROR,-132.03,GYRO_Z,-0.097,RW_CMD,0
TM,EST_RAW,29.40,EST_FILTERED,29.40,EST_ANGLE,-330.57,EST_FILTER,ON,EST_FILTER_TYPE,MOVING_AVERAGE,EST_MA_WINDOW,1,EST_FILTER_STRENGTH,0.35
TM,EST_FUSION,ON,EST_GYRO_WEIGHT,0.98,EST_VALID,1
TM,TEAM_CR,1155,911466,0.0,-0.1,-0.1,0.1,-0.1,-16.4,-16.4,0.0,-16,3
TM,TEAM_CR,1156,911506,0.0,-0.2,-0.1,0.1,-0.1,-16.4,-16.4,0.0,-16,3
TM,TEAM_CR,1157,911546,0.0,-0.2,-0.1,0.1,-0.1,-16.4,-16.4,0.0,-16,3
TM,TEAM_CR,1158,911586,0.0,-0.1,-0.1,0.1,-0.2,-16.4,-16.4,0.0,-16,3
TM,TEAM_CR,1159,911626,0.0,-0.2,-0.1,0.1,-0.2,-16.4,-16.4,0.0,-16,3
TM,TEAM_CR,1160,911674,0.0,-0.2,-0.1,0.1,0.4,-16.4,-16.4,0.0,-16,3
TM,TEAM_CR,1161,911726,0.0,-0.1,-0.1,0.1,0.0,-16.4,-16.4,0.0,-16,3
TM,TEAM_CR,1162,911766,0.0,-0.2,-0.1,0.1,-0.2,-16.4,-16.4,0.0,-16,3
TM,TEAM_CR,1163,911806,0.0,0.0,-0.1,0.1,0.5,-16.4,-16.4,0.0,-16,3
TM,TEAM_CR,1164,911846,0.0,-0.2,-0.1,0.1,-0.1,-16.4,-16.4,0.0,-16,3
TM,TEAM_CR,1165,911886,0.0,-0.1,-0.1,0.1,0.0,-16.4,-16.4,0.0,-16,3
TM,TEAM_CR,1166,911926,0.0,0.0,-0.1,0.1,0.5,-16.4,-16.4,0.0,-16,3
TM,SUN_L,3633,SUN_R,3307,SUN_NDV,0.0470,SUN_ANGLE,29.41
TM,MAG_X,-19.17,MAG_Y,21.31,MAG_Z,-11.10,MAG_HEADING,131.97
TM,GYRO_X,-1.260,GYRO_Y,-2.100,GYRO_Z,-0.009,BODY_RATE,0.009
TM,TEAM_CR,1167,911966,0.0,-0.1,-0.1,0.1,0.3,-16.4,-16.4,0.0,-16,3
TM,TEAM_CR,1168,912006,0.0,0.0,-0.1,0.1,-0.2,-16.4,-16.4,0.0,-16,3
TM,TEAM_CR,1169,912046,0.0,-0.1,-0.1,0.1,-0.3,-16.4,-16.4,0.0,-16,3
TM,TEAM_CR,1170,912086,0.0,-0.1,-0.1,0.1,0.4,-16.4,-16.4,0.0,-16,3
TM,TEAM_CR,1171,912127,0.0,-0.2,-0.1,0.1,0.0,-16.4,-16.4,0.0,-16,3
TM,TEAM_CR,1172,912172,0.0,-0.2,-0.1,0.1,-0.4,-16.4,-16.4,0.0,-16,3
TM,TEAM_CR,1173,912212,0.0,-0.1,-0.1,0.1,0.3,-16.4,-16.4,0.0,-16,3
TM,TEAM_CR,1174,912252,0.0,-0.1,-0.1,0.1,0.4,-16.4,-16.4,0.0,-16,3
TM,TEAM_CR,1175,912306,0.0,-0.2,-0.1,0.1,-0.3,-16.4,-16.4,0.0,-16,3
TM,TEAM_CR,1176,912346,0.0,-0.2,-0.1,0.1,-0.3,-16.4,-16.4,0.0,-16,3
TM,TEAM_CR,1177,912387,0.0,-0.1,-0.1,0.1,0.4,-16.4,-16.4,0.0,-16,3
TM,ADCS_MODE,MANUAL,ADCS_REFERENCE,SUN,TARGET,0.00,POINTING_ERROR,-29.43,SUN_ERROR,-29.54,MAG_ERROR,-132.06,GYRO_Z,0.026,RW_CMD,0
TM,EST_RAW,29.54,EST_FILTERED,29.54,EST_ANGLE,-330.57,EST_FILTER,ON,EST_FILTER_TYPE,MOVING_AVERAGE,EST_MA_WINDOW,1,EST_FILTER_STRENGTH,0.35
TM,EST_FUSION,ON,EST_GYRO_WEIGHT,0.98,EST_VALID,1
TM,TEAM_CR,1178,912426,0.0,-0.3,-0.1,0.1,-0.2,-16.4,-16.4,0.0,-16,3
TM,TEAM_CR,1179,912466,0.0,-0.1,-0.1,0.1,-0.2,-16.4,-16.4,0.0,-16,3
TM,TEAM_CR,1180,912506,0.0,-0.1,-0.1,0.1,0.4,-16.4,-16.4,0.0,-16,3
TM,TEAM_CR,1181,912546,0.0,-0.1,-0.1,0.1,0.0,-16.4,-16.4,0.0,-16,3
TM,TEAM_CR,1182,912586,0.0,-0.2,-0.1,0.1,-0.2,-16.4,-16.4,0.0,-16,3
TM,TEAM_CR,1183,912626,0.0,-0.1,-0.1,0.1,-0.3,-16.4,-16.4,0.0,-16,3
TM,TEAM_CR,1184,912672,0.0,-0.1,-0.1,0.1,0.6,-16.4,-16.4,0.0,-16,3
TM,SUN_L,3632,SUN_R,3306,SUN_NDV,0.0470,SUN_ANGLE,29.34
TM,MAG_X,-19.09,MAG_Y,21.15,MAG_Z,-10.72,MAG_HEADING,132.06
TM,GYRO_X,-1.304,GYRO_Y,-2.152,GYRO_Z,-0.027,BODY_RATE,0.027
TM,TEAM_CR,1185,912725,0.0,0.0,-0.1,0.1,-0.1,-16.4,-16.4,0.0,-16,3
TM,TEAM_CR,1186,912765,0.0,-0.2,-0.1,0.1,-0.3,-16.4,-16.4,0.0,-16,3
TM,TEAM_CR,1187,912805,0.0,-0.1,-0.1,0.1,0.2,-16.4,-16.4,0.0,-16,3
TM,TEAM_CR,1188,912845,0.0,-0.1,-0.1,0.1,0.2,-16.4,-16.4,0.0,-16,3
TM,TEAM_CR,1189,912885,0.0,0.0,-0.1,0.1,-0.4,-16.4,-16.4,0.0,-16,3
TM,TEAM_CR,1190,912926,0.0,-0.2,-0.1,0.1,0.4,-16.4,-16.4,0.0,-16,3
TM,TEAM_CR,1191,912966,0.0,0.0,-0.1,0.1,0.4,-16.4,-16.4,0.0,-16,3
TM,TEAM_CR,1192,913006,0.0,-0.1,-0.1,0.1,-0.3,-16.4,-16.4,0.0,-16,3
TM,TEAM_CR,1193,913046,0.0,-0.2,-0.1,0.1,-0.2,-16.4,-16.4,0.0,-16,3
TM,TEAM_CR,1194,913086,0.0,-0.1,-0.1,0.1,0.3,-16.4,-16.4,0.0,-16,3
TM,TEAM_CR,1195,913126,0.0,-0.1,-0.1,0.1,0.1,-16.4,-16.4,0.0,-16,3
TM,TEAM_CR,1196,913172,0.0,0.0,-0.1,0.1,-0.2,-16.4,-16.4,0.0,-16,3
TM,TEAM_CR,1197,913212,0.0,-0.3,-0.1,0.1,0.3,-16.4,-16.4,0.0,-16,3
TM,TEAM_CR,1198,913252,0.0,0.0,-0.1,0.1,0.6,-16.4,-16.4,0.0,-16,3
TM,TEAM_CR,1199,913306,0.0,0.0,-0.1,0.1,-0.1,-16.4,-16.4,0.0,-16,3
TM,TEAM_CR,1200,913346,0.0,0.0,-0.1,0.1,0.1,-16.4,-16.4,0.0,-16,3
TM,ADCS_MODE,MANUAL,ADCS_REFERENCE,SUN,TARGET,0.00,POINTING_ERROR,-29.45,SUN_ERROR,-29.50,MAG_ERROR,-131.98,GYRO_Z,-0.044,RW_CMD,0
TM,EST_RAW,29.50,EST_FILTERED,29.50,EST_ANGLE,-330.55,EST_FILTER,ON,EST_FILTER_TYPE,MOVING_AVERAGE,EST_MA_WINDOW,1,EST_FILTER_STRENGTH,0.35
TM,EST_FUSION,ON,EST_GYRO_WEIGHT,0.98,EST_VALID,1
TM,TEAM_CR,1201,913386,0.0,0.0,-0.1,0.1,0.1,-16.4,-16.4,0.0,-16,3
TM,TEAM_CR,1202,913426,0.0,-0.1,-0.1,0.1,-0.1,-16.4,-16.4,0.0,-16,3
TM,TEAM_CR,1203,913466,0.0,0.0,-0.1,0.1,-0.2,-16.4,-16.4,0.0,-16,3
TM,SUN_L,3633,SUN_R,3306,SUN_NDV,0.0471,SUN_ANGLE,29.47
TM,MAG_X,-19.14,MAG_Y,21.26,MAG_Z,-10.96,MAG_HEADING,131.98
TM,GYRO_X,-1.059,GYRO_Y,-2.196,GYRO_Z,-0.062,BODY_RATE,0.062
TM,TEAM_CR,1204,913506,0.0,-0.1,-0.1,0.1,0.4,-16.4,-16.4,0.0,-16,3
TM,TEAM_CR,1205,913546,0.0,-0.1,-0.1,0.1,0.2,-16.4,-16.4,0.0,-16,3
TM,TEAM_CR,1206,913586,0.0,-0.1,-0.1,0.1,-0.4,-16.4,-16.4,0.0,-16,3
TM,TEAM_CR,1207,913626,0.0,-0.1,-0.1,0.1,0.3,-16.4,-16.4,0.0,-16,3
TM,TEAM_CR,1208,913673,0.0,0.0,0.0,0.0,0.4,-16.4,-16.4,0.0,-16,3
TM,TEAM_CR,1209,913726,0.0,-0.2,0.0,0.0,-0.1,-16.4,-16.4,0.0,-16,3
TM,TEAM_CR,1210,913766,0.0,-0.1,-0.1,0.1,-0.2,-16.4,-16.4,0.0,-16,3
TM,TEAM_CR,1211,913806,0.0,-0.1,-0.1,0.1,0.1,-16.4,-16.4,0.0,-16,3
TM,TEAM_CR,1212,913846,0.0,-0.2,-0.1,0.1,0.0,-16.4,-16.4,0.0,-16,3
TM,TEAM_CR,1213,913886,0.0,-0.1,-0.1,0.1,-0.4,-16.4,-16.4,0.0,-16,3
TM,TEAM_CR,1214,913926,0.0,0.0,-0.1,0.1,0.6,-16.4,-16.4,0.0,-16,3
TM,TEAM_CR,1215,913966,0.0,-0.2,0.0,0.0,0.2,-16.4,-16.4,0.0,-16,3
TM,TEAM_CR,1216,914006,0.0,-0.1,-0.1,0.1,0.2,-16.4,-16.4,0.0,-16,3
TM,TEAM_CR,1217,914046,0.0,-0.1,-0.1,0.1,-0.2,-16.4,-16.4,0.0,-16,3
TM,TEAM_CR,1218,914086,0.0,-0.2,-0.1,0.1,0.3,-16.4,-16.4,0.0,-16,3
TM,TEAM_CR,1219,914127,0.0,-0.3,-0.1,0.1,0.0,-16.4,-16.4,0.0,-16,3
TM,TEAM_CR,1220,914173,0.0,-0.1,-0.1,0.1,-0.3,-16.4,-16.4,0.0,-16,3
TM,TEAM_CR,1221,914213,0.0,-0.1,-0.1,0.1,0.3,-16.4,-16.4,0.0,-16,3
TM,TEAM_CR,1222,914254,0.0,-0.2,-0.1,0.1,0.0,-16.4,-16.4,0.0,-16,3
TM,SUN_L,3633,SUN_R,3305,SUN_NDV,0.0473,SUN_ANGLE,29.36
TM,MAG_X,-19.12,MAG_Y,21.20,MAG_Z,-10.86,MAG_HEADING,132.05
TM,GYRO_X,-1.120,GYRO_Y,-2.161,GYRO_Z,0.008,BODY_RATE,-0.008
TM,TEAM_CR,1223,914306,0.0,-0.1,-0.1,0.1,-0.4,-16.4,-16.4,0.0,-16,3
TM,ADCS_MODE,MANUAL,ADCS_REFERENCE,SUN,TARGET,0.00,POINTING_ERROR,-29.43,SUN_ERROR,-29.46,MAG_ERROR,-132.05,GYRO_Z,0.166,RW_CMD,0
TM,EST_RAW,29.46,EST_FILTERED,29.46,EST_ANGLE,-330.57,EST_FILTER,ON,EST_FILTER_TYPE,MOVING_AVERAGE,EST_MA_WINDOW,1,EST_FILTER_STRENGTH,0.35
TM,EST_FUSION,ON,EST_GYRO_WEIGHT,0.98,EST_VALID,1
TM,TEAM_CR,1224,914346,0.0,-0.1,-0.1,0.1,0.1,-16.4,-16.4,0.0,-16,3
TM,TEAM_CR,1225,914386,0.0,0.1,-0.1,0.1,0.4,-16.4,-16.4,0.0,-16,3
TM,TEAM_CR,1226,914426,0.0,0.0,-0.1,0.1,-0.2,-16.4,-16.4,0.0,-16,3
TM,TEAM_CR,1227,914466,0.0,0.0,-0.1,0.1,-0.3,-16.4,-16.4,0.0,-16,3
TM,TEAM_CR,1228,914506,0.0,0.0,-0.1,0.1,0.2,-16.4,-16.4,0.0,-16,3
TM,TEAM_CR,1229,914546,0.0,-0.1,-0.1,0.1,-0.4,-16.4,-16.4,0.0,-16,3
TM,TEAM_CR,1230,914586,0.0,-0.3,-0.1,0.1,-0.3,-16.4,-16.4,0.0,-16,3
TM,TEAM_CR,1231,914626,0.0,-0.3,-0.1,0.1,0.6,-16.4,-16.4,0.0,-16,3
TM,TEAM_CR,1232,914674,0.0,0.0,-0.1,0.1,0.2,-16.4,-16.4,0.0,-16,3
TM,TEAM_CR,1233,914726,0.0,-0.3,-0.1,0.1,-0.1,-16.4,-16.4,0.0,-16,3
TM,TEAM_CR,1234,914766,0.0,-0.1,-0.1,0.1,0.2,-16.4,-16.4,0.0,-16,3
TM,TEAM_CR,1235,914806,0.0,-0.2,-0.1,0.1,0.2,-16.4,-16.4,0.0,-16,3
TM,TEAM_CR,1236,914846,0.0,-0.1,-0.1,0.1,-0.4,-16.4,-16.4,0.0,-16,3
TM,TEAM_CR,1237,914886,0.0,-0.1,-0.1,0.1,-0.2,-16.4,-16.4,0.0,-16,3
TM,TEAM_CR,1238,914926,0.0,-0.1,-0.1,0.1,0.2,-16.4,-16.4,0.0,-16,3
TM,TEAM_CR,1239,914966,0.0,-0.2,-0.1,0.1,0.0,-16.4,-16.4,0.0,-16,3
TM,TEAM_CR,1240,915006,0.0,-0.1,-0.1,0.1,-0.1,-16.4,-16.4,0.0,-16,3
TM,SUN_L,3631,SUN_R,3307,SUN_NDV,0.0467,SUN_ANGLE,29.39
TM,MAG_X,-18.99,MAG_Y,21.31,MAG_Z,-10.83,MAG_HEADING,131.71
TM,GYRO_X,-1.216,GYRO_Y,-2.118,GYRO_Z,0.096,BODY_RATE,-0.096
TM,TEAM_CR,1241,915046,0.0,0.0,-0.1,0.1,0.2,-16.4,-16.4,0.0,-16,3
TM,TEAM_CR,1242,915086,0.0,-0.1,-0.1,0.1,0.3,-16.4,-16.4,0.0,-16,3
TM,TEAM_CR,1243,915126,0.0,-0.1,-0.1,0.1,-0.3,-16.4,-16.4,0.0,-16,3
TM,TEAM_CR,1244,915173,0.0,0.0,-0.1,0.1,-0.2,-16.4,-16.4,0.0,-16,3
TM,TEAM_CR,1245,915213,0.0,0.0,-0.1,0.1,0.4,-16.4,-16.4,0.0,-16,3
TM,TEAM_CR,1246,915253,0.0,0.0,-0.1,0.1,0.0,-16.4,-16.4,0.0,-16,3
TM,ADCS_MODE,MANUAL,ADCS_REFERENCE,SUN,TARGET,0.00,POINTING_ERROR,-29.42,SUN_ERROR,-29.47,MAG_ERROR,-131.71,GYRO_Z,0.017,RW_CMD,0
TM,EST_RAW,29.47,EST_FILTERED,29.47,EST_ANGLE,-330.58,EST_FILTER,ON,EST_FILTER_TYPE,MOVING_AVERAGE,EST_MA_WINDOW,1,EST_FILTER_STRENGTH,0.35
TM,EST_FUSION,ON,EST_GYRO_WEIGHT,0.98,EST_VALID,1
TM,TEAM_CR,1247,915306,0.0,0.0,-0.1,0.1,-0.3,-16.4,-16.4,0.0,-16,3
TM,TEAM_CR,1248,915346,0.0,0.1,-0.1,0.1,0.4,-16.4,-16.4,0.0,-16,3
TM,TEAM_CR,1249,915387,0.0,0.0,-0.1,0.1,-0.1,-16.4,-16.4,0.0,-16,3
TM,TEAM_CR,1250,915426,0.0,-0.2,-0.1,0.1,0.0,-16.4,-16.4,0.0,-16,3
TM,TEAM_CR,1251,915466,0.0,0.0,-0.1,0.1,0.2,-16.4,-16.4,0.0,-16,3
TM,TEAM_CR,1252,915507,0.0,-0.2,-0.1,0.1,0.2,-16.4,-16.4,0.0,-16,3
TM,TEAM_CR,1253,915547,0.0,-0.1,-0.1,0.1,-0.4,-16.4,-16.4,0.0,-16,3
TM,TEAM_CR,1254,915587,0.0,-0.2,-0.1,0.1,-0.3,-16.4,-16.4,0.0,-16,3
TM,TEAM_CR,1255,915627,0.0,-0.1,-0.1,0.1,0.5,-16.4,-16.4,0.0,-16,3
TM,TEAM_CR,1256,915672,0.0,0.1,-0.1,0.1,0.0,-16.4,-16.4,0.0,-16,3
TM,TEAM_CR,1257,915725,0.0,-0.1,-0.1,0.1,-0.4,-16.4,-16.4,0.0,-16,3
TM,TEAM_CR,1258,915765,0.0,0.0,-0.1,0.1,0.4,-16.4,-16.4,0.0,-16,3
TM,SUN_L,3632,SUN_R,3307,SUN_NDV,0.0468,SUN_ANGLE,29.50
TM,MAG_X,-19.17,MAG_Y,21.33,MAG_Z,-10.78,MAG_HEADING,131.95
TM,GYRO_X,-1.067,GYRO_Y,-2.231,GYRO_Z,0.122,BODY_RATE,-0.122
TM,TEAM_CR,1259,915805,0.0,0.0,-0.1,0.1,-0.2,-16.4,-16.4,0.0,-16,3
TM,TEAM_CR,1260,915845,0.0,0.0,-0.1,0.1,-0.3,-16.4,-16.4,0.0,-16,3
TM,TEAM_CR,1261,915885,0.0,-0.1,-0.1,0.1,0.1,-16.4,-16.4,0.0,-16,3
TM,TEAM_CR,1262,915926,0.0,-0.1,-0.1,0.1,0.2,-16.4,-16.4,0.0,-16,3
TM,TEAM_CR,1263,915966,0.0,0.0,-0.1,0.1,-0.3,-16.4,-16.4,0.0,-16,3
TM,TEAM_CR,1264,916006,0.0,0.0,-0.1,0.1,0.0,-16.4,-16.4,0.0,-16,3
TM,TEAM_CR,1265,916046,0.0,-0.1,-0.1,0.1,0.2,-16.4,-16.4,0.0,-16,3
TM,TEAM_CR,1266,916086,0.0,-0.1,-0.1,0.1,0.1,-16.4,-16.4,0.0,-16,3
TM,TEAM_CR,1267,916126,0.0,0.0,-0.1,0.1,0.0,-16.4,-16.4,0.0,-16,3
TM,TEAM_CR,1268,916172,0.0,0.0,-0.1,0.1,0.2,-16.4,-16.4,0.0,-16,3
TM,TEAM_CR,1269,916212,0.0,-0.2,-0.1,0.1,0.2,-16.4,-16.4,0.0,-16,3
TM,ADCS_MODE,MANUAL,ADCS_REFERENCE,SUN,TARGET,0.00,POINTING_ERROR,-29.45,SUN_ERROR,-29.42,MAG_ERROR,-131.68,GYRO_Z,-0.315,RW_CMD,0
TM,EST_RAW,29.42,EST_FILTERED,29.42,EST_ANGLE,-330.55,EST_FILTER,ON,EST_FILTER_TYPE,MOVING_AVERAGE,EST_MA_WINDOW,1,EST_FILTER_STRENGTH,0.35
TM,EST_FUSION,ON,EST_GYRO_WEIGHT,0.98,EST_VALID,1
TM,TEAM_CR,1270,916252,0.0,-0.2,-0.1,0.1,-0.2,-16.4,-16.4,0.0,-16,3
TM,TEAM_CR,1271,916306,0.0,-0.1,-0.1,0.1,0.1,-16.4,-16.4,0.0,-16,3
TM,TEAM_CR,1272,916346,0.0,0.1,-0.1,0.1,0.2,-16.4,-16.4,0.0,-16,3
TM,TEAM_CR,1273,916386,0.0,-0.3,-0.1,0.1,-0.3,-16.4,-16.4,0.0,-16,3
TM,TEAM_CR,1274,916426,0.0,0.0,-0.1,0.1,-0.3,-16.4,-16.4,0.0,-16,3
TM,TEAM_CR,1275,916466,0.0,-0.2,-0.1,0.1,0.4,-16.4,-16.4,0.0,-16,3
TM,TEAM_CR,1276,916506,0.0,-0.2,-0.1,0.1,-0.2,-16.4,-16.4,0.0,-16,3
TM,SUN_L,3633,SUN_R,3307,SUN_NDV,0.0470,SUN_ANGLE,29.69
TM,MAG_X,-19.34,MAG_Y,21.30,MAG_Z,-10.67,MAG_HEADING,132.25
TM,GYRO_X,-0.971,GYRO_Y,-2.118,GYRO_Z,-0.053,BODY_RATE,0.053
TM,TEAM_CR,1277,916546,0.0,0.0,-0.1,0.1,-0.2,-16.4,-16.4,0.0,-16,3
TM,TEAM_CR,1278,916586,0.0,0.0,-0.1,0.1,0.5,-16.4,-16.4,0.0,-16,3
TM,TEAM_CR,1279,916626,0.0,-0.2,-0.1,0.1,0.5,-16.4,-16.4,0.0,-16,3
TM,TEAM_CR,1280,916673,0.0,0.0,-0.1,0.1,-0.1,-16.4,-16.4,0.0,-16,3
TM,TEAM_CR,1281,916726,0.0,-0.2,-0.1,0.1,0.6,-16.4,-16.4,0.0,-16,3
TM,TEAM_CR,1282,916766,0.0,-0.3,-0.1,0.1,0.4,-16.4,-16.4,0.0,-16,3
TM,TEAM_CR,1283,916806,0.0,-0.1,-0.1,0.1,0.1,-16.4,-16.4,0.0,-16,3
TM,TEAM_CR,1284,916846,0.0,0.1,-0.1,0.1,-0.2,-16.4,-16.4,0.0,-16,3
TM,TEAM_CR,1285,916886,0.0,0.0,0.0,0.0,0.3,-16.4,-16.4,0.0,-16,3
TM,TEAM_CR,1286,916926,0.0,0.0,0.0,0.0,-0.2,-16.4,-16.4,0.0,-16,3
TM,TEAM_CR,1287,916966,0.0,0.0,-0.1,0.1,-0.1,-16.4,-16.4,0.0,-16,3
TM,TEAM_CR,1288,917006,0.0,0.0,-0.1,0.1,0.3,-16.4,-16.4,0.0,-16,3
TM,TEAM_CR,1289,917046,0.0,-0.1,0.0,0.0,0.0,-16.4,-16.4,0.0,-16,3
TM,TEAM_CR,1290,917086,0.0,-0.1,0.0,0.0,-0.2,-16.4,-16.4,0.0,-16,3
TM,TEAM_CR,1291,917127,0.0,-0.1,-0.1,0.1,0.0,-16.4,-16.4,0.0,-16,3
TM,TEAM_CR,1292,917173,0.0,-0.2,0.0,0.0,0.5,-16.4,-16.4,0.0,-16,3
TM,ADCS_MODE,MANUAL,ADCS_REFERENCE,SUN,TARGET,0.00,POINTING_ERROR,-29.45,SUN_ERROR,-29.30,MAG_ERROR,-131.45,GYRO_Z,0.157,RW_CMD,0
TM,EST_RAW,29.30,EST_FILTERED,29.30,EST_ANGLE,-330.55,EST_FILTER,ON,EST_FILTER_TYPE,MOVING_AVERAGE,EST_MA_WINDOW,1,EST_FILTER_STRENGTH,0.35
TM,EST_FUSION,ON,EST_GYRO_WEIGHT,0.98,EST_VALID,1
TM,TEAM_CR,1293,917213,0.0,-0.2,0.0,0.0,-0.3,-16.4,-16.4,0.0,-16,3
TM,TEAM_CR,1294,917254,0.0,0.0,-0.1,0.1,-0.2,-16.4,-16.4,0.0,-16,3
TM,SUN_L,3633,SUN_R,3306,SUN_NDV,0.0471,SUN_ANGLE,29.41
TM,MAG_X,-18.99,MAG_Y,21.50,MAG_Z,-11.17,MAG_HEADING,131.45
TM,GYRO_X,-1.260,GYRO_Y,-2.249,GYRO_Z,-0.027,BODY_RATE,0.027
TM,TEAM_CR,1295,917306,0.0,0.1,0.0,0.0,0.6,-16.4,-16.4,0.0,-16,3
TM,TEAM_CR,1296,917346,0.0,-0.2,0.0,0.0,-0.1,-16.4,-16.4,0.0,-16,3
TM,TEAM_CR,1297,917386,0.0,0.0,-0.1,0.1,-0.2,-16.4,-16.4,0.0,-16,3
TM,TEAM_CR,1298,917426,0.0,-0.1,0.0,0.0,0.4,-16.4,-16.4,0.0,-16,3
TM,TEAM_CR,1299,917466,0.0,-0.3,0.0,0.0,0.3,-16.4,-16.4,0.0,-16,3
TM,TEAM_CR,1300,917506,0.0,0.0,0.0,0.0,0.0,-16.4,-16.4,0.0,-16,3
TM,TEAM_CR,1301,917546,0.0,0.0,-0.1,0.1,-0.2,-16.4,-16.4,0.0,-16,3
TM,TEAM_CR,1302,917586,0.0,-0.1,0.0,0.0,0.3,-16.4,-16.4,0.0,-16,3
TM,TEAM_CR,1303,917626,0.0,-0.2,-0.1,0.1,-0.5,-16.4,-16.4,0.0,-16,3
TM,TEAM_CR,1304,917674,0.0,0.0,-0.1,0.1,-0.2,-16.4,-16.4,0.0,-16,3
TM,TEAM_CR,1305,917726,0.0,-0.2,-0.1,0.1,0.2,-16.4,-16.4,0.0,-16,3
TM,TEAM_CR,1306,917766,0.0,-0.1,-0.1,0.1,0.0,-16.4,-16.4,0.0,-16,3
TM,TEAM_CR,1307,917806,0.0,0.0,-0.1,0.1,-0.3,-16.4,-16.4,0.0,-16,3
TM,TEAM_CR,1308,917846,0.0,-0.1,-0.1,0.1,0.3,-16.4,-16.4,0.0,-16,3
TM,TEAM_CR,1309,917886,0.0,0.1,0.0,0.0,0.0,-16.4,-16.4,0.0,-16,3
TM,TEAM_CR,1310,917926,0.0,0.1,0.0,0.0,0.0,-16.4,-16.4,0.0,-16,3
TM,TEAM_CR,1311,917966,0.0,-0.1,0.0,0.0,0.4,-16.4,-16.4,0.0,-16,3
TM,TEAM_CR,1312,918006,0.0,-0.1,0.0,0.0,0.3,-16.4,-16.4,0.0,-16,3
TM,TEAM_CR,1313,918046,0.0,0.0,0.0,0.0,-0.2,-16.4,-16.4,0.0,-16,3
TM,SUN_L,3632,SUN_R,3307,SUN_NDV,0.0468,SUN_ANGLE,29.35
TM,MAG_X,-18.90,MAG_Y,21.41,MAG_Z,-11.02,MAG_HEADING,131.43
TM,GYRO_X,-0.901,GYRO_Y,-2.188,GYRO_Z,-0.000,BODY_RATE,0.000
TM,TEAM_CR,1314,918086,0.0,0.0,0.0,0.0,0.0,-16.4,-16.4,0.0,-16,3
TM,ADCS_MODE,MANUAL,ADCS_REFERENCE,SUN,TARGET,0.00,POINTING_ERROR,-29.45,SUN_ERROR,-29.39,MAG_ERROR,-131.43,GYRO_Z,-0.097,RW_CMD,0
TM,EST_RAW,29.39,EST_FILTERED,29.39,EST_ANGLE,-330.55,EST_FILTER,ON,EST_FILTER_TYPE,MOVING_AVERAGE,EST_MA_WINDOW,1,EST_FILTER_STRENGTH,0.35
TM,EST_FUSION,ON,EST_GYRO_WEIGHT,0.98,EST_VALID,1
TM,TEAM_CR,1315,918127,0.0,0.0,0.0,0.0,0.3,-16.4,-16.4,0.0,-16,3
TM,TEAM_CR,1316,918172,0.0,0.0,0.0,0.0,-0.1,-16.4,-16.4,0.0,-16,3
TM,TEAM_CR,1317,918212,0.0,0.1,0.0,0.0,-0.5,-16.4,-16.4,0.0,-16,3
TM,TEAM_CR,1318,918252,0.0,-0.1,0.0,0.0,0.3,-16.4,-16.4,0.0,-16,3
TM,TEAM_CR,1319,918306,0.0,0.1,0.0,0.0,0.0,-16.4,-16.4,0.0,-16,3
TM,TEAM_CR,1320,918346,0.0,-0.1,0.0,0.0,-0.1,-16.4,-16.4,0.0,-16,3
TM,TEAM_CR,1321,918387,0.0,0.0,0.0,0.0,0.5,-16.4,-16.4,0.0,-16,3
TM,TEAM_CR,1322,918426,0.0,0.0,0.0,0.0,0.4,-16.4,-16.4,0.0,-16,3
TM,TEAM_CR,1323,918466,0.0,0.1,0.0,0.0,-0.3,-16.4,-16.4,0.0,-16,3
TM,TEAM_CR,1324,918507,0.0,-0.1,0.0,0.0,-0.3,-16.4,-16.4,0.0,-16,3
TM,TEAM_CR,1325,918547,0.0,0.0,0.0,0.0,0.4,-16.4,-16.4,0.0,-16,3
TM,TEAM_CR,1326,918587,0.0,0.0,0.0,0.0,-0.1,-16.4,-16.4,0.0,-16,3
TM,TEAM_CR,1327,918627,0.0,0.0,0.0,0.0,-0.2,-16.4,-16.4,0.0,-16,3
TM,TEAM_CR,1328,918672,0.0,0.0,0.0,0.0,0.5,-16.4,-16.4,0.0,-16,3
TM,TEAM_CR,1329,918725,0.0,0.0,0.0,0.0,-0.1,-16.4,-16.4,0.0,-16,3
TM,TEAM_CR,1330,918765,0.0,-0.2,0.0,0.0,-0.3,-16.4,-16.4,0.0,-16,3
TM,TEAM_CR,1331,918805,0.0,0.1,0.0,0.0,0.3,-16.4,-16.4,0.0,-16,3
TM,SUN_L,3633,SUN_R,3307,SUN_NDV,0.0470,SUN_ANGLE,29.57
TM,MAG_X,-19.15,MAG_Y,21.36,MAG_Z,-10.98,MAG_HEADING,131.88
TM,GYRO_X,-1.278,GYRO_Y,-2.214,GYRO_Z,-0.035,BODY_RATE,0.035
TM,TEAM_CR,1332,918845,0.0,0.1,0.0,0.0,0.5,-16.4,-16.4,0.0,-16,3
TM,TEAM_CR,1333,918885,0.0,-0.1,0.0,0.0,-0.2,-16.4,-16.4,0.0,-16,3
TM,TEAM_CR,1334,918926,0.0,0.0,0.0,0.0,0.3,-16.4,-16.4,0.0,-16,3
TM,TEAM_CR,1335,918966,0.0,-0.1,0.0,0.0,0.3,-16.4,-16.4,0.0,-16,3
TM,TEAM_CR,1336,919006,0.0,0.0,0.0,0.0,-0.1,-16.4,-16.4,0.0,-16,3
TM,TEAM_CR,1337,919046,0.0,-0.1,0.0,0.0,-0.4,-16.4,-16.4,0.0,-16,3
TM,ADCS_MODE,MANUAL,ADCS_REFERENCE,SUN,TARGET,0.00,POINTING_ERROR,-29.48,SUN_ERROR,-29.54,MAG_ERROR,-131.73,GYRO_Z,-0.219,RW_CMD,0
TM,EST_RAW,29.54,EST_FILTERED,29.54,EST_ANGLE,-330.52,EST_FILTER,ON,EST_FILTER_TYPE,MOVING_AVERAGE,EST_MA_WINDOW,1,EST_FILTER_STRENGTH,0.35
TM,EST_FUSION,ON,EST_GYRO_WEIGHT,0.98,EST_VALID,1
TM,TEAM_CR,1338,919086,0.0,-0.1,0.0,0.0,0.4,-16.4,-16.4,0.0,-16,3
TM,TEAM_CR,1339,919126,0.0,0.0,0.0,0.0,-0.1,-16.4,-16.4,0.0,-16,3
TM,TEAM_CR,1340,919172,0.0,0.0,0.0,0.0,-0.2,-16.4,-16.4,0.0,-16,3
TM,TEAM_CR,1341,919212,0.0,-0.1,0.0,0.0,0.3,-16.4,-16.4,0.0,-16,3
TM,TEAM_CR,1342,919252,0.0,0.0,0.0,0.0,0.3,-16.4,-16.4,0.0,-16,3
TM,TEAM_CR,1343,919306,0.0,-0.1,0.0,0.0,-0.4,-16.4,-16.4,0.0,-16,3
TM,TEAM_CR,1344,919346,0.0,-0.1,0.0,0.0,0.5,-16.4,-16.4,0.0,-16,3
TM,TEAM_CR,1345,919386,0.0,0.0,0.0,0.0,0.1,-16.4,-16.4,0.0,-16,3
TM,TEAM_CR,1346,919426,0.0,-0.1,0.0,0.0,-0.3,-16.4,-16.4,0.0,-16,3
TM,TEAM_CR,1347,919466,0.0,-0.1,0.0,0.0,-0.1,-16.4,-16.4,0.0,-16,3
TM,TEAM_CR,1348,919506,0.0,0.0,0.0,0.0,0.5,-16.4,-16.4,0.0,-16,3
TM,TEAM_CR,1349,919546,0.0,0.0,0.0,0.0,-0.1,-16.4,-16.4,0.0,-16,3
TM,SUN_L,3631,SUN_R,3307,SUN_NDV,0.0467,SUN_ANGLE,29.48
TM,MAG_X,-19.17,MAG_Y,21.28,MAG_Z,-10.99,MAG_HEADING,132.01
TM,GYRO_X,-1.216,GYRO_Y,-2.380,GYRO_Z,-0.184,BODY_RATE,0.184
TM,TEAM_CR,1350,919586,0.0,0.0,0.0,0.0,-0.1,-16.4,-16.4,0.0,-16,3
TM,TEAM_CR,1351,919626,0.0,-0.2,0.0,0.0,0.4,-16.4,-16.4,0.0,-16,3
TM,TEAM_CR,1352,919673,0.0,0.0,0.0,0.0,0.2,-16.4,-16.4,0.0,-16,3
TM,TEAM_CR,1353,919726,0.0,-0.1,0.0,0.0,-0.3,-16.4,-16.4,0.0,-16,3
TM,TEAM_CR,1354,919766,0.0,-0.1,0.0,0.0,0.4,-16.4,-16.4,0.0,-16,3
TM,TEAM_CR,1355,919806,0.0,-0.1,0.0,0.0,0.1,-16.4,-16.4,0.0,-16,3
TM,TEAM_CR,1356,919846,0.0,0.1,0.0,0.0,-0.2,-16.4,-16.4,0.0,-16,3
TM,TEAM_CR,1357,919886,0.0,0.0,0.0,0.0,0.2,-16.4,-16.4,0.0,-16,3
TM,TEAM_CR,1358,919926,0.0,0.0,0.0,0.0,0.2,-16.4,-16.4,0.0,-16,3
TM,TEAM_CR,1359,919966,0.0,-0.1,0.0,0.0,0.0,-16.4,-16.4,0.0,-16,3
TM,TEAM_CR,1360,920006,0.0,0.1,0.0,0.0,-0.2,-16.4,-16.4,0.0,-16,3
TM,ADCS_MODE,MANUAL,ADCS_REFERENCE,SUN,TARGET,0.00,POINTING_ERROR,-29.49,SUN_ERROR,-29.48,MAG_ERROR,-132.01,GYRO_Z,-0.009,RW_CMD,0
TM,EST_RAW,29.48,EST_FILTERED,29.48,EST_ANGLE,-330.51,EST_FILTER,ON,EST_FILTER_TYPE,MOVING_AVERAGE,EST_MA_WINDOW,1,EST_FILTER_STRENGTH,0.35
TM,EST_FUSION,ON,EST_GYRO_WEIGHT,0.98,EST_VALID,1
TM,TEAM_CR,1361,920046,0.0,0.0,0.0,0.0,0.5,-16.4,-16.4,0.0,-16,3
TM,TEAM_CR,1362,920086,0.0,0.0,0.0,0.0,-0.1,-16.4,-16.4,0.0,-16,3
TM,TEAM_CR,1363,920127,0.0,0.0,0.0,0.0,-0.3,-16.4,-16.4,0.0,-16,3
TM,TEAM_CR,1364,920173,0.0,0.1,0.0,0.0,0.5,-16.4,-16.4,0.0,-16,3
TM,TEAM_CR,1365,920213,0.0,0.0,0.0,0.0,0.6,-16.4,-16.4,0.0,-16,3
TM,TEAM_CR,1366,920254,0.0,0.1,0.0,0.0,-0.4,-16.4,-16.4,0.0,-16,3
TM,TEAM_CR,1367,920306,0.0,0.0,0.0,0.0,0.4,-16.4,-16.4,0.0,-16,3
TM,SUN_L,3635,SUN_R,3307,SUN_NDV,0.0472,SUN_ANGLE,29.59
TM,MAG_X,-19.04,MAG_Y,21.30,MAG_Z,-11.36,MAG_HEADING,131.80
TM,GYRO_X,-0.936,GYRO_Y,-2.152,GYRO_Z,0.148,BODY_RATE,-0.148
TM,TEAM_CR,1368,920346,0.0,0.0,0.0,0.0,0.2,-16.4,-16.4,0.0,-16,3
TM,TEAM_CR,1369,920386,0.0,-0.1,0.0,0.0,-0.1,-16.4,-16.4,0.0,-16,3
TM,TEAM_CR,1370,920426,0.0,-0.1,0.0,0.0,-0.1,-16.4,-16.4,0.0,-16,3
TM,TEAM_CR,1371,920466,0.0,0.0,0.0,0.0,0.2,-16.4,-16.4,0.0,-16,3
TM,TEAM_CR,1372,920506,0.0,0.0,0.1,-0.1,0.0,-16.4,-16.4,0.0,-16,3
TM,TEAM_CR,1373,920546,0.0,0.0,0.0,0.0,-0.3,-16.4,-16.4,0.0,-16,3
TM,TEAM_CR,1374,920586,0.0,0.1,0.0,0.0,0.4,-16.4,-16.4,0.0,-16,3
TM,TEAM_CR,1375,920626,0.0,0.0,0.0,0.0,-0.2,-16.4,-16.4,0.0,-16,3
TM,TEAM_CR,1376,920674,0.0,0.1,0.0,0.0,-0.3,-16.4,-16.4,0.0,-16,3
TM,TEAM_CR,1377,920726,0.0,0.2,0.0,0.0,0.3,-16.4,-16.4,0.0,-16,3
TM,TEAM_CR,1378,920766,0.0,0.0,0.1,-0.1,0.2,-16.4,-16.4,0.0,-16,3
TM,TEAM_CR,1379,920806,0.0,-0.1,0.0,0.0,-0.3,-16.4,-16.4,0.0,-16,3
TM,TEAM_CR,1380,920846,0.0,0.1,0.1,-0.1,0.6,-16.4,-16.4,0.0,-16,3
TM,TEAM_CR,1381,920886,0.0,0.1,0.1,-0.1,0.4,-16.4,-16.4,0.0,-16,3
TM,TEAM_CR,1382,920926,0.0,0.1,0.1,-0.1,-0.4,-16.4,-16.4,0.0,-16,3
TM,TEAM_CR,1383,920966,0.0,0.0,0.0,0.0,-0.5,-16.4,-16.4,0.0,-16,3
TM,ADCS_MODE,MANUAL,ADCS_REFERENCE,SUN,TARGET,0.00,POINTING_ERROR,-29.50,SUN_ERROR,-29.53,MAG_ERROR,-131.93,GYRO_Z,-0.228,RW_CMD,0
TM,EST_RAW,29.53,EST_FILTERED,29.53,EST_ANGLE,-330.50,EST_FILTER,ON,EST_FILTER_TYPE,MOVING_AVERAGE,EST_MA_WINDOW,1,EST_FILTER_STRENGTH,0.35
TM,EST_FUSION,ON,EST_GYRO_WEIGHT,0.98,EST_VALID,1
TM,TEAM_CR,1384,921006,0.0,-0.1,0.1,-0.1,0.3,-16.4,-16.4,0.0,-16,3
TM,TEAM_CR,1385,921046,0.0,-0.1,0.0,0.0,-0.1,-16.4,-16.4,0.0,-16,3
TM,SUN_L,3631,SUN_R,3306,SUN_NDV,0.0469,SUN_ANGLE,29.64
TM,MAG_X,-19.17,MAG_Y,21.34,MAG_Z,-11.01,MAG_HEADING,131.93
TM,GYRO_X,-1.033,GYRO_Y,-2.328,GYRO_Z,-0.158,BODY_RATE,0.158
TM,TEAM_CR,1386,921086,0.0,0.1,0.0,0.0,-0.5,-16.4,-16.4,0.0,-16,3
TM,TEAM_CR,1387,921127,0.0,0.1,0.0,0.0,0.5,-16.4,-16.4,0.0,-16,3
TM,TEAM_CR,1388,921172,0.0,0.1,0.1,-0.1,0.3,-16.4,-16.4,0.0,-16,3
TM,TEAM_CR,1389,921212,0.0,-0.1,0.0,0.0,-0.2,-16.4,-16.4,0.0,-16,3
TM,TEAM_CR,1390,921252,0.0,0.0,0.0,0.0,0.2,-16.4,-16.4,0.0,-16,3
TM,TEAM_CR,1391,921306,0.0,0.1,0.1,-0.1,0.1,-16.4,-16.4,0.0,-16,3
TM,TEAM_CR,1392,921346,0.0,0.0,0.1,-0.1,-0.2,-16.4,-16.4,0.0,-16,3
TM,TEAM_CR,1393,921387,0.0,0.0,0.0,0.0,0.3,-16.4,-16.4,0.0,-16,3
TM,TEAM_CR,1394,921426,0.0,0.1,0.1,-0.1,0.3,-16.4,-16.4,0.0,-16,3
TM,TEAM_CR,1395,921466,0.0,0.0,0.1,-0.1,-0.2,-16.4,-16.4,0.0,-16,3
TM,TEAM_CR,1396,921506,0.0,-0.1,0.0,0.0,-0.2,-16.4,-16.4,0.0,-16,3
TM,TEAM_CR,1397,921546,0.0,-0.1,0.1,-0.1,0.4,-16.4,-16.4,0.0,-16,3
TM,TEAM_CR,1398,921586,0.0,0.0,0.1,-0.1,0.1,-16.4,-16.4,0.0,-16,3
TM,TEAM_CR,1399,921626,0.0,0.1,0.1,-0.1,-0.1,-16.4,-16.4,0.0,-16,3
TM,TEAM_CR,1400,921672,0.0,0.0,0.1,-0.1,0.0,-16.4,-16.4,0.0,-16,3
TM,TEAM_CR,1401,921725,0.0,0.2,0.1,-0.1,-0.1,-16.4,-16.4,0.0,-16,3
TM,TEAM_CR,1402,921765,0.0,0.0,0.1,-0.1,0.1,-16.4,-16.4,0.0,-16,3
TM,TEAM_CR,1403,921805,0.0,0.0,0.1,-0.1,0.1,-16.4,-16.4,0.0,-16,3
TM,TEAM_CR,1404,921845,0.0,0.0,0.1,-0.1,-0.2,-16.4,-16.4,0.0,-16,3
TM,SUN_L,3633,SUN_R,3308,SUN_NDV,0.0468,SUN_ANGLE,29.42
TM,MAG_X,-19.18,MAG_Y,21.28,MAG_Z,-10.98,MAG_HEADING,132.03
TM,GYRO_X,-1.173,GYRO_Y,-2.196,GYRO_Z,0.043,BODY_RATE,-0.043
TM,TEAM_CR,1405,921885,0.0,0.1,0.1,-0.1,-0.4,-16.4,-16.4,0.0,-16,3
TM,ADCS_MODE,MANUAL,ADCS_REFERENCE,SUN,TARGET,0.00,POINTING_ERROR,-29.49,SUN_ERROR,-29.49,MAG_ERROR,-131.89,GYRO_Z,0.026,RW_CMD,0
TM,EST_RAW,29.49,EST_FILTERED,29.49,EST_ANGLE,-330.51,EST_FILTER,ON,EST_FILTER_TYPE,MOVING_AVERAGE,EST_MA_WINDOW,1,EST_FILTER_STRENGTH,0.35
TM,EST_FUSION,ON,EST_GYRO_WEIGHT,0.98,EST_VALID,1
TM,TEAM_CR,1406,921926,0.0,-0.2,0.0,0.0,0.1,-16.4,-16.4,0.0,-16,3
TM,TEAM_CR,1407,921966,0.0,0.0,0.1,-0.1,0.4,-16.4,-16.4,0.0,-16,3
TM,TEAM_CR,1408,922006,0.0,-0.1,0.1,-0.1,-0.1,-16.4,-16.4,0.0,-16,3
TM,TEAM_CR,1409,922046,0.0,0.1,0.0,0.0,-0.1,-16.4,-16.4,0.0,-16,3
TM,TEAM_CR,1410,922086,0.0,0.2,0.1,-0.1,0.4,-16.4,-16.4,0.0,-16,3
TM,TEAM_CR,1411,922126,0.0,0.1,0.1,-0.1,-0.2,-16.4,-16.4,0.0,-16,3
TM,TEAM_CR,1412,922172,0.0,0.1,0.1,-0.1,-0.3,-16.4,-16.4,0.0,-16,3
TM,TEAM_CR,1413,922212,0.0,-0.3,0.1,-0.1,0.3,-16.4,-16.4,0.0,-16,3
TM,TEAM_CR,1414,922252,0.0,-0.1,0.1,-0.1,0.0,-16.4,-16.4,0.0,-16,3
TM,TEAM_CR,1415,922306,0.0,-0.1,0.0,0.0,-0.3,-16.4,-16.4,0.0,-16,3
TM,TEAM_CR,1416,922346,0.0,-0.1,0.0,0.0,0.4,-16.4,-16.4,0.0,-16,3
TM,TEAM_CR,1417,922386,0.0,-0.1,0.1,-0.1,0.1,-16.4,-16.4,0.0,-16,3
TM,TEAM_CR,1418,922426,0.0,-0.1,0.0,0.0,-0.1,-16.4,-16.4,0.0,-16,3
TM,TEAM_CR,1419,922466,0.0,-0.3,0.0,0.0,0.4,-16.4,-16.4,0.0,-16,3
TM,TEAM_CR,1420,922506,0.0,-0.2,0.0,0.0,0.5,-16.4,-16.4,0.0,-16,3
TM,TEAM_CR,1421,922546,0.0,0.1,0.0,0.0,-0.1,-16.4,-16.4,0.0,-16,3
TM,TEAM_CR,1422,922586,0.0,0.0,0.0,0.0,-0.1,-16.4,-16.4,0.0,-16,3
TM,SUN_L,3632,SUN_R,3306,SUN_NDV,0.0470,SUN_ANGLE,29.45
TM,MAG_X,-19.15,MAG_Y,21.36,MAG_Z,-10.82,MAG_HEADING,131.88
TM,GYRO_X,-0.858,GYRO_Y,-2.196,GYRO_Z,-0.053,BODY_RATE,0.053
TM,TEAM_CR,1423,922626,0.0,0.0,0.1,-0.1,0.3,-16.4,-16.4,0.0,-16,3
TM,TEAM_CR,1424,922673,0.0,-0.1,0.0,0.0,-0.2,-16.4,-16.4,0.0,-16,3
TM,TEAM_CR,1425,922726,0.0,0.0,0.0,0.0,-0.1,-16.4,-16.4,0.0,-16,3
TM,TEAM_CR,1426,922766,0.0,0.1,0.0,0.0,0.4,-16.4,-16.4,0.0,-16,3
TM,TEAM_CR,1427,922806,0.0,-0.1,0.0,0.0,-0.1,-16.4,-16.4,0.0,-16,3
TM,TEAM_CR,1428,922846,0.0,0.0,0.0,0.0,-0.4,-16.4,-16.4,0.0,-16,3
TM,ADCS_MODE,MANUAL,ADCS_REFERENCE,SUN,TARGET,0.00,POINTING_ERROR,-29.49,SUN_ERROR,-29.30,MAG_ERROR,-131.88,GYRO_Z,-0.105,RW_CMD,0
TM,EST_RAW,29.30,EST_FILTERED,29.30,EST_ANGLE,-330.51,EST_FILTER,ON,EST_FILTER_TYPE,MOVING_AVERAGE,EST_MA_WINDOW,1,EST_FILTER_STRENGTH,0.35
TM,EST_FUSION,ON,EST_GYRO_WEIGHT,0.98,EST_VALID,1
TM,TEAM_CR,1429,922886,0.0,0.0,0.0,0.0,0.4,-16.4,-16.4,0.0,-16,3
TM,TEAM_CR,1430,922926,0.0,0.0,0.0,0.0,0.0,-16.4,-16.4,0.0,-16,3
TM,TEAM_CR,1431,922966,0.0,0.1,0.0,0.0,-0.5,-16.4,-16.4,0.0,-16,3
TM,TEAM_CR,1432,923006,0.0,-0.2,0.0,0.0,0.5,-16.4,-16.4,0.0,-16,3
TM,TEAM_CR,1433,923046,0.0,0.1,0.0,0.0,0.3,-16.4,-16.4,0.0,-16,3
TM,TEAM_CR,1434,923086,0.0,-0.1,0.0,0.0,-0.2,-16.4,-16.4,0.0,-16,3
TM,TEAM_CR,1435,923126,0.0,0.1,0.0,0.0,-0.1,-16.4,-16.4,0.0,-16,3
TM,TEAM_CR,1436,923173,0.0,0.1,0.0,0.0,0.4,-16.4,-16.4,0.0,-16,3
TM,TEAM_CR,1437,923213,0.0,0.0,0.0,0.0,-0.2,-16.4,-16.4,0.0,-16,3
TM,TEAM_CR,1438,923254,0.0,0.1,0.0,0.0,0.0,-16.4,-16.4,0.0,-16,3
TM,TEAM_CR,1439,923306,0.0,0.1,0.1,-0.1,0.5,-16.4,-16.4,0.0,-16,3
TM,TEAM_CR,1440,923346,0.0,-0.1,0.1,-0.1,0.0,-16.4,-16.4,0.0,-16,3
TM,SUN_L,3632,SUN_R,3307,SUN_NDV,0.0468,SUN_ANGLE,29.53
TM,MAG_X,-19.12,MAG_Y,21.31,MAG_Z,-10.99,MAG_HEADING,131.90
TM,GYRO_X,-1.190,GYRO_Y,-2.459,GYRO_Z,-0.009,BODY_RATE,0.009
TM,TEAM_CR,1441,923386,0.0,-0.3,0.0,0.0,0.0,-16.4,-16.4,0.0,-16,3
TM,TEAM_CR,1442,923426,0.0,-0.8,0.0,0.0,0.3,-16.4,-16.4,0.0,-16,3
TM,TEAM_CR,1443,923466,0.0,-1.2,0.0,0.0,0.0,-16.4,-16.4,0.0,-16,3
TM,TEAM_CR,1444,923506,0.0,-1.1,-0.1,0.1,-0.1,-16.4,-16.4,0.0,-16,3
TM,TEAM_CR,1445,923546,0.0,-1.0,-0.1,0.1,0.5,-16.4,-16.4,0.0,-16,3
TM,TEAM_CR,1446,923586,0.0,-1.1,-0.1,0.1,0.3,-16.4,-16.4,0.0,-16,3
TM,TEAM_CR,1447,923626,0.0,-1.1,-0.2,0.2,0.0,-16.4,-16.4,0.0,-16,3
TM,TEAM_CR,1448,923674,0.0,-1.3,-0.2,0.2,0.1,-16.4,-16.4,0.0,-16,3
TM,TEAM_CR,1449,923726,0.0,-1.2,-0.2,0.2,0.4,-16.4,-16.4,0.0,-16,3
TM,TEAM_CR,1450,923766,0.0,-1.0,-0.3,0.3,-0.1,-16.4,-16.4,0.0,-16,3
TM,TEAM_CR,1451,923806,0.0,-0.8,-0.3,0.3,0.1,-16.4,-16.4,0.0,-16,3
TM,ADCS_MODE,MANUAL,ADCS_REFERENCE,SUN,TARGET,0.00,POINTING_ERROR,-29.50,SUN_ERROR,-29.69,MAG_ERROR,-131.96,GYRO_Z,-0.027,RW_CMD,0
TM,EST_RAW,29.69,EST_FILTERED,29.69,EST_ANGLE,-330.50,EST_FILTER,ON,EST_FILTER_TYPE,MOVING_AVERAGE,EST_MA_WINDOW,1,EST_FILTER_STRENGTH,0.35
TM,EST_FUSION,ON,EST_GYRO_WEIGHT,0.98,EST_VALID,1
TM,TEAM_CR,1452,923846,0.0,-0.8,-0.3,0.3,0.4,-16.4,-16.4,0.0,-16,3
TM,TEAM_CR,1453,923886,0.0,-0.8,-0.3,0.3,0.0,-16.4,-16.4,0.0,-16,3
TM,TEAM_CR,1454,923926,0.0,-0.8,-0.3,0.3,0.2,-16.4,-16.4,0.0,-16,3
TM,TEAM_CR,1455,923966,0.0,-0.6,-0.3,0.3,0.6,-16.4,-16.4,0.0,-16,3
TM,TEAM_CR,1456,924006,0.0,-0.8,-0.3,0.3,0.0,-16.4,-16.4,0.0,-16,3
TM,TEAM_CR,1457,924046,0.0,-0.7,-0.4,0.4,-0.2,-16.4,-16.4,0.0,-16,3
TM,TEAM_CR,1458,924086,0.0,-0.5,-0.4,0.4,0.4,-16.4,-16.4,0.0,-16,3
TM,SUN_L,3633,SUN_R,3306,SUN_NDV,0.0471,SUN_ANGLE,29.43
TM,MAG_X,-19.10,MAG_Y,21.25,MAG_Z,-10.86,MAG_HEADING,131.96
TM,GYRO_X,-1.015,GYRO_Y,-2.406,GYRO_Z,0.210,BODY_RATE,-0.210
TM,TEAM_CR,1459,924127,0.0,-0.8,-0.4,0.4,0.0,-16.4,-16.4,0.0,-16,3
TM,TEAM_CR,1460,924172,0.0,-0.6,-0.4,0.4,0.0,-16.4,-16.4,0.0,-16,3
TM,TEAM_CR,1461,924212,0.0,-0.7,-0.4,0.4,0.1,-16.4,-16.4,0.0,-16,3
TM,TEAM_CR,1462,924252,0.0,-0.8,-0.4,0.4,0.3,-16.4,-16.4,0.0,-16,3
TM,TEAM_CR,1463,924306,0.0,-0.8,-0.4,0.4,-0.1,-16.4,-16.4,0.0,-16,3
TM,TEAM_CR,1464,924346,0.0,-0.9,-0.4,0.4,0.2,-16.4,-16.4,0.0,-16,3
TM,TEAM_CR,1465,924387,0.0,-0.8,-0.4,0.4,0.3,-16.4,-16.4,0.0,-16,3
TM,TEAM_CR,1466,924426,0.0,-0.9,-0.5,0.5,0.0,-16.4,-16.4,0.0,-16,3
TM,TEAM_CR,1467,924466,0.0,-0.8,-0.5,0.5,-0.2,-16.4,-16.4,0.0,-16,3
TM,TEAM_CR,1468,924506,0.0,-0.6,-0.5,0.5,0.6,-16.4,-16.4,0.0,-16,3
TM,TEAM_CR,1469,924546,0.0,-0.8,-0.5,0.5,0.1,-16.4,-16.4,0.0,-16,3
TM,TEAM_CR,1470,924586,0.0,-0.6,-0.5,0.5,0.1,-16.4,-16.4,0.0,-16,3
TM,TEAM_CR,1471,924626,0.0,-0.6,-0.5,0.5,0.4,-16.4,-16.4,0.0,-16,3
TM,TEAM_CR,1472,924672,0.0,-0.8,-0.5,0.5,-0.2,-16.4,-16.4,0.0,-16,3
TM,TEAM_CR,1473,924725,0.0,-0.8,-0.5,0.5,0.1,-16.4,-16.4,0.0,-16,3
TM,TEAM_CR,1474,924765,0.0,-0.6,-0.5,0.5,0.2,-16.4,-16.4,0.0,-16,3
TM,ADCS_MODE,MANUAL,ADCS_REFERENCE,SUN,TARGET,0.00,POINTING_ERROR,-29.49,SUN_ERROR,-29.48,MAG_ERROR,-131.83,GYRO_Z,-0.000,RW_CMD,0
TM,EST_RAW,29.48,EST_FILTERED,29.48,EST_ANGLE,-330.51,EST_FILTER,ON,EST_FILTER_TYPE,MOVING_AVERAGE,EST_MA_WINDOW,1,EST_FILTER_STRENGTH,0.35
TM,EST_FUSION,ON,EST_GYRO_WEIGHT,0.98,EST_VALID,1
TM,TEAM_CR,1475,924805,0.0,-0.6,-0.5,0.5,0.0,-16.4,-16.4,0.0,-16,3
TM,TEAM_CR,1476,924845,0.0,-0.6,-0.5,0.5,-0.1,-16.4,-16.4,0.0,-16,3
TM,SUN_L,3633,SUN_R,3307,SUN_NDV,0.0470,SUN_ANGLE,29.51
TM,MAG_X,-19.17,MAG_Y,21.30,MAG_Z,-11.07,MAG_HEADING,131.99
TM,GYRO_X,-1.024,GYRO_Y,-1.986,GYRO_Z,0.078,BODY_RATE,-0.078
TM,TEAM_CR,1477,924885,0.0,-0.6,-0.5,0.5,0.1,-16.4,-16.4,0.0,-16,3
TM,TEAM_CR,1478,924926,0.0,-0.4,-0.5,0.5,0.1,-16.4,-16.4,0.0,-16,3
TM,TEAM_CR,1479,924966,0.0,-0.5,-0.5,0.5,0.1,-16.4,-16.4,0.0,-16,3
TM,TEAM_CR,1480,925006,0.0,-0.6,-0.5,0.5,0.0,-16.4,-16.4,0.0,-16,3
TM,TEAM_CR,1481,925046,0.0,-0.4,-0.5,0.5,0.3,-16.4,-16.4,0.0,-16,3
TM,TEAM_CR,1482,925086,0.0,-0.4,-0.5,0.5,0.0,-16.4,-16.4,0.0,-16,3
TM,TEAM_CR,1483,925126,0.0,-0.4,-0.5,0.5,-0.2,-16.4,-16.4,0.0,-16,3
TM,TEAM_CR,1484,925172,0.0,-0.4,-0.5,0.5,0.4,-16.4,-16.4,0.0,-16,3
TM,TEAM_CR,1485,925212,0.0,-0.5,-0.5,0.5,-0.2,-16.4,-16.4,0.0,-16,3
TM,TEAM_CR,1486,925252,0.0,-0.4,-0.5,0.5,-0.3,-16.4,-16.4,0.0,-16,3
TM,TEAM_CR,1487,925306,0.0,-0.4,-0.5,0.5,0.5,-16.4,-16.4,0.0,-16,3
TM,TEAM_CR,1488,925346,0.0,-0.4,-0.4,0.4,0.0,-16.4,-16.4,0.0,-16,3
TM,TEAM_CR,1489,925386,0.0,-0.4,-0.5,0.5,-0.2,-16.4,-16.4,0.0,-16,3
TM,TEAM_CR,1490,925426,0.0,-0.2,-0.4,0.4,0.3,-16.4,-16.4,0.0,-16,3
TM,TEAM_CR,1491,925466,0.0,-0.2,-0.4,0.4,0.2,-16.4,-16.4,0.0,-16,3
TM,TEAM_CR,1492,925506,0.0,-0.3,-0.4,0.4,0.0,-16.4,-16.4,0.0,-16,3
TM,TEAM_CR,1493,925546,0.0,-0.3,-0.4,0.4,0.3,-16.4,-16.4,0.0,-16,3
TM,TEAM_CR,1494,925586,0.0,-0.4,-0.4,0.4,0.4,-16.4,-16.4,0.0,-16,3
TM,TEAM_CR,1495,925626,0.0,-0.3,-0.4,0.4,-0.3,-16.4,-16.4,0.0,-16,3
TM,SUN_L,3633,SUN_R,3307,SUN_NDV,0.0470,SUN_ANGLE,29.47
TM,MAG_X,-19.17,MAG_Y,21.22,MAG_Z,-10.78,MAG_HEADING,132.10
TM,GYRO_X,-1.085,GYRO_Y,-2.223,GYRO_Z,-0.219,BODY_RATE,0.219
TM,TEAM_CR,1496,925673,0.0,-0.2,-0.4,0.4,-0.2,-16.4,-16.4,0.0,-16,3
TM,ADCS_MODE,MANUAL,ADCS_REFERENCE,SUN,TARGET,0.00,POINTING_ERROR,-29.48,SUN_ERROR,-29.34,MAG_ERROR,-132.10,GYRO_Z,-0.210,RW_CMD,0
TM,EST_RAW,29.34,EST_FILTERED,29.34,EST_ANGLE,-330.52,EST_FILTER,ON,EST_FILTER_TYPE,MOVING_AVERAGE,EST_MA_WINDOW,1,EST_FILTER_STRENGTH,0.35
TM,EST_FUSION,ON,EST_GYRO_WEIGHT,0.98,EST_VALID,1
TM,TEAM_CR,1497,925726,0.0,-0.4,-0.4,0.4,0.1,-16.4,-16.4,0.0,-16,3
TM,TEAM_CR,1498,925766,0.0,-0.4,-0.4,0.4,0.0,-16.4,-16.4,0.0,-16,3
TM,TEAM_CR,1499,925806,0.0,-0.4,-0.4,0.4,-0.2,-16.4,-16.4,0.0,-16,3
TM,TEAM_CR,1500,925846,0.0,-0.3,-0.4,0.4,0.2,-16.4,-16.4,0.0,-16,3
TM,TEAM_CR,1501,925886,0.0,-0.4,-0.4,0.4,-0.1,-16.4,-16.4,0.0,-16,3
TM,TEAM_CR,1502,925926,0.0,-0.3,-0.4,0.4,-0.2,-16.4,-16.4,0.0,-16,3
TM,TEAM_CR,1503,925966,0.0,-0.4,-0.4,0.4,0.2,-16.4,-16.4,0.0,-16,3
TM,TEAM_CR,1504,926006,0.0,-0.3,-0.4,0.4,0.0,-16.4,-16.4,0.0,-16,3
TM,TEAM_CR,1505,926046,0.0,-0.4,-0.4,0.4,0.1,-16.4,-16.4,0.0,-16,3
TM,TEAM_CR,1506,926086,0.0,-0.5,-0.4,0.4,0.3,-16.4,-16.4,0.0,-16,3
TM,TEAM_CR,1507,926127,0.0,-0.3,-0.4,0.4,0.3,-16.4,-16.4,0.0,-16,3
TM,TEAM_CR,1508,926173,0.0,-0.4,-0.4,0.4,-0.1,-16.4,-16.4,0.0,-16,3
TM,TEAM_CR,1509,926213,0.0,-0.3,-0.3,0.3,0.3,-16.4,-16.4,0.0,-16,3
TM,TEAM_CR,1510,926254,0.0,-0.2,-0.3,0.3,0.2,-16.4,-16.4,0.0,-16,3
TM,TEAM_CR,1511,926306,0.0,-0.3,-0.3,0.3,-0.1,-16.4,-16.4,0.0,-16,3
TM,TEAM_CR,1512,926346,0.0,-0.2,-0.3,0.3,0.1,-16.4,-16.4,0.0,-16,3
TM,TEAM_CR,1513,926386,0.0,-0.3,-0.3,0.3,0.3,-16.4,-16.4,0.0,-16,3
TM,SUN_L,3633,SUN_R,3307,SUN_NDV,0.0470,SUN_ANGLE,29.38
TM,MAG_X,-19.02,MAG_Y,21.28,MAG_Z,-10.77,MAG_HEADING,131.80
TM,GYRO_X,-1.120,GYRO_Y,-2.494,GYRO_Z,-0.088,BODY_RATE,0.088
TM,TEAM_CR,1514,926426,0.0,-0.3,-0.3,0.3,0.1,-16.4,-16.4,0.0,-16,3
TM,TEAM_CR,1515,926466,0.0,-0.2,-0.3,0.3,-0.1,-16.4,-16.4,0.0,-16,3
TM,TEAM_CR,1516,926506,0.0,-0.2,-0.3,0.3,0.3,-16.4,-16.4,0.0,-16,3
TM,TEAM_CR,1517,926546,0.0,-0.2,-0.3,0.3,0.0,-16.4,-16.4,0.0,-16,3
TM,TEAM_CR,1518,926586,0.0,-0.3,-0.3,0.3,-0.2,-16.4,-16.4,0.0,-16,3
TM,TEAM_CR,1519,926626,0.0,-0.3,-0.3,0.3,0.2,-16.4,-16.4,0.0,-16,3
TM,ADCS_MODE,MANUAL,ADCS_REFERENCE,SUN,TARGET,0.00,POINTING_ERROR,-29.48,SUN_ERROR,-29.59,MAG_ERROR,-131.98,GYRO_Z,0.035,RW_CMD,0
TM,EST_RAW,29.59,EST_FILTERED,29.59,EST_ANGLE,-330.52,EST_FILTER,ON,EST_FILTER_TYPE,MOVING_AVERAGE,EST_MA_WINDOW,1,EST_FILTER_STRENGTH,0.35
TM,EST_FUSION,ON,EST_GYRO_WEIGHT,0.98,EST_VALID,1
TM,TEAM_CR,1520,926674,0.0,-0.3,-0.3,0.3,0.1,-16.4,-16.4,0.0,-16,3
TM,TEAM_CR,1521,926726,0.0,-0.3,-0.3,0.3,-0.1,-16.4,-16.4,0.0,-16,3
TM,TEAM_CR,1522,926766,0.0,-0.2,-0.3,0.3,-0.2,-16.4,-16.4,0.0,-16,3
TM,TEAM_CR,1523,926806,0.0,-0.2,-0.3,0.3,0.0,-16.4,-16.4,0.0,-16,3
TM,TEAM_CR,1524,926846,0.0,-0.2,-0.3,0.3,-0.1,-16.4,-16.4,0.0,-16,3
TM,TEAM_CR,1525,926886,0.0,-0.2,-0.3,0.3,0.3,-16.4,-16.4,0.0,-16,3
TM,TEAM_CR,1526,926926,0.0,-0.2,-0.3,0.3,0.3,-16.4,-16.4,0.0,-16,3
TM,TEAM_CR,1527,926966,0.0,-0.1,-0.3,0.3,0.1,-16.4,-16.4,0.0,-16,3
TM,TEAM_CR,1528,927006,0.0,-0.3,-0.3,0.3,-0.2,-16.4,-16.4,0.0,-16,3
TM,TEAM_CR,1529,927046,0.0,-0.1,-0.2,0.2,0.4,-16.4,-16.4,0.0,-16,3
TM,TEAM_CR,1530,927086,0.0,-0.3,-0.3,0.3,-0.2,-16.4,-16.4,0.0,-16,3
TM,TEAM_CR,1531,927127,0.0,-0.4,-0.3,0.3,0.0,-16.4,-16.4,0.0,-16,3
TM,SUN_L,3635,SUN_R,3307,SUN_NDV,0.0472,SUN_ANGLE,29.41
TM,MAG_X,-19.14,MAG_Y,21.26,MAG_Z,-10.83,MAG_HEADING,131.98
TM,GYRO_X,-1.260,GYRO_Y,-2.126,GYRO_Z,-0.132,BODY_RATE,0.132
TM,TEAM_CR,1532,927172,0.0,-0.3,-0.2,0.2,0.4,-16.4,-16.4,0.0,-16,3
TM,TEAM_CR,1533,927212,0.0,-0.4,-0.2,0.2,0.1,-16.4,-16.4,0.0,-16,3
TM,TEAM_CR,1534,927252,0.0,-0.3,-0.3,0.3,-0.2,-16.4,-16.4,0.0,-16,3
TM,TEAM_CR,1535,927306,0.0,-24.7,-0.7,0.7,0.4,-16.4,-16.4,0.0,-16,3
TM,TEAM_CR,1536,927346,0.0,-52.2,-2.6,2.6,-0.3,-10.9,-16.4,0.0,-12,3
TM,TEAM_CR,1537,927386,0.0,0.2,-3.8,3.8,0.3,-1.5,-16.2,0.0,-1,0
TM,TEAM_CR,1538,927426,0.0,0.2,-3.6,3.6,2.2,-6.1,-16.1,0.0,-5,0
TM,TEAM_CR,1539,927466,0.0,0.2,-3.4,3.4,1.8,-6.0,-16.0,0.0,-6,0
TM,TEAM_CR,1540,927506,0.0,0.2,-3.2,3.2,0.9,-4.8,-15.8,0.0,-5,0
TM,TEAM_CR,1541,927546,0.0,0.2,-3.0,3.0,1.0,-5.6,-15.7,0.0,-6,0
TM,TEAM_CR,1542,927586,0.0,0.2,-2.9,2.9,0.9,-6.0,-15.6,0.0,-6,0
TM,ADCS_MODE,MANUAL,ADCS_REFERENCE,SUN,TARGET,0.00,POINTING_ERROR,-29.46,SUN_ERROR,-29.58,MAG_ERROR,-132.08,GYRO_Z,-0.035,RW_CMD,0
TM,EST_RAW,29.58,EST_FILTERED,29.58,EST_ANGLE,-330.54,EST_FILTER,ON,EST_FILTER_TYPE,MOVING_AVERAGE,EST_MA_WINDOW,1,EST_FILTER_STRENGTH,0.35
TM,EST_FUSION,ON,EST_GYRO_WEIGHT,0.98,EST_VALID,1
TM,TEAM_CR,1543,927626,0.0,0.2,-2.7,2.7,1.4,-7.5,-15.5,0.0,-8,0
TM,TEAM_CR,1544,927673,0.0,0.2,-2.5,2.5,1.4,-8.2,-15.4,0.0,-8,0
TM,TEAM_CR,1545,927726,0.0,0.2,-2.3,2.3,2.5,-11.0,-15.3,0.0,-11,0
TM,TEAM_CR,1546,927766,0.0,0.2,-2.1,2.1,2.0,-10.8,-15.2,0.0,-11,0
TM,TEAM_CR,1547,927806,0.0,0.2,-2.0,2.0,1.3,-10.0,-15.1,0.0,-10,0
TM,TEAM_CR,1548,927846,0.0,0.2,-1.8,1.8,1.3,-10.4,-15.0,0.0,-10,0
TM,TEAM_CR,1549,927886,0.0,0.2,-1.7,1.7,0.6,-9.4,-15.0,0.0,-9,0
TM,SUN_L,3633,SUN_R,3307,SUN_NDV,0.0470,SUN_ANGLE,29.45
TM,MAG_X,-19.12,MAG_Y,21.28,MAG_Z,-11.07,MAG_HEADING,131.94
TM,GYRO_X,-1.006,GYRO_Y,-2.100,GYRO_Z,0.087,BODY_RATE,-0.087
TM,TEAM_CR,1550,927926,0.0,0.2,-1.6,1.6,0.8,-10.0,-14.9,0.0,-10,0
TM,TEAM_CR,1551,927966,0.0,0.2,-1.5,1.5,0.3,-9.3,-14.9,0.0,-9,0
TM,TEAM_CR,1552,928006,0.0,0.2,-1.4,1.4,0.9,-10.9,-14.8,0.0,-11,0
TM,TEAM_CR,1553,928046,0.0,0.2,-1.3,1.3,0.7,-10.8,-14.7,0.0,-11,0
TM,TEAM_CR,1554,928086,0.0,0.2,-1.2,1.2,0.4,-10.5,-14.7,0.0,-10,0
TM,TEAM_CR,1555,928126,0.0,0.2,-1.2,1.2,0.5,-10.9,-14.6,0.0,-11,0
TM,TEAM_CR,1556,928172,0.0,0.2,-1.1,1.1,0.8,-11.8,-14.6,0.0,-12,0
TM,TEAM_CR,1557,928212,0.0,0.2,-1.0,1.0,0.4,-11.2,-14.6,0.0,-11,0
TM,TEAM_CR,1558,928252,0.0,0.2,-1.0,1.0,0.3,-11.2,-14.5,0.0,-11,0
TM,TEAM_CR,1559,928307,0.0,0.2,-0.9,0.9,0.6,-12.0,-14.5,0.0,-12,0
TM,TEAM_CR,1560,928346,0.0,0.2,-0.8,0.8,0.5,-12.0,-14.4,0.0,-12,0
TM,TEAM_CR,1561,928386,0.0,0.2,-0.8,0.8,1.2,-13.8,-14.4,0.0,-14,0
TM,TEAM_CR,1562,928426,0.0,0.2,-0.7,0.7,1.0,-13.7,-14.4,0.0,-14,0
TM,TEAM_CR,1563,928470,0.0,0.2,-0.6,0.6,0.5,-14.4,-14.4,0.0,-14,2
TM,TEAM_CR,1564,928506,0.0,0.2,-0.6,0.6,0.6,-14.4,-14.4,0.0,-14,2
TM,TEAM_CR,1565,928546,0.0,0.2,-0.5,0.5,0.6,-14.4,-14.4,0.0,-14,2
TM,ADCS_MODE,MANUAL,ADCS_REFERENCE,SUN,TARGET,0.00,POINTING_ERROR,-29.47,SUN_ERROR,-29.64,MAG_ERROR,-131.95,GYRO_Z,-0.175,RW_CMD,0
TM,EST_RAW,29.64,EST_FILTERED,29.64,EST_ANGLE,-330.53,EST_FILTER,ON,EST_FILTER_TYPE,MOVING_AVERAGE,EST_MA_WINDOW,1,EST_FILTER_STRENGTH,0.35
TM,EST_FUSION,ON,EST_GYRO_WEIGHT,0.98,EST_VALID,1
TM,TEAM_CR,1566,928586,0.0,0.2,-0.5,0.5,0.0,-14.4,-14.4,0.0,-14,2
TM,TEAM_CR,1567,928626,0.0,0.2,-0.5,0.5,-0.3,-14.4,-14.4,0.0,-14,2
TM,TEAM_CR,1568,928672,0.0,0.2,-0.4,0.4,0.3,-14.4,-14.4,0.0,-14,2
TM,SUN_L,3633,SUN_R,3306,SUN_NDV,0.0471,SUN_ANGLE,29.77
TM,MAG_X,-19.02,MAG_Y,21.17,MAG_Z,-10.99,MAG_HEADING,131.95
TM,GYRO_X,-1.312,GYRO_Y,-2.240,GYRO_Z,0.096,BODY_RATE,-0.096
TM,TEAM_CR,1569,928726,0.0,0.2,-0.4,0.4,-0.1,-14.4,-14.4,0.0,-14,2
TM,TEAM_CR,1570,928766,0.0,0.2,-0.4,0.4,-0.2,-14.4,-14.4,0.0,-14,2
TM,TEAM_CR,1571,928806,0.0,0.2,-0.4,0.4,0.5,-14.4,-14.4,0.0,-14,2
TM,TEAM_CR,1572,928846,0.0,0.2,-0.3,0.3,0.1,-14.4,-14.4,0.0,-14,2
TM,TEAM_CR,1573,928886,0.0,0.2,-0.3,0.3,-0.4,-14.4,-14.4,0.0,-14,2
TM,TEAM_CR,1574,928926,0.0,0.2,-0.3,0.3,0.3,-14.4,-14.4,0.0,-14,2
TM,TEAM_CR,1575,928966,0.0,0.2,-0.3,0.3,0.2,-14.4,-14.4,0.0,-14,2
TM,TEAM_CR,1576,929006,0.0,0.2,-0.2,0.2,-0.3,-14.4,-14.4,0.0,-14,2
TM,TEAM_CR,1577,929046,0.0,0.2,-0.2,0.2,0.1,-14.4,-14.4,0.0,-14,2
TM,TEAM_CR,1578,929086,0.0,0.2,-0.2,0.2,0.2,-14.4,-14.4,0.0,-14,2
TM,TEAM_CR,1579,929126,0.0,0.2,-0.2,0.2,0.1,-14.4,-14.4,0.0,-14,2
TM,TEAM_CR,1580,929173,0.0,0.2,-0.2,0.2,0.0,-14.4,-14.4,0.0,-14,2
TM,TEAM_CR,1581,929213,0.0,0.2,-0.2,0.2,0.5,-14.4,-14.4,0.0,-14,2
TM,TEAM_CR,1582,929253,0.0,0.2,-0.1,0.1,0.0,-14.4,-14.4,0.0,-14,2
TM,TEAM_CR,1583,929306,0.0,0.2,-0.1,0.1,-0.3,-14.4,-14.4,0.0,-14,2
TM,TEAM_CR,1584,929346,0.0,0.2,-0.1,0.1,0.4,-14.4,-14.4,0.0,-14,2
TM,TEAM_CR,1585,929386,0.0,0.2,-0.1,0.1,0.2,-14.4,-14.4,0.0,-14,2
TM,TEAM_CR,1586,929426,0.0,0.2,-0.1,0.1,-0.5,-14.4,-14.4,0.0,-14,2
TM,TEAM_CR,1587,929466,0.0,0.2,-0.1,0.1,0.1,-14.4,-14.4,0.0,-14,2
TM,SUN_L,3632,SUN_R,3306,SUN_NDV,0.0470,SUN_ANGLE,29.36
TM,MAG_X,-19.22,MAG_Y,21.30,MAG_Z,-10.66,MAG_HEADING,132.06
TM,GYRO_X,-0.989,GYRO_Y,-2.284,GYRO_Z,-0.070,BODY_RATE,0.070
TM,TEAM_CR,1588,929506,0.0,0.2,-0.1,0.1,0.1,-14.4,-14.4,0.0,-14,2
TM,ADCS_MODE,MANUAL,ADCS_REFERENCE,SUN,TARGET,0.00,POINTING_ERROR,-29.47,SUN_ERROR,-29.39,MAG_ERROR,-132.33,GYRO_Z,-0.044,RW_CMD,0
TM,EST_RAW,29.39,EST_FILTERED,29.39,EST_ANGLE,-330.53,EST_FILTER,ON,EST_FILTER_TYPE,MOVING_AVERAGE,EST_MA_WINDOW,1,EST_FILTER_STRENGTH,0.35
TM,EST_FUSION,ON,EST_GYRO_WEIGHT,0.98,EST_VALID,1
TM,TEAM_CR,1589,929546,0.0,0.2,0.0,0.0,0.2,-14.4,-14.4,0.0,-14,2
TM,TEAM_CR,1590,929586,0.0,0.2,0.0,0.0,-0.2,-14.4,-14.4,0.0,-14,2
TM,TEAM_CR,1591,929626,0.0,0.2,0.0,0.0,0.5,-14.4,-14.4,0.0,-14,2
TM,TEAM_CR,1592,929673,0.0,0.2,0.0,0.0,0.2,-14.4,-14.4,0.0,-14,2
TM,TEAM_CR,1593,929726,0.0,-2.0,-0.4,0.4,-0.2,-14.4,-14.4,0.0,-14,3
TM,TEAM_CR,1594,929766,0.0,-0.1,-0.4,0.4,0.3,-14.4,-14.4,0.0,-14,3
TM,TEAM_CR,1595,929806,0.0,0.5,-0.4,0.4,0.3,-14.4,-14.4,0.0,-14,3
TM,TEAM_CR,1596,929846,0.0,0.8,-0.4,0.4,-0.6,-14.4,-14.4,0.0,-14,3
TM,TEAM_CR,1597,929886,0.0,0.8,-0.3,0.3,0.3,-14.4,-14.4,0.0,-14,3
TM,TEAM_CR,1598,929926,0.0,0.7,-0.3,0.3,0.4,-14.4,-14.4,0.0,-14,3
TM,TEAM_CR,1599,929966,0.0,0.7,-0.2,0.2,-0.2,-14.4,-14.4,0.0,-14,3
TM,TEAM_CR,1600,930006,0.0,0.7,-0.2,0.2,0.3,-14.4,-14.4,0.0,-14,3
TM,TEAM_CR,1601,930046,0.0,0.6,-0.1,0.1,0.2,-14.4,-14.4,0.0,-14,3
TM,TEAM_CR,1602,930086,0.0,0.7,-0.1,0.1,0.0,-14.4,-14.4,0.0,-14,3
TM,TEAM_CR,1603,930126,0.0,0.7,-0.1,0.1,-0.2,-14.4,-14.4,0.0,-14,3
TM,TEAM_CR,1604,930172,0.0,0.8,0.0,0.0,0.2,-14.4,-14.4,0.0,-14,3
TM,TEAM_CR,1605,930212,0.0,0.5,0.0,0.0,0.2,-14.4,-14.4,0.0,-14,3
TM,SUN_L,3633,SUN_R,3307,SUN_NDV,0.0470,SUN_ANGLE,29.42
TM,MAG_X,-18.99,MAG_Y,21.14,MAG_Z,-10.90,MAG_HEADING,131.94
TM,GYRO_X,-1.225,GYRO_Y,-2.231,GYRO_Z,-0.079,BODY_RATE,0.079
TM,TEAM_CR,1606,930252,0.0,0.4,0.0,0.0,-0.4,-14.4,-14.4,0.0,-14,3
TM,TEAM_CR,1607,930306,0.0,0.8,0.0,0.0,0.0,-14.4,-14.4,0.0,-14,3
TM,TEAM_CR,1608,930346,0.0,0.3,0.0,0.0,0.1,-14.4,-14.4,0.0,-14,3
TM,TEAM_CR,1609,930386,0.0,0.5,0.0,0.0,-0.5,-14.4,-14.4,0.0,-14,3
TM,TEAM_CR,1610,930426,0.0,0.4,0.1,-0.1,0.3,-14.4,-14.4,0.0,-14,3
TM,TEAM_CR,1611,930466,0.0,0.4,0.1,-0.1,0.4,-14.4,-14.4,0.0,-14,3
TM,ADCS_MODE,MANUAL,ADCS_REFERENCE,SUN,TARGET,0.00,POINTING_ERROR,-29.48,SUN_ERROR,-29.48,MAG_ERROR,-131.94,GYRO_Z,-0.184,RW_CMD,0
TM,EST_RAW,29.48,EST_FILTERED,29.48,EST_ANGLE,-330.52,EST_FILTER,ON,EST_FILTER_TYPE,MOVING_AVERAGE,EST_MA_WINDOW,1,EST_FILTER_STRENGTH,0.35
TM,EST_FUSION,ON,EST_GYRO_WEIGHT,0.98,EST_VALID,1
TM,TEAM_CR,1612,930506,0.0,0.5,0.1,-0.1,-0.2,-14.4,-14.4,0.0,-14,3
TM,TEAM_CR,1613,930546,0.0,0.4,0.1,-0.1,-0.4,-14.4,-14.4,0.0,-14,3
TM,TEAM_CR,1614,930586,0.0,0.5,0.1,-0.1,0.6,-14.4,-14.4,0.0,-14,3
TM,TEAM_CR,1615,930626,0.0,0.5,0.2,-0.2,0.2,-14.4,-14.4,0.0,-14,3
TM,TEAM_CR,1616,930672,0.0,0.5,0.2,-0.2,-0.6,-14.4,-14.4,0.0,-14,3
TM,TEAM_CR,1617,930726,0.0,0.4,0.2,-0.2,0.3,-14.4,-14.4,0.0,-14,3
TM,TEAM_CR,1618,930766,0.0,0.3,0.2,-0.2,0.1,-14.4,-14.4,0.0,-14,3
TM,TEAM_CR,1619,930806,0.0,0.3,0.2,-0.2,-0.5,-14.4,-14.4,0.0,-14,3
TM,TEAM_CR,1620,930846,0.0,0.4,0.2,-0.2,0.0,-14.4,-14.4,0.0,-14,3
TM,TEAM_CR,1621,930886,0.0,0.5,0.2,-0.2,0.6,-14.4,-14.4,0.0,-14,3
TM,TEAM_CR,1622,930926,0.0,0.3,0.2,-0.2,0.0,-14.4,-14.4,0.0,-14,3
TM,TEAM_CR,1623,930966,0.0,0.4,0.2,-0.2,-0.2,-14.4,-14.4,0.0,-14,3
TM,SUN_L,3633,SUN_R,3306,SUN_NDV,0.0471,SUN_ANGLE,29.41
TM,MAG_X,-19.10,MAG_Y,21.14,MAG_Z,-10.77,MAG_HEADING,132.11
TM,GYRO_X,-1.120,GYRO_Y,-2.293,GYRO_Z,0.131,BODY_RATE,-0.131
TM,TEAM_CR,1624,931006,0.0,0.2,0.2,-0.2,0.2,-14.4,-14.4,0.0,-14,3
TM,TEAM_CR,1625,931046,0.0,0.2,0.2,-0.2,0.3,-14.4,-14.4,0.0,-14,3
TM,TEAM_CR,1626,931086,0.0,0.1,0.2,-0.2,-0.5,-14.4,-14.4,0.0,-14,3
TM,TEAM_CR,1627,931127,0.0,0.2,0.2,-0.2,0.0,-14.4,-14.4,0.0,-14,3
TM,TEAM_CR,1628,931173,0.0,0.4,0.2,-0.2,0.3,-14.4,-14.4,0.0,-14,3
TM,TEAM_CR,1629,931213,0.0,0.2,0.2,-0.2,-0.3,-14.4,-14.4,0.0,-14,3
TM,TEAM_CR,1630,931254,0.0,0.4,0.2,-0.2,0.4,-14.4,-14.4,0.0,-14,3
TM,TEAM_CR,1631,931306,0.0,0.4,0.3,-0.3,0.1,-14.4,-14.4,0.0,-14,3
TM,TEAM_CR,1632,931346,0.0,0.3,0.3,-0.3,-0.1,-14.4,-14.4,0.0,-14,3
TM,TEAM_CR,1633,931386,0.0,0.7,0.3,-0.3,-0.2,-14.4,-14.4,0.0,-14,3
TM,TEAM_CR,1634,931426,0.0,0.7,0.3,-0.3,0.6,-14.4,-14.4,0.0,-14,3
TM,ADCS_MODE,MANUAL,ADCS_REFERENCE,SUN,TARGET,0.00,POINTING_ERROR,-29.49,SUN_ERROR,-29.41,MAG_ERROR,-132.07,GYRO_Z,-0.000,RW_CMD,0
TM,EST_RAW,29.41,EST_FILTERED,29.41,EST_ANGLE,-330.51,EST_FILTER,ON,EST_FILTER_TYPE,MOVING_AVERAGE,EST_MA_WINDOW,1,EST_FILTER_STRENGTH,0.35
TM,EST_FUSION,ON,EST_GYRO_WEIGHT,0.98,EST_VALID,1
TM,TEAM_CR,1635,931466,0.0,0.7,0.3,-0.3,0.3,-14.4,-14.4,0.0,-14,3
TM,TEAM_CR,1636,931506,0.0,0.5,0.3,-0.3,-0.5,-14.4,-14.4,0.0,-14,3
TM,TEAM_CR,1637,931546,0.0,0.6,0.3,-0.3,0.5,-14.4,-14.4,0.0,-14,3
TM,TEAM_CR,1638,931586,0.0,0.7,0.4,-0.4,0.3,-14.4,-14.4,0.0,-14,3
TM,TEAM_CR,1639,931626,0.0,0.6,0.4,-0.4,-0.1,-14.4,-14.4,0.0,-14,3
TM,TEAM_CR,1640,931674,0.0,0.7,0.4,-0.4,0.2,-14.4,-14.4,0.0,-14,3
TM,TEAM_CR,1641,931726,0.0,0.7,0.4,-0.4,0.1,-14.4,-14.4,0.0,-14,3
TM,SUN_L,3634,SUN_R,3307,SUN_NDV,0.0471,SUN_ANGLE,29.62
TM,MAG_X,-19.14,MAG_Y,21.20,MAG_Z,-10.83,MAG_HEADING,132.07
TM,GYRO_X,-1.207,GYRO_Y,-2.179,GYRO_Z,-0.079,BODY_RATE,0.079
TM,TEAM_CR,1642,931766,0.0,0.6,0.4,-0.4,-0.4,-14.4,-14.4,0.0,-14,3
TM,TEAM_CR,1643,931806,0.0,0.8,0.4,-0.4,0.4,-14.4,-14.4,0.0,-14,3
TM,TEAM_CR,1644,931846,0.0,0.7,0.4,-0.4,0.4,-14.4,-14.4,0.0,-14,3
TM,TEAM_CR,1645,931886,0.0,0.7,0.5,-0.5,0.0,-14.4,-14.4,0.0,-14,3
TM,TEAM_CR,1646,931926,0.0,0.8,0.5,-0.5,-0.3,-14.4,-14.4,0.0,-14,3
TM,TEAM_CR,1647,931966,0.0,0.8,0.5,-0.5,0.1,-14.4,-14.4,0.0,-14,3
TM,TEAM_CR,1648,932006,0.0,1.0,0.5,-0.5,0.1,-14.4,-14.4,0.0,-14,3
TM,TEAM_CR,1649,932046,0.0,0.8,0.5,-0.5,-0.2,-14.4,-14.4,0.0,-14,3
TM,TEAM_CR,1650,932086,0.0,0.9,0.5,-0.5,0.1,-14.4,-14.4,0.0,-14,3
TM,TEAM_CR,1651,932127,0.0,0.8,0.6,-0.6,0.5,-14.4,-14.4,0.0,-14,3
TM,TEAM_CR,1652,932172,0.0,0.8,0.6,-0.6,0.0,-14.4,-14.4,0.0,-14,3
TM,TEAM_CR,1653,932212,0.0,0.8,0.6,-0.6,0.0,-14.4,-14.4,0.0,-14,3
TM,TEAM_CR,1654,932252,0.0,0.8,0.6,-0.6,0.0,-14.4,-14.4,0.0,-14,3
TM,TEAM_CR,1655,932306,0.0,0.8,0.6,-0.6,-0.1,-14.4,-14.4,0.0,-14,3
TM,TEAM_CR,1656,932346,0.0,0.7,0.6,-0.6,-0.4,-14.4,-14.4,0.0,-14,3
TM,TEAM_CR,1657,932387,0.0,0.9,0.6,-0.6,0.5,-14.4,-14.4,0.0,-14,3
TM,ADCS_MODE,MANUAL,ADCS_REFERENCE,SUN,TARGET,0.00,POINTING_ERROR,-29.51,SUN_ERROR,-29.60,MAG_ERROR,-132.30,GYRO_Z,-0.035,RW_CMD,0
TM,EST_RAW,29.60,EST_FILTERED,29.60,EST_ANGLE,-330.49,EST_FILTER,ON,EST_FILTER_TYPE,MOVING_AVERAGE,EST_MA_WINDOW,1,EST_FILTER_STRENGTH,0.35
TM,EST_FUSION,ON,EST_GYRO_WEIGHT,0.98,EST_VALID,1
TM,TEAM_CR,1658,932426,0.0,0.8,0.6,-0.6,0.2,-14.4,-14.4,0.0,-14,3
TM,TEAM_CR,1659,932466,0.0,0.7,0.6,-0.6,-0.3,-14.4,-14.4,0.0,-14,3
TM,SUN_L,3634,SUN_R,3307,SUN_NDV,0.0471,SUN_ANGLE,29.58
TM,MAG_X,-19.17,MAG_Y,21.18,MAG_Z,-10.98,MAG_HEADING,132.14
TM,GYRO_X,-1.269,GYRO_Y,-2.354,GYRO_Z,-0.298,BODY_RATE,0.298
TM,TEAM_CR,1660,932506,0.0,0.7,0.6,-0.6,0.2,-14.4,-14.4,0.0,-14,3
TM,TEAM_CR,1661,932546,0.0,0.8,0.7,-0.7,0.5,-14.4,-14.4,0.0,-14,3
TM,TEAM_CR,1662,932586,0.0,0.8,0.7,-0.7,0.1,-14.4,-14.4,0.0,-14,3
TM,TEAM_CR,1663,932626,0.0,0.7,0.6,-0.6,-0.4,-14.4,-14.4,0.0,-14,3
TM,TEAM_CR,1664,932672,0.0,0.8,0.7,-0.7,0.3,-14.4,-14.4,0.0,-14,3
TM,TEAM_CR,1665,932725,0.0,0.8,0.7,-0.7,0.0,-14.4,-14.4,0.0,-14,3
TM,TEAM_CR,1666,932765,0.0,0.7,0.7,-0.7,-0.5,-14.4,-14.4,0.0,-14,3
TM,TEAM_CR,1667,932805,0.0,0.7,0.7,-0.7,0.2,-14.4,-14.4,0.0,-14,3
TM,TEAM_CR,1668,932845,0.0,0.7,0.7,-0.7,0.2,-14.4,-14.4,0.0,-14,3
TM,TEAM_CR,1669,932885,0.0,0.9,0.7,-0.7,-0.3,-14.4,-14.4,0.0,-14,3
TM,TEAM_CR,1670,932926,0.0,0.8,0.7,-0.7,0.4,-14.4,-14.4,0.0,-14,3
TM,TEAM_CR,1671,932966,0.0,0.7,0.7,-0.7,0.1,-14.4,-14.4,0.0,-14,3
TM,TEAM_CR,1672,933006,0.0,0.8,0.7,-0.7,-0.1,-14.4,-14.4,0.0,-14,3
TM,TEAM_CR,1673,933046,0.0,1.0,0.7,-0.7,-0.1,-14.4,-14.4,0.0,-14,3
TM,TEAM_CR,1674,933086,0.0,0.8,0.7,-0.7,0.2,-14.4,-14.4,0.0,-14,3
TM,TEAM_CR,1675,933126,0.0,0.5,0.7,-0.7,0.2,-14.4,-14.4,0.0,-14,3
TM,TEAM_CR,1676,933172,0.0,0.8,0.7,-0.7,-0.3,-14.4,-14.4,0.0,-14,3
TM,TEAM_CR,1677,933212,0.0,0.9,0.7,-0.7,0.1,-14.4,-14.4,0.0,-14,3
TM,TEAM_CR,1678,933252,0.0,0.8,0.8,-0.8,0.6,-14.4,-14.4,0.0,-14,3
TM,SUN_L,3635,SUN_R,3308,SUN_NDV,0.0471,SUN_ANGLE,29.59
TM,MAG_X,-19.14,MAG_Y,21.26,MAG_Z,-10.93,MAG_HEADING,131.98
TM,GYRO_X,-1.260,GYRO_Y,-2.223,GYRO_Z,0.157,BODY_RATE,-0.157
TM,TEAM_CR,1679,933306,0.0,0.8,0.8,-0.8,-0.2,-14.4,-14.4,0.0,-14,3
TM,ADCS_MODE,MANUAL,ADCS_REFERENCE,SUN,TARGET,0.00,POINTING_ERROR,-29.54,SUN_ERROR,-29.57,MAG_ERROR,-131.98,GYRO_Z,-0.245,RW_CMD,0
TM,EST_RAW,29.57,EST_FILTERED,29.57,EST_ANGLE,-330.46,EST_FILTER,ON,EST_FILTER_TYPE,MOVING_AVERAGE,EST_MA_WINDOW,1,EST_FILTER_STRENGTH,0.35
TM,EST_FUSION,ON,EST_GYRO_WEIGHT,0.98,EST_VALID,1
TM,TEAM_CR,1680,933346,0.0,0.7,0.7,-0.7,0.0,-14.4,-14.4,0.0,-14,3
TM,TEAM_CR,1681,933386,0.0,0.8,0.8,-0.8,0.4,-14.4,-14.4,0.0,-14,3
TM,TEAM_CR,1682,933426,0.0,0.9,0.8,-0.8,0.0,-14.4,-14.4,0.0,-14,3
TM,TEAM_CR,1683,933466,0.0,0.7,0.7,-0.7,-0.5,-14.4,-14.4,0.0,-14,3
TM,TEAM_CR,1684,933506,0.0,0.9,0.8,-0.8,0.4,-14.4,-14.4,0.0,-14,3
TM,TEAM_CR,1685,933546,0.0,1.0,0.8,-0.8,0.1,-14.4,-14.4,0.0,-14,3
TM,TEAM_CR,1686,933586,0.0,0.8,0.8,-0.8,0.0,-14.4,-14.4,0.0,-14,3
TM,TEAM_CR,1687,933626,0.0,0.8,0.8,-0.8,0.1,-14.4,-14.4,0.0,-14,3
TM,TEAM_CR,1688,933673,0.0,0.9,0.8,-0.8,0.3,-14.4,-14.4,0.0,-14,3
TM,TEAM_CR,1689,933726,0.0,0.9,0.8,-0.8,-0.6,-14.4,-14.4,0.0,-14,3
TM,TEAM_CR,1690,933766,0.0,0.8,0.8,-0.8,0.3,-14.4,-14.4,0.0,-14,3
TM,TEAM_CR,1691,933806,0.0,0.8,0.8,-0.8,0.3,-14.4,-14.4,0.0,-14,3
TM,TEAM_CR,1692,933846,0.0,0.8,0.8,-0.8,0.0,-14.4,-14.4,0.0,-14,3
TM,TEAM_CR,1693,933886,0.0,0.7,0.8,-0.8,-0.3,-14.4,-14.4,0.0,-14,3
TM,TEAM_CR,1694,933926,0.0,0.9,0.8,-0.8,0.6,-14.4,-14.4,0.0,-14,3
TM,TEAM_CR,1695,933966,0.0,0.8,0.8,-0.8,0.1,-14.4,-14.4,0.0,-14,3
TM,TEAM_CR,1696,934006,0.0,0.7,0.8,-0.8,-0.4,-14.4,-14.4,0.0,-14,3
TM,SUN_L,3633,SUN_R,3306,SUN_NDV,0.0471,SUN_ANGLE,29.47
TM,MAG_X,-19.12,MAG_Y,21.20,MAG_Z,-10.75,MAG_HEADING,132.05
TM,GYRO_X,-1.015,GYRO_Y,-2.231,GYRO_Z,0.017,BODY_RATE,-0.017
TM,TEAM_CR,1697,934046,0.0,1.0,0.8,-0.8,0.2,-14.4,-14.4,0.0,-14,3
TM,TEAM_CR,1698,934086,0.0,0.9,0.8,-0.8,0.6,-14.4,-14.4,0.0,-14,3
TM,TEAM_CR,1699,934127,0.0,0.8,0.8,-0.8,0.0,-14.4,-14.4,0.0,-14,3
TM,TEAM_CR,1700,934173,0.0,0.6,0.8,-0.8,-0.4,-14.4,-14.4,0.0,-14,3
TM,TEAM_CR,1701,934213,0.0,0.8,0.8,-0.8,0.3,-14.4,-14.4,0.0,-14,3
TM,TEAM_CR,1702,934254,0.0,0.7,0.8,-0.8,0.4,-14.4,-14.4,0.0,-14,3
TM,ADCS_MODE,MANUAL,ADCS_REFERENCE,SUN,TARGET,0.00,POINTING_ERROR,-29.53,SUN_ERROR,-29.69,MAG_ERROR,-132.05,GYRO_Z,-0.254,RW_CMD,0
TM,EST_RAW,29.69,EST_FILTERED,29.69,EST_ANGLE,-330.47,EST_FILTER,ON,EST_FILTER_TYPE,MOVING_AVERAGE,EST_MA_WINDOW,1,EST_FILTER_STRENGTH,0.35
TM,EST_FUSION,ON,EST_GYRO_WEIGHT,0.98,EST_VALID,1
TM,TEAM_CR,1703,934306,0.0,0.7,0.8,-0.8,-0.4,-14.4,-14.4,0.0,-14,3
TM,TEAM_CR,1704,934346,0.0,0.9,0.8,-0.8,0.5,-14.4,-14.4,0.0,-14,3
TM,TEAM_CR,1705,934386,0.0,0.8,0.8,-0.8,0.1,-14.4,-14.4,0.0,-14,3
TM,TEAM_CR,1706,934426,0.0,0.8,0.8,-0.8,-0.2,-14.4,-14.4,0.0,-14,3
TM,TEAM_CR,1707,934466,0.0,0.7,0.8,-0.8,0.3,-14.4,-14.4,0.0,-14,3
TM,TEAM_CR,1708,934506,0.0,0.9,0.8,-0.8,0.6,-14.4,-14.4,0.0,-14,3
TM,TEAM_CR,1709,934546,0.0,0.9,0.8,-0.8,-0.2,-14.4,-14.4,0.0,-14,3
TM,TEAM_CR,1710,934586,0.0,0.7,0.8,-0.8,-0.4,-14.4,-14.4,0.0,-14,3
TM,TEAM_CR,1711,934626,0.0,0.9,0.8,-0.8,0.4,-14.4,-14.4,0.0,-14,3
TM,TEAM_CR,1712,934674,0.0,1.0,0.9,-0.9,0.1,-14.4,-14.4,0.0,-14,3
TM,TEAM_CR,1713,934726,0.0,1.1,0.8,-0.8,-0.3,-14.4,-14.4,0.0,-14,3
TM,TEAM_CR,1714,934766,0.0,0.8,0.8,-0.8,0.1,-14.4,-14.4,0.0,-14,3
TM,SUN_L,3635,SUN_R,3307,SUN_NDV,0.0472,SUN_ANGLE,29.32
TM,MAG_X,-19.20,MAG_Y,21.20,MAG_Z,-10.82,MAG_HEADING,132.17
TM,GYRO_X,-1.076,GYRO_Y,-2.065,GYRO_Z,-0.027,BODY_RATE,0.027
TM,TEAM_CR,1715,934806,0.0,0.8,0.8,-0.8,0.0,-14.4,-14.4,0.0,-14,3
TM,TEAM_CR,1716,934846,0.0,0.8,0.8,-0.8,-0.3,-14.4,-14.4,0.0,-14,3
TM,TEAM_CR,1717,934886,0.0,0.7,0.8,-0.8,0.6,-14.4,-14.4,0.0,-14,3
TM,TEAM_CR,1718,934926,0.0,0.8,0.9,-0.9,0.6,-14.4,-14.4,0.0,-14,3
TM,TEAM_CR,1719,934966,0.0,0.8,0.9,-0.9,0.0,-14.4,-14.4,0.0,-14,3
TM,TEAM_CR,1720,935006,0.0,0.8,0.8,-0.8,-0.5,-14.4,-14.4,0.0,-14,3
TM,TEAM_CR,1721,935046,0.0,0.7,0.8,-0.8,0.2,-14.4,-14.4,0.0,-14,3
TM,TEAM_CR,1722,935086,0.0,0.8,0.9,-0.9,0.2,-14.4,-14.4,0.0,-14,3
TM,TEAM_CR,1723,935126,0.0,0.8,0.9,-0.9,-0.4,-14.4,-14.4,0.0,-14,3
TM,TEAM_CR,1724,935173,0.0,0.7,0.8,-0.8,0.0,-14.4,-14.4,0.0,-14,3
TM,TEAM_CR,1725,935213,0.0,0.9,0.8,-0.8,0.5,-14.4,-14.4,0.0,-14,3
TM,ADCS_MODE,MANUAL,ADCS_REFERENCE,SUN,TARGET,0.00,POINTING_ERROR,-29.52,SUN_ERROR,-29.26,MAG_ERROR,-132.03,GYRO_Z,-0.070,RW_CMD,0
TM,EST_RAW,29.26,EST_FILTERED,29.26,EST_ANGLE,-330.48,EST_FILTER,ON,EST_FILTER_TYPE,MOVING_AVERAGE,EST_MA_WINDOW,1,EST_FILTER_STRENGTH,0.35
TM,EST_FUSION,ON,EST_GYRO_WEIGHT,0.98,EST_VALID,1
TM,TEAM_CR,1726,935253,0.0,0.8,0.9,-0.9,-0.1,-14.4,-14.4,0.0,-14,3
TM,TEAM_CR,1727,935306,0.0,0.7,0.8,-0.8,0.0,-14.4,-14.4,0.0,-14,3
TM,TEAM_CR,1728,935346,0.0,0.9,0.9,-0.9,0.4,-14.4,-14.4,0.0,-14,3
TM,TEAM_CR,1729,935387,0.0,0.8,0.9,-0.9,0.1,-14.4,-14.4,0.0,-14,3
TM,TEAM_CR,1730,935426,0.0,0.8,0.8,-0.8,-0.7,-14.4,-14.4,0.0,-14,3
TM,TEAM_CR,1731,935466,0.0,0.9,0.9,-0.9,0.2,-14.4,-14.4,0.0,-14,3
TM,TEAM_CR,1732,935506,0.0,0.9,0.9,-0.9,0.3,-14.4,-14.4,0.0,-14,3
TM,SUN_L,3632,SUN_R,3306,SUN_NDV,0.0470,SUN_ANGLE,29.01
TM,MAG_X,-18.94,MAG_Y,21.30,MAG_Z,-11.01,MAG_HEADING,131.65
TM,GYRO_X,-1.190,GYRO_Y,-2.205,GYRO_Z,0.052,BODY_RATE,-0.052
TM,TEAM_CR,1733,935546,0.0,0.8,0.9,-0.9,-0.4,-14.4,-14.4,0.0,-14,3
TM,TEAM_CR,1734,935586,0.0,0.8,0.8,-0.8,-0.1,-14.4,-14.4,0.0,-14,3
TM,TEAM_CR,1735,935626,0.0,0.6,0.9,-0.9,0.5,-14.4,-14.4,0.0,-14,3
TM,TEAM_CR,1736,935672,0.0,0.9,0.9,-0.9,0.1,-14.4,-14.4,0.0,-14,3
TM,TEAM_CR,1737,935725,0.0,1.1,0.9,-0.9,0.2,-14.4,-14.4,0.0,-14,3
TM,TEAM_CR,1738,935765,0.0,0.9,0.9,-0.9,0.3,-14.4,-14.4,0.0,-14,3
TM,TEAM_CR,1739,935805,0.0,0.8,0.9,-0.9,0.2,-14.4,-14.4,0.0,-14,3
TM,TEAM_CR,1740,935845,0.0,0.7,0.9,-0.9,-0.2,-14.4,-14.4,0.0,-14,3
TM,TEAM_CR,1741,935885,0.0,0.7,0.9,-0.9,0.4,-14.4,-14.4,0.0,-14,3
TM,TEAM_CR,1742,935926,0.0,0.7,0.9,-0.9,0.3,-14.4,-14.4,0.0,-14,3
TM,TEAM_CR,1743,935966,0.0,0.8,0.9,-0.9,-0.1,-14.4,-14.4,0.0,-14,3
TM,TEAM_CR,1744,936006,0.0,0.7,0.9,-0.9,0.1,-14.4,-14.4,0.0,-14,3
TM,TEAM_CR,1745,936046,0.0,0.8,0.9,-0.9,0.2,-14.4,-14.4,0.0,-14,3
TM,TEAM_CR,1746,936086,0.0,0.8,0.9,-0.9,0.1,-14.4,-14.4,0.0,-14,3
TM,TEAM_CR,1747,936126,0.0,0.7,0.9,-0.9,-0.2,-14.4,-14.4,0.0,-14,3
TM,TEAM_CR,1748,936172,0.0,0.8,0.9,-0.9,0.4,-14.4,-14.4,0.0,-14,3
TM,ADCS_MODE,MANUAL,ADCS_REFERENCE,SUN,TARGET,0.00,POINTING_ERROR,-29.50,SUN_ERROR,-29.55,MAG_ERROR,-132.13,GYRO_Z,-0.062,RW_CMD,0
TM,EST_RAW,29.55,EST_FILTERED,29.55,EST_ANGLE,-330.50,EST_FILTER,ON,EST_FILTER_TYPE,MOVING_AVERAGE,EST_MA_WINDOW,1,EST_FILTER_STRENGTH,0.35
TM,EST_FUSION,ON,EST_GYRO_WEIGHT,0.98,EST_VALID,1
TM,TEAM_CR,1749,936212,0.0,0.8,0.9,-0.9,0.1,-14.4,-14.4,0.0,-14,3
TM,TEAM_CR,1750,936252,0.0,0.6,0.9,-0.9,-0.2,-14.4,-14.4,0.0,-14,3
TM,TEAM_CR,1751,936306,0.0,0.8,0.9,-0.9,0.1,-14.4,-14.4,0.0,-14,3
TM,SUN_L,3632,SUN_R,3307,SUN_NDV,0.0468,SUN_ANGLE,29.39
TM,MAG_X,-19.12,MAG_Y,21.14,MAG_Z,-10.86,MAG_HEADING,132.13
TM,GYRO_X,-1.225,GYRO_Y,-2.467,GYRO_Z,0.175,BODY_RATE,-0.175
TM,TEAM_CR,1752,936346,0.0,0.7,0.9,-0.9,0.0,-14.4,-14.4,0.0,-14,3
TM,TEAM_CR,1753,936386,0.0,0.7,0.9,-0.9,-0.5,-14.4,-14.4,0.0,-14,3
TM,TEAM_CR,1754,936426,0.0,0.7,0.8,-0.8,-0.3,-14.4,-14.4,0.0,-14,3
TM,TEAM_CR,1755,936466,0.0,0.8,0.8,-0.8,0.5,-14.4,-14.4,0.0,-14,3
TM,TEAM_CR,1756,936506,0.0,0.7,0.9,-0.9,0.1,-14.4,-14.4,0.0,-14,3
TM,TEAM_CR,1757,936546,0.0,0.8,0.8,-0.8,-0.4,-14.4,-14.4,0.0,-14,3
TM,TEAM_CR,1758,936586,0.0,0.9,0.8,-0.8,0.3,-14.4,-14.4,0.0,-14,3
TM,TEAM_CR,1759,936626,0.0,0.9,0.9,-0.9,0.3,-14.4,-14.4,0.0,-14,3
TM,TEAM_CR,1760,936673,0.0,0.9,0.9,-0.9,-0.3,-14.4,-14.4,0.0,-14,3
TM,TEAM_CR,1761,936726,0.0,0.7,0.8,-0.8,0.0,-14.4,-14.4,0.0,-14,3
TM,TEAM_CR,1762,936766,0.0,0.8,0.9,-0.9,0.5,-14.4,-14.4,0.0,-14,3
TM,TEAM_CR,1763,936806,0.0,0.7,0.9,-0.9,-0.1,-14.4,-14.4,0.0,-14,3
TM,TEAM_CR,1764,936846,0.0,0.8,0.8,-0.8,0.0,-14.4,-14.4,0.0,-14,3
TM,TEAM_CR,1765,936886,0.0,0.8,0.9,-0.9,0.4,-14.4,-14.4,0.0,-14,3
TM,TEAM_CR,1766,936926,0.0,0.8,0.9,-0.9,0.4,-14.4,-14.4,0.0,-14,3
TM,TEAM_CR,1767,936966,0.0,0.7,0.9,-0.9,-0.2,-14.4,-14.4,0.0,-14,3
TM,TEAM_CR,1768,937006,0.0,1.0,0.9,-0.9,0.2,-14.4,-14.4,0.0,-14,3
TM,TEAM_CR,1769,937046,0.0,0.8,0.9,-0.9,0.5,-14.4,-14.4,0.0,-14,3
TM,TEAM_CR,1770,937086,0.0,0.9,0.9,-0.9,-0.3,-14.4,-14.4,0.0,-14,3
TM,SUN_L,3633,SUN_R,3308,SUN_NDV,0.0468,SUN_ANGLE,29.46
TM,MAG_X,-19.28,MAG_Y,21.10,MAG_Z,-10.83,MAG_HEADING,132.41
TM,GYRO_X,-0.875,GYRO_Y,-2.065,GYRO_Z,0.078,BODY_RATE,-0.078
TM,TEAM_CR,1771,937127,0.0,0.8,0.8,-0.8,-0.2,-14.4,-14.4,0.0,-14,3
TM,ADCS_MODE,MANUAL,ADCS_REFERENCE,SUN,TARGET,0.00,POINTING_ERROR,-29.50,SUN_ERROR,-29.32,MAG_ERROR,-132.41,GYRO_Z,-0.263,RW_CMD,0
TM,EST_RAW,29.32,EST_FILTERED,29.32,EST_ANGLE,-330.50,EST_FILTER,ON,EST_FILTER_TYPE,MOVING_AVERAGE,EST_MA_WINDOW,1,EST_FILTER_STRENGTH,0.35
TM,EST_FUSION,ON,EST_GYRO_WEIGHT,0.98,EST_VALID,1
TM,TEAM_CR,1772,937173,0.0,0.9,0.9,-0.9,0.3,-14.4,-14.4,0.0,-14,3
TM,TEAM_CR,1773,937213,0.0,0.9,0.9,-0.9,0.1,-14.4,-14.4,0.0,-14,3
TM,TEAM_CR,1774,937254,0.0,0.9,0.9,-0.9,-0.2,-14.4,-14.4,0.0,-14,3
TM,TEAM_CR,1775,937306,0.0,0.9,0.9,-0.9,0.1,-14.4,-14.4,0.0,-14,3
TM,TEAM_CR,1776,937346,0.0,0.9,0.9,-0.9,0.1,-14.4,-14.4,0.0,-14,3
TM,TEAM_CR,1777,937386,0.0,0.8,0.9,-0.9,-0.5,-14.4,-14.4,0.0,-14,3
TM,TEAM_CR,1778,937426,0.0,0.8,0.9,-0.9,0.2,-14.4,-14.4,0.0,-14,3
TM,TEAM_CR,1779,937466,0.0,0.8,0.9,-0.9,0.4,-14.4,-14.4,0.0,-14,3
TM,TEAM_CR,1780,937506,0.0,0.7,0.9,-0.9,-0.1,-14.4,-14.4,0.0,-14,3
TM,TEAM_CR,1781,937546,0.0,0.8,0.9,-0.9,-0.4,-14.4,-14.4,0.0,-14,3
TM,TEAM_CR,1782,937586,0.0,0.7,0.9,-0.9,0.4,-14.4,-14.4,0.0,-14,3
TM,TEAM_CR,1783,937626,0.0,0.7,0.9,-0.9,0.4,-14.4,-14.4,0.0,-14,3
TM,TEAM_CR,1784,937674,0.0,0.7,0.8,-0.8,-0.4,-14.4,-14.4,0.0,-14,3
TM,TEAM_CR,1785,937726,0.0,0.8,0.9,-0.9,0.2,-14.4,-14.4,0.0,-14,3
TM,TEAM_CR,1786,937766,0.0,0.7,0.9,-0.9,0.2,-14.4,-14.4,0.0,-14,3
TM,TEAM_CR,1787,937806,0.0,0.7,0.9,-0.9,-0.5,-14.4,-14.4,0.0,-14,3
TM,TEAM_CR,1788,937846,0.0,0.9,0.9,-0.9,0.2,-14.4,-14.4,0.0,-14,3
TM,SUN_L,3632,SUN_R,3307,SUN_NDV,0.0468,SUN_ANGLE,29.45
TM,MAG_X,-19.10,MAG_Y,21.17,MAG_Z,-10.80,MAG_HEADING,132.07
TM,GYRO_X,-1.418,GYRO_Y,-2.135,GYRO_Z,0.148,BODY_RATE,-0.148
TM,TEAM_CR,1789,937886,0.0,0.8,0.9,-0.9,0.2,-14.4,-14.4,0.0,-14,3
TM,TEAM_CR,1790,937926,0.0,0.7,0.9,-0.9,-0.2,-14.4,-14.4,0.0,-14,3
TM,TEAM_CR,1791,937966,0.0,0.8,0.8,-0.8,-0.3,-14.4,-14.4,0.0,-14,3
TM,TEAM_CR,1792,938006,0.0,0.9,0.8,-0.8,0.1,-14.4,-14.4,0.0,-14,3
TM,TEAM_CR,1793,938046,0.0,0.8,0.9,-0.9,0.1,-14.4,-14.4,0.0,-14,3
TM,TEAM_CR,1794,938086,0.0,0.8,0.8,-0.8,-0.3,-14.4,-14.4,0.0,-14,3
TM,ADCS_MODE,MANUAL,ADCS_REFERENCE,SUN,TARGET,0.00,POINTING_ERROR,-29.49,SUN_ERROR,-29.32,MAG_ERROR,-132.07,GYRO_Z,-0.114,RW_CMD,0
TM,EST_RAW,29.32,EST_FILTERED,29.32,EST_ANGLE,-330.51,EST_FILTER,ON,EST_FILTER_TYPE,MOVING_AVERAGE,EST_MA_WINDOW,1,EST_FILTER_STRENGTH,0.35
TM,EST_FUSION,ON,EST_GYRO_WEIGHT,0.98,EST_VALID,1
TM,TEAM_CR,1795,938127,0.0,0.7,0.8,-0.8,0.0,-14.4,-14.4,0.0,-14,3
TM,TEAM_CR,1796,938172,0.0,0.7,0.8,-0.8,0.5,-14.4,-14.4,0.0,-14,3
TM,TEAM_CR,1797,938212,0.0,0.8,0.8,-0.8,0.2,-14.4,-14.4,0.0,-14,3
TM,TEAM_CR,1798,938252,0.0,0.7,0.8,-0.8,-0.4,-14.4,-14.4,0.0,-14,3
TM,TEAM_CR,1799,938306,0.0,0.8,0.8,-0.8,0.4,-14.4,-14.4,0.0,-14,3
TM,TEAM_CR,1800,938346,0.0,0.8,0.8,-0.8,0.0,-14.4,-14.4,0.0,-14,3
TM,TEAM_CR,1801,938387,0.0,0.8,0.8,-0.8,-0.2,-14.4,-14.4,0.0,-14,3
TM,TEAM_CR,1802,938426,0.0,0.7,0.8,-0.8,0.1,-14.4,-14.4,0.0,-14,3
TM,TEAM_CR,1803,938466,0.0,0.7,0.8,-0.8,0.4,-14.4,-14.4,0.0,-14,3
TM,TEAM_CR,1804,938506,0.0,0.7,0.8,-0.8,-0.4,-14.4,-14.4,0.0,-14,3
TM,TEAM_CR,1805,938546,0.0,0.7,0.8,-0.8,-0.2,-14.4,-14.4,0.0,-14,3
TM,TEAM_CR,1806,938586,0.0,0.7,0.8,-0.8,0.0,-14.4,-14.4,0.0,-14,3
TM,SUN_L,3631,SUN_R,3306,SUN_NDV,0.0469,SUN_ANGLE,29.46
TM,MAG_X,-19.20,MAG_Y,21.26,MAG_Z,-10.64,MAG_HEADING,132.08
TM,GYRO_X,-0.901,GYRO_Y,-2.223,GYRO_Z,0.078,BODY_RATE,-0.078
TM,TEAM_CR,1807,938626,0.0,0.9,0.8,-0.8,0.1,-14.4,-14.4,0.0,-14,3
TM,TEAM_CR,1808,938672,0.0,0.8,0.8,-0.8,-0.4,-14.4,-14.4,0.0,-14,3
TM,TEAM_CR,1809,938725,0.0,0.8,0.8,-0.8,0.3,-14.4,-14.4,0.0,-14,3
TM,TEAM_CR,1810,938765,0.0,0.7,0.8,-0.8,0.4,-14.4,-14.4,0.0,-14,3
TM,TEAM_CR,1811,938805,0.0,0.9,0.8,-0.8,-0.4,-14.4,-14.4,0.0,-14,3
TM,TEAM_CR,1812,938845,0.0,0.6,0.8,-0.8,0.3,-14.4,-14.4,0.0,-14,3
TM,TEAM_CR,1813,938885,0.0,0.8,0.8,-0.8,0.4,-14.4,-14.4,0.0,-14,3
TM,TEAM_CR,1814,938926,0.0,0.8,0.8,-0.8,-0.1,-14.4,-14.4,0.0,-14,3
TM,TEAM_CR,1815,938966,0.0,0.6,0.8,-0.8,-0.1,-14.4,-14.4,0.0,-14,3
TM,TEAM_CR,1816,939006,0.0,0.9,0.8,-0.8,0.5,-14.4,-14.4,0.0,-14,3
TM,TEAM_CR,1817,939046,0.0,0.7,0.8,-0.8,0.2,-14.4,-14.4,0.0,-14,3
TM,ADCS_MODE,MANUAL,ADCS_REFERENCE,SUN,TARGET,0.00,POINTING_ERROR,-29.47,SUN_ERROR,-29.30,MAG_ERROR,-132.12,GYRO_Z,0.070,RW_CMD,0
TM,EST_RAW,29.30,EST_FILTERED,29.30,EST_ANGLE,-330.53,EST_FILTER,ON,EST_FILTER_TYPE,MOVING_AVERAGE,EST_MA_WINDOW,1,EST_FILTER_STRENGTH,0.35
TM,EST_FUSION,ON,EST_GYRO_WEIGHT,0.98,EST_VALID,1
TM,TEAM_CR,1818,939086,0.0,0.7,0.8,-0.8,-0.5,-14.4,-14.4,0.0,-14,3
TM,TEAM_CR,1819,939126,0.0,0.8,0.8,-0.8,0.4,-14.4,-14.4,0.0,-14,3
TM,TEAM_CR,1820,939172,0.0,0.9,0.8,-0.8,0.3,-14.4,-14.4,0.0,-14,3
TM,TEAM_CR,1821,939212,0.0,0.7,0.8,-0.8,-0.2,-14.4,-14.4,0.0,-14,3
TM,TEAM_CR,1822,939252,0.0,0.8,0.8,-0.8,-0.3,-14.4,-14.4,0.0,-14,3
TM,TEAM_CR,1823,939306,0.0,0.8,0.8,-0.8,0.5,-14.4,-14.4,0.0,-14,3
TM,TEAM_CR,1824,939346,0.0,0.9,0.9,-0.9,0.0,-14.4,-14.4,0.0,-14,3
TM,SUN_L,3633,SUN_R,3306,SUN_NDV,0.0471,SUN_ANGLE,29.45
TM,MAG_X,-19.15,MAG_Y,21.18,MAG_Z,-10.78,MAG_HEADING,132.12
TM,GYRO_X,-1.024,GYRO_Y,-2.223,GYRO_Z,0.061,BODY_RATE,-0.061
TM,TEAM_CR,1825,939386,0.0,0.7,0.8,-0.8,-0.4,-14.4,-14.4,0.0,-14,3
TM,TEAM_CR,1826,939426,0.0,0.7,0.8,-0.8,0.3,-14.4,-14.4,0.0,-14,3
TM,TEAM_CR,1827,939466,0.0,0.8,0.8,-0.8,0.2,-14.4,-14.4,0.0,-14,3
TM,TEAM_CR,1828,939506,0.0,0.9,0.8,-0.8,-0.4,-14.4,-14.4,0.0,-14,3
TM,TEAM_CR,1829,939546,0.0,0.7,0.8,-0.8,0.2,-14.4,-14.4,0.0,-14,3
TM,TEAM_CR,1830,939586,0.0,0.9,0.8,-0.8,0.3,-14.4,-14.4,0.0,-14,3
TM,TEAM_CR,1831,939626,0.0,0.9,0.8,-0.8,0.0,-14.4,-14.4,0.0,-14,3
TM,TEAM_CR,1832,939673,0.0,0.7,0.8,-0.8,-0.4,-14.4,-14.4,0.0,-14,3
TM,TEAM_CR,1833,939726,0.0,1.1,0.8,-0.8,0.5,-14.4,-14.4,0.0,-14,3
TM,TEAM_CR,1834,939766,0.0,0.8,0.8,-0.8,-0.1,-14.4,-14.4,0.0,-14,3
TM,TEAM_CR,1835,939806,0.0,0.9,0.8,-0.8,-0.5,-14.4,-14.4,0.0,-14,3
TM,TEAM_CR,1836,939846,0.0,0.8,0.8,-0.8,0.1,-14.4,-14.4,0.0,-14,3
TM,TEAM_CR,1837,939886,0.0,0.8,0.8,-0.8,0.4,-14.4,-14.4,0.0,-14,3
TM,TEAM_CR,1838,939926,0.0,0.6,0.8,-0.8,-0.2,-14.4,-14.4,0.0,-14,3
TM,TEAM_CR,1839,939966,0.0,0.8,0.8,-0.8,-0.2,-14.4,-14.4,0.0,-14,3
TM,TEAM_CR,1840,940006,0.0,0.7,0.8,-0.8,0.3,-14.4,-14.4,0.0,-14,3
TM,ADCS_MODE,MANUAL,ADCS_REFERENCE,SUN,TARGET,0.00,POINTING_ERROR,-29.47,SUN_ERROR,-29.58,MAG_ERROR,-132.43,GYRO_Z,-0.009,RW_CMD,0
TM,EST_RAW,29.58,EST_FILTERED,29.58,EST_ANGLE,-330.53,EST_FILTER,ON,EST_FILTER_TYPE,MOVING_AVERAGE,EST_MA_WINDOW,1,EST_FILTER_STRENGTH,0.35
TM,EST_FUSION,ON,EST_GYRO_WEIGHT,0.98,EST_VALID,1
TM,TEAM_CR,1841,940046,0.0,0.9,0.8,-0.8,0.0,-14.4,-14.4,0.0,-14,3
TM,TEAM_CR,1842,940086,0.0,0.6,0.8,-0.8,-0.5,-14.4,-14.4,0.0,-14,3
TM,SUN_L,3632,SUN_R,3307,SUN_NDV,0.0468,SUN_ANGLE,29.31
TM,MAG_X,-19.39,MAG_Y,21.22,MAG_Z,-10.64,MAG_HEADING,132.43
TM,GYRO_X,-1.094,GYRO_Y,-2.223,GYRO_Z,-0.105,BODY_RATE,0.105
TM,TEAM_CR,1843,940127,0.0,0.9,0.8,-0.8,0.1,-14.4,-14.4,0.0,-14,3
TM,TEAM_CR,1844,940173,0.0,0.8,0.8,-0.8,0.1,-14.4,-14.4,0.0,-14,3
TM,TEAM_CR,1845,940213,0.0,1.1,0.8,-0.8,0.1,-14.4,-14.4,0.0,-14,3
TM,TEAM_CR,1846,940254,0.0,0.7,0.8,-0.8,0.3,-14.4,-14.4,0.0,-14,3
TM,TEAM_CR,1847,940306,0.0,0.8,0.9,-0.9,0.4,-14.4,-14.4,0.0,-14,3
TM,TEAM_CR,1848,940346,0.0,0.8,0.9,-0.9,0.2,-14.4,-14.4,0.0,-14,3
TM,TEAM_CR,1849,940386,0.0,0.7,0.8,-0.8,-0.5,-14.4,-14.4,0.0,-14,3
TM,TEAM_CR,1850,940426,0.0,0.7,0.8,-0.8,0.3,-14.4,-14.4,0.0,-14,3
TM,TEAM_CR,1851,940466,0.0,0.7,0.8,-0.8,0.1,-14.4,-14.4,0.0,-14,3
TM,TEAM_CR,1852,940506,0.0,0.9,0.8,-0.8,-0.4,-14.4,-14.4,0.0,-14,3
TM,TEAM_CR,1853,940546,0.0,0.7,0.8,-0.8,0.3,-14.4,-14.4,0.0,-14,3
TM,TEAM_CR,1854,940586,0.0,0.7,0.8,-0.8,0.5,-14.4,-14.4,0.0,-14,3
TM,TEAM_CR,1855,940626,0.0,0.7,0.8,-0.8,0.0,-14.4,-14.4,0.0,-14,3
TM,TEAM_CR,1856,940674,0.0,0.7,0.8,-0.8,-0.1,-14.4,-14.4,0.0,-14,3
TM,TEAM_CR,1857,940726,0.0,0.8,0.8,-0.8,0.5,-14.4,-14.4,0.0,-14,3
TM,TEAM_CR,1858,940766,0.0,0.7,0.8,-0.8,0.1,-14.4,-14.4,0.0,-14,3
TM,TEAM_CR,1859,940806,0.0,0.7,0.8,-0.8,-0.2,-14.4,-14.4,0.0,-14,3
TM,TEAM_CR,1860,940846,0.0,0.8,0.8,-0.8,0.3,-14.4,-14.4,0.0,-14,3
TM,TEAM_CR,1861,940886,0.0,0.7,0.8,-0.8,0.3,-14.4,-14.4,0.0,-14,3
TM,SUN_L,3632,SUN_R,3306,SUN_NDV,0.0470,SUN_ANGLE,29.38
TM,MAG_X,-19.17,MAG_Y,21.07,MAG_Z,-10.66,MAG_HEADING,132.29
TM,GYRO_X,-1.076,GYRO_Y,-2.170,GYRO_Z,0.008,BODY_RATE,-0.008
TM,TEAM_CR,1862,940926,0.0,0.7,0.8,-0.8,0.0,-14.4,-14.4,0.0,-14,3
TM,ADCS_MODE,MANUAL,ADCS_REFERENCE,SUN,TARGET,0.00,POINTING_ERROR,-29.48,SUN_ERROR,-29.51,MAG_ERROR,-132.29,GYRO_Z,-0.027,RW_CMD,0
TM,EST_RAW,29.51,EST_FILTERED,29.51,EST_ANGLE,-330.52,EST_FILTER,ON,EST_FILTER_TYPE,MOVING_AVERAGE,EST_MA_WINDOW,1,EST_FILTER_STRENGTH,0.35
TM,EST_FUSION,ON,EST_GYRO_WEIGHT,0.98,EST_VALID,1
TM,TEAM_CR,1863,940966,0.0,0.8,0.8,-0.8,0.1,-14.4,-14.4,0.0,-14,3
TM,TEAM_CR,1864,941006,0.0,0.8,0.8,-0.8,0.4,-14.4,-14.4,0.0,-14,3
TM,TEAM_CR,1865,941046,0.0,0.7,0.8,-0.8,0.3,-14.4,-14.4,0.0,-14,3
TM,TEAM_CR,1866,941086,0.0,0.7,0.8,-0.8,-0.5,-14.4,-14.4,0.0,-14,3
TM,TEAM_CR,1867,941126,0.0,0.7,0.8,-0.8,0.3,-14.4,-14.4,0.0,-14,3
TM,TEAM_CR,1868,941173,0.0,0.7,0.8,-0.8,0.1,-14.4,-14.4,0.0,-14,3
TM,TEAM_CR,1869,941213,0.0,0.8,0.8,-0.8,-0.3,-14.4,-14.4,0.0,-14,3
TM,TEAM_CR,1870,941253,0.0,0.8,0.8,-0.8,0.3,-14.4,-14.4,0.0,-14,3
TM,TEAM_CR,1871,941307,0.0,0.9,0.8,-0.8,0.2,-14.4,-14.4,0.0,-14,3
TM,TEAM_CR,1872,941346,0.0,0.7,0.8,-0.8,-0.1,-14.4,-14.4,0.0,-14,3
TM,TEAM_CR,1873,941387,0.0,0.8,0.8,-0.8,-0.1,-14.4,-14.4,0.0,-14,3
TM,TEAM_CR,1874,941426,0.0,0.8,0.8,-0.8,0.3,-14.4,-14.4,0.0,-14,3
TM,TEAM_CR,1875,941466,0.0,0.8,0.8,-0.8,0.3,-14.4,-14.4,0.0,-14,3
TM,TEAM_CR,1876,941506,0.0,0.7,0.8,-0.8,-0.3,-14.4,-14.4,0.0,-14,3
TM,TEAM_CR,1877,941546,0.0,0.9,0.8,-0.8,0.1,-14.4,-14.4,0.0,-14,3
TM,TEAM_CR,1878,941586,0.0,0.7,0.8,-0.8,0.4,-14.4,-14.4,0.0,-14,3
TM,TEAM_CR,1879,941626,0.0,0.8,0.8,-0.8,0.0,-14.4,-14.4,0.0,-14,3
TM,SUN_L,3631,SUN_R,3305,SUN_NDV,0.0470,SUN_ANGLE,29.44
TM,MAG_X,-19.12,MAG_Y,21.17,MAG_Z,-10.90,MAG_HEADING,132.09
TM,GYRO_X,-1.242,GYRO_Y,-2.179,GYRO_Z,0.026,BODY_RATE,-0.026
TM,TEAM_CR,1880,941672,0.0,0.8,0.8,-0.8,-0.3,-14.4,-14.4,0.0,-14,3
TM,TEAM_CR,1881,941725,0.0,0.8,0.8,-0.8,0.7,-14.4,-14.4,0.0,-14,3
TM,TEAM_CR,1882,941765,0.0,0.7,0.8,-0.8,-0.2,-14.4,-14.4,0.0,-14,3
TM,TEAM_CR,1883,941805,0.0,0.9,0.8,-0.8,-0.3,-14.4,-14.4,0.0,-14,3
TM,TEAM_CR,1884,941845,0.0,0.8,0.8,-0.8,0.0,-14.4,-14.4,0.0,-14,3
TM,TEAM_CR,1885,941885,0.0,1.0,0.8,-0.8,0.3,-14.4,-14.4,0.0,-14,3
TM,ADCS_MODE,MANUAL,ADCS_REFERENCE,SUN,TARGET,0.00,POINTING_ERROR,-29.47,SUN_ERROR,-29.49,MAG_ERROR,-132.09,GYRO_Z,-0.193,RW_CMD,0
TM,EST_RAW,29.49,EST_FILTERED,29.49,EST_ANGLE,-330.53,EST_FILTER,ON,EST_FILTER_TYPE,MOVING_AVERAGE,EST_MA_WINDOW,1,EST_FILTER_STRENGTH,0.35
TM,EST_FUSION,ON,EST_GYRO_WEIGHT,0.98,EST_VALID,1
TM,TEAM_CR,1886,941926,0.0,0.6,0.8,-0.8,-0.5,-14.4,-14.4,0.0,-14,3
TM,TEAM_CR,1887,941966,0.0,0.9,0.8,-0.8,-0.1,-14.4,-14.4,0.0,-14,3
TM,TEAM_CR,1888,942006,0.0,0.8,0.8,-0.8,0.5,-14.4,-14.4,0.0,-14,3
TM,TEAM_CR,1889,942046,0.0,0.8,0.8,-0.8,0.1,-14.4,-14.4,0.0,-14,3
TM,TEAM_CR,1890,942086,0.0,0.8,0.8,-0.8,-0.2,-14.4,-14.4,0.0,-14,3
TM,TEAM_CR,1891,942126,0.0,1.1,0.8,-0.8,0.2,-14.4,-14.4,0.0,-14,3
TM,TEAM_CR,1892,942172,0.0,0.8,0.8,-0.8,0.1,-14.4,-14.4,0.0,-14,3
TM,TEAM_CR,1893,942212,0.0,0.8,0.8,-0.8,-0.4,-14.4,-14.4,0.0,-14,3
TM,TEAM_CR,1894,942252,0.0,0.5,0.8,-0.8,0.1,-14.4,-14.4,0.0,-14,3
TM,TEAM_CR,1895,942306,0.0,0.8,0.8,-0.8,0.6,-14.4,-14.4,0.0,-14,3
TM,TEAM_CR,1896,942346,0.0,0.7,0.8,-0.8,-0.1,-14.4,-14.4,0.0,-14,3
TM,TEAM_CR,1897,942386,0.0,0.7,0.8,-0.8,-0.3,-14.4,-14.4,0.0,-14,3
TM,SUN_L,3633,SUN_R,3306,SUN_NDV,0.0471,SUN_ANGLE,29.40
TM,MAG_X,-19.15,MAG_Y,21.14,MAG_Z,-10.80,MAG_HEADING,132.18
TM,GYRO_X,-1.067,GYRO_Y,-2.082,GYRO_Z,-0.324,BODY_RATE,0.324
TM,TEAM_CR,1898,942426,0.0,0.8,0.8,-0.8,0.3,-14.4,-14.4,0.0,-14,3
TM,TEAM_CR,1899,942466,0.0,0.7,0.8,-0.8,-0.1,-14.4,-14.4,0.0,-14,3
TM,TEAM_CR,1900,942506,0.0,0.9,0.8,-0.8,-0.3,-14.4,-14.4,0.0,-14,3
TM,TEAM_CR,1901,942546,0.0,0.7,0.8,-0.8,0.1,-14.4,-14.4,0.0,-14,3
TM,TEAM_CR,1902,942586,0.0,0.7,0.8,-0.8,0.4,-14.4,-14.4,0.0,-14,3
TM,TEAM_CR,1903,942626,0.0,0.8,0.8,-0.8,-0.2,-14.4,-14.4,0.0,-14,3
TM,TEAM_CR,1904,942673,0.0,0.9,0.8,-0.8,-0.1,-14.4,-14.4,0.0,-14,3
TM,TEAM_CR,1905,942726,0.0,0.7,0.8,-0.8,0.3,-14.4,-14.4,0.0,-14,3
TM,TEAM_CR,1906,942766,0.0,0.8,0.8,-0.8,0.0,-14.4,-14.4,0.0,-14,3
TM,TEAM_CR,1907,942806,0.0,0.7,0.8,-0.8,-0.4,-14.4,-14.4,0.0,-14,3
TM,TEAM_CR,1908,942846,0.0,0.8,0.8,-0.8,0.2,-14.4,-14.4,0.0,-14,3
TM,ADCS_MODE,MANUAL,ADCS_REFERENCE,SUN,TARGET,0.00,POINTING_ERROR,-29.46,SUN_ERROR,-29.30,MAG_ERROR,-132.40,GYRO_Z,0.026,RW_CMD,0
TM,EST_RAW,29.30,EST_FILTERED,29.30,EST_ANGLE,-330.54,EST_FILTER,ON,EST_FILTER_TYPE,MOVING_AVERAGE,EST_MA_WINDOW,1,EST_FILTER_STRENGTH,0.35
TM,EST_FUSION,ON,EST_GYRO_WEIGHT,0.98,EST_VALID,1
TM,TEAM_CR,1909,942886,0.0,0.9,0.8,-0.8,0.5,-14.4,-14.4,0.0,-14,3
TM,TEAM_CR,1910,942926,0.0,0.9,0.8,-0.8,-0.3,-14.4,-14.4,0.0,-14,3
TM,TEAM_CR,1911,942966,0.0,0.8,0.8,-0.8,0.3,-14.4,-14.4,0.0,-14,3
TM,TEAM_CR,1912,943006,0.0,0.7,0.8,-0.8,0.5,-14.4,-14.4,0.0,-14,3
TM,TEAM_CR,1913,943046,0.0,0.7,0.9,-0.9,0.1,-14.4,-14.4,0.0,-14,3
TM,TEAM_CR,1914,943086,0.0,0.8,0.8,-0.8,-0.5,-14.4,-14.4,0.0,-14,3
TM,TEAM_CR,1915,943127,0.0,0.8,0.8,-0.8,0.2,-14.4,-14.4,0.0,-14,3
TM,SUN_L,3631,SUN_R,3306,SUN_NDV,0.0469,SUN_ANGLE,29.35
TM,MAG_X,-19.04,MAG_Y,21.22,MAG_Z,-10.91,MAG_HEADING,131.91
TM,GYRO_X,-1.164,GYRO_Y,-2.328,GYRO_Z,0.043,BODY_RATE,-0.043
TM,TEAM_CR,1916,943173,0.0,0.7,0.9,-0.9,0.2,-14.4,-14.4,0.0,-14,3
TM,TEAM_CR,1917,943213,0.0,0.5,0.8,-0.8,-0.1,-14.4,-14.4,0.0,-14,3
TM,TEAM_CR,1918,943254,0.0,0.7,0.8,-0.8,0.2,-14.4,-14.4,0.0,-14,3
TM,TEAM_CR,1919,943306,0.0,0.8,0.8,-0.8,0.3,-14.4,-14.4,0.0,-14,3
TM,TEAM_CR,1920,943346,0.0,0.8,0.8,-0.8,-0.2,-14.4,-14.4,0.0,-14,3
TM,TEAM_CR,1921,943386,0.0,0.8,0.8,-0.8,-0.2,-14.4,-14.4,0.0,-14,3
TM,TEAM_CR,1922,943426,0.0,0.9,0.8,-0.8,0.3,-14.4,-14.4,0.0,-14,3
TM,TEAM_CR,1923,943466,0.0,0.7,0.8,-0.8,0.2,-14.4,-14.4,0.0,-14,3
TM,TEAM_CR,1924,943506,0.0,0.7,0.8,-0.8,-0.2,-14.4,-14.4,0.0,-14,3
TM,TEAM_CR,1925,943546,0.0,0.7,0.8,-0.8,0.2,-14.4,-14.4,0.0,-14,3
TM,TEAM_CR,1926,943586,0.0,0.8,0.8,-0.8,0.5,-14.4,-14.4,0.0,-14,3
TM,TEAM_CR,1927,943626,0.0,0.7,0.8,-0.8,0.2,-14.4,-14.4,0.0,-14,3
TM,TEAM_CR,1928,943674,0.0,0.7,0.8,-0.8,0.1,-14.4,-14.4,0.0,-14,3
TM,TEAM_CR,1929,943726,0.0,1.0,0.9,-0.9,0.5,-14.4,-14.4,0.0,-14,3
TM,TEAM_CR,1930,943766,0.0,0.7,0.9,-0.9,-0.1,-14.4,-14.4,0.0,-14,3
TM,TEAM_CR,1931,943806,0.0,0.7,0.8,-0.8,-0.6,-14.4,-14.4,0.0,-14,3
TM,ADCS_MODE,MANUAL,ADCS_REFERENCE,SUN,TARGET,0.00,POINTING_ERROR,-29.44,SUN_ERROR,-29.25,MAG_ERROR,-132.24,GYRO_Z,0.122,RW_CMD,0
TM,EST_RAW,29.25,EST_FILTERED,29.25,EST_ANGLE,-330.56,EST_FILTER,ON,EST_FILTER_TYPE,MOVING_AVERAGE,EST_MA_WINDOW,1,EST_FILTER_STRENGTH,0.35
TM,EST_FUSION,ON,EST_GYRO_WEIGHT,0.98,EST_VALID,1
TM,TEAM_CR,1932,943846,0.0,0.8,0.8,-0.8,0.0,-14.4,-14.4,0.0,-14,3
TM,TEAM_CR,1933,943886,0.0,0.8,0.8,-0.8,0.3,-14.4,-14.4,0.0,-14,3
TM,SUN_L,3631,SUN_R,3306,SUN_NDV,0.0469,SUN_ANGLE,29.47
TM,MAG_X,-19.14,MAG_Y,21.07,MAG_Z,-10.80,MAG_HEADING,132.24
TM,GYRO_X,-1.374,GYRO_Y,-2.336,GYRO_Z,-0.018,BODY_RATE,0.018
TM,TEAM_CR,1934,943926,0.0,0.7,0.8,-0.8,-0.4,-14.4,-14.4,0.0,-14,3
TM,TEAM_CR,1935,943966,0.0,0.8,0.8,-0.8,0.3,-14.4,-14.4,0.0,-14,3
TM,TEAM_CR,1936,944006,0.0,0.9,0.8,-0.8,0.3,-14.4,-14.4,0.0,-14,3
TM,TEAM_CR,1937,944046,0.0,0.9,0.9,-0.9,0.1,-14.4,-14.4,0.0,-14,3
TM,TEAM_CR,1938,944086,0.0,0.7,0.8,-0.8,-0.5,-14.4,-14.4,0.0,-14,3
TM,TEAM_CR,1939,944127,0.0,0.8,0.8,-0.8,0.4,-14.4,-14.4,0.0,-14,3
TM,TEAM_CR,1940,944172,0.0,0.8,0.8,-0.8,0.4,-14.4,-14.4,0.0,-14,3
TM,TEAM_CR,1941,944212,0.0,0.9,0.8,-0.8,-0.5,-14.4,-14.4,0.0,-14,3
TM,TEAM_CR,1942,944252,0.0,0.7,0.8,-0.8,0.4,-14.4,-14.4,0.0,-14,3
TM,TEAM_CR,1943,944306,0.0,0.7,0.9,-0.9,0.2,-14.4,-14.4,0.0,-14,3
TM,TEAM_CR,1944,944346,0.0,0.7,0.9,-0.9,-0.1,-14.4,-14.4,0.0,-14,3
TM,TEAM_CR,1945,944387,0.0,0.7,0.8,-0.8,-0.2,-14.4,-14.4,0.0,-14,3
TM,TEAM_CR,1946,944426,0.0,1.0,0.9,-0.9,0.3,-14.4,-14.4,0.0,-14,3
TM,TEAM_CR,1947,944466,0.0,0.9,0.9,-0.9,-0.1,-14.4,-14.4,0.0,-14,3
TM,TEAM_CR,1948,944506,0.0,0.6,0.9,-0.9,-0.1,-14.4,-14.4,0.0,-14,3
TM,TEAM_CR,1949,944546,0.0,0.8,0.8,-0.8,0.0,-14.4,-14.4,0.0,-14,3
TM,TEAM_CR,1950,944586,0.0,0.7,0.8,-0.8,0.3,-14.4,-14.4,0.0,-14,3
TM,TEAM_CR,1951,944626,0.0,0.8,0.8,-0.8,0.0,-14.4,-14.4,0.0,-14,3
TM,TEAM_CR,1952,944672,0.0,0.8,0.8,-0.8,-0.2,-14.4,-14.4,0.0,-14,3
TM,SUN_L,3631,SUN_R,3306,SUN_NDV,0.0469,SUN_ANGLE,29.28
TM,MAG_X,-19.14,MAG_Y,21.20,MAG_Z,-10.85,MAG_HEADING,132.07
TM,GYRO_X,-1.076,GYRO_Y,-2.284,GYRO_Z,0.131,BODY_RATE,-0.131
TM,TEAM_CR,1953,944725,0.0,0.8,0.8,-0.8,0.1,-14.4,-14.4,0.0,-14,3
TM,ADCS_MODE,MANUAL,ADCS_REFERENCE,SUN,TARGET,0.00,POINTING_ERROR,-29.45,SUN_ERROR,-29.35,MAG_ERROR,-132.07,GYRO_Z,-0.158,RW_CMD,0
TM,EST_RAW,29.35,EST_FILTERED,29.35,EST_ANGLE,-330.55,EST_FILTER,ON,EST_FILTER_TYPE,MOVING_AVERAGE,EST_MA_WINDOW,1,EST_FILTER_STRENGTH,0.35
TM,EST_FUSION,ON,EST_GYRO_WEIGHT,0.98,EST_VALID,1
TM,TEAM_CR,1954,944765,0.0,0.8,0.8,-0.8,0.0,-14.4,-14.4,0.0,-14,3
TM,TEAM_CR,1955,944805,0.0,0.7,0.8,-0.8,-0.4,-14.4,-14.4,0.0,-14,3
TM,TEAM_CR,1956,944845,0.0,0.8,0.8,-0.8,0.3,-14.4,-14.4,0.0,-14,3
TM,TEAM_CR,1957,944885,0.0,0.7,0.8,-0.8,0.1,-14.4,-14.4,0.0,-14,3
TM,TEAM_CR,1958,944926,0.0,0.8,0.8,-0.8,-0.4,-14.4,-14.4,0.0,-14,3
TM,TEAM_CR,1959,944966,0.0,0.8,0.8,-0.8,0.2,-14.4,-14.4,0.0,-14,3
TM,TEAM_CR,1960,945006,0.0,0.9,0.8,-0.8,0.4,-14.4,-14.4,0.0,-14,3
TM,TEAM_CR,1961,945046,0.0,0.9,0.8,-0.8,0.0,-14.4,-14.4,0.0,-14,3
TM,TEAM_CR,1962,945086,0.0,0.9,0.8,-0.8,-0.2,-14.4,-14.4,0.0,-14,3
TM,TEAM_CR,1963,945126,0.0,0.8,0.8,-0.8,0.2,-14.4,-14.4,0.0,-14,3
TM,TEAM_CR,1964,945172,0.0,0.8,0.8,-0.8,0.1,-14.4,-14.4,0.0,-14,3
TM,TEAM_CR,1965,945212,0.0,0.8,0.8,-0.8,-0.3,-14.4,-14.4,0.0,-14,3
TM,TEAM_CR,1966,945252,0.0,0.8,0.8,-0.8,0.1,-14.4,-14.4,0.0,-14,3
TM,TEAM_CR,1967,945306,0.0,0.8,0.8,-0.8,0.4,-14.4,-14.4,0.0,-14,3
TM,TEAM_CR,1968,945346,0.0,0.8,0.8,-0.8,-0.2,-14.4,-14.4,0.0,-14,3
TM,TEAM_CR,1969,945386,0.0,0.8,0.8,-0.8,-0.2,-14.4,-14.4,0.0,-14,3
TM,TEAM_CR,1970,945426,0.0,0.9,0.8,-0.8,0.2,-14.4,-14.4,0.0,-14,3
TM,SUN_L,3633,SUN_R,3307,SUN_NDV,0.0470,SUN_ANGLE,29.30
TM,MAG_X,-19.12,MAG_Y,21.18,MAG_Z,-10.72,MAG_HEADING,132.07
TM,GYRO_X,-1.129,GYRO_Y,-1.908,GYRO_Z,-0.097,BODY_RATE,0.097
TM,TEAM_CR,1971,945466,0.0,0.7,0.9,-0.9,0.4,-14.4,-14.4,0.0,-14,3
TM,TEAM_CR,1972,945506,0.0,0.8,0.9,-0.9,0.0,-14.4,-14.4,0.0,-14,3
TM,TEAM_CR,1973,945546,0.0,0.7,0.8,-0.8,0.0,-14.4,-14.4,0.0,-14,3
TM,TEAM_CR,1974,945586,0.0,1.1,0.9,-0.9,0.1,-14.4,-14.4,0.0,-14,3
TM,TEAM_CR,1975,945626,0.0,1.0,0.9,-0.9,0.0,-14.4,-14.4,0.0,-14,3
TM,TEAM_CR,1976,945673,0.0,0.7,0.8,-0.8,-0.2,-14.4,-14.4,0.0,-14,3
TM,ADCS_MODE,MANUAL,ADCS_REFERENCE,SUN,TARGET,0.00,POINTING_ERROR,-29.43,SUN_ERROR,-29.50,MAG_ERROR,-132.22,GYRO_Z,-0.202,RW_CMD,0
TM,EST_RAW,29.50,EST_FILTERED,29.50,EST_ANGLE,-330.57,EST_FILTER,ON,EST_FILTER_TYPE,MOVING_AVERAGE,EST_MA_WINDOW,1,EST_FILTER_STRENGTH,0.35
TM,EST_FUSION,ON,EST_GYRO_WEIGHT,0.98,EST_VALID,1
TM,TEAM_CR,1977,945726,0.0,0.8,0.9,-0.9,0.7,-14.4,-14.4,0.0,-14,3
TM,TEAM_CR,1978,945766,0.0,0.8,0.9,-0.9,0.2,-14.4,-14.4,0.0,-14,3
TM,TEAM_CR,1979,945806,0.0,0.7,0.8,-0.8,-0.4,-14.4,-14.4,0.0,-14,3
TM,TEAM_CR,1980,945846,0.0,0.7,0.9,-0.9,0.3,-14.4,-14.4,0.0,-14,3
TM,TEAM_CR,1981,945886,0.0,0.7,0.9,-0.9,0.4,-14.4,-14.4,0.0,-14,3
TM,TEAM_CR,1982,945926,0.0,0.7,0.9,-0.9,-0.2,-14.4,-14.4,0.0,-14,3
TM,TEAM_CR,1983,945966,0.0,0.7,0.8,-0.8,0.3,-14.4,-14.4,0.0,-14,3
TM,TEAM_CR,1984,946006,0.0,0.8,0.9,-0.9,0.3,-14.4,-14.4,0.0,-14,3
TM,TEAM_CR,1985,946046,0.0,0.9,0.9,-0.9,0.3,-14.4,-14.4,0.0,-14,3
TM,TEAM_CR,1986,946086,0.0,0.7,0.9,-0.9,-0.5,-14.4,-14.4,0.0,-14,3
TM,TEAM_CR,1987,946127,0.0,0.7,0.8,-0.8,-0.1,-14.4,-14.4,0.0,-14,3
TM,TEAM_CR,1988,946173,0.0,0.8,0.9,-0.9,0.3,-14.4,-14.4,0.0,-14,3
TM,SUN_L,3630,SUN_R,3306,SUN_NDV,0.0467,SUN_ANGLE,29.40
TM,MAG_X,-19.07,MAG_Y,21.23,MAG_Z,-10.85,MAG_HEADING,131.93
TM,GYRO_X,-1.059,GYRO_Y,-2.275,GYRO_Z,-0.035,BODY_RATE,0.035
TM,TEAM_CR,1989,946213,0.0,0.7,0.9,-0.9,-0.1,-14.4,-14.4,0.0,-14,3
TM,TEAM_CR,1990,946254,0.0,0.8,0.9,-0.9,0.1,-14.4,-14.4,0.0,-14,3
TM,TEAM_CR,1991,946306,0.0,0.8,0.9,-0.9,0.6,-14.4,-14.4,0.0,-14,3
TM,TEAM_CR,1992,946346,0.0,0.7,0.9,-0.9,-0.1,-14.4,-14.4,0.0,-14,3
TM,TEAM_CR,1993,946386,0.0,0.7,0.8,-0.8,-0.5,-14.4,-14.4,0.0,-14,3
TM,TEAM_CR,1994,946426,0.0,0.8,0.8,-0.8,0.2,-14.4,-14.4,0.0,-14,3
TM,TEAM_CR,1995,946466,0.0,0.9,0.9,-0.9,0.4,-14.4,-14.4,0.0,-14,3
TM,TEAM_CR,1996,946506,0.0,0.7,0.9,-0.9,-0.1,-14.4,-14.4,0.0,-14,3
TM,TEAM_CR,1997,946546,0.0,0.7,0.8,-0.8,0.1,-14.4,-14.4,0.0,-14,3
TM,TEAM_CR,1998,946586,0.0,0.7,0.9,-0.9,0.2,-14.4,-14.4,0.0,-14,3
TM,TEAM_CR,1999,946626,0.0,0.8,0.9,-0.9,0.1,-14.4,-14.4,0.0,-14,3
TM,ADCS_MODE,MANUAL,ADCS_REFERENCE,SUN,TARGET,0.00,POINTING_ERROR,-29.43,SUN_ERROR,-29.45,MAG_ERROR,-131.93,GYRO_Z,-0.009,RW_CMD,0
TM,EST_RAW,29.45,EST_FILTERED,29.45,EST_ANGLE,-330.57,EST_FILTER,ON,EST_FILTER_TYPE,MOVING_AVERAGE,EST_MA_WINDOW,1,EST_FILTER_STRENGTH,0.35
TM,EST_FUSION,ON,EST_GYRO_WEIGHT,0.98,EST_VALID,1
TM,TEAM_CR,2000,946674,0.0,0.7,0.8,-0.8,-0.5,-14.4,-14.4,0.0,-14,3
TM,TEAM_CR,2001,946726,0.0,0.8,0.8,-0.8,0.5,-14.4,-14.4,0.0,-14,3
TM,TEAM_CR,2002,946766,0.0,0.9,0.8,-0.8,0.1,-14.4,-14.4,0.0,-14,3
TM,TEAM_CR,2003,946806,0.0,0.8,0.8,-0.8,-0.4,-14.4,-14.4,0.0,-14,3
TM,TEAM_CR,2004,946846,0.0,0.9,0.8,-0.8,0.4,-14.4,-14.4,0.0,-14,3
TM,TEAM_CR,2005,946886,0.0,0.8,0.8,-0.8,0.3,-14.4,-14.4,0.0,-14,3
TM,TEAM_CR,2006,946926,0.0,0.6,0.8,-0.8,-0.2,-14.4,-14.4,0.0,-14,3
TM,SUN_L,3632,SUN_R,3306,SUN_NDV,0.0470,SUN_ANGLE,29.40
TM,MAG_X,-19.22,MAG_Y,21.09,MAG_Z,-10.86,MAG_HEADING,132.34
TM,GYRO_X,-1.033,GYRO_Y,-2.144,GYRO_Z,0.227,BODY_RATE,-0.227
TM,TEAM_CR,2007,946967,0.0,0.9,0.8,-0.8,-0.5,-14.4,-14.4,0.0,-14,3
TM,TEAM_CR,2008,947006,0.0,0.8,0.8,-0.8,0.3,-14.4,-14.4,0.0,-14,3
TM,TEAM_CR,2009,947046,0.0,0.7,0.8,-0.8,0.4,-14.4,-14.4,0.0,-14,3
TM,TEAM_CR,2010,947086,0.0,0.7,0.8,-0.8,-0.2,-14.4,-14.4,0.0,-14,3
TM,TEAM_CR,2011,947127,0.0,0.7,0.8,-0.8,0.2,-14.4,-14.4,0.0,-14,3
TM,TEAM_CR,2012,947172,0.0,0.7,0.8,-0.8,0.5,-14.4,-14.4,0.0,-14,3
TM,TEAM_CR,2013,947212,0.0,0.7,0.8,-0.8,-0.1,-14.4,-14.4,0.0,-14,3
TM,TEAM_CR,2014,947252,0.0,0.7,0.8,-0.8,-0.3,-14.4,-14.4,0.0,-14,3
TM,TEAM_CR,2015,947306,0.0,0.7,0.8,-0.8,0.3,-14.4,-14.4,0.0,-14,3
TM,TEAM_CR,2016,947346,0.0,0.9,0.8,-0.8,-0.1,-14.4,-14.4,0.0,-14,3
TM,TEAM_CR,2017,947387,0.0,0.7,0.8,-0.8,-0.4,-14.4,-14.4,0.0,-14,3
TM,TEAM_CR,2018,947426,0.0,0.7,0.8,-0.8,0.3,-14.4,-14.4,0.0,-14,3
TM,TEAM_CR,2019,947466,0.0,1.0,0.8,-0.8,0.1,-14.4,-14.4,0.0,-14,3
TM,TEAM_CR,2020,947506,0.0,0.8,0.8,-0.8,0.1,-14.4,-14.4,0.0,-14,3
TM,TEAM_CR,2021,947546,0.0,0.8,0.8,-0.8,-0.3,-14.4,-14.4,0.0,-14,3
TM,TEAM_CR,2022,947586,0.0,0.7,0.8,-0.8,0.1,-14.4,-14.4,0.0,-14,3
TM,ADCS_MODE,MANUAL,ADCS_REFERENCE,SUN,TARGET,0.00,POINTING_ERROR,-29.42,SUN_ERROR,-29.35,MAG_ERROR,-131.87,GYRO_Z,-0.018,RW_CMD,0
TM,EST_RAW,29.35,EST_FILTERED,29.35,EST_ANGLE,-330.58,EST_FILTER,ON,EST_FILTER_TYPE,MOVING_AVERAGE,EST_MA_WINDOW,1,EST_FILTER_STRENGTH,0.35
TM,EST_FUSION,ON,EST_GYRO_WEIGHT,0.98,EST_VALID,1
TM,TEAM_CR,2023,947626,0.0,0.6,0.8,-0.8,0.3,-14.4,-14.4,0.0,-14,3
TM,TEAM_CR,2024,947672,0.0,0.7,0.8,-0.8,-0.6,-14.4,-14.4,0.0,-14,3
TM,SUN_L,3632,SUN_R,3305,SUN_NDV,0.0471,SUN_ANGLE,29.37
TM,MAG_X,-19.06,MAG_Y,21.26,MAG_Z,-10.67,MAG_HEADING,131.87
TM,GYRO_X,-1.102,GYRO_Y,-2.214,GYRO_Z,-0.149,BODY_RATE,0.149
TM,TEAM_CR,2025,947725,0.0,0.7,0.8,-0.8,0.4,-14.4,-14.4,0.0,-14,3
TM,TEAM_CR,2026,947765,0.0,0.7,0.8,-0.8,0.4,-14.4,-14.4,0.0,-14,3
TM,TEAM_CR,2027,947805,0.0,0.7,0.8,-0.8,-0.6,-14.4,-14.4,0.0,-14,3
TM,TEAM_CR,2028,947845,0.0,0.7,0.8,-0.8,0.2,-14.4,-14.4,0.0,-14,3
TM,TEAM_CR,2029,947885,0.0,0.7,0.8,-0.8,0.2,-14.4,-14.4,0.0,-14,3
TM,TEAM_CR,2030,947926,0.0,0.8,0.8,-0.8,0.2,-14.4,-14.4,0.0,-14,3
TM,TEAM_CR,2031,947966,0.0,0.8,0.8,-0.8,-0.7,-14.4,-14.4,0.0,-14,3
TM,TEAM_CR,2032,948006,0.0,0.7,0.8,-0.8,0.1,-14.4,-14.4,0.0,-14,3
TM,TEAM_CR,2033,948046,0.0,0.8,0.8,-0.8,0.3,-14.4,-14.4,0.0,-14,3
TM,TEAM_CR,2034,948086,0.0,0.7,0.8,-0.8,-0.3,-14.4,-14.4,0.0,-14,3
TM,TEAM_CR,2035,948126,0.0,0.7,0.8,-0.8,-0.2,-14.4,-14.4,0.0,-14,3
TM,TEAM_CR,2036,948172,0.0,0.8,0.8,-0.8,0.4,-14.4,-14.4,0.0,-14,3
TM,TEAM_CR,2037,948212,0.0,0.8,0.8,-0.8,0.2,-14.4,-14.4,0.0,-14,3
TM,TEAM_CR,2038,948252,0.0,0.7,0.8,-0.8,-0.2,-14.4,-14.4,0.0,-14,3
TM,TEAM_CR,2039,948306,0.0,0.7,0.8,-0.8,0.3,-14.4,-14.4,0.0,-14,3
TM,TEAM_CR,2040,948346,0.0,0.8,0.8,-0.8,0.3,-14.4,-14.4,0.0,-14,3
TM,TEAM_CR,2041,948386,0.0,0.9,0.8,-0.8,-0.4,-14.4,-14.4,0.0,-14,3
TM,TEAM_CR,2042,948426,0.0,0.8,0.8,-0.8,0.2,-14.4,-14.4,0.0,-14,3
TM,TEAM_CR,2043,948466,0.0,0.8,0.8,-0.8,0.5,-14.4,-14.4,0.0,-14,3
TM,SUN_L,3631,SUN_R,3306,SUN_NDV,0.0469,SUN_ANGLE,29.40
TM,MAG_X,-19.22,MAG_Y,21.17,MAG_Z,-10.64,MAG_HEADING,132.23
TM,GYRO_X,-0.989,GYRO_Y,-2.275,GYRO_Z,-0.018,BODY_RATE,0.018
TM,TEAM_CR,2044,948506,0.0,0.7,0.8,-0.8,0.0,-14.4,-14.4,0.0,-14,3
TM,ADCS_MODE,MANUAL,ADCS_REFERENCE,SUN,TARGET,0.00,POINTING_ERROR,-29.41,SUN_ERROR,-29.36,MAG_ERROR,-132.23,GYRO_Z,-0.132,RW_CMD,0
TM,EST_RAW,29.36,EST_FILTERED,29.36,EST_ANGLE,-330.59,EST_FILTER,ON,EST_FILTER_TYPE,MOVING_AVERAGE,EST_MA_WINDOW,1,EST_FILTER_STRENGTH,0.35
TM,EST_FUSION,ON,EST_GYRO_WEIGHT,0.98,EST_VALID,1
TM,TEAM_CR,2045,948546,0.0,0.6,0.8,-0.8,-0.5,-14.4,-14.4,0.0,-14,3
TM,TEAM_CR,2046,948586,0.0,0.8,0.8,-0.8,0.3,-14.4,-14.4,0.0,-14,3
TM,TEAM_CR,2047,948626,0.0,0.8,0.8,-0.8,0.1,-14.4,-14.4,0.0,-14,3
TM,TEAM_CR,2048,948673,0.0,0.8,0.8,-0.8,-0.6,-14.4,-14.4,0.0,-14,3
TM,TEAM_CR,2049,948726,0.0,0.8,0.8,-0.8,0.0,-14.4,-14.4,0.0,-14,3
TM,TEAM_CR,2050,948766,0.0,0.6,0.8,-0.8,0.1,-14.4,-14.4,0.0,-14,3
TM,TEAM_CR,2051,948806,0.0,0.9,0.8,-0.8,-0.1,-14.4,-14.4,0.0,-14,3
TM,TEAM_CR,2052,948846,0.0,0.8,0.7,-0.7,-0.3,-14.4,-14.4,0.0,-14,3
TM,TEAM_CR,2053,948886,0.0,0.9,0.8,-0.8,0.2,-14.4,-14.4,0.0,-14,3
TM,TEAM_CR,2054,948926,0.0,0.9,0.8,-0.8,0.3,-14.4,-14.4,0.0,-14,3
TM,TEAM_CR,2055,948966,0.0,0.9,0.8,-0.8,-0.5,-14.4,-14.4,0.0,-14,3
TM,TEAM_CR,2056,949006,0.0,0.8,0.8,-0.8,0.2,-14.4,-14.4,0.0,-14,3
TM,TEAM_CR,2057,949046,0.0,0.8,0.8,-0.8,0.3,-14.4,-14.4,0.0,-14,3
TM,TEAM_CR,2058,949086,0.0,0.9,0.8,-0.8,0.0,-14.4,-14.4,0.0,-14,3
TM,TEAM_CR,2059,949127,0.0,0.8,0.8,-0.8,-0.4,-14.4,-14.4,0.0,-14,3
TM,TEAM_CR,2060,949173,0.0,1.0,0.8,-0.8,0.5,-14.4,-14.4,0.0,-14,3
TM,TEAM_CR,2061,949213,0.0,0.9,0.8,-0.8,0.1,-14.4,-14.4,0.0,-14,3
TM,SUN_L,3633,SUN_R,3306,SUN_NDV,0.0471,SUN_ANGLE,29.41
TM,MAG_X,-19.14,MAG_Y,21.18,MAG_Z,-10.82,MAG_HEADING,132.09
TM,GYRO_X,-1.085,GYRO_Y,-2.275,GYRO_Z,-0.000,BODY_RATE,0.000
TM,TEAM_CR,2062,949254,0.0,0.8,0.8,-0.8,-0.5,-14.4,-14.4,0.0,-14,3
TM,TEAM_CR,2063,949306,0.0,0.7,0.8,-0.8,0.0,-14.4,-14.4,0.0,-14,3
TM,TEAM_CR,2064,949346,0.0,0.6,0.8,-0.8,0.1,-14.4,-14.4,0.0,-14,3
TM,TEAM_CR,2065,949386,0.0,0.8,0.8,-0.8,-0.2,-14.4,-14.4,0.0,-14,3
TM,TEAM_CR,2066,949426,0.0,0.9,0.8,-0.8,-0.5,-14.4,-14.4,0.0,-14,3
TM,TEAM_CR,2067,949466,0.0,0.9,0.8,-0.8,0.4,-14.4,-14.4,0.0,-14,3
TM,ADCS_MODE,MANUAL,ADCS_REFERENCE,SUN,TARGET,0.00,POINTING_ERROR,-29.39,SUN_ERROR,-29.53,MAG_ERROR,-132.09,GYRO_Z,0.087,RW_CMD,0
TM,EST_RAW,29.53,EST_FILTERED,29.53,EST_ANGLE,-330.61,EST_FILTER,ON,EST_FILTER_TYPE,MOVING_AVERAGE,EST_MA_WINDOW,1,EST_FILTER_STRENGTH,0.35
TM,EST_FUSION,ON,EST_GYRO_WEIGHT,0.98,EST_VALID,1
TM,TEAM_CR,2068,949506,0.0,0.7,0.8,-0.8,0.0,-14.4,-14.4,0.0,-14,3
TM,TEAM_CR,2069,949546,0.0,0.8,0.8,-0.8,-0.4,-14.4,-14.4,0.0,-14,3
TM,TEAM_CR,2070,949586,0.0,0.8,0.8,-0.8,0.2,-14.4,-14.4,0.0,-14,3
TM,TEAM_CR,2071,949626,0.0,0.8,0.8,-0.8,0.2,-14.4,-14.4,0.0,-14,3
TM,TEAM_CR,2072,949674,0.0,0.7,0.8,-0.8,-0.1,-14.4,-14.4,0.0,-14,3
TM,TEAM_CR,2073,949726,0.0,0.6,0.8,-0.8,0.2,-14.4,-14.4,0.0,-14,3
TM,TEAM_CR,2074,949766,0.0,0.6,0.8,-0.8,0.2,-14.4,-14.4,0.0,-14,3
TM,TEAM_CR,2075,949806,0.0,0.8,0.8,-0.8,0.0,-14.4,-14.4,0.0,-14,3
TM,TEAM_CR,2076,949846,0.0,0.7,0.8,-0.8,-0.3,-14.4,-14.4,0.0,-14,3
TM,TEAM_CR,2077,949886,0.0,0.8,0.8,-0.8,0.2,-14.4,-14.4,0.0,-14,3
TM,TEAM_CR,2078,949926,0.0,1.1,0.8,-0.8,0.3,-14.4,-14.4,0.0,-14,3
TM,TEAM_CR,2079,949966,0.0,0.8,0.8,-0.8,-0.3,-14.4,-14.4,0.0,-14,3
TM,SUN_L,3631,SUN_R,3305,SUN_NDV,0.0470,SUN_ANGLE,29.52
TM,MAG_X,-19.17,MAG_Y,21.28,MAG_Z,-10.77,MAG_HEADING,132.01
TM,GYRO_X,-1.181,GYRO_Y,-2.266,GYRO_Z,0.078,BODY_RATE,-0.078
TM,TEAM_CR,2080,950006,0.0,0.9,0.8,-0.8,-0.2,-14.4,-14.4,0.0,-14,3
TM,TEAM_CR,2081,950046,0.0,0.8,0.8,-0.8,0.4,-14.4,-14.4,0.0,-14,3
TM,TEAM_CR,2082,950086,0.0,0.8,0.8,-0.8,0.2,-14.4,-14.4,0.0,-14,3
TM,TEAM_CR,2083,950127,0.0,0.8,0.8,-0.8,-0.7,-14.4,-14.4,0.0,-14,3
TM,TEAM_CR,2084,950172,0.0,0.7,0.8,-0.8,0.2,-14.4,-14.4,0.0,-14,3
TM,TEAM_CR,2085,950212,0.0,0.8,0.8,-0.8,0.3,-14.4,-14.4,0.0,-14,3
TM,TEAM_CR,2086,950252,0.0,0.8,0.8,-0.8,-0.2,-14.4,-14.4,0.0,-14,3
TM,TEAM_CR,2087,950306,0.0,0.9,0.8,-0.8,-0.1,-14.4,-14.4,0.0,-14,3
TM,TEAM_CR,2088,950346,0.0,0.7,0.8,-0.8,0.1,-14.4,-14.4,0.0,-14,3
TM,TEAM_CR,2089,950387,0.0,0.7,0.8,-0.8,0.0,-14.4,-14.4,0.0,-14,3
TM,TEAM_CR,2090,950426,0.0,0.8,0.8,-0.8,-0.3,-14.4,-14.4,0.0,-14,3
TM,ADCS_MODE,MANUAL,ADCS_REFERENCE,SUN,TARGET,0.00,POINTING_ERROR,-29.40,SUN_ERROR,-29.36,MAG_ERROR,-132.00,GYRO_Z,-0.184,RW_CMD,0
TM,EST_RAW,29.36,EST_FILTERED,29.36,EST_ANGLE,-330.60,EST_FILTER,ON,EST_FILTER_TYPE,MOVING_AVERAGE,EST_MA_WINDOW,1,EST_FILTER_STRENGTH,0.35
TM,EST_FUSION,ON,EST_GYRO_WEIGHT,0.98,EST_VALID,1
TM,TEAM_CR,2091,950466,0.0,0.8,0.8,-0.8,0.3,-14.4,-14.4,0.0,-14,3
TM,TEAM_CR,2092,950507,0.0,0.9,0.8,-0.8,0.4,-14.4,-14.4,0.0,-14,3
TM,TEAM_CR,2093,950547,0.0,0.9,0.8,-0.8,-0.1,-14.4,-14.4,0.0,-14,3
TM,TEAM_CR,2094,950587,0.0,0.9,0.8,-0.8,-0.6,-14.4,-14.4,0.0,-14,3
TM,TEAM_CR,2095,950627,0.0,0.8,0.8,-0.8,0.4,-14.4,-14.4,0.0,-14,3
TM,TEAM_CR,2096,950672,0.0,0.8,0.8,-0.8,0.1,-14.4,-14.4,0.0,-14,3
TM,TEAM_CR,2097,950725,0.0,0.7,0.8,-0.8,-0.3,-14.4,-14.4,0.0,-14,3
TM,SUN_L,3633,SUN_R,3307,SUN_NDV,0.0470,SUN_ANGLE,29.42
TM,MAG_X,-19.09,MAG_Y,21.20,MAG_Z,-10.77,MAG_HEADING,132.00
TM,GYRO_X,-1.295,GYRO_Y,-2.047,GYRO_Z,0.201,BODY_RATE,-0.201
TM,TEAM_CR,2098,950765,0.0,0.8,0.8,-0.8,0.2,-14.4,-14.4,0.0,-14,3
TM,TEAM_CR,2099,950805,0.0,0.8,0.8,-0.8,0.3,-14.4,-14.4,0.0,-14,3
TM,TEAM_CR,2100,950845,0.0,0.9,0.8,-0.8,-0.3,-14.4,-14.4,0.0,-14,3
TM,TEAM_CR,2101,950885,0.0,0.8,0.8,-0.8,0.2,-14.4,-14.4,0.0,-14,3
TM,TEAM_CR,2102,950926,0.0,0.8,0.8,-0.8,0.6,-14.4,-14.4,0.0,-14,3
TM,TEAM_CR,2103,950966,0.0,0.8,0.8,-0.8,0.3,-14.4,-14.4,0.0,-14,3
TM,TEAM_CR,2104,951006,0.0,0.8,0.8,-0.8,-0.3,-14.4,-14.4,0.0,-14,3
TM,TEAM_CR,2105,951046,0.0,0.9,0.8,-0.8,0.2,-14.4,-14.4,0.0,-14,3
TM,TEAM_CR,2106,951086,0.0,0.7,0.8,-0.8,0.2,-14.4,-14.4,0.0,-14,3
TM,TEAM_CR,2107,951126,0.0,0.8,0.8,-0.8,-0.2,-14.4,-14.4,0.0,-14,3
TM,TEAM_CR,2108,951172,0.0,0.9,0.8,-0.8,0.0,-14.4,-14.4,0.0,-14,3
TM,TEAM_CR,2109,951212,0.0,0.8,0.8,-0.8,0.4,-14.4,-14.4,0.0,-14,3
TM,TEAM_CR,2110,951252,0.0,0.7,0.8,-0.8,0.4,-14.4,-14.4,0.0,-14,3
TM,TEAM_CR,2111,951306,0.0,0.7,0.8,-0.8,-0.5,-14.4,-14.4,0.0,-14,3
TM,TEAM_CR,2112,951346,0.0,1.0,0.8,-0.8,0.4,-14.4,-14.4,0.0,-14,3
TM,TEAM_CR,2113,951386,0.0,1.1,0.8,-0.8,0.3,-14.4,-14.4,0.0,-14,3
TM,ADCS_MODE,MANUAL,ADCS_REFERENCE,SUN,TARGET,0.00,POINTING_ERROR,-29.40,SUN_ERROR,-29.37,MAG_ERROR,-132.23,GYRO_Z,0.026,RW_CMD,0
TM,EST_RAW,29.37,EST_FILTERED,29.37,EST_ANGLE,-330.60,EST_FILTER,ON,EST_FILTER_TYPE,MOVING_AVERAGE,EST_MA_WINDOW,1,EST_FILTER_STRENGTH,0.35
TM,EST_FUSION,ON,EST_GYRO_WEIGHT,0.98,EST_VALID,1
TM,TEAM_CR,2114,951426,0.0,0.9,0.8,-0.8,-0.5,-14.4,-14.4,0.0,-14,3
TM,TEAM_CR,2115,951466,0.0,0.7,0.8,-0.8,0.0,-14.4,-14.4,0.0,-14,3
TM,SUN_L,3632,SUN_R,3306,SUN_NDV,0.0470,SUN_ANGLE,29.32
TM,MAG_X,-19.10,MAG_Y,21.18,MAG_Z,-10.77,MAG_HEADING,132.04
TM,GYRO_X,-1.260,GYRO_Y,-2.319,GYRO_Z,-0.167,BODY_RATE,0.167
TM,TEAM_CR,2116,951506,0.0,0.9,0.8,-0.8,0.4,-14.4,-14.4,0.0,-14,3
TM,TEAM_CR,2117,951546,0.0,0.6,0.9,-0.9,0.2,-14.4,-14.4,0.0,-14,3
TM,TEAM_CR,2118,951586,0.0,0.9,0.8,-0.8,-0.4,-14.4,-14.4,0.0,-14,3
TM,TEAM_CR,2119,951626,0.0,0.8,0.8,-0.8,0.4,-14.4,-14.4,0.0,-14,3
TM,TEAM_CR,2120,951673,0.0,0.7,0.9,-0.9,0.3,-14.4,-14.4,0.0,-14,3
TM,TEAM_CR,2121,951726,0.0,0.9,0.8,-0.8,-0.3,-14.4,-14.4,0.0,-14,3
TM,TEAM_CR,2122,951766,0.0,0.7,0.8,-0.8,0.3,-14.4,-14.4,0.0,-14,3
TM,TEAM_CR,2123,951806,0.0,0.8,0.9,-0.9,0.5,-14.4,-14.4,0.0,-14,3
TM,TEAM_CR,2124,951846,0.0,0.8,0.9,-0.9,0.0,-14.4,-14.4,0.0,-14,3
TM,TEAM_CR,2125,951886,0.0,0.9,0.9,-0.9,-0.2,-14.4,-14.4,0.0,-14,3
TM,TEAM_CR,2126,951926,0.0,0.8,0.9,-0.9,0.5,-14.4,-14.4,0.0,-14,3
TM,TEAM_CR,2127,951966,0.0,0.7,0.9,-0.9,0.1,-14.4,-14.4,0.0,-14,3
TM,TEAM_CR,2128,952006,0.0,0.8,0.9,-0.9,-0.4,-14.4,-14.4,0.0,-14,3
TM,TEAM_CR,2129,952046,0.0,0.9,0.9,-0.9,0.1,-14.4,-14.4,0.0,-14,3
TM,TEAM_CR,2130,952086,0.0,1.0,0.9,-0.9,0.3,-14.4,-14.4,0.0,-14,3
TM,TEAM_CR,2131,952128,0.0,1.0,0.9,-0.9,0.2,-14.4,-14.4,0.0,-14,3
TM,TEAM_CR,2132,952173,0.0,0.8,0.9,-0.9,-0.5,-14.4,-14.4,0.0,-14,3
TM,TEAM_CR,2133,952213,0.0,1.1,0.9,-0.9,0.1,-14.4,-14.4,0.0,-14,3
TM,TEAM_CR,2134,952254,0.0,0.9,0.9,-0.9,0.2,-14.4,-14.4,0.0,-14,3
TM,SUN_L,3632,SUN_R,3307,SUN_NDV,0.0468,SUN_ANGLE,29.71
TM,MAG_X,-19.09,MAG_Y,21.10,MAG_Z,-10.75,MAG_HEADING,132.13
TM,GYRO_X,-1.138,GYRO_Y,-2.345,GYRO_Z,0.122,BODY_RATE,-0.122
TM,TEAM_CR,2135,952306,0.0,0.8,0.9,-0.9,-0.2,-14.4,-14.4,0.0,-14,3
TM,ADCS_MODE,MANUAL,ADCS_REFERENCE,SUN,TARGET,0.00,POINTING_ERROR,-29.41,SUN_ERROR,-29.47,MAG_ERROR,-132.13,GYRO_Z,-0.018,RW_CMD,0
TM,EST_RAW,29.47,EST_FILTERED,29.47,EST_ANGLE,-330.59,EST_FILTER,ON,EST_FILTER_TYPE,MOVING_AVERAGE,EST_MA_WINDOW,1,EST_FILTER_STRENGTH,0.35
TM,EST_FUSION,ON,EST_GYRO_WEIGHT,0.98,EST_VALID,1
TM,TEAM_CR,2136,952346,0.0,0.9,0.9,-0.9,0.2,-14.4,-14.4,0.0,-14,3
TM,TEAM_CR,2137,952386,0.0,0.9,0.9,-0.9,0.4,-14.4,-14.4,0.0,-14,3
TM,TEAM_CR,2138,952426,0.0,0.9,0.9,-0.9,-0.2,-14.4,-14.4,0.0,-14,3
TM,TEAM_CR,2139,952466,0.0,0.9,0.8,-0.8,-0.6,-14.4,-14.4,0.0,-14,3
TM,TEAM_CR,2140,952506,0.0,0.8,0.9,-0.9,0.3,-14.4,-14.4,0.0,-14,3
TM,TEAM_CR,2141,952546,0.0,0.8,0.9,-0.9,0.3,-14.4,-14.4,0.0,-14,3
TM,TEAM_CR,2142,952586,0.0,0.9,0.9,-0.9,-0.2,-14.4,-14.4,0.0,-14,3
TM,TEAM_CR,2143,952626,0.0,0.9,0.9,-0.9,0.3,-14.4,-14.4,0.0,-14,3
TM,TEAM_CR,2144,952674,0.0,0.7,0.9,-0.9,0.5,-14.4,-14.4,0.0,-14,3
TM,TEAM_CR,2145,952726,0.0,0.9,0.9,-0.9,-0.3,-14.4,-14.4,0.0,-14,3
TM,TEAM_CR,2146,952766,0.0,0.8,0.9,-0.9,0.0,-14.4,-14.4,0.0,-14,3
TM,TEAM_CR,2147,952806,0.0,0.9,0.9,-0.9,0.4,-14.4,-14.4,0.0,-14,3
TM,TEAM_CR,2148,952846,0.0,0.8,0.9,-0.9,0.3,-14.4,-14.4,0.0,-14,3
TM,TEAM_CR,2149,952886,0.0,0.8,0.9,-0.9,-0.3,-14.4,-14.4,0.0,-14,3
TM,TEAM_CR,2150,952926,0.0,1.2,0.9,-0.9,0.2,-14.4,-14.4,0.0,-14,3
TM,TEAM_CR,2151,952966,0.0,0.7,0.9,-0.9,0.5,-14.4,-14.4,0.0,-14,3
TM,TEAM_CR,2152,953006,0.0,0.7,0.9,-0.9,0.1,-14.4,-14.4,0.0,-14,3
TM,SUN_L,3631,SUN_R,3306,SUN_NDV,0.0469,SUN_ANGLE,29.46
TM,MAG_X,-19.09,MAG_Y,21.02,MAG_Z,-10.66,MAG_HEADING,132.24
TM,GYRO_X,-1.199,GYRO_Y,-2.152,GYRO_Z,0.052,BODY_RATE,-0.052
TM,TEAM_CR,2153,953046,0.0,0.8,0.9,-0.9,-0.5,-14.4,-14.4,0.0,-14,3
TM,TEAM_CR,2154,953086,0.0,0.8,0.9,-0.9,0.1,-14.4,-14.4,0.0,-14,3
TM,TEAM_CR,2155,953127,0.0,0.9,0.9,-0.9,0.1,-14.4,-14.4,0.0,-14,3
TM,TEAM_CR,2156,953172,0.0,0.8,0.8,-0.8,-0.6,-14.4,-14.4,0.0,-14,3
TM,TEAM_CR,2157,953212,0.0,0.9,0.8,-0.8,-0.1,-14.4,-14.4,0.0,-14,3
TM,TEAM_CR,2158,953252,0.0,0.9,0.8,-0.8,0.3,-14.4,-14.4,0.0,-14,3
TM,ADCS_MODE,MANUAL,ADCS_REFERENCE,SUN,TARGET,0.00,POINTING_ERROR,-29.42,SUN_ERROR,-29.51,MAG_ERROR,-132.01,GYRO_Z,-0.070,RW_CMD,0
TM,EST_RAW,29.51,EST_FILTERED,29.51,EST_ANGLE,-330.58,EST_FILTER,ON,EST_FILTER_TYPE,MOVING_AVERAGE,EST_MA_WINDOW,1,EST_FILTER_STRENGTH,0.35
TM,EST_FUSION,ON,EST_GYRO_WEIGHT,0.98,EST_VALID,1
TM,TEAM_CR,2159,953306,0.0,0.9,0.9,-0.9,-0.1,-14.4,-14.4,0.0,-14,3
TM,TEAM_CR,2160,953346,0.0,0.7,0.8,-0.8,-0.1,-14.4,-14.4,0.0,-14,3
TM,TEAM_CR,2161,953387,0.0,0.8,0.9,-0.9,0.6,-14.4,-14.4,0.0,-14,3
TM,TEAM_CR,2162,953426,0.0,0.9,0.9,-0.9,0.1,-14.4,-14.4,0.0,-14,3
TM,TEAM_CR,2163,953466,0.0,0.8,0.8,-0.8,-0.5,-14.4,-14.4,0.0,-14,3
TM,TEAM_CR,2164,953506,0.0,0.8,0.8,-0.8,0.5,-14.4,-14.4,0.0,-14,3
TM,TEAM_CR,2165,953546,0.0,0.9,0.9,-0.9,0.3,-14.4,-14.4,0.0,-14,3
TM,TEAM_CR,2166,953586,0.0,0.9,0.9,-0.9,0.1,-14.4,-14.4,0.0,-14,3
TM,TEAM_CR,2167,953626,0.0,0.8,0.9,-0.9,-0.2,-14.4,-14.4,0.0,-14,3
TM,TEAM_CR,2168,953672,0.0,0.9,0.9,-0.9,0.5,-14.4,-14.4,0.0,-14,3
TM,TEAM_CR,2169,953725,0.0,0.9,0.9,-0.9,-0.1,-14.4,-14.4,0.0,-14,3
TM,TEAM_CR,2170,953765,0.0,0.7,0.9,-0.9,-0.5,-14.4,-14.4,0.0,-14,3
TM,SUN_L,3631,SUN_R,3305,SUN_NDV,0.0470,SUN_ANGLE,29.32
TM,MAG_X,-19.14,MAG_Y,21.25,MAG_Z,-10.90,MAG_HEADING,132.01
TM,GYRO_X,-1.155,GYRO_Y,-2.047,GYRO_Z,0.052,BODY_RATE,-0.052
TM,TEAM_CR,2171,953805,0.0,0.8,0.8,-0.8,0.1,-14.4,-14.4,0.0,-14,3
TM,TEAM_CR,2172,953845,0.0,0.7,0.9,-0.9,0.2,-14.4,-14.4,0.0,-14,3
TM,TEAM_CR,2173,953885,0.0,0.7,0.9,-0.9,-0.2,-14.4,-14.4,0.0,-14,3
TM,TEAM_CR,2174,953926,0.0,0.8,0.8,-0.8,-0.3,-14.4,-14.4,0.0,-14,3
TM,TEAM_CR,2175,953966,0.0,0.9,0.9,-0.9,0.4,-14.4,-14.4,0.0,-14,3
TM,TEAM_CR,2176,954006,0.0,0.8,0.9,-0.9,0.1,-14.4,-14.4,0.0,-14,3
TM,TEAM_CR,2177,954046,0.0,0.7,0.8,-0.8,-0.5,-14.4,-14.4,0.0,-14,3
TM,TEAM_CR,2178,954086,0.0,0.8,0.9,-0.9,0.4,-14.4,-14.4,0.0,-14,3
TM,TEAM_CR,2179,954126,0.0,0.9,0.9,-0.9,0.4,-14.4,-14.4,0.0,-14,3
TM,TEAM_CR,2180,954172,0.0,0.9,0.9,-0.9,-0.2,-14.4,-14.4,0.0,-14,3
TM,TEAM_CR,2181,954212,0.0,0.8,0.9,-0.9,-0.5,-14.4,-14.4,0.0,-14,3
TM,ADCS_MODE,MANUAL,ADCS_REFERENCE,SUN,TARGET,0.00,POINTING_ERROR,-29.42,SUN_ERROR,-29.42,MAG_ERROR,-131.66,GYRO_Z,-0.105,RW_CMD,0
TM,EST_RAW,29.42,EST_FILTERED,29.42,EST_ANGLE,-330.58,EST_FILTER,ON,EST_FILTER_TYPE,MOVING_AVERAGE,EST_MA_WINDOW,1,EST_FILTER_STRENGTH,0.35
TM,EST_FUSION,ON,EST_GYRO_WEIGHT,0.98,EST_VALID,1
TM,TEAM_CR,2182,954252,0.0,0.6,0.9,-0.9,0.4,-14.4,-14.4,0.0,-14,3
TM,TEAM_CR,2183,954306,0.0,1.0,0.9,-0.9,0.1,-14.4,-14.4,0.0,-14,3
TM,TEAM_CR,2184,954346,0.0,0.9,0.9,-0.9,-0.4,-14.4,-14.4,0.0,-14,3
TM,TEAM_CR,2185,954386,0.0,0.9,0.9,-0.9,0.0,-14.4,-14.4,0.0,-14,3
TM,TEAM_CR,2186,954426,0.0,0.8,0.9,-0.9,0.1,-14.4,-14.4,0.0,-14,3
TM,TEAM_CR,2187,954466,0.0,0.7,0.9,-0.9,-0.1,-14.4,-14.4,0.0,-14,3
TM,TEAM_CR,2188,954506,0.0,0.8,0.8,-0.8,-0.4,-14.4,-14.4,0.0,-14,3
TM,SUN_L,3631,SUN_R,3306,SUN_NDV,0.0469,SUN_ANGLE,29.36
TM,MAG_X,-19.22,MAG_Y,21.14,MAG_Z,-10.66,MAG_HEADING,132.28
TM,GYRO_X,-1.225,GYRO_Y,-2.581,GYRO_Z,0.043,BODY_RATE,-0.043
TM,TEAM_CR,2189,954546,0.0,0.7,0.8,-0.8,0.5,-14.4,-14.4,0.0,-14,3
TM,TEAM_CR,2190,954586,0.0,0.7,0.9,-0.9,0.0,-14.4,-14.4,0.0,-14,3
TM,TEAM_CR,2191,954626,0.0,0.7,0.8,-0.8,-0.6,-14.4,-14.4,0.0,-14,3
TM,TEAM_CR,2192,954673,0.0,0.9,0.8,-0.8,0.2,-14.4,-14.4,0.0,-14,3
TM,TEAM_CR,2193,954726,0.0,0.5,0.8,-0.8,0.2,-14.4,-14.4,0.0,-14,3
TM,TEAM_CR,2194,954766,0.0,0.7,0.8,-0.8,-0.2,-14.4,-14.4,0.0,-14,3
TM,TEAM_CR,2195,954806,0.0,0.9,0.8,-0.8,0.1,-14.4,-14.4,0.0,-14,3
TM,TEAM_CR,2196,954846,0.0,0.7,0.9,-0.9,0.3,-14.4,-14.4,0.0,-14,3
TM,TEAM_CR,2197,954886,0.0,0.8,0.9,-0.9,-0.1,-14.4,-14.4,0.0,-14,3
TM,TEAM_CR,2198,954926,0.0,0.7,0.8,-0.8,-0.3,-14.4,-14.4,0.0,-14,3
TM,TEAM_CR,2199,954966,0.0,0.9,0.8,-0.8,0.3,-14.4,-14.4,0.0,-14,3
TM,TEAM_CR,2200,955006,0.0,0.8,0.8,-0.8,0.3,-14.4,-14.4,0.0,-14,3
TM,TEAM_CR,2201,955046,0.0,0.7,0.8,-0.8,0.0,-14.4,-14.4,0.0,-14,3
TM,TEAM_CR,2202,955086,0.0,0.7,0.8,-0.8,-0.6,-14.4,-14.4,0.0,-14,3
TM,TEAM_CR,2203,955126,0.0,0.9,0.8,-0.8,0.3,-14.4,-14.4,0.0,-14,3
TM,TEAM_CR,2204,955174,0.0,0.9,0.8,-0.8,0.3,-14.4,-14.4,0.0,-14,3
TM,ADCS_MODE,MANUAL,ADCS_REFERENCE,SUN,TARGET,0.00,POINTING_ERROR,-29.42,SUN_ERROR,-29.36,MAG_ERROR,-132.19,GYRO_Z,-0.307,RW_CMD,0
TM,EST_RAW,29.36,EST_FILTERED,29.36,EST_ANGLE,-330.58,EST_FILTER,ON,EST_FILTER_TYPE,MOVING_AVERAGE,EST_MA_WINDOW,1,EST_FILTER_STRENGTH,0.35
TM,EST_FUSION,ON,EST_GYRO_WEIGHT,0.98,EST_VALID,1
TM,TEAM_CR,2205,955213,0.0,0.8,0.8,-0.8,-0.4,-14.4,-14.4,0.0,-14,3
TM,TEAM_CR,2206,955254,0.0,0.8,0.8,-0.8,-0.1,-14.4,-14.4,0.0,-14,3
TM,SUN_L,3631,SUN_R,3307,SUN_NDV,0.0467,SUN_ANGLE,29.29
TM,MAG_X,-19.07,MAG_Y,21.04,MAG_Z,-10.83,MAG_HEADING,132.19
TM,GYRO_X,-1.225,GYRO_Y,-2.144,GYRO_Z,0.096,BODY_RATE,-0.096
TM,TEAM_CR,2207,955306,0.0,0.9,0.8,-0.8,0.4,-14.4,-14.4,0.0,-14,3
TM,TEAM_CR,2208,955346,0.0,0.7,0.8,-0.8,0.0,-14.4,-14.4,0.0,-14,3
TM,TEAM_CR,2209,955386,0.0,0.8,0.8,-0.8,0.1,-14.4,-14.4,0.0,-14,3
TM,TEAM_CR,2210,955426,0.0,0.8,0.8,-0.8,0.4,-14.4,-14.4,0.0,-14,3
TM,TEAM_CR,2211,955466,0.0,0.9,0.9,-0.9,0.4,-14.4,-14.4,0.0,-14,3
TM,TEAM_CR,2212,955506,0.0,0.8,0.8,-0.8,-0.2,-14.4,-14.4,0.0,-14,3
TM,TEAM_CR,2213,955546,0.0,0.8,0.8,-0.8,0.2,-14.4,-14.4,0.0,-14,3
TM,TEAM_CR,2214,955586,0.0,0.8,0.9,-0.9,0.5,-14.4,-14.4,0.0,-14,3
TM,TEAM_CR,2215,955626,0.0,1.0,0.9,-0.9,0.1,-14.4,-14.4,0.0,-14,3
TM,TEAM_CR,2216,955674,0.0,0.7,0.9,-0.9,-0.1,-14.4,-14.4,0.0,-14,3
TM,TEAM_CR,2217,955726,0.0,0.8,0.9,-0.9,0.3,-14.4,-14.4,0.0,-14,3
TM,TEAM_CR,2218,955766,0.0,0.9,0.9,-0.9,0.4,-14.4,-14.4,0.0,-14,3
TM,TEAM_CR,2219,955806,0.0,0.8,0.9,-0.9,-0.3,-14.4,-14.4,0.0,-14,3
TM,TEAM_CR,2220,955846,0.0,0.7,0.9,-0.9,0.2,-14.4,-14.4,0.0,-14,3
TM,TEAM_CR,2221,955886,0.0,0.9,0.9,-0.9,0.4,-14.4,-14.4,0.0,-14,3
TM,TEAM_CR,2222,955926,0.0,0.9,0.9,-0.9,-0.1,-14.4,-14.4,0.0,-14,3
TM,TEAM_CR,2223,955967,0.0,0.7,0.9,-0.9,-0.3,-14.4,-14.4,0.0,-14,3
TM,TEAM_CR,2224,956006,0.0,0.9,0.9,-0.9,0.1,-14.4,-14.4,0.0,-14,3
TM,TEAM_CR,2225,956046,0.0,0.8,0.9,-0.9,0.1,-14.4,-14.4,0.0,-14,3
TM,SUN_L,3631,SUN_R,3307,SUN_NDV,0.0467,SUN_ANGLE,29.48
TM,MAG_X,-19.06,MAG_Y,21.10,MAG_Z,-10.69,MAG_HEADING,132.08
TM,GYRO_X,-1.094,GYRO_Y,-2.205,GYRO_Z,-0.053,BODY_RATE,0.053
TM,TEAM_CR,2226,956086,0.0,0.8,0.8,-0.8,-0.5,-14.4,-14.4,0.0,-14,3
TM,ADCS_MODE,MANUAL,ADCS_REFERENCE,SUN,TARGET,0.00,POINTING_ERROR,-29.40,SUN_ERROR,-29.45,MAG_ERROR,-132.08,GYRO_Z,-0.158,RW_CMD,0
TM,EST_RAW,29.45,EST_FILTERED,29.45,EST_ANGLE,-330.60,EST_FILTER,ON,EST_FILTER_TYPE,MOVING_AVERAGE,EST_MA_WINDOW,1,EST_FILTER_STRENGTH,0.35
TM,EST_FUSION,ON,EST_GYRO_WEIGHT,0.98,EST_VALID,1
TM,TEAM_CR,2227,956127,0.0,0.7,0.8,-0.8,0.0,-14.4,-14.4,0.0,-14,3
TM,TEAM_CR,2228,956172,0.0,0.8,0.8,-0.8,0.3,-14.4,-14.4,0.0,-14,3
TM,TEAM_CR,2229,956212,0.0,0.7,0.8,-0.8,0.0,-14.4,-14.4,0.0,-14,3
TM,TEAM_CR,2230,956252,0.0,0.9,0.8,-0.8,-0.4,-14.4,-14.4,0.0,-14,3
TM,TEAM_CR,2231,956306,0.0,0.8,0.8,-0.8,0.4,-14.4,-14.4,0.0,-14,3
TM,TEAM_CR,2232,956346,0.0,0.8,0.8,-0.8,-0.1,-14.4,-14.4,0.0,-14,3
TM,TEAM_CR,2233,956387,0.0,0.7,0.8,-0.8,-0.4,-14.4,-14.4,0.0,-14,3
TM,TEAM_CR,2234,956426,0.0,0.8,0.8,-0.8,0.3,-14.4,-14.4,0.0,-14,3
TM,TEAM_CR,2235,956466,0.0,0.9,0.8,-0.8,0.3,-14.4,-14.4,0.0,-14,3
TM,TEAM_CR,2236,956507,0.0,0.7,0.8,-0.8,0.3,-14.4,-14.4,0.0,-14,3
TM,TEAM_CR,2237,956547,0.0,0.9,0.8,-0.8,-0.3,-14.4,-14.4,0.0,-14,3
TM,TEAM_CR,2238,956587,0.0,0.8,0.8,-0.8,0.4,-14.4,-14.4,0.0,-14,3
TM,TEAM_CR,2239,956627,0.0,0.9,0.9,-0.9,0.3,-14.4,-14.4,0.0,-14,3
TM,TEAM_CR,2240,956672,0.0,0.9,0.9,-0.9,-0.5,-14.4,-14.4,0.0,-14,3
TM,TEAM_CR,2241,956725,0.0,0.6,0.8,-0.8,0.2,-14.4,-14.4,0.0,-14,3
TM,TEAM_CR,2242,956765,0.0,0.8,0.9,-0.9,0.4,-14.4,-14.4,0.0,-14,3
TM,TEAM_CR,2243,956805,0.0,0.7,0.9,-0.9,0.0,-14.4,-14.4,0.0,-14,3
TM,SUN_L,3633,SUN_R,3306,SUN_NDV,0.0471,SUN_ANGLE,29.43
TM,MAG_X,-19.14,MAG_Y,21.17,MAG_Z,-10.51,MAG_HEADING,132.11
TM,GYRO_X,-1.164,GYRO_Y,-2.301,GYRO_Z,0.105,BODY_RATE,-0.105
TM,TEAM_CR,2244,956845,0.0,0.8,0.9,-0.9,-0.2,-14.4,-14.4,0.0,-14,3
TM,TEAM_CR,2245,956885,0.0,0.8,0.9,-0.9,0.4,-14.4,-14.4,0.0,-14,3
TM,TEAM_CR,2246,956926,0.0,0.8,0.9,-0.9,0.5,-14.4,-14.4,0.0,-14,3
TM,TEAM_CR,2247,956966,0.0,0.8,0.9,-0.9,-0.3,-14.4,-14.4,0.0,-14,3
TM,TEAM_CR,2248,957006,0.0,0.8,0.9,-0.9,0.2,-14.4,-14.4,0.0,-14,3
TM,TEAM_CR,2249,957046,0.0,0.7,0.9,-0.9,0.4,-14.4,-14.4,0.0,-14,3
TM,ADCS_MODE,MANUAL,ADCS_REFERENCE,SUN,TARGET,0.00,POINTING_ERROR,-29.40,SUN_ERROR,-29.36,MAG_ERROR,-132.11,GYRO_Z,-0.167,RW_CMD,0
TM,EST_RAW,29.36,EST_FILTERED,29.36,EST_ANGLE,-330.60,EST_FILTER,ON,EST_FILTER_TYPE,MOVING_AVERAGE,EST_MA_WINDOW,1,EST_FILTER_STRENGTH,0.35
TM,EST_FUSION,ON,EST_GYRO_WEIGHT,0.98,EST_VALID,1
TM,TEAM_CR,2250,957086,0.0,0.7,0.9,-0.9,0.1,-14.4,-14.4,0.0,-14,3
TM,TEAM_CR,2251,957126,0.0,0.8,0.9,-0.9,-0.4,-14.4,-14.4,0.0,-14,3
TM,TEAM_CR,2252,957172,0.0,0.8,0.9,-0.9,0.2,-14.4,-14.4,0.0,-14,3
TM,TEAM_CR,2253,957212,0.0,0.8,0.9,-0.9,0.5,-14.4,-14.4,0.0,-14,3
TM,TEAM_CR,2254,957252,0.0,0.8,0.9,-0.9,-0.2,-14.4,-14.4,0.0,-14,3
TM,TEAM_CR,2255,957306,0.0,0.8,0.9,-0.9,0.3,-14.4,-14.4,0.0,-14,3
TM,TEAM_CR,2256,957346,0.0,0.8,0.9,-0.9,0.3,-14.4,-14.4,0.0,-14,3
TM,TEAM_CR,2257,957386,0.0,0.8,0.9,-0.9,0.0,-14.4,-14.4,0.0,-14,3
TM,TEAM_CR,2258,957426,0.0,0.8,0.9,-0.9,-0.6,-14.4,-14.4,0.0,-14,3
TM,TEAM_CR,2259,957466,0.0,0.7,0.9,-0.9,0.2,-14.4,-14.4,0.0,-14,3
TM,TEAM_CR,2260,957506,0.0,0.8,0.9,-0.9,0.3,-14.4,-14.4,0.0,-14,3
TM,TEAM_CR,2261,957546,0.0,0.8,0.9,-0.9,-0.5,-14.4,-14.4,0.0,-14,3
TM,SUN_L,3633,SUN_R,3306,SUN_NDV,0.0471,SUN_ANGLE,29.42
TM,MAG_X,-19.15,MAG_Y,21.23,MAG_Z,-10.66,MAG_HEADING,132.05
TM,GYRO_X,-1.102,GYRO_Y,-2.398,GYRO_Z,-0.027,BODY_RATE,0.027
TM,TEAM_CR,2262,957586,0.0,0.7,0.8,-0.8,0.0,-14.4,-14.4,0.0,-14,3
TM,TEAM_CR,2263,957626,0.0,0.9,0.9,-0.9,0.6,-14.4,-14.4,0.0,-14,3
TM,TEAM_CR,2264,957673,0.0,1.0,0.9,-0.9,-0.1,-14.4,-14.4,0.0,-14,3
TM,TEAM_CR,2265,957726,0.0,1.0,0.9,-0.9,0.1,-14.4,-14.4,0.0,-14,3
TM,TEAM_CR,2266,957766,0.0,0.8,0.9,-0.9,0.3,-14.4,-14.4,0.0,-14,3
TM,TEAM_CR,2267,957806,0.0,0.8,0.9,-0.9,0.3,-14.4,-14.4,0.0,-14,3
TM,TEAM_CR,2268,957846,0.0,0.7,0.9,-0.9,-0.3,-14.4,-14.4,0.0,-14,3
TM,TEAM_CR,2269,957886,0.0,0.8,0.9,-0.9,0.2,-14.4,-14.4,0.0,-14,3
TM,TEAM_CR,2270,957926,0.0,0.9,0.9,-0.9,0.4,-14.4,-14.4,0.0,-14,3
TM,TEAM_CR,2271,957966,0.0,0.7,0.9,-0.9,0.1,-14.4,-14.4,0.0,-14,3
TM,TEAM_CR,2272,958006,0.0,0.7,0.9,-0.9,-0.5,-14.4,-14.4,0.0,-14,3
TM,ADCS_MODE,MANUAL,ADCS_REFERENCE,SUN,TARGET,0.00,POINTING_ERROR,-29.41,SUN_ERROR,-29.37,MAG_ERROR,-132.28,GYRO_Z,-0.272,RW_CMD,0
TM,EST_RAW,29.37,EST_FILTERED,29.37,EST_ANGLE,-330.59,EST_FILTER,ON,EST_FILTER_TYPE,MOVING_AVERAGE,EST_MA_WINDOW,1,EST_FILTER_STRENGTH,0.35
TM,EST_FUSION,ON,EST_GYRO_WEIGHT,0.98,EST_VALID,1
TM,TEAM_CR,2273,958046,0.0,0.7,0.9,-0.9,-0.1,-14.4,-14.4,0.0,-14,3
TM,TEAM_CR,2274,958086,0.0,0.8,0.9,-0.9,0.3,-14.4,-14.4,0.0,-14,3
TM,TEAM_CR,2275,958127,0.0,0.8,0.9,-0.9,-0.6,-14.4,-14.4,0.0,-14,3
TM,TEAM_CR,2276,958173,0.0,0.7,0.8,-0.8,0.2,-14.4,-14.4,0.0,-14,3
TM,TEAM_CR,2277,958213,0.0,1.1,0.9,-0.9,0.6,-14.4,-14.4,0.0,-14,3
TM,TEAM_CR,2278,958254,0.0,0.8,0.9,-0.9,0.6,-14.4,-14.4,0.0,-14,3
TM,TEAM_CR,2279,958306,0.0,0.8,0.9,-0.9,-0.6,-14.4,-14.4,0.0,-14,3
TM,SUN_L,3632,SUN_R,3306,SUN_NDV,0.0470,SUN_ANGLE,29.51
TM,MAG_X,-19.22,MAG_Y,21.14,MAG_Z,-10.64,MAG_HEADING,132.28
TM,GYRO_X,-0.998,GYRO_Y,-2.170,GYRO_Z,0.096,BODY_RATE,-0.096
TM,TEAM_CR,2280,958346,0.0,0.9,0.9,-0.9,0.7,-14.4,-14.4,0.0,-14,3
TM,TEAM_CR,2281,958386,0.0,0.8,0.9,-0.9,0.4,-14.4,-14.4,0.0,-14,3
TM,TEAM_CR,2282,958426,0.0,0.7,0.9,-0.9,-0.2,-14.4,-14.4,0.0,-14,3
TM,TEAM_CR,2283,958466,0.0,0.7,0.9,-0.9,0.1,-14.4,-14.4,0.0,-14,3
TM,TEAM_CR,2284,958506,0.0,0.7,0.9,-0.9,0.4,-14.4,-14.4,0.0,-14,3
TM,TEAM_CR,2285,958546,0.0,0.7,0.9,-0.9,-0.1,-14.4,-14.4,0.0,-14,3
TM,TEAM_CR,2286,958586,0.0,0.9,0.9,-0.9,-0.6,-14.4,-14.4,0.0,-14,3
TM,TEAM_CR,2287,958626,0.0,0.9,0.8,-0.8,-0.2,-14.4,-14.4,0.0,-14,3
TM,TEAM_CR,2288,958674,0.0,0.8,0.9,-0.9,0.1,-14.4,-14.4,0.0,-14,3
TM,TEAM_CR,2289,958726,0.0,0.7,0.8,-0.8,-0.6,-14.4,-14.4,0.0,-14,3
TM,TEAM_CR,2290,958766,0.0,0.8,0.8,-0.8,0.4,-14.4,-14.4,0.0,-14,3
TM,TEAM_CR,2291,958806,0.0,0.8,0.8,-0.8,0.4,-14.4,-14.4,0.0,-14,3
TM,TEAM_CR,2292,958846,0.0,0.9,0.8,-0.8,-0.5,-14.4,-14.4,0.0,-14,3
TM,TEAM_CR,2293,958886,0.0,0.8,0.8,-0.8,-0.3,-14.4,-14.4,0.0,-14,3
TM,TEAM_CR,2294,958926,0.0,0.7,0.8,-0.8,0.2,-14.4,-14.4,0.0,-14,3
TM,TEAM_CR,2295,958966,0.0,0.7,0.8,-0.8,0.4,-14.4,-14.4,0.0,-14,3
TM,ADCS_MODE,MANUAL,ADCS_REFERENCE,SUN,TARGET,0.00,POINTING_ERROR,-29.42,SUN_ERROR,-29.40,MAG_ERROR,-132.27,GYRO_Z,0.166,RW_CMD,0
TM,EST_RAW,29.40,EST_FILTERED,29.40,EST_ANGLE,-330.58,EST_FILTER,ON,EST_FILTER_TYPE,MOVING_AVERAGE,EST_MA_WINDOW,1,EST_FILTER_STRENGTH,0.35
TM,EST_FUSION,ON,EST_GYRO_WEIGHT,0.98,EST_VALID,1
TM,TEAM_CR,2296,959006,0.0,0.7,0.8,-0.8,-0.2,-14.4,-14.4,0.0,-14,3
TM,TEAM_CR,2297,959046,0.0,0.8,0.8,-0.8,0.0,-14.4,-14.4,0.0,-14,3
TM,TEAM_CR,2298,959086,0.0,0.9,0.8,-0.8,0.4,-14.4,-14.4,0.0,-14,3
TM,SUN_L,3632,SUN_R,3306,SUN_NDV,0.0470,SUN_ANGLE,29.43
TM,MAG_X,-19.14,MAG_Y,21.22,MAG_Z,-10.58,MAG_HEADING,132.05
TM,GYRO_X,-1.138,GYRO_Y,-2.144,GYRO_Z,-0.053,BODY_RATE,0.053
TM,TEAM_CR,2299,959126,0.0,1.0,0.8,-0.8,0.1,-14.4,-14.4,0.0,-14,3
TM,TEAM_CR,2300,959173,0.0,0.9,0.8,-0.8,-0.3,-14.4,-14.4,0.0,-14,3
TM,TEAM_CR,2301,959213,0.0,0.8,0.8,-0.8,0.2,-14.4,-14.4,0.0,-14,3
TM,TEAM_CR,2302,959253,0.0,0.7,0.8,-0.8,0.2,-14.4,-14.4,0.0,-14,3
TM,TEAM_CR,2303,959306,0.0,0.7,0.8,-0.8,0.0,-14.4,-14.4,0.0,-14,3
TM,TEAM_CR,2304,959346,0.0,0.8,0.8,-0.8,0.0,-14.4,-14.4,0.0,-14,3
TM,TEAM_CR,2305,959387,0.0,0.8,0.8,-0.8,0.2,-14.4,-14.4,0.0,-14,3
TM,TEAM_CR,2306,959426,0.0,0.9,0.9,-0.9,0.1,-14.4,-14.4,0.0,-14,3
TM,TEAM_CR,2307,959466,0.0,0.9,0.8,-0.8,-0.3,-14.4,-14.4,0.0,-14,3
TM,TEAM_CR,2308,959506,0.0,0.7,0.8,-0.8,0.1,-14.4,-14.4,0.0,-14,3
TM,TEAM_CR,2309,959546,0.0,1.0,0.9,-0.9,0.5,-14.4,-14.4,0.0,-14,3
TM,TEAM_CR,2310,959586,0.0,0.8,0.9,-0.9,-0.1,-14.4,-14.4,0.0,-14,3
TM,TEAM_CR,2311,959626,0.0,0.7,0.8,-0.8,-0.2,-14.4,-14.4,0.0,-14,3
TM,TEAM_CR,2312,959672,0.0,0.7,0.9,-0.9,0.4,-14.4,-14.4,0.0,-14,3
TM,TEAM_CR,2313,959725,0.0,0.9,0.9,-0.9,-0.1,-14.4,-14.4,0.0,-14,3
TM,TEAM_CR,2314,959765,0.0,0.9,0.8,-0.8,-0.4,-14.4,-14.4,0.0,-14,3
TM,TEAM_CR,2315,959805,0.0,0.9,0.8,-0.8,0.1,-14.4,-14.4,0.0,-14,3
TM,TEAM_CR,2316,959845,0.0,0.8,0.8,-0.8,0.2,-14.4,-14.4,0.0,-14,3
TM,TEAM_CR,2317,959885,0.0,0.8,0.8,-0.8,-0.2,-14.4,-14.4,0.0,-14,3
TM,SUN_L,3630,SUN_R,3305,SUN_NDV,0.0469,SUN_ANGLE,29.49
TM,MAG_X,-19.06,MAG_Y,21.09,MAG_Z,-10.74,MAG_HEADING,132.10
TM,GYRO_X,-1.278,GYRO_Y,-2.082,GYRO_Z,-0.079,BODY_RATE,0.079
TM,TEAM_CR,2318,959926,0.0,0.8,0.8,-0.8,-0.5,-14.4,-14.4,0.0,-14,3
TM,ADCS_MODE,MANUAL,ADCS_REFERENCE,SUN,TARGET,0.00,POINTING_ERROR,-29.41,SUN_ERROR,-29.44,MAG_ERROR,-132.10,GYRO_Z,0.122,RW_CMD,0
TM,EST_RAW,29.44,EST_FILTERED,29.44,EST_ANGLE,-330.59,EST_FILTER,ON,EST_FILTER_TYPE,MOVING_AVERAGE,EST_MA_WINDOW,1,EST_FILTER_STRENGTH,0.35
TM,EST_FUSION,ON,EST_GYRO_WEIGHT,0.98,EST_VALID,1
TM,TEAM_CR,2319,959966,0.0,0.9,0.8,-0.8,0.5,-14.4,-14.4,0.0,-14,3
TM,TEAM_CR,2320,960006,0.0,0.8,0.8,-0.8,0.2,-14.4,-14.4,0.0,-14,3
TM,TEAM_CR,2321,960046,0.0,0.7,0.8,-0.8,-0.3,-14.4,-14.4,0.0,-14,3
TM,TEAM_CR,2322,960086,0.0,0.8,0.8,-0.8,0.1,-14.4,-14.4,0.0,-14,3
TM,TEAM_CR,2323,960126,0.0,0.9,0.9,-0.9,0.5,-14.4,-14.4,0.0,-14,3
TM,TEAM_CR,2324,960172,0.0,0.8,0.9,-0.9,0.0,-14.4,-14.4,0.0,-14,3
TM,TEAM_CR,2325,960212,0.0,0.7,0.8,-0.8,-0.3,-14.4,-14.4,0.0,-14,3
TM,TEAM_CR,2326,960252,0.0,0.7,0.8,-0.8,0.3,-14.4,-14.4,0.0,-14,3
TM,TEAM_CR,2327,960306,0.0,0.8,0.9,-0.9,0.1,-14.4,-14.4,0.0,-14,3
TM,TEAM_CR,2328,960346,0.0,0.9,0.9,-0.9,-0.4,-14.4,-14.4,0.0,-14,3
TM,TEAM_CR,2329,960386,0.0,0.8,0.8,-0.8,0.0,-14.4,-14.4,0.0,-14,3
TM,TEAM_CR,2330,960426,0.0,0.7,0.9,-0.9,0.4,-14.4,-14.4,0.0,-14,3
TM,TEAM_CR,2331,960466,0.0,0.7,0.9,-0.9,-0.1,-14.4,-14.4,0.0,-14,3
TM,TEAM_CR,2332,960506,0.0,0.8,0.8,-0.8,-0.4,-14.4,-14.4,0.0,-14,3
TM,TEAM_CR,2333,960546,0.0,0.9,0.8,-0.8,0.0,-14.4,-14.4,0.0,-14,3
TM,TEAM_CR,2334,960586,0.0,0.8,0.8,-0.8,0.2,-14.4,-14.4,0.0,-14,3
TM,TEAM_CR,2335,960626,0.0,0.7,0.8,-0.8,-0.3,-14.4,-14.4,0.0,-14,3
TM,SUN_L,3632,SUN_R,3306,SUN_NDV,0.0470,SUN_ANGLE,29.36
TM,MAG_X,-19.09,MAG_Y,21.06,MAG_Z,-10.61,MAG_HEADING,132.19
TM,GYRO_X,-1.225,GYRO_Y,-2.231,GYRO_Z,-0.219,BODY_RATE,0.219
TM,TEAM_CR,2336,960673,0.0,0.9,0.8,-0.8,0.1,-14.4,-14.4,0.0,-14,3
TM,TEAM_CR,2337,960726,0.0,0.9,0.9,-0.9,0.1,-14.4,-14.4,0.0,-14,3
TM,TEAM_CR,2338,960766,0.0,0.8,0.9,-0.9,-0.1,-14.4,-14.4,0.0,-14,3
TM,TEAM_CR,2339,960806,0.0,0.9,0.8,-0.8,-0.3,-14.4,-14.4,0.0,-14,3
TM,TEAM_CR,2340,960846,0.0,0.8,0.8,-0.8,0.4,-14.4,-14.4,0.0,-14,3
TM,TEAM_CR,2341,960886,0.0,0.8,0.9,-0.9,0.5,-14.4,-14.4,0.0,-14,3
TM,ADCS_MODE,MANUAL,ADCS_REFERENCE,SUN,TARGET,0.00,POINTING_ERROR,-29.43,SUN_ERROR,-29.52,MAG_ERROR,-132.19,GYRO_Z,0.017,RW_CMD,0
TM,EST_RAW,29.52,EST_FILTERED,29.52,EST_ANGLE,-330.57,EST_FILTER,ON,EST_FILTER_TYPE,MOVING_AVERAGE,EST_MA_WINDOW,1,EST_FILTER_STRENGTH,0.35
TM,EST_FUSION,ON,EST_GYRO_WEIGHT,0.98,EST_VALID,1
TM,TEAM_CR,2342,960926,0.0,0.7,0.9,-0.9,-0.3,-14.4,-14.4,0.0,-14,3
TM,TEAM_CR,2343,960966,0.0,0.9,0.9,-0.9,0.0,-14.4,-14.4,0.0,-14,3
TM,TEAM_CR,2344,961006,0.0,0.8,0.9,-0.9,0.2,-14.4,-14.4,0.0,-14,3
TM,TEAM_CR,2345,961046,0.0,0.8,0.9,-0.9,-0.4,-14.4,-14.4,0.0,-14,3
TM,TEAM_CR,2346,961086,0.0,0.8,0.8,-0.8,-0.8,-14.4,-14.4,0.0,-14,3
TM,TEAM_CR,2347,961127,0.0,0.8,0.8,-0.8,0.2,-14.4,-14.4,0.0,-14,3
TM,TEAM_CR,2348,961173,0.0,0.9,0.9,-0.9,0.2,-14.4,-14.4,0.0,-14,3
TM,TEAM_CR,2349,961213,0.0,0.9,0.9,-0.9,-0.3,-14.4,-14.4,0.0,-14,3
TM,TEAM_CR,2350,961254,0.0,0.8,0.8,-0.8,-0.1,-14.4,-14.4,0.0,-14,3
TM,TEAM_CR,2351,961306,0.0,0.9,0.9,-0.9,0.2,-14.4,-14.4,0.0,-14,3
TM,TEAM_CR,2352,961346,0.0,0.9,0.9,-0.9,-0.4,-14.4,-14.4,0.0,-14,3
TM,TEAM_CR,2353,961386,0.0,0.8,0.8,-0.8,-0.5,-14.4,-14.4,0.0,-14,3
TM,SUN_L,3632,SUN_R,3306,SUN_NDV,0.0470,SUN_ANGLE,29.27
TM,MAG_X,-19.23,MAG_Y,21.06,MAG_Z,-10.77,MAG_HEADING,132.41
TM,GYRO_X,-1.059,GYRO_Y,-2.406,GYRO_Z,-0.167,BODY_RATE,0.167
TM,TEAM_CR,2354,961426,0.0,0.8,0.8,-0.8,0.5,-14.4,-14.4,0.0,-14,3
TM,TEAM_CR,2355,961466,0.0,1.0,0.9,-0.9,0.4,-14.4,-14.4,0.0,-14,3
TM,TEAM_CR,2356,961506,0.0,0.8,0.9,-0.9,-0.1,-14.4,-14.4,0.0,-14,3
TM,TEAM_CR,2357,961546,0.0,0.8,0.9,-0.9,-0.1,-14.4,-14.4,0.0,-14,3
TM,TEAM_CR,2358,961586,0.0,1.0,0.9,-0.9,0.5,-14.4,-14.4,0.0,-14,3
TM,TEAM_CR,2359,961626,0.0,0.9,0.9,-0.9,0.2,-14.4,-14.4,0.0,-14,3
TM,TEAM_CR,2360,961674,0.0,0.9,0.9,-0.9,-0.5,-14.4,-14.4,0.0,-14,3
TM,TEAM_CR,2361,961726,0.0,0.7,0.9,-0.9,0.4,-14.4,-14.4,0.0,-14,3
TM,TEAM_CR,2362,961766,0.0,1.0,0.9,-0.9,0.1,-14.4,-14.4,0.0,-14,3
TM,TEAM_CR,2363,961806,0.0,1.0,0.9,-0.9,-0.2,-14.4,-14.4,0.0,-14,3
TM,TEAM_CR,2364,961846,0.0,0.8,0.9,-0.9,-0.4,-14.4,-14.4,0.0,-14,3
TM,ADCS_MODE,MANUAL,ADCS_REFERENCE,SUN,TARGET,0.00,POINTING_ERROR,-29.42,SUN_ERROR,-29.46,MAG_ERROR,-132.10,GYRO_Z,0.017,RW_CMD,0
TM,EST_RAW,29.46,EST_FILTERED,29.46,EST_ANGLE,-330.58,EST_FILTER,ON,EST_FILTER_TYPE,MOVING_AVERAGE,EST_MA_WINDOW,1,EST_FILTER_STRENGTH,0.35
TM,EST_FUSION,ON,EST_GYRO_WEIGHT,0.98,EST_VALID,1
TM,TEAM_CR,2365,961886,0.0,0.9,0.9,-0.9,0.4,-14.4,-14.4,0.0,-14,3
TM,TEAM_CR,2366,961926,0.0,0.8,0.9,-0.9,0.0,-14.4,-14.4,0.0,-14,3
TM,TEAM_CR,2367,961966,0.0,0.9,0.9,-0.9,-0.7,-14.4,-14.4,0.0,-14,3
TM,TEAM_CR,2368,962006,0.0,0.8,0.9,-0.9,0.4,-14.4,-14.4,0.0,-14,3
TM,TEAM_CR,2369,962046,0.0,0.9,0.9,-0.9,0.5,-14.4,-14.4,0.0,-14,3
TM,TEAM_CR,2370,962086,0.0,0.8,0.9,-0.9,-0.1,-14.4,-14.4,0.0,-14,3
TM,TEAM_CR,2371,962127,0.0,0.9,0.9,-0.9,-0.3,-14.4,-14.4,0.0,-14,3
TM,SUN_L,3632,SUN_R,3305,SUN_NDV,0.0471,SUN_ANGLE,29.18
TM,MAG_X,-19.10,MAG_Y,21.01,MAG_Z,-10.56,MAG_HEADING,132.28
TM,GYRO_X,-1.216,GYRO_Y,-2.091,GYRO_Z,-0.123,BODY_RATE,0.123
TM,TEAM_CR,2372,962172,0.0,0.9,0.9,-0.9,0.4,-14.4,-14.4,0.0,-14,3
TM,TEAM_CR,2373,962212,0.0,0.7,0.9,-0.9,0.6,-14.4,-14.4,0.0,-14,3
TM,TEAM_CR,2374,962252,0.0,0.9,0.9,-0.9,-0.2,-14.4,-14.4,0.0,-14,3
TM,TEAM_CR,2375,962306,0.0,0.9,0.9,-0.9,0.3,-14.4,-14.4,0.0,-14,3
TM,TEAM_CR,2376,962346,0.0,1.0,0.9,-0.9,0.6,-14.4,-14.4,0.0,-14,3
TM,TEAM_CR,2377,962387,0.0,1.0,0.9,-0.9,0.1,-14.4,-14.4,0.0,-14,3
TM,TEAM_CR,2378,962426,0.0,0.9,0.9,-0.9,-0.5,-14.4,-14.4,0.0,-14,3
TM,TEAM_CR,2379,962466,0.0,0.8,0.9,-0.9,0.5,-14.4,-14.4,0.0,-14,3
TM,TEAM_CR,2380,962506,0.0,0.9,0.9,-0.9,0.5,-14.4,-14.4,0.0,-14,3
TM,TEAM_CR,2381,962546,0.0,1.0,0.9,-0.9,-0.1,-14.4,-14.4,0.0,-14,3
TM,TEAM_CR,2382,962586,0.0,0.7,0.9,-0.9,-0.4,-14.4,-14.4,0.0,-14,3
TM,TEAM_CR,2383,962626,0.0,0.7,0.9,-0.9,0.4,-14.4,-14.4,0.0,-14,3
TM,TEAM_CR,2384,962672,0.0,0.9,0.9,-0.9,0.0,-14.4,-14.4,0.0,-14,3
TM,TEAM_CR,2385,962725,0.0,0.9,0.9,-0.9,-0.4,-14.4,-14.4,0.0,-14,3
TM,TEAM_CR,2386,962765,0.0,0.9,0.9,-0.9,0.2,-14.4,-14.4,0.0,-14,3
TM,TEAM_CR,2387,962805,0.0,0.8,0.9,-0.9,0.5,-14.4,-14.4,0.0,-14,3
TM,ADCS_MODE,MANUAL,ADCS_REFERENCE,SUN,TARGET,0.00,POINTING_ERROR,-29.43,SUN_ERROR,-29.42,MAG_ERROR,-132.50,GYRO_Z,0.078,RW_CMD,0
TM,EST_RAW,29.42,EST_FILTERED,29.42,EST_ANGLE,-330.57,EST_FILTER,ON,EST_FILTER_TYPE,MOVING_AVERAGE,EST_MA_WINDOW,1,EST_FILTER_STRENGTH,0.35
TM,EST_FUSION,ON,EST_GYRO_WEIGHT,0.98,EST_VALID,1
TM,TEAM_CR,2388,962845,0.0,0.8,0.9,-0.9,-0.5,-14.4,-14.4,0.0,-14,3
TM,TEAM_CR,2389,962885,0.0,0.9,0.9,-0.9,-0.8,-14.4,-14.4,0.0,-14,3
TM,SUN_L,3633,SUN_R,3306,SUN_NDV,0.0471,SUN_ANGLE,29.39
TM,MAG_X,-19.25,MAG_Y,21.01,MAG_Z,-10.75,MAG_HEADING,132.50
TM,GYRO_X,-1.006,GYRO_Y,-2.293,GYRO_Z,-0.184,BODY_RATE,0.184
TM,TEAM_CR,2390,962926,0.0,1.1,0.9,-0.9,0.4,-14.4,-14.4,0.0,-14,3
TM,TEAM_CR,2391,962966,0.0,1.0,0.9,-0.9,0.1,-14.4,-14.4,0.0,-14,3
TM,TEAM_CR,2392,963006,0.0,0.9,0.9,-0.9,-0.2,-14.4,-14.4,0.0,-14,3
TM,TEAM_CR,2393,963046,0.0,0.9,0.9,-0.9,-0.2,-14.4,-14.4,0.0,-14,3
TM,TEAM_CR,2394,963086,0.0,1.0,0.9,-0.9,0.5,-14.4,-14.4,0.0,-14,3
TM,TEAM_CR,2395,963126,0.0,0.8,0.9,-0.9,0.2,-14.4,-14.4,0.0,-14,3
TM,TEAM_CR,2396,963172,0.0,0.7,0.9,-0.9,-0.7,-14.4,-14.4,0.0,-14,3
TM,TEAM_CR,2397,963212,0.0,0.9,0.9,-0.9,0.3,-14.4,-14.4,0.0,-14,3
TM,TEAM_CR,2398,963252,0.0,0.9,0.9,-0.9,0.5,-14.4,-14.4,0.0,-14,3
TM,TEAM_CR,2399,963306,0.0,0.8,0.9,-0.9,-0.3,-14.4,-14.4,0.0,-14,3
EVT,TEAM_CDUMP,END,2400
TM,SUN_L,3634,SUN_R,3306,SUN_NDV,0.0473,SUN_ANGLE,29.39
TM,MAG_X,-19.15,MAG_Y,20.94,MAG_Z,-10.69,MAG_HEADING,132.44
TM,GYRO_X,-1.383,GYRO_Y,-2.223,GYRO_Z,0.070,BODY_RATE,-0.070
TM,ADCS_MODE,MANUAL,ADCS_REFERENCE,SUN,TARGET,0.00,POINTING_ERROR,-29.42,SUN_ERROR,-29.56,MAG_ERROR,-132.44,GYRO_Z,-0.184,RW_CMD,0
TM,EST_RAW,29.56,EST_FILTERED,29.56,EST_ANGLE,-330.58,EST_FILTER,ON,EST_FILTER_TYPE,MOVING_AVERAGE,EST_MA_WINDOW,1,EST_FILTER_STRENGTH,0.35
TM,EST_FUSION,ON,EST_GYRO_WEIGHT,0.98,EST_VALID,1
TM,SUN_L,3634,SUN_R,3307,SUN_NDV,0.0471,SUN_ANGLE,29.45
TM,MAG_X,-19.10,MAG_Y,21.07,MAG_Z,-10.48,MAG_HEADING,132.20
TM,GYRO_X,-1.102,GYRO_Y,-2.293,GYRO_Z,0.052,BODY_RATE,-0.052
TM,ADCS_MODE,MANUAL,ADCS_REFERENCE,SUN,TARGET,0.00,POINTING_ERROR,-29.43,SUN_ERROR,-29.51,MAG_ERROR,-132.20,GYRO_Z,0.201,RW_CMD,0
TM,EST_RAW,29.51,EST_FILTERED,29.51,EST_ANGLE,-330.57,EST_FILTER,ON,EST_FILTER_TYPE,MOVING_AVERAGE,EST_MA_WINDOW,1,EST_FILTER_STRENGTH,0.35
TM,EST_FUSION,ON,EST_GYRO_WEIGHT,0.98,EST_VALID,1
TM,SUN_L,3634,SUN_R,3306,SUN_NDV,0.0473,SUN_ANGLE,29.64
TM,MAG_X,-19.09,MAG_Y,21.18,MAG_Z,-10.70,MAG_HEADING,132.02
TM,GYRO_X,-1.111,GYRO_Y,-1.986,GYRO_Z,-0.193,BODY_RATE,0.193
TM,ADCS_MODE,MANUAL,ADCS_REFERENCE,SUN,TARGET,0.00,POINTING_ERROR,-29.43,SUN_ERROR,-29.55,MAG_ERROR,-132.24,GYRO_Z,0.175,RW_CMD,0
TM,EST_RAW,29.55,EST_FILTERED,29.55,EST_ANGLE,-330.57,EST_FILTER,ON,EST_FILTER_TYPE,MOVING_AVERAGE,EST_MA_WINDOW,1,EST_FILTER_STRENGTH,0.35
TM,EST_FUSION,ON,EST_GYRO_WEIGHT,0.98,EST_VALID,1
TM,SUN_L,3634,SUN_R,3307,SUN_NDV,0.0471,SUN_ANGLE,29.54
TM,MAG_X,-19.10,MAG_Y,21.04,MAG_Z,-10.67,MAG_HEADING,132.24
TM,GYRO_X,-1.050,GYRO_Y,-2.476,GYRO_Z,-0.219,BODY_RATE,0.219
TM,ADCS_MODE,MANUAL,ADCS_REFERENCE,SUN,TARGET,0.00,POINTING_ERROR,-29.46,SUN_ERROR,-29.46,MAG_ERROR,-132.42,GYRO_Z,-0.035,RW_CMD,0
TM,EST_RAW,29.46,EST_FILTERED,29.46,EST_ANGLE,-330.54,EST_FILTER,ON,EST_FILTER_TYPE,MOVING_AVERAGE,EST_MA_WINDOW,1,EST_FILTER_STRENGTH,0.35
TM,EST_FUSION,ON,EST_GYRO_WEIGHT,0.98,EST_VALID,1
TM,SUN_L,3631,SUN_R,3307,SUN_NDV,0.0467,SUN_ANGLE,29.43
TM,MAG_X,-19.18,MAG_Y,20.99,MAG_Z,-10.77,MAG_HEADING,132.42
TM,GYRO_X,-0.971,GYRO_Y,-2.284,GYRO_Z,0.148,BODY_RATE,-0.148
TM,SUN_L,3632,SUN_R,3307,SUN_NDV,0.0468,SUN_ANGLE,29.48
TM,MAG_X,-19.07,MAG_Y,21.01,MAG_Z,-10.74,MAG_HEADING,132.23
TM,GYRO_X,-1.199,GYRO_Y,-2.205,GYRO_Z,-0.263,BODY_RATE,0.263
TM,ADCS_MODE,MANUAL,ADCS_REFERENCE,SUN,TARGET,0.00,POINTING_ERROR,-29.46,SUN_ERROR,-29.49,MAG_ERROR,-132.23,GYRO_Z,-0.009,RW_CMD,0
TM,EST_RAW,29.49,EST_FILTERED,29.49,EST_ANGLE,-330.54,EST_FILTER,ON,EST_FILTER_TYPE,MOVING_AVERAGE,EST_MA_WINDOW,1,EST_FILTER_STRENGTH,0.35
TM,EST_FUSION,ON,EST_GYRO_WEIGHT,0.98,EST_VALID,1
TM,SUN_L,3631,SUN_R,3306,SUN_NDV,0.0469,SUN_ANGLE,29.47
TM,MAG_X,-19.01,MAG_Y,21.01,MAG_Z,-10.75,MAG_HEADING,132.14
TM,GYRO_X,-1.225,GYRO_Y,-2.170,GYRO_Z,0.017,BODY_RATE,-0.017
TM,ADCS_MODE,MANUAL,ADCS_REFERENCE,SUN,TARGET,0.00,POINTING_ERROR,-29.48,SUN_ERROR,-29.49,MAG_ERROR,-132.14,GYRO_Z,-0.027,RW_CMD,0
TM,EST_RAW,29.49,EST_FILTERED,29.49,EST_ANGLE,-330.52,EST_FILTER,ON,EST_FILTER_TYPE,MOVING_AVERAGE,EST_MA_WINDOW,1,EST_FILTER_STRENGTH,0.35
TM,EST_FUSION,ON,EST_GYRO_WEIGHT,0.98,EST_VALID,1
TM,SUN_L,3633,SUN_R,3307,SUN_NDV,0.0470,SUN_ANGLE,29.33
TM,MAG_X,-19.12,MAG_Y,21.12,MAG_Z,-10.72,MAG_HEADING,132.15
TM,GYRO_X,-0.919,GYRO_Y,-2.371,GYRO_Z,0.201,BODY_RATE,-0.201
TM,ADCS_MODE,MANUAL,ADCS_REFERENCE,SUN,TARGET,0.00,POINTING_ERROR,-29.48,SUN_ERROR,-29.50,MAG_ERROR,-132.16,GYRO_Z,-0.105,RW_CMD,0
TM,EST_RAW,29.50,EST_FILTERED,29.50,EST_ANGLE,-330.52,EST_FILTER,ON,EST_FILTER_TYPE,MOVING_AVERAGE,EST_MA_WINDOW,1,EST_FILTER_STRENGTH,0.35
TM,EST_FUSION,ON,EST_GYRO_WEIGHT,0.98,EST_VALID,1
TM,SUN_L,3633,SUN_R,3306,SUN_NDV,0.0471,SUN_ANGLE,29.45
TM,MAG_X,-19.04,MAG_Y,21.02,MAG_Z,-10.66,MAG_HEADING,132.16
TM,GYRO_X,-1.444,GYRO_Y,-2.336,GYRO_Z,-0.062,BODY_RATE,0.062
TM,ADCS_MODE,MANUAL,ADCS_REFERENCE,SUN,TARGET,0.00,POINTING_ERROR,-29.48,SUN_ERROR,-29.47,MAG_ERROR,-132.28,GYRO_Z,-0.324,RW_CMD,0
TM,EST_RAW,29.47,EST_FILTERED,29.47,EST_ANGLE,-330.52,EST_FILTER,ON,EST_FILTER_TYPE,MOVING_AVERAGE,EST_MA_WINDOW,1,EST_FILTER_STRENGTH,0.35
TM,EST_FUSION,ON,EST_GYRO_WEIGHT,0.98,EST_VALID,1
TM,SUN_L,3633,SUN_R,3306,SUN_NDV,0.0471,SUN_ANGLE,29.53
TM,MAG_X,-19.07,MAG_Y,21.01,MAG_Z,-10.75,MAG_HEADING,132.23
TM,GYRO_X,-0.814,GYRO_Y,-2.485,GYRO_Z,0.236,BODY_RATE,-0.236
TM,SUN_L,3631,SUN_R,3307,SUN_NDV,0.0467,SUN_ANGLE,29.36
TM,MAG_X,-19.15,MAG_Y,21.02,MAG_Z,-10.67,MAG_HEADING,132.33
TM,GYRO_X,-1.269,GYRO_Y,-2.196,GYRO_Z,0.008,BODY_RATE,-0.008
TM,ADCS_MODE,MANUAL,ADCS_REFERENCE,SUN,TARGET,0.00,POINTING_ERROR,-29.47,SUN_ERROR,-29.36,MAG_ERROR,-132.33,GYRO_Z,0.087,RW_CMD,0
TM,EST_RAW,29.36,EST_FILTERED,29.36,EST_ANGLE,-330.53,EST_FILTER,ON,EST_FILTER_TYPE,MOVING_AVERAGE,EST_MA_WINDOW,1,EST_FILTER_STRENGTH,0.35
TM,EST_FUSION,ON,EST_GYRO_WEIGHT,0.98,EST_VALID,1
TM,SUN_L,3632,SUN_R,3307,SUN_NDV,0.0468,SUN_ANGLE,29.52
TM,MAG_X,-19.10,MAG_Y,21.02,MAG_Z,-10.59,MAG_HEADING,132.26
TM,GYRO_X,-1.286,GYRO_Y,-2.214,GYRO_Z,0.026,BODY_RATE,-0.026
TM,ADCS_MODE,MANUAL,ADCS_REFERENCE,SUN,TARGET,0.00,POINTING_ERROR,-29.48,SUN_ERROR,-29.42,MAG_ERROR,-132.14,GYRO_Z,-0.097,RW_CMD,0
TM,EST_RAW,29.42,EST_FILTERED,29.42,EST_ANGLE,-330.52,EST_FILTER,ON,EST_FILTER_TYPE,MOVING_AVERAGE,EST_MA_WINDOW,1,EST_FILTER_STRENGTH,0.35
TM,EST_FUSION,ON,EST_GYRO_WEIGHT,0.98,EST_VALID,1
TM,SUN_L,3632,SUN_R,3306,SUN_NDV,0.0470,SUN_ANGLE,29.55
TM,MAG_X,-19.07,MAG_Y,20.98,MAG_Z,-10.66,MAG_HEADING,132.28
TM,GYRO_X,-0.875,GYRO_Y,-2.179,GYRO_Z,-0.158,BODY_RATE,0.158
TM,ADCS_MODE,MANUAL,ADCS_REFERENCE,SUN,TARGET,0.00,POINTING_ERROR,-29.48,SUN_ERROR,-29.44,MAG_ERROR,-132.28,GYRO_Z,-0.079,RW_CMD,0
TM,EST_RAW,29.44,EST_FILTERED,29.44,EST_ANGLE,-330.52,EST_FILTER,ON,EST_FILTER_TYPE,MOVING_AVERAGE,EST_MA_WINDOW,1,EST_FILTER_STRENGTH,0.35
TM,EST_FUSION,ON,EST_GYRO_WEIGHT,0.98,EST_VALID,1
TM,SUN_L,3632,SUN_R,3306,SUN_NDV,0.0470,SUN_ANGLE,29.46
TM,MAG_X,-19.12,MAG_Y,21.06,MAG_Z,-10.67,MAG_HEADING,132.24
TM,GYRO_X,-1.102,GYRO_Y,-2.188,GYRO_Z,0.052,BODY_RATE,-0.052
TM,ADCS_MODE,MANUAL,ADCS_REFERENCE,SUN,TARGET,0.00,POINTING_ERROR,-29.48,SUN_ERROR,-29.49,MAG_ERROR,-132.31,GYRO_Z,-0.140,RW_CMD,0
TM,EST_RAW,29.49,EST_FILTERED,29.49,EST_ANGLE,-330.52,EST_FILTER,ON,EST_FILTER_TYPE,MOVING_AVERAGE,EST_MA_WINDOW,1,EST_FILTER_STRENGTH,0.35
TM,EST_FUSION,ON,EST_GYRO_WEIGHT,0.98,EST_VALID,1
TM,SUN_L,3634,SUN_R,3307,SUN_NDV,0.0471,SUN_ANGLE,29.45
TM,MAG_X,-19.15,MAG_Y,21.04,MAG_Z,-10.82,MAG_HEADING,132.31
TM,GYRO_X,-1.173,GYRO_Y,-2.380,GYRO_Z,-0.000,BODY_RATE,0.000
TM,SUN_L,3631,SUN_R,3307,SUN_NDV,0.0467,SUN_ANGLE,29.35
TM,MAG_X,-19.09,MAG_Y,20.93,MAG_Z,-10.64,MAG_HEADING,132.37
TM,GYRO_X,-1.120,GYRO_Y,-2.301,GYRO_Z,-0.219,BODY_RATE,0.219
TM,ADCS_MODE,MANUAL,ADCS_REFERENCE,SUN,TARGET,0.00,POINTING_ERROR,-29.47,SUN_ERROR,-29.26,MAG_ERROR,-132.37,GYRO_Z,-0.158,RW_CMD,0
TM,EST_RAW,29.26,EST_FILTERED,29.26,EST_ANGLE,-330.53,EST_FILTER,ON,EST_FILTER_TYPE,MOVING_AVERAGE,EST_MA_WINDOW,1,EST_FILTER_STRENGTH,0.35
TM,EST_FUSION,ON,EST_GYRO_WEIGHT,0.98,EST_VALID,1
TM,SUN_L,3632,SUN_R,3306,SUN_NDV,0.0470,SUN_ANGLE,29.47
TM,MAG_X,-19.09,MAG_Y,20.96,MAG_Z,-10.42,MAG_HEADING,132.32
TM,GYRO_X,-1.190,GYRO_Y,-2.013,GYRO_Z,-0.114,BODY_RATE,0.114
TM,ADCS_MODE,MANUAL,ADCS_REFERENCE,SUN,TARGET,0.00,POINTING_ERROR,-29.47,SUN_ERROR,-29.43,MAG_ERROR,-132.32,GYRO_Z,0.183,RW_CMD,0
TM,EST_RAW,29.43,EST_FILTERED,29.43,EST_ANGLE,-330.53,EST_FILTER,ON,EST_FILTER_TYPE,MOVING_AVERAGE,EST_MA_WINDOW,1,EST_FILTER_STRENGTH,0.35
TM,EST_FUSION,ON,EST_GYRO_WEIGHT,0.98,EST_VALID,1
TM,SUN_L,3632,SUN_R,3307,SUN_NDV,0.0468,SUN_ANGLE,29.48
TM,MAG_X,-19.09,MAG_Y,21.12,MAG_Z,-10.64,MAG_HEADING,132.11
TM,GYRO_X,-0.849,GYRO_Y,-2.476,GYRO_Z,-0.412,BODY_RATE,0.412
TM,ADCS_MODE,MANUAL,ADCS_REFERENCE,SUN,TARGET,0.00,POINTING_ERROR,-29.44,SUN_ERROR,-29.35,MAG_ERROR,-132.26,GYRO_Z,0.113,RW_CMD,0
TM,EST_RAW,29.35,EST_FILTERED,29.35,EST_ANGLE,-330.56,EST_FILTER,ON,EST_FILTER_TYPE,MOVING_AVERAGE,EST_MA_WINDOW,1,EST_FILTER_STRENGTH,0.35
TM,EST_FUSION,ON,EST_GYRO_WEIGHT,0.98,EST_VALID,1
TM,SUN_L,3633,SUN_R,3307,SUN_NDV,0.0470,SUN_ANGLE,29.65
TM,MAG_X,-19.07,MAG_Y,20.99,MAG_Z,-10.66,MAG_HEADING,132.26
TM,GYRO_X,-1.085,GYRO_Y,-2.310,GYRO_Z,0.245,BODY_RATE,-0.245
TM,ADCS_MODE,MANUAL,ADCS_REFERENCE,SUN,TARGET,0.00,POINTING_ERROR,-29.43,SUN_ERROR,-29.32,MAG_ERROR,-132.27,GYRO_Z,-0.018,RW_CMD,0
TM,EST_RAW,29.32,EST_FILTERED,29.32,EST_ANGLE,-330.57,EST_FILTER,ON,EST_FILTER_TYPE,MOVING_AVERAGE,EST_MA_WINDOW,1,EST_FILTER_STRENGTH,0.35
TM,EST_FUSION,ON,EST_GYRO_WEIGHT,0.98,EST_VALID,1
TM,SUN_L,3632,SUN_R,3306,SUN_NDV,0.0470,SUN_ANGLE,29.39
TM,MAG_X,-19.14,MAG_Y,21.06,MAG_Z,-10.82,MAG_HEADING,132.27
TM,GYRO_X,-0.936,GYRO_Y,-2.415,GYRO_Z,0.070,BODY_RATE,-0.070
TM,SUN_L,3633,SUN_R,3306,SUN_NDV,0.0471,SUN_ANGLE,29.49
TM,MAG_X,-19.14,MAG_Y,21.10,MAG_Z,-10.70,MAG_HEADING,132.20
TM,GYRO_X,-1.138,GYRO_Y,-1.995,GYRO_Z,0.008,BODY_RATE,-0.008
TM,ADCS_MODE,MANUAL,ADCS_REFERENCE,SUN,TARGET,0.00,POINTING_ERROR,-29.46,SUN_ERROR,-29.49,MAG_ERROR,-132.20,GYRO_Z,-0.175,RW_CMD,0
TM,EST_RAW,29.49,EST_FILTERED,29.49,EST_ANGLE,-330.54,EST_FILTER,ON,EST_FILTER_TYPE,MOVING_AVERAGE,EST_MA_WINDOW,1,EST_FILTER_STRENGTH,0.35
TM,EST_FUSION,ON,EST_GYRO_WEIGHT,0.98,EST_VALID,1
TM,SUN_L,3633,SUN_R,3306,SUN_NDV,0.0471,SUN_ANGLE,29.44
TM,MAG_X,-19.14,MAG_Y,21.06,MAG_Z,-10.59,MAG_HEADING,132.27
TM,GYRO_X,-1.155,GYRO_Y,-2.100,GYRO_Z,-0.035,BODY_RATE,0.035
TM,ADCS_MODE,MANUAL,ADCS_REFERENCE,SUN,TARGET,0.00,POINTING_ERROR,-29.47,SUN_ERROR,-29.61,MAG_ERROR,-132.27,GYRO_Z,0.078,RW_CMD,0
TM,EST_RAW,29.61,EST_FILTERED,29.61,EST_ANGLE,-330.53,EST_FILTER,ON,EST_FILTER_TYPE,MOVING_AVERAGE,EST_MA_WINDOW,1,EST_FILTER_STRENGTH,0.35
TM,EST_FUSION,ON,EST_GYRO_WEIGHT,0.98,EST_VALID,1
TM,SUN_L,3632,SUN_R,3306,SUN_NDV,0.0470,SUN_ANGLE,29.42
TM,MAG_X,-19.06,MAG_Y,20.94,MAG_Z,-10.53,MAG_HEADING,132.30
TM,GYRO_X,-1.181,GYRO_Y,-2.135,GYRO_Z,-0.018,BODY_RATE,0.018
TM,ADCS_MODE,MANUAL,ADCS_REFERENCE,SUN,TARGET,0.00,POINTING_ERROR,-29.46,SUN_ERROR,-29.43,MAG_ERROR,-132.54,GYRO_Z,-0.140,RW_CMD,0
TM,EST_RAW,29.43,EST_FILTERED,29.43,EST_ANGLE,-330.54,EST_FILTER,ON,EST_FILTER_TYPE,MOVING_AVERAGE,EST_MA_WINDOW,1,EST_FILTER_STRENGTH,0.35
TM,EST_FUSION,ON,EST_GYRO_WEIGHT,0.98,EST_VALID,1
TM,SUN_L,3631,SUN_R,3306,SUN_NDV,0.0469,SUN_ANGLE,29.40
TM,MAG_X,-19.02,MAG_Y,21.09,MAG_Z,-10.72,MAG_HEADING,132.05
TM,GYRO_X,-1.041,GYRO_Y,-2.135,GYRO_Z,-0.097,BODY_RATE,0.097
TM,ADCS_MODE,MANUAL,ADCS_REFERENCE,SUN,TARGET,0.00,POINTING_ERROR,-29.46,SUN_ERROR,-29.31,MAG_ERROR,-132.24,GYRO_Z,0.017,RW_CMD,0
TM,EST_RAW,29.31,EST_FILTERED,29.31,EST_ANGLE,-330.54,EST_FILTER,ON,EST_FILTER_TYPE,MOVING_AVERAGE,EST_MA_WINDOW,1,EST_FILTER_STRENGTH,0.35
TM,EST_FUSION,ON,EST_GYRO_WEIGHT,0.98,EST_VALID,1
TM,SUN_L,3631,SUN_R,3306,SUN_NDV,0.0469,SUN_ANGLE,29.36
TM,MAG_X,-19.09,MAG_Y,21.02,MAG_Z,-10.58,MAG_HEADING,132.24
TM,GYRO_X,-1.216,GYRO_Y,-2.144,GYRO_Z,0.052,BODY_RATE,-0.052
TM,SUN_L,3631,SUN_R,3305,SUN_NDV,0.0470,SUN_ANGLE,29.39
TM,MAG_X,-19.17,MAG_Y,20.98,MAG_Z,-10.64,MAG_HEADING,132.42
TM,GYRO_X,-1.225,GYRO_Y,-2.074,GYRO_Z,-0.027,BODY_RATE,0.027
TM,ADCS_MODE,MANUAL,ADCS_REFERENCE,SUN,TARGET,0.00,POINTING_ERROR,-29.45,SUN_ERROR,-29.39,MAG_ERROR,-132.42,GYRO_Z,-0.210,RW_CMD,0
TM,EST_RAW,29.39,EST_FILTERED,29.39,EST_ANGLE,-330.55,EST_FILTER,ON,EST_FILTER_TYPE,MOVING_AVERAGE,EST_MA_WINDOW,1,EST_FILTER_STRENGTH,0.35
TM,EST_FUSION,ON,EST_GYRO_WEIGHT,0.98,EST_VALID,1
TM,SUN_L,3629,SUN_R,3305,SUN_NDV,0.0467,SUN_ANGLE,29.33
TM,MAG_X,-19.09,MAG_Y,21.04,MAG_Z,-10.54,MAG_HEADING,132.22
TM,GYRO_X,-0.910,GYRO_Y,-2.485,GYRO_Z,-0.228,BODY_RATE,0.228
TM,ADCS_MODE,MANUAL,ADCS_REFERENCE,SUN,TARGET,0.00,POINTING_ERROR,-29.45,SUN_ERROR,-29.40,MAG_ERROR,-132.46,GYRO_Z,-0.009,RW_CMD,0
TM,EST_RAW,29.40,EST_FILTERED,29.40,EST_ANGLE,-330.55,EST_FILTER,ON,EST_FILTER_TYPE,MOVING_AVERAGE,EST_MA_WINDOW,1,EST_FILTER_STRENGTH,0.35
TM,EST_FUSION,ON,EST_GYRO_WEIGHT,0.98,EST_VALID,1
