TM,ADCS_MODE,MANUAL,ADCS_REFERENCE,SUN,TARGET,0.00,POINTING_ERROR,-32.33,SUN_ERROR,-32.20,MAG_ERROR,-175.78,GYRO_Z,0.020,RW_CMD,0
TM,EST_RAW,32.20,EST_FILTERED,32.20,EST_ANGLE,32.33,EST_FILTER,ON,EST_FILTER_TYPE,MOVING_AVERAGE,EST_MA_WINDOW,1,EST_FILTER_STRENGTH,0.35
TM,EST_FUSION,ON,EST_GYRO_WEIGHT,0.98,EST_VALID,1
ACK,TEAM_CDUMP,1444
TM,TEAM_CR_AUTO,ON,TGT,20.00,EST,-1.49,ANG,-1.49,LIT,1,ERR,21.49,KP,4,KD,2,KI,1,SIGN,1,RSIGN,-1,MAX,60,DB,0.5,WRAP,1,SYNC,1,STRAT,RW
TM,TEAM_CR_HEAD,N,1444,DIV,2,COLS,i;t;tgt;ang;est;err;gz;u;I;K;rw;fl
TM,SUN_L,3599,SUN_R,3224,SUN_NDV,0.0550,SUN_ANGLE,32.20
TM,MAG_X,-8.24,MAG_Y,0.61,MAG_Z,-19.06,MAG_HEADING,175.78
TM,GYRO_X,-0.971,GYRO_Y,-2.100,GYRO_Z,-0.155,BODY_RATE,0.155
TM,TEAM_CR,0,1224566,20.0,-1.5,-1.5,21.5,0.2,86.1,0.4,0.0,2,9
TM,TEAM_CR,1,1224606,20.0,-1.3,-1.5,21.5,0.3,85.7,0.4,0.0,22,9
TM,TEAM_CR,2,1224649,20.0,-1.3,-1.4,21.4,1.0,84.3,0.4,0.0,43,9
TM,TEAM_CR,3,1224689,20.0,-1.3,-1.4,21.4,1.6,82.7,0.4,0.0,60,9
TM,TEAM_CR,4,1224729,20.0,-1.2,-1.3,21.3,2.4,80.6,0.4,0.0,60,9
TM,TEAM_CR,5,1224769,20.0,-0.7,-1.2,21.2,2.5,80.0,0.4,0.0,60,9
TM,TEAM_CR,6,1224809,20.0,-0.5,-1.0,21.0,5.5,73.3,0.4,0.0,60,9
TM,TEAM_CR,7,1224850,20.0,-0.2,-0.6,20.6,7.8,67.5,0.4,0.0,60,9
TM,TEAM_CR,8,1224889,20.0,-0.1,-0.3,20.3,9.4,62.9,0.4,0.0,60,9
TM,TEAM_CR,9,1224936,20.0,0.3,0.3,19.7,14.6,50.4,0.8,0.0,55,1
TM,TEAM_CR,10,1224976,20.0,1.1,1.0,19.0,17.8,41.9,1.6,0.0,46,1
TM,TEAM_CR,11,1225016,20.0,2.1,1.8,18.2,20.8,33.5,2.3,0.0,37,1
TM,TEAM_CR,12,1225069,20.0,2.7,3.0,17.0,22.4,26.3,3.0,0.0,28,1
TM,TEAM_CR,13,1225109,20.0,3.5,3.8,16.2,22.3,23.7,3.7,0.0,24,1
TM,TEAM_CR,14,1225149,20.0,4.3,4.7,15.3,20.9,23.7,4.3,0.0,24,1
TM,TEAM_CR,15,1225189,20.0,5.0,5.5,14.5,21.0,20.9,4.9,0.0,22,1
TM,TEAM_CR,16,1225229,20.0,6.1,6.4,13.6,21.3,17.3,5.4,0.0,16,1
TM,TEAM_CR,17,1225270,20.0,6.9,7.2,12.8,20.2,16.7,6.0,0.0,17,1
TM,TEAM_CR,18,1225309,20.0,7.9,7.9,12.1,18.7,17.4,6.4,0.0,17,1
TM,SUN_L,3601,SUN_R,3224,SUN_NDV,0.0552,SUN_ANGLE,32.42
TM,MAG_X,-8.22,MAG_Y,0.40,MAG_Z,-19.15,MAG_HEADING,177.22
TM,GYRO_X,-1.006,GYRO_Y,-2.345,GYRO_Z,0.012,BODY_RATE,-0.012
TM,TEAM_CR,19,1225349,20.0,8.5,8.7,11.3,17.6,17.1,6.9,0.0,17,1
TM,ADCS_MODE,MANUAL,ADCS_REFERENCE,SUN,TARGET,0.00,POINTING_ERROR,-32.34,SUN_ERROR,-32.35,MAG_ERROR,-177.22,GYRO_Z,0.029,RW_CMD,0
TM,EST_RAW,32.35,EST_FILTERED,32.35,EST_ANGLE,32.34,EST_FILTER,ON,EST_FILTER_TYPE,MOVING_AVERAGE,EST_MA_WINDOW,1,EST_FILTER_STRENGTH,0.35
TM,EST_FUSION,ON,EST_GYRO_WEIGHT,0.98,EST_VALID,1
TM,TEAM_CR,20,1225389,20.0,9.2,9.3,10.7,15.5,19.2,7.3,0.0,19,1
TM,TEAM_CR,21,1225449,20.0,10.9,10.2,9.8,15.5,15.8,7.7,0.0,16,1
TM,TEAM_CR,22,1225489,20.0,11.8,10.9,9.1,15.7,13.1,8.1,0.0,13,1
TM,TEAM_CR,23,1225529,20.0,12.1,11.5,8.5,14.4,13.5,8.5,0.0,13,1
TM,TEAM_CR,24,1225569,20.0,12.7,12.1,7.9,13.1,14.2,8.8,0.0,14,1
TM,TEAM_CR,25,1225609,20.0,13.1,12.6,7.4,10.5,17.8,9.1,0.0,18,1
TM,TEAM_CR,26,1225649,20.0,13.5,13.0,7.0,9.1,19.5,9.4,0.0,19,1
TM,TEAM_CR,27,1225690,20.0,13.8,13.4,6.6,10.0,16.2,9.6,0.0,16,1
TM,TEAM_CR,28,1225729,20.0,14.1,13.8,6.2,9.3,16.2,9.9,0.0,16,1
TM,TEAM_CR,29,1225769,20.0,14.2,14.1,5.9,7.8,18.1,10.1,0.0,18,1
TM,TEAM_CR,30,1225809,20.0,14.7,14.4,5.6,7.9,16.9,10.4,0.0,17,1
TM,TEAM_CR,31,1225850,20.0,15.0,14.8,5.2,9.6,12.0,10.6,0.0,13,1
TM,TEAM_CR,32,1225890,20.0,15.3,15.2,4.8,10.3,9.2,10.8,0.0,9,1
TM,TEAM_CR,33,1225935,20.0,16.0,15.7,4.3,9.7,8.8,10.9,0.0,9,1
TM,TEAM_CR,34,1225975,20.0,16.7,16.1,3.9,7.9,11.0,11.1,0.0,11,1
TM,TEAM_CR,35,1226015,20.0,16.9,16.4,3.6,7.8,10.0,11.2,0.0,10,1
TM,TEAM_CR,36,1226069,20.0,17.6,16.8,3.2,7.5,9.1,11.4,0.0,9,1
TM,SUN_L,3599,SUN_R,3224,SUN_NDV,0.0550,SUN_ANGLE,32.28
TM,MAG_X,-8.43,MAG_Y,0.45,MAG_Z,-18.85,MAG_HEADING,176.96
TM,GYRO_X,-0.884,GYRO_Y,-2.275,GYRO_Z,-0.190,BODY_RATE,0.190
TM,TEAM_CR,37,1226109,20.0,17.8,17.1,2.9,7.3,8.2,11.5,0.0,8,1
TM,TEAM_CR,38,1226149,20.0,17.9,17.4,2.6,6.6,8.6,11.6,0.0,9,1
TM,TEAM_CR,39,1226190,20.0,17.9,17.7,2.3,6.3,8.2,11.7,0.0,8,1
TM,TEAM_CR,40,1226229,20.0,18.2,18.0,2.0,6.0,7.9,11.8,0.0,8,1
TM,TEAM_CR,41,1226269,20.0,18.5,18.2,1.8,6.0,6.9,11.9,0.0,7,1
TM,TEAM_CR,42,1226309,20.0,18.9,18.4,1.6,5.7,6.8,11.9,0.0,7,1
TM,ADCS_MODE,MANUAL,ADCS_REFERENCE,SUN,TARGET,0.00,POINTING_ERROR,-32.35,SUN_ERROR,-32.38,MAG_ERROR,-176.96,GYRO_Z,0.020,RW_CMD,0
TM,EST_RAW,32.38,EST_FILTERED,32.38,EST_ANGLE,32.35,EST_FILTER,ON,EST_FILTER_TYPE,MOVING_AVERAGE,EST_MA_WINDOW,1,EST_FILTER_STRENGTH,0.35
TM,EST_FUSION,ON,EST_GYRO_WEIGHT,0.98,EST_VALID,1
TM,TEAM_CR,43,1226349,20.0,18.8,18.6,1.4,4.2,9.0,12.0,0.0,9,1
TM,TEAM_CR,44,1226389,20.0,19.0,18.8,1.2,3.6,9.7,12.0,0.0,10,1
TM,TEAM_CR,45,1226448,20.0,19.4,19.0,1.0,3.9,8.1,12.1,0.0,8,1
TM,TEAM_CR,46,1226488,20.0,19.3,19.2,0.8,3.0,9.5,12.1,0.0,9,1
TM,TEAM_CR,47,1226529,20.0,19.7,19.3,0.7,1.8,11.4,12.1,0.0,11,1
TM,TEAM_CR,48,1226569,20.0,19.7,19.3,0.7,0.2,14.5,12.2,0.0,14,1
TM,TEAM_CR,49,1226608,20.0,19.8,19.3,0.7,0.3,14.2,12.2,0.0,14,1
TM,TEAM_CR,50,1226649,20.0,19.7,19.4,0.6,0.8,13.2,12.2,0.0,13,1
TM,TEAM_CR,51,1226689,20.0,19.9,19.5,0.5,1.6,11.2,12.2,0.0,11,1
TM,TEAM_CR,52,1226729,20.0,19.9,19.5,0.5,0.7,12.2,12.2,0.0,12,1
TM,TEAM_CR,53,1226769,20.0,19.9,19.5,0.5,-0.1,12.2,12.2,0.0,12,1
TM,TEAM_CR,54,1226813,20.0,20.0,19.5,0.5,-0.5,12.2,12.2,0.0,12,3
TM,SUN_L,3599,SUN_R,3224,SUN_NDV,0.0550,SUN_ANGLE,32.41
TM,MAG_X,-8.22,MAG_Y,0.45,MAG_Z,-18.54,MAG_HEADING,176.88
TM,GYRO_X,-1.059,GYRO_Y,-2.450,GYRO_Z,0.099,BODY_RATE,-0.099
TM,TEAM_CR,55,1226849,20.0,19.8,19.5,0.5,-0.3,12.2,12.2,0.0,12,3
TM,TEAM_CR,56,1226889,20.0,19.9,19.6,0.4,0.7,12.2,12.2,0.0,12,3
TM,TEAM_CR,57,1226935,20.0,20.0,19.6,0.4,0.3,12.2,12.2,0.0,12,3
TM,TEAM_CR,58,1226975,20.0,19.9,19.6,0.4,0.0,12.2,12.2,0.0,12,3
TM,TEAM_CR,59,1227015,20.0,20.0,19.6,0.4,0.6,12.2,12.2,0.0,12,3
TM,TEAM_CR,60,1227069,20.0,20.1,19.7,0.3,2.1,12.2,12.2,0.0,12,3
TM,TEAM_CR,61,1227109,20.0,20.1,19.9,0.1,2.8,12.2,12.2,0.0,12,3
TM,TEAM_CR,62,1227149,20.0,20.1,20.0,0.0,2.7,12.2,12.2,0.0,12,3
TM,TEAM_CR,63,1227189,20.0,20.2,20.1,-0.1,2.3,12.2,12.2,0.0,12,3
TM,TEAM_CR,64,1227229,20.0,20.3,20.2,-0.2,2.9,12.2,12.2,0.0,12,3
TM,TEAM_CR,65,1227269,20.0,20.4,20.4,-0.4,4.0,12.2,12.2,0.0,12,3
TM,ADCS_MODE,MANUAL,ADCS_REFERENCE,SUN,TARGET,0.00,POINTING_ERROR,-32.35,SUN_ERROR,-32.42,MAG_ERROR,-176.66,GYRO_Z,0.090,RW_CMD,0
TM,EST_RAW,32.42,EST_FILTERED,32.42,EST_ANGLE,32.35,EST_FILTER,ON,EST_FILTER_TYPE,MOVING_AVERAGE,EST_MA_WINDOW,1,EST_FILTER_STRENGTH,0.35
TM,EST_FUSION,ON,EST_GYRO_WEIGHT,0.98,EST_VALID,1
TM,TEAM_CR,66,1227309,20.0,20.6,20.5,-0.5,4.7,12.2,12.2,0.0,12,3
TM,TEAM_CR,67,1227349,20.0,21.0,20.8,-0.8,4.8,12.2,12.2,0.0,12,3
TM,TEAM_CR,68,1227389,20.0,21.0,21.0,-1.0,4.8,12.2,12.2,0.0,12,3
TM,TEAM_CR,69,1227450,20.0,21.4,21.3,-1.3,6.9,12.2,12.2,0.0,12,3
TM,TEAM_CR,70,1227490,20.0,21.5,21.6,-1.6,7.9,1.0,12.2,0.0,11,3
TM,TEAM_CR,71,1227529,20.0,21.5,21.9,-1.9,6.6,1.7,12.2,0.0,2,3
TM,TEAM_CR,72,1227569,20.0,21.5,22.1,-2.1,3.7,4.3,12.1,0.0,4,3
TM,SUN_L,3599,SUN_R,3225,SUN_NDV,0.0548,SUN_ANGLE,32.27
TM,MAG_X,-8.40,MAG_Y,0.50,MAG_Z,-18.48,MAG_HEADING,176.62
TM,GYRO_X,-1.067,GYRO_Y,-2.354,GYRO_Z,0.012,BODY_RATE,-0.012
TM,TEAM_CR,73,1227609,20.0,21.8,22.1,-2.1,1.3,6.5,12.1,0.0,7,3
TM,TEAM_CR,74,1227649,20.0,21.8,22.1,-2.1,0.4,7.4,12.1,0.0,7,3
TM,TEAM_CR,75,1227689,20.0,21.8,22.1,-2.1,0.6,7.1,12.0,0.0,7,3
TM,TEAM_CR,76,1227729,20.0,21.9,22.1,-2.1,-0.4,8.1,12.0,0.0,8,3
TM,TEAM_CR,77,1227769,20.0,21.7,22.1,-2.1,-1.0,8.8,11.9,0.0,9,3
TM,TEAM_CR,78,1227809,20.0,21.9,22.0,-2.0,-1.0,8.8,11.9,0.0,9,3
TM,TEAM_CR,79,1227850,20.0,21.7,22.0,-2.0,0.3,7.5,11.9,0.0,7,3
TM,TEAM_CR,80,1227889,20.0,21.7,22.0,-2.0,0.8,6.9,11.8,0.0,7,3
TM,TEAM_CR,81,1227936,20.0,21.9,22.1,-2.1,0.1,7.6,11.8,0.0,8,3
TM,TEAM_CR,82,1227976,20.0,21.8,22.0,-2.0,-0.5,8.2,11.7,0.0,8,3
TM,TEAM_CR,83,1228016,20.0,21.9,22.0,-2.0,-0.7,8.3,11.7,0.0,8,3
TM,TEAM_CR,84,1228069,20.0,21.7,21.9,-1.9,-1.1,8.8,11.7,0.0,9,3
TM,TEAM_CR,85,1228109,20.0,21.9,21.9,-1.9,0.8,6.9,11.6,0.0,7,3
TM,TEAM_CR,86,1228149,20.0,21.8,21.9,-1.9,-0.2,7.9,11.6,0.0,8,3
TM,TEAM_CR,87,1228189,20.0,21.8,21.9,-1.9,-0.4,8.0,11.5,0.0,8,3
TM,TEAM_CR,88,1228229,20.0,21.8,21.9,-1.9,-0.1,7.7,11.5,0.0,8,3
TM,ADCS_MODE,MANUAL,ADCS_REFERENCE,SUN,TARGET,0.00,POINTING_ERROR,-32.35,SUN_ERROR,-32.44,MAG_ERROR,-176.54,GYRO_Z,0.003,RW_CMD,0
TM,EST_RAW,32.44,EST_FILTERED,32.44,EST_ANGLE,32.35,EST_FILTER,ON,EST_FILTER_TYPE,MOVING_AVERAGE,EST_MA_WINDOW,1,EST_FILTER_STRENGTH,0.35
TM,EST_FUSION,ON,EST_GYRO_WEIGHT,0.98,EST_VALID,1
TM,TEAM_CR,89,1228270,20.0,22.0,21.9,-1.9,0.6,7.0,11.5,0.0,7,3
TM,TEAM_CR,90,1228310,20.0,21.9,22.0,-2.0,1.2,6.3,11.4,0.0,6,3
TM,SUN_L,3602,SUN_R,3224,SUN_NDV,0.0554,SUN_ANGLE,32.48
TM,MAG_X,-8.21,MAG_Y,0.50,MAG_Z,-18.67,MAG_HEADING,176.54
TM,GYRO_X,-1.356,GYRO_Y,-2.205,GYRO_Z,0.134,BODY_RATE,-0.134
TM,TEAM_CR,91,1228349,20.0,21.9,22.0,-2.0,1.8,5.5,11.4,0.0,5,3
TM,TEAM_CR,92,1228389,20.0,22.0,22.1,-2.1,1.3,5.9,11.3,0.0,6,3
TM,TEAM_CR,93,1228449,20.0,22.0,22.1,-2.1,0.2,6.8,11.3,0.0,7,3
TM,TEAM_CR,94,1228489,20.0,22.0,22.1,-2.1,-0.3,7.3,11.3,0.0,7,3
TM,TEAM_CR,95,1228529,20.0,22.1,22.1,-2.1,0.9,6.0,11.2,0.0,6,3
TM,TEAM_CR,96,1228569,20.0,22.2,22.2,-2.2,1.4,5.4,11.2,0.0,5,3
TM,TEAM_CR,97,1228609,20.0,22.2,22.2,-2.2,1.2,5.4,11.1,0.0,5,3
TM,TEAM_CR,98,1228649,20.0,22.0,22.3,-2.3,1.0,5.5,11.1,0.0,6,3
TM,TEAM_CR,99,1228690,20.0,22.0,22.3,-2.3,0.2,6.3,11.0,0.0,6,3
TM,TEAM_CR,100,1228730,20.0,22.3,22.3,-2.3,0.4,6.0,11.0,0.0,6,3
TM,TEAM_CR,101,1228769,20.0,22.1,22.3,-2.3,0.7,5.6,10.9,0.0,6,3
TM,TEAM_CR,102,1228809,20.0,22.0,22.4,-2.4,1.8,4.4,10.9,0.0,4,3
TM,TEAM_CR,103,1228850,20.0,22.1,22.4,-2.4,1.7,4.3,10.8,0.0,4,3
TM,TEAM_CR,104,1228890,20.0,22.3,22.5,-2.5,0.7,5.2,10.8,0.0,5,3
TM,TEAM_CR,105,1228935,20.0,22.3,22.4,-2.4,-0.3,6.1,10.7,0.0,6,3
TM,TEAM_CR,106,1228975,20.0,22.6,22.4,-2.4,0.0,5.8,10.7,0.0,6,3
TM,TEAM_CR,107,1229015,20.0,22.4,22.4,-2.4,0.4,5.4,10.6,0.0,5,3
TM,TEAM_CR,108,1229068,20.0,22.4,22.5,-2.5,0.1,5.5,10.6,0.0,6,3
TM,TEAM_CR,109,1229108,20.0,22.4,22.4,-2.4,-0.2,5.8,10.6,0.0,6,3
TM,SUN_L,3599,SUN_R,3224,SUN_NDV,0.0550,SUN_ANGLE,32.11
TM,MAG_X,-8.19,MAG_Y,0.38,MAG_Z,-18.80,MAG_HEADING,177.32
TM,GYRO_X,-0.971,GYRO_Y,-2.293,GYRO_Z,0.108,BODY_RATE,-0.108
TM,TEAM_CR,110,1229148,20.0,22.3,22.4,-2.4,-0.4,6.1,10.5,0.0,6,3
TM,ADCS_MODE,MANUAL,ADCS_REFERENCE,SUN,TARGET,0.00,POINTING_ERROR,-32.34,SUN_ERROR,-32.46,MAG_ERROR,-177.32,GYRO_Z,0.379,RW_CMD,0
TM,EST_RAW,32.46,EST_FILTERED,32.46,EST_ANGLE,32.34,EST_FILTER,ON,EST_FILTER_TYPE,MOVING_AVERAGE,EST_MA_WINDOW,1,EST_FILTER_STRENGTH,0.35
TM,EST_FUSION,ON,EST_GYRO_WEIGHT,0.98,EST_VALID,1
TM,TEAM_CR,111,1229189,20.0,22.3,22.4,-2.4,-1.5,7.2,10.5,0.0,7,3
TM,TEAM_CR,112,1229228,20.0,22.4,22.3,-2.3,-1.3,7.0,10.4,0.0,7,3
TM,TEAM_CR,113,1229269,20.0,22.4,22.2,-2.2,-2.3,8.2,10.4,0.0,8,3
TM,TEAM_CR,114,1229309,20.0,22.2,22.2,-2.2,-0.3,6.2,10.3,0.0,6,3
TM,TEAM_CR,115,1229349,20.0,22.2,22.2,-2.2,0.7,5.2,10.3,0.0,5,3
TM,TEAM_CR,116,1229389,20.0,22.2,22.2,-2.2,0.2,5.6,10.2,0.0,6,3
TM,TEAM_CR,117,1229449,20.0,22.3,22.2,-2.2,-0.2,5.9,10.2,0.0,6,3
TM,TEAM_CR,118,1229489,20.0,22.3,22.2,-2.2,0.0,5.7,10.1,0.0,6,3
TM,TEAM_CR,119,1229529,20.0,22.1,22.2,-2.2,-0.7,6.4,10.1,0.0,6,3
TM,TEAM_CR,120,1229570,20.0,22.2,22.2,-2.2,-1.4,7.1,10.1,0.0,7,3
TM,TEAM_CR,121,1229610,20.0,22.2,22.1,-2.1,-0.2,6.0,10.0,0.0,6,3
TM,TEAM_CR,122,1229649,20.0,22.1,22.2,-2.2,1.2,4.4,10.0,0.0,4,3
TM,TEAM_CR,123,1229689,20.0,22.0,22.2,-2.2,1.2,4.3,9.9,0.0,4,3
TM,TEAM_CR,124,1229729,20.0,22.1,22.2,-2.2,0.3,5.1,9.9,0.0,5,3
TM,TEAM_CR,125,1229769,20.0,22.3,22.2,-2.2,-0.7,6.1,9.8,0.0,6,3
TM,TEAM_CR,126,1229809,20.0,22.1,22.2,-2.2,-0.6,6.0,9.8,0.0,6,3
TM,TEAM_CR,127,1229849,20.0,22.3,22.2,-2.2,0.1,5.3,9.7,0.0,5,3
TM,SUN_L,3599,SUN_R,3224,SUN_NDV,0.0550,SUN_ANGLE,32.25
TM,MAG_X,-8.03,MAG_Y,0.42,MAG_Z,-18.75,MAG_HEADING,177.04
TM,GYRO_X,-0.962,GYRO_Y,-2.301,GYRO_Z,0.029,BODY_RATE,-0.029
TM,TEAM_CR,128,1229889,20.0,22.2,22.2,-2.2,0.6,4.7,9.7,0.0,5,3
TM,TEAM_CR,129,1229935,20.0,22.2,22.2,-2.2,1.1,4.0,9.7,0.0,4,3
TM,TEAM_CR,130,1229975,20.0,22.2,22.3,-2.3,2.0,3.0,9.6,0.0,3,3
TM,TEAM_CR,131,1230015,20.0,22.5,22.4,-2.4,2.4,2.3,9.6,0.0,2,3
TM,TEAM_CR,132,1230069,20.0,22.6,22.5,-2.5,2.4,2.0,9.5,0.0,2,3
TM,TEAM_CR,133,1230109,20.0,22.7,22.6,-2.6,1.7,2.6,9.5,0.0,3,3
TM,ADCS_MODE,MANUAL,ADCS_REFERENCE,SUN,TARGET,0.00,POINTING_ERROR,-32.32,SUN_ERROR,-32.24,MAG_ERROR,-177.10,GYRO_Z,0.055,RW_CMD,0
TM,EST_RAW,32.24,EST_FILTERED,32.24,EST_ANGLE,32.32,EST_FILTER,ON,EST_FILTER_TYPE,MOVING_AVERAGE,EST_MA_WINDOW,1,EST_FILTER_STRENGTH,0.35
TM,EST_FUSION,ON,EST_GYRO_WEIGHT,0.98,EST_VALID,1
TM,TEAM_CR,134,1230149,20.0,22.6,22.7,-2.7,0.9,3.2,9.4,0.0,3,3
TM,TEAM_CR,135,1230189,20.0,22.5,22.7,-2.7,-0.2,4.2,9.4,0.0,4,3
TM,TEAM_CR,136,1230229,20.0,22.5,22.6,-2.6,-0.4,4.4,9.3,0.0,4,3
TM,TEAM_CR,137,1230269,20.0,22.6,22.6,-2.6,0.1,3.8,9.2,0.0,4,3
TM,TEAM_CR,138,1230309,20.0,22.6,22.6,-2.6,0.1,3.9,9.2,0.0,4,3
TM,TEAM_CR,139,1230349,20.0,22.6,22.6,-2.6,0.3,3.5,9.1,0.0,4,3
TM,TEAM_CR,140,1230389,20.0,22.5,22.7,-2.7,0.0,3.8,9.1,0.0,4,3
TM,TEAM_CR,141,1230449,20.0,22.5,22.7,-2.7,0.7,3.0,9.0,0.0,3,3
TM,TEAM_CR,142,1230489,20.0,22.6,22.7,-2.7,0.5,3.1,9.0,0.0,3,3
TM,TEAM_CR,143,1230530,20.0,22.8,22.7,-2.7,0.5,3.0,8.9,0.0,3,3
TM,TEAM_CR,144,1230569,20.0,22.5,22.7,-2.7,0.4,3.0,8.9,0.0,3,3
TM,TEAM_CR,145,1230609,20.0,22.6,22.7,-2.7,0.1,3.2,8.8,0.0,3,3
TM,SUN_L,3600,SUN_R,3224,SUN_NDV,0.0551,SUN_ANGLE,32.37
TM,MAG_X,-8.18,MAG_Y,0.43,MAG_Z,-18.85,MAG_HEADING,176.98
TM,GYRO_X,-1.146,GYRO_Y,-2.118,GYRO_Z,-0.093,BODY_RATE,0.093
TM,TEAM_CR,146,1230649,20.0,22.6,22.7,-2.7,0.0,3.3,8.8,0.0,3,3
TM,TEAM_CR,147,1230689,20.0,22.6,22.7,-2.7,-0.2,3.5,8.7,0.0,4,3
TM,TEAM_CR,148,1230729,20.0,22.6,22.7,-2.7,0.0,3.2,8.7,0.0,3,3
TM,TEAM_CR,149,1230769,20.0,22.6,22.7,-2.7,-0.1,3.3,8.6,0.0,3,3
TM,TEAM_CR,150,1230809,20.0,22.5,22.7,-2.7,0.0,3.2,8.6,0.0,3,3
TM,TEAM_CR,151,1230849,20.0,22.6,22.7,-2.7,0.3,2.8,8.5,0.0,3,3
TM,TEAM_CR,152,1230889,20.0,22.6,22.7,-2.7,0.3,2.7,8.4,0.0,3,3
TM,TEAM_CR,153,1230935,20.0,22.7,22.8,-2.8,1.5,1.4,8.4,0.0,1,3
TM,TEAM_CR,154,1230975,20.0,22.7,22.8,-2.8,1.7,1.0,8.3,0.0,1,3
TM,TEAM_CR,155,1231015,20.0,22.6,22.9,-2.9,1.8,0.7,8.3,0.0,1,3
TM,TEAM_CR,156,1231069,20.0,22.7,22.9,-2.9,0.8,1.5,8.2,0.0,2,3
TM,ADCS_MODE,MANUAL,ADCS_REFERENCE,SUN,TARGET,0.00,POINTING_ERROR,-32.36,SUN_ERROR,-32.42,MAG_ERROR,-176.98,GYRO_Z,-0.146,RW_CMD,0
TM,EST_RAW,32.42,EST_FILTERED,32.42,EST_ANGLE,32.36,EST_FILTER,ON,EST_FILTER_TYPE,MOVING_AVERAGE,EST_MA_WINDOW,1,EST_FILTER_STRENGTH,0.35
TM,EST_FUSION,ON,EST_GYRO_WEIGHT,0.98,EST_VALID,1
TM,TEAM_CR,157,1231109,20.0,22.9,22.9,-2.9,0.1,2.2,8.2,0.0,2,3
TM,TEAM_CR,158,1231149,20.0,22.8,22.9,-2.9,-0.5,2.8,8.1,0.0,3,3
TM,TEAM_CR,159,1231189,20.0,22.8,22.9,-2.9,-0.6,2.9,8.0,0.0,3,3
TM,TEAM_CR,160,1231229,20.0,22.7,22.9,-2.9,-0.3,2.6,8.0,0.0,3,3
TM,TEAM_CR,161,1231269,20.0,22.8,22.9,-2.9,0.3,1.9,7.9,0.0,2,3
TM,TEAM_CR,162,1231309,20.0,22.9,22.9,-2.9,0.1,2.1,7.9,0.0,2,3
TM,TEAM_CR,163,1231349,20.0,22.8,22.9,-2.9,-0.1,2.2,7.8,0.0,2,3
TM,SUN_L,3600,SUN_R,3224,SUN_NDV,0.0551,SUN_ANGLE,32.23
TM,MAG_X,-8.11,MAG_Y,0.54,MAG_Z,-18.70,MAG_HEADING,176.16
TM,GYRO_X,-0.884,GYRO_Y,-0.306,GYRO_Z,0.108,BODY_RATE,-0.108
TM,TEAM_CR,164,1231389,20.0,22.8,22.9,-2.9,0.1,1.9,7.8,0.0,2,3
TM,TEAM_CR,165,1231450,20.0,22.8,22.9,-2.9,0.1,1.8,7.7,0.0,2,3
TM,TEAM_CR,166,1231489,20.0,23.0,22.9,-2.9,0.4,1.5,7.6,0.0,2,3
TM,TEAM_CR,167,1231529,20.0,22.8,22.9,-2.9,0.5,1.3,7.6,0.0,1,3
TM,TEAM_CR,168,1231569,20.0,22.9,22.9,-2.9,0.4,1.3,7.5,0.0,1,3
TM,TEAM_CR,169,1231609,20.0,22.9,22.9,-2.9,-0.1,1.7,7.5,0.0,2,3
TM,TEAM_CR,170,1231649,20.0,22.9,22.9,-2.9,0.2,1.4,7.4,0.0,1,3
TM,TEAM_CR,171,1231689,20.0,23.0,22.9,-2.9,0.1,1.4,7.3,0.0,1,3
TM,TEAM_CR,172,1231729,20.0,22.8,22.9,-2.9,-0.4,1.9,7.3,0.0,2,3
TM,TEAM_CR,173,1231769,20.0,22.9,22.9,-2.9,-0.4,1.8,7.2,0.0,2,3
TM,TEAM_CR,174,1231809,20.0,22.8,22.9,-2.9,0.0,1.5,7.2,0.0,1,3
TM,TEAM_CR,175,1231850,20.0,22.8,22.9,-2.9,0.0,1.3,7.1,0.0,1,3
TM,TEAM_CR,176,1231890,20.0,22.9,22.9,-2.9,-0.1,1.4,7.1,0.0,1,3
TM,TEAM_CR,177,1231936,20.0,22.9,22.9,-2.9,0.0,1.3,7.0,0.0,1,3
TM,TEAM_CR,178,1231976,20.0,22.9,22.9,-2.9,-0.1,1.3,6.9,0.0,1,3
TM,TEAM_CR,179,1232016,20.0,22.8,22.9,-2.9,-0.2,1.4,6.9,0.0,1,3
TM,ADCS_MODE,MANUAL,ADCS_REFERENCE,SUN,TARGET,0.00,POINTING_ERROR,-32.36,SUN_ERROR,-32.15,MAG_ERROR,-177.51,GYRO_Z,-0.050,RW_CMD,0
TM,EST_RAW,32.15,EST_FILTERED,32.15,EST_ANGLE,32.36,EST_FILTER,ON,EST_FILTER_TYPE,MOVING_AVERAGE,EST_MA_WINDOW,1,EST_FILTER_STRENGTH,0.35
TM,EST_FUSION,ON,EST_GYRO_WEIGHT,0.98,EST_VALID,1
TM,TEAM_CR,180,1232069,20.0,23.0,22.8,-2.8,-0.3,1.4,6.8,0.0,1,3
TM,TEAM_CR,181,1232109,20.0,23.0,22.8,-2.8,-0.4,1.5,6.8,0.0,2,3
TM,SUN_L,3599,SUN_R,3224,SUN_NDV,0.0550,SUN_ANGLE,32.33
TM,MAG_X,-8.08,MAG_Y,0.35,MAG_Z,-18.69,MAG_HEADING,177.51
TM,GYRO_X,-0.945,GYRO_Y,-2.118,GYRO_Z,-0.093,BODY_RATE,0.093
TM,TEAM_CR,182,1232157,20.0,22.9,22.8,-2.8,0.3,0.7,6.7,0.0,1,3
TM,TEAM_CR,183,1232199,-20.0,22.9,22.9,-42.9,0.5,-166.5,5.9,0.0,-11,17
TM,TEAM_CR,184,1232249,-20.0,22.9,22.8,-42.8,-0.9,-163.8,5.9,0.0,-36,17
TM,TEAM_CR,185,1232289,-20.0,23.1,22.8,-42.8,-3.0,-159.1,5.9,0.0,-56,17
TM,TEAM_CR,186,1232330,-20.0,22.7,22.5,-42.5,-6.9,-150.5,5.9,0.0,-60,17
TM,TEAM_CR,187,1232369,-20.0,22.5,22.1,-42.1,-11.9,-139.0,5.9,0.0,-60,17
TM,TEAM_CR,188,1232409,-20.0,22.3,21.6,-41.6,-14.7,-131.2,5.9,0.0,-60,17
TM,TEAM_CR,189,1232449,-20.0,22.1,21.1,-41.1,-14.5,-129.3,5.9,0.0,-60,17
TM,TEAM_CR,190,1232489,-20.0,21.7,20.5,-40.5,-15.9,-124.2,5.9,0.0,-60,17
TM,TEAM_CR,191,1232529,-20.0,21.1,19.9,-39.9,-16.5,-120.7,5.9,0.0,-60,17
TM,TEAM_CR,192,1232569,-20.0,20.2,19.2,-39.2,-19.7,-111.3,5.9,0.0,-60,17
TM,TEAM_CR,193,1232609,-20.0,19.4,18.3,-38.3,-24.8,-97.7,5.9,0.0,-60,17
TM,TEAM_CR,194,1232649,-20.0,18.3,17.2,-37.2,-29.2,-84.4,5.9,0.0,-60,17
TM,TEAM_CR,195,1232694,-20.0,17.5,15.7,-35.7,-35.3,-66.5,5.9,0.0,-60,17
TM,TEAM_CR,196,1232734,-20.0,15.5,14.3,-34.3,-37.8,-55.8,5.9,0.0,-59,1
TM,TEAM_CR,197,1232774,-20.0,14.0,12.7,-32.7,-41.5,-43.5,4.5,0.0,-48,1
TM,TEAM_CR,198,1232814,-20.0,12.3,11.0,-31.0,-44.9,-30.9,3.3,0.0,-35,1
TM,TEAM_CR,199,1232855,-20.0,10.1,9.2,-29.2,-45.7,-23.5,2.1,0.0,-25,1
TM,TEAM_CR,200,1232894,-20.0,8.4,7.5,-27.5,-45.2,-18.5,1.0,0.0,-18,1
TM,SUN_L,3598,SUN_R,3223,SUN_NDV,0.0550,SUN_ANGLE,32.27
TM,MAG_X,-8.14,MAG_Y,0.50,MAG_Z,-18.66,MAG_HEADING,176.51
TM,GYRO_X,-0.901,GYRO_Y,-2.459,GYRO_Z,-0.225,BODY_RATE,0.225
TM,TEAM_CR,201,1232944,-20.0,5.2,5.3,-25.3,-43.9,-13.3,-0.1,0.0,-15,1
TM,ADCS_MODE,MANUAL,ADCS_REFERENCE,SUN,TARGET,0.00,POINTING_ERROR,-32.35,SUN_ERROR,-32.35,MAG_ERROR,-177.24,GYRO_Z,0.099,RW_CMD,0
TM,EST_RAW,32.35,EST_FILTERED,32.35,EST_ANGLE,32.35,EST_FILTER,ON,EST_FILTER_TYPE,MOVING_AVERAGE,EST_MA_WINDOW,1,EST_FILTER_STRENGTH,0.35
TM,EST_FUSION,ON,EST_GYRO_WEIGHT,0.98,EST_VALID,1
TM,TEAM_CR,202,1232984,-20.0,3.5,3.5,-23.5,-43.6,-7.9,-1.0,0.0,-9,1
TM,TEAM_CR,203,1233024,-20.0,1.8,1.8,-21.8,-41.0,-7.2,-1.9,0.0,-7,1
TM,TEAM_CR,204,1233073,-20.0,0.4,0.0,-20.0,-37.7,-7.1,-2.7,0.0,-7,1
TM,TEAM_CR,205,1233113,-20.0,-1.0,-1.5,-18.5,-35.2,-7.3,-3.5,0.0,-7,1
TM,TEAM_CR,206,1233153,-20.0,-2.4,-2.8,-17.2,-32.1,-8.9,-4.2,0.0,-9,1
TM,TEAM_CR,207,1233193,-20.0,-3.5,-3.9,-16.1,-27.8,-13.4,-4.8,0.0,-12,1
TM,TEAM_CR,208,1233233,-20.0,-4.8,-5.0,-15.0,-25.0,-15.6,-5.4,0.0,-16,1
TM,TEAM_CR,209,1233274,-20.0,-5.7,-5.9,-14.1,-24.0,-14.3,-6.0,0.0,-14,1
TM,TEAM_CR,210,1233313,-20.0,-7.3,-6.9,-13.1,-22.5,-14.2,-6.5,0.0,-14,1
TM,TEAM_CR,211,1233353,-20.0,-9.6,-7.7,-12.3,-19.4,-17.4,-7.0,0.0,-17,1
TM,TEAM_CR,212,1233393,-20.0,-9.9,-8.5,-11.5,-18.7,-15.9,-7.5,0.0,-17,1
TM,TEAM_CR,213,1233453,-20.0,-12.1,-9.7,-10.3,-16.6,-16.0,-7.9,0.0,-16,1
TM,TEAM_CR,214,1233493,-20.0,-12.8,-10.4,-9.6,-15.5,-15.7,-8.3,0.0,-16,1
TM,TEAM_CR,215,1233533,-20.0,-13.7,-11.1,-8.9,-15.5,-13.2,-8.7,0.0,-14,1
TM,TEAM_CR,216,1233573,-20.0,-14.6,-11.9,-8.1,-15.4,-10.7,-9.0,0.0,-11,1
TM,TEAM_CR,217,1233613,-20.0,-15.1,-12.5,-7.5,-14.2,-10.7,-9.3,0.0,-11,1
TM,TEAM_CR,218,1233654,-20.0,-16.5,-13.2,-6.8,-13.2,-10.4,-9.6,0.0,-10,1
TM,SUN_L,3601,SUN_R,3224,SUN_NDV,0.0552,SUN_ANGLE,32.25
TM,MAG_X,-8.29,MAG_Y,0.40,MAG_Z,-18.58,MAG_HEADING,177.24
TM,GYRO_X,-1.251,GYRO_Y,-2.371,GYRO_Z,0.082,BODY_RATE,-0.082
TM,TEAM_CR,219,1233695,-20.0,-16.8,-13.8,-6.2,-12.5,-9.4,-9.9,0.0,-9,1
TM,TEAM_CR,220,1233735,-20.0,-17.5,-14.4,-5.6,-11.1,-10.2,-10.1,0.0,-10,1
TM,TEAM_CR,221,1233774,-20.0,-17.6,-14.9,-5.1,-10.0,-10.5,-10.3,0.0,-10,1
TM,TEAM_CR,222,1233814,-20.0,-18.3,-15.5,-4.5,-9.9,-8.8,-10.5,0.0,-9,1
TM,TEAM_CR,223,1233854,-20.0,-18.6,-15.9,-4.1,-9.0,-8.9,-10.6,0.0,-9,1
TM,TEAM_CR,224,1233894,-20.0,-19.0,-16.4,-3.6,-7.3,-10.7,-10.8,0.0,-11,1
TM,ADCS_MODE,MANUAL,ADCS_REFERENCE,SUN,TARGET,0.00,POINTING_ERROR,-32.35,SUN_ERROR,-32.35,MAG_ERROR,-177.24,GYRO_Z,-0.155,RW_CMD,0
TM,EST_RAW,32.35,EST_FILTERED,32.35,EST_ANGLE,32.35,EST_FILTER,ON,EST_FILTER_TYPE,MOVING_AVERAGE,EST_MA_WINDOW,1,EST_FILTER_STRENGTH,0.35
TM,EST_FUSION,ON,EST_GYRO_WEIGHT,0.98,EST_VALID,1
TM,TEAM_CR,225,1233943,-20.0,-19.6,-16.8,-3.2,-6.3,-11.1,-10.9,0.0,-11,1
TM,TEAM_CR,226,1233983,-20.0,-19.7,-17.1,-2.9,-4.2,-14.3,-11.0,0.0,-14,1
TM,TEAM_CR,227,1234023,-20.0,-20.1,-17.3,-2.7,-1.5,-18.9,-11.2,0.0,-18,1
TM,TEAM_CR,228,1234073,-20.0,-20.1,-17.4,-2.6,0.3,-22.3,-11.3,0.0,-22,1
TM,TEAM_CR,229,1234113,-20.0,-20.2,-17.5,-2.5,-0.7,-19.9,-11.4,0.0,-20,1
TM,TEAM_CR,230,1234153,-20.0,-20.2,-17.7,-2.3,-0.7,-19.4,-11.5,0.0,-19,1
TM,TEAM_CR,231,1234193,-20.0,-20.2,-17.8,-2.2,-0.1,-20.3,-11.5,0.0,-20,1
TM,TEAM_CR,232,1234233,-20.0,-20.1,-17.9,-2.1,-0.2,-19.6,-11.6,0.0,-20,1
TM,TEAM_CR,233,1234273,-20.0,-20.1,-18.0,-2.0,-0.6,-18.6,-11.7,0.0,-19,1
TM,TEAM_CR,234,1234313,-20.0,-20.2,-18.1,-1.9,-0.4,-18.7,-11.8,0.0,-19,1
TM,TEAM_CR,235,1234353,-20.0,-20.2,-18.2,-1.8,-1.1,-16.8,-11.9,0.0,-17,1
TM,TEAM_CR,236,1234393,-20.0,-20.2,-18.4,-1.6,-2.0,-14.4,-11.9,0.0,-14,1
TM,SUN_L,3599,SUN_R,3224,SUN_NDV,0.0550,SUN_ANGLE,32.21
TM,MAG_X,-8.24,MAG_Y,0.38,MAG_Z,-18.72,MAG_HEADING,177.33
TM,GYRO_X,-1.059,GYRO_Y,-2.161,GYRO_Z,0.055,BODY_RATE,-0.055
TM,TEAM_CR,237,1234453,-20.0,-20.4,-18.5,-1.5,-1.3,-15.3,-12.0,0.0,-15,1
TM,TEAM_CR,238,1234493,-20.0,-20.5,-18.7,-1.3,-1.4,-14.6,-12.0,0.0,-15,1
TM,TEAM_CR,239,1234533,-20.0,-20.5,-18.8,-1.2,-1.3,-14.4,-12.1,0.0,-14,1
TM,TEAM_CR,240,1234573,-20.0,-20.6,-18.9,-1.1,-0.5,-15.7,-12.1,0.0,-16,1
TM,TEAM_CR,241,1234614,-20.0,-20.5,-19.0,-1.0,-0.5,-15.2,-12.2,0.0,-15,1
TM,TEAM_CR,242,1234653,-20.0,-20.5,-19.1,-0.9,-0.9,-14.0,-12.2,0.0,-14,1
TM,TEAM_CR,243,1234693,-20.0,-20.5,-19.1,-0.9,-0.2,-15.2,-12.2,0.0,-15,1
TM,TEAM_CR,244,1234733,-20.0,-20.6,-19.2,-0.8,-0.3,-14.7,-12.3,0.0,-15,1
TM,TEAM_CR,245,1234773,-20.0,-20.7,-19.3,-0.7,-0.5,-14.1,-12.3,0.0,-14,1
TM,TEAM_CR,246,1234813,-20.0,-20.5,-19.3,-0.7,1.6,-18.4,-12.3,0.0,-18,1
TM,TEAM_CR,247,1234853,-20.0,-20.4,-19.2,-0.8,3.6,-22.7,-12.4,0.0,-23,1
TM,ADCS_MODE,MANUAL,ADCS_REFERENCE,SUN,TARGET,0.00,POINTING_ERROR,-32.35,SUN_ERROR,-32.27,MAG_ERROR,-177.25,GYRO_Z,-0.198,RW_CMD,0
TM,EST_RAW,32.27,EST_FILTERED,32.27,EST_ANGLE,32.35,EST_FILTER,ON,EST_FILTER_TYPE,MOVING_AVERAGE,EST_MA_WINDOW,1,EST_FILTER_STRENGTH,0.35
TM,EST_FUSION,ON,EST_GYRO_WEIGHT,0.98,EST_VALID,1
TM,TEAM_CR,248,1234893,-20.0,-20.5,-19.1,-0.9,3.7,-23.2,-12.4,0.0,-23,1
TM,TEAM_CR,249,1234945,-20.0,-20.1,-19.0,-1.0,4.1,-12.4,-12.4,0.0,-12,3
TM,TEAM_CR,250,1234984,-20.0,-19.9,-18.8,-1.2,4.9,-12.4,-12.4,0.0,-12,3
TM,TEAM_CR,251,1235024,-20.0,-19.5,-18.7,-1.3,5.1,-12.4,-12.4,0.0,-12,3
TM,TEAM_CR,252,1235073,-20.0,-19.0,-18.4,-1.6,5.1,-20.6,-12.4,0.0,-14,3
TM,TEAM_CR,253,1235113,-20.0,-18.9,-18.3,-1.7,3.6,-19.5,-12.5,0.0,-20,3
TM,TEAM_CR,254,1235153,-20.0,-18.8,-18.2,-1.8,1.9,-17.9,-12.5,0.0,-18,3
TM,SUN_L,3600,SUN_R,3224,SUN_NDV,0.0551,SUN_ANGLE,32.25
TM,MAG_X,-8.34,MAG_Y,0.40,MAG_Z,-18.77,MAG_HEADING,177.25
TM,GYRO_X,-0.928,GYRO_Y,-2.091,GYRO_Z,-0.102,BODY_RATE,0.102
TM,TEAM_CR,255,1235193,-20.0,-18.7,-18.2,-1.8,0.8,-16.9,-12.5,0.0,-17,3
TM,TEAM_CR,256,1235233,-20.0,-18.8,-18.3,-1.7,-1.1,-14.9,-12.6,0.0,-15,3
TM,TEAM_CR,257,1235274,-20.0,-18.8,-18.3,-1.7,-0.7,-15.2,-12.6,0.0,-15,3
TM,TEAM_CR,258,1235314,-20.0,-18.9,-18.4,-1.6,-0.6,-15.3,-12.6,0.0,-15,3
TM,TEAM_CR,259,1235354,-20.0,-18.9,-18.4,-1.6,-1.1,-14.7,-12.7,0.0,-15,3
TM,TEAM_CR,260,1235394,-20.0,-19.0,-18.5,-1.5,-1.0,-14.7,-12.7,0.0,-15,3
TM,TEAM_CR,261,1235453,-20.0,-18.9,-18.6,-1.4,-1.4,-12.7,-12.7,0.0,-13,3
TM,TEAM_CR,262,1235493,-20.0,-19.0,-18.6,-1.4,-0.6,-12.7,-12.7,0.0,-13,3
TM,TEAM_CR,263,1235533,-20.0,-18.8,-18.6,-1.4,2.2,-12.7,-12.7,0.0,-13,3
TM,TEAM_CR,264,1235574,-20.0,-18.8,-18.5,-1.5,2.2,-18.0,-12.7,0.0,-15,3
TM,TEAM_CR,265,1235613,-20.0,-18.7,-18.4,-1.6,1.5,-17.4,-12.7,0.0,-17,3
TM,TEAM_CR,266,1235653,-20.0,-18.6,-18.4,-1.6,1.9,-18.0,-12.8,0.0,-18,3
TM,TEAM_CR,267,1235694,-20.0,-18.6,-18.3,-1.7,0.9,-17.1,-12.8,0.0,-17,3
TM,TEAM_CR,268,1235734,-20.0,-18.5,-18.3,-1.7,0.2,-16.4,-12.8,0.0,-16,3
TM,TEAM_CR,269,1235774,-20.0,-18.4,-18.3,-1.7,-0.5,-15.7,-12.9,0.0,-16,3
TM,TEAM_CR,270,1235814,-20.0,-18.6,-18.4,-1.6,-1.9,-14.2,-12.9,0.0,-14,3
TM,ADCS_MODE,MANUAL,ADCS_REFERENCE,SUN,TARGET,0.00,POINTING_ERROR,-32.35,SUN_ERROR,-32.29,MAG_ERROR,-177.08,GYRO_Z,0.029,RW_CMD,0
TM,EST_RAW,32.29,EST_FILTERED,32.29,EST_ANGLE,32.35,EST_FILTER,ON,EST_FILTER_TYPE,MOVING_AVERAGE,EST_MA_WINDOW,1,EST_FILTER_STRENGTH,0.35
TM,EST_FUSION,ON,EST_GYRO_WEIGHT,0.98,EST_VALID,1
TM,TEAM_CR,271,1235854,-20.0,-18.6,-18.5,-1.5,-1.4,-14.6,-12.9,0.0,-15,3
TM,TEAM_CR,272,1235894,-20.0,-18.7,-18.6,-1.4,-2.1,-12.9,-12.9,0.0,-13,3
TM,SUN_L,3599,SUN_R,3224,SUN_NDV,0.0550,SUN_ANGLE,32.30
TM,MAG_X,-8.08,MAG_Y,0.40,MAG_Z,-18.90,MAG_HEADING,177.17
TM,GYRO_X,-1.146,GYRO_Y,-2.354,GYRO_Z,-0.128,BODY_RATE,0.128
TM,TEAM_CR,273,1235944,-20.0,-18.8,-18.7,-1.3,-2.4,-12.9,-12.9,0.0,-13,3
TM,TEAM_CR,274,1235984,-20.0,-18.7,-18.7,-1.3,-1.5,-12.9,-12.9,0.0,-13,3
TM,TEAM_CR,275,1236026,-20.0,-19.0,-18.8,-1.2,-1.8,-12.9,-12.9,0.0,-13,3
TM,TEAM_CR,276,1236065,0.0,-18.9,-18.9,18.9,-0.7,64.2,-12.6,0.0,-2,9
TM,TEAM_CR,277,1236105,0.0,-19.1,-18.9,18.9,0.7,61.6,-12.6,0.0,19,9
TM,TEAM_CR,278,1236145,0.0,-18.9,-18.8,18.8,3.1,56.7,-12.2,0.0,39,1
TM,TEAM_CR,279,1236193,0.0,-18.7,-18.3,18.3,13.5,34.7,-11.4,0.0,44,1
TM,TEAM_CR,280,1236233,0.0,-18.1,-17.6,17.6,18.4,22.8,-10.7,0.0,25,1
TM,TEAM_CR,281,1236283,0.0,-17.3,-16.6,16.6,21.8,12.7,-10.1,0.0,16,1
TM,TEAM_CR,282,1236323,0.0,-15.8,-15.6,15.6,25.4,2.2,-9.4,0.0,6,1
TM,TEAM_CR,283,1236363,0.0,-14.6,-14.6,14.6,25.0,-0.5,-8.8,0.0,0,1
TM,TEAM_CR,284,1236403,0.0,-13.3,-13.6,13.6,23.5,-0.8,-8.3,0.0,-1,1
TM,TEAM_CR,285,1236444,0.0,-12.3,-12.7,12.7,22.9,-3.0,-7.8,0.0,-3,1
TM,TEAM_CR,286,1236484,0.0,-10.9,-11.8,11.8,21.6,-3.6,-7.3,0.0,-4,1
TM,TEAM_CR,287,1236524,0.0,-9.4,-10.9,10.9,19.3,-1.9,-6.8,0.0,-2,1
TM,TEAM_CR,288,1236564,0.0,-8.3,-10.1,10.1,19.4,-4.9,-6.4,0.0,-5,1
TM,TEAM_CR,289,1236604,0.0,-6.6,-9.2,9.2,20.1,-9.7,-6.0,0.0,-10,1
TM,TEAM_CR,290,1236645,0.0,-5.1,-8.3,8.3,18.9,-10.5,-5.7,0.0,-10,1
TM,TEAM_CR,291,1236694,0.0,-4.4,-7.2,7.2,17.8,-11.9,-5.4,0.0,-12,1
TM,SUN_L,3600,SUN_R,3224,SUN_NDV,0.0551,SUN_ANGLE,32.43
TM,MAG_X,-8.26,MAG_Y,0.40,MAG_Z,-18.64,MAG_HEADING,177.23
TM,GYRO_X,-0.971,GYRO_Y,-2.345,GYRO_Z,0.090,BODY_RATE,-0.090
TM,TEAM_CR,292,1236734,0.0,-3.5,-6.4,6.4,16.9,-13.1,-5.1,0.0,-13,1
TM,ADCS_MODE,MANUAL,ADCS_REFERENCE,SUN,TARGET,0.00,POINTING_ERROR,-32.35,SUN_ERROR,-32.19,MAG_ERROR,-177.23,GYRO_Z,-0.128,RW_CMD,0
TM,EST_RAW,32.19,EST_FILTERED,32.19,EST_ANGLE,32.35,EST_FILTER,ON,EST_FILTER_TYPE,MOVING_AVERAGE,EST_MA_WINDOW,1,EST_FILTER_STRENGTH,0.35
TM,EST_FUSION,ON,EST_GYRO_WEIGHT,0.98,EST_VALID,1
TM,TEAM_CR,293,1236774,0.0,-3.0,-5.7,5.7,15.6,-13.4,-4.9,0.0,-13,1
TM,TEAM_CR,294,1236814,0.0,-2.5,-5.0,5.0,14.0,-12.6,-4.7,0.0,-13,1
TM,TEAM_CR,295,1236862,0.0,-1.6,-4.3,4.3,12.7,-12.7,-4.5,0.0,-13,1
TM,TEAM_CR,296,1236902,0.0,-1.5,-3.7,3.7,12.0,-13.7,-4.4,0.0,-14,1
TM,TEAM_CR,297,1236945,0.0,-0.8,-3.1,3.1,10.6,-12.9,-4.2,0.0,-13,1
TM,TEAM_CR,298,1236985,0.0,-0.3,-2.6,2.6,10.1,-13.8,-4.1,0.0,-14,1
TM,TEAM_CR,299,1237025,0.0,-0.1,-2.1,2.1,9.5,-14.4,-4.0,0.0,-14,1
TM,TEAM_CR,300,1237065,0.0,0.3,-1.7,1.7,10.5,-18.4,-4.0,0.0,-18,1
TM,TEAM_CR,301,1237106,0.0,0.8,-1.2,1.2,9.8,-18.8,-3.9,0.0,-19,1
TM,TEAM_CR,302,1237146,0.0,1.1,-0.7,0.7,8.9,-18.7,-3.9,0.0,-19,1
TM,TEAM_CR,303,1237195,0.0,1.3,-0.3,0.3,8.0,-3.9,-3.9,0.0,-8,1
TM,TEAM_CR,304,1237235,0.0,1.7,0.2,-0.2,8.8,-3.9,-3.9,0.0,-4,1
TM,TEAM_CR,305,1237283,0.0,1.9,0.7,-0.7,9.8,-26.0,-3.9,0.0,-6,1
TM,TEAM_CR,306,1237323,0.0,2.2,1.1,-1.1,9.9,-28.2,-3.9,0.0,-26,1
TM,TEAM_CR,307,1237363,0.0,2.5,1.5,-1.5,6.8,-23.4,-4.0,0.0,-26,1
TM,TEAM_CR,308,1237403,0.0,3.3,1.7,-1.7,3.9,-18.6,-4.1,0.0,-20,1
TM,TEAM_CR,309,1237445,0.0,3.2,1.9,-1.9,2.9,-17.6,-4.1,0.0,-18,1
TM,SUN_L,3601,SUN_R,3225,SUN_NDV,0.0551,SUN_ANGLE,32.38
TM,MAG_X,-8.24,MAG_Y,0.38,MAG_Z,-18.83,MAG_HEADING,177.33
TM,GYRO_X,-0.910,GYRO_Y,-2.590,GYRO_Z,-0.155,BODY_RATE,0.155
TM,TEAM_CR,310,1237485,0.0,3.4,2.0,-2.0,0.9,-13.9,-4.2,0.0,-15,1
TM,TEAM_CR,311,1237526,0.0,3.2,2.0,-2.0,-0.3,-11.8,-4.3,0.0,-12,1
TM,TEAM_CR,312,1237565,0.0,3.3,2.1,-2.1,-0.1,-12.6,-4.4,0.0,-13,1
TM,TEAM_CR,313,1237605,0.0,3.3,2.1,-2.1,-0.3,-12.3,-4.5,0.0,-12,1
TM,TEAM_CR,314,1237645,0.0,3.5,2.1,-2.1,-0.6,-12.0,-4.5,0.0,-12,1
TM,TEAM_CR,315,1237695,0.0,3.2,2.2,-2.2,0.3,-13.9,-4.6,0.0,-14,1
TM,ADCS_MODE,MANUAL,ADCS_REFERENCE,SUN,TARGET,0.00,POINTING_ERROR,-32.36,SUN_ERROR,-32.46,MAG_ERROR,-176.63,GYRO_Z,-0.146,RW_CMD,0
TM,EST_RAW,32.46,EST_FILTERED,32.46,EST_ANGLE,32.36,EST_FILTER,ON,EST_FILTER_TYPE,MOVING_AVERAGE,EST_MA_WINDOW,1,EST_FILTER_STRENGTH,0.35
TM,EST_FUSION,ON,EST_GYRO_WEIGHT,0.98,EST_VALID,1
TM,TEAM_CR,316,1237735,0.0,3.2,2.2,-2.2,-0.5,-12.6,-4.7,0.0,-13,1
TM,TEAM_CR,317,1237775,0.0,3.1,2.3,-2.3,0.2,-14.2,-4.8,0.0,-14,1
TM,TEAM_CR,318,1237815,0.0,3.3,2.3,-2.3,2.0,-18.3,-4.9,0.0,-17,1
TM,TEAM_CR,319,1237863,0.0,3.5,2.5,-2.5,1.8,-18.5,-5.0,0.0,-19,1
TM,TEAM_CR,320,1237903,0.0,3.6,2.6,-2.6,0.7,-16.8,-5.1,0.0,-17,1
TM,TEAM_CR,321,1237947,0.0,3.6,2.7,-2.7,1.5,-18.9,-5.2,0.0,-19,1
TM,TEAM_CR,322,1237987,0.0,3.3,2.7,-2.7,0.3,-16.9,-5.3,0.0,-18,1
TM,TEAM_CR,323,1238026,0.0,3.4,2.8,-2.8,0.4,-17.3,-5.4,0.0,-17,1
TM,TEAM_CR,324,1238066,0.0,3.4,2.8,-2.8,-0.3,-16.1,-5.5,0.0,-16,1
TM,TEAM_CR,325,1238106,0.0,3.4,2.8,-2.8,-1.4,-14.0,-5.7,0.0,-14,1
TM,TEAM_CR,326,1238146,0.0,3.4,2.8,-2.8,-0.3,-16.3,-5.8,0.0,-16,1
TM,TEAM_CR,327,1238196,0.0,3.3,2.8,-2.8,-0.5,-16.0,-5.9,0.0,-16,1
TM,SUN_L,3600,SUN_R,3225,SUN_NDV,0.0549,SUN_ANGLE,32.50
TM,MAG_X,-8.16,MAG_Y,0.48,MAG_Z,-18.72,MAG_HEADING,176.63
TM,GYRO_X,-1.094,GYRO_Y,-2.021,GYRO_Z,0.003,BODY_RATE,-0.003
TM,TEAM_CR,328,1238235,0.0,3.4,2.8,-2.8,-0.6,-15.9,-6.0,0.0,-16,1
TM,TEAM_CR,329,1238284,0.0,3.4,2.8,-2.8,-0.1,-17.0,-6.1,0.0,-17,1
TM,TEAM_CR,330,1238324,0.0,3.0,2.8,-2.8,-1.1,-15.2,-6.2,0.0,-15,1
TM,TEAM_CR,331,1238364,0.0,3.4,2.8,-2.8,-0.3,-16.9,-6.3,0.0,-17,1
TM,TEAM_CR,332,1238404,0.0,3.3,2.8,-2.8,-0.5,-16.7,-6.4,0.0,-17,1
TM,TEAM_CR,333,1238446,0.0,3.2,2.8,-2.8,-0.5,-16.8,-6.5,0.0,-17,1
TM,TEAM_CR,334,1238486,0.0,3.3,2.9,-2.9,1.9,-21.8,-6.7,0.0,-21,1
TM,TEAM_CR,335,1238526,0.0,3.4,2.9,-2.9,1.1,-20.8,-6.8,0.0,-22,1
TM,TEAM_CR,336,1238566,0.0,3.5,3.0,-3.0,0.9,-20.7,-6.9,0.0,-21,1
TM,TEAM_CR,337,1238606,0.0,3.4,3.1,-3.1,1.1,-21.5,-7.0,0.0,-21,1
TM,TEAM_CR,338,1238646,0.0,3.5,3.1,-3.1,0.1,-19.7,-7.1,0.0,-20,1
TM,ADCS_MODE,MANUAL,ADCS_REFERENCE,SUN,TARGET,0.00,POINTING_ERROR,-32.36,SUN_ERROR,-32.31,MAG_ERROR,-177.12,GYRO_Z,0.073,RW_CMD,0
TM,EST_RAW,32.31,EST_FILTERED,32.31,EST_ANGLE,32.36,EST_FILTER,ON,EST_FILTER_TYPE,MOVING_AVERAGE,EST_MA_WINDOW,1,EST_FILTER_STRENGTH,0.35
TM,EST_FUSION,ON,EST_GYRO_WEIGHT,0.98,EST_VALID,1
TM,TEAM_CR,339,1238695,0.0,3.5,3.1,-3.1,-0.6,-18.4,-7.3,0.0,-18,1
TM,TEAM_CR,340,1238735,0.0,3.6,3.1,-3.1,-1.5,-16.7,-7.4,0.0,-17,1
TM,TEAM_CR,341,1238775,0.0,3.4,3.0,-3.0,-1.0,-17.7,-7.5,0.0,-18,1
TM,TEAM_CR,342,1238815,0.0,3.5,3.0,-3.0,-1.3,-17.0,-7.6,0.0,-17,1
TM,TEAM_CR,343,1238864,0.0,3.4,2.9,-2.9,-1.1,-17.2,-7.7,0.0,-17,1
TM,TEAM_CR,344,1238904,0.0,3.4,2.9,-2.9,-1.0,-17.6,-7.9,0.0,-18,1
TM,TEAM_CR,345,1238945,0.0,3.1,2.9,-2.9,-1.6,-16.2,-8.0,0.0,-16,1
TM,SUN_L,3598,SUN_R,3224,SUN_NDV,0.0548,SUN_ANGLE,32.29
TM,MAG_X,-8.19,MAG_Y,0.53,MAG_Z,-18.83,MAG_HEADING,176.31
TM,GYRO_X,-1.146,GYRO_Y,-2.196,GYRO_Z,-0.076,BODY_RATE,0.076
TM,TEAM_CR,346,1238985,0.0,3.4,2.8,-2.8,-0.9,-17.6,-8.1,0.0,-18,1
TM,TEAM_CR,347,1239025,0.0,3.3,2.8,-2.8,-1.2,-17.2,-8.2,0.0,-17,1
TM,TEAM_CR,348,1239065,0.0,3.1,2.8,-2.8,1.2,-22.0,-8.3,0.0,-20,1
TM,TEAM_CR,349,1239105,0.0,3.0,2.9,-2.9,1.0,-22.1,-8.4,0.0,-22,1
TM,TEAM_CR,350,1239145,0.0,3.1,2.9,-2.9,0.3,-20.8,-8.5,0.0,-21,1
TM,TEAM_CR,351,1239196,0.0,3.1,3.0,-3.0,0.2,-20.9,-8.7,0.0,-21,1
TM,TEAM_CR,352,1239236,0.0,3.3,3.0,-3.0,0.2,-21.1,-8.8,0.0,-21,1
TM,TEAM_CR,353,1239285,0.0,3.3,2.9,-2.9,-1.4,-17.9,-8.9,0.0,-18,1
TM,TEAM_CR,354,1239324,0.0,3.2,2.9,-2.9,-1.5,-17.6,-9.0,0.0,-18,1
TM,TEAM_CR,355,1239364,0.0,3.1,2.8,-2.8,-1.3,-18.0,-9.1,0.0,-18,1
TM,TEAM_CR,356,1239404,0.0,3.2,2.8,-2.8,-1.3,-17.9,-9.2,0.0,-18,1
TM,TEAM_CR,357,1239445,0.0,3.0,2.8,-2.8,-1.3,-17.8,-9.4,0.0,-18,1
TM,TEAM_CR,358,1239485,0.0,3.0,2.7,-2.7,-1.1,-18.0,-9.5,0.0,-18,1
TM,TEAM_CR,359,1239525,0.0,3.0,2.7,-2.7,-1.2,-17.8,-9.6,0.0,-18,1
TM,TEAM_CR,360,1239565,0.0,2.8,2.6,-2.6,-1.1,-18.1,-9.7,0.0,-18,1
TM,TEAM_CR,361,1239605,0.0,2.9,2.7,-2.7,1.2,-22.9,-9.8,0.0,-23,1
TM,ADCS_MODE,MANUAL,ADCS_REFERENCE,SUN,TARGET,0.00,POINTING_ERROR,-32.34,SUN_ERROR,-32.25,MAG_ERROR,-175.95,GYRO_Z,-0.111,RW_CMD,0
TM,EST_RAW,32.25,EST_FILTERED,32.25,EST_ANGLE,32.34,EST_FILTER,ON,EST_FILTER_TYPE,MOVING_AVERAGE,EST_MA_WINDOW,1,EST_FILTER_STRENGTH,0.35
TM,EST_FUSION,ON,EST_GYRO_WEIGHT,0.98,EST_VALID,1
TM,TEAM_CR,362,1239645,0.0,2.9,2.7,-2.7,0.5,-21.8,-9.9,0.0,-22,1
TM,TEAM_CR,363,1239697,0.0,3.1,2.8,-2.8,0.9,-22.9,-10.0,0.0,-23,1
TM,SUN_L,3600,SUN_R,3226,SUN_NDV,0.0548,SUN_ANGLE,32.48
TM,MAG_X,-8.14,MAG_Y,0.58,MAG_Z,-18.61,MAG_HEADING,175.95
TM,GYRO_X,-0.989,GYRO_Y,-2.581,GYRO_Z,0.047,BODY_RATE,-0.047
TM,TEAM_CR,364,1239737,0.0,3.1,2.8,-2.8,0.3,-21.8,-10.1,0.0,-22,1
TM,TEAM_CR,365,1239777,0.0,2.8,2.8,-2.8,-0.9,-19.5,-10.2,0.0,-20,1
TM,TEAM_CR,366,1239817,0.0,3.0,2.7,-2.7,-1.5,-18.2,-10.3,0.0,-18,1
TM,TEAM_CR,367,1239864,0.0,2.9,2.7,-2.7,-1.6,-17.9,-10.4,0.0,-18,1
TM,TEAM_CR,368,1239904,0.0,2.7,2.6,-2.6,-1.2,-18.5,-10.5,0.0,-19,1
TM,TEAM_CR,369,1239945,0.0,2.6,2.6,-2.6,-1.5,-18.0,-10.6,0.0,-18,1
TM,TEAM_CR,370,1239985,0.0,2.3,2.5,-2.5,-1.3,-18.1,-10.7,0.0,-18,1
TM,TEAM_CR,371,1240025,0.0,2.8,2.5,-2.5,-1.4,-18.0,-10.8,0.0,-18,1
TM,TEAM_CR,372,1240065,0.0,2.7,2.4,-2.4,0.4,-21.6,-10.9,0.0,-20,1
TM,TEAM_CR,373,1240106,0.0,2.6,2.5,-2.5,0.1,-21.1,-11.0,0.0,-21,1
TM,TEAM_CR,374,1240145,0.0,2.4,2.5,-2.5,0.6,-22.2,-11.1,0.0,-22,1
TM,TEAM_CR,375,1240196,0.0,2.6,2.5,-2.5,-0.3,-20.6,-11.2,0.0,-21,1
TM,TEAM_CR,376,1240236,0.0,2.3,2.5,-2.5,-0.9,-19.3,-11.3,0.0,-19,1
TM,TEAM_CR,377,1240284,0.0,2.2,2.4,-2.4,-0.6,-19.8,-11.4,0.0,-20,1
TM,TEAM_CR,378,1240324,0.0,2.2,2.4,-2.4,-0.9,-19.2,-11.5,0.0,-19,1
TM,TEAM_CR,379,1240364,0.0,2.2,2.3,-2.3,-0.5,-20.0,-11.6,0.0,-20,1
TM,TEAM_CR,380,1240404,0.0,2.2,2.3,-2.3,-0.9,-19.1,-11.7,0.0,-19,1
TM,TEAM_CR,381,1240446,0.0,2.2,2.3,-2.3,-0.7,-19.6,-11.8,0.0,-20,1
TM,TEAM_CR,382,1240486,0.0,2.3,2.3,-2.3,0.0,-20.9,-11.9,0.0,-21,1
TM,SUN_L,3597,SUN_R,3224,SUN_NDV,0.0547,SUN_ANGLE,32.16
TM,MAG_X,-8.16,MAG_Y,0.45,MAG_Z,-18.83,MAG_HEADING,176.86
TM,GYRO_X,-0.989,GYRO_Y,-2.503,GYRO_Z,-0.128,BODY_RATE,0.128
TM,TEAM_CR,383,1240526,0.0,2.3,2.3,-2.3,0.6,-22.4,-12.0,0.0,-22,1
TM,ADCS_MODE,MANUAL,ADCS_REFERENCE,SUN,TARGET,0.00,POINTING_ERROR,-32.34,SUN_ERROR,-32.50,MAG_ERROR,-176.86,GYRO_Z,-0.085,RW_CMD,0
TM,EST_RAW,32.50,EST_FILTERED,32.50,EST_ANGLE,32.34,EST_FILTER,ON,EST_FILTER_TYPE,MOVING_AVERAGE,EST_MA_WINDOW,1,EST_FILTER_STRENGTH,0.35
TM,EST_FUSION,ON,EST_GYRO_WEIGHT,0.98,EST_VALID,1
TM,TEAM_CR,384,1240566,0.0,2.2,2.3,-2.3,0.2,-21.6,-12.1,0.0,-22,1
TM,TEAM_CR,385,1240607,0.0,2.3,2.3,-2.3,-0.1,-21.1,-12.2,0.0,-21,1
TM,TEAM_CR,386,1240646,0.0,2.3,2.3,-2.3,-0.5,-20.5,-12.3,0.0,-20,1
TM,TEAM_CR,387,1240697,0.0,2.1,2.2,-2.2,-1.1,-18.9,-12.4,0.0,-19,1
TM,TEAM_CR,388,1240737,0.0,2.2,2.1,-2.1,-1.9,-17.3,-12.4,0.0,-17,1
TM,TEAM_CR,389,1240777,0.0,2.2,2.1,-2.1,-1.4,-18.0,-12.5,0.0,-18,1
TM,TEAM_CR,390,1240817,0.0,2.2,2.0,-2.0,-1.8,-17.1,-12.6,0.0,-17,1
TM,TEAM_CR,391,1240864,0.0,1.9,1.9,-1.9,-1.6,-17.4,-12.7,0.0,-17,1
TM,TEAM_CR,392,1240904,0.0,1.9,1.9,-1.9,0.3,-21.1,-12.8,0.0,-20,1
TM,TEAM_CR,393,1240947,0.0,2.0,2.0,-2.0,0.4,-21.5,-12.8,0.0,-22,1
TM,TEAM_CR,394,1240987,0.0,1.9,2.0,-2.0,0.3,-21.3,-12.9,0.0,-21,1
TM,TEAM_CR,395,1241027,0.0,2.1,2.0,-2.0,-0.1,-20.7,-13.0,0.0,-21,1
TM,TEAM_CR,396,1241068,0.0,1.8,1.9,-1.9,-1.1,-18.6,-13.1,0.0,-19,1
TM,TEAM_CR,397,1241107,0.0,1.9,1.9,-1.9,-1.1,-18.6,-13.2,0.0,-19,1
TM,TEAM_CR,398,1241147,0.0,2.1,1.9,-1.9,-1.1,-18.5,-13.2,0.0,-18,1
TM,TEAM_CR,399,1241197,0.0,1.8,1.8,-1.8,-1.2,-18.1,-13.3,0.0,-18,1
TM,TEAM_CR,400,1241237,0.0,1.7,1.8,-1.8,-1.0,-18.4,-13.4,0.0,-18,1
TM,SUN_L,3601,SUN_R,3224,SUN_NDV,0.0552,SUN_ANGLE,32.43
TM,MAG_X,-8.26,MAG_Y,0.38,MAG_Z,-18.86,MAG_HEADING,177.34
TM,GYRO_X,-1.102,GYRO_Y,-2.564,GYRO_Z,0.099,BODY_RATE,-0.099
TM,TEAM_CR,401,1241286,0.0,1.8,1.8,-1.8,0.9,-22.2,-13.4,0.0,-21,1
TM,TEAM_CR,402,1241326,0.0,1.8,1.8,-1.8,0.8,-22.4,-13.5,0.0,-22,1
TM,TEAM_CR,403,1241366,0.0,1.8,1.8,-1.8,1.2,-23.4,-13.6,0.0,-23,1
TM,TEAM_CR,404,1241406,0.0,1.8,1.9,-1.9,0.0,-21.1,-13.7,0.0,-21,1
TM,TEAM_CR,405,1241448,0.0,1.7,1.8,-1.8,-0.9,-19.1,-13.7,0.0,-19,1
TM,TEAM_CR,406,1241488,0.0,1.7,1.8,-1.8,-1.6,-17.7,-13.8,0.0,-18,1
TM,ADCS_MODE,MANUAL,ADCS_REFERENCE,SUN,TARGET,0.00,POINTING_ERROR,-32.33,SUN_ERROR,-32.46,MAG_ERROR,-177.34,GYRO_Z,0.003,RW_CMD,0
TM,EST_RAW,32.46,EST_FILTERED,32.46,EST_ANGLE,32.33,EST_FILTER,ON,EST_FILTER_TYPE,MOVING_AVERAGE,EST_MA_WINDOW,1,EST_FILTER_STRENGTH,0.35
TM,EST_FUSION,ON,EST_GYRO_WEIGHT,0.98,EST_VALID,1
TM,TEAM_CR,407,1241527,0.0,1.8,1.7,-1.7,-0.7,-19.3,-13.9,0.0,-19,1
TM,TEAM_CR,408,1241567,0.0,1.5,1.7,-1.7,-0.4,-19.9,-13.9,0.0,-20,1
TM,TEAM_CR,409,1241607,0.0,1.5,1.7,-1.7,-0.1,-20.5,-14.0,0.0,-21,1
TM,TEAM_CR,410,1241647,0.0,1.7,1.7,-1.7,1.2,-23.3,-14.1,0.0,-23,1
TM,TEAM_CR,411,1241696,0.0,1.6,1.7,-1.7,0.9,-22.8,-14.1,0.0,-23,1
TM,TEAM_CR,412,1241736,0.0,1.7,1.8,-1.8,0.4,-22.1,-14.2,0.0,-22,1
TM,TEAM_CR,413,1241776,0.0,1.7,1.8,-1.8,-0.5,-20.3,-14.3,0.0,-20,1
TM,TEAM_CR,414,1241816,0.0,1.6,1.7,-1.7,-1.2,-18.8,-14.4,0.0,-19,1
TM,TEAM_CR,415,1241867,0.0,1.5,1.6,-1.6,-1.0,-19.0,-14.4,0.0,-19,1
TM,TEAM_CR,416,1241907,0.0,1.8,1.6,-1.6,-0.6,-19.7,-14.5,0.0,-20,1
TM,TEAM_CR,417,1241948,0.0,1.7,1.6,-1.6,0.3,-21.7,-14.6,0.0,-22,1
TM,TEAM_CR,418,1241987,0.0,1.5,1.6,-1.6,0.6,-22.4,-14.6,0.0,-22,1
TM,TEAM_CR,419,1242027,0.0,1.7,1.7,-1.7,1.1,-23.6,-14.7,0.0,-24,1
TM,SUN_L,3599,SUN_R,3222,SUN_NDV,0.0553,SUN_ANGLE,32.35
TM,MAG_X,-8.30,MAG_Y,0.32,MAG_Z,-18.74,MAG_HEADING,177.79
TM,GYRO_X,-0.928,GYRO_Y,-2.328,GYRO_Z,-0.216,BODY_RATE,0.216
TM,TEAM_CR,420,1242067,0.0,1.7,1.7,-1.7,1.2,-24.1,-14.8,0.0,-24,1
TM,TEAM_CR,421,1242107,0.0,2.0,1.7,-1.7,-0.1,-21.6,-14.8,0.0,-22,1
TM,TEAM_CR,422,1242147,0.0,1.8,1.7,-1.7,-1.6,-18.5,-14.9,0.0,-19,1
TM,TEAM_CR,423,1242196,0.0,1.7,1.6,-1.6,-1.3,-18.9,-15.0,0.0,-19,1
TM,TEAM_CR,424,1242236,0.0,1.7,1.6,-1.6,-0.7,-20.1,-15.0,0.0,-20,1
TM,TEAM_CR,425,1242286,0.0,1.4,1.6,-1.6,0.1,-21.7,-15.1,0.0,-22,1
TM,TEAM_CR,426,1242326,0.0,1.5,1.6,-1.6,1.6,-24.9,-15.2,0.0,-24,1
TM,TEAM_CR,427,1242366,0.0,1.5,1.7,-1.7,1.0,-23.9,-15.2,0.0,-24,1
TM,TEAM_CR,428,1242407,0.0,1.7,1.7,-1.7,0.5,-23.1,-15.3,0.0,-23,1
TM,TEAM_CR,429,1242446,0.0,1.7,1.7,-1.7,-0.7,-20.6,-15.4,0.0,-21,1
TM,ADCS_MODE,MANUAL,ADCS_REFERENCE,SUN,TARGET,0.00,POINTING_ERROR,-32.35,SUN_ERROR,-32.36,MAG_ERROR,-176.99,GYRO_Z,0.108,RW_CMD,0
TM,EST_RAW,32.36,EST_FILTERED,32.36,EST_ANGLE,32.35,EST_FILTER,ON,EST_FILTER_TYPE,MOVING_AVERAGE,EST_MA_WINDOW,1,EST_FILTER_STRENGTH,0.35
TM,EST_FUSION,ON,EST_GYRO_WEIGHT,0.98,EST_VALID,1
TM,TEAM_CR,430,1242487,0.0,1.8,1.6,-1.6,-1.2,-19.6,-15.4,0.0,-20,1
TM,TEAM_CR,431,1242527,0.0,1.5,1.6,-1.6,-0.8,-20.2,-15.5,0.0,-20,1
TM,TEAM_CR,432,1242567,0.0,2.0,1.6,-1.6,-0.6,-20.7,-15.5,0.0,-21,1
TM,TEAM_CR,433,1242607,0.0,1.9,1.6,-1.6,0.0,-21.9,-15.6,0.0,-22,1
TM,TEAM_CR,434,1242647,0.0,2.2,1.6,-1.6,1.3,-24.9,-15.7,0.0,-25,1
TM,TEAM_CR,435,1242697,0.0,2.3,1.7,-1.7,1.2,-25.1,-15.7,0.0,-25,1
TM,TEAM_CR,436,1242737,0.0,2.1,1.7,-1.7,0.0,-22.8,-15.8,0.0,-23,1
TM,TEAM_CR,437,1242777,0.0,2.3,1.7,-1.7,-0.8,-21.2,-15.9,0.0,-21,1
TM,SUN_L,3600,SUN_R,3223,SUN_NDV,0.0553,SUN_ANGLE,32.31
TM,MAG_X,-8.21,MAG_Y,0.43,MAG_Z,-18.91,MAG_HEADING,176.99
TM,GYRO_X,-1.111,GYRO_Y,-2.240,GYRO_Z,-0.067,BODY_RATE,0.067
TM,TEAM_CR,438,1242817,0.0,2.4,1.7,-1.7,-1.1,-20.7,-16.0,0.0,-21,1
TM,TEAM_CR,439,1242866,0.0,2.4,1.7,-1.7,-1.0,-20.9,-16.0,0.0,-21,1
TM,TEAM_CR,440,1242906,0.0,2.2,1.7,-1.7,-0.2,-22.6,-16.1,0.0,-23,1
TM,TEAM_CR,441,1242946,0.0,2.1,1.8,-1.8,1.1,-25.4,-16.2,0.0,-25,1
TM,TEAM_CR,442,1242986,0.0,2.2,1.8,-1.8,0.9,-25.2,-16.2,0.0,-25,1
TM,TEAM_CR,443,1243026,0.0,2.2,1.8,-1.8,0.5,-24.7,-16.3,0.0,-25,1
TM,TEAM_CR,444,1243066,0.0,2.2,1.8,-1.8,-0.7,-22.3,-16.4,0.0,-22,1
TM,TEAM_CR,445,1243106,0.0,2.3,1.8,-1.8,-1.1,-21.5,-16.5,0.0,-22,1
TM,TEAM_CR,446,1243146,0.0,2.3,1.8,-1.8,-1.1,-21.6,-16.5,0.0,-22,1
TM,TEAM_CR,447,1243196,0.0,1.9,1.8,-1.8,-0.2,-23.3,-16.6,0.0,-23,1
TM,TEAM_CR,448,1243236,0.0,2.1,1.8,-1.8,1.0,-26.1,-16.7,0.0,-26,1
TM,TEAM_CR,449,1243286,0.0,2.0,1.9,-1.9,0.6,-25.6,-16.7,0.0,-26,1
TM,TEAM_CR,450,1243326,0.0,2.3,1.9,-1.9,-0.4,-23.6,-16.8,0.0,-24,1
TM,TEAM_CR,451,1243366,0.0,2.3,1.9,-1.9,-0.6,-23.2,-16.9,0.0,-23,1
TM,TEAM_CR,452,1243406,0.0,2.2,1.9,-1.9,-0.7,-23.0,-17.0,0.0,-23,1
TM,TEAM_CR,453,1243446,0.0,2.0,1.9,-1.9,-0.4,-23.8,-17.0,0.0,-24,1
TM,ADCS_MODE,MANUAL,ADCS_REFERENCE,SUN,TARGET,0.00,POINTING_ERROR,-32.34,SUN_ERROR,-32.33,MAG_ERROR,-177.00,GYRO_Z,0.038,RW_CMD,0
TM,EST_RAW,32.33,EST_FILTERED,32.33,EST_ANGLE,32.34,EST_FILTER,ON,EST_FILTER_TYPE,MOVING_AVERAGE,EST_MA_WINDOW,1,EST_FILTER_STRENGTH,0.35
TM,EST_FUSION,ON,EST_GYRO_WEIGHT,0.98,EST_VALID,1
TM,TEAM_CR,454,1243486,0.0,2.0,1.9,-1.9,0.0,-24.5,-17.1,0.0,-25,1
TM,TEAM_CR,455,1243526,0.0,2.3,1.9,-1.9,0.6,-26.0,-17.2,0.0,-26,1
TM,TEAM_CR,456,1243566,0.0,2.2,1.9,-1.9,0.4,-25.8,-17.3,0.0,-26,1
TM,SUN_L,3599,SUN_R,3225,SUN_NDV,0.0548,SUN_ANGLE,32.32
TM,MAG_X,-8.24,MAG_Y,0.43,MAG_Z,-18.67,MAG_HEADING,177.00
TM,GYRO_X,-0.989,GYRO_Y,-2.284,GYRO_Z,0.379,BODY_RATE,-0.379
TM,TEAM_CR,457,1243606,0.0,2.1,1.9,-1.9,-0.6,-23.9,-17.3,0.0,-25,1
TM,TEAM_CR,458,1243646,0.0,2.4,1.9,-1.9,-1.0,-23.2,-17.4,0.0,-23,1
TM,TEAM_CR,459,1243687,0.0,2.3,1.9,-1.9,-0.8,-23.4,-17.5,0.0,-23,1
TM,TEAM_CR,460,1243726,0.0,1.9,1.9,-1.9,-0.4,-24.4,-17.6,0.0,-24,1
TM,TEAM_CR,461,1243766,0.0,2.0,1.9,-1.9,0.8,-26.8,-17.7,0.0,-27,1
TM,TEAM_CR,462,1243806,0.0,1.9,1.9,-1.9,0.8,-27.1,-17.7,0.0,-27,1
TM,TEAM_CR,463,1243846,0.0,2.0,1.9,-1.9,0.2,-26.1,-17.8,0.0,-26,1
TM,TEAM_CR,464,1243886,0.0,2.0,1.9,-1.9,-0.6,-24.3,-17.9,0.0,-24,1
TM,TEAM_CR,465,1243930,0.0,2.2,1.9,-1.9,-0.5,-24.7,-18.0,0.0,-25,1
TM,TEAM_CR,466,1243970,0.0,2.2,1.9,-1.9,-0.5,-24.6,-18.0,0.0,-25,1
TM,TEAM_CR,467,1244010,0.0,1.9,1.9,-1.9,0.4,-26.5,-18.1,0.0,-27,1
TM,TEAM_CR,468,1244050,0.0,2.2,1.9,-1.9,0.5,-26.8,-18.2,0.0,-27,1
TM,TEAM_CR,469,1244090,0.0,2.1,1.9,-1.9,0.1,-26.2,-18.3,0.0,-26,1
TM,TEAM_CR,470,1244130,0.0,2.1,1.9,-1.9,-0.6,-25.0,-18.3,0.0,-25,1
TM,TEAM_CR,471,1244181,0.0,2.0,1.9,-1.9,-0.5,-24.9,-18.4,0.0,-25,1
TM,TEAM_CR,472,1244220,0.0,2.0,1.9,-1.9,-0.3,-25.4,-18.5,0.0,-25,1
TM,TEAM_CR,473,1244268,0.0,2.2,1.9,-1.9,0.5,-27.3,-18.6,0.0,-27,1
TM,TEAM_CR,474,1244308,0.0,2.2,1.9,-1.9,0.4,-27.2,-18.6,0.0,-27,1
TM,TEAM_CR,475,1244348,0.0,2.1,1.9,-1.9,-0.2,-26.1,-18.7,0.0,-27,1
TM,SUN_L,3600,SUN_R,3225,SUN_NDV,0.0549,SUN_ANGLE,32.38
TM,MAG_X,-8.16,MAG_Y,0.34,MAG_Z,-18.67,MAG_HEADING,177.64
TM,GYRO_X,-1.067,GYRO_Y,-2.293,GYRO_Z,0.073,BODY_RATE,-0.073
TM,TEAM_CR,476,1244388,0.0,2.2,1.9,-1.9,-0.9,-24.6,-18.8,0.0,-25,1
TM,ADCS_MODE,MANUAL,ADCS_REFERENCE,SUN,TARGET,0.00,POINTING_ERROR,-32.33,SUN_ERROR,-32.11,MAG_ERROR,-177.64,GYRO_Z,0.064,RW_CMD,0
TM,EST_RAW,32.11,EST_FILTERED,32.11,EST_ANGLE,32.33,EST_FILTER,ON,EST_FILTER_TYPE,MOVING_AVERAGE,EST_MA_WINDOW,1,EST_FILTER_STRENGTH,0.35
TM,EST_FUSION,ON,EST_GYRO_WEIGHT,0.98,EST_VALID,1
TM,TEAM_CR,477,1244431,0.0,2.0,1.9,-1.9,-0.6,-25.2,-18.9,0.0,-25,1
TM,TEAM_CR,478,1244471,0.0,1.9,1.9,-1.9,-0.4,-25.7,-19.0,0.0,-26,1
TM,TEAM_CR,479,1244511,0.0,1.9,1.9,-1.9,0.5,-27.6,-19.0,0.0,-28,1
TM,TEAM_CR,480,1244551,0.0,2.2,1.9,-1.9,0.1,-27.0,-19.1,0.0,-27,1
TM,TEAM_CR,481,1244592,0.0,1.7,1.9,-1.9,-0.5,-25.7,-19.2,0.0,-26,1
TM,TEAM_CR,482,1244632,0.0,2.0,1.9,-1.9,-0.9,-25.0,-19.3,0.0,-25,1
TM,TEAM_CR,483,1244682,0.0,1.7,1.8,-1.8,-0.6,-25.6,-19.3,0.0,-26,1
TM,TEAM_CR,484,1244722,0.0,2.0,1.8,-1.8,0.3,-27.3,-19.4,0.0,-27,1
TM,TEAM_CR,485,1244762,0.0,1.8,1.9,-1.9,0.6,-47.9,-19.5,-19.6,-39,1
TM,TEAM_CR,486,1244802,0.0,1.9,1.8,-1.8,-1.8,-42.8,-19.6,-19.2,-46,1
TM,TEAM_CR,487,1244855,0.0,2.0,1.6,-1.6,-4.4,-36.3,-19.6,-18.8,-37,1
TM,TEAM_CR,488,1244901,0.0,1.7,1.4,-1.4,-6.2,-31.4,-19.7,-18.5,-32,1
TM,TEAM_CR,489,1244952,0.0,1.3,1.1,-1.1,-6.0,-30.2,-19.7,-18.1,-30,1
TM,TEAM_CR,490,1244992,0.0,1.1,0.8,-0.8,-5.9,-29.3,-19.8,-17.7,-29,1
TM,TEAM_CR,491,1245032,0.0,1.0,0.6,-0.6,-6.8,-26.1,-19.8,-17.4,-27,1
TM,TEAM_CR,492,1245074,0.0,0.6,0.3,-0.3,-7.2,-37.0,-19.8,-17.0,-37,1
TM,TEAM_CR,493,1245114,0.0,0.2,0.0,0.0,-8.4,-36.7,-19.8,-16.7,-37,1
TM,SUN_L,3600,SUN_R,3225,SUN_NDV,0.0549,SUN_ANGLE,32.27
TM,MAG_X,-8.13,MAG_Y,0.38,MAG_Z,-18.67,MAG_HEADING,177.30
TM,GYRO_X,-0.928,GYRO_Y,-2.170,GYRO_Z,-0.207,BODY_RATE,0.207
TM,TEAM_CR,494,1245154,0.0,0.1,-0.4,0.4,-9.8,-36.3,-19.8,-16.4,-36,1
TM,TEAM_CR,495,1245202,0.0,-0.5,-0.9,0.9,-10.2,-12.2,-19.8,-16.1,-25,1
TM,TEAM_CR,496,1245242,0.0,-1.1,-1.3,1.3,-10.7,-9.0,-19.7,-15.7,-9,1
TM,TEAM_CR,497,1245293,0.0,-1.3,-1.7,1.7,-8.0,-12.5,-19.6,-15.4,-12,1
TM,TEAM_CR,498,1245333,0.0,-1.5,-2.0,2.0,-6.4,-14.2,-19.6,-15.1,-14,1
TM,TEAM_CR,499,1245373,0.0,-1.6,-2.1,2.1,-4.0,-18.0,-19.5,-14.8,-18,1
TM,ADCS_MODE,MANUAL,ADCS_REFERENCE,SUN,TARGET,0.00,POINTING_ERROR,-32.32,SUN_ERROR,-32.29,MAG_ERROR,-177.30,GYRO_Z,-0.085,RW_CMD,0
TM,EST_RAW,32.29,EST_FILTERED,32.29,EST_ANGLE,32.32,EST_FILTER,ON,EST_FILTER_TYPE,MOVING_AVERAGE,EST_MA_WINDOW,1,EST_FILTER_STRENGTH,0.35
TM,EST_FUSION,ON,EST_GYRO_WEIGHT,0.98,EST_VALID,1
TM,TEAM_CR,500,1245413,0.0,-1.8,-2.2,2.2,-2.3,-20.6,-19.4,-14.5,-21,1
TM,TEAM_CR,501,1245453,0.0,-1.7,-2.3,2.3,-1.5,-21.6,-19.3,-14.2,-22,1
TM,TEAM_CR,502,1245494,0.0,-1.6,-2.2,2.2,0.3,-24.9,-19.2,-14.0,-25,1
TM,TEAM_CR,503,1245534,0.0,-1.7,-2.2,2.2,-0.1,-23.9,-19.1,-13.7,-24,1
TM,TEAM_CR,504,1245573,0.0,-1.6,-2.2,2.2,-0.1,-23.7,-19.0,-13.4,-24,1
TM,TEAM_CR,505,1245613,0.0,-1.6,-2.2,2.2,0.0,-23.6,-19.0,-13.1,-24,1
TM,TEAM_CR,506,1245653,0.0,-1.6,-2.2,2.2,-0.3,-22.7,-18.9,-12.9,-23,1
TM,TEAM_CR,507,1245693,0.0,-1.7,-2.1,2.1,0.1,-23.2,-18.8,-12.6,-23,1
TM,TEAM_CR,508,1245733,0.0,-1.6,-2.1,2.1,0.0,-22.6,-18.7,-12.4,-23,1
TM,TEAM_CR,509,1245773,0.0,-1.7,-2.1,2.1,0.1,-22.7,-18.6,-12.1,-23,1
TM,TEAM_CR,510,1245813,0.0,-1.7,-2.1,2.1,-0.1,-21.9,-18.5,-11.9,-22,1
TM,TEAM_CR,511,1245853,0.0,-1.7,-2.1,2.1,-0.1,-21.6,-18.4,-11.7,-22,1
TM,SUN_L,3600,SUN_R,3225,SUN_NDV,0.0549,SUN_ANGLE,32.32
TM,MAG_X,-8.27,MAG_Y,0.37,MAG_Z,-18.78,MAG_HEADING,177.45
TM,GYRO_X,-1.059,GYRO_Y,-2.345,GYRO_Z,-0.041,BODY_RATE,0.041
TM,TEAM_CR,512,1245893,0.0,-1.6,-2.1,2.1,0.0,-21.6,-18.4,-11.4,-22,1
TM,TEAM_CR,513,1245938,0.0,-1.7,-2.1,2.1,-0.2,-21.0,-18.3,-11.2,-21,1
TM,TEAM_CR,514,1245978,0.0,-1.7,-2.0,2.0,-0.3,-20.6,-18.2,-11.0,-21,1
TM,TEAM_CR,515,1246019,0.0,-1.6,-2.0,2.0,-0.1,-20.6,-18.1,-10.8,-21,1
TM,TEAM_CR,516,1246058,0.0,-1.7,-2.0,2.0,-0.2,-20.2,-18.0,-10.5,-20,1
TM,TEAM_CR,517,1246098,0.0,-1.7,-2.0,2.0,0.0,-20.3,-18.0,-10.3,-20,1
TM,TEAM_CR,518,1246138,0.0,-1.6,-2.0,2.0,0.2,-20.4,-17.9,-10.1,-20,1
TM,TEAM_CR,519,1246188,0.0,-1.7,-2.0,2.0,-0.2,-19.5,-17.8,-9.9,-20,1
TM,TEAM_CR,520,1246229,0.0,-1.8,-2.0,2.0,-0.4,-18.9,-17.7,-9.7,-19,1
TM,TEAM_CR,521,1246277,0.0,-1.7,-2.0,2.0,0.1,-19.5,-17.6,-9.5,-19,1
TM,TEAM_CR,522,1246317,0.0,-1.7,-2.0,2.0,-0.1,-19.0,-17.6,-9.4,-19,1
TM,ADCS_MODE,MANUAL,ADCS_REFERENCE,SUN,TARGET,0.00,POINTING_ERROR,-32.33,SUN_ERROR,-32.37,MAG_ERROR,-177.13,GYRO_Z,0.003,RW_CMD,0
TM,EST_RAW,32.37,EST_FILTERED,32.37,EST_ANGLE,32.33,EST_FILTER,ON,EST_FILTER_TYPE,MOVING_AVERAGE,EST_MA_WINDOW,1,EST_FILTER_STRENGTH,0.35
TM,EST_FUSION,ON,EST_GYRO_WEIGHT,0.98,EST_VALID,1
TM,TEAM_CR,523,1246357,0.0,-1.8,-1.9,1.9,0.2,-19.4,-17.5,-9.2,-19,1
TM,TEAM_CR,524,1246397,0.0,-1.6,-1.9,1.9,-0.2,-18.3,-17.4,-9.0,-18,1
TM,TEAM_CR,525,1246438,0.0,-1.8,-1.9,1.9,0.0,-18.4,-17.3,-8.8,-18,1
TM,TEAM_CR,526,1246477,0.0,-1.7,-1.9,1.9,0.1,-18.5,-17.2,-8.6,-18,1
TM,TEAM_CR,527,1246518,0.0,-1.6,-1.9,1.9,0.3,-18.6,-17.2,-8.5,-19,1
TM,TEAM_CR,528,1246557,0.0,-1.7,-1.9,1.9,0.3,-18.6,-17.1,-8.3,-19,1
TM,TEAM_CR,529,1246597,0.0,-1.6,-1.9,1.9,-0.2,-17.4,-17.0,-8.1,-17,1
TM,SUN_L,3601,SUN_R,3224,SUN_NDV,0.0552,SUN_ANGLE,32.24
TM,MAG_X,-8.06,MAG_Y,0.45,MAG_Z,-18.50,MAG_HEADING,176.82
TM,GYRO_X,-1.129,GYRO_Y,-2.231,GYRO_Z,-0.023,BODY_RATE,0.023
TM,TEAM_CR,530,1246637,0.0,-1.7,-1.9,1.9,0.1,-17.6,-16.9,-8.0,-18,1
TM,TEAM_CR,531,1246677,0.0,-1.8,-1.9,1.9,0.0,-17.3,-16.9,-7.8,-17,1
TM,TEAM_CR,532,1246717,0.0,-1.6,-1.8,1.8,0.5,-18.2,-16.8,-7.7,-18,1
TM,TEAM_CR,533,1246757,0.0,-1.6,-1.8,1.8,0.4,-17.8,-16.7,-7.5,-18,1
TM,TEAM_CR,534,1246797,0.0,-1.5,-1.8,1.8,-0.4,-16.0,-16.6,-7.4,-16,1
TM,TEAM_CR,535,1246837,0.0,-1.6,-1.8,1.8,0.0,-16.6,-16.6,-7.2,-17,1
TM,TEAM_CR,536,1246878,0.0,-1.7,-1.8,1.8,0.1,-16.5,-16.5,-7.1,-17,1
TM,TEAM_CR,537,1246918,0.0,-1.5,-1.8,1.8,0.7,-17.6,-16.4,-6.9,-18,1
TM,TEAM_CR,538,1246962,0.0,-1.7,-1.8,1.8,0.3,-16.8,-16.4,-6.8,-17,1
TM,TEAM_CR,539,1247002,0.0,-1.7,-1.8,1.8,0.0,-15.9,-16.3,-6.7,-16,1
TM,TEAM_CR,540,1247042,0.0,-1.7,-1.8,1.8,-0.1,-15.5,-16.2,-6.5,-16,1
TM,TEAM_CR,541,1247082,0.0,-1.8,-1.8,1.8,0.4,-16.4,-16.1,-6.4,-16,1
TM,TEAM_CR,542,1247122,0.0,-1.6,-1.7,1.7,0.6,-16.7,-16.1,-6.3,-17,1
TM,TEAM_CR,543,1247162,0.0,-1.7,-1.7,1.7,0.0,-15.3,-16.0,-6.1,-16,1
TM,TEAM_CR,544,1247212,0.0,-1.7,-1.7,1.7,0.3,-15.8,-15.9,-6.0,-16,1
TM,TEAM_CR,545,1247253,0.0,-1.8,-1.7,1.7,-0.1,-14.8,-15.9,-5.9,-15,1
TM,ADCS_MODE,MANUAL,ADCS_REFERENCE,SUN,TARGET,0.00,POINTING_ERROR,-32.34,SUN_ERROR,-32.28,MAG_ERROR,-177.32,GYRO_Z,0.117,RW_CMD,0
TM,EST_RAW,32.28,EST_FILTERED,32.28,EST_ANGLE,32.34,EST_FILTER,ON,EST_FILTER_TYPE,MOVING_AVERAGE,EST_MA_WINDOW,1,EST_FILTER_STRENGTH,0.35
TM,EST_FUSION,ON,EST_GYRO_WEIGHT,0.98,EST_VALID,1
TM,TEAM_CR,546,1247300,0.0,-1.7,-1.7,1.7,0.6,-16.1,-15.8,-5.8,-16,1
TM,TEAM_CR,547,1247340,0.0,-1.7,-1.7,1.7,0.5,-15.8,-15.7,-5.7,-16,1
TM,SUN_L,3601,SUN_R,3224,SUN_NDV,0.0552,SUN_ANGLE,32.27
TM,MAG_X,-8.21,MAG_Y,0.38,MAG_Z,-18.74,MAG_HEADING,177.32
TM,GYRO_X,-1.225,GYRO_Y,-2.319,GYRO_Z,0.038,BODY_RATE,-0.038
TM,TEAM_CR,548,1247380,0.0,-1.7,-1.7,1.7,-0.1,-14.5,-15.7,-5.6,-14,1
TM,TEAM_CR,549,1247420,0.0,-1.7,-1.7,1.7,-0.2,-14.0,-15.6,-5.5,-14,1
TM,TEAM_CR,550,1247463,0.0,-1.7,-1.7,1.7,1.0,-16.3,-15.5,-5.3,-16,1
TM,TEAM_CR,551,1247502,0.0,-1.6,-1.6,1.6,0.9,-16.1,-15.5,-5.2,-16,1
TM,TEAM_CR,552,1247542,0.0,-1.7,-1.6,1.6,0.2,-14.5,-15.4,-5.1,-15,1
TM,TEAM_CR,553,1247582,0.0,-1.6,-1.6,1.6,0.3,-14.6,-15.3,-5.0,-15,1
TM,TEAM_CR,554,1247622,0.0,-1.7,-1.6,1.6,0.1,-14.0,-15.3,-4.9,-14,1
TM,TEAM_CR,555,1247662,0.0,-1.7,-1.6,1.6,0.6,-14.9,-15.2,-4.8,-15,1
TM,TEAM_CR,556,1247712,0.0,-1.7,-1.6,1.6,0.5,-14.6,-15.2,-4.7,-15,1
TM,TEAM_CR,557,1247752,0.0,-1.7,-1.6,1.6,0.0,-13.5,-15.1,-4.6,-14,1
TM,TEAM_CR,558,1247792,0.0,-1.6,-1.6,1.6,0.1,-13.6,-15.0,-4.6,-14,1
TM,TEAM_CR,559,1247832,0.0,-1.6,-1.6,1.6,0.6,-14.5,-15.0,-4.5,-15,1
TM,TEAM_CR,560,1247881,0.0,-1.6,-1.5,1.5,0.8,-14.8,-14.9,-4.4,-15,1
TM,TEAM_CR,561,1247921,0.0,-1.7,-1.5,1.5,0.2,-13.4,-14.8,-4.3,-13,1
TM,TEAM_CR,562,1247962,0.0,-1.7,-1.5,1.5,0.4,-13.9,-14.8,-4.2,-14,1
TM,TEAM_CR,563,1248002,0.0,-1.6,-1.5,1.5,1.1,-15.2,-14.7,-4.1,-15,1
TM,TEAM_CR,564,1248042,0.0,-1.7,-1.4,1.4,1.2,-15.3,-14.7,-4.0,-15,1
TM,TEAM_CR,565,1248082,0.0,-1.6,-1.4,1.4,0.7,-14.3,-14.6,-4.0,-15,1
TM,TEAM_CR,566,1248122,0.0,-1.6,-1.4,1.4,0.7,-14.3,-14.6,-3.9,-14,1
TM,SUN_L,3602,SUN_R,3225,SUN_NDV,0.0552,SUN_ANGLE,32.50
TM,MAG_X,-8.29,MAG_Y,0.37,MAG_Z,-18.72,MAG_HEADING,177.46
TM,GYRO_X,-1.085,GYRO_Y,-2.275,GYRO_Z,-0.015,BODY_RATE,0.015
TM,TEAM_CR,567,1248162,0.0,-1.7,-1.4,1.4,0.8,-14.4,-14.5,-3.8,-14,1
TM,ADCS_MODE,MANUAL,ADCS_REFERENCE,SUN,TARGET,0.00,POINTING_ERROR,-32.34,SUN_ERROR,-32.21,MAG_ERROR,-177.46,GYRO_Z,-0.128,RW_CMD,0
TM,EST_RAW,32.21,EST_FILTERED,32.21,EST_ANGLE,32.34,EST_FILTER,ON,EST_FILTER_TYPE,MOVING_AVERAGE,EST_MA_WINDOW,1,EST_FILTER_STRENGTH,0.35
TM,EST_FUSION,ON,EST_GYRO_WEIGHT,0.98,EST_VALID,1
TM,TEAM_CR,568,1248213,0.0,-1.5,-1.3,1.3,1.5,-16.0,-14.4,-3.7,-16,1
TM,TEAM_CR,569,1248253,0.0,-1.5,-1.3,1.3,1.0,-14.9,-14.4,-3.7,-15,1
TM,TEAM_CR,570,1248302,0.0,-1.5,-1.3,1.3,0.3,-13.5,-14.3,-3.6,-13,1
TM,TEAM_CR,571,1248341,0.0,-1.6,-1.3,1.3,0.1,-13.0,-14.3,-3.5,-13,1
TM,TEAM_CR,572,1248381,0.0,-1.5,-1.3,1.3,0.9,-14.5,-14.2,-3.4,-15,1
TM,TEAM_CR,573,1248421,0.0,-1.5,-1.2,1.2,0.8,-14.2,-14.2,-3.4,-14,1
TM,TEAM_CR,574,1248462,0.0,-1.4,-1.2,1.2,0.2,-13.0,-14.1,-3.3,-13,1
TM,TEAM_CR,575,1248502,0.0,-1.4,-1.2,1.2,0.4,-17.4,-14.1,-3.2,-17,3
TM,TEAM_CR,576,1248542,0.0,-1.6,-1.2,1.2,0.6,-17.3,-14.1,-3.2,-17,3
TM,TEAM_CR,577,1248582,0.0,-1.5,-1.2,1.2,0.8,-17.3,-14.1,-3.1,-17,3
TM,TEAM_CR,578,1248622,0.0,-1.5,-1.2,1.2,0.3,-17.2,-14.1,-3.1,-17,3
TM,TEAM_CR,579,1248662,0.0,-1.4,-1.2,1.2,0.2,-17.2,-14.1,-3.0,-17,3
TM,TEAM_CR,580,1248714,0.0,-1.4,-1.2,1.2,0.1,-17.1,-14.1,-2.9,-17,3
TM,TEAM_CR,581,1248754,0.0,-1.4,-1.2,1.2,0.6,-17.0,-14.1,-2.9,-17,3
TM,TEAM_CR,582,1248794,0.0,-1.4,-1.2,1.2,0.3,-17.0,-14.1,-2.8,-17,3
TM,TEAM_CR,583,1248834,0.0,-1.3,-1.2,1.2,0.2,-16.9,-14.1,-2.8,-17,3
TM,TEAM_CR,584,1248881,0.0,-1.4,-1.2,1.2,-0.1,-16.9,-14.1,-2.7,-17,3
TM,SUN_L,3599,SUN_R,3224,SUN_NDV,0.0550,SUN_ANGLE,32.29
TM,MAG_X,-8.37,MAG_Y,0.45,MAG_Z,-18.69,MAG_HEADING,176.94
TM,GYRO_X,-0.936,GYRO_Y,-2.135,GYRO_Z,-0.093,BODY_RATE,0.093
TM,TEAM_CR,585,1248921,0.0,-1.5,-1.2,1.2,0.7,-16.8,-14.1,-2.7,-17,3
TM,TEAM_CR,586,1248962,0.0,-1.4,-1.2,1.2,0.8,-16.8,-14.1,-2.6,-17,3
TM,TEAM_CR,587,1249002,0.0,-1.4,-1.2,1.2,0.0,-16.7,-14.1,-2.5,-17,3
TM,TEAM_CR,588,1249042,0.0,-1.3,-1.2,1.2,-0.3,-16.7,-14.1,-2.5,-17,3
TM,TEAM_CR,589,1249082,0.0,-1.3,-1.2,1.2,0.4,-16.6,-14.1,-2.4,-17,3
TM,TEAM_CR,590,1249123,0.0,-1.2,-1.1,1.1,0.7,-16.6,-14.1,-2.4,-17,3
TM,ADCS_MODE,MANUAL,ADCS_REFERENCE,SUN,TARGET,0.00,POINTING_ERROR,-32.34,SUN_ERROR,-32.38,MAG_ERROR,-176.94,GYRO_Z,-0.163,RW_CMD,0
TM,EST_RAW,32.38,EST_FILTERED,32.38,EST_ANGLE,32.34,EST_FILTER,ON,EST_FILTER_TYPE,MOVING_AVERAGE,EST_MA_WINDOW,1,EST_FILTER_STRENGTH,0.35
TM,EST_FUSION,ON,EST_GYRO_WEIGHT,0.98,EST_VALID,1
TM,TEAM_CR,591,1249162,0.0,-1.3,-1.1,1.1,0.0,-16.5,-14.1,-2.4,-17,3
TM,TEAM_CR,592,1249213,0.0,-1.4,-1.2,1.2,-0.2,-16.5,-14.1,-2.3,-16,3
TM,TEAM_CR,593,1249253,0.0,-1.3,-1.2,1.2,0.5,-16.4,-14.1,-2.3,-16,3
TM,TEAM_CR,594,1249301,0.0,-1.5,-1.1,1.1,0.6,-16.4,-14.1,-2.2,-16,3
TM,TEAM_CR,595,1249341,0.0,-1.4,-1.1,1.1,0.4,-16.3,-14.1,-2.2,-16,3
TM,TEAM_CR,596,1249381,0.0,-1.3,-1.1,1.1,0.1,-16.3,-14.1,-2.1,-16,3
TM,TEAM_CR,597,1249421,0.0,-1.4,-1.2,1.2,-0.2,-16.2,-14.1,-2.1,-16,3
TM,TEAM_CR,598,1249463,0.0,-1.3,-1.1,1.1,0.3,-16.2,-14.1,-2.0,-16,3
TM,TEAM_CR,599,1249503,0.0,-1.4,-1.1,1.1,0.0,-16.2,-14.1,-2.0,-16,3
TM,TEAM_CR,600,1249543,0.0,-1.2,-1.1,1.1,0.0,-16.1,-14.1,-2.0,-16,3
TM,TEAM_CR,601,1249583,0.0,-1.3,-1.2,1.2,-0.6,-16.1,-14.1,-1.9,-16,3
TM,TEAM_CR,602,1249623,0.0,-1.3,-1.2,1.2,0.3,-16.0,-14.1,-1.9,-16,3
TM,SUN_L,3601,SUN_R,3224,SUN_NDV,0.0552,SUN_ANGLE,32.33
TM,MAG_X,-8.35,MAG_Y,0.40,MAG_Z,-18.90,MAG_HEADING,177.26
TM,GYRO_X,-0.718,GYRO_Y,-2.371,GYRO_Z,-0.146,BODY_RATE,0.146
TM,TEAM_CR,603,1249663,0.0,-1.3,-1.2,1.2,0.4,-16.0,-14.1,-1.9,-16,3
TM,TEAM_CR,604,1249713,0.0,-1.3,-1.2,1.2,0.0,-16.0,-14.1,-1.8,-16,3
TM,TEAM_CR,605,1249753,0.0,-1.2,-1.2,1.2,-0.5,-15.9,-14.1,-1.8,-16,3
TM,TEAM_CR,606,1249793,0.0,-1.3,-1.2,1.2,0.7,-15.9,-14.1,-1.7,-16,3
TM,TEAM_CR,607,1249833,0.0,-1.3,-1.2,1.2,0.5,-15.9,-14.1,-1.7,-16,3
TM,TEAM_CR,608,1249881,0.0,-1.3,-1.2,1.2,-0.1,-15.8,-14.1,-1.7,-16,3
TM,TEAM_CR,609,1249921,0.0,-1.3,-1.2,1.2,-0.5,-15.8,-14.1,-1.6,-16,3
TM,TEAM_CR,610,1249964,0.0,-1.2,-1.2,1.2,0.6,-15.8,-14.1,-1.6,-16,3
TM,TEAM_CR,611,1250004,0.0,-1.4,-1.2,1.2,0.5,-15.7,-14.1,-1.6,-16,3
TM,TEAM_CR,612,1250044,0.0,-1.1,-1.1,1.1,0.2,-15.7,-14.1,-1.5,-16,3
TM,TEAM_CR,613,1250085,0.0,-1.1,-1.2,1.2,-0.6,-15.7,-14.1,-1.5,-16,3
TM,ADCS_MODE,MANUAL,ADCS_REFERENCE,SUN,TARGET,0.00,POINTING_ERROR,-32.36,SUN_ERROR,-32.41,MAG_ERROR,-176.51,GYRO_Z,-0.015,RW_CMD,0
TM,EST_RAW,32.41,EST_FILTERED,32.41,EST_ANGLE,32.36,EST_FILTER,ON,EST_FILTER_TYPE,MOVING_AVERAGE,EST_MA_WINDOW,1,EST_FILTER_STRENGTH,0.35
TM,EST_FUSION,ON,EST_GYRO_WEIGHT,0.98,EST_VALID,1
TM,TEAM_CR,614,1250124,0.0,-1.2,-1.2,1.2,0.3,-15.6,-14.1,-1.5,-16,3
TM,TEAM_CR,615,1250164,0.0,-1.2,-1.1,1.1,0.4,-15.6,-14.1,-1.5,-16,3
TM,TEAM_CR,616,1250214,0.0,-1.3,-1.2,1.2,0.0,-15.6,-14.1,-1.4,-16,3
TM,TEAM_CR,617,1250255,0.0,-1.3,-1.2,1.2,-0.5,-15.6,-14.1,-1.4,-16,3
TM,TEAM_CR,618,1250303,0.0,-1.3,-1.2,1.2,0.4,-15.5,-14.1,-1.4,-16,3
TM,TEAM_CR,619,1250343,0.0,-1.4,-1.2,1.2,0.6,-15.5,-14.1,-1.3,-15,3
TM,TEAM_CR,620,1250383,0.0,-1.4,-1.2,1.2,0.4,-15.5,-14.1,-1.3,-15,3
TM,SUN_L,3598,SUN_R,3223,SUN_NDV,0.0550,SUN_ANGLE,32.36
TM,MAG_X,-8.38,MAG_Y,0.51,MAG_Z,-18.98,MAG_HEADING,176.51
TM,GYRO_X,-1.033,GYRO_Y,-2.616,GYRO_Z,-0.356,BODY_RATE,0.356
TM,TEAM_CR,621,1250423,0.0,-1.3,-1.2,1.2,-0.2,-15.4,-14.1,-1.3,-15,3
TM,TEAM_CR,622,1250463,0.0,-1.3,-1.2,1.2,0.0,-15.4,-14.1,-1.3,-15,3
TM,TEAM_CR,623,1250503,0.0,-1.2,-1.2,1.2,0.7,-15.4,-14.1,-1.2,-15,3
TM,TEAM_CR,624,1250543,0.0,-1.3,-1.1,1.1,0.4,-15.4,-14.1,-1.2,-15,3
TM,TEAM_CR,625,1250583,0.0,-1.2,-1.2,1.2,-0.1,-15.3,-14.1,-1.2,-15,3
TM,TEAM_CR,626,1250623,0.0,-1.2,-1.2,1.2,0.0,-15.3,-14.1,-1.2,-15,3
TM,TEAM_CR,627,1250663,0.0,-1.3,-1.1,1.1,0.5,-15.3,-14.1,-1.1,-15,3
TM,TEAM_CR,628,1250703,0.0,-1.3,-1.1,1.1,0.3,-15.3,-14.1,-1.1,-15,3
TM,TEAM_CR,629,1250743,0.0,-1.3,-1.1,1.1,-0.1,-15.3,-14.1,-1.1,-15,3
TM,TEAM_CR,630,1250783,0.0,-1.2,-1.1,1.1,0.1,-15.2,-14.1,-1.1,-15,3
TM,TEAM_CR,631,1250823,0.0,-1.3,-1.1,1.1,0.5,-15.2,-14.1,-1.1,-15,3
TM,TEAM_CR,632,1250863,0.0,-1.1,-1.1,1.1,0.7,-15.2,-14.1,-1.0,-15,3
TM,TEAM_CR,633,1250903,0.0,-1.3,-1.1,1.1,0.2,-15.2,-14.1,-1.0,-15,3
TM,TEAM_CR,634,1250948,0.0,-1.3,-1.1,1.1,-0.1,-15.1,-14.1,-1.0,-15,3
TM,TEAM_CR,635,1250989,0.0,-1.2,-1.1,1.1,0.7,-15.1,-14.1,-1.0,-15,3
TM,TEAM_CR,636,1251028,0.0,-1.3,-1.1,1.1,0.6,-15.1,-14.1,-1.0,-15,3
TM,ADCS_MODE,MANUAL,ADCS_REFERENCE,SUN,TARGET,0.00,POINTING_ERROR,-32.36,SUN_ERROR,-32.46,MAG_ERROR,-176.61,GYRO_Z,0.047,RW_CMD,0
TM,EST_RAW,32.46,EST_FILTERED,32.46,EST_ANGLE,32.36,EST_FILTER,ON,EST_FILTER_TYPE,MOVING_AVERAGE,EST_MA_WINDOW,1,EST_FILTER_STRENGTH,0.35
TM,EST_FUSION,ON,EST_GYRO_WEIGHT,0.98,EST_VALID,1
TM,TEAM_CR,637,1251068,0.0,-1.2,-1.1,1.1,0.3,-15.1,-14.1,-0.9,-15,3
TM,TEAM_CR,638,1251108,0.0,-1.1,-1.1,1.1,-0.2,-15.1,-14.1,-0.9,-15,3
TM,SUN_L,3601,SUN_R,3226,SUN_NDV,0.0549,SUN_ANGLE,32.34
TM,MAG_X,-8.37,MAG_Y,0.50,MAG_Z,-18.99,MAG_HEADING,176.61
TM,GYRO_X,-3.465,GYRO_Y,-2.503,GYRO_Z,10.197,BODY_RATE,-10.197
TM,TEAM_CR,639,1251148,0.0,-1.3,-1.1,1.1,0.3,-15.1,-14.1,-0.9,-15,3
TM,TEAM_CR,640,1251198,0.0,-1.2,-1.1,1.1,0.5,-15.0,-14.1,-0.9,-15,3
TM,TEAM_CR,641,1251237,0.0,-1.3,-1.1,1.1,0.0,-15.0,-14.1,-0.9,-15,3
TM,TEAM_CR,642,1251285,0.0,-1.2,-1.1,1.1,-0.1,-15.0,-14.1,-0.8,-15,3
TM,TEAM_CR,643,1251325,0.0,-1.0,-1.1,1.1,0.5,-15.0,-14.1,-0.8,-15,3
TM,TEAM_CR,644,1251365,0.0,-1.2,-1.0,1.0,0.5,-15.0,-14.1,-0.8,-15,3
TM,TEAM_CR,645,1251405,0.0,-1.2,-1.0,1.0,0.2,-14.9,-14.1,-0.8,-15,3
TM,TEAM_CR,646,1251449,0.0,-1.1,-1.0,1.0,-0.2,-14.9,-14.1,-0.8,-15,3
TM,TEAM_CR,647,1251489,0.0,-1.1,-1.0,1.0,0.3,-14.9,-14.1,-0.8,-15,3
TM,TEAM_CR,648,1251528,0.0,-1.0,-1.0,1.0,0.2,-14.9,-14.1,-0.8,-15,3
TM,TEAM_CR,649,1251568,0.0,-1.2,-1.0,1.0,0.1,-14.9,-14.1,-0.7,-15,3
TM,TEAM_CR,650,1251608,0.0,-1.2,-1.0,1.0,-0.1,-14.9,-14.1,-0.7,-15,3
TM,TEAM_CR,651,1251648,0.0,-0.9,-1.0,1.0,-0.1,-14.9,-14.1,-0.7,-15,3
TM,TEAM_CR,652,1251697,0.0,-1.4,-1.0,1.0,0.4,-14.8,-14.1,-0.7,-15,3
TM,TEAM_CR,653,1251737,0.0,-1.1,-1.0,1.0,0.3,-14.8,-14.1,-0.7,-15,3
TM,TEAM_CR,654,1251777,0.0,-1.1,-1.0,1.0,-0.1,-14.8,-14.1,-0.7,-15,3
TM,TEAM_CR,655,1251817,0.0,-1.1,-1.0,1.0,0.3,-14.8,-14.1,-0.7,-15,3
TM,TEAM_CR,656,1251857,0.0,-1.1,-1.0,1.0,0.3,-14.8,-14.1,-0.6,-15,3
TM,TEAM_CR,657,1251906,0.0,-1.2,-1.0,1.0,0.1,-14.8,-14.1,-0.6,-15,3
TM,SUN_L,3638,SUN_R,3334,SUN_NDV,0.0436,SUN_ANGLE,27.47
TM,MAG_X,-10.99,MAG_Y,3.36,MAG_Z,-17.87,MAG_HEADING,163.00
TM,GYRO_X,-8.085,GYRO_Y,-2.170,GYRO_Z,40.043,BODY_RATE,-40.043
TM,TEAM_CR,658,1251948,0.0,-1.1,-1.0,1.0,-0.2,-14.8,-14.1,-0.6,-15,3
TM,ADCS_MODE,MANUAL,ADCS_REFERENCE,SUN,TARGET,0.00,POINTING_ERROR,-25.28,SUN_ERROR,-26.76,MAG_ERROR,-163.00,GYRO_Z,42.965,RW_CMD,0
TM,EST_RAW,26.76,EST_FILTERED,26.76,EST_ANGLE,25.28,EST_FILTER,ON,EST_FILTER_TYPE,MOVING_AVERAGE,EST_MA_WINDOW,1,EST_FILTER_STRENGTH,0.35
TM,EST_FUSION,ON,EST_GYRO_WEIGHT,0.98,EST_VALID,1
TM,TEAM_CR,659,1251989,0.0,-1.1,-1.0,1.0,0.2,-14.8,-14.1,-0.6,-15,3
TM,TEAM_CR,660,1252028,0.0,-1.0,-1.0,1.0,0.4,-14.7,-14.1,-0.6,-15,3
TM,TEAM_CR,661,1252068,0.0,-1.1,-1.0,1.0,0.1,-14.7,-14.1,-0.6,-15,3
TM,TEAM_CR,662,1252108,0.0,-0.8,-1.0,1.0,-0.1,-14.7,-14.1,-0.6,-15,3
TM,TEAM_CR,663,1252148,0.0,-1.1,-1.0,1.0,-0.3,-14.7,-14.1,-0.6,-15,3
TM,TEAM_CR,664,1252197,0.0,-1.0,-1.0,1.0,0.5,-14.7,-14.1,-0.5,-15,3
TM,TEAM_CR,665,1252237,0.0,-1.0,-1.0,1.0,0.1,-14.7,-14.1,-0.5,-15,3
TM,TEAM_CR,666,1252286,0.0,-0.9,-1.0,1.0,0.1,-14.7,-14.1,-0.5,-15,3
TM,TEAM_CR,667,1252327,0.0,-1.1,-1.0,1.0,0.3,-14.7,-14.1,-0.5,-15,3
TM,TEAM_CR,668,1252366,0.0,-1.0,-1.0,1.0,0.2,-14.7,-14.1,-0.5,-15,3
TM,TEAM_CR,669,1252406,0.0,-1.1,-1.0,1.0,0.0,-14.6,-14.1,-0.5,-15,3
TM,TEAM_CR,670,1252448,0.0,-1.0,-1.0,1.0,-0.2,-14.6,-14.1,-0.5,-15,3
TM,TEAM_CR,671,1252488,0.0,-0.9,-1.0,1.0,0.1,-14.6,-14.1,-0.5,-15,3
TM,TEAM_CR,672,1252528,0.0,-1.1,-1.0,1.0,0.4,-14.6,-14.1,-0.5,-15,3
TM,TEAM_CR,673,1252568,0.0,-1.1,-1.0,1.0,0.0,-14.6,-14.1,-0.5,-15,3
TM,TEAM_CR,674,1252608,0.0,-1.0,-1.0,1.0,-0.1,-14.6,-14.1,-0.4,-15,3
TM,TEAM_CR,675,1252648,0.0,-1.1,-1.0,1.0,-0.1,-14.6,-14.1,-0.4,-15,3
TM,SUN_L,3682,SUN_R,3479,SUN_NDV,0.0283,SUN_ANGLE,20.33
TM,MAG_X,-13.66,MAG_Y,7.36,MAG_Z,-16.72,MAG_HEADING,151.69
TM,GYRO_X,-6.204,GYRO_Y,-1.977,GYRO_Z,26.822,BODY_RATE,-26.822
TM,TEAM_CR,676,1252697,0.0,-0.8,-1.0,1.0,0.4,-14.6,-14.1,-0.4,-15,3
TM,TEAM_CR,677,1252737,0.0,-1.1,-1.0,1.0,-0.1,-14.6,-14.1,-0.4,-15,3
TM,TEAM_CR,678,1252777,0.0,-0.9,-1.0,1.0,-0.2,-14.6,-14.1,-0.4,-15,3
TM,TEAM_CR,679,1252817,0.0,-1.0,-1.0,1.0,-0.2,-14.6,-14.1,-0.4,-15,3
TM,TEAM_CR,680,1252857,0.0,-1.0,-1.0,1.0,0.3,-14.5,-14.1,-0.4,-15,3
TM,TEAM_CR,681,1252906,0.0,-0.6,-0.9,0.9,0.2,-14.5,-14.1,-0.4,-15,3
TM,ADCS_MODE,MANUAL,ADCS_REFERENCE,SUN,TARGET,0.00,POINTING_ERROR,-16.35,SUN_ERROR,-18.84,MAG_ERROR,-151.69,GYRO_Z,32.343,RW_CMD,0
TM,EST_RAW,18.84,EST_FILTERED,18.84,EST_ANGLE,16.35,EST_FILTER,ON,EST_FILTER_TYPE,MOVING_AVERAGE,EST_MA_WINDOW,1,EST_FILTER_STRENGTH,0.35
TM,EST_FUSION,ON,EST_GYRO_WEIGHT,0.98,EST_VALID,1
TM,TEAM_CR,682,1252948,0.0,-1.0,-0.9,0.9,0.1,-14.5,-14.1,-0.4,-15,3
TM,TEAM_CR,683,1252987,0.0,-0.9,-0.9,0.9,0.4,-14.5,-14.1,-0.4,-15,3
TM,TEAM_CR,684,1253027,0.0,-1.1,-0.9,0.9,0.6,-14.5,-14.1,-0.4,-15,3
TM,TEAM_CR,685,1253067,0.0,-0.9,-0.9,0.9,0.3,-14.5,-14.1,-0.4,-15,3
TM,TEAM_CR,686,1253107,0.0,-0.8,-0.9,0.9,0.0,-14.5,-14.1,-0.4,-14,3
TM,TEAM_CR,687,1253147,0.0,-1.1,-0.9,0.9,-0.1,-14.5,-14.1,-0.3,-14,3
TM,TEAM_CR,688,1253197,0.0,-1.0,-0.9,0.9,0.5,-14.5,-14.1,-0.3,-14,3
TM,TEAM_CR,689,1253237,0.0,-0.9,-0.9,0.9,0.5,-14.5,-14.1,-0.3,-14,3
TM,TEAM_CR,690,1253286,0.0,-0.9,-0.9,0.9,-0.2,-14.5,-14.1,-0.3,-14,3
TM,TEAM_CR,691,1253326,0.0,-0.6,-0.8,0.8,0.6,-14.5,-14.1,-0.3,-14,3
TM,TEAM_CR,692,1253366,0.0,-0.8,-0.8,0.8,0.7,-14.5,-14.1,-0.3,-14,3
TM,TEAM_CR,693,1253406,0.0,-0.7,-0.8,0.8,0.2,-14.5,-14.1,-0.3,-14,3
TM,SUN_L,3697,SUN_R,3579,SUN_NDV,0.0162,SUN_ANGLE,11.76
TM,MAG_X,-15.30,MAG_Y,10.18,MAG_Z,-15.84,MAG_HEADING,146.37
TM,GYRO_X,-14.394,GYRO_Y,-3.491,GYRO_Z,73.608,BODY_RATE,-73.608
TM,TEAM_CR,694,1253448,0.0,-0.7,-0.8,0.8,0.1,-14.4,-14.1,-0.3,-14,3
TM,TEAM_CR,695,1253487,0.0,-0.8,-0.8,0.8,0.8,-14.4,-14.1,-0.3,-14,3
TM,TEAM_CR,696,1253527,0.0,-0.8,-0.7,0.7,0.7,-14.4,-14.1,-0.3,-14,3
TM,TEAM_CR,697,1253567,0.0,-0.8,-0.7,0.7,0.6,-14.4,-14.1,-0.3,-14,3
TM,TEAM_CR,698,1253607,0.0,-0.7,-0.7,0.7,0.0,-14.4,-14.1,-0.3,-14,3
TM,TEAM_CR,699,1253647,0.0,-0.7,-0.7,0.7,0.4,-14.4,-14.1,-0.3,-14,3
TM,TEAM_CR,700,1253697,0.0,-0.8,-0.7,0.7,0.8,-14.4,-14.1,-0.3,-14,3
TM,TEAM_CR,701,1253737,0.0,-0.6,-0.6,0.6,0.9,-14.4,-14.1,-0.3,-14,3
TM,TEAM_CR,702,1253777,0.0,-0.6,-0.6,0.6,0.2,-14.4,-14.1,-0.3,-14,3
TM,TEAM_CR,703,1253817,0.0,-0.5,-0.6,0.6,1.1,-14.4,-14.1,-0.3,-14,3
TM,TEAM_CR,704,1253857,0.0,-0.4,-0.6,0.6,1.0,-14.4,-14.1,-0.2,-14,3
TM,ADCS_MODE,MANUAL,ADCS_REFERENCE,SUN,TARGET,0.00,POINTING_ERROR,-1.23,SUN_ERROR,-2.81,MAG_ERROR,-135.56,GYRO_Z,45.205,RW_CMD,0
TM,EST_RAW,2.81,EST_FILTERED,2.81,EST_ANGLE,1.23,EST_FILTER,ON,EST_FILTER_TYPE,MOVING_AVERAGE,EST_MA_WINDOW,1,EST_FILTER_STRENGTH,0.35
TM,EST_FUSION,ON,EST_GYRO_WEIGHT,0.98,EST_VALID,1
TM,TEAM_CR,705,1253906,0.0,-0.5,-0.5,0.5,1.1,-14.4,-14.1,-0.2,-14,3
TM,TEAM_CR,706,1253948,0.0,-0.4,-0.5,0.5,0.5,-14.4,-14.1,-0.2,-14,3
TM,TEAM_CR,707,1253988,0.0,-0.3,-0.4,0.4,1.0,-14.4,-14.1,-0.2,-14,3
TM,TEAM_CR,708,1254028,0.0,-0.4,-0.4,0.4,1.9,-14.4,-14.1,-0.2,-14,3
TM,TEAM_CR,709,1254068,0.0,-0.3,-0.3,0.3,1.6,-14.4,-14.1,-0.2,-14,3
TM,TEAM_CR,710,1254109,0.0,-0.3,-0.3,0.3,1.2,-14.4,-14.1,-0.2,-14,3
TM,TEAM_CR,711,1254148,0.0,-0.2,-0.2,0.2,1.4,-14.4,-14.1,-0.2,-14,3
TM,SUN_L,3678,SUN_R,3666,SUN_NDV,0.0016,SUN_ANGLE,-0.56
TM,MAG_X,-17.26,MAG_Y,16.93,MAG_Z,-13.87,MAG_HEADING,135.56
TM,GYRO_X,-7.551,GYRO_Y,-2.529,GYRO_Z,36.237,BODY_RATE,-36.237
TM,TEAM_CR,712,1254198,0.0,0.0,-0.1,0.1,1.5,-14.4,-14.1,-0.2,-14,3
TM,TEAM_CR,713,1254238,0.0,-0.1,-0.1,0.1,0.9,-14.3,-14.1,-0.2,-14,3
TM,TEAM_CR,714,1254286,0.0,-0.1,-0.1,0.1,0.2,-14.3,-14.1,-0.2,-14,3
TM,TEAM_CR,715,1254326,0.0,-0.2,-0.1,0.1,0.5,-14.3,-14.1,-0.2,-14,3
TM,TEAM_CR,716,1254366,0.0,0.0,0.0,0.0,0.6,-14.3,-14.1,-0.2,-14,3
TM,TEAM_CR,717,1254406,0.0,0.0,0.0,0.0,0.1,-14.3,-14.1,-0.2,-14,3
TM,TEAM_CR,718,1254448,0.0,0.0,0.0,0.0,0.2,-14.3,-14.1,-0.2,-14,3
TM,TEAM_CR,719,1254488,0.0,0.2,0.0,0.0,0.3,-14.3,-14.1,-0.2,-14,3
TM,TEAM_CR,720,1254528,0.0,-0.1,0.0,0.0,0.6,-14.3,-14.1,-0.2,-14,3
TM,TEAM_CR,721,1254568,0.0,0.0,0.0,0.0,0.4,-14.3,-14.1,-0.2,-14,3
TM,TEAM_CR,722,1254608,0.0,0.1,0.0,0.0,0.1,-14.3,-14.1,-0.2,-14,3
TM,TEAM_CR,723,1254648,0.0,0.2,0.1,-0.1,0.9,-14.3,-14.1,-0.2,-14,3
TM,TEAM_CR,724,1254698,0.0,0.3,0.1,-0.1,1.2,-14.3,-14.1,-0.2,-14,3
TM,TEAM_CR,725,1254738,0.0,0.3,0.2,-0.2,1.2,-14.3,-14.1,-0.2,-14,3
TM,TEAM_CR,726,1254778,0.0,0.3,0.2,-0.2,1.5,-14.3,-14.1,-0.2,-14,3
TM,TEAM_CR,727,1254818,0.0,0.3,0.3,-0.3,2.1,-14.3,-14.1,-0.2,-14,3
TM,ADCS_MODE,MANUAL,ADCS_REFERENCE,SUN,TARGET,0.00,POINTING_ERROR,7.13,SUN_ERROR,4.96,MAG_ERROR,-125.21,GYRO_Z,45.074,RW_CMD,0
TM,EST_RAW,-4.96,EST_FILTERED,-4.96,EST_ANGLE,-7.13,EST_FILTER,ON,EST_FILTER_TYPE,MOVING_AVERAGE,EST_MA_WINDOW,1,EST_FILTER_STRENGTH,0.35
TM,EST_FUSION,ON,EST_GYRO_WEIGHT,0.98,EST_VALID,1
TM,TEAM_CR,728,1254858,0.0,0.3,0.4,-0.4,2.6,-14.3,-14.1,-0.2,-14,3
TM,TEAM_CR,729,1254905,0.0,0.7,0.5,-0.5,2.6,-14.3,-14.1,-0.1,-14,3
TM,SUN_L,3642,SUN_R,3688,SUN_NDV,-0.0063,SUN_ANGLE,-8.36
TM,MAG_X,-18.08,MAG_Y,25.50,MAG_Z,-11.23,MAG_HEADING,125.33
TM,GYRO_X,-12.854,GYRO_Y,-2.467,GYRO_Z,56.598,BODY_RATE,-56.598
TM,TEAM_CR,730,1254949,0.0,0.6,0.6,-0.6,1.8,-14.3,-14.1,-0.1,-14,3
TM,TEAM_CR,731,1254990,0.0,0.6,0.7,-0.7,2.6,-14.3,-14.1,-0.1,-14,3
TM,TEAM_CR,732,1255029,0.0,0.8,0.8,-0.8,2.2,-14.3,-14.1,-0.1,-14,3
TM,TEAM_CR,733,1255069,0.0,0.9,0.9,-0.9,2.0,-14.3,-14.1,-0.1,-14,3
TM,TEAM_CR,734,1255109,0.0,1.1,1.0,-1.0,1.8,-14.3,-14.1,-0.1,-14,3
TM,TEAM_CR,735,1255149,0.0,1.0,1.0,-1.0,2.3,-14.3,-14.1,-0.1,-14,3
TM,TEAM_CR,736,1255198,0.0,1.2,1.2,-1.2,2.8,-14.3,-14.1,-0.1,-14,3
TM,TEAM_CR,737,1255239,0.0,1.4,1.3,-1.3,2.4,-14.3,-14.1,-0.1,-14,3
TM,TEAM_CR,738,1255287,0.0,1.3,1.4,-1.4,1.8,-14.3,-14.1,-0.1,-14,3
TM,TEAM_CR,739,1255327,0.0,1.3,1.5,-1.5,2.3,-14.3,-14.1,-0.1,-14,3
TM,TEAM_CR,740,1255368,0.0,1.6,1.5,-1.5,1.6,-18.9,-14.2,-0.1,-16,3
TM,TEAM_CR,741,1255408,0.0,1.4,1.5,-1.5,0.5,-17.9,-14.2,-0.1,-18,3
TM,TEAM_CR,742,1255449,0.0,1.5,1.5,-1.5,-0.5,-16.9,-14.2,-0.1,-17,3
TM,TEAM_CR,743,1255490,0.0,1.5,1.5,-1.5,-0.1,-17.2,-14.2,-0.1,-17,3
TM,TEAM_CR,744,1255529,0.0,1.4,1.5,-1.5,-0.8,-14.4,-14.3,-0.1,-16,3
TM,TEAM_CR,745,1255569,0.0,1.2,1.4,-1.4,-1.3,-14.4,-14.3,-0.1,-14,3
TM,TEAM_CR,746,1255609,0.0,1.4,1.4,-1.4,-1.5,-14.4,-14.3,-0.1,-14,3
TM,TEAM_CR,747,1255649,0.0,1.3,1.3,-1.3,-0.5,-14.4,-14.3,-0.1,-14,3
TM,TEAM_CR,748,1255699,0.0,1.4,1.3,-1.3,-0.1,-14.4,-14.3,-0.1,-14,3
TM,SUN_L,3607,SUN_R,3695,SUN_NDV,-0.0121,SUN_ANGLE,-14.53
TM,MAG_X,-17.57,MAG_Y,30.08,MAG_Z,-10.14,MAG_HEADING,120.29
TM,GYRO_X,6.615,GYRO_Y,-2.091,GYRO_Z,-45.340,BODY_RATE,45.340
TM,TEAM_CR,749,1255739,0.0,1.6,1.3,-1.3,-0.4,-14.4,-14.3,-0.1,-14,3
TM,ADCS_MODE,MANUAL,ADCS_REFERENCE,SUN,TARGET,0.00,POINTING_ERROR,11.30,SUN_ERROR,13.88,MAG_ERROR,-120.29,GYRO_Z,-49.295,RW_CMD,0
TM,EST_RAW,-13.88,EST_FILTERED,-13.88,EST_ANGLE,-11.30,EST_FILTER,ON,EST_FILTER_TYPE,MOVING_AVERAGE,EST_MA_WINDOW,1,EST_FILTER_STRENGTH,0.35
TM,EST_FUSION,ON,EST_GYRO_WEIGHT,0.98,EST_VALID,1
TM,TEAM_CR,750,1255779,0.0,1.4,1.3,-1.3,-0.1,-14.4,-14.3,-0.1,-14,3
TM,TEAM_CR,751,1255819,0.0,1.3,1.4,-1.4,1.0,-14.4,-14.3,-0.1,-14,3
TM,TEAM_CR,752,1255859,0.0,1.4,1.4,-1.4,0.5,-14.4,-14.3,-0.1,-14,3
TM,TEAM_CR,753,1255908,0.0,1.4,1.4,-1.4,-0.2,-14.4,-14.3,-0.1,-14,3
TM,TEAM_CR,754,1255950,0.0,1.4,1.4,-1.4,0.4,-14.4,-14.3,-0.1,-14,3
TM,TEAM_CR,755,1255990,0.0,1.5,1.4,-1.4,0.4,-14.4,-14.3,-0.1,-14,3
TM,TEAM_CR,756,1256030,0.0,1.3,1.4,-1.4,0.1,-14.4,-14.3,-0.1,-14,3
TM,TEAM_CR,757,1256070,0.0,1.3,1.4,-1.4,-0.5,-14.3,-14.3,-0.1,-14,3
TM,TEAM_CR,758,1256110,0.0,1.4,1.4,-1.4,0.3,-14.3,-14.3,-0.1,-14,3
TM,TEAM_CR,759,1256150,0.0,1.4,1.4,-1.4,0.5,-14.3,-14.3,-0.1,-14,3
TM,TEAM_CR,760,1256200,0.0,1.3,1.4,-1.4,-0.3,-14.3,-14.3,-0.1,-14,3
TM,TEAM_CR,761,1256240,0.0,1.4,1.4,-1.4,-0.5,-14.3,-14.3,-0.1,-14,3
TM,TEAM_CR,762,1256288,0.0,1.5,1.4,-1.4,0.3,-14.3,-14.3,-0.1,-14,3
TM,TEAM_CR,763,1256328,0.0,1.5,1.4,-1.4,0.4,-14.3,-14.3,-0.1,-14,3
TM,TEAM_CR,764,1256368,0.0,1.3,1.4,-1.4,-0.2,-14.3,-14.3,-0.1,-14,3
TM,TEAM_CR,765,1256408,0.0,1.5,1.4,-1.4,-0.5,-14.3,-14.3,-0.1,-14,3
TM,TEAM_CR,766,1256449,0.0,1.5,1.4,-1.4,0.3,-14.3,-14.3,-0.1,-14,3
TM,SUN_L,3660,SUN_R,3682,SUN_NDV,-0.0030,SUN_ANGLE,-3.89
TM,MAG_X,-18.03,MAG_Y,26.24,MAG_Z,-11.26,MAG_HEADING,124.50
TM,GYRO_X,6.974,GYRO_Y,-2.406,GYRO_Z,-48.017,BODY_RATE,48.017
TM,TEAM_CR,767,1256489,0.0,1.3,1.4,-1.4,0.3,-14.3,-14.3,-0.1,-14,3
TM,TEAM_CR,768,1256529,0.0,1.3,1.4,-1.4,-0.1,-14.3,-14.3,-0.1,-14,3
TM,TEAM_CR,769,1256569,0.0,1.3,1.4,-1.4,-0.7,-14.3,-14.3,-0.1,-14,3
TM,TEAM_CR,770,1256609,0.0,1.3,1.4,-1.4,0.4,-14.3,-14.3,-0.1,-14,3
TM,TEAM_CR,771,1256649,0.0,1.4,1.4,-1.4,0.7,-14.3,-14.3,-0.1,-14,3
TM,TEAM_CR,772,1256701,0.0,1.4,1.4,-1.4,-0.1,-14.3,-14.3,-0.1,-14,3
TM,ADCS_MODE,MANUAL,ADCS_REFERENCE,SUN,TARGET,0.00,POINTING_ERROR,1.40,SUN_ERROR,1.13,MAG_ERROR,-129.08,GYRO_Z,-53.267,RW_CMD,0
TM,EST_RAW,-1.13,EST_FILTERED,-1.13,EST_ANGLE,-1.40,EST_FILTER,ON,EST_FILTER_TYPE,MOVING_AVERAGE,EST_MA_WINDOW,1,EST_FILTER_STRENGTH,0.35
TM,EST_FUSION,ON,EST_GYRO_WEIGHT,0.98,EST_VALID,1
TM,TEAM_CR,773,1256741,0.0,1.3,1.4,-1.4,-0.7,-14.3,-14.3,-0.1,-14,3
TM,TEAM_CR,774,1256781,0.0,1.4,1.4,-1.4,0.2,-14.3,-14.3,-0.1,-14,3
TM,TEAM_CR,775,1256821,0.0,1.5,1.4,-1.4,0.2,-14.3,-14.3,-0.1,-14,3
TM,TEAM_CR,776,1256861,0.0,1.3,1.4,-1.4,-0.3,-14.3,-14.3,-0.1,-14,3
TM,TEAM_CR,777,1256908,0.0,1.2,1.3,-1.3,-0.5,-14.3,-14.3,-0.1,-14,3
TM,TEAM_CR,778,1256950,0.0,1.2,1.3,-1.3,0.4,-14.3,-14.3,-0.1,-14,3
TM,TEAM_CR,779,1256989,0.0,1.4,1.4,-1.4,0.1,-14.3,-14.3,-0.1,-14,3
TM,TEAM_CR,780,1257029,0.0,1.2,1.4,-1.4,-0.2,-14.3,-14.3,-0.1,-14,3
TM,TEAM_CR,781,1257069,0.0,1.1,1.3,-1.3,-0.4,-14.3,-14.3,-0.1,-14,3
TM,TEAM_CR,782,1257109,0.0,1.2,1.3,-1.3,0.2,-14.3,-14.3,-0.1,-14,3
TM,TEAM_CR,783,1257149,0.0,1.5,1.3,-1.3,0.0,-14.3,-14.3,-0.1,-14,3
TM,TEAM_CR,784,1257200,0.0,1.5,1.3,-1.3,-0.3,-14.3,-14.3,0.0,-14,3
TM,SUN_L,3688,SUN_R,3646,SUN_NDV,0.0057,SUN_ANGLE,3.06
TM,MAG_X,-17.66,MAG_Y,18.70,MAG_Z,-13.42,MAG_HEADING,133.36
TM,GYRO_X,-2.118,GYRO_Y,-2.214,GYRO_Z,2.820,BODY_RATE,-2.820
TM,TEAM_CR,785,1257239,0.0,1.3,1.3,-1.3,-0.2,-14.3,-14.3,0.0,-14,3
TM,TEAM_CR,786,1257288,0.0,1.2,1.3,-1.3,0.5,-14.3,-14.3,0.0,-14,3
TM,TEAM_CR,787,1257328,0.0,1.4,1.3,-1.3,0.0,-14.3,-14.3,0.0,-14,3
TM,TEAM_CR,788,1257368,0.0,1.4,1.3,-1.3,-0.7,-14.3,-14.3,0.0,-14,3
TM,TEAM_CR,789,1257408,0.0,1.2,1.3,-1.3,-0.3,-14.3,-14.3,0.0,-14,3
TM,TEAM_CR,790,1257450,0.0,1.2,1.3,-1.3,0.6,-14.3,-14.3,0.0,-14,3
TM,TEAM_CR,791,1257490,0.0,1.4,1.3,-1.3,-0.1,-14.3,-14.3,0.0,-14,3
TM,TEAM_CR,792,1257530,0.0,1.3,1.3,-1.3,-0.5,-14.3,-14.3,0.0,-14,3
TM,TEAM_CR,793,1257570,0.0,1.2,1.3,-1.3,-0.3,-14.3,-14.3,0.0,-14,3
TM,TEAM_CR,794,1257610,0.0,1.3,1.3,-1.3,0.7,-14.3,-14.3,0.0,-14,3
TM,TEAM_CR,795,1257650,0.0,1.4,1.3,-1.3,-0.1,-14.3,-14.3,0.0,-14,3
TM,ADCS_MODE,MANUAL,ADCS_REFERENCE,SUN,TARGET,0.00,POINTING_ERROR,-2.23,SUN_ERROR,-2.57,MAG_ERROR,-133.36,GYRO_Z,1.963,RW_CMD,0
TM,EST_RAW,2.57,EST_FILTERED,2.57,EST_ANGLE,2.23,EST_FILTER,ON,EST_FILTER_TYPE,MOVING_AVERAGE,EST_MA_WINDOW,1,EST_FILTER_STRENGTH,0.35
TM,EST_FUSION,ON,EST_GYRO_WEIGHT,0.98,EST_VALID,1
TM,TEAM_CR,796,1257699,0.0,1.1,1.3,-1.3,-0.6,-14.3,-14.3,0.0,-14,3
TM,TEAM_CR,797,1257739,0.0,1.2,1.3,-1.3,0.2,-14.3,-14.3,0.0,-14,3
TM,TEAM_CR,798,1257779,0.0,1.4,1.3,-1.3,0.7,-14.3,-14.3,0.0,-14,3
TM,TEAM_CR,799,1257819,0.0,1.0,1.3,-1.3,-0.2,-14.3,-14.3,0.0,-14,3
TM,TEAM_CR,800,1257859,0.0,1.2,1.3,-1.3,-0.5,-14.3,-14.3,0.0,-14,3
TM,TEAM_CR,801,1257908,0.0,1.3,1.3,-1.3,0.1,-14.3,-14.3,0.0,-14,3
TM,TEAM_CR,802,1257950,0.0,1.3,1.3,-1.3,0.4,-14.3,-14.3,0.0,-14,3
TM,SUN_L,3687,SUN_R,3650,SUN_NDV,0.0050,SUN_ANGLE,2.30
TM,MAG_X,-17.76,MAG_Y,19.02,MAG_Z,-13.28,MAG_HEADING,133.03
TM,GYRO_X,-3.754,GYRO_Y,-2.686,GYRO_Z,12.297,BODY_RATE,-12.297
TM,TEAM_CR,803,1257990,0.0,1.2,1.3,-1.3,-0.2,-14.3,-14.3,0.0,-14,3
TM,TEAM_CR,804,1258030,0.0,1.3,1.3,-1.3,-0.6,-14.3,-14.3,0.0,-14,3
TM,TEAM_CR,805,1258070,0.0,1.3,1.3,-1.3,0.2,-14.3,-14.3,0.0,-14,3
TM,TEAM_CR,806,1258111,0.0,1.5,1.3,-1.3,0.2,-14.3,-14.3,0.0,-14,3
TM,TEAM_CR,807,1258150,0.0,1.4,1.3,-1.3,-0.3,-14.3,-14.3,0.0,-14,3
TM,TEAM_CR,808,1258200,0.0,1.3,1.3,-1.3,-0.4,-14.3,-14.3,0.0,-14,3
TM,TEAM_CR,809,1258240,0.0,1.5,1.3,-1.3,0.1,-14.3,-14.3,0.0,-14,3
TM,TEAM_CR,810,1258288,0.0,1.2,1.3,-1.3,0.1,-14.3,-14.3,0.0,-14,3
TM,TEAM_CR,811,1258328,0.0,1.2,1.3,-1.3,-0.4,-14.3,-14.3,0.0,-14,3
TM,TEAM_CR,812,1258368,0.0,1.2,1.3,-1.3,-0.4,-14.3,-14.3,0.0,-14,3
TM,TEAM_CR,813,1258408,0.0,1.2,1.3,-1.3,0.5,-14.3,-14.3,0.0,-14,3
TM,TEAM_CR,814,1258450,0.0,1.2,1.3,-1.3,0.2,-14.3,-14.3,0.0,-14,3
TM,TEAM_CR,815,1258490,0.0,1.4,1.3,-1.3,-0.4,-14.3,-14.3,0.0,-14,3
TM,TEAM_CR,816,1258531,0.0,1.6,1.3,-1.3,-0.5,-14.3,-14.3,0.0,-14,3
TM,TEAM_CR,817,1258570,0.0,1.3,1.3,-1.3,0.5,-14.3,-14.3,0.0,-14,3
TM,TEAM_CR,818,1258610,0.0,1.4,1.3,-1.3,0.0,-14.3,-14.3,0.0,-14,3
TM,ADCS_MODE,MANUAL,ADCS_REFERENCE,SUN,TARGET,0.00,POINTING_ERROR,-1.23,SUN_ERROR,-1.73,MAG_ERROR,-132.20,GYRO_Z,-1.695,RW_CMD,0
TM,EST_RAW,1.73,EST_FILTERED,1.73,EST_ANGLE,1.23,EST_FILTER,ON,EST_FILTER_TYPE,MOVING_AVERAGE,EST_MA_WINDOW,1,EST_FILTER_STRENGTH,0.35
TM,EST_FUSION,ON,EST_GYRO_WEIGHT,0.98,EST_VALID,1
TM,TEAM_CR,819,1258650,0.0,1.3,1.3,-1.3,-0.3,-14.3,-14.3,0.0,-14,3
TM,TEAM_CR,820,1258700,0.0,1.4,1.3,-1.3,0.2,-14.3,-14.3,0.0,-14,3
TM,SUN_L,3684,SUN_R,3653,SUN_NDV,0.0042,SUN_ANGLE,2.27
TM,MAG_X,-17.76,MAG_Y,19.58,MAG_Z,-13.10,MAG_HEADING,132.20
TM,GYRO_X,0.709,GYRO_Y,-2.328,GYRO_Z,-9.421,BODY_RATE,9.421
TM,TEAM_CR,821,1258741,0.0,1.3,1.3,-1.3,0.6,-14.3,-14.3,0.0,-14,3
TM,TEAM_CR,822,1258780,0.0,1.3,1.3,-1.3,-0.1,-14.3,-14.3,0.0,-14,3
TM,TEAM_CR,823,1258820,0.0,1.1,1.3,-1.3,-0.7,-14.3,-14.3,0.0,-14,3
TM,TEAM_CR,824,1258860,0.0,1.1,1.3,-1.3,-0.1,-14.3,-14.3,0.0,-14,3
TM,TEAM_CR,825,1258907,0.0,1.3,1.3,-1.3,0.5,-14.3,-14.3,0.0,-14,3
TM,TEAM_CR,826,1258951,0.0,1.3,1.3,-1.3,-0.2,-14.3,-14.3,0.0,-14,3
TM,TEAM_CR,827,1258991,0.0,1.2,1.3,-1.3,-0.2,-14.3,-14.3,0.0,-14,3
TM,TEAM_CR,828,1259031,0.0,1.2,1.3,-1.3,0.1,-14.3,-14.3,0.0,-14,3
TM,TEAM_CR,829,1259071,0.0,1.4,1.3,-1.3,0.6,-14.3,-14.3,0.0,-14,3
TM,TEAM_CR,830,1259111,0.0,1.3,1.3,-1.3,-0.2,-14.3,-14.3,0.0,-14,3
TM,TEAM_CR,831,1259151,0.0,1.1,1.3,-1.3,-0.5,-14.3,-14.3,0.0,-14,3
TM,TEAM_CR,832,1259200,0.0,1.2,1.3,-1.3,0.4,-14.3,-14.3,0.0,-14,3
TM,TEAM_CR,833,1259240,0.0,1.4,1.3,-1.3,0.3,-14.3,-14.3,0.0,-14,3
TM,TEAM_CR,834,1259289,0.0,1.2,1.3,-1.3,-0.5,-14.3,-14.3,0.0,-14,3
TM,TEAM_CR,835,1259329,0.0,1.3,1.3,-1.3,-0.4,-14.3,-14.3,0.0,-14,3
TM,TEAM_CR,836,1259370,0.0,1.3,1.3,-1.3,0.3,-14.3,-14.3,0.0,-14,3
TM,TEAM_CR,837,1259409,0.0,1.4,1.3,-1.3,0.3,-14.3,-14.3,0.0,-14,3
TM,TEAM_CR,838,1259451,0.0,1.0,1.3,-1.3,-0.5,-14.3,-14.3,0.0,-14,3
TM,TEAM_CR,839,1259492,0.0,1.2,1.3,-1.3,-0.4,-14.3,-14.3,0.0,-14,3
TM,SUN_L,3695,SUN_R,3628,SUN_NDV,0.0091,SUN_ANGLE,5.37
TM,MAG_X,-17.63,MAG_Y,19.18,MAG_Z,-13.60,MAG_HEADING,132.59
TM,GYRO_X,5.617,GYRO_Y,-3.141,GYRO_Z,-38.532,BODY_RATE,38.532
TM,TEAM_CR,840,1259531,0.0,1.3,1.3,-1.3,0.3,-14.3,-14.3,0.0,-14,3
TM,ADCS_MODE,MANUAL,ADCS_REFERENCE,SUN,TARGET,0.00,POINTING_ERROR,-6.79,SUN_ERROR,-5.94,MAG_ERROR,-137.12,GYRO_Z,-36.590,RW_CMD,0
TM,EST_RAW,5.94,EST_FILTERED,5.94,EST_ANGLE,6.79,EST_FILTER,ON,EST_FILTER_TYPE,MOVING_AVERAGE,EST_MA_WINDOW,1,EST_FILTER_STRENGTH,0.35
TM,EST_FUSION,ON,EST_GYRO_WEIGHT,0.98,EST_VALID,1
TM,TEAM_CR,841,1259571,0.0,1.2,1.3,-1.3,0.1,-14.3,-14.3,0.0,-14,3
TM,TEAM_CR,842,1259611,0.0,1.3,1.3,-1.3,-0.3,-14.3,-14.3,0.0,-14,3
TM,TEAM_CR,843,1259651,0.0,1.2,1.3,-1.3,-0.2,-14.3,-14.3,0.0,-14,3
TM,TEAM_CR,844,1259700,0.0,1.3,1.3,-1.3,0.4,-14.3,-14.3,0.0,-14,3
TM,TEAM_CR,845,1259740,0.0,1.4,1.3,-1.3,0.1,-14.3,-14.3,0.0,-14,3
TM,TEAM_CR,846,1259780,0.0,1.3,1.3,-1.3,-0.6,-14.3,-14.3,0.0,-14,3
TM,TEAM_CR,847,1259820,0.0,1.3,1.3,-1.3,-0.1,-14.3,-14.3,0.0,-14,3
TM,TEAM_CR,848,1259860,0.0,1.4,1.3,-1.3,0.5,-14.3,-14.3,0.0,-14,3
TM,TEAM_CR,849,1259909,0.0,1.1,1.3,-1.3,0.0,-14.3,-14.3,0.0,-14,3
TM,TEAM_CR,850,1259950,0.0,1.3,1.3,-1.3,-0.5,-14.3,-14.3,0.0,-14,3
TM,TEAM_CR,851,1259990,0.0,1.1,1.3,-1.3,0.3,-14.3,-14.3,0.0,-14,3
TM,TEAM_CR,852,1260030,0.0,1.4,1.3,-1.3,0.4,-14.3,-14.3,0.0,-14,3
TM,TEAM_CR,853,1260070,0.0,1.4,1.3,-1.3,0.1,-14.3,-14.3,0.0,-14,3
TM,TEAM_CR,854,1260110,0.0,1.2,1.3,-1.3,-0.3,-14.3,-14.3,0.0,-14,3
TM,TEAM_CR,855,1260150,0.0,1.4,1.3,-1.3,0.4,-14.3,-14.3,0.0,-14,3
TM,TEAM_CR,856,1260201,0.0,1.4,1.3,-1.3,0.3,-14.3,-14.3,0.0,-14,3
TM,TEAM_CR,857,1260241,0.0,1.5,1.3,-1.3,-0.2,-14.3,-14.3,0.0,-14,3
TM,SUN_L,3691,SUN_R,3528,SUN_NDV,0.0226,SUN_ANGLE,16.67
TM,MAG_X,-15.86,MAG_Y,11.50,MAG_Z,-15.73,MAG_HEADING,144.04
TM,GYRO_X,12.302,GYRO_Y,-2.170,GYRO_Z,-82.562,BODY_RATE,82.562
TM,TEAM_CR,858,1260289,0.0,1.3,1.3,-1.3,-0.4,-14.3,-14.3,0.0,-14,3
TM,TEAM_CR,859,1260330,0.0,1.4,1.3,-1.3,0.3,-14.3,-14.3,0.0,-14,3
TM,TEAM_CR,860,1260369,0.0,1.3,1.3,-1.3,0.2,-14.3,-14.3,0.0,-14,3
TM,TEAM_CR,861,1260409,0.0,1.4,1.3,-1.3,-0.1,-14.3,-14.3,0.0,-14,3
TM,TEAM_CR,862,1260451,0.0,1.2,1.3,-1.3,-0.3,-14.3,-14.3,0.0,-14,3
TM,TEAM_CR,863,1260491,0.0,1.4,1.3,-1.3,0.4,-14.3,-14.3,0.0,-14,3
TM,ADCS_MODE,MANUAL,ADCS_REFERENCE,SUN,TARGET,0.00,POINTING_ERROR,-22.51,SUN_ERROR,-21.58,MAG_ERROR,-144.04,GYRO_Z,-100.237,RW_CMD,0
TM,EST_RAW,21.58,EST_FILTERED,21.58,EST_ANGLE,22.51,EST_FILTER,ON,EST_FILTER_TYPE,MOVING_AVERAGE,EST_MA_WINDOW,1,EST_FILTER_STRENGTH,0.35
TM,EST_FUSION,ON,EST_GYRO_WEIGHT,0.98,EST_VALID,1
TM,TEAM_CR,864,1260531,0.0,1.4,1.3,-1.3,0.1,-14.3,-14.3,0.0,-14,3
TM,TEAM_CR,865,1260571,0.0,1.3,1.3,-1.3,-0.3,-14.3,-14.3,0.0,-14,3
TM,TEAM_CR,866,1260611,0.0,1.3,1.3,-1.3,-0.2,-14.3,-14.3,0.0,-14,3
TM,TEAM_CR,867,1260651,0.0,1.3,1.3,-1.3,0.4,-14.3,-14.3,0.0,-14,3
TM,TEAM_CR,868,1260702,0.0,1.4,1.3,-1.3,0.3,-14.3,-14.3,0.0,-14,3
TM,TEAM_CR,869,1260742,0.0,1.0,1.3,-1.3,-0.4,-14.3,-14.3,0.0,-14,3
TM,TEAM_CR,870,1260782,0.0,1.1,1.3,-1.3,-0.1,-14.3,-14.3,0.0,-14,3
TM,TEAM_CR,871,1260822,0.0,1.3,1.3,-1.3,0.2,-14.3,-14.3,0.0,-14,3
TM,TEAM_CR,872,1260862,0.0,1.4,1.3,-1.3,0.1,-14.3,-14.3,0.0,-14,3
TM,TEAM_CR,873,1260909,0.0,1.1,1.3,-1.3,-0.2,-14.3,-14.3,0.0,-14,3
TM,TEAM_CR,874,1260951,0.0,1.3,1.3,-1.3,0.3,-14.3,-14.3,0.0,-14,3
TM,TEAM_CR,875,1260990,0.0,1.2,1.3,-1.3,0.7,-14.3,-14.3,0.0,-14,3
TM,SUN_L,3615,SUN_R,3274,SUN_NDV,0.0495,SUN_ANGLE,30.21
TM,MAG_X,-11.06,MAG_Y,3.30,MAG_Z,-18.22,MAG_HEADING,163.40
TM,GYRO_X,7.586,GYRO_Y,-1.628,GYRO_Z,-48.411,BODY_RATE,48.411
TM,TEAM_CR,876,1261030,0.0,1.3,1.3,-1.3,0.0,-14.3,-14.3,0.0,-14,3
TM,TEAM_CR,877,1261070,0.0,1.1,1.3,-1.3,-0.4,-14.3,-14.3,0.0,-14,3
TM,TEAM_CR,878,1261110,0.0,1.3,1.3,-1.3,0.1,-14.3,-14.3,0.0,-14,3
TM,TEAM_CR,879,1261150,0.0,1.3,1.3,-1.3,0.4,-14.3,-14.3,0.0,-14,3
TM,TEAM_CR,880,1261201,0.0,1.6,1.3,-1.3,-0.3,-14.3,-14.3,0.0,-14,3
TM,TEAM_CR,881,1261241,0.0,1.4,1.3,-1.3,-0.4,-14.3,-14.3,0.0,-14,3
TM,TEAM_CR,882,1261289,0.0,1.4,1.3,-1.3,0.5,-14.3,-14.3,0.0,-14,3
TM,TEAM_CR,883,1261329,0.0,1.3,1.3,-1.3,0.1,-14.3,-14.3,0.0,-14,3
TM,TEAM_CR,884,1261369,0.0,1.5,1.3,-1.3,-0.4,-14.3,-14.3,0.0,-14,3
TM,TEAM_CR,885,1261409,0.0,1.3,1.3,-1.3,-0.2,-14.3,-14.3,0.0,-14,3
TM,TEAM_CR,886,1261451,0.0,1.4,1.3,-1.3,0.3,-14.3,-14.3,0.0,-14,3
TM,ADCS_MODE,MANUAL,ADCS_REFERENCE,SUN,TARGET,0.00,POINTING_ERROR,-35.93,SUN_ERROR,-33.45,MAG_ERROR,-179.53,GYRO_Z,-28.461,RW_CMD,0
TM,EST_RAW,33.45,EST_FILTERED,33.45,EST_ANGLE,35.93,EST_FILTER,ON,EST_FILTER_TYPE,MOVING_AVERAGE,EST_MA_WINDOW,1,EST_FILTER_STRENGTH,0.35
TM,EST_FUSION,ON,EST_GYRO_WEIGHT,0.98,EST_VALID,1
TM,TEAM_CR,887,1261491,0.0,1.3,1.3,-1.3,0.2,-14.3,-14.3,0.0,-14,3
TM,TEAM_CR,888,1261531,0.0,1.3,1.3,-1.3,-0.5,-14.3,-14.3,0.0,-14,3
TM,TEAM_CR,889,1261571,0.0,1.3,1.3,-1.3,-0.5,-14.3,-14.3,0.0,-14,3
TM,TEAM_CR,890,1261611,0.0,1.4,1.3,-1.3,0.4,-14.3,-14.3,0.0,-14,3
TM,TEAM_CR,891,1261651,0.0,1.3,1.3,-1.3,0.2,-14.3,-14.3,0.0,-14,3
TM,TEAM_CR,892,1261701,0.0,1.4,1.3,-1.3,-0.5,-14.3,-14.3,0.0,-14,3
TM,TEAM_CR,893,1261741,0.0,1.3,1.3,-1.3,0.0,-14.3,-14.3,0.0,-14,3
TM,SUN_L,3546,SUN_R,3065,SUN_NDV,0.0728,SUN_ANGLE,38.09
TM,MAG_X,-7.78,MAG_Y,0.06,MAG_Z,-19.44,MAG_HEADING,179.53
TM,GYRO_X,5.766,GYRO_Y,-2.039,GYRO_Z,-47.580,BODY_RATE,47.580
TM,TEAM_CR,894,1261782,0.0,1.3,1.3,-1.3,0.4,-14.3,-14.3,0.0,-14,3
TM,TEAM_CR,895,1261821,0.0,1.4,1.3,-1.3,0.3,-14.3,-14.3,0.0,-14,3
TM,TEAM_CR,896,1261861,0.0,1.1,1.3,-1.3,-0.2,-14.3,-14.3,0.0,-14,3
TM,TEAM_CR,897,1261909,0.0,1.1,1.3,-1.3,0.1,-14.3,-14.3,0.0,-14,3
TM,TEAM_CR,898,1261952,0.0,1.3,1.3,-1.3,0.4,-14.3,-14.3,0.0,-14,3
TM,TEAM_CR,899,1261992,0.0,1.4,1.3,-1.3,-0.3,-14.3,-14.3,0.0,-14,3
TM,TEAM_CR,900,1262033,0.0,1.1,1.3,-1.3,-0.4,-14.3,-14.3,0.0,-14,3
TM,TEAM_CR,901,1262072,0.0,1.2,1.3,-1.3,0.1,-14.3,-14.3,0.0,-14,3
TM,TEAM_CR,902,1262112,0.0,1.5,1.3,-1.3,0.3,-14.3,-14.3,0.0,-14,3
TM,TEAM_CR,903,1262152,0.0,1.2,1.3,-1.3,-0.3,-14.3,-14.3,0.0,-14,3
TM,TEAM_CR,904,1262202,0.0,1.5,1.3,-1.3,-0.5,-14.3,-14.3,0.0,-14,3
TM,TEAM_CR,905,1262243,0.0,1.4,1.3,-1.3,0.5,-14.3,-14.3,0.0,-14,3
TM,TEAM_CR,906,1262291,0.0,1.3,1.3,-1.3,-0.1,-14.3,-14.3,0.0,-14,3
TM,TEAM_CR,907,1262331,0.0,1.4,1.3,-1.3,-0.4,-14.3,-14.3,0.0,-14,3
TM,TEAM_CR,908,1262371,0.0,1.1,1.3,-1.3,0.2,-14.3,-14.3,0.0,-14,3
TM,TEAM_CR,909,1262411,0.0,1.4,1.3,-1.3,0.4,-14.3,-14.3,0.0,-14,3
TM,ADCS_MODE,MANUAL,ADCS_REFERENCE,SUN,TARGET,0.00,POINTING_ERROR,-42.45,SUN_ERROR,-43.01,MAG_ERROR,153.75,GYRO_Z,-4.512,RW_CMD,0
TM,EST_RAW,43.01,EST_FILTERED,43.01,EST_ANGLE,42.45,EST_FILTER,ON,EST_FILTER_TYPE,MOVING_AVERAGE,EST_MA_WINDOW,1,EST_FILTER_STRENGTH,0.35
TM,EST_FUSION,ON,EST_GYRO_WEIGHT,0.98,EST_VALID,1
TM,TEAM_CR,910,1262452,0.0,1.4,1.3,-1.3,0.0,-14.3,-14.3,0.0,-14,3
TM,TEAM_CR,911,1262493,0.0,1.2,1.3,-1.3,-0.3,-14.3,-14.3,0.0,-14,3
TM,SUN_L,3496,SUN_R,2873,SUN_NDV,0.0978,SUN_ANGLE,43.33
TM,MAG_X,-4.03,MAG_Y,-3.12,MAG_Z,-20.30,MAG_HEADING,217.73
TM,GYRO_X,-0.280,GYRO_Y,-2.152,GYRO_Z,-5.685,BODY_RATE,5.685
TM,TEAM_CR,912,1262532,0.0,1.3,1.3,-1.3,-0.2,-14.3,-14.3,0.0,-14,3
TM,TEAM_CR,913,1262572,0.0,1.3,1.3,-1.3,0.6,-14.3,-14.3,0.0,-14,3
TM,TEAM_CR,914,1262612,0.0,1.3,1.3,-1.3,0.0,-14.3,-14.3,0.0,-14,3
TM,TEAM_CR,915,1262652,0.0,1.4,1.3,-1.3,-0.2,-14.3,-14.3,0.0,-14,3
TM,TEAM_CR,916,1262702,0.0,1.4,1.3,-1.3,0.1,-14.3,-14.3,0.0,-14,3
TM,TEAM_CR,917,1262741,0.0,1.3,1.3,-1.3,0.5,-14.3,-14.3,0.0,-14,3
TM,TEAM_CR,918,1262781,0.0,1.4,1.3,-1.3,0.1,-14.3,-14.3,0.0,-14,3
TM,TEAM_CR,919,1262821,0.0,1.1,1.3,-1.3,-0.4,-14.3,-14.3,0.0,-14,3
TM,TEAM_CR,920,1262861,0.0,1.4,1.3,-1.3,0.3,-14.3,-14.3,0.0,-14,3
TM,TEAM_CR,921,1262912,0.0,1.5,1.3,-1.3,0.2,-14.3,-14.3,0.0,-14,3
TM,TEAM_CR,922,1262951,0.0,1.4,1.3,-1.3,-0.3,-14.3,-14.3,0.0,-14,3
TM,TEAM_CR,923,1262991,0.0,1.3,1.3,-1.3,-0.6,-14.3,-14.3,0.0,-14,3
TM,TEAM_CR,924,1263031,0.0,1.5,1.3,-1.3,0.4,-14.3,-14.3,0.0,-14,3
TM,TEAM_CR,925,1263071,0.0,1.5,1.3,-1.3,0.1,-14.3,-14.3,0.0,-14,3
TM,TEAM_CR,926,1263111,0.0,1.3,1.3,-1.3,0.1,-14.3,-14.3,0.0,-14,3
TM,TEAM_CR,927,1263151,0.0,1.3,1.3,-1.3,-0.6,-14.3,-14.3,0.0,-14,3
TM,TEAM_CR,928,1263201,0.0,1.3,1.3,-1.3,0.2,-14.3,-14.3,0.0,-14,3
TM,TEAM_CR,929,1263241,0.0,1.4,1.3,-1.3,0.2,-14.3,-14.3,0.0,-14,3
TM,TEAM_CR,930,1263292,0.0,1.3,1.3,-1.3,-0.6,-14.3,-14.3,0.0,-14,3
TM,SUN_L,3535,SUN_R,3023,SUN_NDV,0.0781,SUN_ANGLE,39.93
TM,MAG_X,-4.85,MAG_Y,-2.16,MAG_Z,-20.08,MAG_HEADING,204.02
TM,GYRO_X,-9.389,GYRO_Y,-3.605,GYRO_Z,45.512,BODY_RATE,-45.512
TM,TEAM_CR,931,1263331,0.0,1.4,1.3,-1.3,0.2,-14.3,-14.3,0.0,-14,3
TM,ADCS_MODE,MANUAL,ADCS_REFERENCE,SUN,TARGET,0.00,POINTING_ERROR,-37.50,SUN_ERROR,-38.08,MAG_ERROR,155.98,GYRO_Z,44.847,RW_CMD,0
TM,EST_RAW,38.08,EST_FILTERED,38.08,EST_ANGLE,37.50,EST_FILTER,ON,EST_FILTER_TYPE,MOVING_AVERAGE,EST_MA_WINDOW,1,EST_FILTER_STRENGTH,0.35
TM,EST_FUSION,ON,EST_GYRO_WEIGHT,0.98,EST_VALID,1
TM,TEAM_CR,932,1263371,0.0,1.5,1.3,-1.3,0.4,-14.3,-14.3,0.0,-14,3
TM,TEAM_CR,933,1263411,0.0,1.4,1.3,-1.3,0.1,-14.3,-14.3,0.0,-14,3
TM,TEAM_CR,934,1263452,0.0,1.3,1.3,-1.3,-0.3,-14.3,-14.3,0.0,-14,3
TM,TEAM_CR,935,1263492,0.0,1.5,1.3,-1.3,0.4,-14.3,-14.3,0.0,-14,3
TM,TEAM_CR,936,1263532,0.0,1.3,1.3,-1.3,0.4,-14.3,-14.3,0.0,-14,3
TM,TEAM_CR,937,1263572,0.0,1.4,1.3,-1.3,-0.3,-14.3,-14.3,0.0,-14,3
TM,TEAM_CR,938,1263612,0.0,1.3,1.3,-1.3,-0.3,-14.3,-14.3,0.0,-14,3
TM,TEAM_CR,939,1263652,0.0,1.4,1.3,-1.3,0.2,-14.3,-14.3,0.0,-14,3
TM,TEAM_CR,940,1263702,0.0,1.5,1.3,-1.3,0.3,-14.3,-14.3,0.0,-14,3
TM,TEAM_CR,941,1263742,0.0,1.4,1.3,-1.3,-0.3,-14.3,-14.3,0.0,-14,3
TM,TEAM_CR,942,1263782,0.0,1.4,1.3,-1.3,-0.1,-14.3,-14.3,0.0,-14,3
TM,TEAM_CR,943,1263822,0.0,1.4,1.3,-1.3,0.1,-14.3,-14.3,0.0,-14,3
TM,TEAM_CR,944,1263862,0.0,1.3,1.4,-1.4,0.3,-14.3,-14.3,0.0,-14,3
TM,TEAM_CR,945,1263911,0.0,1.2,1.3,-1.3,-0.4,-14.3,-14.3,0.0,-14,3
TM,TEAM_CR,946,1263952,0.0,1.5,1.3,-1.3,0.0,-14.3,-14.3,0.0,-14,3
TM,TEAM_CR,947,1263992,0.0,1.4,1.4,-1.4,0.5,-14.3,-14.3,0.0,-14,3
TM,TEAM_CR,948,1264032,0.0,1.4,1.4,-1.4,0.2,-14.3,-14.3,0.0,-14,3
TM,SUN_L,3605,SUN_R,3237,SUN_NDV,0.0538,SUN_ANGLE,31.86
TM,MAG_X,-8.11,MAG_Y,0.46,MAG_Z,-19.28,MAG_HEADING,176.73
TM,GYRO_X,-3.421,GYRO_Y,-2.634,GYRO_Z,12.165,BODY_RATE,-12.165
TM,TEAM_CR,949,1264072,0.0,1.3,1.4,-1.4,-0.3,-14.3,-14.3,0.0,-14,3
TM,TEAM_CR,950,1264112,0.0,1.2,1.3,-1.3,0.1,-14.3,-14.3,0.0,-14,3
TM,TEAM_CR,951,1264152,0.0,1.5,1.4,-1.4,0.4,-14.3,-14.3,0.0,-14,3
TM,TEAM_CR,952,1264203,0.0,1.3,1.4,-1.4,0.1,-14.3,-14.3,0.0,-14,3
TM,TEAM_CR,953,1264242,0.0,1.3,1.4,-1.4,-0.4,-14.3,-14.3,0.0,-14,3
TM,TEAM_CR,954,1264291,0.0,1.2,1.4,-1.4,0.3,-14.3,-14.3,0.0,-14,3
TM,ADCS_MODE,MANUAL,ADCS_REFERENCE,SUN,TARGET,0.00,POINTING_ERROR,-32.06,SUN_ERROR,-31.59,MAG_ERROR,-171.97,GYRO_Z,3.722,RW_CMD,0
TM,EST_RAW,31.59,EST_FILTERED,31.59,EST_ANGLE,32.06,EST_FILTER,ON,EST_FILTER_TYPE,MOVING_AVERAGE,EST_MA_WINDOW,1,EST_FILTER_STRENGTH,0.35
TM,EST_FUSION,ON,EST_GYRO_WEIGHT,0.98,EST_VALID,1
TM,TEAM_CR,955,1264331,0.0,1.4,1.4,-1.4,0.3,-14.3,-14.3,0.0,-14,3
TM,TEAM_CR,956,1264371,0.0,1.5,1.4,-1.4,-0.3,-14.3,-14.3,0.0,-14,3
TM,TEAM_CR,957,1264411,0.0,1.4,1.3,-1.3,-0.5,-14.3,-14.3,0.0,-14,3
TM,TEAM_CR,958,1264453,0.0,1.2,1.4,-1.4,0.3,-14.3,-14.3,0.0,-14,3
TM,TEAM_CR,959,1264492,0.0,1.4,1.4,-1.4,-0.1,-14.3,-14.3,0.0,-14,3
TM,TEAM_CR,960,1264532,0.0,1.4,1.4,-1.4,-0.2,-14.3,-14.3,0.0,-14,3
TM,TEAM_CR,961,1264572,0.0,1.4,1.3,-1.3,-0.6,-14.3,-14.3,0.0,-14,3
TM,TEAM_CR,962,1264612,0.0,1.3,1.3,-1.3,0.3,-14.3,-14.3,0.0,-14,3
TM,TEAM_CR,963,1264652,0.0,1.4,1.4,-1.4,0.4,-14.3,-14.3,0.0,-14,3
TM,TEAM_CR,964,1264702,0.0,1.3,1.3,-1.3,-0.6,-14.3,-14.3,0.0,-14,3
TM,TEAM_CR,965,1264742,0.0,1.2,1.3,-1.3,0.0,-14.3,-14.3,0.0,-14,3
TM,TEAM_CR,966,1264782,0.0,1.5,1.3,-1.3,0.4,-14.3,-14.3,0.0,-14,3
TM,SUN_L,3611,SUN_R,3254,SUN_NDV,0.0520,SUN_ANGLE,31.16
TM,MAG_X,-9.07,MAG_Y,1.28,MAG_Z,-19.07,MAG_HEADING,171.97
TM,GYRO_X,-4.270,GYRO_Y,-2.625,GYRO_Z,15.805,BODY_RATE,-15.805
TM,TEAM_CR,967,1264822,0.0,1.3,1.4,-1.4,0.1,-14.3,-14.3,0.0,-14,3
TM,TEAM_CR,968,1264863,0.0,1.4,1.3,-1.3,-0.5,-14.3,-14.3,0.0,-14,3
TM,TEAM_CR,969,1264911,0.0,1.4,1.3,-1.3,0.1,-14.3,-14.3,0.0,-14,3
TM,TEAM_CR,970,1264953,0.0,1.2,1.3,-1.3,0.5,-14.3,-14.3,0.0,-14,3
TM,TEAM_CR,971,1264993,0.0,1.5,1.4,-1.4,0.0,-14.3,-14.3,0.0,-14,3
TM,TEAM_CR,972,1265033,0.0,1.1,1.3,-1.3,-0.4,-14.3,-14.3,0.0,-14,3
TM,TEAM_CR,973,1265073,0.0,1.2,1.3,-1.3,0.1,-14.3,-14.3,0.0,-14,3
TM,TEAM_CR,974,1265114,0.0,1.3,1.3,-1.3,0.3,-14.3,-14.3,0.0,-14,3
TM,TEAM_CR,975,1265154,0.0,1.4,1.3,-1.3,-0.2,-14.3,-14.3,0.0,-14,3
TM,TEAM_CR,976,1265203,0.0,1.1,1.3,-1.3,-0.4,-14.3,-14.3,0.0,-14,3
TM,TEAM_CR,977,1265243,0.0,1.4,1.3,-1.3,0.3,-14.3,-14.3,0.0,-14,3
TM,ADCS_MODE,MANUAL,ADCS_REFERENCE,SUN,TARGET,0.00,POINTING_ERROR,-21.50,SUN_ERROR,-23.67,MAG_ERROR,-169.58,GYRO_Z,91.834,RW_CMD,0
TM,EST_RAW,23.67,EST_FILTERED,23.67,EST_ANGLE,21.50,EST_FILTER,ON,EST_FILTER_TYPE,MOVING_AVERAGE,EST_MA_WINDOW,1,EST_FILTER_STRENGTH,0.35
TM,EST_FUSION,ON,EST_GYRO_WEIGHT,0.98,EST_VALID,1
TM,TEAM_CR,978,1265291,0.0,1.3,1.3,-1.3,0.2,-14.3,-14.3,0.0,-14,3
TM,TEAM_CR,979,1265331,0.0,1.3,1.3,-1.3,-0.6,-14.3,-14.3,0.0,-14,3
TM,TEAM_CR,980,1265371,0.0,1.5,1.3,-1.3,-0.1,-14.3,-14.3,0.0,-14,3
TM,TEAM_CR,981,1265411,0.0,1.3,1.3,-1.3,0.5,-14.3,-14.3,0.0,-14,3
TM,TEAM_CR,982,1265453,0.0,1.2,1.3,-1.3,0.1,-14.3,-14.3,0.0,-14,3
TM,TEAM_CR,983,1265493,0.0,1.4,1.3,-1.3,-0.5,-14.3,-14.3,0.0,-14,3
TM,TEAM_CR,984,1265533,0.0,1.4,1.3,-1.3,0.3,-14.3,-14.3,0.0,-14,3
TM,SUN_L,3692,SUN_R,3523,SUN_NDV,0.0234,SUN_ANGLE,17.03
TM,MAG_X,-14.85,MAG_Y,9.50,MAG_Z,-16.43,MAG_HEADING,147.38
TM,GYRO_X,-17.229,GYRO_Y,-4.130,GYRO_Z,87.967,BODY_RATE,-87.967
TM,TEAM_CR,985,1265573,0.0,1.4,1.3,-1.3,0.6,-14.3,-14.3,0.0,-14,3
TM,TEAM_CR,986,1265613,0.0,1.3,1.3,-1.3,0.1,-14.3,-14.3,0.0,-14,3
TM,TEAM_CR,987,1265653,0.0,1.3,1.3,-1.3,-0.6,-14.3,-14.3,0.0,-14,3
TM,TEAM_CR,988,1265703,0.0,1.3,1.3,-1.3,0.3,-14.3,-14.3,0.0,-14,3
TM,TEAM_CR,989,1265744,0.0,1.1,1.3,-1.3,0.5,-14.3,-14.3,0.0,-14,3
TM,TEAM_CR,990,1265783,0.0,1.3,1.3,-1.3,-0.3,-14.3,-14.3,0.0,-14,3
TM,TEAM_CR,991,1265823,0.0,1.3,1.3,-1.3,-0.5,-14.3,-14.3,0.0,-14,3
TM,TEAM_CR,992,1265863,0.0,1.4,1.3,-1.3,0.1,-14.3,-14.3,0.0,-14,3
TM,TEAM_CR,993,1265910,0.0,1.5,1.3,-1.3,0.1,-14.3,-14.3,0.0,-14,3
TM,TEAM_CR,994,1265954,0.0,1.3,1.3,-1.3,-0.6,-14.3,-14.3,0.0,-14,3
TM,TEAM_CR,995,1265995,0.0,1.4,1.3,-1.3,-0.5,-14.3,-14.3,0.0,-14,3
TM,TEAM_CR,996,1266034,0.0,1.4,1.3,-1.3,0.4,-14.3,-14.3,0.0,-14,3
TM,TEAM_CR,997,1266074,0.0,1.4,1.3,-1.3,0.1,-14.3,-14.3,0.0,-14,3
TM,TEAM_CR,998,1266114,0.0,1.3,1.3,-1.3,-0.5,-14.3,-14.3,0.0,-14,3
TM,TEAM_CR,999,1266154,0.0,1.4,1.3,-1.3,0.3,-14.3,-14.3,0.0,-14,3
TM,TEAM_CR,1000,1266205,0.0,1.3,1.4,-1.4,0.4,-14.3,-14.3,0.0,-14,3
TM,ADCS_MODE,MANUAL,ADCS_REFERENCE,SUN,TARGET,0.00,POINTING_ERROR,-3.22,SUN_ERROR,-3.56,MAG_ERROR,-135.03,GYRO_Z,35.475,RW_CMD,0
TM,EST_RAW,3.56,EST_FILTERED,3.56,EST_ANGLE,3.22,EST_FILTER,ON,EST_FILTER_TYPE,MOVING_AVERAGE,EST_MA_WINDOW,1,EST_FILTER_STRENGTH,0.35
TM,EST_FUSION,ON,EST_GYRO_WEIGHT,0.98,EST_VALID,1
TM,TEAM_CR,1001,1266244,0.0,1.4,1.4,-1.4,-0.1,-14.3,-14.3,0.0,-14,3
TM,TEAM_CR,1002,1266292,0.0,1.4,1.3,-1.3,-0.2,-14.3,-14.3,0.0,-14,3
TM,SUN_L,3690,SUN_R,3642,SUN_NDV,0.0065,SUN_ANGLE,3.34
TM,MAG_X,-17.60,MAG_Y,17.58,MAG_Z,-13.86,MAG_HEADING,135.03
TM,GYRO_X,-7.525,GYRO_Y,-2.835,GYRO_Z,29.884,BODY_RATE,-29.884
TM,TEAM_CR,1003,1266332,0.0,1.5,1.4,-1.4,0.2,-14.3,-14.3,0.0,-14,3
TM,TEAM_CR,1004,1266372,0.0,1.3,1.4,-1.4,0.0,-14.3,-14.3,0.0,-14,3
TM,TEAM_CR,1005,1266412,0.0,1.5,1.4,-1.4,-0.1,-14.3,-14.3,0.0,-14,3
TM,TEAM_CR,1006,1266455,0.0,1.6,1.3,-1.3,-0.4,-14.3,-14.3,0.0,-14,3
TM,TEAM_CR,1007,1266495,0.0,1.3,1.4,-1.4,0.2,-14.3,-14.3,0.0,-14,3
TM,TEAM_CR,1008,1266534,0.0,1.4,1.4,-1.4,0.0,-14.3,-14.3,0.0,-14,3
TM,TEAM_CR,1009,1266574,0.0,1.4,1.4,-1.4,0.0,-14.3,-14.3,0.0,-14,3
TM,TEAM_CR,1010,1266614,0.0,1.3,1.3,-1.3,-0.5,-14.3,-14.3,0.0,-14,3
TM,TEAM_CR,1011,1266654,0.0,1.1,1.3,-1.3,0.3,-14.3,-14.3,0.0,-14,3
TM,TEAM_CR,1012,1266703,0.0,1.6,1.4,-1.4,0.1,-14.3,-14.3,0.0,-14,3
TM,TEAM_CR,1013,1266743,0.0,1.3,1.4,-1.4,-0.5,-14.3,-14.3,0.0,-14,3
TM,TEAM_CR,1014,1266783,0.0,1.4,1.3,-1.3,-0.3,-14.3,-14.3,0.0,-14,3
TM,TEAM_CR,1015,1266823,0.0,1.5,1.4,-1.4,0.4,-14.3,-14.3,0.0,-14,3
TM,TEAM_CR,1016,1266863,0.0,1.5,1.4,-1.4,0.0,-14.3,-14.3,0.0,-14,3
TM,TEAM_CR,1017,1266912,0.0,1.3,1.3,-1.3,-0.6,-14.3,-14.3,0.0,-14,3
TM,TEAM_CR,1018,1266953,0.0,1.5,1.3,-1.3,0.3,-14.3,-14.3,0.0,-14,3
TM,TEAM_CR,1019,1266993,0.0,1.4,1.3,-1.3,0.3,-14.3,-14.3,0.0,-14,3
TM,TEAM_CR,1020,1267033,0.0,1.6,1.3,-1.3,-0.3,-14.3,-14.3,0.0,-14,3
TM,TEAM_CR,1021,1267073,0.0,1.4,1.3,-1.3,-0.4,-14.3,-14.3,0.0,-14,3
TM,SUN_L,3677,SUN_R,3666,SUN_NDV,0.0015,SUN_ANGLE,-0.82
TM,MAG_X,-17.98,MAG_Y,21.15,MAG_Z,-13.26,MAG_HEADING,130.37
TM,GYRO_X,-3.386,GYRO_Y,-2.774,GYRO_Z,10.398,BODY_RATE,-10.398
TM,TEAM_CR,1022,1267113,0.0,1.5,1.3,-1.3,0.3,-14.3,-14.3,0.0,-14,3
TM,ADCS_MODE,MANUAL,ADCS_REFERENCE,SUN,TARGET,0.00,POINTING_ERROR,1.68,SUN_ERROR,0.82,MAG_ERROR,-130.37,GYRO_Z,12.017,RW_CMD,0
TM,EST_RAW,-0.82,EST_FILTERED,-0.82,EST_ANGLE,-1.68,EST_FILTER,ON,EST_FILTER_TYPE,MOVING_AVERAGE,EST_MA_WINDOW,1,EST_FILTER_STRENGTH,0.35
TM,EST_FUSION,ON,EST_GYRO_WEIGHT,0.98,EST_VALID,1
TM,TEAM_CR,1023,1267153,0.0,1.5,1.4,-1.4,0.3,-14.3,-14.3,0.0,-14,3
TM,TEAM_CR,1024,1267204,0.0,1.4,1.4,-1.4,-0.2,-14.3,-14.3,0.0,-14,3
TM,TEAM_CR,1025,1267244,0.0,1.3,1.4,-1.4,0.0,-14.3,-14.3,0.0,-14,3
TM,TEAM_CR,1026,1267292,0.0,1.7,1.4,-1.4,0.5,-14.3,-14.3,0.0,-14,3
TM,TEAM_CR,1027,1267332,0.0,1.4,1.4,-1.4,0.2,-14.3,-14.3,0.0,-14,3
TM,TEAM_CR,1028,1267372,0.0,1.4,1.4,-1.4,-0.6,-14.3,-14.3,0.0,-14,3
TM,TEAM_CR,1029,1267412,0.0,1.5,1.4,-1.4,0.2,-14.3,-14.3,0.0,-14,3
TM,TEAM_CR,1030,1267453,0.0,1.5,1.4,-1.4,0.4,-14.3,-14.3,0.0,-14,3
TM,TEAM_CR,1031,1267493,0.0,1.4,1.4,-1.4,0.0,-14.3,-14.3,0.0,-14,3
TM,TEAM_CR,1032,1267533,0.0,1.5,1.4,-1.4,-0.6,-14.3,-14.3,0.0,-14,3
TM,TEAM_CR,1033,1267573,0.0,1.4,1.4,-1.4,0.2,-14.3,-14.3,0.0,-14,3
TM,TEAM_CR,1034,1267613,0.0,1.5,1.4,-1.4,0.4,-14.3,-14.3,0.0,-14,3
TM,TEAM_CR,1035,1267653,0.0,1.5,1.4,-1.4,-0.2,-14.3,-14.3,0.0,-14,3
TM,TEAM_CR,1036,1267705,0.0,1.3,1.4,-1.4,-0.3,-14.3,-14.3,0.0,-14,3
TM,TEAM_CR,1037,1267745,0.0,1.4,1.4,-1.4,0.3,-14.3,-14.3,0.0,-14,3
TM,TEAM_CR,1038,1267785,0.0,1.3,1.4,-1.4,0.2,-14.3,-14.3,0.0,-14,3
TM,TEAM_CR,1039,1267825,0.0,1.4,1.4,-1.4,-0.4,-14.3,-14.3,0.0,-14,3
TM,SUN_L,3669,SUN_R,3674,SUN_NDV,-0.0007,SUN_ANGLE,-1.97
TM,MAG_X,-18.06,MAG_Y,22.93,MAG_Z,-12.42,MAG_HEADING,128.23
TM,GYRO_X,-5.434,GYRO_Y,-3.203,GYRO_Z,23.007,BODY_RATE,-23.007
TM,TEAM_CR,1040,1267865,0.0,1.4,1.4,-1.4,-0.5,-14.3,-14.3,0.0,-14,3
TM,TEAM_CR,1041,1267912,0.0,1.3,1.4,-1.4,0.3,-14.3,-14.3,0.0,-14,3
TM,TEAM_CR,1042,1267954,0.0,1.2,1.4,-1.4,-0.1,-14.3,-14.3,0.0,-14,3
TM,TEAM_CR,1043,1267993,0.0,1.4,1.4,-1.4,-0.2,-14.3,-14.3,0.0,-14,3
TM,TEAM_CR,1044,1268033,0.0,1.1,1.4,-1.4,0.3,-14.3,-14.3,0.0,-14,3
TM,TEAM_CR,1045,1268073,0.0,1.3,1.4,-1.4,0.5,-14.3,-14.3,0.0,-14,3
TM,ADCS_MODE,MANUAL,ADCS_REFERENCE,SUN,TARGET,0.00,POINTING_ERROR,4.54,SUN_ERROR,3.71,MAG_ERROR,-128.23,GYRO_Z,18.072,RW_CMD,0
TM,EST_RAW,-3.71,EST_FILTERED,-3.71,EST_ANGLE,-4.54,EST_FILTER,ON,EST_FILTER_TYPE,MOVING_AVERAGE,EST_MA_WINDOW,1,EST_FILTER_STRENGTH,0.35
TM,EST_FUSION,ON,EST_GYRO_WEIGHT,0.98,EST_VALID,1
TM,TEAM_CR,1046,1268113,0.0,1.3,1.4,-1.4,0.2,-14.3,-14.3,0.0,-14,3
TM,TEAM_CR,1047,1268153,0.0,1.2,1.4,-1.4,-0.4,-14.3,-14.3,0.0,-14,3
TM,TEAM_CR,1048,1268204,0.0,1.2,1.4,-1.4,0.5,-14.3,-14.3,0.0,-14,3
TM,TEAM_CR,1049,1268244,0.0,1.3,1.4,-1.4,0.3,-14.3,-14.3,0.0,-14,3
TM,TEAM_CR,1050,1268292,0.0,1.4,1.3,-1.3,-0.5,-14.3,-14.3,0.0,-14,3
TM,TEAM_CR,1051,1268332,0.0,1.3,1.3,-1.3,-0.2,-14.3,-14.3,0.0,-14,3
TM,TEAM_CR,1052,1268372,0.0,1.3,1.3,-1.3,0.6,-14.3,-14.3,0.0,-14,3
TM,TEAM_CR,1053,1268412,0.0,1.3,1.4,-1.4,0.1,-14.3,-14.3,0.0,-14,3
TM,TEAM_CR,1054,1268454,0.0,1.3,1.3,-1.3,-0.6,-14.3,-14.3,0.0,-14,3
TM,TEAM_CR,1055,1268493,0.0,1.2,1.3,-1.3,-0.2,-14.3,-14.3,0.0,-14,3
TM,TEAM_CR,1056,1268533,0.0,1.4,1.3,-1.3,0.3,-14.3,-14.3,0.0,-14,3
TM,TEAM_CR,1057,1268573,0.0,1.3,1.3,-1.3,-0.2,-14.3,-14.3,0.0,-14,3
TM,SUN_L,3653,SUN_R,3685,SUN_NDV,-0.0044,SUN_ANGLE,-5.55
TM,MAG_X,-18.11,MAG_Y,24.93,MAG_Z,-11.82,MAG_HEADING,126.00
TM,GYRO_X,-0.577,GYRO_Y,-2.756,GYRO_Z,-0.216,BODY_RATE,0.216
TM,TEAM_CR,1058,1268613,0.0,1.3,1.3,-1.3,-0.5,-14.3,-14.3,0.0,-14,3
TM,TEAM_CR,1059,1268654,0.0,1.2,1.3,-1.3,0.1,-14.3,-14.3,0.0,-14,3
TM,TEAM_CR,1060,1268702,0.0,1.2,1.3,-1.3,0.6,-14.3,-14.3,0.0,-14,3
TM,TEAM_CR,1061,1268742,0.0,1.2,1.3,-1.3,-0.2,-14.3,-14.3,0.0,-14,3
TM,TEAM_CR,1062,1268782,0.0,1.4,1.3,-1.3,-0.3,-14.3,-14.3,0.0,-14,3
TM,TEAM_CR,1063,1268822,0.0,1.4,1.3,-1.3,0.3,-14.3,-14.3,0.0,-14,3
TM,TEAM_CR,1064,1268862,0.0,1.5,1.3,-1.3,0.1,-14.3,-14.3,0.0,-14,3
TM,TEAM_CR,1065,1268912,0.0,1.2,1.3,-1.3,-0.3,-14.3,-14.3,0.0,-14,3
TM,TEAM_CR,1066,1268954,0.0,1.3,1.3,-1.3,-0.1,-14.3,-14.3,0.0,-14,3
TM,TEAM_CR,1067,1268994,0.0,1.5,1.3,-1.3,0.2,-14.3,-14.3,0.0,-14,3
TM,TEAM_CR,1068,1269034,0.0,1.2,1.3,-1.3,0.5,-14.3,-14.3,0.0,-14,3
TM,ADCS_MODE,MANUAL,ADCS_REFERENCE,SUN,TARGET,0.00,POINTING_ERROR,6.09,SUN_ERROR,5.46,MAG_ERROR,-125.73,GYRO_Z,2.164,RW_CMD,0
TM,EST_RAW,-5.46,EST_FILTERED,-5.46,EST_ANGLE,-6.09,EST_FILTER,ON,EST_FILTER_TYPE,MOVING_AVERAGE,EST_MA_WINDOW,1,EST_FILTER_STRENGTH,0.35
TM,EST_FUSION,ON,EST_GYRO_WEIGHT,0.98,EST_VALID,1
TM,TEAM_CR,1069,1269074,0.0,1.3,1.3,-1.3,-0.4,-14.3,-14.3,0.0,-14,3
TM,TEAM_CR,1070,1269114,0.0,1.2,1.3,-1.3,0.2,-14.3,-14.3,0.0,-14,3
TM,TEAM_CR,1071,1269155,0.0,1.3,1.3,-1.3,0.4,-14.3,-14.3,0.0,-14,3
TM,TEAM_CR,1072,1269204,0.0,1.3,1.3,-1.3,-0.2,-14.3,-14.3,0.0,-14,3
TM,TEAM_CR,1073,1269244,0.0,1.3,1.3,-1.3,-0.6,-14.3,-14.3,0.0,-14,3
TM,TEAM_CR,1074,1269292,0.0,1.4,1.3,-1.3,0.2,-14.3,-14.3,0.0,-14,3
TM,TEAM_CR,1075,1269332,0.0,1.2,1.3,-1.3,0.0,-14.3,-14.3,0.0,-14,3
TM,SUN_L,3649,SUN_R,3686,SUN_NDV,-0.0050,SUN_ANGLE,-5.65
TM,MAG_X,-18.02,MAG_Y,25.04,MAG_Z,-11.86,MAG_HEADING,125.73
TM,GYRO_X,-1.015,GYRO_Y,-2.319,GYRO_Z,-0.443,BODY_RATE,0.443
TM,TEAM_CR,1076,1269372,0.0,1.1,1.3,-1.3,-0.2,-14.3,-14.3,0.0,-14,3
TM,TEAM_CR,1077,1269412,0.0,1.3,1.3,-1.3,-0.4,-14.3,-14.3,0.0,-14,3
TM,TEAM_CR,1078,1269454,0.0,1.4,1.3,-1.3,0.2,-14.3,-14.3,0.0,-14,3
TM,TEAM_CR,1079,1269494,0.0,1.4,1.3,-1.3,0.1,-14.3,-14.3,0.0,-14,3
TM,TEAM_CR,1080,1269534,0.0,1.2,1.3,-1.3,-0.3,-14.3,-14.3,0.0,-14,3
TM,TEAM_CR,1081,1269575,0.0,1.2,1.3,-1.3,0.0,-14.3,-14.3,0.0,-14,3
TM,TEAM_CR,1082,1269614,0.0,1.2,1.3,-1.3,0.6,-14.3,-14.3,0.0,-14,3
TM,TEAM_CR,1083,1269654,0.0,1.3,1.3,-1.3,0.1,-14.3,-14.3,0.0,-14,3
TM,TEAM_CR,1084,1269704,0.0,1.5,1.3,-1.3,-0.5,-14.3,-14.3,0.0,-14,3
TM,TEAM_CR,1085,1269744,0.0,1.3,1.3,-1.3,0.4,-14.3,-14.3,0.0,-14,3
TM,TEAM_CR,1086,1269785,0.0,1.2,1.3,-1.3,0.4,-14.3,-14.3,0.0,-14,3
TM,TEAM_CR,1087,1269824,0.0,1.1,1.3,-1.3,-0.2,-14.3,-14.3,0.0,-14,3
TM,TEAM_CR,1088,1269864,0.0,1.2,1.3,-1.3,-0.5,-14.3,-14.3,0.0,-14,3
TM,TEAM_CR,1089,1269912,0.0,1.2,1.3,-1.3,0.4,-14.3,-14.3,0.0,-14,3
TM,TEAM_CR,1090,1269955,0.0,1.2,1.3,-1.3,0.5,-14.3,-14.3,0.0,-14,3
TM,TEAM_CR,1091,1269995,0.0,1.5,1.3,-1.3,0.0,-14.3,-14.3,0.0,-14,3
TM,ADCS_MODE,MANUAL,ADCS_REFERENCE,SUN,TARGET,0.00,POINTING_ERROR,5.71,SUN_ERROR,5.57,MAG_ERROR,-125.97,GYRO_Z,0.160,RW_CMD,0
TM,EST_RAW,-5.57,EST_FILTERED,-5.57,EST_ANGLE,-5.71,EST_FILTER,ON,EST_FILTER_TYPE,MOVING_AVERAGE,EST_MA_WINDOW,1,EST_FILTER_STRENGTH,0.35
TM,EST_FUSION,ON,EST_GYRO_WEIGHT,0.98,EST_VALID,1
TM,TEAM_CR,1092,1270036,0.0,1.3,1.3,-1.3,-0.2,-14.3,-14.3,0.0,-14,3
TM,TEAM_CR,1093,1270075,0.0,1.3,1.3,-1.3,0.5,-14.3,-14.3,0.0,-14,3
TM,SUN_L,3654,SUN_R,3685,SUN_NDV,-0.0042,SUN_ANGLE,-5.25
TM,MAG_X,-18.05,MAG_Y,24.86,MAG_Z,-11.87,MAG_HEADING,125.97
TM,GYRO_X,-1.269,GYRO_Y,-2.336,GYRO_Z,0.213,BODY_RATE,-0.213
TM,TEAM_CR,1094,1270116,0.0,1.3,1.3,-1.3,0.2,-14.3,-14.3,0.0,-14,3
TM,TEAM_CR,1095,1270155,0.0,1.4,1.3,-1.3,-0.5,-14.3,-14.3,0.0,-14,3
TM,TEAM_CR,1096,1270205,0.0,1.0,1.3,-1.3,0.2,-14.3,-14.3,0.0,-14,3
TM,TEAM_CR,1097,1270245,0.0,1.5,1.3,-1.3,0.7,-14.3,-14.3,0.0,-14,3
TM,TEAM_CR,1098,1270293,0.0,1.4,1.3,-1.3,-0.1,-14.3,-14.3,0.0,-14,3
TM,TEAM_CR,1099,1270333,0.0,1.2,1.3,-1.3,-0.8,-14.3,-14.3,0.0,-14,3
TM,TEAM_CR,1100,1270373,0.0,1.1,1.3,-1.3,0.4,-14.3,-14.3,0.0,-14,3
TM,TEAM_CR,1101,1270413,0.0,1.4,1.3,-1.3,0.0,-14.3,-14.3,0.0,-14,3
TM,TEAM_CR,1102,1270455,0.0,1.3,1.3,-1.3,-0.2,-14.3,-14.3,0.0,-14,3
TM,TEAM_CR,1103,1270496,0.0,1.3,1.3,-1.3,-0.6,-14.3,-14.3,0.0,-14,3
TM,TEAM_CR,1104,1270535,0.0,1.4,1.3,-1.3,0.3,-14.3,-14.3,0.0,-14,3
TM,TEAM_CR,1105,1270575,0.0,1.3,1.3,-1.3,0.2,-14.3,-14.3,0.0,-14,3
TM,TEAM_CR,1106,1270615,0.0,1.2,1.3,-1.3,-0.1,-14.3,-14.3,0.0,-14,3
TM,TEAM_CR,1107,1270655,0.0,1.2,1.3,-1.3,-0.1,-14.3,-14.3,0.0,-14,3
TM,TEAM_CR,1108,1270706,0.0,1.3,1.3,-1.3,0.5,-14.3,-14.3,0.0,-14,3
TM,TEAM_CR,1109,1270745,0.0,1.3,1.3,-1.3,-0.1,-14.3,-14.3,0.0,-14,3
TM,TEAM_CR,1110,1270785,0.0,1.3,1.3,-1.3,-0.4,-14.3,-14.3,0.0,-14,3
TM,TEAM_CR,1111,1270825,0.0,1.4,1.3,-1.3,0.3,-14.3,-14.3,0.0,-14,3
TM,TEAM_CR,1112,1270865,0.0,1.4,1.3,-1.3,0.3,-14.3,-14.3,0.0,-14,3
TM,SUN_L,3653,SUN_R,3684,SUN_NDV,-0.0042,SUN_ANGLE,-4.99
TM,MAG_X,-18.03,MAG_Y,24.85,MAG_Z,-11.81,MAG_HEADING,125.97
TM,GYRO_X,-0.087,GYRO_Y,-3.045,GYRO_Z,-6.078,BODY_RATE,6.078
TM,TEAM_CR,1113,1270913,0.0,1.0,1.3,-1.3,0.0,-14.3,-14.3,0.0,-14,3
TM,ADCS_MODE,MANUAL,ADCS_REFERENCE,SUN,TARGET,0.00,POINTING_ERROR,5.17,SUN_ERROR,4.88,MAG_ERROR,-125.97,GYRO_Z,-7.023,RW_CMD,0
TM,EST_RAW,-4.88,EST_FILTERED,-4.88,EST_ANGLE,-5.17,EST_FILTER,ON,EST_FILTER_TYPE,MOVING_AVERAGE,EST_MA_WINDOW,1,EST_FILTER_STRENGTH,0.35
TM,EST_FUSION,ON,EST_GYRO_WEIGHT,0.98,EST_VALID,1
TM,TEAM_CR,1114,1270955,0.0,1.2,1.3,-1.3,-0.6,-14.3,-14.3,0.0,-14,3
TM,TEAM_CR,1115,1270995,0.0,1.3,1.3,-1.3,0.4,-14.3,-14.3,0.0,-14,3
TM,TEAM_CR,1116,1271035,0.0,1.4,1.3,-1.3,0.2,-14.3,-14.3,0.0,-14,3
TM,TEAM_CR,1117,1271075,0.0,1.5,1.3,-1.3,-0.2,-14.3,-14.3,0.0,-14,3
TM,TEAM_CR,1118,1271115,0.0,1.4,1.3,-1.3,-0.2,-14.3,-14.3,0.0,-14,3
TM,TEAM_CR,1119,1271155,0.0,1.1,1.3,-1.3,0.5,-14.3,-14.3,0.0,-14,3
TM,TEAM_CR,1120,1271206,0.0,1.4,1.3,-1.3,0.1,-14.3,-14.3,0.0,-14,3
TM,TEAM_CR,1121,1271245,0.0,1.1,1.3,-1.3,-0.6,-14.3,-14.3,0.0,-14,3
TM,TEAM_CR,1122,1271293,0.0,1.2,1.3,-1.3,0.2,-14.3,-14.3,0.0,-14,3
TM,TEAM_CR,1123,1271332,0.0,1.4,1.3,-1.3,0.2,-14.3,-14.3,0.0,-14,3
TM,TEAM_CR,1124,1271372,0.0,1.2,1.3,-1.3,-0.3,-14.3,-14.3,0.0,-14,3
TM,TEAM_CR,1125,1271412,0.0,1.3,1.3,-1.3,-0.6,-14.3,-14.3,0.0,-14,3
TM,TEAM_CR,1126,1271454,0.0,1.2,1.3,-1.3,0.3,-14.3,-14.3,0.0,-14,3
TM,TEAM_CR,1127,1271494,0.0,1.5,1.3,-1.3,0.4,-14.3,-14.3,0.0,-14,3
TM,TEAM_CR,1128,1271534,0.0,1.4,1.3,-1.3,-0.4,-14.3,-14.3,0.0,-14,3
TM,TEAM_CR,1129,1271574,0.0,1.3,1.3,-1.3,-0.3,-14.3,-14.3,0.0,-14,3
TM,TEAM_CR,1130,1271614,0.0,1.3,1.3,-1.3,0.7,-14.3,-14.3,0.0,-14,3
TM,SUN_L,3657,SUN_R,3682,SUN_NDV,-0.0034,SUN_ANGLE,-4.41
TM,MAG_X,-18.43,MAG_Y,24.38,MAG_Z,-12.11,MAG_HEADING,127.09
TM,GYRO_X,-0.980,GYRO_Y,-2.065,GYRO_Z,-0.977,BODY_RATE,0.977
TM,TEAM_CR,1131,1271654,0.0,1.4,1.3,-1.3,0.2,-14.3,-14.3,0.0,-14,3
TM,TEAM_CR,1132,1271704,0.0,1.4,1.3,-1.3,-0.5,-14.3,-14.3,0.0,-14,3
TM,TEAM_CR,1133,1271744,0.0,1.2,1.3,-1.3,0.0,-14.3,-14.3,0.0,-14,3
TM,TEAM_CR,1134,1271784,0.0,1.2,1.3,-1.3,0.6,-14.3,-14.3,0.0,-14,3
TM,TEAM_CR,1135,1271824,0.0,1.1,1.3,-1.3,-0.1,-14.3,-14.3,0.0,-14,3
TM,TEAM_CR,1136,1271864,0.0,1.1,1.3,-1.3,-0.5,-14.3,-14.3,0.0,-14,3
TM,ADCS_MODE,MANUAL,ADCS_REFERENCE,SUN,TARGET,0.00,POINTING_ERROR,4.58,SUN_ERROR,4.20,MAG_ERROR,-127.09,GYRO_Z,-1.030,RW_CMD,0
TM,EST_RAW,-4.20,EST_FILTERED,-4.20,EST_ANGLE,-4.58,EST_FILTER,ON,EST_FILTER_TYPE,MOVING_AVERAGE,EST_MA_WINDOW,1,EST_FILTER_STRENGTH,0.35
TM,EST_FUSION,ON,EST_GYRO_WEIGHT,0.98,EST_VALID,1
TM,TEAM_CR,1137,1271913,0.0,1.1,1.3,-1.3,0.6,-14.3,-14.3,0.0,-14,3
TM,TEAM_CR,1138,1271954,0.0,1.4,1.3,-1.3,0.1,-14.3,-14.3,0.0,-14,3
TM,TEAM_CR,1139,1271994,0.0,1.3,1.3,-1.3,-0.2,-14.3,-14.3,0.0,-14,3
TM,TEAM_CR,1140,1272034,0.0,1.1,1.3,-1.3,-0.2,-14.3,-14.3,0.0,-14,3
TM,TEAM_CR,1141,1272074,0.0,1.3,1.3,-1.3,0.4,-14.3,-14.3,0.0,-14,3
TM,TEAM_CR,1142,1272114,0.0,1.3,1.3,-1.3,0.1,-14.3,-14.3,0.0,-14,3
TM,TEAM_CR,1143,1272154,0.0,1.3,1.3,-1.3,-0.1,-14.3,-14.3,0.0,-14,3
TM,TEAM_CR,1144,1272205,0.0,1.2,1.3,-1.3,0.3,-14.3,-14.3,0.0,-14,3
TM,TEAM_CR,1145,1272245,0.0,1.3,1.3,-1.3,0.5,-14.3,-14.3,0.0,-14,3
TM,TEAM_CR,1146,1272293,0.0,1.3,1.3,-1.3,-0.2,-14.3,-14.3,0.0,-14,3
TM,TEAM_CR,1147,1272333,0.0,1.3,1.3,-1.3,-0.4,-14.3,-14.3,0.0,-14,3
TM,TEAM_CR,1148,1272373,0.0,1.4,1.3,-1.3,0.3,-14.3,-14.3,0.0,-14,3
TM,SUN_L,3658,SUN_R,3683,SUN_NDV,-0.0034,SUN_ANGLE,-4.44
TM,MAG_X,-18.05,MAG_Y,24.32,MAG_Z,-12.02,MAG_HEADING,126.58
TM,GYRO_X,-0.884,GYRO_Y,-2.152,GYRO_Z,-0.758,BODY_RATE,0.758
TM,TEAM_CR,1149,1272413,0.0,1.3,1.3,-1.3,0.3,-14.3,-14.3,0.0,-14,3
TM,TEAM_CR,1150,1272455,0.0,1.2,1.3,-1.3,-0.4,-14.3,-14.3,0.0,-14,3
TM,TEAM_CR,1151,1272494,0.0,1.3,1.3,-1.3,-0.2,-14.3,-14.3,0.0,-14,3
TM,TEAM_CR,1152,1272534,0.0,1.3,1.3,-1.3,0.4,-14.3,-14.3,0.0,-14,3
TM,TEAM_CR,1153,1272574,0.0,1.1,1.3,-1.3,0.1,-14.3,-14.3,0.0,-14,3
TM,TEAM_CR,1154,1272614,0.0,1.1,1.3,-1.3,-0.5,-14.3,-14.3,0.0,-14,3
TM,TEAM_CR,1155,1272654,0.0,1.3,1.3,-1.3,0.0,-14.3,-14.3,0.0,-14,3
TM,TEAM_CR,1156,1272704,0.0,1.2,1.3,-1.3,0.4,-14.3,-14.3,0.0,-14,3
TM,TEAM_CR,1157,1272744,0.0,1.3,1.3,-1.3,0.0,-14.3,-14.3,0.0,-14,3
TM,TEAM_CR,1158,1272784,0.0,1.2,1.3,-1.3,-0.4,-14.3,-14.3,0.0,-14,3
TM,TEAM_CR,1159,1272824,0.0,1.3,1.3,-1.3,0.1,-14.3,-14.3,0.0,-14,3
TM,ADCS_MODE,MANUAL,ADCS_REFERENCE,SUN,TARGET,0.00,POINTING_ERROR,4.42,SUN_ERROR,4.27,MAG_ERROR,-126.94,GYRO_Z,-0.977,RW_CMD,0
TM,EST_RAW,-4.27,EST_FILTERED,-4.27,EST_ANGLE,-4.42,EST_FILTER,ON,EST_FILTER_TYPE,MOVING_AVERAGE,EST_MA_WINDOW,1,EST_FILTER_STRENGTH,0.35
TM,EST_FUSION,ON,EST_GYRO_WEIGHT,0.98,EST_VALID,1
TM,TEAM_CR,1160,1272864,0.0,1.3,1.3,-1.3,0.4,-14.3,-14.3,0.0,-14,3
TM,TEAM_CR,1161,1272913,0.0,1.1,1.3,-1.3,-0.3,-14.3,-14.3,0.0,-14,3
TM,TEAM_CR,1162,1272955,0.0,1.2,1.3,-1.3,-0.4,-14.3,-14.3,0.0,-14,3
TM,TEAM_CR,1163,1272995,0.0,1.0,1.3,-1.3,0.4,-14.3,-14.3,0.0,-14,3
TM,TEAM_CR,1164,1273035,0.0,1.2,1.3,-1.3,0.1,-14.3,-14.3,0.0,-14,3
TM,TEAM_CR,1165,1273075,0.0,1.4,1.3,-1.3,0.1,-14.3,-14.3,0.0,-14,3
TM,TEAM_CR,1166,1273116,0.0,1.3,1.3,-1.3,-0.2,-14.3,-14.3,0.0,-14,3
TM,SUN_L,3657,SUN_R,3681,SUN_NDV,-0.0033,SUN_ANGLE,-4.23
TM,MAG_X,-18.35,MAG_Y,24.37,MAG_Z,-12.11,MAG_HEADING,126.98
TM,GYRO_X,-1.374,GYRO_Y,-2.546,GYRO_Z,1.464,BODY_RATE,-1.464
TM,TEAM_CR,1167,1273155,0.0,1.4,1.3,-1.3,0.3,-14.3,-14.3,0.0,-14,3
TM,TEAM_CR,1168,1273205,0.0,1.2,1.3,-1.3,-0.1,-14.3,-14.3,0.0,-14,3
TM,TEAM_CR,1169,1273245,0.0,1.2,1.2,-1.2,-0.5,-14.3,-14.3,0.0,-14,3
TM,TEAM_CR,1170,1273293,0.0,1.1,1.2,-1.2,0.2,-14.3,-14.3,0.0,-14,3
TM,TEAM_CR,1171,1273333,0.0,1.3,1.3,-1.3,0.1,-14.3,-14.3,0.0,-14,3
TM,TEAM_CR,1172,1273373,0.0,1.4,1.2,-1.2,-0.3,-14.3,-14.3,0.0,-14,3
TM,TEAM_CR,1173,1273413,0.0,1.1,1.2,-1.2,-0.4,-14.3,-14.3,0.0,-14,3
TM,TEAM_CR,1174,1273455,0.0,1.4,1.2,-1.2,0.3,-14.3,-14.3,0.0,-14,3
TM,TEAM_CR,1175,1273495,0.0,1.2,1.2,-1.2,0.2,-14.3,-14.3,0.0,-14,3
TM,TEAM_CR,1176,1273536,0.0,1.5,1.2,-1.2,-0.3,-14.3,-14.3,0.0,-14,3
TM,TEAM_CR,1177,1273575,0.0,1.2,1.2,-1.2,-0.2,-14.3,-14.3,0.0,-14,3
TM,TEAM_CR,1178,1273615,0.0,1.0,1.2,-1.2,0.3,-14.3,-14.3,0.0,-14,3
TM,TEAM_CR,1179,1273655,0.0,1.1,1.2,-1.2,0.1,-14.3,-14.3,0.0,-14,3
TM,TEAM_CR,1180,1273705,0.0,0.9,1.2,-1.2,-0.6,-14.3,-14.3,0.0,-14,3
TM,TEAM_CR,1181,1273745,0.0,1.2,1.2,-1.2,-0.1,-14.3,-14.3,0.0,-14,3
TM,TEAM_CR,1182,1273786,0.0,1.1,1.2,-1.2,0.4,-14.3,-14.3,0.0,-14,3
TM,ADCS_MODE,MANUAL,ADCS_REFERENCE,SUN,TARGET,0.00,POINTING_ERROR,4.44,SUN_ERROR,4.29,MAG_ERROR,-126.76,GYRO_Z,-1.091,RW_CMD,0
TM,EST_RAW,-4.29,EST_FILTERED,-4.29,EST_ANGLE,-4.44,EST_FILTER,ON,EST_FILTER_TYPE,MOVING_AVERAGE,EST_MA_WINDOW,1,EST_FILTER_STRENGTH,0.35
TM,EST_FUSION,ON,EST_GYRO_WEIGHT,0.98,EST_VALID,1
TM,TEAM_CR,1183,1273825,0.0,1.3,1.2,-1.2,-0.2,-14.3,-14.3,0.0,-14,3
TM,TEAM_CR,1184,1273865,0.0,0.9,1.2,-1.2,-0.4,-14.3,-14.3,0.0,-14,3
TM,SUN_L,3658,SUN_R,3682,SUN_NDV,-0.0033,SUN_ANGLE,-4.34
TM,MAG_X,-18.22,MAG_Y,24.40,MAG_Z,-12.10,MAG_HEADING,126.76
TM,GYRO_X,0.044,GYRO_Y,-1.811,GYRO_Z,-8.747,BODY_RATE,8.747
TM,TEAM_CR,1185,1273912,0.0,1.2,1.2,-1.2,0.5,-14.3,-14.3,0.0,-14,3
TM,TEAM_CR,1186,1273956,0.0,1.2,1.2,-1.2,0.2,-14.3,-14.3,0.0,-14,3
TM,TEAM_CR,1187,1273997,0.0,1.3,1.2,-1.2,-0.6,-14.3,-14.3,0.0,-14,3
TM,TEAM_CR,1188,1274037,0.0,1.2,1.2,-1.2,-0.2,-14.3,-14.3,0.0,-14,3
TM,TEAM_CR,1189,1274076,0.0,1.3,1.2,-1.2,0.5,-14.3,-14.3,0.0,-14,3
TM,TEAM_CR,1190,1274116,0.0,1.2,1.2,-1.2,-0.2,-14.3,-14.3,0.0,-14,3
TM,TEAM_CR,1191,1274156,0.0,1.5,1.2,-1.2,-0.5,-14.3,-14.3,0.0,-14,3
TM,TEAM_CR,1192,1274207,0.0,1.1,1.2,-1.2,0.2,-14.3,-14.3,0.0,-14,3
TM,TEAM_CR,1193,1274247,0.0,1.3,1.2,-1.2,0.2,-14.3,-14.3,0.0,-14,3
TM,TEAM_CR,1194,1274294,0.0,1.3,1.2,-1.2,-0.4,-14.3,-14.3,0.0,-14,3
TM,TEAM_CR,1195,1274334,0.0,1.3,1.2,-1.2,-0.1,-14.3,-14.3,0.0,-14,3
TM,TEAM_CR,1196,1274375,0.0,1.0,1.2,-1.2,0.3,-14.3,-14.3,0.0,-14,3
TM,TEAM_CR,1197,1274414,0.0,1.1,1.2,-1.2,0.0,-14.3,-14.3,0.0,-14,3
TM,TEAM_CR,1198,1274456,0.0,1.1,1.2,-1.2,-0.4,-14.3,-14.3,0.0,-14,3
TM,TEAM_CR,1199,1274497,0.0,1.2,1.2,-1.2,0.2,-14.3,-14.3,0.0,-14,3
TM,TEAM_CR,1200,1274536,0.0,1.4,1.2,-1.2,0.4,-14.3,-14.3,0.0,-14,3
TM,TEAM_CR,1201,1274576,0.0,1.5,1.2,-1.2,0.2,-14.3,-14.3,0.0,-14,3
TM,TEAM_CR,1202,1274616,0.0,1.3,1.2,-1.2,-0.4,-14.3,-14.3,0.0,-14,3
TM,TEAM_CR,1203,1274656,0.0,1.1,1.2,-1.2,0.3,-14.3,-14.3,0.0,-14,3
TM,SUN_L,3688,SUN_R,3640,SUN_NDV,0.0066,SUN_ANGLE,3.30
TM,MAG_X,-18.02,MAG_Y,22.21,MAG_Z,-13.02,MAG_HEADING,129.05
TM,GYRO_X,10.736,GYRO_Y,-1.269,GYRO_Z,-71.625,BODY_RATE,71.625
TM,TEAM_CR,1204,1274705,0.0,1.4,1.2,-1.2,0.3,-14.3,-14.3,0.0,-14,3
TM,ADCS_MODE,MANUAL,ADCS_REFERENCE,SUN,TARGET,0.00,POINTING_ERROR,-6.53,SUN_ERROR,-4.70,MAG_ERROR,-129.05,GYRO_Z,-74.923,RW_CMD,0
TM,EST_RAW,4.70,EST_FILTERED,4.70,EST_ANGLE,6.53,EST_FILTER,ON,EST_FILTER_TYPE,MOVING_AVERAGE,EST_MA_WINDOW,1,EST_FILTER_STRENGTH,0.35
TM,EST_FUSION,ON,EST_GYRO_WEIGHT,0.98,EST_VALID,1
TM,TEAM_CR,1205,1274745,0.0,1.4,1.2,-1.2,0.0,-14.3,-14.3,0.0,-14,3
TM,TEAM_CR,1206,1274785,0.0,1.2,1.2,-1.2,-0.4,-14.3,-14.3,0.0,-14,3
TM,TEAM_CR,1207,1274825,0.0,1.2,1.2,-1.2,0.2,-14.3,-14.3,0.0,-14,3
TM,TEAM_CR,1208,1274865,0.0,1.3,1.2,-1.2,-0.1,-14.3,-14.3,0.0,-14,3
TM,TEAM_CR,1209,1274914,0.0,1.2,1.2,-1.2,-0.7,-14.3,-14.3,0.0,-14,3
TM,TEAM_CR,1210,1274955,0.0,1.2,1.2,-1.2,-0.1,-14.3,-14.3,0.0,-14,3
TM,TEAM_CR,1211,1274995,0.0,1.3,1.2,-1.2,0.2,-14.3,-14.3,0.0,-14,3
TM,TEAM_CR,1212,1275035,0.0,1.1,1.2,-1.2,-0.1,-14.3,-14.3,0.0,-14,3
TM,TEAM_CR,1213,1275075,0.0,1.2,1.2,-1.2,-0.4,-14.3,-14.3,0.0,-14,3
TM,TEAM_CR,1214,1275115,0.0,1.2,1.2,-1.2,0.3,-14.3,-14.3,0.0,-14,3
TM,TEAM_CR,1215,1275155,0.0,1.3,1.2,-1.2,0.3,-14.3,-14.3,0.0,-14,3
TM,TEAM_CR,1216,1275206,0.0,1.3,1.2,-1.2,0.0,-14.3,-14.3,0.0,-14,3
TM,TEAM_CR,1217,1275246,0.0,1.1,1.2,-1.2,-0.4,-14.3,-14.3,0.0,-14,3
TM,TEAM_CR,1218,1275294,0.0,1.1,1.2,-1.2,0.6,-14.3,-14.3,0.0,-14,3
TM,TEAM_CR,1219,1275335,0.0,1.0,1.2,-1.2,0.1,-14.3,-14.3,0.0,-14,3
TM,TEAM_CR,1220,1275374,0.0,1.3,1.2,-1.2,-0.8,-14.3,-14.3,0.0,-14,3
TM,TEAM_CR,1221,1275414,0.0,1.1,1.2,-1.2,-0.2,-14.3,-14.3,0.0,-14,3
TM,SUN_L,3682,SUN_R,3490,SUN_NDV,0.0268,SUN_ANGLE,19.69
TM,MAG_X,-16.96,MAG_Y,14.83,MAG_Z,-14.93,MAG_HEADING,138.83
TM,GYRO_X,13.256,GYRO_Y,-2.188,GYRO_Z,-86.876,BODY_RATE,86.876
TM,TEAM_CR,1222,1275455,0.0,1.2,1.2,-1.2,0.3,-14.3,-14.3,0.0,-14,3
TM,TEAM_CR,1223,1275495,0.0,1.2,1.2,-1.2,0.1,-14.3,-14.3,0.0,-14,3
TM,TEAM_CR,1224,1275535,0.0,1.2,1.2,-1.2,-0.2,-14.3,-14.3,0.0,-14,3
TM,TEAM_CR,1225,1275575,0.0,1.2,1.2,-1.2,0.2,-14.3,-14.3,0.0,-14,3
TM,TEAM_CR,1226,1275615,0.0,1.2,1.2,-1.2,0.2,-14.3,-14.3,0.0,-14,3
TM,TEAM_CR,1227,1275655,0.0,1.3,1.2,-1.2,0.1,-14.3,-14.3,0.0,-14,3
TM,ADCS_MODE,MANUAL,ADCS_REFERENCE,SUN,TARGET,0.00,POINTING_ERROR,-26.28,SUN_ERROR,-23.58,MAG_ERROR,-153.35,GYRO_Z,-77.286,RW_CMD,0
TM,EST_RAW,23.58,EST_FILTERED,23.58,EST_ANGLE,26.28,EST_FILTER,ON,EST_FILTER_TYPE,MOVING_AVERAGE,EST_MA_WINDOW,1,EST_FILTER_STRENGTH,0.35
TM,EST_FUSION,ON,EST_GYRO_WEIGHT,0.98,EST_VALID,1
TM,TEAM_CR,1228,1275707,0.0,1.4,1.2,-1.2,-0.2,-14.3,-14.3,0.0,-14,3
TM,TEAM_CR,1229,1275747,0.0,1.1,1.2,-1.2,0.3,-14.3,-14.3,0.0,-14,3
TM,TEAM_CR,1230,1275787,0.0,1.3,1.2,-1.2,0.0,-14.3,-14.3,0.0,-14,3
TM,TEAM_CR,1231,1275827,0.0,1.5,1.2,-1.2,-0.4,-14.3,-14.3,0.0,-14,3
TM,TEAM_CR,1232,1275867,0.0,1.3,1.2,-1.2,0.0,-14.3,-14.3,0.0,-14,3
TM,TEAM_CR,1233,1275914,0.0,1.3,1.2,-1.2,0.3,-14.3,-14.3,0.0,-14,3
TM,TEAM_CR,1234,1275956,0.0,1.2,1.2,-1.2,-0.1,-14.3,-14.3,0.0,-14,3
TM,TEAM_CR,1235,1275995,0.0,1.3,1.2,-1.2,-0.3,-14.3,-14.3,0.0,-14,3
TM,TEAM_CR,1236,1276035,0.0,1.2,1.2,-1.2,0.1,-14.3,-14.3,0.0,-14,3
TM,TEAM_CR,1237,1276075,0.0,1.5,1.2,-1.2,0.3,-14.3,-14.3,0.0,-14,3
TM,TEAM_CR,1238,1276115,0.0,1.2,1.2,-1.2,-0.3,-14.3,-14.3,0.0,-14,3
TM,TEAM_CR,1239,1276155,0.0,1.1,1.2,-1.2,-0.4,-14.3,-14.3,0.0,-14,3
TM,SUN_L,3611,SUN_R,3265,SUN_NDV,0.0503,SUN_ANGLE,30.59
TM,MAG_X,-9.79,MAG_Y,2.08,MAG_Z,-18.69,MAG_HEADING,168.01
TM,GYRO_X,2.625,GYRO_Y,-3.281,GYRO_Z,-22.345,BODY_RATE,22.345
TM,TEAM_CR,1240,1276206,0.0,1.0,1.2,-1.2,0.3,-14.3,-14.3,0.0,-14,3
TM,TEAM_CR,1241,1276246,0.0,1.3,1.2,-1.2,0.1,-14.3,-14.3,0.0,-14,3
TM,TEAM_CR,1242,1276294,0.0,1.4,1.2,-1.2,-0.4,-14.3,-14.3,0.0,-14,3
TM,TEAM_CR,1243,1276334,0.0,1.4,1.2,-1.2,0.2,-14.3,-14.3,0.0,-14,3
TM,TEAM_CR,1244,1276374,0.0,1.6,1.3,-1.3,0.6,-14.3,-14.3,0.0,-14,3
TM,TEAM_CR,1245,1276414,0.0,1.4,1.3,-1.3,-0.1,-14.3,-14.3,0.0,-14,3
TM,TEAM_CR,1246,1276456,0.0,1.3,1.3,-1.3,-0.6,-14.3,-14.3,0.0,-14,3
TM,TEAM_CR,1247,1276495,0.0,1.5,1.3,-1.3,0.0,-14.3,-14.3,0.0,-14,3
TM,TEAM_CR,1248,1276535,0.0,1.5,1.3,-1.3,0.1,-14.3,-14.3,0.0,-14,3
TM,TEAM_CR,1249,1276575,0.0,1.3,1.3,-1.3,-0.3,-14.3,-14.3,0.0,-14,3
TM,TEAM_CR,1250,1276615,0.0,1.2,1.3,-1.3,-0.4,-14.3,-14.3,0.0,-14,3
TM,ADCS_MODE,MANUAL,ADCS_REFERENCE,SUN,TARGET,0.00,POINTING_ERROR,-32.42,SUN_ERROR,-31.59,MAG_ERROR,-168.01,GYRO_Z,6.233,RW_CMD,0
TM,EST_RAW,31.59,EST_FILTERED,31.59,EST_ANGLE,32.42,EST_FILTER,ON,EST_FILTER_TYPE,MOVING_AVERAGE,EST_MA_WINDOW,1,EST_FILTER_STRENGTH,0.35
TM,EST_FUSION,ON,EST_GYRO_WEIGHT,0.98,EST_VALID,1
TM,TEAM_CR,1251,1276655,0.0,1.2,1.3,-1.3,0.4,-14.3,-14.3,0.0,-14,3
TM,TEAM_CR,1252,1276705,0.0,1.1,1.3,-1.3,-0.2,-14.3,-14.3,0.0,-14,3
TM,TEAM_CR,1253,1276745,0.0,1.1,1.3,-1.3,-0.6,-14.3,-14.3,0.0,-14,3
TM,TEAM_CR,1254,1276785,0.0,1.5,1.2,-1.2,0.2,-14.3,-14.3,0.0,-14,3
TM,TEAM_CR,1255,1276825,0.0,1.1,1.3,-1.3,0.4,-14.3,-14.3,0.0,-14,3
TM,TEAM_CR,1256,1276865,0.0,1.1,1.3,-1.3,-0.1,-14.3,-14.3,0.0,-14,3
TM,TEAM_CR,1257,1276914,0.0,1.3,1.2,-1.2,-0.4,-14.3,-14.3,0.0,-14,3
TM,SUN_L,3613,SUN_R,3258,SUN_NDV,0.0517,SUN_ANGLE,31.33
TM,MAG_X,-9.30,MAG_Y,2.34,MAG_Z,-18.58,MAG_HEADING,165.89
TM,GYRO_X,-3.027,GYRO_Y,-2.485,GYRO_Z,3.914,BODY_RATE,-3.914
TM,TEAM_CR,1258,1276956,0.0,1.3,1.3,-1.3,0.2,-14.3,-14.3,0.0,-14,3
TM,TEAM_CR,1259,1276996,0.0,1.4,1.3,-1.3,0.2,-14.3,-14.3,0.0,-14,3
TM,TEAM_CR,1260,1277036,0.0,1.4,1.3,-1.3,-0.4,-14.3,-14.3,0.0,-14,3
TM,TEAM_CR,1261,1277076,0.0,1.3,1.2,-1.2,-0.5,-14.3,-14.3,0.0,-14,3
TM,TEAM_CR,1262,1277117,0.0,1.2,1.3,-1.3,0.2,-14.3,-14.3,0.0,-14,3
TM,TEAM_CR,1263,1277157,0.0,1.3,1.3,-1.3,-0.1,-14.3,-14.3,0.0,-14,3
TM,TEAM_CR,1264,1277206,0.0,1.1,1.2,-1.2,-0.5,-14.3,-14.3,0.0,-14,3
TM,TEAM_CR,1265,1277246,0.0,1.2,1.2,-1.2,0.0,-14.3,-14.3,0.0,-14,3
TM,TEAM_CR,1266,1277294,0.0,1.4,1.2,-1.2,0.2,-14.3,-14.3,0.0,-14,3
TM,TEAM_CR,1267,1277334,0.0,1.3,1.2,-1.2,-0.5,-14.3,-14.3,0.0,-14,3
TM,TEAM_CR,1268,1277374,0.0,1.3,1.2,-1.2,-0.4,-14.3,-14.3,0.0,-14,3
TM,TEAM_CR,1269,1277414,0.0,1.3,1.2,-1.2,0.2,-14.3,-14.3,0.0,-14,3
TM,TEAM_CR,1270,1277456,0.0,1.2,1.3,-1.3,0.3,-14.3,-14.3,0.0,-14,3
TM,TEAM_CR,1271,1277496,0.0,1.3,1.2,-1.2,-0.3,-14.3,-14.3,0.0,-14,3
TM,TEAM_CR,1272,1277536,0.0,1.2,1.2,-1.2,0.3,-14.3,-14.3,0.0,-14,3
TM,TEAM_CR,1273,1277576,0.0,1.2,1.2,-1.2,0.5,-14.3,-14.3,0.0,-14,3
TM,ADCS_MODE,MANUAL,ADCS_REFERENCE,SUN,TARGET,0.00,POINTING_ERROR,-31.46,SUN_ERROR,-31.42,MAG_ERROR,-161.31,GYRO_Z,3.030,RW_CMD,0
TM,EST_RAW,31.42,EST_FILTERED,31.42,EST_ANGLE,31.46,EST_FILTER,ON,EST_FILTER_TYPE,MOVING_AVERAGE,EST_MA_WINDOW,1,EST_FILTER_STRENGTH,0.35
TM,EST_FUSION,ON,EST_GYRO_WEIGHT,0.98,EST_VALID,1
TM,TEAM_CR,1274,1277616,0.0,1.3,1.2,-1.2,-0.1,-14.3,-14.3,0.0,-14,3
TM,TEAM_CR,1275,1277656,0.0,1.3,1.2,-1.2,-0.4,-14.3,-14.3,0.0,-14,3
TM,SUN_L,3638,SUN_R,3289,SUN_NDV,0.0504,SUN_ANGLE,31.48
TM,MAG_X,-9.74,MAG_Y,3.30,MAG_Z,-17.71,MAG_HEADING,161.31
TM,GYRO_X,-2.651,GYRO_Y,-2.257,GYRO_Z,5.367,BODY_RATE,-5.367
TM,TEAM_CR,1276,1277706,0.0,1.2,1.2,-1.2,0.2,-14.3,-14.3,0.0,-14,3
TM,TEAM_CR,1277,1277747,0.0,1.6,1.2,-1.2,0.4,-14.3,-14.3,0.0,-14,3
TM,TEAM_CR,1278,1277786,0.0,1.3,1.3,-1.3,-0.1,-14.3,-14.3,0.0,-14,3
TM,TEAM_CR,1279,1277826,0.0,1.3,1.2,-1.2,-0.2,-14.3,-14.3,0.0,-14,3
TM,TEAM_CR,1280,1277866,0.0,1.1,1.3,-1.3,0.2,-14.3,-14.3,0.0,-14,3
TM,TEAM_CR,1281,1277914,0.0,1.5,1.3,-1.3,0.0,-14.3,-14.3,0.0,-14,3
TM,TEAM_CR,1282,1277957,0.0,1.4,1.2,-1.2,-0.7,-14.3,-14.3,0.0,-14,3
TM,TEAM_CR,1283,1277997,0.0,1.1,1.2,-1.2,0.3,-14.3,-14.3,0.0,-14,3
TM,TEAM_CR,1284,1278037,0.0,1.2,1.2,-1.2,0.3,-14.3,-14.3,0.0,-14,3
TM,TEAM_CR,1285,1278077,0.0,1.4,1.2,-1.2,-0.2,-14.3,-14.3,0.0,-14,3
TM,TEAM_CR,1286,1278117,0.0,1.1,1.2,-1.2,-0.6,-14.3,-14.3,0.0,-14,3
TM,TEAM_CR,1287,1278157,0.0,1.3,1.2,-1.2,-0.1,-14.3,-14.3,0.0,-14,3
TM,TEAM_CR,1288,1278208,0.0,1.4,1.2,-1.2,0.0,-14.3,-14.3,0.0,-14,3
TM,TEAM_CR,1289,1278247,0.0,1.1,1.2,-1.2,-0.4,-14.3,-14.3,0.0,-14,3
TM,TEAM_CR,1290,1278295,0.0,1.2,1.2,-1.2,0.1,-14.3,-14.3,0.0,-14,3
TM,TEAM_CR,1291,1278335,0.0,1.2,1.2,-1.2,0.3,-14.3,-14.3,0.0,-14,3
TM,TEAM_CR,1292,1278375,0.0,1.2,1.2,-1.2,0.0,-14.3,-14.3,0.0,-14,3
TM,TEAM_CR,1293,1278415,0.0,1.3,1.2,-1.2,-0.8,-14.3,-14.3,0.0,-14,3
TM,TEAM_CR,1294,1278457,0.0,1.2,1.2,-1.2,0.1,-14.3,-14.3,0.0,-14,3
TM,SUN_L,3642,SUN_R,3300,SUN_NDV,0.0493,SUN_ANGLE,31.08
TM,MAG_X,-10.18,MAG_Y,3.97,MAG_Z,-17.36,MAG_HEADING,158.70
TM,GYRO_X,-0.551,GYRO_Y,-2.511,GYRO_Z,-1.975,BODY_RATE,1.975
TM,TEAM_CR,1295,1278498,0.0,1.3,1.2,-1.2,0.0,-14.3,-14.3,0.0,-14,3
TM,ADCS_MODE,MANUAL,ADCS_REFERENCE,SUN,TARGET,0.00,POINTING_ERROR,-30.88,SUN_ERROR,-31.06,MAG_ERROR,-158.70,GYRO_Z,-2.272,RW_CMD,0
TM,EST_RAW,31.06,EST_FILTERED,31.06,EST_ANGLE,30.88,EST_FILTER,ON,EST_FILTER_TYPE,MOVING_AVERAGE,EST_MA_WINDOW,1,EST_FILTER_STRENGTH,0.35
TM,EST_FUSION,ON,EST_GYRO_WEIGHT,0.98,EST_VALID,1
TM,TEAM_CR,1296,1278537,0.0,1.4,1.2,-1.2,-0.2,-14.3,-14.3,0.0,-14,3
TM,TEAM_CR,1297,1278577,0.0,1.0,1.2,-1.2,-0.4,-14.3,-14.3,0.0,-14,3
TM,TEAM_CR,1298,1278617,0.0,1.3,1.2,-1.2,0.2,-14.3,-14.3,0.0,-14,3
TM,TEAM_CR,1299,1278657,0.0,1.4,1.2,-1.2,-0.2,-14.3,-14.3,0.0,-14,3
TM,TEAM_CR,1300,1278706,0.0,1.2,1.2,-1.2,-0.4,-14.3,-14.3,0.0,-14,3
TM,TEAM_CR,1301,1278746,0.0,1.1,1.2,-1.2,0.4,-14.3,-14.3,0.0,-14,3
TM,TEAM_CR,1302,1278786,0.0,1.5,1.2,-1.2,0.4,-14.3,-14.3,0.0,-14,3
TM,TEAM_CR,1303,1278826,0.0,1.3,1.2,-1.2,0.0,-14.3,-14.3,0.0,-14,3
TM,TEAM_CR,1304,1278866,0.0,1.2,1.2,-1.2,-0.5,-14.3,-14.3,0.0,-14,3
TM,TEAM_CR,1305,1278915,0.0,1.4,1.2,-1.2,0.4,-14.3,-14.3,0.0,-14,3
TM,TEAM_CR,1306,1278956,0.0,1.4,1.2,-1.2,0.2,-14.3,-14.3,0.0,-14,3
TM,TEAM_CR,1307,1278996,0.0,1.1,1.2,-1.2,-0.1,-14.3,-14.3,0.0,-14,3
TM,TEAM_CR,1308,1279036,0.0,1.1,1.2,-1.2,0.2,-14.3,-14.3,0.0,-14,3
TM,TEAM_CR,1309,1279076,0.0,1.1,1.2,-1.2,0.4,-14.3,-14.3,0.0,-14,3
TM,TEAM_CR,1310,1279116,0.0,1.2,1.2,-1.2,0.2,-14.3,-14.3,0.0,-14,3
TM,TEAM_CR,1311,1279156,0.0,1.1,1.2,-1.2,-0.7,-14.3,-14.3,0.0,-14,3
TM,TEAM_CR,1312,1279207,0.0,1.1,1.2,-1.2,0.4,-14.3,-14.3,0.0,-14,3
TM,SUN_L,3640,SUN_R,3293,SUN_NDV,0.0501,SUN_ANGLE,31.43
TM,MAG_X,-10.08,MAG_Y,3.81,MAG_Z,-17.55,MAG_HEADING,159.30
TM,GYRO_X,-1.024,GYRO_Y,-2.196,GYRO_Z,0.012,BODY_RATE,-0.012
TM,TEAM_CR,1313,1279247,0.0,1.2,1.2,-1.2,0.2,-14.3,-14.3,0.0,-14,3
TM,TEAM_CR,1314,1279295,0.0,1.0,1.2,-1.2,-0.2,-14.3,-14.3,0.0,-14,3
TM,TEAM_CR,1315,1279335,0.0,1.2,1.2,-1.2,-0.6,-14.3,-14.3,0.0,-14,3
TM,TEAM_CR,1316,1279375,0.0,0.8,1.2,-1.2,0.2,-14.3,-14.3,0.0,-14,3
TM,TEAM_CR,1317,1279415,0.0,1.2,1.2,-1.2,0.3,-14.3,-14.3,0.0,-14,3
TM,TEAM_CR,1318,1279456,0.0,1.3,1.2,-1.2,-0.4,-14.3,-14.3,0.0,-14,3
TM,ADCS_MODE,MANUAL,ADCS_REFERENCE,SUN,TARGET,0.00,POINTING_ERROR,-31.15,SUN_ERROR,-31.51,MAG_ERROR,-159.30,GYRO_Z,0.344,RW_CMD,0
TM,EST_RAW,31.51,EST_FILTERED,31.51,EST_ANGLE,31.15,EST_FILTER,ON,EST_FILTER_TYPE,MOVING_AVERAGE,EST_MA_WINDOW,1,EST_FILTER_STRENGTH,0.35
TM,EST_FUSION,ON,EST_GYRO_WEIGHT,0.98,EST_VALID,1
TM,TEAM_CR,1319,1279496,0.0,1.1,1.2,-1.2,0.2,-14.3,-14.3,0.0,-14,3
TM,TEAM_CR,1320,1279536,0.0,1.2,1.2,-1.2,0.3,-14.3,-14.3,0.0,-14,3
TM,TEAM_CR,1321,1279576,0.0,1.2,1.2,-1.2,-0.2,-14.3,-14.3,0.0,-14,3
TM,TEAM_CR,1322,1279616,0.0,1.3,1.2,-1.2,-0.4,-14.3,-14.3,0.0,-14,3
TM,TEAM_CR,1323,1279656,0.0,1.0,1.2,-1.2,0.2,-14.3,-14.3,0.0,-14,3
TM,TEAM_CR,1324,1279708,0.0,1.2,1.2,-1.2,0.2,-14.3,-14.3,0.0,-14,3
TM,TEAM_CR,1325,1279748,0.0,1.0,1.2,-1.2,-0.4,-14.3,-14.3,0.0,-14,3
TM,TEAM_CR,1326,1279788,0.0,1.3,1.2,-1.2,-0.1,-14.3,-14.3,0.0,-14,3
TM,TEAM_CR,1327,1279828,0.0,1.3,1.2,-1.2,0.3,-14.3,-14.3,0.0,-14,3
TM,TEAM_CR,1328,1279868,0.0,1.1,1.2,-1.2,0.2,-14.3,-14.3,0.0,-14,3
TM,TEAM_CR,1329,1279915,0.0,1.2,1.2,-1.2,-0.2,-14.3,-14.3,0.0,-14,3
TM,TEAM_CR,1330,1279957,0.0,1.3,1.2,-1.2,0.2,-14.3,-14.3,0.0,-14,3
TM,SUN_L,3641,SUN_R,3296,SUN_NDV,0.0497,SUN_ANGLE,31.34
TM,MAG_X,-10.00,MAG_Y,3.87,MAG_Z,-17.54,MAG_HEADING,158.83
TM,GYRO_X,-1.418,GYRO_Y,-2.564,GYRO_Z,1.429,BODY_RATE,-1.429
TM,TEAM_CR,1331,1279996,0.0,1.2,1.2,-1.2,0.3,-14.3,-14.3,0.0,-14,3
TM,TEAM_CR,1332,1280036,0.0,1.3,1.2,-1.2,0.0,-14.3,-14.3,0.0,-14,3
TM,TEAM_CR,1333,1280076,0.0,1.4,1.2,-1.2,-0.6,-14.3,-14.3,0.0,-14,3
TM,TEAM_CR,1334,1280116,0.0,1.2,1.2,-1.2,0.4,-14.3,-14.3,0.0,-14,3
TM,TEAM_CR,1335,1280156,0.0,1.3,1.2,-1.2,0.3,-14.3,-14.3,0.0,-14,3
TM,TEAM_CR,1336,1280207,0.0,1.2,1.2,-1.2,-0.4,-14.3,-14.3,0.0,-14,3
TM,TEAM_CR,1337,1280247,0.0,1.1,1.2,-1.2,0.3,-14.3,-14.3,0.0,-14,3
TM,TEAM_CR,1338,1280295,0.0,1.2,1.2,-1.2,0.8,-14.3,-14.3,0.0,-14,3
TM,TEAM_CR,1339,1280335,0.0,1.5,1.2,-1.2,-0.2,-14.3,-14.3,0.0,-14,3
TM,TEAM_CR,1340,1280375,0.0,1.3,1.2,-1.2,-0.5,-14.3,-14.3,0.0,-14,3
TM,TEAM_CR,1341,1280415,0.0,1.1,1.2,-1.2,0.2,-14.3,-14.3,0.0,-14,3
TM,ADCS_MODE,MANUAL,ADCS_REFERENCE,SUN,TARGET,0.00,POINTING_ERROR,-31.06,SUN_ERROR,-31.25,MAG_ERROR,-159.46,GYRO_Z,-1.065,RW_CMD,0
TM,EST_RAW,31.25,EST_FILTERED,31.25,EST_ANGLE,31.06,EST_FILTER,ON,EST_FILTER_TYPE,MOVING_AVERAGE,EST_MA_WINDOW,1,EST_FILTER_STRENGTH,0.35
TM,EST_FUSION,ON,EST_GYRO_WEIGHT,0.98,EST_VALID,1
TM,TEAM_CR,1342,1280457,0.0,1.4,1.2,-1.2,0.3,-14.3,-14.3,0.0,-14,3
TM,TEAM_CR,1343,1280496,0.0,1.1,1.2,-1.2,-0.1,-14.3,-14.3,0.0,-14,3
TM,TEAM_CR,1344,1280536,0.0,1.1,1.2,-1.2,-0.3,-14.3,-14.3,0.0,-14,3
TM,TEAM_CR,1345,1280576,0.0,1.2,1.2,-1.2,0.5,-14.3,-14.3,0.0,-14,3
TM,TEAM_CR,1346,1280616,0.0,1.1,1.2,-1.2,0.2,-14.3,-14.3,0.0,-14,3
TM,TEAM_CR,1347,1280656,0.0,1.2,1.2,-1.2,-0.5,-14.3,-14.3,0.0,-14,3
TM,TEAM_CR,1348,1280706,0.0,1.1,1.2,-1.2,0.2,-14.3,-14.3,0.0,-14,3
TM,SUN_L,3642,SUN_R,3294,SUN_NDV,0.0502,SUN_ANGLE,31.39
TM,MAG_X,-10.34,MAG_Y,3.87,MAG_Z,-17.47,MAG_HEADING,159.46
TM,GYRO_X,-1.146,GYRO_Y,-2.310,GYRO_Z,-0.977,BODY_RATE,0.977
TM,TEAM_CR,1349,1280746,0.0,1.1,1.2,-1.2,0.5,-14.3,-14.3,0.0,-14,3
TM,TEAM_CR,1350,1280786,0.0,1.1,1.2,-1.2,-0.2,-14.3,-14.3,0.0,-14,3
TM,TEAM_CR,1351,1280826,0.0,1.2,1.2,-1.2,-0.3,-14.3,-14.3,0.0,-14,3
TM,TEAM_CR,1352,1280867,0.0,1.0,1.2,-1.2,0.1,-14.3,-14.3,0.0,-14,3
TM,TEAM_CR,1353,1280915,0.0,1.2,1.2,-1.2,0.3,-14.3,-14.3,0.0,-14,3
TM,TEAM_CR,1354,1280957,0.0,0.9,1.2,-1.2,-0.4,-14.3,-14.3,0.0,-14,3
TM,TEAM_CR,1355,1280997,0.0,1.1,1.2,-1.2,-0.2,-14.3,-14.3,0.0,-14,3
TM,TEAM_CR,1356,1281037,0.0,1.2,1.2,-1.2,0.6,-14.3,-14.3,0.0,-14,3
TM,TEAM_CR,1357,1281077,0.0,1.2,1.2,-1.2,0.1,-14.3,-14.3,0.0,-14,3
TM,TEAM_CR,1358,1281117,0.0,1.2,1.2,-1.2,-0.3,-14.3,-14.3,0.0,-14,3
TM,TEAM_CR,1359,1281158,0.0,1.1,1.2,-1.2,0.0,-14.3,-14.3,0.0,-14,3
TM,TEAM_CR,1360,1281207,0.0,1.2,1.2,-1.2,0.1,-14.3,-14.3,0.0,-14,3
TM,TEAM_CR,1361,1281247,0.0,1.1,1.2,-1.2,-0.2,-14.3,-14.3,0.0,-14,3
TM,TEAM_CR,1362,1281295,0.0,1.0,1.2,-1.2,0.2,-14.3,-14.3,0.0,-14,3
TM,TEAM_CR,1363,1281335,0.0,1.1,1.2,-1.2,0.7,-14.3,-14.3,0.0,-14,3
TM,TEAM_CR,1364,1281375,0.0,0.8,1.2,-1.2,0.1,-14.3,-14.3,0.0,-14,3
TM,ADCS_MODE,MANUAL,ADCS_REFERENCE,SUN,TARGET,0.00,POINTING_ERROR,-31.18,SUN_ERROR,-31.41,MAG_ERROR,-159.82,GYRO_Z,0.537,RW_CMD,0
TM,EST_RAW,31.41,EST_FILTERED,31.41,EST_ANGLE,31.18,EST_FILTER,ON,EST_FILTER_TYPE,MOVING_AVERAGE,EST_MA_WINDOW,1,EST_FILTER_STRENGTH,0.35
TM,EST_FUSION,ON,EST_GYRO_WEIGHT,0.98,EST_VALID,1
TM,TEAM_CR,1365,1281415,0.0,1.1,1.2,-1.2,-0.7,-14.3,-14.3,0.0,-14,3
TM,TEAM_CR,1366,1281457,0.0,1.0,1.2,-1.2,0.1,-14.3,-14.3,0.0,-14,3
TM,SUN_L,3641,SUN_R,3296,SUN_NDV,0.0497,SUN_ANGLE,31.40
TM,MAG_X,-10.02,MAG_Y,3.79,MAG_Z,-17.57,MAG_HEADING,159.26
TM,GYRO_X,-1.216,GYRO_Y,-2.293,GYRO_Z,0.449,BODY_RATE,-0.449
TM,TEAM_CR,1367,1281497,0.0,1.2,1.2,-1.2,0.5,-14.3,-14.3,0.0,-14,3
TM,TEAM_CR,1368,1281537,0.0,1.1,1.2,-1.2,0.1,-14.3,-14.3,0.0,-14,3
TM,TEAM_CR,1369,1281578,0.0,1.3,1.2,-1.2,-0.4,-14.3,-14.3,0.0,-14,3
TM,TEAM_CR,1370,1281617,0.0,1.0,1.2,-1.2,0.3,-14.3,-14.3,0.0,-14,3
TM,TEAM_CR,1371,1281657,0.0,1.2,1.2,-1.2,0.2,-14.3,-14.3,0.0,-14,3
TM,TEAM_CR,1372,1281707,0.0,1.1,1.2,-1.2,-0.4,-14.3,-14.3,0.0,-14,3
TM,TEAM_CR,1373,1281748,0.0,1.2,1.2,-1.2,0.1,-14.3,-14.3,0.0,-14,3
TM,TEAM_CR,1374,1281788,0.0,1.2,1.2,-1.2,0.4,-14.3,-14.3,0.0,-14,3
TM,TEAM_CR,1375,1281828,0.0,1.4,1.2,-1.2,0.0,-14.3,-14.3,0.0,-14,3
TM,TEAM_CR,1376,1281867,0.0,1.2,1.2,-1.2,-0.4,-14.3,-14.3,0.0,-14,3
TM,TEAM_CR,1377,1281915,0.0,1.1,1.2,-1.2,0.2,-14.3,-14.3,0.0,-14,3
TM,TEAM_CR,1378,1281958,0.0,1.3,1.2,-1.2,0.2,-14.3,-14.3,0.0,-14,3
TM,TEAM_CR,1379,1281998,0.0,1.3,1.2,-1.2,-0.3,-14.3,-14.3,0.0,-14,3
TM,TEAM_CR,1380,1282039,0.0,1.1,1.2,-1.2,0.2,-14.3,-14.3,0.0,-14,3
TM,TEAM_CR,1381,1282078,0.0,1.3,1.2,-1.2,0.4,-14.3,-14.3,0.0,-14,3
TM,TEAM_CR,1382,1282118,0.0,1.1,1.2,-1.2,0.2,-14.3,-14.3,0.0,-14,3
TM,TEAM_CR,1383,1282158,0.0,1.0,1.2,-1.2,-0.3,-14.3,-14.3,0.0,-14,3
TM,TEAM_CR,1384,1282208,0.0,1.2,1.2,-1.2,0.3,-14.3,-14.3,0.0,-14,3
TM,TEAM_CR,1385,1282249,0.0,1.2,1.2,-1.2,0.2,-14.3,-14.3,0.0,-14,3
TM,SUN_L,3641,SUN_R,3295,SUN_NDV,0.0499,SUN_ANGLE,31.35
TM,MAG_X,-10.06,MAG_Y,3.81,MAG_Z,-17.89,MAG_HEADING,159.27
TM,GYRO_X,-1.067,GYRO_Y,-2.170,GYRO_Z,-0.041,BODY_RATE,0.041
TM,TEAM_CR,1386,1282297,0.0,1.2,1.2,-1.2,-0.1,-14.3,-14.3,0.0,-14,3
TM,ADCS_MODE,MANUAL,ADCS_REFERENCE,SUN,TARGET,0.00,POINTING_ERROR,-31.19,SUN_ERROR,-31.38,MAG_ERROR,-159.27,GYRO_Z,-0.093,RW_CMD,0
TM,EST_RAW,31.38,EST_FILTERED,31.38,EST_ANGLE,31.19,EST_FILTER,ON,EST_FILTER_TYPE,MOVING_AVERAGE,EST_MA_WINDOW,1,EST_FILTER_STRENGTH,0.35
TM,EST_FUSION,ON,EST_GYRO_WEIGHT,0.98,EST_VALID,1
TM,TEAM_CR,1387,1282337,0.0,1.3,1.2,-1.2,0.0,-14.3,-14.3,0.0,-14,3
TM,TEAM_CR,1388,1282377,0.0,1.3,1.2,-1.2,0.1,-14.3,-14.3,0.0,-14,3
TM,TEAM_CR,1389,1282417,0.0,1.1,1.2,-1.2,0.2,-14.3,-14.3,0.0,-14,3
TM,TEAM_CR,1390,1282458,0.0,1.2,1.2,-1.2,-0.5,-14.3,-14.3,0.0,-14,3
TM,TEAM_CR,1391,1282499,0.0,1.2,1.2,-1.2,0.4,-14.3,-14.3,0.0,-14,3
TM,TEAM_CR,1392,1282539,0.0,1.3,1.2,-1.2,0.3,-14.3,-14.3,0.0,-14,3
TM,TEAM_CR,1393,1282578,0.0,1.3,1.2,-1.2,0.2,-14.3,-14.3,0.0,-14,3
TM,TEAM_CR,1394,1282618,0.0,1.1,1.2,-1.2,-0.4,-14.3,-14.3,0.0,-14,3
TM,TEAM_CR,1395,1282658,0.0,1.3,1.2,-1.2,0.2,-14.3,-14.3,0.0,-14,3
TM,TEAM_CR,1396,1282707,0.0,1.2,1.2,-1.2,0.0,-14.3,-14.3,0.0,-14,3
TM,TEAM_CR,1397,1282747,0.0,1.1,1.2,-1.2,-0.4,-14.3,-14.3,0.0,-14,3
TM,TEAM_CR,1398,1282787,0.0,1.0,1.2,-1.2,0.2,-14.3,-14.3,0.0,-14,3
TM,TEAM_CR,1399,1282827,0.0,1.3,1.2,-1.2,0.5,-14.3,-14.3,0.0,-14,3
TM,TEAM_CR,1400,1282867,0.0,1.2,1.2,-1.2,-0.1,-14.3,-14.3,0.0,-14,3
TM,TEAM_CR,1401,1282917,0.0,1.3,1.2,-1.2,-0.4,-14.3,-14.3,0.0,-14,3
TM,TEAM_CR,1402,1282958,0.0,1.1,1.2,-1.2,0.5,-14.3,-14.3,0.0,-14,3
TM,TEAM_CR,1403,1282998,0.0,1.3,1.2,-1.2,0.2,-14.3,-14.3,0.0,-14,3
TM,SUN_L,3639,SUN_R,3291,SUN_NDV,0.0502,SUN_ANGLE,31.31
TM,MAG_X,-10.22,MAG_Y,3.87,MAG_Z,-17.50,MAG_HEADING,159.26
TM,GYRO_X,-0.586,GYRO_Y,0.105,GYRO_Z,-0.767,BODY_RATE,0.767
TM,TEAM_CR,1404,1283038,0.0,1.4,1.2,-1.2,0.0,-14.3,-14.3,0.0,-14,3
TM,TEAM_CR,1405,1283078,0.0,1.4,1.2,-1.2,-0.4,-14.3,-14.3,0.0,-14,3
TM,TEAM_CR,1406,1283118,0.0,1.0,1.2,-1.2,0.4,-14.3,-14.3,0.0,-14,3
TM,TEAM_CR,1407,1283158,0.0,1.3,1.2,-1.2,0.3,-14.3,-14.3,0.0,-14,3
TM,TEAM_CR,1408,1283207,0.0,1.4,1.2,-1.2,-0.3,-14.3,-14.3,0.0,-14,3
TM,TEAM_CR,1409,1283247,0.0,1.2,1.2,-1.2,0.2,-14.3,-14.3,0.0,-14,3
TM,ADCS_MODE,MANUAL,ADCS_REFERENCE,SUN,TARGET,0.00,POINTING_ERROR,-31.30,SUN_ERROR,-31.62,MAG_ERROR,-159.57,GYRO_Z,0.230,RW_CMD,0
TM,EST_RAW,31.62,EST_FILTERED,31.62,EST_ANGLE,31.30,EST_FILTER,ON,EST_FILTER_TYPE,MOVING_AVERAGE,EST_MA_WINDOW,1,EST_FILTER_STRENGTH,0.35
TM,EST_FUSION,ON,EST_GYRO_WEIGHT,0.98,EST_VALID,1
TM,TEAM_CR,1410,1283297,0.0,1.2,1.2,-1.2,0.4,-14.3,-14.3,0.0,-14,3
TM,TEAM_CR,1411,1283338,0.0,1.3,1.2,-1.2,-0.5,-14.3,-14.3,0.0,-14,3
TM,TEAM_CR,1412,1283377,0.0,1.0,1.2,-1.2,-0.2,-14.3,-14.3,0.0,-14,3
TM,TEAM_CR,1413,1283417,0.0,1.0,1.2,-1.2,0.5,-14.3,-14.3,0.0,-14,3
TM,TEAM_CR,1414,1283457,0.0,1.3,1.2,-1.2,0.1,-14.3,-14.3,0.0,-14,3
TM,TEAM_CR,1415,1283498,0.0,1.2,1.2,-1.2,-0.4,-14.3,-14.3,0.0,-14,3
TM,TEAM_CR,1416,1283538,0.0,1.2,1.2,-1.2,0.0,-14.3,-14.3,0.0,-14,3
TM,TEAM_CR,1417,1283578,0.0,1.3,1.2,-1.2,0.5,-14.3,-14.3,0.0,-14,3
TM,TEAM_CR,1418,1283618,0.0,1.1,1.2,-1.2,-0.1,-14.3,-14.3,0.0,-14,3
TM,TEAM_CR,1419,1283658,0.0,1.3,1.2,-1.2,-0.5,-14.3,-14.3,0.0,-14,3
TM,TEAM_CR,1420,1283708,0.0,1.1,1.2,-1.2,0.2,-14.3,-14.3,0.0,-14,3
TM,TEAM_CR,1421,1283748,0.0,1.2,1.2,-1.2,0.0,-14.3,-14.3,0.0,-14,3
TM,SUN_L,3640,SUN_R,3294,SUN_NDV,0.0499,SUN_ANGLE,31.34
TM,MAG_X,-10.21,MAG_Y,3.74,MAG_Z,-17.47,MAG_HEADING,159.86
TM,GYRO_X,-1.155,GYRO_Y,-2.126,GYRO_Z,-0.540,BODY_RATE,0.540
TM,TEAM_CR,1422,1283788,0.0,1.3,1.2,-1.2,-0.6,-14.3,-14.3,0.0,-14,3
TM,TEAM_CR,1423,1283828,0.0,1.2,1.2,-1.2,-0.2,-14.3,-14.3,0.0,-14,3
TM,TEAM_CR,1424,1283868,0.0,1.1,1.2,-1.2,0.4,-14.3,-14.3,0.0,-14,3
TM,TEAM_CR,1425,1283917,0.0,1.1,1.2,-1.2,-0.2,-14.3,-14.3,0.0,-14,3
TM,TEAM_CR,1426,1283958,0.0,1.1,1.2,-1.2,-0.5,-14.3,-14.3,0.0,-14,3
TM,TEAM_CR,1427,1283998,0.0,1.0,1.2,-1.2,0.4,-14.3,-14.3,0.0,-14,3
TM,TEAM_CR,1428,1284038,0.0,1.1,1.2,-1.2,0.2,-14.3,-14.3,0.0,-14,3
TM,TEAM_CR,1429,1284078,0.0,1.2,1.2,-1.2,0.0,-14.3,-14.3,0.0,-14,3
TM,TEAM_CR,1430,1284118,0.0,1.1,1.2,-1.2,-0.1,-14.3,-14.3,0.0,-14,3
TM,TEAM_CR,1431,1284158,0.0,1.3,1.2,-1.2,0.2,-14.3,-14.3,0.0,-14,3
TM,TEAM_CR,1432,1284208,0.0,1.3,1.2,-1.2,0.1,-14.3,-14.3,0.0,-14,3
TM,ADCS_MODE,MANUAL,ADCS_REFERENCE,SUN,TARGET,0.00,POINTING_ERROR,-31.19,SUN_ERROR,-31.35,MAG_ERROR,-159.86,GYRO_Z,2.715,RW_CMD,0
TM,EST_RAW,31.35,EST_FILTERED,31.35,EST_ANGLE,31.19,EST_FILTER,ON,EST_FILTER_TYPE,MOVING_AVERAGE,EST_MA_WINDOW,1,EST_FILTER_STRENGTH,0.35
TM,EST_FUSION,ON,EST_GYRO_WEIGHT,0.98,EST_VALID,1
TM,TEAM_CR,1433,1284248,0.0,1.1,1.2,-1.2,-0.9,-14.3,-14.3,0.0,-14,3
TM,TEAM_CR,1434,1284297,0.0,1.2,1.2,-1.2,0.3,-14.3,-14.3,0.0,-14,3
TM,TEAM_CR,1435,1284337,0.0,1.2,1.2,-1.2,0.2,-14.3,-14.3,0.0,-14,3
TM,TEAM_CR,1436,1284377,0.0,1.5,1.2,-1.2,-0.2,-14.3,-14.3,0.0,-14,3
TM,TEAM_CR,1437,1284417,0.0,1.4,1.2,-1.2,-0.3,-14.3,-14.3,0.0,-14,3
TM,TEAM_CR,1438,1284459,0.0,1.4,1.2,-1.2,0.2,-14.3,-14.3,0.0,-14,3
TM,TEAM_CR,1439,1284498,0.0,1.1,1.2,-1.2,0.1,-14.3,-14.3,0.0,-14,3
TM,SUN_L,3644,SUN_R,3307,SUN_NDV,0.0485,SUN_ANGLE,30.82
TM,MAG_X,-10.24,MAG_Y,3.89,MAG_Z,-17.44,MAG_HEADING,159.21
TM,GYRO_X,-2.371,GYRO_Y,-2.406,GYRO_Z,4.614,BODY_RATE,-4.614
TM,TEAM_CR,1440,1284538,0.0,1.1,1.2,-1.2,-0.4,-14.3,-14.3,0.0,-14,3
TM,TEAM_CR,1441,1284578,0.0,1.1,1.2,-1.2,0.1,-14.3,-14.3,0.0,-14,3
TM,TEAM_CR,1442,1284618,0.0,1.3,1.2,-1.2,0.5,-14.3,-14.3,0.0,-14,3
TM,TEAM_CR,1443,1284658,0.0,1.0,1.2,-1.2,0.1,-14.3,-14.3,0.0,-14,3
EVT,TEAM_CDUMP,END,1444
TM,ADCS_MODE,MANUAL,ADCS_REFERENCE,SUN,TARGET,0.00,POINTING_ERROR,-30.74,SUN_ERROR,-30.58,MAG_ERROR,-158.57,GYRO_Z,-1.388,RW_CMD,0
TM,EST_RAW,30.58,EST_FILTERED,30.58,EST_ANGLE,30.74,EST_FILTER,ON,EST_FILTER_TYPE,MOVING_AVERAGE,EST_MA_WINDOW,1,EST_FILTER_STRENGTH,0.35
TM,EST_FUSION,ON,EST_GYRO_WEIGHT,0.98,EST_VALID,1
TM,SUN_L,3642,SUN_R,3308,SUN_NDV,0.0481,SUN_ANGLE,30.69
TM,MAG_X,-10.27,MAG_Y,4.03,MAG_Z,-17.23,MAG_HEADING,158.57
TM,GYRO_X,-0.875,GYRO_Y,-2.328,GYRO_Z,-0.452,BODY_RATE,0.452
TM,SUN_L,3643,SUN_R,3308,SUN_NDV,0.0482,SUN_ANGLE,30.64
TM,MAG_X,-10.35,MAG_Y,4.21,MAG_Z,-17.44,MAG_HEADING,157.88
TM,GYRO_X,-1.225,GYRO_Y,-2.047,GYRO_Z,0.265,BODY_RATE,-0.265
TM,ADCS_MODE,MANUAL,ADCS_REFERENCE,SUN,TARGET,0.00,POINTING_ERROR,-30.72,SUN_ERROR,-30.62,MAG_ERROR,-158.52,GYRO_Z,0.248,RW_CMD,0
TM,EST_RAW,30.62,EST_FILTERED,30.62,EST_ANGLE,30.72,EST_FILTER,ON,EST_FILTER_TYPE,MOVING_AVERAGE,EST_MA_WINDOW,1,EST_FILTER_STRENGTH,0.35
TM,EST_FUSION,ON,EST_GYRO_WEIGHT,0.98,EST_VALID,1
TM,SUN_L,3643,SUN_R,3308,SUN_NDV,0.0482,SUN_ANGLE,30.70
TM,MAG_X,-10.37,MAG_Y,4.14,MAG_Z,-17.58,MAG_HEADING,158.21
TM,GYRO_X,-1.190,GYRO_Y,-2.301,GYRO_Z,-0.041,BODY_RATE,0.041
TM,ADCS_MODE,MANUAL,ADCS_REFERENCE,SUN,TARGET,0.00,POINTING_ERROR,-30.71,SUN_ERROR,-30.68,MAG_ERROR,-158.21,GYRO_Z,0.090,RW_CMD,0
TM,EST_RAW,30.68,EST_FILTERED,30.68,EST_ANGLE,30.71,EST_FILTER,ON,EST_FILTER_TYPE,MOVING_AVERAGE,EST_MA_WINDOW,1,EST_FILTER_STRENGTH,0.35
TM,EST_FUSION,ON,EST_GYRO_WEIGHT,0.98,EST_VALID,1
TM,SUN_L,3644,SUN_R,3308,SUN_NDV,0.0483,SUN_ANGLE,30.73
TM,MAG_X,-10.29,MAG_Y,3.97,MAG_Z,-17.49,MAG_HEADING,158.91
TM,GYRO_X,-0.892,GYRO_Y,-2.459,GYRO_Z,-0.277,BODY_RATE,0.277
TM,ADCS_MODE,MANUAL,ADCS_REFERENCE,SUN,TARGET,0.00,POINTING_ERROR,-30.71,SUN_ERROR,-30.74,MAG_ERROR,-158.32,GYRO_Z,0.300,RW_CMD,0
TM,EST_RAW,30.74,EST_FILTERED,30.74,EST_ANGLE,30.71,EST_FILTER,ON,EST_FILTER_TYPE,MOVING_AVERAGE,EST_MA_WINDOW,1,EST_FILTER_STRENGTH,0.35
TM,EST_FUSION,ON,EST_GYRO_WEIGHT,0.98,EST_VALID,1
TM,SUN_L,3645,SUN_R,3311,SUN_NDV,0.0480,SUN_ANGLE,30.53
TM,MAG_X,-10.30,MAG_Y,4.10,MAG_Z,-17.49,MAG_HEADING,158.32
TM,GYRO_X,-2.651,GYRO_Y,-2.590,GYRO_Z,8.035,BODY_RATE,-8.035
TM,ADCS_MODE,MANUAL,ADCS_REFERENCE,SUN,TARGET,0.00,POINTING_ERROR,-29.36,SUN_ERROR,-29.36,MAG_ERROR,-157.44,GYRO_Z,0.090,RW_CMD,0
TM,EST_RAW,29.36,EST_FILTERED,29.36,EST_ANGLE,29.36,EST_FILTER,ON,EST_FILTER_TYPE,MOVING_AVERAGE,EST_MA_WINDOW,1,EST_FILTER_STRENGTH,0.35
TM,EST_FUSION,ON,EST_GYRO_WEIGHT,0.98,EST_VALID,1
TM,SUN_L,3656,SUN_R,3337,SUN_NDV,0.0456,SUN_ANGLE,29.37
TM,MAG_X,-10.75,MAG_Y,4.66,MAG_Z,-17.36,MAG_HEADING,156.59
TM,GYRO_X,-0.928,GYRO_Y,-2.319,GYRO_Z,-2.167,BODY_RATE,2.167
TM,SUN_L,3656,SUN_R,3336,SUN_NDV,0.0458,SUN_ANGLE,29.41
TM,MAG_X,-10.78,MAG_Y,4.59,MAG_Z,-17.20,MAG_HEADING,156.93
TM,GYRO_X,-0.954,GYRO_Y,-2.030,GYRO_Z,-0.233,BODY_RATE,0.233
TM,ADCS_MODE,MANUAL,ADCS_REFERENCE,SUN,TARGET,0.00,POINTING_ERROR,-29.51,SUN_ERROR,-29.48,MAG_ERROR,-156.93,GYRO_Z,-0.557,RW_CMD,0
TM,EST_RAW,29.48,EST_FILTERED,29.48,EST_ANGLE,29.51,EST_FILTER,ON,EST_FILTER_TYPE,MOVING_AVERAGE,EST_MA_WINDOW,1,EST_FILTER_STRENGTH,0.35
TM,EST_FUSION,ON,EST_GYRO_WEIGHT,0.98,EST_VALID,1
TM,SUN_L,3656,SUN_R,3337,SUN_NDV,0.0456,SUN_ANGLE,29.33
TM,MAG_X,-10.74,MAG_Y,4.70,MAG_Z,-17.36,MAG_HEADING,156.34
TM,GYRO_X,-1.006,GYRO_Y,-2.170,GYRO_Z,-0.653,BODY_RATE,0.653
TM,ADCS_MODE,MANUAL,ADCS_REFERENCE,SUN,TARGET,0.00,POINTING_ERROR,-29.37,SUN_ERROR,-29.40,MAG_ERROR,-156.34,GYRO_Z,0.204,RW_CMD,0
TM,EST_RAW,29.40,EST_FILTERED,29.40,EST_ANGLE,29.37,EST_FILTER,ON,EST_FILTER_TYPE,MOVING_AVERAGE,EST_MA_WINDOW,1,EST_FILTER_STRENGTH,0.35
TM,EST_FUSION,ON,EST_GYRO_WEIGHT,0.98,EST_VALID,1
TM,SUN_L,3657,SUN_R,3338,SUN_NDV,0.0456,SUN_ANGLE,29.34
TM,MAG_X,-10.80,MAG_Y,4.67,MAG_Z,-17.18,MAG_HEADING,156.61
TM,GYRO_X,-1.584,GYRO_Y,-2.179,GYRO_Z,2.024,BODY_RATE,-2.024
TM,ADCS_MODE,MANUAL,ADCS_REFERENCE,SUN,TARGET,0.00,POINTING_ERROR,-28.54,SUN_ERROR,-28.56,MAG_ERROR,-156.64,GYRO_Z,8.867,RW_CMD,0
TM,EST_RAW,28.56,EST_FILTERED,28.56,EST_ANGLE,28.54,EST_FILTER,ON,EST_FILTER_TYPE,MOVING_AVERAGE,EST_MA_WINDOW,1,EST_FILTER_STRENGTH,0.35
TM,EST_FUSION,ON,EST_GYRO_WEIGHT,0.98,EST_VALID,1
TM,SUN_L,3660,SUN_R,3354,SUN_NDV,0.0436,SUN_ANGLE,28.50
TM,MAG_X,-11.04,MAG_Y,5.22,MAG_Z,-17.10,MAG_HEADING,154.71
TM,GYRO_X,-1.418,GYRO_Y,-1.925,GYRO_Z,0.834,BODY_RATE,-0.834
TM,ADCS_MODE,MANUAL,ADCS_REFERENCE,SUN,TARGET,0.00,POINTING_ERROR,-28.25,SUN_ERROR,-28.31,MAG_ERROR,-155.51,GYRO_Z,0.055,RW_CMD,0
TM,EST_RAW,28.31,EST_FILTERED,28.31,EST_ANGLE,28.25,EST_FILTER,ON,EST_FILTER_TYPE,MOVING_AVERAGE,EST_MA_WINDOW,1,EST_FILTER_STRENGTH,0.35
TM,EST_FUSION,ON,EST_GYRO_WEIGHT,0.98,EST_VALID,1
TM,SUN_L,3661,SUN_R,3356,SUN_NDV,0.0435,SUN_ANGLE,28.25
TM,MAG_X,-11.17,MAG_Y,5.09,MAG_Z,-16.88,MAG_HEADING,155.51
TM,GYRO_X,-0.919,GYRO_Y,-2.537,GYRO_Z,-0.295,BODY_RATE,0.295
TM,SUN_L,3662,SUN_R,3357,SUN_NDV,0.0435,SUN_ANGLE,28.68
TM,MAG_X,-11.12,MAG_Y,5.20,MAG_Z,-16.94,MAG_HEADING,154.94
TM,GYRO_X,-1.111,GYRO_Y,-1.908,GYRO_Z,0.379,BODY_RATE,-0.379
TM,ADCS_MODE,MANUAL,ADCS_REFERENCE,SUN,TARGET,0.00,POINTING_ERROR,-28.25,SUN_ERROR,-28.68,MAG_ERROR,-154.94,GYRO_Z,0.379,RW_CMD,0
TM,EST_RAW,28.68,EST_FILTERED,28.68,EST_ANGLE,28.25,EST_FILTER,ON,EST_FILTER_TYPE,MOVING_AVERAGE,EST_MA_WINDOW,1,EST_FILTER_STRENGTH,0.35
TM,EST_FUSION,ON,EST_GYRO_WEIGHT,0.98,EST_VALID,1
TM,SUN_L,3662,SUN_R,3356,SUN_NDV,0.0436,SUN_ANGLE,28.30
TM,MAG_X,-11.20,MAG_Y,5.22,MAG_Z,-16.93,MAG_HEADING,155.03
TM,GYRO_X,-1.033,GYRO_Y,-2.188,GYRO_Z,0.274,BODY_RATE,-0.274
TM,ADCS_MODE,MANUAL,ADCS_REFERENCE,SUN,TARGET,0.00,POINTING_ERROR,-28.34,SUN_ERROR,-28.29,MAG_ERROR,-155.48,GYRO_Z,-0.058,RW_CMD,0
TM,EST_RAW,28.29,EST_FILTERED,28.29,EST_ANGLE,28.34,EST_FILTER,ON,EST_FILTER_TYPE,MOVING_AVERAGE,EST_MA_WINDOW,1,EST_FILTER_STRENGTH,0.35
TM,EST_FUSION,ON,EST_GYRO_WEIGHT,0.98,EST_VALID,1
TM,SUN_L,3662,SUN_R,3357,SUN_NDV,0.0435,SUN_ANGLE,28.43
TM,MAG_X,-11.15,MAG_Y,5.17,MAG_Z,-16.94,MAG_HEADING,155.14
TM,GYRO_X,-0.604,GYRO_Y,-2.082,GYRO_Z,0.467,BODY_RATE,-0.467
TM,ADCS_MODE,MANUAL,ADCS_REFERENCE,SUN,TARGET,0.00,POINTING_ERROR,-28.33,SUN_ERROR,-28.72,MAG_ERROR,-155.14,GYRO_Z,0.922,RW_CMD,0
TM,EST_RAW,28.72,EST_FILTERED,28.72,EST_ANGLE,28.33,EST_FILTER,ON,EST_FILTER_TYPE,MOVING_AVERAGE,EST_MA_WINDOW,1,EST_FILTER_STRENGTH,0.35
TM,EST_FUSION,ON,EST_GYRO_WEIGHT,0.98,EST_VALID,1
TM,SUN_L,3661,SUN_R,3358,SUN_NDV,0.0432,SUN_ANGLE,28.20
TM,MAG_X,-11.12,MAG_Y,5.20,MAG_Z,-16.75,MAG_HEADING,154.94
TM,GYRO_X,-0.735,GYRO_Y,-2.590,GYRO_Z,-0.443,BODY_RATE,0.443
TM,ADCS_MODE,MANUAL,ADCS_REFERENCE,SUN,TARGET,0.00,POINTING_ERROR,-28.33,SUN_ERROR,-28.36,MAG_ERROR,-155.03,GYRO_Z,0.895,RW_CMD,0
TM,EST_RAW,28.36,EST_FILTERED,28.36,EST_ANGLE,28.33,EST_FILTER,ON,EST_FILTER_TYPE,MOVING_AVERAGE,EST_MA_WINDOW,1,EST_FILTER_STRENGTH,0.35
TM,EST_FUSION,ON,EST_GYRO_WEIGHT,0.98,EST_VALID,1
TM,SUN_L,3660,SUN_R,3357,SUN_NDV,0.0432,SUN_ANGLE,28.23
TM,MAG_X,-11.20,MAG_Y,5.22,MAG_Z,-16.80,MAG_HEADING,155.03
TM,GYRO_X,-1.129,GYRO_Y,-2.940,GYRO_Z,-0.356,BODY_RATE,0.356
TM,SUN_L,3658,SUN_R,3348,SUN_NDV,0.0442,SUN_ANGLE,28.73
TM,MAG_X,-10.94,MAG_Y,4.94,MAG_Z,-17.15,MAG_HEADING,155.69
TM,GYRO_X,-1.155,GYRO_Y,-1.995,GYRO_Z,0.974,BODY_RATE,-0.974
TM,ADCS_MODE,MANUAL,ADCS_REFERENCE,SUN,TARGET,0.00,POINTING_ERROR,-28.90,SUN_ERROR,-28.88,MAG_ERROR,-155.69,GYRO_Z,0.397,RW_CMD,0
TM,EST_RAW,28.88,EST_FILTERED,28.88,EST_ANGLE,28.90,EST_FILTER,ON,EST_FILTER_TYPE,MOVING_AVERAGE,EST_MA_WINDOW,1,EST_FILTER_STRENGTH,0.35
TM,EST_FUSION,ON,EST_GYRO_WEIGHT,0.98,EST_VALID,1
TM,SUN_L,3659,SUN_R,3350,SUN_NDV,0.0441,SUN_ANGLE,28.69
TM,MAG_X,-11.12,MAG_Y,5.06,MAG_Z,-16.91,MAG_HEADING,155.55
TM,GYRO_X,-0.726,GYRO_Y,-2.555,GYRO_Z,-0.303,BODY_RATE,0.303
TM,ADCS_MODE,MANUAL,ADCS_REFERENCE,SUN,TARGET,0.00,POINTING_ERROR,-28.80,SUN_ERROR,-28.63,MAG_ERROR,-155.55,GYRO_Z,-0.155,RW_CMD,0
TM,EST_RAW,28.63,EST_FILTERED,28.63,EST_ANGLE,28.80,EST_FILTER,ON,EST_FILTER_TYPE,MOVING_AVERAGE,EST_MA_WINDOW,1,EST_FILTER_STRENGTH,0.35
TM,EST_FUSION,ON,EST_GYRO_WEIGHT,0.98,EST_VALID,1
TM,SUN_L,3659,SUN_R,3350,SUN_NDV,0.0441,SUN_ANGLE,28.61
TM,MAG_X,-11.01,MAG_Y,4.90,MAG_Z,-16.98,MAG_HEADING,156.02
TM,GYRO_X,-1.347,GYRO_Y,-3.098,GYRO_Z,0.160,BODY_RATE,-0.160
TM,ADCS_MODE,MANUAL,ADCS_REFERENCE,SUN,TARGET,0.00,POINTING_ERROR,-28.82,SUN_ERROR,-28.92,MAG_ERROR,-156.74,GYRO_Z,-0.671,RW_CMD,0
TM,EST_RAW,28.92,EST_FILTERED,28.92,EST_ANGLE,28.82,EST_FILTER,ON,EST_FILTER_TYPE,MOVING_AVERAGE,EST_MA_WINDOW,1,EST_FILTER_STRENGTH,0.35
TM,EST_FUSION,ON,EST_GYRO_WEIGHT,0.98,EST_VALID,1
TM,SUN_L,3659,SUN_R,3351,SUN_NDV,0.0439,SUN_ANGLE,28.83
TM,MAG_X,-11.39,MAG_Y,4.90,MAG_Z,-16.90,MAG_HEADING,156.74
TM,GYRO_X,-1.067,GYRO_Y,-2.275,GYRO_Z,0.370,BODY_RATE,-0.370
TM,ADCS_MODE,MANUAL,ADCS_REFERENCE,SUN,TARGET,0.00,POINTING_ERROR,-28.79,SUN_ERROR,-28.67,MAG_ERROR,-156.09,GYRO_Z,-0.207,RW_CMD,0
TM,EST_RAW,28.67,EST_FILTERED,28.67,EST_ANGLE,28.79,EST_FILTER,ON,EST_FILTER_TYPE,MOVING_AVERAGE,EST_MA_WINDOW,1,EST_FILTER_STRENGTH,0.35
TM,EST_FUSION,ON,EST_GYRO_WEIGHT,0.98,EST_VALID,1
TM,SUN_L,3660,SUN_R,3351,SUN_NDV,0.0441,SUN_ANGLE,28.51
TM,MAG_X,-11.01,MAG_Y,4.82,MAG_Z,-16.98,MAG_HEADING,156.37
TM,GYRO_X,-0.866,GYRO_Y,-2.415,GYRO_Z,-0.303,BODY_RATE,0.303
TM,SUN_L,3660,SUN_R,3351,SUN_NDV,0.0441,SUN_ANGLE,28.59
TM,MAG_X,-10.94,MAG_Y,4.91,MAG_Z,-17.07,MAG_HEADING,155.83
TM,GYRO_X,-1.251,GYRO_Y,-2.459,GYRO_Z,-0.076,BODY_RATE,0.076
TM,ADCS_MODE,MANUAL,ADCS_REFERENCE,SUN,TARGET,0.00,POINTING_ERROR,-28.75,SUN_ERROR,-28.59,MAG_ERROR,-155.83,GYRO_Z,-0.076,RW_CMD,0
TM,EST_RAW,28.59,EST_FILTERED,28.59,EST_ANGLE,28.75,EST_FILTER,ON,EST_FILTER_TYPE,MOVING_AVERAGE,EST_MA_WINDOW,1,EST_FILTER_STRENGTH,0.35
TM,EST_FUSION,ON,EST_GYRO_WEIGHT,0.98,EST_VALID,1
TM,SUN_L,3660,SUN_R,3351,SUN_NDV,0.0441,SUN_ANGLE,28.67
TM,MAG_X,-10.85,MAG_Y,4.98,MAG_Z,-17.04,MAG_HEADING,155.36
TM,GYRO_X,-1.050,GYRO_Y,-2.328,GYRO_Z,0.073,BODY_RATE,-0.073
TM,ADCS_MODE,MANUAL,ADCS_REFERENCE,SUN,TARGET,0.00,POINTING_ERROR,-28.71,SUN_ERROR,-28.56,MAG_ERROR,-156.00,GYRO_Z,-0.041,RW_CMD,0
TM,EST_RAW,28.56,EST_FILTERED,28.56,EST_ANGLE,28.71,EST_FILTER,ON,EST_FILTER_TYPE,MOVING_AVERAGE,EST_MA_WINDOW,1,EST_FILTER_STRENGTH,0.35
TM,EST_FUSION,ON,EST_GYRO_WEIGHT,0.98,EST_VALID,1
TM,SUN_L,3660,SUN_R,3351,SUN_NDV,0.0441,SUN_ANGLE,28.60
TM,MAG_X,-10.96,MAG_Y,4.88,MAG_Z,-17.01,MAG_HEADING,156.00
TM,GYRO_X,-0.910,GYRO_Y,-2.599,GYRO_Z,0.047,BODY_RATE,-0.047
TM,ADCS_MODE,MANUAL,ADCS_REFERENCE,SUN,TARGET,0.00,POINTING_ERROR,-28.68,SUN_ERROR,-28.51,MAG_ERROR,-155.92,GYRO_Z,-0.137,RW_CMD,0
TM,EST_RAW,28.51,EST_FILTERED,28.51,EST_ANGLE,28.68,EST_FILTER,ON,EST_FILTER_TYPE,MOVING_AVERAGE,EST_MA_WINDOW,1,EST_FILTER_STRENGTH,0.35
TM,EST_FUSION,ON,EST_GYRO_WEIGHT,0.98,EST_VALID,1
TM,SUN_L,3662,SUN_R,3351,SUN_NDV,0.0443,SUN_ANGLE,28.63
TM,MAG_X,-10.94,MAG_Y,4.91,MAG_Z,-17.18,MAG_HEADING,155.83
TM,GYRO_X,-0.892,GYRO_Y,-2.144,GYRO_Z,-0.137,BODY_RATE,0.137
TM,ADCS_MODE,MANUAL,ADCS_REFERENCE,SUN,TARGET,0.00,POINTING_ERROR,-28.65,SUN_ERROR,-28.58,MAG_ERROR,-155.78,GYRO_Z,-0.102,RW_CMD,0
TM,EST_RAW,28.58,EST_FILTERED,28.58,EST_ANGLE,28.65,EST_FILTER,ON,EST_FILTER_TYPE,MOVING_AVERAGE,EST_MA_WINDOW,1,EST_FILTER_STRENGTH,0.35
TM,EST_FUSION,ON,EST_GYRO_WEIGHT,0.98,EST_VALID,1
TM,SUN_L,3659,SUN_R,3351,SUN_NDV,0.0439,SUN_ANGLE,28.49
TM,MAG_X,-10.99,MAG_Y,4.94,MAG_Z,-17.07,MAG_HEADING,155.78
TM,GYRO_X,-0.954,GYRO_Y,-2.441,GYRO_Z,-0.050,BODY_RATE,0.050
TM,SUN_L,3657,SUN_R,3350,SUN_NDV,0.0438,SUN_ANGLE,28.63
TM,MAG_X,-10.86,MAG_Y,5.01,MAG_Z,-17.15,MAG_HEADING,155.25
TM,GYRO_X,-1.102,GYRO_Y,-2.354,GYRO_Z,-0.067,BODY_RATE,0.067
TM,ADCS_MODE,MANUAL,ADCS_REFERENCE,SUN,TARGET,0.00,POINTING_ERROR,-28.64,SUN_ERROR,-28.65,MAG_ERROR,-155.25,GYRO_Z,0.108,RW_CMD,0
TM,EST_RAW,28.65,EST_FILTERED,28.65,EST_ANGLE,28.64,EST_FILTER,ON,EST_FILTER_TYPE,MOVING_AVERAGE,EST_MA_WINDOW,1,EST_FILTER_STRENGTH,0.35
TM,EST_FUSION,ON,EST_GYRO_WEIGHT,0.98,EST_VALID,1
TM,SUN_L,3655,SUN_R,3345,SUN_NDV,0.0443,SUN_ANGLE,28.51
TM,MAG_X,-10.90,MAG_Y,4.75,MAG_Z,-17.25,MAG_HEADING,156.44
TM,GYRO_X,-0.928,GYRO_Y,-1.146,GYRO_Z,-0.417,BODY_RATE,0.417
TM,ADCS_MODE,MANUAL,ADCS_REFERENCE,SUN,TARGET,0.00,POINTING_ERROR,-28.68,SUN_ERROR,-28.65,MAG_ERROR,-156.44,GYRO_Z,0.248,RW_CMD,0
TM,EST_RAW,28.65,EST_FILTERED,28.65,EST_ANGLE,28.68,EST_FILTER,ON,EST_FILTER_TYPE,MOVING_AVERAGE,EST_MA_WINDOW,1,EST_FILTER_STRENGTH,0.35
TM,EST_FUSION,ON,EST_GYRO_WEIGHT,0.98,EST_VALID,1
TM,SUN_L,3651,SUN_R,3341,SUN_NDV,0.0443,SUN_ANGLE,28.48
TM,MAG_X,-10.99,MAG_Y,4.88,MAG_Z,-17.02,MAG_HEADING,156.06
TM,GYRO_X,-0.936,GYRO_Y,-2.257,GYRO_Z,-0.067,BODY_RATE,0.067
TM,ADCS_MODE,MANUAL,ADCS_REFERENCE,SUN,TARGET,0.00,POINTING_ERROR,-28.66,SUN_ERROR,-28.26,MAG_ERROR,-155.96,GYRO_Z,-0.321,RW_CMD,0
TM,EST_RAW,28.26,EST_FILTERED,28.26,EST_ANGLE,28.66,EST_FILTER,ON,EST_FILTER_TYPE,MOVING_AVERAGE,EST_MA_WINDOW,1,EST_FILTER_STRENGTH,0.35
TM,EST_FUSION,ON,EST_GYRO_WEIGHT,0.98,EST_VALID,1
TM,SUN_L,3650,SUN_R,3341,SUN_NDV,0.0442,SUN_ANGLE,28.75
TM,MAG_X,-10.98,MAG_Y,4.90,MAG_Z,-17.41,MAG_HEADING,155.96
TM,GYRO_X,-1.304,GYRO_Y,-2.275,GYRO_Z,0.064,BODY_RATE,-0.064
TM,ADCS_MODE,MANUAL,ADCS_REFERENCE,SUN,TARGET,0.00,POINTING_ERROR,-28.66,SUN_ERROR,-28.49,MAG_ERROR,-156.61,GYRO_Z,0.003,RW_CMD,0
TM,EST_RAW,28.49,EST_FILTERED,28.49,EST_ANGLE,28.66,EST_FILTER,ON,EST_FILTER_TYPE,MOVING_AVERAGE,EST_MA_WINDOW,1,EST_FILTER_STRENGTH,0.35
TM,EST_FUSION,ON,EST_GYRO_WEIGHT,0.98,EST_VALID,1
TM,SUN_L,3651,SUN_R,3341,SUN_NDV,0.0443,SUN_ANGLE,28.61
TM,MAG_X,-10.91,MAG_Y,4.72,MAG_Z,-17.06,MAG_HEADING,156.61
TM,GYRO_X,-0.656,GYRO_Y,-2.362,GYRO_Z,-0.295,BODY_RATE,0.295
TM,SUN_L,3654,SUN_R,3343,SUN_NDV,0.0444,SUN_ANGLE,28.66
TM,MAG_X,-10.86,MAG_Y,4.82,MAG_Z,-17.22,MAG_HEADING,156.09
TM,GYRO_X,-1.076,GYRO_Y,-2.161,GYRO_Z,-0.155,BODY_RATE,0.155
TM,ADCS_MODE,MANUAL,ADCS_REFERENCE,SUN,TARGET,0.00,POINTING_ERROR,-28.65,SUN_ERROR,-28.66,MAG_ERROR,-156.09,GYRO_Z,0.169,RW_CMD,0
TM,EST_RAW,28.66,EST_FILTERED,28.66,EST_ANGLE,28.65,EST_FILTER,ON,EST_FILTER_TYPE,MOVING_AVERAGE,EST_MA_WINDOW,1,EST_FILTER_STRENGTH,0.35
TM,EST_FUSION,ON,EST_GYRO_WEIGHT,0.98,EST_VALID,1
TM,SUN_L,3653,SUN_R,3344,SUN_NDV,0.0442,SUN_ANGLE,28.62
TM,MAG_X,-10.98,MAG_Y,4.85,MAG_Z,-17.15,MAG_HEADING,156.17
TM,GYRO_X,-1.181,GYRO_Y,-2.223,GYRO_Z,-0.085,BODY_RATE,0.085
TM,ADCS_MODE,MANUAL,ADCS_REFERENCE,SUN,TARGET,0.00,POINTING_ERROR,-28.64,SUN_ERROR,-28.89,MAG_ERROR,-156.17,GYRO_Z,-0.163,RW_CMD,0
TM,EST_RAW,28.89,EST_FILTERED,28.89,EST_ANGLE,28.64,EST_FILTER,ON,EST_FILTER_TYPE,MOVING_AVERAGE,EST_MA_WINDOW,1,EST_FILTER_STRENGTH,0.35
TM,EST_FUSION,ON,EST_GYRO_WEIGHT,0.98,EST_VALID,1
TM,SUN_L,3654,SUN_R,3343,SUN_NDV,0.0444,SUN_ANGLE,28.42
TM,MAG_X,-10.90,MAG_Y,4.82,MAG_Z,-17.18,MAG_HEADING,156.15
TM,GYRO_X,-1.006,GYRO_Y,-2.161,GYRO_Z,0.169,BODY_RATE,-0.169
TM,ADCS_MODE,MANUAL,ADCS_REFERENCE,SUN,TARGET,0.00,POINTING_ERROR,-28.63,SUN_ERROR,-28.56,MAG_ERROR,-156.58,GYRO_Z,0.012,RW_CMD,0
TM,EST_RAW,28.56,EST_FILTERED,28.56,EST_ANGLE,28.63,EST_FILTER,ON,EST_FILTER_TYPE,MOVING_AVERAGE,EST_MA_WINDOW,1,EST_FILTER_STRENGTH,0.35
TM,EST_FUSION,ON,EST_GYRO_WEIGHT,0.98,EST_VALID,1
TM,SUN_L,3652,SUN_R,3344,SUN_NDV,0.0440,SUN_ANGLE,28.44
TM,MAG_X,-10.82,MAG_Y,4.67,MAG_Z,-17.14,MAG_HEADING,156.64
TM,GYRO_X,-1.225,GYRO_Y,-2.091,GYRO_Z,-0.067,BODY_RATE,0.067
TM,ADCS_MODE,MANUAL,ADCS_REFERENCE,SUN,TARGET,0.00,POINTING_ERROR,-28.61,SUN_ERROR,-28.43,MAG_ERROR,-156.50,GYRO_Z,-0.015,RW_CMD,0
TM,EST_RAW,28.43,EST_FILTERED,28.43,EST_ANGLE,28.61,EST_FILTER,ON,EST_FILTER_TYPE,MOVING_AVERAGE,EST_MA_WINDOW,1,EST_FILTER_STRENGTH,0.35
TM,EST_FUSION,ON,EST_GYRO_WEIGHT,0.98,EST_VALID,1
TM,SUN_L,3652,SUN_R,3342,SUN_NDV,0.0443,SUN_ANGLE,28.45
TM,MAG_X,-10.67,MAG_Y,4.64,MAG_Z,-17.09,MAG_HEADING,156.50
TM,GYRO_X,-1.076,GYRO_Y,-2.301,GYRO_Z,0.082,BODY_RATE,-0.082
TM,SUN_L,3652,SUN_R,3343,SUN_NDV,0.0442,SUN_ANGLE,28.50
TM,MAG_X,-10.82,MAG_Y,4.72,MAG_Z,-17.20,MAG_HEADING,156.42
TM,GYRO_X,-0.998,GYRO_Y,-2.275,GYRO_Z,0.099,BODY_RATE,-0.099
TM,ADCS_MODE,MANUAL,ADCS_REFERENCE,SUN,TARGET,0.00,POINTING_ERROR,-28.59,SUN_ERROR,-28.50,MAG_ERROR,-156.42,GYRO_Z,0.099,RW_CMD,0
TM,EST_RAW,28.50,EST_FILTERED,28.50,EST_ANGLE,28.59,EST_FILTER,ON,EST_FILTER_TYPE,MOVING_AVERAGE,EST_MA_WINDOW,1,EST_FILTER_STRENGTH,0.35
TM,EST_FUSION,ON,EST_GYRO_WEIGHT,0.98,EST_VALID,1
TM,SUN_L,3651,SUN_R,3343,SUN_NDV,0.0440,SUN_ANGLE,28.48
TM,MAG_X,-10.93,MAG_Y,4.67,MAG_Z,-17.28,MAG_HEADING,156.85
TM,GYRO_X,-0.954,GYRO_Y,-2.144,GYRO_Z,-0.076,BODY_RATE,0.076
TM,ADCS_MODE,MANUAL,ADCS_REFERENCE,SUN,TARGET,0.00,POINTING_ERROR,-28.60,SUN_ERROR,-28.61,MAG_ERROR,-156.34,GYRO_Z,0.003,RW_CMD,0
TM,EST_RAW,28.61,EST_FILTERED,28.61,EST_ANGLE,28.60,EST_FILTER,ON,EST_FILTER_TYPE,MOVING_AVERAGE,EST_MA_WINDOW,1,EST_FILTER_STRENGTH,0.35
TM,EST_FUSION,ON,EST_GYRO_WEIGHT,0.98,EST_VALID,1
TM,SUN_L,3652,SUN_R,3341,SUN_NDV,0.0445,SUN_ANGLE,28.68
TM,MAG_X,-10.90,MAG_Y,4.82,MAG_Z,-17.15,MAG_HEADING,156.15
TM,GYRO_X,-1.041,GYRO_Y,-2.056,GYRO_Z,0.195,BODY_RATE,-0.195
TM,ADCS_MODE,MANUAL,ADCS_REFERENCE,SUN,TARGET,0.00,POINTING_ERROR,-28.61,SUN_ERROR,-28.78,MAG_ERROR,-156.15,GYRO_Z,-0.076,RW_CMD,0
TM,EST_RAW,28.78,EST_FILTERED,28.78,EST_ANGLE,28.61,EST_FILTER,ON,EST_FILTER_TYPE,MOVING_AVERAGE,EST_MA_WINDOW,1,EST_FILTER_STRENGTH,0.35
TM,EST_FUSION,ON,EST_GYRO_WEIGHT,0.98,EST_VALID,1
TM,SUN_L,3653,SUN_R,3342,SUN_NDV,0.0445,SUN_ANGLE,28.52
TM,MAG_X,-10.70,MAG_Y,4.82,MAG_Z,-17.12,MAG_HEADING,155.78
TM,GYRO_X,-0.866,GYRO_Y,-2.109,GYRO_Z,0.318,BODY_RATE,-0.318
TM,ADCS_MODE,MANUAL,ADCS_REFERENCE,SUN,TARGET,0.00,POINTING_ERROR,-28.61,SUN_ERROR,-28.60,MAG_ERROR,-156.23,GYRO_Z,-0.137,RW_CMD,0
TM,EST_RAW,28.60,EST_FILTERED,28.60,EST_ANGLE,28.61,EST_FILTER,ON,EST_FILTER_TYPE,MOVING_AVERAGE,EST_MA_WINDOW,1,EST_FILTER_STRENGTH,0.35
TM,EST_FUSION,ON,EST_GYRO_WEIGHT,0.98,EST_VALID,1
TM,SUN_L,3651,SUN_R,3341,SUN_NDV,0.0443,SUN_ANGLE,28.81
TM,MAG_X,-10.75,MAG_Y,4.74,MAG_Z,-17.06,MAG_HEADING,156.23
TM,GYRO_X,-1.059,GYRO_Y,-2.021,GYRO_Z,-0.408,BODY_RATE,0.408
TM,SUN_L,3650,SUN_R,3340,SUN_NDV,0.0443,SUN_ANGLE,28.18
TM,MAG_X,-10.69,MAG_Y,4.82,MAG_Z,-17.18,MAG_HEADING,155.74
TM,GYRO_X,-1.129,GYRO_Y,-2.004,GYRO_Z,-0.085,BODY_RATE,0.085
TM,ADCS_MODE,MANUAL,ADCS_REFERENCE,SUN,TARGET,0.00,POINTING_ERROR,-28.57,SUN_ERROR,-28.18,MAG_ERROR,-155.74,GYRO_Z,-0.006,RW_CMD,0
TM,EST_RAW,28.18,EST_FILTERED,28.18,EST_ANGLE,28.57,EST_FILTER,ON,EST_FILTER_TYPE,MOVING_AVERAGE,EST_MA_WINDOW,1,EST_FILTER_STRENGTH,0.35
TM,EST_FUSION,ON,EST_GYRO_WEIGHT,0.98,EST_VALID,1
TM,SUN_L,3648,SUN_R,3340,SUN_NDV,0.0441,SUN_ANGLE,27.95
TM,MAG_X,-10.85,MAG_Y,4.72,MAG_Z,-17.22,MAG_HEADING,156.49
TM,GYRO_X,-1.129,GYRO_Y,-2.100,GYRO_Z,0.117,BODY_RATE,-0.117
TM,ADCS_MODE,MANUAL,ADCS_REFERENCE,SUN,TARGET,0.00,POINTING_ERROR,-28.50,SUN_ERROR,-28.24,MAG_ERROR,-156.49,GYRO_Z,0.038,RW_CMD,0
TM,EST_RAW,28.24,EST_FILTERED,28.24,EST_ANGLE,28.50,EST_FILTER,ON,EST_FILTER_TYPE,MOVING_AVERAGE,EST_MA_WINDOW,1,EST_FILTER_STRENGTH,0.35
TM,EST_FUSION,ON,EST_GYRO_WEIGHT,0.98,EST_VALID,1
TM,SUN_L,3646,SUN_R,3339,SUN_NDV,0.0440,SUN_ANGLE,28.11
TM,MAG_X,-10.78,MAG_Y,4.90,MAG_Z,-16.86,MAG_HEADING,155.58
TM,GYRO_X,-1.146,GYRO_Y,-1.942,GYRO_Z,-0.128,BODY_RATE,0.128
TM,ADCS_MODE,MANUAL,ADCS_REFERENCE,SUN,TARGET,0.00,POINTING_ERROR,-28.43,SUN_ERROR,-28.04,MAG_ERROR,-155.80,GYRO_Z,0.047,RW_CMD,0
TM,EST_RAW,28.04,EST_FILTERED,28.04,EST_ANGLE,28.43,EST_FILTER,ON,EST_FILTER_TYPE,MOVING_AVERAGE,EST_MA_WINDOW,1,EST_FILTER_STRENGTH,0.35
TM,EST_FUSION,ON,EST_GYRO_WEIGHT,0.98,EST_VALID,1
TM,SUN_L,3645,SUN_R,3338,SUN_NDV,0.0440,SUN_ANGLE,28.00
TM,MAG_X,-10.90,MAG_Y,4.90,MAG_Z,-17.15,MAG_HEADING,155.80
TM,GYRO_X,-0.726,GYRO_Y,-1.951,GYRO_Z,0.003,BODY_RATE,-0.003
TM,ADCS_MODE,MANUAL,ADCS_REFERENCE,SUN,TARGET,0.00,POINTING_ERROR,-28.35,SUN_ERROR,-27.94,MAG_ERROR,-155.41,GYRO_Z,-0.102,RW_CMD,0
TM,EST_RAW,27.94,EST_FILTERED,27.94,EST_ANGLE,28.35,EST_FILTER,ON,EST_FILTER_TYPE,MOVING_AVERAGE,EST_MA_WINDOW,1,EST_FILTER_STRENGTH,0.35
TM,EST_FUSION,ON,EST_GYRO_WEIGHT,0.98,EST_VALID,1
TM,SUN_L,3643,SUN_R,3336,SUN_NDV,0.0440,SUN_ANGLE,27.90
TM,MAG_X,-10.77,MAG_Y,4.94,MAG_Z,-17.15,MAG_HEADING,155.34
TM,GYRO_X,-1.155,GYRO_Y,-1.908,GYRO_Z,-0.023,BODY_RATE,0.023
TM,SUN_L,3643,SUN_R,3336,SUN_NDV,0.0440,SUN_ANGLE,28.01
TM,MAG_X,-10.67,MAG_Y,4.86,MAG_Z,-17.34,MAG_HEADING,155.50
TM,GYRO_X,-1.339,GYRO_Y,-1.951,GYRO_Z,0.012,BODY_RATE,-0.012
TM,ADCS_MODE,MANUAL,ADCS_REFERENCE,SUN,TARGET,0.00,POINTING_ERROR,-28.26,SUN_ERROR,-27.89,MAG_ERROR,-155.50,GYRO_Z,-0.111,RW_CMD,0
TM,EST_RAW,27.89,EST_FILTERED,27.89,EST_ANGLE,28.26,EST_FILTER,ON,EST_FILTER_TYPE,MOVING_AVERAGE,EST_MA_WINDOW,1,EST_FILTER_STRENGTH,0.35
TM,EST_FUSION,ON,EST_GYRO_WEIGHT,0.98,EST_VALID,1
TM,SUN_L,3643,SUN_R,3337,SUN_NDV,0.0438,SUN_ANGLE,28.04
TM,MAG_X,-10.75,MAG_Y,4.98,MAG_Z,-17.23,MAG_HEADING,155.17
TM,GYRO_X,-0.998,GYRO_Y,-2.616,GYRO_Z,0.239,BODY_RATE,-0.239
TM,ADCS_MODE,MANUAL,ADCS_REFERENCE,SUN,TARGET,0.00,POINTING_ERROR,-28.20,SUN_ERROR,-27.89,MAG_ERROR,-155.17,GYRO_Z,-0.015,RW_CMD,0
TM,EST_RAW,27.89,EST_FILTERED,27.89,EST_ANGLE,28.20,EST_FILTER,ON,EST_FILTER_TYPE,MOVING_AVERAGE,EST_MA_WINDOW,1,EST_FILTER_STRENGTH,0.35
TM,EST_FUSION,ON,EST_GYRO_WEIGHT,0.98,EST_VALID,1
TM,SUN_L,3644,SUN_R,3338,SUN_NDV,0.0438,SUN_ANGLE,28.07
TM,MAG_X,-10.75,MAG_Y,4.77,MAG_Z,-17.14,MAG_HEADING,156.09
TM,GYRO_X,-0.998,GYRO_Y,-2.345,GYRO_Z,0.125,BODY_RATE,-0.125
TM,ADCS_MODE,MANUAL,ADCS_REFERENCE,SUN,TARGET,0.00,POINTING_ERROR,-28.13,SUN_ERROR,-28.04,MAG_ERROR,-155.43,GYRO_Z,-0.058,RW_CMD,0
TM,EST_RAW,28.04,EST_FILTERED,28.04,EST_ANGLE,28.13,EST_FILTER,ON,EST_FILTER_TYPE,MOVING_AVERAGE,EST_MA_WINDOW,1,EST_FILTER_STRENGTH,0.35
TM,EST_FUSION,ON,EST_GYRO_WEIGHT,0.98,EST_VALID,1
TM,SUN_L,3645,SUN_R,3338,SUN_NDV,0.0440,SUN_ANGLE,27.90
TM,MAG_X,-10.90,MAG_Y,4.74,MAG_Z,-17.10,MAG_HEADING,156.51
TM,GYRO_X,-1.024,GYRO_Y,-2.082,GYRO_Z,-0.067,BODY_RATE,0.067
TM,ADCS_MODE,MANUAL,ADCS_REFERENCE,SUN,TARGET,0.00,POINTING_ERROR,-28.12,SUN_ERROR,-27.89,MAG_ERROR,-155.88,GYRO_Z,-0.067,RW_CMD,0
TM,EST_RAW,27.89,EST_FILTERED,27.89,EST_ANGLE,28.12,EST_FILTER,ON,EST_FILTER_TYPE,MOVING_AVERAGE,EST_MA_WINDOW,1,EST_FILTER_STRENGTH,0.35
TM,EST_FUSION,ON,EST_GYRO_WEIGHT,0.98,EST_VALID,1
TM,SUN_L,3643,SUN_R,3337,SUN_NDV,0.0438,SUN_ANGLE,27.99
TM,MAG_X,-10.86,MAG_Y,4.86,MAG_Z,-17.15,MAG_HEADING,155.88
TM,GYRO_X,-1.190,GYRO_Y,-2.196,GYRO_Z,0.090,BODY_RATE,-0.090
TM,SUN_L,3643,SUN_R,3337,SUN_NDV,0.0438,SUN_ANGLE,28.05
TM,MAG_X,-10.70,MAG_Y,4.90,MAG_Z,-17.18,MAG_HEADING,155.42
TM,GYRO_X,-0.919,GYRO_Y,-2.266,GYRO_Z,0.213,BODY_RATE,-0.213
TM,ADCS_MODE,MANUAL,ADCS_REFERENCE,SUN,TARGET,0.00,POINTING_ERROR,-28.11,SUN_ERROR,-28.05,MAG_ERROR,-155.42,GYRO_Z,0.213,RW_CMD,0
TM,EST_RAW,28.05,EST_FILTERED,28.05,EST_ANGLE,28.11,EST_FILTER,ON,EST_FILTER_TYPE,MOVING_AVERAGE,EST_MA_WINDOW,1,EST_FILTER_STRENGTH,0.35
TM,EST_FUSION,ON,EST_GYRO_WEIGHT,0.98,EST_VALID,1
TM,SUN_L,3643,SUN_R,3337,SUN_NDV,0.0438,SUN_ANGLE,27.89
TM,MAG_X,-10.77,MAG_Y,4.80,MAG_Z,-17.20,MAG_HEADING,155.97
TM,GYRO_X,-1.260,GYRO_Y,-1.951,GYRO_Z,0.265,BODY_RATE,-0.265
TM,ADCS_MODE,MANUAL,ADCS_REFERENCE,SUN,TARGET,0.00,POINTING_ERROR,-28.09,SUN_ERROR,-28.01,MAG_ERROR,-155.97,GYRO_Z,-0.076,RW_CMD,0
TM,EST_RAW,28.01,EST_FILTERED,28.01,EST_ANGLE,28.09,EST_FILTER,ON,EST_FILTER_TYPE,MOVING_AVERAGE,EST_MA_WINDOW,1,EST_FILTER_STRENGTH,0.35
TM,EST_FUSION,ON,EST_GYRO_WEIGHT,0.98,EST_VALID,1
TM,SUN_L,3642,SUN_R,3334,SUN_NDV,0.0442,SUN_ANGLE,27.90
TM,MAG_X,-10.77,MAG_Y,4.75,MAG_Z,-17.12,MAG_HEADING,156.19
TM,GYRO_X,-1.015,GYRO_Y,-2.362,GYRO_Z,0.012,BODY_RATE,-0.012
TM,ADCS_MODE,MANUAL,ADCS_REFERENCE,SUN,TARGET,0.00,POINTING_ERROR,-28.06,SUN_ERROR,-27.90,MAG_ERROR,-156.19,GYRO_Z,-0.128,RW_CMD,0
TM,EST_RAW,27.90,EST_FILTERED,27.90,EST_ANGLE,28.06,EST_FILTER,ON,EST_FILTER_TYPE,MOVING_AVERAGE,EST_MA_WINDOW,1,EST_FILTER_STRENGTH,0.35
TM,EST_FUSION,ON,EST_GYRO_WEIGHT,0.98,EST_VALID,1
TM,SUN_L,3644,SUN_R,3336,SUN_NDV,0.0441,SUN_ANGLE,28.00
TM,MAG_X,-10.75,MAG_Y,4.83,MAG_Z,-17.17,MAG_HEADING,155.80
TM,GYRO_X,-1.076,GYRO_Y,-2.161,GYRO_Z,0.475,BODY_RATE,-0.475
TM,ADCS_MODE,MANUAL,ADCS_REFERENCE,SUN,TARGET,0.00,POINTING_ERROR,-28.03,SUN_ERROR,-27.92,MAG_ERROR,-155.86,GYRO_Z,-0.041,RW_CMD,0
TM,EST_RAW,27.92,EST_FILTERED,27.92,EST_ANGLE,28.03,EST_FILTER,ON,EST_FILTER_TYPE,MOVING_AVERAGE,EST_MA_WINDOW,1,EST_FILTER_STRENGTH,0.35
TM,EST_FUSION,ON,EST_GYRO_WEIGHT,0.98,EST_VALID,1
TM,SUN_L,3644,SUN_R,3334,SUN_NDV,0.0444,SUN_ANGLE,27.92
TM,MAG_X,-10.78,MAG_Y,4.83,MAG_Z,-17.06,MAG_HEADING,155.86
TM,GYRO_X,-0.796,GYRO_Y,-2.056,GYRO_Z,0.047,BODY_RATE,-0.047
TM,SUN_L,3642,SUN_R,3336,SUN_NDV,0.0439,SUN_ANGLE,27.90
TM,MAG_X,-10.82,MAG_Y,4.85,MAG_Z,-17.17,MAG_HEADING,155.86
TM,GYRO_X,-1.146,GYRO_Y,-2.065,GYRO_Z,-0.093,BODY_RATE,0.093
TM,ADCS_MODE,MANUAL,ADCS_REFERENCE,SUN,TARGET,0.00,POINTING_ERROR,-28.01,SUN_ERROR,-27.90,MAG_ERROR,-155.86,GYRO_Z,-0.041,RW_CMD,0
TM,EST_RAW,27.90,EST_FILTERED,27.90,EST_ANGLE,28.01,EST_FILTER,ON,EST_FILTER_TYPE,MOVING_AVERAGE,EST_MA_WINDOW,1,EST_FILTER_STRENGTH,0.35
TM,EST_FUSION,ON,EST_GYRO_WEIGHT,0.98,EST_VALID,1
TM,SUN_L,3642,SUN_R,3336,SUN_NDV,0.0439,SUN_ANGLE,27.92
TM,MAG_X,-10.70,MAG_Y,4.80,MAG_Z,-17.15,MAG_HEADING,155.85
TM,GYRO_X,-0.971,GYRO_Y,-2.257,GYRO_Z,-0.093,BODY_RATE,0.093
TM,ADCS_MODE,MANUAL,ADCS_REFERENCE,SUN,TARGET,0.00,POINTING_ERROR,-27.98,SUN_ERROR,-27.85,MAG_ERROR,-155.85,GYRO_Z,-0.058,RW_CMD,0
TM,EST_RAW,27.85,EST_FILTERED,27.85,EST_ANGLE,27.98,EST_FILTER,ON,EST_FILTER_TYPE,MOVING_AVERAGE,EST_MA_WINDOW,1,EST_FILTER_STRENGTH,0.35
TM,EST_FUSION,ON,EST_GYRO_WEIGHT,0.98,EST_VALID,1
TM,SUN_L,3643,SUN_R,3336,SUN_NDV,0.0440,SUN_ANGLE,27.94
TM,MAG_X,-10.80,MAG_Y,4.86,MAG_Z,-16.91,MAG_HEADING,155.75
TM,GYRO_X,-0.744,GYRO_Y,-2.275,GYRO_Z,0.108,BODY_RATE,-0.108
TM,ADCS_MODE,MANUAL,ADCS_REFERENCE,SUN,TARGET,0.00,POINTING_ERROR,-27.97,SUN_ERROR,-27.90,MAG_ERROR,-155.57,GYRO_Z,-0.233,RW_CMD,0
TM,EST_RAW,27.90,EST_FILTERED,27.90,EST_ANGLE,27.97,EST_FILTER,ON,EST_FILTER_TYPE,MOVING_AVERAGE,EST_MA_WINDOW,1,EST_FILTER_STRENGTH,0.35
TM,EST_FUSION,ON,EST_GYRO_WEIGHT,0.98,EST_VALID,1
TM,SUN_L,3642,SUN_R,3336,SUN_NDV,0.0439,SUN_ANGLE,27.93
TM,MAG_X,-10.67,MAG_Y,4.85,MAG_Z,-17.06,MAG_HEADING,155.57
TM,GYRO_X,-0.945,GYRO_Y,-2.275,GYRO_Z,-0.251,BODY_RATE,0.251
TM,ADCS_MODE,MANUAL,ADCS_REFERENCE,SUN,TARGET,0.00,POINTING_ERROR,-27.95,SUN_ERROR,-27.87,MAG_ERROR,-156.58,GYRO_Z,-0.155,RW_CMD,0
TM,EST_RAW,27.87,EST_FILTERED,27.87,EST_ANGLE,27.95,EST_FILTER,ON,EST_FILTER_TYPE,MOVING_AVERAGE,EST_MA_WINDOW,1,EST_FILTER_STRENGTH,0.35
TM,EST_FUSION,ON,EST_GYRO_WEIGHT,0.98,EST_VALID,1
TM,SUN_L,3643,SUN_R,3335,SUN_NDV,0.0441,SUN_ANGLE,27.81
TM,MAG_X,-10.75,MAG_Y,4.86,MAG_Z,-17.07,MAG_HEADING,155.66
TM,GYRO_X,-0.919,GYRO_Y,-2.100,GYRO_Z,0.248,BODY_RATE,-0.248
TM,SUN_L,3644,SUN_R,3337,SUN_NDV,0.0440,SUN_ANGLE,27.85
TM,MAG_X,-10.70,MAG_Y,4.85,MAG_Z,-17.17,MAG_HEADING,155.63
TM,GYRO_X,-1.242,GYRO_Y,-2.196,GYRO_Z,0.650,BODY_RATE,-0.650
TM,ADCS_MODE,MANUAL,ADCS_REFERENCE,SUN,TARGET,0.00,POINTING_ERROR,-27.86,SUN_ERROR,-27.85,MAG_ERROR,-155.63,GYRO_Z,0.650,RW_CMD,0
TM,EST_RAW,27.85,EST_FILTERED,27.85,EST_ANGLE,27.86,EST_FILTER,ON,EST_FILTER_TYPE,MOVING_AVERAGE,EST_MA_WINDOW,1,EST_FILTER_STRENGTH,0.35
TM,EST_FUSION,ON,EST_GYRO_WEIGHT,0.98,EST_VALID,1
TM,SUN_L,3646,SUN_R,3339,SUN_NDV,0.0440,SUN_ANGLE,28.27
TM,MAG_X,-10.64,MAG_Y,4.93,MAG_Z,-16.99,MAG_HEADING,155.15
TM,GYRO_X,-1.033,GYRO_Y,-2.485,GYRO_Z,0.230,BODY_RATE,-0.230
TM,ADCS_MODE,MANUAL,ADCS_REFERENCE,SUN,TARGET,0.00,POINTING_ERROR,-28.01,SUN_ERROR,-28.24,MAG_ERROR,-155.54,GYRO_Z,-0.225,RW_CMD,0
TM,EST_RAW,28.24,EST_FILTERED,28.24,EST_ANGLE,28.01,EST_FILTER,ON,EST_FILTER_TYPE,MOVING_AVERAGE,EST_MA_WINDOW,1,EST_FILTER_STRENGTH,0.35
TM,EST_FUSION,ON,EST_GYRO_WEIGHT,0.98,EST_VALID,1
TM,SUN_L,3651,SUN_R,3340,SUN_NDV,0.0445,SUN_ANGLE,28.55
TM,MAG_X,-10.61,MAG_Y,4.83,MAG_Z,-16.91,MAG_HEADING,155.51
TM,GYRO_X,-1.015,GYRO_Y,-2.704,GYRO_Z,0.082,BODY_RATE,-0.082
TM,ADCS_MODE,MANUAL,ADCS_REFERENCE,SUN,TARGET,0.00,POINTING_ERROR,-28.18,SUN_ERROR,-28.75,MAG_ERROR,-155.51,GYRO_Z,-0.312,RW_CMD,0
TM,EST_RAW,28.75,EST_FILTERED,28.75,EST_ANGLE,28.18,EST_FILTER,ON,EST_FILTER_TYPE,MOVING_AVERAGE,EST_MA_WINDOW,1,EST_FILTER_STRENGTH,0.35
TM,EST_FUSION,ON,EST_GYRO_WEIGHT,0.98,EST_VALID,1
TM,SUN_L,3652,SUN_R,3341,SUN_NDV,0.0445,SUN_ANGLE,28.77
TM,MAG_X,-10.70,MAG_Y,4.82,MAG_Z,-17.07,MAG_HEADING,155.78
TM,GYRO_X,-1.251,GYRO_Y,-2.310,GYRO_Z,-0.251,BODY_RATE,0.251
TM,ADCS_MODE,MANUAL,ADCS_REFERENCE,SUN,TARGET,0.00,POINTING_ERROR,-28.37,SUN_ERROR,-29.01,MAG_ERROR,-155.84,GYRO_Z,0.248,RW_CMD,0
TM,EST_RAW,29.01,EST_FILTERED,29.01,EST_ANGLE,28.37,EST_FILTER,ON,EST_FILTER_TYPE,MOVING_AVERAGE,EST_MA_WINDOW,1,EST_FILTER_STRENGTH,0.35
TM,EST_FUSION,ON,EST_GYRO_WEIGHT,0.98,EST_VALID,1
TM,SUN_L,3654,SUN_R,3341,SUN_NDV,0.0447,SUN_ANGLE,28.89
TM,MAG_X,-10.59,MAG_Y,4.75,MAG_Z,-17.07,MAG_HEADING,155.84
TM,GYRO_X,-0.928,GYRO_Y,-2.564,GYRO_Z,0.099,BODY_RATE,-0.099
TM,SUN_L,3655,SUN_R,3342,SUN_NDV,0.0447,SUN_ANGLE,28.90
TM,MAG_X,-10.59,MAG_Y,4.86,MAG_Z,-17.06,MAG_HEADING,155.33
TM,GYRO_X,-1.024,GYRO_Y,-2.152,GYRO_Z,0.003,BODY_RATE,-0.003
TM,ADCS_MODE,MANUAL,ADCS_REFERENCE,SUN,TARGET,0.00,POINTING_ERROR,-28.49,SUN_ERROR,-28.84,MAG_ERROR,-155.33,GYRO_Z,0.029,RW_CMD,0
TM,EST_RAW,28.84,EST_FILTERED,28.84,EST_ANGLE,28.49,EST_FILTER,ON,EST_FILTER_TYPE,MOVING_AVERAGE,EST_MA_WINDOW,1,EST_FILTER_STRENGTH,0.35
TM,EST_FUSION,ON,EST_GYRO_WEIGHT,0.98,EST_VALID,1
TM,SUN_L,3655,SUN_R,3341,SUN_NDV,0.0449,SUN_ANGLE,28.76
TM,MAG_X,-10.90,MAG_Y,4.75,MAG_Z,-17.07,MAG_HEADING,156.44
TM,GYRO_X,-0.805,GYRO_Y,-2.275,GYRO_Z,-0.155,BODY_RATE,0.155
TM,ADCS_MODE,MANUAL,ADCS_REFERENCE,SUN,TARGET,0.00,POINTING_ERROR,-28.59,SUN_ERROR,-29.04,MAG_ERROR,-156.44,GYRO_Z,-0.076,RW_CMD,0
TM,EST_RAW,29.04,EST_FILTERED,29.04,EST_ANGLE,28.59,EST_FILTER,ON,EST_FILTER_TYPE,MOVING_AVERAGE,EST_MA_WINDOW,1,EST_FILTER_STRENGTH,0.35
TM,EST_FUSION,ON,EST_GYRO_WEIGHT,0.98,EST_VALID,1
TM,SUN_L,3653,SUN_R,3342,SUN_NDV,0.0445,SUN_ANGLE,28.81
TM,MAG_X,-10.67,MAG_Y,4.77,MAG_Z,-17.20,MAG_HEADING,155.93
TM,GYRO_X,-1.067,GYRO_Y,-2.354,GYRO_Z,0.222,BODY_RATE,-0.222
TM,ADCS_MODE,MANUAL,ADCS_REFERENCE,SUN,TARGET,0.00,POINTING_ERROR,-28.57,SUN_ERROR,-28.84,MAG_ERROR,-155.70,GYRO_Z,0.659,RW_CMD,0
TM,EST_RAW,28.84,EST_FILTERED,28.84,EST_ANGLE,28.57,EST_FILTER,ON,EST_FILTER_TYPE,MOVING_AVERAGE,EST_MA_WINDOW,1,EST_FILTER_STRENGTH,0.35
TM,EST_FUSION,ON,EST_GYRO_WEIGHT,0.98,EST_VALID,1
TM,SUN_L,3655,SUN_R,3346,SUN_NDV,0.0441,SUN_ANGLE,28.58
TM,MAG_X,-10.74,MAG_Y,4.85,MAG_Z,-17.01,MAG_HEADING,155.70
TM,GYRO_X,-1.347,GYRO_Y,-2.354,GYRO_Z,1.079,BODY_RATE,-1.079
TM,ADCS_MODE,MANUAL,ADCS_REFERENCE,SUN,TARGET,0.00,POINTING_ERROR,-28.47,SUN_ERROR,-28.67,MAG_ERROR,-155.43,GYRO_Z,-0.391,RW_CMD,0
TM,EST_RAW,28.67,EST_FILTERED,28.67,EST_ANGLE,28.47,EST_FILTER,ON,EST_FILTER_TYPE,MOVING_AVERAGE,EST_MA_WINDOW,1,EST_FILTER_STRENGTH,0.35
TM,EST_FUSION,ON,EST_GYRO_WEIGHT,0.98,EST_VALID,1
TM,SUN_L,3655,SUN_R,3345,SUN_NDV,0.0443,SUN_ANGLE,28.53
TM,MAG_X,-10.67,MAG_Y,4.88,MAG_Z,-17.22,MAG_HEADING,155.43
TM,GYRO_X,-0.901,GYRO_Y,-2.240,GYRO_Z,-0.111,BODY_RATE,0.111
TM,SUN_L,3655,SUN_R,3344,SUN_NDV,0.0444,SUN_ANGLE,28.56
TM,MAG_X,-10.82,MAG_Y,5.04,MAG_Z,-17.01,MAG_HEADING,155.02
TM,GYRO_X,-0.840,GYRO_Y,-2.424,GYRO_Z,-0.435,BODY_RATE,0.435
TM,ADCS_MODE,MANUAL,ADCS_REFERENCE,SUN,TARGET,0.00,POINTING_ERROR,-28.51,SUN_ERROR,-28.56,MAG_ERROR,-155.02,GYRO_Z,-0.373,RW_CMD,0
TM,EST_RAW,28.56,EST_FILTERED,28.56,EST_ANGLE,28.51,EST_FILTER,ON,EST_FILTER_TYPE,MOVING_AVERAGE,EST_MA_WINDOW,1,EST_FILTER_STRENGTH,0.35
TM,EST_FUSION,ON,EST_GYRO_WEIGHT,0.98,EST_VALID,1
TM,SUN_L,3652,SUN_R,3341,SUN_NDV,0.0445,SUN_ANGLE,28.84
TM,MAG_X,-10.64,MAG_Y,4.82,MAG_Z,-17.20,MAG_HEADING,155.65
TM,GYRO_X,-0.962,GYRO_Y,-2.686,GYRO_Z,-1.012,BODY_RATE,1.012
TM,ADCS_MODE,MANUAL,ADCS_REFERENCE,SUN,TARGET,0.00,POINTING_ERROR,-28.72,SUN_ERROR,-28.80,MAG_ERROR,-155.65,GYRO_Z,-1.047,RW_CMD,0
TM,EST_RAW,28.80,EST_FILTERED,28.80,EST_ANGLE,28.72,EST_FILTER,ON,EST_FILTER_TYPE,MOVING_AVERAGE,EST_MA_WINDOW,1,EST_FILTER_STRENGTH,0.35
TM,EST_FUSION,ON,EST_GYRO_WEIGHT,0.98,EST_VALID,1
TM,SUN_L,3652,SUN_R,3341,SUN_NDV,0.0445,SUN_ANGLE,28.85
TM,MAG_X,-10.75,MAG_Y,4.62,MAG_Z,-17.07,MAG_HEADING,156.73
TM,GYRO_X,-1.269,GYRO_Y,-2.415,GYRO_Z,0.195,BODY_RATE,-0.195
TM,ADCS_MODE,MANUAL,ADCS_REFERENCE,SUN,TARGET,0.00,POINTING_ERROR,-28.68,SUN_ERROR,-28.81,MAG_ERROR,-156.03,GYRO_Z,0.257,RW_CMD,0
TM,EST_RAW,28.81,EST_FILTERED,28.81,EST_ANGLE,28.68,EST_FILTER,ON,EST_FILTER_TYPE,MOVING_AVERAGE,EST_MA_WINDOW,1,EST_FILTER_STRENGTH,0.35
TM,EST_FUSION,ON,EST_GYRO_WEIGHT,0.98,EST_VALID,1
TM,SUN_L,3655,SUN_R,3343,SUN_NDV,0.0446,SUN_ANGLE,28.75
TM,MAG_X,-10.69,MAG_Y,4.86,MAG_Z,-16.80,MAG_HEADING,155.53
TM,GYRO_X,-0.989,GYRO_Y,-2.275,GYRO_Z,-0.251,BODY_RATE,0.251
TM,ADCS_MODE,MANUAL,ADCS_REFERENCE,SUN,TARGET,0.00,POINTING_ERROR,-28.78,SUN_ERROR,-28.93,MAG_ERROR,-155.61,GYRO_Z,-0.251,RW_CMD,0
TM,EST_RAW,28.93,EST_FILTERED,28.93,EST_ANGLE,28.78,EST_FILTER,ON,EST_FILTER_TYPE,MOVING_AVERAGE,EST_MA_WINDOW,1,EST_FILTER_STRENGTH,0.35
TM,EST_FUSION,ON,EST_GYRO_WEIGHT,0.98,EST_VALID,1
TM,SUN_L,3655,SUN_R,3341,SUN_NDV,0.0449,SUN_ANGLE,29.02
TM,MAG_X,-10.62,MAG_Y,4.82,MAG_Z,-17.07,MAG_HEADING,155.61
TM,GYRO_X,-1.041,GYRO_Y,-2.275,GYRO_Z,0.038,BODY_RATE,-0.038
TM,SUN_L,3656,SUN_R,3343,SUN_NDV,0.0447,SUN_ANGLE,28.71
TM,MAG_X,-10.69,MAG_Y,4.88,MAG_Z,-17.18,MAG_HEADING,155.46
TM,GYRO_X,-0.936,GYRO_Y,-2.476,GYRO_Z,0.108,BODY_RATE,-0.108
TM,ADCS_MODE,MANUAL,ADCS_REFERENCE,SUN,TARGET,0.00,POINTING_ERROR,-28.78,SUN_ERROR,-28.71,MAG_ERROR,-155.46,GYRO_Z,0.108,RW_CMD,0
TM,EST_RAW,28.71,EST_FILTERED,28.71,EST_ANGLE,28.78,EST_FILTER,ON,EST_FILTER_TYPE,MOVING_AVERAGE,EST_MA_WINDOW,1,EST_FILTER_STRENGTH,0.35
TM,EST_FUSION,ON,EST_GYRO_WEIGHT,0.98,EST_VALID,1
TM,SUN_L,3655,SUN_R,3342,SUN_NDV,0.0447,SUN_ANGLE,28.87
TM,MAG_X,-10.54,MAG_Y,4.85,MAG_Z,-17.07,MAG_HEADING,155.31
TM,GYRO_X,-0.866,GYRO_Y,-2.406,GYRO_Z,-0.286,BODY_RATE,0.286
TM,ADCS_MODE,MANUAL,ADCS_REFERENCE,SUN,TARGET,0.00,POINTING_ERROR,-28.86,SUN_ERROR,-28.83,MAG_ERROR,-155.83,GYRO_Z,-0.190,RW_CMD,0
TM,EST_RAW,28.83,EST_FILTERED,28.83,EST_ANGLE,28.86,EST_FILTER,ON,EST_FILTER_TYPE,MOVING_AVERAGE,EST_MA_WINDOW,1,EST_FILTER_STRENGTH,0.35
TM,EST_FUSION,ON,EST_GYRO_WEIGHT,0.98,EST_VALID,1
TM,SUN_L,3655,SUN_R,3341,SUN_NDV,0.0449,SUN_ANGLE,28.92
TM,MAG_X,-10.67,MAG_Y,4.69,MAG_Z,-17.18,MAG_HEADING,156.29
TM,GYRO_X,-1.129,GYRO_Y,-1.977,GYRO_Z,0.152,BODY_RATE,-0.152
TM,ADCS_MODE,MANUAL,ADCS_REFERENCE,SUN,TARGET,0.00,POINTING_ERROR,-28.87,SUN_ERROR,-28.89,MAG_ERROR,-156.29,GYRO_Z,0.029,RW_CMD,0
TM,EST_RAW,28.89,EST_FILTERED,28.89,EST_ANGLE,28.87,EST_FILTER,ON,EST_FILTER_TYPE,MOVING_AVERAGE,EST_MA_WINDOW,1,EST_FILTER_STRENGTH,0.35
TM,EST_FUSION,ON,EST_GYRO_WEIGHT,0.98,EST_VALID,1
TM,SUN_L,3653,SUN_R,3342,SUN_NDV,0.0445,SUN_ANGLE,28.83
TM,MAG_X,-11.07,MAG_Y,4.70,MAG_Z,-17.01,MAG_HEADING,156.98
TM,GYRO_X,-1.391,GYRO_Y,-2.319,GYRO_Z,-0.076,BODY_RATE,0.076
TM,ADCS_MODE,MANUAL,ADCS_REFERENCE,SUN,TARGET,0.00,POINTING_ERROR,-28.89,SUN_ERROR,-28.88,MAG_ERROR,-155.79,GYRO_Z,0.230,RW_CMD,0
TM,EST_RAW,28.88,EST_FILTERED,28.88,EST_ANGLE,28.89,EST_FILTER,ON,EST_FILTER_TYPE,MOVING_AVERAGE,EST_MA_WINDOW,1,EST_FILTER_STRENGTH,0.35
TM,EST_FUSION,ON,EST_GYRO_WEIGHT,0.98,EST_VALID,1
TM,SUN_L,3655,SUN_R,3342,SUN_NDV,0.0447,SUN_ANGLE,28.95
TM,MAG_X,-10.64,MAG_Y,4.78,MAG_Z,-17.09,MAG_HEADING,155.79
TM,GYRO_X,-1.006,GYRO_Y,-2.152,GYRO_Z,0.099,BODY_RATE,-0.099
TM,SUN_L,3651,SUN_R,3341,SUN_NDV,0.0443,SUN_ANGLE,28.85
TM,MAG_X,-10.66,MAG_Y,4.80,MAG_Z,-16.83,MAG_HEADING,155.75
TM,GYRO_X,-0.989,GYRO_Y,-2.642,GYRO_Z,-0.251,BODY_RATE,0.251
TM,ADCS_MODE,MANUAL,ADCS_REFERENCE,SUN,TARGET,0.00,POINTING_ERROR,-28.88,SUN_ERROR,-28.85,MAG_ERROR,-155.97,GYRO_Z,0.195,RW_CMD,0
TM,EST_RAW,28.85,EST_FILTERED,28.85,EST_ANGLE,28.88,EST_FILTER,ON,EST_FILTER_TYPE,MOVING_AVERAGE,EST_MA_WINDOW,1,EST_FILTER_STRENGTH,0.35
TM,EST_FUSION,ON,EST_GYRO_WEIGHT,0.98,EST_VALID,1
TM,SUN_L,3654,SUN_R,3341,SUN_NDV,0.0447,SUN_ANGLE,28.77
TM,MAG_X,-10.74,MAG_Y,4.66,MAG_Z,-17.02,MAG_HEADING,156.55
TM,GYRO_X,-0.980,GYRO_Y,-2.914,GYRO_Z,-0.050,BODY_RATE,0.050
TM,ADCS_MODE,MANUAL,ADCS_REFERENCE,SUN,TARGET,0.00,POINTING_ERROR,-28.89,SUN_ERROR,-28.71,MAG_ERROR,-156.55,GYRO_Z,0.108,RW_CMD,0
TM,EST_RAW,28.71,EST_FILTERED,28.71,EST_ANGLE,28.89,EST_FILTER,ON,EST_FILTER_TYPE,MOVING_AVERAGE,EST_MA_WINDOW,1,EST_FILTER_STRENGTH,0.35
TM,EST_FUSION,ON,EST_GYRO_WEIGHT,0.98,EST_VALID,1
TM,SUN_L,3657,SUN_R,3346,SUN_NDV,0.0444,SUN_ANGLE,28.65
TM,MAG_X,-10.72,MAG_Y,4.66,MAG_Z,-17.06,MAG_HEADING,156.52
TM,GYRO_X,-0.989,GYRO_Y,-3.071,GYRO_Z,-0.155,BODY_RATE,0.155
TM,ADCS_MODE,MANUAL,ADCS_REFERENCE,SUN,TARGET,0.00,POINTING_ERROR,-28.88,SUN_ERROR,-28.79,MAG_ERROR,-156.92,GYRO_Z,-0.163,RW_CMD,0
TM,EST_RAW,28.79,EST_FILTERED,28.79,EST_ANGLE,28.88,EST_FILTER,ON,EST_FILTER_TYPE,MOVING_AVERAGE,EST_MA_WINDOW,1,EST_FILTER_STRENGTH,0.35
TM,EST_FUSION,ON,EST_GYRO_WEIGHT,0.98,EST_VALID,1
TM,SUN_L,3659,SUN_R,3347,SUN_NDV,0.0445,SUN_ANGLE,28.88
TM,MAG_X,-10.62,MAG_Y,4.53,MAG_Z,-16.80,MAG_HEADING,156.92
TM,GYRO_X,-1.654,GYRO_Y,-3.815,GYRO_Z,0.073,BODY_RATE,-0.073
TM,ADCS_MODE,MANUAL,ADCS_REFERENCE,SUN,TARGET,0.00,POINTING_ERROR,-28.87,SUN_ERROR,-28.75,MAG_ERROR,-156.95,GYRO_Z,0.012,RW_CMD,0
TM,EST_RAW,28.75,EST_FILTERED,28.75,EST_ANGLE,28.87,EST_FILTER,ON,EST_FILTER_TYPE,MOVING_AVERAGE,EST_MA_WINDOW,1,EST_FILTER_STRENGTH,0.35
TM,EST_FUSION,ON,EST_GYRO_WEIGHT,0.98,EST_VALID,1
TM,SUN_L,3659,SUN_R,3349,SUN_NDV,0.0442,SUN_ANGLE,28.64
TM,MAG_X,-10.58,MAG_Y,4.67,MAG_Z,-16.82,MAG_HEADING,156.17
TM,GYRO_X,-1.050,GYRO_Y,-2.284,GYRO_Z,0.125,BODY_RATE,-0.125
TM,SUN_L,3659,SUN_R,3350,SUN_NDV,0.0441,SUN_ANGLE,28.79
TM,MAG_X,-10.69,MAG_Y,4.69,MAG_Z,-16.75,MAG_HEADING,156.32
TM,GYRO_X,-0.910,GYRO_Y,-2.467,GYRO_Z,-0.277,BODY_RATE,0.277
TM,ADCS_MODE,MANUAL,ADCS_REFERENCE,SUN,TARGET,0.00,POINTING_ERROR,-28.86,SUN_ERROR,-28.79,MAG_ERROR,-156.32,GYRO_Z,-0.277,RW_CMD,0
TM,EST_RAW,28.79,EST_FILTERED,28.79,EST_ANGLE,28.86,EST_FILTER,ON,EST_FILTER_TYPE,MOVING_AVERAGE,EST_MA_WINDOW,1,EST_FILTER_STRENGTH,0.35
TM,EST_FUSION,ON,EST_GYRO_WEIGHT,0.98,EST_VALID,1
TM,SUN_L,3657,SUN_R,3348,SUN_NDV,0.0441,SUN_ANGLE,28.86
TM,MAG_X,-10.53,MAG_Y,4.59,MAG_Z,-16.80,MAG_HEADING,156.43
TM,GYRO_X,-0.516,GYRO_Y,-7.000,GYRO_Z,-0.382,BODY_RATE,0.382
TM,ADCS_MODE,MANUAL,ADCS_REFERENCE,SUN,TARGET,0.00,POINTING_ERROR,-28.89,SUN_ERROR,-28.75,MAG_ERROR,-156.43,GYRO_Z,0.265,RW_CMD,0
TM,EST_RAW,28.75,EST_FILTERED,28.75,EST_ANGLE,28.89,EST_FILTER,ON,EST_FILTER_TYPE,MOVING_AVERAGE,EST_MA_WINDOW,1,EST_FILTER_STRENGTH,0.35
TM,EST_FUSION,ON,EST_GYRO_WEIGHT,0.98,EST_VALID,1
TM,SUN_L,3657,SUN_R,3346,SUN_NDV,0.0444,SUN_ANGLE,28.77
TM,MAG_X,-10.54,MAG_Y,4.53,MAG_Z,-16.94,MAG_HEADING,156.76
TM,GYRO_X,-0.971,GYRO_Y,-2.118,GYRO_Z,-0.128,BODY_RATE,0.128
TM,ADCS_MODE,MANUAL,ADCS_REFERENCE,SUN,TARGET,0.00,POINTING_ERROR,-28.86,SUN_ERROR,-28.83,MAG_ERROR,-157.03,GYRO_Z,0.003,RW_CMD,0
TM,EST_RAW,28.83,EST_FILTERED,28.83,EST_ANGLE,28.86,EST_FILTER,ON,EST_FILTER_TYPE,MOVING_AVERAGE,EST_MA_WINDOW,1,EST_FILTER_STRENGTH,0.35
TM,EST_FUSION,ON,EST_GYRO_WEIGHT,0.98,EST_VALID,1
TM,SUN_L,3658,SUN_R,3346,SUN_NDV,0.0445,SUN_ANGLE,28.75
TM,MAG_X,-10.58,MAG_Y,4.72,MAG_Z,-16.83,MAG_HEADING,155.95
TM,GYRO_X,-0.805,GYRO_Y,-2.537,GYRO_Z,-0.181,BODY_RATE,0.181
TM,ADCS_MODE,MANUAL,ADCS_REFERENCE,SUN,TARGET,0.00,POINTING_ERROR,-28.85,SUN_ERROR,-28.92,MAG_ERROR,-156.29,GYRO_Z,-0.198,RW_CMD,0
TM,EST_RAW,28.92,EST_FILTERED,28.92,EST_ANGLE,28.85,EST_FILTER,ON,EST_FILTER_TYPE,MOVING_AVERAGE,EST_MA_WINDOW,1,EST_FILTER_STRENGTH,0.35
TM,EST_FUSION,ON,EST_GYRO_WEIGHT,0.98,EST_VALID,1
TM,SUN_L,3659,SUN_R,3346,SUN_NDV,0.0447,SUN_ANGLE,28.57
TM,MAG_X,-10.38,MAG_Y,4.56,MAG_Z,-16.94,MAG_HEADING,156.29
TM,GYRO_X,-1.033,GYRO_Y,-2.319,GYRO_Z,0.047,BODY_RATE,-0.047
TM,SUN_L,3658,SUN_R,3347,SUN_NDV,0.0444,SUN_ANGLE,28.91
TM,MAG_X,-10.58,MAG_Y,4.56,MAG_Z,-16.99,MAG_HEADING,156.68
TM,GYRO_X,-1.199,GYRO_Y,-2.082,GYRO_Z,-0.137,BODY_RATE,0.137
TM,ADCS_MODE,MANUAL,ADCS_REFERENCE,SUN,TARGET,0.00,POINTING_ERROR,-28.84,SUN_ERROR,-28.84,MAG_ERROR,-156.68,GYRO_Z,-0.216,RW_CMD,0
TM,EST_RAW,28.84,EST_FILTERED,28.84,EST_ANGLE,28.84,EST_FILTER,ON,EST_FILTER_TYPE,MOVING_AVERAGE,EST_MA_WINDOW,1,EST_FILTER_STRENGTH,0.35
TM,EST_FUSION,ON,EST_GYRO_WEIGHT,0.98,EST_VALID,1
TM,SUN_L,3658,SUN_R,3347,SUN_NDV,0.0444,SUN_ANGLE,28.86
TM,MAG_X,-10.70,MAG_Y,4.58,MAG_Z,-16.85,MAG_HEADING,156.85
TM,GYRO_X,-1.076,GYRO_Y,-2.021,GYRO_Z,0.003,BODY_RATE,-0.003
TM,ADCS_MODE,MANUAL,ADCS_REFERENCE,SUN,TARGET,0.00,POINTING_ERROR,-28.84,SUN_ERROR,-28.77,MAG_ERROR,-156.85,GYRO_Z,0.099,RW_CMD,0
TM,EST_RAW,28.77,EST_FILTERED,28.77,EST_ANGLE,28.84,EST_FILTER,ON,EST_FILTER_TYPE,MOVING_AVERAGE,EST_MA_WINDOW,1,EST_FILTER_STRENGTH,0.35
TM,EST_FUSION,ON,EST_GYRO_WEIGHT,0.98,EST_VALID,1
TM,SUN_L,3658,SUN_R,3348,SUN_NDV,0.0442,SUN_ANGLE,28.79
TM,MAG_X,-10.54,MAG_Y,4.64,MAG_Z,-16.88,MAG_HEADING,156.25
TM,GYRO_X,-1.216,GYRO_Y,-1.697,GYRO_Z,-0.163,BODY_RATE,0.163
TM,ADCS_MODE,MANUAL,ADCS_REFERENCE,SUN,TARGET,0.00,POINTING_ERROR,-28.87,SUN_ERROR,-28.95,MAG_ERROR,-156.35,GYRO_Z,-0.058,RW_CMD,0
TM,EST_RAW,28.95,EST_FILTERED,28.95,EST_ANGLE,28.87,EST_FILTER,ON,EST_FILTER_TYPE,MOVING_AVERAGE,EST_MA_WINDOW,1,EST_FILTER_STRENGTH,0.35
TM,EST_FUSION,ON,EST_GYRO_WEIGHT,0.98,EST_VALID,1
TM,SUN_L,3658,SUN_R,3345,SUN_NDV,0.0447,SUN_ANGLE,28.78
TM,MAG_X,-10.56,MAG_Y,4.62,MAG_Z,-16.99,MAG_HEADING,156.35
TM,GYRO_X,-1.155,GYRO_Y,-2.328,GYRO_Z,0.003,BODY_RATE,-0.003
TM,ADCS_MODE,MANUAL,ADCS_REFERENCE,SUN,TARGET,0.00,POINTING_ERROR,-28.84,SUN_ERROR,-28.89,MAG_ERROR,-156.75,GYRO_Z,-0.163,RW_CMD,0
TM,EST_RAW,28.89,EST_FILTERED,28.89,EST_ANGLE,28.84,EST_FILTER,ON,EST_FILTER_TYPE,MOVING_AVERAGE,EST_MA_WINDOW,1,EST_FILTER_STRENGTH,0.35
TM,EST_FUSION,ON,EST_GYRO_WEIGHT,0.98,EST_VALID,1
TM,SUN_L,3657,SUN_R,3346,SUN_NDV,0.0444,SUN_ANGLE,28.66
TM,MAG_X,-10.69,MAG_Y,4.59,MAG_Z,-16.96,MAG_HEADING,156.75
TM,GYRO_X,-1.164,GYRO_Y,-2.091,GYRO_Z,0.055,BODY_RATE,-0.055
TM,SUN_L,3656,SUN_R,3344,SUN_NDV,0.0446,SUN_ANGLE,28.66
TM,MAG_X,-10.62,MAG_Y,4.80,MAG_Z,-16.78,MAG_HEADING,155.69
TM,GYRO_X,-1.120,GYRO_Y,-2.021,GYRO_Z,0.003,BODY_RATE,-0.003
TM,ADCS_MODE,MANUAL,ADCS_REFERENCE,SUN,TARGET,0.00,POINTING_ERROR,-28.82,SUN_ERROR,-28.66,MAG_ERROR,-155.69,GYRO_Z,-0.190,RW_CMD,0
TM,EST_RAW,28.66,EST_FILTERED,28.66,EST_ANGLE,28.82,EST_FILTER,ON,EST_FILTER_TYPE,MOVING_AVERAGE,EST_MA_WINDOW,1,EST_FILTER_STRENGTH,0.35
TM,EST_FUSION,ON,EST_GYRO_WEIGHT,0.98,EST_VALID,1
TM,SUN_L,3655,SUN_R,3345,SUN_NDV,0.0443,SUN_ANGLE,28.92
TM,MAG_X,-10.62,MAG_Y,4.62,MAG_Z,-17.04,MAG_HEADING,156.48
TM,GYRO_X,-0.700,GYRO_Y,-2.433,GYRO_Z,-0.058,BODY_RATE,0.058
TM,ADCS_MODE,MANUAL,ADCS_REFERENCE,SUN,TARGET,0.00,POINTING_ERROR,-28.81,SUN_ERROR,-28.77,MAG_ERROR,-156.48,GYRO_Z,-0.076,RW_CMD,0
TM,EST_RAW,28.77,EST_FILTERED,28.77,EST_ANGLE,28.81,EST_FILTER,ON,EST_FILTER_TYPE,MOVING_AVERAGE,EST_MA_WINDOW,1,EST_FILTER_STRENGTH,0.35
TM,EST_FUSION,ON,EST_GYRO_WEIGHT,0.98,EST_VALID,1
TM,SUN_L,3656,SUN_R,3343,SUN_NDV,0.0447,SUN_ANGLE,28.77
TM,MAG_X,-10.59,MAG_Y,4.69,MAG_Z,-17.31,MAG_HEADING,156.13
TM,GYRO_X,-0.866,GYRO_Y,-2.485,GYRO_Z,0.055,BODY_RATE,-0.055
TM,ADCS_MODE,MANUAL,ADCS_REFERENCE,SUN,TARGET,0.00,POINTING_ERROR,-28.82,SUN_ERROR,-28.73,MAG_ERROR,-156.43,GYRO_Z,-0.120,RW_CMD,0
TM,EST_RAW,28.73,EST_FILTERED,28.73,EST_ANGLE,28.82,EST_FILTER,ON,EST_FILTER_TYPE,MOVING_AVERAGE,EST_MA_WINDOW,1,EST_FILTER_STRENGTH,0.35
TM,EST_FUSION,ON,EST_GYRO_WEIGHT,0.98,EST_VALID,1
TM,SUN_L,3657,SUN_R,3344,SUN_NDV,0.0447,SUN_ANGLE,28.72
TM,MAG_X,-10.67,MAG_Y,4.66,MAG_Z,-16.94,MAG_HEADING,156.43
TM,GYRO_X,-1.111,GYRO_Y,-2.223,GYRO_Z,-0.076,BODY_RATE,0.076
TM,ADCS_MODE,MANUAL,ADCS_REFERENCE,SUN,TARGET,0.00,POINTING_ERROR,-28.83,SUN_ERROR,-28.94,MAG_ERROR,-156.62,GYRO_Z,-0.172,RW_CMD,0
TM,EST_RAW,28.94,EST_FILTERED,28.94,EST_ANGLE,28.83,EST_FILTER,ON,EST_FILTER_TYPE,MOVING_AVERAGE,EST_MA_WINDOW,1,EST_FILTER_STRENGTH,0.35
TM,EST_FUSION,ON,EST_GYRO_WEIGHT,0.98,EST_VALID,1
TM,SUN_L,3657,SUN_R,3345,SUN_NDV,0.0446,SUN_ANGLE,28.82
TM,MAG_X,-10.64,MAG_Y,4.75,MAG_Z,-17.06,MAG_HEADING,155.93
TM,GYRO_X,-0.875,GYRO_Y,-2.476,GYRO_Z,0.055,BODY_RATE,-0.055
TM,SUN_L,3658,SUN_R,3345,SUN_NDV,0.0447,SUN_ANGLE,28.72
TM,MAG_X,-10.61,MAG_Y,4.86,MAG_Z,-16.88,MAG_HEADING,155.37
TM,GYRO_X,-0.770,GYRO_Y,-2.616,GYRO_Z,0.047,BODY_RATE,-0.047
TM,ADCS_MODE,MANUAL,ADCS_REFERENCE,SUN,TARGET,0.00,POINTING_ERROR,-28.81,SUN_ERROR,-28.71,MAG_ERROR,-155.37,GYRO_Z,0.047,RW_CMD,0
TM,EST_RAW,28.71,EST_FILTERED,28.71,EST_ANGLE,28.81,EST_FILTER,ON,EST_FILTER_TYPE,MOVING_AVERAGE,EST_MA_WINDOW,1,EST_FILTER_STRENGTH,0.35
TM,EST_FUSION,ON,EST_GYRO_WEIGHT,0.98,EST_VALID,1
TM,SUN_L,3656,SUN_R,3345,SUN_NDV,0.0444,SUN_ANGLE,28.97
TM,MAG_X,-10.61,MAG_Y,4.70,MAG_Z,-17.04,MAG_HEADING,156.09
TM,GYRO_X,-1.242,GYRO_Y,-2.021,GYRO_Z,-0.006,BODY_RATE,0.006
TM,ADCS_MODE,MANUAL,ADCS_REFERENCE,SUN,TARGET,0.00,POINTING_ERROR,-28.83,SUN_ERROR,-29.09,MAG_ERROR,-156.34,GYRO_Z,0.213,RW_CMD,0
TM,EST_RAW,29.09,EST_FILTERED,29.09,EST_ANGLE,28.83,EST_FILTER,ON,EST_FILTER_TYPE,MOVING_AVERAGE,EST_MA_WINDOW,1,EST_FILTER_STRENGTH,0.35
TM,EST_FUSION,ON,EST_GYRO_WEIGHT,0.98,EST_VALID,1
TM,SUN_L,3658,SUN_R,3344,SUN_NDV,0.0448,SUN_ANGLE,28.91
TM,MAG_X,-10.61,MAG_Y,4.72,MAG_Z,-17.14,MAG_HEADING,156.01
TM,GYRO_X,-0.875,GYRO_Y,-2.301,GYRO_Z,-0.102,BODY_RATE,0.102
TM,ADCS_MODE,MANUAL,ADCS_REFERENCE,SUN,TARGET,0.00,POINTING_ERROR,-28.82,SUN_ERROR,-29.01,MAG_ERROR,-156.01,GYRO_Z,0.012,RW_CMD,0
TM,EST_RAW,29.01,EST_FILTERED,29.01,EST_ANGLE,28.82,EST_FILTER,ON,EST_FILTER_TYPE,MOVING_AVERAGE,EST_MA_WINDOW,1,EST_FILTER_STRENGTH,0.35
TM,EST_FUSION,ON,EST_GYRO_WEIGHT,0.98,EST_VALID,1
TM,SUN_L,3657,SUN_R,3344,SUN_NDV,0.0447,SUN_ANGLE,28.95
TM,MAG_X,-10.75,MAG_Y,4.62,MAG_Z,-16.83,MAG_HEADING,156.73
TM,GYRO_X,-0.761,GYRO_Y,-2.257,GYRO_Z,0.195,BODY_RATE,-0.195
TM,ADCS_MODE,MANUAL,ADCS_REFERENCE,SUN,TARGET,0.00,POINTING_ERROR,-28.82,SUN_ERROR,-28.97,MAG_ERROR,-156.47,GYRO_Z,0.230,RW_CMD,0
TM,EST_RAW,28.97,EST_FILTERED,28.97,EST_ANGLE,28.82,EST_FILTER,ON,EST_FILTER_TYPE,MOVING_AVERAGE,EST_MA_WINDOW,1,EST_FILTER_STRENGTH,0.35
TM,EST_FUSION,ON,EST_GYRO_WEIGHT,0.98,EST_VALID,1
TM,SUN_L,3657,SUN_R,3345,SUN_NDV,0.0446,SUN_ANGLE,28.53
TM,MAG_X,-10.54,MAG_Y,4.59,MAG_Z,-17.04,MAG_HEADING,156.47
TM,GYRO_X,-1.173,GYRO_Y,-2.257,GYRO_Z,-0.146,BODY_RATE,0.146
TM,SUN_L,3658,SUN_R,3344,SUN_NDV,0.0448,SUN_ANGLE,28.94
TM,MAG_X,-10.59,MAG_Y,4.74,MAG_Z,-17.06,MAG_HEADING,155.91
TM,GYRO_X,-0.866,GYRO_Y,-2.406,GYRO_Z,-0.032,BODY_RATE,0.032
TM,ADCS_MODE,MANUAL,ADCS_REFERENCE,SUN,TARGET,0.00,POINTING_ERROR,-28.83,SUN_ERROR,-28.94,MAG_ERROR,-155.91,GYRO_Z,-0.207,RW_CMD,0
TM,EST_RAW,28.94,EST_FILTERED,28.94,EST_ANGLE,28.83,EST_FILTER,ON,EST_FILTER_TYPE,MOVING_AVERAGE,EST_MA_WINDOW,1,EST_FILTER_STRENGTH,0.35
TM,EST_FUSION,ON,EST_GYRO_WEIGHT,0.98,EST_VALID,1
TM,SUN_L,3657,SUN_R,3344,SUN_NDV,0.0447,SUN_ANGLE,28.91
TM,MAG_X,-10.59,MAG_Y,4.75,MAG_Z,-17.07,MAG_HEADING,155.84
TM,GYRO_X,-1.076,GYRO_Y,-2.135,GYRO_Z,-0.198,BODY_RATE,0.198
TM,ADCS_MODE,MANUAL,ADCS_REFERENCE,SUN,TARGET,0.00,POINTING_ERROR,-28.85,SUN_ERROR,-28.84,MAG_ERROR,-155.84,GYRO_Z,0.204,RW_CMD,0
TM,EST_RAW,28.84,EST_FILTERED,28.84,EST_ANGLE,28.85,EST_FILTER,ON,EST_FILTER_TYPE,MOVING_AVERAGE,EST_MA_WINDOW,1,EST_FILTER_STRENGTH,0.35
TM,EST_FUSION,ON,EST_GYRO_WEIGHT,0.98,EST_VALID,1
TM,SUN_L,3656,SUN_R,3343,SUN_NDV,0.0447,SUN_ANGLE,28.98
TM,MAG_X,-10.69,MAG_Y,4.62,MAG_Z,-17.15,MAG_HEADING,156.61
TM,GYRO_X,-1.024,GYRO_Y,-2.100,GYRO_Z,0.012,BODY_RATE,-0.012
TM,ADCS_MODE,MANUAL,ADCS_REFERENCE,SUN,TARGET,0.00,POINTING_ERROR,-28.84,SUN_ERROR,-29.00,MAG_ERROR,-156.10,GYRO_Z,-0.050,RW_CMD,0
TM,EST_RAW,29.00,EST_FILTERED,29.00,EST_ANGLE,28.84,EST_FILTER,ON,EST_FILTER_TYPE,MOVING_AVERAGE,EST_MA_WINDOW,1,EST_FILTER_STRENGTH,0.35
TM,EST_FUSION,ON,EST_GYRO_WEIGHT,0.98,EST_VALID,1
TM,SUN_L,3656,SUN_R,3345,SUN_NDV,0.0444,SUN_ANGLE,28.84
TM,MAG_X,-10.54,MAG_Y,4.67,MAG_Z,-17.01,MAG_HEADING,156.10
TM,GYRO_X,-0.770,GYRO_Y,-2.537,GYRO_Z,-0.085,BODY_RATE,0.085
TM,ADCS_MODE,MANUAL,ADCS_REFERENCE,SUN,TARGET,0.00,POINTING_ERROR,-28.87,SUN_ERROR,-28.90,MAG_ERROR,-156.56,GYRO_Z,-0.251,RW_CMD,0
TM,EST_RAW,28.90,EST_FILTERED,28.90,EST_ANGLE,28.87,EST_FILTER,ON,EST_FILTER_TYPE,MOVING_AVERAGE,EST_MA_WINDOW,1,EST_FILTER_STRENGTH,0.35
TM,EST_FUSION,ON,EST_GYRO_WEIGHT,0.98,EST_VALID,1
TM,SUN_L,3658,SUN_R,3346,SUN_NDV,0.0445,SUN_ANGLE,28.78
TM,MAG_X,-10.72,MAG_Y,4.62,MAG_Z,-16.82,MAG_HEADING,156.67
TM,GYRO_X,-1.041,GYRO_Y,-2.398,GYRO_Z,0.082,BODY_RATE,-0.082
TM,SUN_L,3657,SUN_R,3344,SUN_NDV,0.0447,SUN_ANGLE,28.83
TM,MAG_X,-10.70,MAG_Y,4.74,MAG_Z,-16.86,MAG_HEADING,156.13
TM,GYRO_X,-0.858,GYRO_Y,-2.467,GYRO_Z,-0.102,BODY_RATE,0.102
TM,ADCS_MODE,MANUAL,ADCS_REFERENCE,SUN,TARGET,0.00,POINTING_ERROR,-28.86,SUN_ERROR,-28.72,MAG_ERROR,-156.13,GYRO_Z,0.029,RW_CMD,0
TM,EST_RAW,28.72,EST_FILTERED,28.72,EST_ANGLE,28.86,EST_FILTER,ON,EST_FILTER_TYPE,MOVING_AVERAGE,EST_MA_WINDOW,1,EST_FILTER_STRENGTH,0.35
TM,EST_FUSION,ON,EST_GYRO_WEIGHT,0.98,EST_VALID,1
TM,SUN_L,3659,SUN_R,3346,SUN_NDV,0.0447,SUN_ANGLE,28.93
TM,MAG_X,-10.53,MAG_Y,4.75,MAG_Z,-16.96,MAG_HEADING,155.71
TM,GYRO_X,-1.155,GYRO_Y,-2.546,GYRO_Z,-0.198,BODY_RATE,0.198
TM,ADCS_MODE,MANUAL,ADCS_REFERENCE,SUN,TARGET,0.00,POINTING_ERROR,-28.89,SUN_ERROR,-28.88,MAG_ERROR,-155.71,GYRO_Z,-0.058,RW_CMD,0
TM,EST_RAW,28.88,EST_FILTERED,28.88,EST_ANGLE,28.89,EST_FILTER,ON,EST_FILTER_TYPE,MOVING_AVERAGE,EST_MA_WINDOW,1,EST_FILTER_STRENGTH,0.35
TM,EST_FUSION,ON,EST_GYRO_WEIGHT,0.98,EST_VALID,1
TM,SUN_L,3658,SUN_R,3346,SUN_NDV,0.0445,SUN_ANGLE,29.02
TM,MAG_X,-10.62,MAG_Y,4.72,MAG_Z,-16.93,MAG_HEADING,156.05
TM,GYRO_X,-1.146,GYRO_Y,-1.890,GYRO_Z,0.388,BODY_RATE,-0.388
TM,ADCS_MODE,MANUAL,ADCS_REFERENCE,SUN,TARGET,0.00,POINTING_ERROR,-28.89,SUN_ERROR,-28.99,MAG_ERROR,-156.48,GYRO_Z,-0.023,RW_CMD,0
TM,EST_RAW,28.99,EST_FILTERED,28.99,EST_ANGLE,28.89,EST_FILTER,ON,EST_FILTER_TYPE,MOVING_AVERAGE,EST_MA_WINDOW,1,EST_FILTER_STRENGTH,0.35
TM,EST_FUSION,ON,EST_GYRO_WEIGHT,0.98,EST_VALID,1
TM,SUN_L,3658,SUN_R,3345,SUN_NDV,0.0447,SUN_ANGLE,29.01
TM,MAG_X,-10.70,MAG_Y,4.67,MAG_Z,-17.10,MAG_HEADING,156.42
TM,GYRO_X,-0.945,GYRO_Y,-2.721,GYRO_Z,-0.207,BODY_RATE,0.207
TM,ADCS_MODE,MANUAL,ADCS_REFERENCE,SUN,TARGET,0.00,POINTING_ERROR,-28.89,SUN_ERROR,-28.84,MAG_ERROR,-157.05,GYRO_Z,0.020,RW_CMD,0
TM,EST_RAW,28.84,EST_FILTERED,28.84,EST_ANGLE,28.89,EST_FILTER,ON,EST_FILTER_TYPE,MOVING_AVERAGE,EST_MA_WINDOW,1,EST_FILTER_STRENGTH,0.35
TM,EST_FUSION,ON,EST_GYRO_WEIGHT,0.98,EST_VALID,1
TM,SUN_L,3659,SUN_R,3346,SUN_NDV,0.0447,SUN_ANGLE,28.87
TM,MAG_X,-10.77,MAG_Y,4.56,MAG_Z,-16.94,MAG_HEADING,157.05
TM,GYRO_X,-1.138,GYRO_Y,-2.354,GYRO_Z,-0.181,BODY_RATE,0.181
TM,SUN_L,3659,SUN_R,3348,SUN_NDV,0.0444,SUN_ANGLE,28.94
TM,MAG_X,-10.93,MAG_Y,4.74,MAG_Z,-17.01,MAG_HEADING,156.57
TM,GYRO_X,-1.059,GYRO_Y,-2.494,GYRO_Z,-0.373,BODY_RATE,0.373
TM,ADCS_MODE,MANUAL,ADCS_REFERENCE,SUN,TARGET,0.00,POINTING_ERROR,-28.92,SUN_ERROR,-28.94,MAG_ERROR,-156.57,GYRO_Z,-0.373,RW_CMD,0
TM,EST_RAW,28.94,EST_FILTERED,28.94,EST_ANGLE,28.92,EST_FILTER,ON,EST_FILTER_TYPE,MOVING_AVERAGE,EST_MA_WINDOW,1,EST_FILTER_STRENGTH,0.35
TM,EST_FUSION,ON,EST_GYRO_WEIGHT,0.98,EST_VALID,1
TM,SUN_L,3659,SUN_R,3348,SUN_NDV,0.0444,SUN_ANGLE,28.80
TM,MAG_X,-10.66,MAG_Y,4.62,MAG_Z,-17.07,MAG_HEADING,156.54
TM,GYRO_X,-1.050,GYRO_Y,-2.336,GYRO_Z,-0.365,BODY_RATE,0.365
TM,ADCS_MODE,MANUAL,ADCS_REFERENCE,SUN,TARGET,0.00,POINTING_ERROR,-28.91,SUN_ERROR,-28.80,MAG_ERROR,-156.01,GYRO_Z,-0.303,RW_CMD,0
TM,EST_RAW,28.80,EST_FILTERED,28.80,EST_ANGLE,28.91,EST_FILTER,ON,EST_FILTER_TYPE,MOVING_AVERAGE,EST_MA_WINDOW,1,EST_FILTER_STRENGTH,0.35
TM,EST_FUSION,ON,EST_GYRO_WEIGHT,0.98,EST_VALID,1
TM,SUN_L,3658,SUN_R,3348,SUN_NDV,0.0442,SUN_ANGLE,28.94
TM,MAG_X,-10.77,MAG_Y,4.78,MAG_Z,-17.18,MAG_HEADING,156.05
TM,GYRO_X,-0.849,GYRO_Y,-2.223,GYRO_Z,-0.050,BODY_RATE,0.050
TM,ADCS_MODE,MANUAL,ADCS_REFERENCE,SUN,TARGET,0.00,POINTING_ERROR,-28.90,SUN_ERROR,-28.95,MAG_ERROR,-156.05,GYRO_Z,-0.041,RW_CMD,0
TM,EST_RAW,28.95,EST_FILTERED,28.95,EST_ANGLE,28.90,EST_FILTER,ON,EST_FILTER_TYPE,MOVING_AVERAGE,EST_MA_WINDOW,1,EST_FILTER_STRENGTH,0.35
TM,EST_FUSION,ON,EST_GYRO_WEIGHT,0.98,EST_VALID,1
TM,SUN_L,3659,SUN_R,3348,SUN_NDV,0.0444,SUN_ANGLE,29.01
TM,MAG_X,-10.69,MAG_Y,4.72,MAG_Z,-17.09,MAG_HEADING,156.17
TM,GYRO_X,-0.989,GYRO_Y,-2.257,GYRO_Z,-0.330,BODY_RATE,0.330
TM,ADCS_MODE,MANUAL,ADCS_REFERENCE,SUN,TARGET,0.00,POINTING_ERROR,-28.89,SUN_ERROR,-28.85,MAG_ERROR,-155.90,GYRO_Z,-0.023,RW_CMD,0
TM,EST_RAW,28.85,EST_FILTERED,28.85,EST_ANGLE,28.89,EST_FILTER,ON,EST_FILTER_TYPE,MOVING_AVERAGE,EST_MA_WINDOW,1,EST_FILTER_STRENGTH,0.35
TM,EST_FUSION,ON,EST_GYRO_WEIGHT,0.98,EST_VALID,1
TM,SUN_L,3658,SUN_R,3347,SUN_NDV,0.0444,SUN_ANGLE,28.86
TM,MAG_X,-10.77,MAG_Y,4.82,MAG_Z,-17.10,MAG_HEADING,155.90
TM,GYRO_X,-0.919,GYRO_Y,-2.406,GYRO_Z,0.003,BODY_RATE,-0.003
TM,SUN_L,3655,SUN_R,3337,SUN_NDV,0.0455,SUN_ANGLE,29.44
TM,MAG_X,-10.48,MAG_Y,4.43,MAG_Z,-17.33,MAG_HEADING,157.08
TM,GYRO_X,2.774,GYRO_Y,3.622,GYRO_Z,-40.335,BODY_RATE,40.335
TM,ADCS_MODE,MANUAL,ADCS_REFERENCE,SUN,TARGET,0.00,POINTING_ERROR,-29.73,SUN_ERROR,-29.44,MAG_ERROR,-157.08,GYRO_Z,-27.787,RW_CMD,0
TM,EST_RAW,29.44,EST_FILTERED,29.44,EST_ANGLE,29.73,EST_FILTER,ON,EST_FILTER_TYPE,MOVING_AVERAGE,EST_MA_WINDOW,1,EST_FILTER_STRENGTH,0.35
TM,EST_FUSION,ON,EST_GYRO_WEIGHT,0.98,EST_VALID,1
TM,SUN_L,3563,SUN_R,3062,SUN_NDV,0.0756,SUN_ANGLE,39.66
TM,MAG_X,-6.83,MAG_Y,0.38,MAG_Z,-18.72,MAG_HEADING,176.78
TM,GYRO_X,8.418,GYRO_Y,-0.928,GYRO_Z,-49.312,BODY_RATE,49.312
TM,ADCS_MODE,MANUAL,ADCS_REFERENCE,SUN,TARGET,0.00,POINTING_ERROR,-42.59,SUN_ERROR,-42.81,MAG_ERROR,-176.78,GYRO_Z,-31.891,RW_CMD,0
TM,EST_RAW,42.81,EST_FILTERED,42.81,EST_ANGLE,42.59,EST_FILTER,ON,EST_FILTER_TYPE,MOVING_AVERAGE,EST_MA_WINDOW,1,EST_FILTER_STRENGTH,0.35
TM,EST_FUSION,ON,EST_GYRO_WEIGHT,0.98,EST_VALID,1
TM,SUN_L,3488,SUN_R,2778,SUN_NDV,0.1133,SUN_ANGLE,45.62
TM,MAG_X,-3.89,MAG_Y,-1.81,MAG_Z,-19.33,MAG_HEADING,204.94
TM,GYRO_X,-1.251,GYRO_Y,-2.537,GYRO_Z,-2.596,BODY_RATE,2.596
TM,ADCS_MODE,MANUAL,ADCS_REFERENCE,SUN,TARGET,0.00,POINTING_ERROR,-45.24,SUN_ERROR,-45.75,MAG_ERROR,146.37,GYRO_Z,-5.028,RW_CMD,0
TM,EST_RAW,45.75,EST_FILTERED,45.75,EST_ANGLE,45.24,EST_FILTER,ON,EST_FILTER_TYPE,MOVING_AVERAGE,EST_MA_WINDOW,1,EST_FILTER_STRENGTH,0.35
TM,EST_FUSION,ON,EST_GYRO_WEIGHT,0.98,EST_VALID,1
TM,SUN_L,3481,SUN_R,2755,SUN_NDV,0.1164,SUN_ANGLE,46.00
TM,MAG_X,-3.30,MAG_Y,-2.19,MAG_Z,-19.52,MAG_HEADING,213.63
TM,GYRO_X,2.152,GYRO_Y,-2.546,GYRO_Z,-24.103,BODY_RATE,24.103
TM,ADCS_MODE,MANUAL,ADCS_REFERENCE,SUN,TARGET,0.00,POINTING_ERROR,-50.84,SUN_ERROR,-47.10,MAG_ERROR,127.58,GYRO_Z,-18.626,RW_CMD,0
TM,EST_RAW,47.10,EST_FILTERED,47.10,EST_ANGLE,50.84,EST_FILTER,ON,EST_FILTER_TYPE,MOVING_AVERAGE,EST_MA_WINDOW,1,EST_FILTER_STRENGTH,0.35
TM,EST_FUSION,ON,EST_GYRO_WEIGHT,0.98,EST_VALID,1
TM,SUN_L,3395,SUN_R,2630,SUN_NDV,0.1270,SUN_ANGLE,47.25
TM,MAG_X,0.16,MAG_Y,-3.98,MAG_Z,-20.11,MAG_HEADING,272.30
TM,GYRO_X,-2.004,GYRO_Y,-2.581,GYRO_Z,2.943,BODY_RATE,-2.943
TM,SUN_L,3521,SUN_R,2873,SUN_NDV,0.1013,SUN_ANGLE,44.04
TM,MAG_X,-3.25,MAG_Y,-1.94,MAG_Z,-19.52,MAG_HEADING,210.80
TM,GYRO_X,-14.814,GYRO_Y,-3.325,GYRO_Z,75.349,BODY_RATE,-75.349
TM,ADCS_MODE,MANUAL,ADCS_REFERENCE,SUN,TARGET,0.00,POINTING_ERROR,-40.40,SUN_ERROR,-44.04,MAG_ERROR,149.20,GYRO_Z,75.349,RW_CMD,0
TM,EST_RAW,44.04,EST_FILTERED,44.04,EST_ANGLE,40.40,EST_FILTER,ON,EST_FILTER_TYPE,MOVING_AVERAGE,EST_MA_WINDOW,1,EST_FILTER_STRENGTH,0.35
TM,EST_FUSION,ON,EST_GYRO_WEIGHT,0.98,EST_VALID,1
TM,SUN_L,3644,SUN_R,3304,SUN_NDV,0.0489,SUN_ANGLE,30.95
TM,MAG_X,-8.72,MAG_Y,2.30,MAG_Z,-18.06,MAG_HEADING,165.20
TM,GYRO_X,-6.414,GYRO_Y,-3.098,GYRO_Z,26.052,BODY_RATE,-26.052
TM,ADCS_MODE,MANUAL,ADCS_REFERENCE,SUN,TARGET,0.00,POINTING_ERROR,-29.08,SUN_ERROR,-29.65,MAG_ERROR,-156.88,GYRO_Z,8.263,RW_CMD,0
TM,EST_RAW,29.65,EST_FILTERED,29.65,EST_ANGLE,29.08,EST_FILTER,ON,EST_FILTER_TYPE,MOVING_AVERAGE,EST_MA_WINDOW,1,EST_FILTER_STRENGTH,0.35
TM,EST_FUSION,ON,EST_GYRO_WEIGHT,0.98,EST_VALID,1
TM,SUN_L,3645,SUN_R,3317,SUN_NDV,0.0471,SUN_ANGLE,29.96
TM,MAG_X,-10.94,MAG_Y,4.67,MAG_Z,-17.20,MAG_HEADING,156.88
TM,GYRO_X,0.954,GYRO_Y,-2.336,GYRO_Z,-12.273,BODY_RATE,12.273
TM,ADCS_MODE,MANUAL,ADCS_REFERENCE,SUN,TARGET,0.00,POINTING_ERROR,-31.19,SUN_ERROR,-30.81,MAG_ERROR,-157.54,GYRO_Z,-13.708,RW_CMD,0
TM,EST_RAW,30.81,EST_FILTERED,30.81,EST_ANGLE,31.19,EST_FILTER,ON,EST_FILTER_TYPE,MOVING_AVERAGE,EST_MA_WINDOW,1,EST_FILTER_STRENGTH,0.35
TM,EST_FUSION,ON,EST_GYRO_WEIGHT,0.98,EST_VALID,1
TM,SUN_L,3619,SUN_R,3262,SUN_NDV,0.0519,SUN_ANGLE,31.34
TM,MAG_X,-9.62,MAG_Y,3.14,MAG_Z,-17.87,MAG_HEADING,161.94
TM,GYRO_X,0.271,GYRO_Y,-2.170,GYRO_Z,-11.897,BODY_RATE,11.897
TM,ADCS_MODE,MANUAL,ADCS_REFERENCE,SUN,TARGET,0.00,POINTING_ERROR,-32.66,SUN_ERROR,-31.78,MAG_ERROR,-163.27,GYRO_Z,5.970,RW_CMD,0
TM,EST_RAW,31.78,EST_FILTERED,31.78,EST_ANGLE,32.66,EST_FILTER,ON,EST_FILTER_TYPE,MOVING_AVERAGE,EST_MA_WINDOW,1,EST_FILTER_STRENGTH,0.35
TM,EST_FUSION,ON,EST_GYRO_WEIGHT,0.98,EST_VALID,1
TM,SUN_L,3613,SUN_R,3254,SUN_NDV,0.0523,SUN_ANGLE,31.49
TM,MAG_X,-9.26,MAG_Y,2.78,MAG_Z,-17.73,MAG_HEADING,163.27
TM,GYRO_X,-2.634,GYRO_Y,-2.608,GYRO_Z,7.729,BODY_RATE,-7.729
TM,SUN_L,3614,SUN_R,3253,SUN_NDV,0.0526,SUN_ANGLE,31.66
TM,MAG_X,-9.49,MAG_Y,3.10,MAG_Z,-17.78,MAG_HEADING,161.88
TM,GYRO_X,0.009,GYRO_Y,-2.310,GYRO_Z,-7.557,BODY_RATE,7.557
TM,ADCS_MODE,MANUAL,ADCS_REFERENCE,SUN,TARGET,0.00,POINTING_ERROR,-32.69,SUN_ERROR,-31.79,MAG_ERROR,-161.88,GYRO_Z,-7.102,RW_CMD,0
TM,EST_RAW,31.79,EST_FILTERED,31.79,EST_ANGLE,32.69,EST_FILTER,ON,EST_FILTER_TYPE,MOVING_AVERAGE,EST_MA_WINDOW,1,EST_FILTER_STRENGTH,0.35
TM,EST_FUSION,ON,EST_GYRO_WEIGHT,0.98,EST_VALID,1
TM,SUN_L,3612,SUN_R,3242,SUN_NDV,0.0540,SUN_ANGLE,32.13
TM,MAG_X,-8.94,MAG_Y,2.66,MAG_Z,-17.98,MAG_HEADING,163.46
TM,GYRO_X,-1.444,GYRO_Y,-2.467,GYRO_Z,0.703,BODY_RATE,-0.703
TM,ADCS_MODE,MANUAL,ADCS_REFERENCE,SUN,TARGET,0.00,POINTING_ERROR,-32.62,SUN_ERROR,-32.05,MAG_ERROR,-163.46,GYRO_Z,2.129,RW_CMD,0
TM,EST_RAW,32.05,EST_FILTERED,32.05,EST_ANGLE,32.62,EST_FILTER,ON,EST_FILTER_TYPE,MOVING_AVERAGE,EST_MA_WINDOW,1,EST_FILTER_STRENGTH,0.35
TM,EST_FUSION,ON,EST_GYRO_WEIGHT,0.98,EST_VALID,1
TM,SUN_L,3615,SUN_R,3253,SUN_NDV,0.0527,SUN_ANGLE,31.68
TM,MAG_X,-9.02,MAG_Y,2.66,MAG_Z,-17.89,MAG_HEADING,163.60
TM,GYRO_X,-1.059,GYRO_Y,-2.284,GYRO_Z,0.598,BODY_RATE,-0.598
TM,ADCS_MODE,MANUAL,ADCS_REFERENCE,SUN,TARGET,0.00,POINTING_ERROR,-32.21,SUN_ERROR,-31.57,MAG_ERROR,-163.60,GYRO_Z,-1.835,RW_CMD,0
TM,EST_RAW,31.57,EST_FILTERED,31.57,EST_ANGLE,32.21,EST_FILTER,ON,EST_FILTER_TYPE,MOVING_AVERAGE,EST_MA_WINDOW,1,EST_FILTER_STRENGTH,0.35
TM,EST_FUSION,ON,EST_GYRO_WEIGHT,0.98,EST_VALID,1
TM,SUN_L,3612,SUN_R,3249,SUN_NDV,0.0529,SUN_ANGLE,31.90
TM,MAG_X,-9.20,MAG_Y,2.74,MAG_Z,-17.86,MAG_HEADING,163.44
TM,GYRO_X,-1.225,GYRO_Y,-2.284,GYRO_Z,-1.537,BODY_RATE,1.537
TM,ADCS_MODE,MANUAL,ADCS_REFERENCE,SUN,TARGET,0.00,POINTING_ERROR,-32.29,SUN_ERROR,-31.75,MAG_ERROR,-163.59,GYRO_Z,0.712,RW_CMD,0
TM,EST_RAW,31.75,EST_FILTERED,31.75,EST_ANGLE,32.29,EST_FILTER,ON,EST_FILTER_TYPE,MOVING_AVERAGE,EST_MA_WINDOW,1,EST_FILTER_STRENGTH,0.35
TM,EST_FUSION,ON,EST_GYRO_WEIGHT,0.98,EST_VALID,1
TM,SUN_L,3613,SUN_R,3247,SUN_NDV,0.0534,SUN_ANGLE,31.93
TM,MAG_X,-9.18,MAG_Y,2.70,MAG_Z,-17.92,MAG_HEADING,163.59
TM,GYRO_X,-1.286,GYRO_Y,-2.389,GYRO_Z,0.930,BODY_RATE,-0.930
TM,SUN_L,3614,SUN_R,3253,SUN_NDV,0.0526,SUN_ANGLE,31.66
TM,MAG_X,-9.15,MAG_Y,2.70,MAG_Z,-17.97,MAG_HEADING,163.54
TM,GYRO_X,-0.683,GYRO_Y,-2.467,GYRO_Z,-0.601,BODY_RATE,0.601
TM,ADCS_MODE,MANUAL,ADCS_REFERENCE,SUN,TARGET,0.00,POINTING_ERROR,-32.03,SUN_ERROR,-31.66,MAG_ERROR,-163.54,GYRO_Z,-0.303,RW_CMD,0
TM,EST_RAW,31.66,EST_FILTERED,31.66,EST_ANGLE,32.03,EST_FILTER,ON,EST_FILTER_TYPE,MOVING_AVERAGE,EST_MA_WINDOW,1,EST_FILTER_STRENGTH,0.35
TM,EST_FUSION,ON,EST_GYRO_WEIGHT,0.98,EST_VALID,1
TM,SUN_L,3614,SUN_R,3250,SUN_NDV,0.0530,SUN_ANGLE,31.89
TM,MAG_X,-9.17,MAG_Y,2.69,MAG_Z,-17.63,MAG_HEADING,163.66
TM,GYRO_X,-0.866,GYRO_Y,-2.310,GYRO_Z,-0.102,BODY_RATE,0.102
TM,ADCS_MODE,MANUAL,ADCS_REFERENCE,SUN,TARGET,0.00,POINTING_ERROR,-32.09,SUN_ERROR,-31.86,MAG_ERROR,-163.66,GYRO_Z,0.493,RW_CMD,0
TM,EST_RAW,31.86,EST_FILTERED,31.86,EST_ANGLE,32.09,EST_FILTER,ON,EST_FILTER_TYPE,MOVING_AVERAGE,EST_MA_WINDOW,1,EST_FILTER_STRENGTH,0.35
TM,EST_FUSION,ON,EST_GYRO_WEIGHT,0.98,EST_VALID,1
TM,SUN_L,3615,SUN_R,3254,SUN_NDV,0.0526,SUN_ANGLE,31.64
TM,MAG_X,-9.04,MAG_Y,2.64,MAG_Z,-17.95,MAG_HEADING,163.72
TM,GYRO_X,-1.155,GYRO_Y,-2.188,GYRO_Z,0.388,BODY_RATE,-0.388
TM,ADCS_MODE,MANUAL,ADCS_REFERENCE,SUN,TARGET,0.00,POINTING_ERROR,-31.96,SUN_ERROR,-31.68,MAG_ERROR,-163.90,GYRO_Z,-0.548,RW_CMD,0
TM,EST_RAW,31.68,EST_FILTERED,31.68,EST_ANGLE,31.96,EST_FILTER,ON,EST_FILTER_TYPE,MOVING_AVERAGE,EST_MA_WINDOW,1,EST_FILTER_STRENGTH,0.35
TM,EST_FUSION,ON,EST_GYRO_WEIGHT,0.98,EST_VALID,1
TM,SUN_L,3614,SUN_R,3251,SUN_NDV,0.0529,SUN_ANGLE,31.74
TM,MAG_X,-9.01,MAG_Y,2.61,MAG_Z,-17.89,MAG_HEADING,163.85
TM,GYRO_X,-0.998,GYRO_Y,-2.257,GYRO_Z,-0.697,BODY_RATE,0.697
TM,ADCS_MODE,MANUAL,ADCS_REFERENCE,SUN,TARGET,0.00,POINTING_ERROR,-31.98,SUN_ERROR,-31.74,MAG_ERROR,-163.38,GYRO_Z,0.283,RW_CMD,0
TM,EST_RAW,31.74,EST_FILTERED,31.74,EST_ANGLE,31.98,EST_FILTER,ON,EST_FILTER_TYPE,MOVING_AVERAGE,EST_MA_WINDOW,1,EST_FILTER_STRENGTH,0.35
TM,EST_FUSION,ON,EST_GYRO_WEIGHT,0.98,EST_VALID,1
TM,SUN_L,3614,SUN_R,3252,SUN_NDV,0.0527,SUN_ANGLE,31.64
TM,MAG_X,-9.01,MAG_Y,2.69,MAG_Z,-17.84,MAG_HEADING,163.38
TM,GYRO_X,-1.295,GYRO_Y,-2.205,GYRO_Z,0.362,BODY_RATE,-0.362
TM,SUN_L,3616,SUN_R,3253,SUN_NDV,0.0528,SUN_ANGLE,31.76
TM,MAG_X,-8.99,MAG_Y,2.62,MAG_Z,-17.81,MAG_HEADING,163.73
TM,GYRO_X,-1.173,GYRO_Y,-2.266,GYRO_Z,-0.242,BODY_RATE,0.242
TM,ADCS_MODE,MANUAL,ADCS_REFERENCE,SUN,TARGET,0.00,POINTING_ERROR,-31.90,SUN_ERROR,-31.76,MAG_ERROR,-163.73,GYRO_Z,-0.242,RW_CMD,0
TM,EST_RAW,31.76,EST_FILTERED,31.76,EST_ANGLE,31.90,EST_FILTER,ON,EST_FILTER_TYPE,MOVING_AVERAGE,EST_MA_WINDOW,1,EST_FILTER_STRENGTH,0.35
TM,EST_FUSION,ON,EST_GYRO_WEIGHT,0.98,EST_VALID,1
TM,SUN_L,3615,SUN_R,3253,SUN_NDV,0.0527,SUN_ANGLE,31.79
TM,MAG_X,-8.99,MAG_Y,2.70,MAG_Z,-17.65,MAG_HEADING,163.26
TM,GYRO_X,-1.033,GYRO_Y,-2.144,GYRO_Z,0.152,BODY_RATE,-0.152
TM,ADCS_MODE,MANUAL,ADCS_REFERENCE,SUN,TARGET,0.00,POINTING_ERROR,-31.89,SUN_ERROR,-31.69,MAG_ERROR,-163.30,GYRO_Z,0.265,RW_CMD,0
TM,EST_RAW,31.69,EST_FILTERED,31.69,EST_ANGLE,31.89,EST_FILTER,ON,EST_FILTER_TYPE,MOVING_AVERAGE,EST_MA_WINDOW,1,EST_FILTER_STRENGTH,0.35
TM,EST_FUSION,ON,EST_GYRO_WEIGHT,0.98,EST_VALID,1
TM,SUN_L,3615,SUN_R,3253,SUN_NDV,0.0527,SUN_ANGLE,31.67
TM,MAG_X,-9.09,MAG_Y,2.69,MAG_Z,-17.90,MAG_HEADING,163.52
TM,GYRO_X,-0.928,GYRO_Y,-2.214,GYRO_Z,-0.303,BODY_RATE,0.303
TM,ADCS_MODE,MANUAL,ADCS_REFERENCE,SUN,TARGET,0.00,POINTING_ERROR,-31.86,SUN_ERROR,-31.57,MAG_ERROR,-163.52,GYRO_Z,-0.207,RW_CMD,0
TM,EST_RAW,31.57,EST_FILTERED,31.57,EST_ANGLE,31.86,EST_FILTER,ON,EST_FILTER_TYPE,MOVING_AVERAGE,EST_MA_WINDOW,1,EST_FILTER_STRENGTH,0.35
TM,EST_FUSION,ON,EST_GYRO_WEIGHT,0.98,EST_VALID,1
TM,SUN_L,3615,SUN_R,3253,SUN_NDV,0.0527,SUN_ANGLE,31.60
TM,MAG_X,-9.07,MAG_Y,2.77,MAG_Z,-17.92,MAG_HEADING,163.03
TM,GYRO_X,-0.858,GYRO_Y,-2.249,GYRO_Z,-0.032,BODY_RATE,0.032
TM,ADCS_MODE,MANUAL,ADCS_REFERENCE,SUN,TARGET,0.00,POINTING_ERROR,-31.82,SUN_ERROR,-31.70,MAG_ERROR,-162.66,GYRO_Z,0.318,RW_CMD,0
TM,EST_RAW,31.70,EST_FILTERED,31.70,EST_ANGLE,31.82,EST_FILTER,ON,EST_FILTER_TYPE,MOVING_AVERAGE,EST_MA_WINDOW,1,EST_FILTER_STRENGTH,0.35
TM,EST_FUSION,ON,EST_GYRO_WEIGHT,0.98,EST_VALID,1
TM,SUN_L,3614,SUN_R,3252,SUN_NDV,0.0527,SUN_ANGLE,31.63
TM,MAG_X,-9.12,MAG_Y,2.85,MAG_Z,-17.74,MAG_HEADING,162.66
TM,GYRO_X,-0.945,GYRO_Y,-2.511,GYRO_Z,0.047,BODY_RATE,-0.047
TM,SUN_L,3614,SUN_R,3252,SUN_NDV,0.0527,SUN_ANGLE,31.69
TM,MAG_X,-9.20,MAG_Y,2.77,MAG_Z,-18.03,MAG_HEADING,163.26
TM,GYRO_X,-0.840,GYRO_Y,-2.345,GYRO_Z,-0.277,BODY_RATE,0.277
TM,ADCS_MODE,MANUAL,ADCS_REFERENCE,SUN,TARGET,0.00,POINTING_ERROR,-31.81,SUN_ERROR,-31.69,MAG_ERROR,-163.26,GYRO_Z,-0.400,RW_CMD,0
TM,EST_RAW,31.69,EST_FILTERED,31.69,EST_ANGLE,31.81,EST_FILTER,ON,EST_FILTER_TYPE,MOVING_AVERAGE,EST_MA_WINDOW,1,EST_FILTER_STRENGTH,0.35
TM,EST_FUSION,ON,EST_GYRO_WEIGHT,0.98,EST_VALID,1
TM,SUN_L,3615,SUN_R,3252,SUN_NDV,0.0529,SUN_ANGLE,31.58
TM,MAG_X,-9.02,MAG_Y,2.83,MAG_Z,-17.97,MAG_HEADING,162.58
TM,GYRO_X,-0.989,GYRO_Y,-2.406,GYRO_Z,0.090,BODY_RATE,-0.090
TM,ADCS_MODE,MANUAL,ADCS_REFERENCE,SUN,TARGET,0.00,POINTING_ERROR,-31.79,SUN_ERROR,-31.63,MAG_ERROR,-162.58,GYRO_Z,-0.093,RW_CMD,0
TM,EST_RAW,31.63,EST_FILTERED,31.63,EST_ANGLE,31.79,EST_FILTER,ON,EST_FILTER_TYPE,MOVING_AVERAGE,EST_MA_WINDOW,1,EST_FILTER_STRENGTH,0.35
TM,EST_FUSION,ON,EST_GYRO_WEIGHT,0.98,EST_VALID,1
TM,SUN_L,3616,SUN_R,3253,SUN_NDV,0.0528,SUN_ANGLE,31.82
TM,MAG_X,-9.26,MAG_Y,2.82,MAG_Z,-18.08,MAG_HEADING,163.09
TM,GYRO_X,-0.901,GYRO_Y,-2.170,GYRO_Z,-0.233,BODY_RATE,0.233
TM,ADCS_MODE,MANUAL,ADCS_REFERENCE,SUN,TARGET,0.00,POINTING_ERROR,-31.78,SUN_ERROR,-31.68,MAG_ERROR,-162.57,GYRO_Z,-0.426,RW_CMD,0
TM,EST_RAW,31.68,EST_FILTERED,31.68,EST_ANGLE,31.78,EST_FILTER,ON,EST_FILTER_TYPE,MOVING_AVERAGE,EST_MA_WINDOW,1,EST_FILTER_STRENGTH,0.35
TM,EST_FUSION,ON,EST_GYRO_WEIGHT,0.98,EST_VALID,1
TM,SUN_L,3616,SUN_R,3253,SUN_NDV,0.0528,SUN_ANGLE,31.80
TM,MAG_X,-9.07,MAG_Y,2.85,MAG_Z,-18.06,MAG_HEADING,162.57
TM,GYRO_X,-1.286,GYRO_Y,-2.196,GYRO_Z,-0.181,BODY_RATE,0.181
TM,ADCS_MODE,MANUAL,ADCS_REFERENCE,SUN,TARGET,0.00,POINTING_ERROR,-31.77,SUN_ERROR,-31.69,MAG_ERROR,-162.47,GYRO_Z,0.029,RW_CMD,0
TM,EST_RAW,31.69,EST_FILTERED,31.69,EST_ANGLE,31.77,EST_FILTER,ON,EST_FILTER_TYPE,MOVING_AVERAGE,EST_MA_WINDOW,1,EST_FILTER_STRENGTH,0.35
TM,EST_FUSION,ON,EST_GYRO_WEIGHT,0.98,EST_VALID,1
TM,SUN_L,3615,SUN_R,3252,SUN_NDV,0.0529,SUN_ANGLE,31.71
TM,MAG_X,-9.15,MAG_Y,2.82,MAG_Z,-18.05,MAG_HEADING,162.90
TM,GYRO_X,-1.059,GYRO_Y,-2.275,GYRO_Z,0.073,BODY_RATE,-0.073
TM,SUN_L,3614,SUN_R,3252,SUN_NDV,0.0527,SUN_ANGLE,31.72
TM,MAG_X,-9.23,MAG_Y,2.90,MAG_Z,-18.21,MAG_HEADING,162.58
TM,GYRO_X,-1.102,GYRO_Y,-2.082,GYRO_Z,0.055,BODY_RATE,-0.055
TM,ADCS_MODE,MANUAL,ADCS_REFERENCE,SUN,TARGET,0.00,POINTING_ERROR,-31.78,SUN_ERROR,-31.72,MAG_ERROR,-162.58,GYRO_Z,0.055,RW_CMD,0
TM,EST_RAW,31.72,EST_FILTERED,31.72,EST_ANGLE,31.78,EST_FILTER,ON,EST_FILTER_TYPE,MOVING_AVERAGE,EST_MA_WINDOW,1,EST_FILTER_STRENGTH,0.35
TM,EST_FUSION,ON,EST_GYRO_WEIGHT,0.98,EST_VALID,1
TM,SUN_L,3614,SUN_R,3251,SUN_NDV,0.0529,SUN_ANGLE,31.80
TM,MAG_X,-9.34,MAG_Y,2.80,MAG_Z,-18.18,MAG_HEADING,163.32
TM,GYRO_X,-1.006,GYRO_Y,-2.065,GYRO_Z,0.038,BODY_RATE,-0.038
TM,ADCS_MODE,MANUAL,ADCS_REFERENCE,SUN,TARGET,0.00,POINTING_ERROR,-31.76,SUN_ERROR,-31.75,MAG_ERROR,-163.32,GYRO_Z,0.248,RW_CMD,0
TM,EST_RAW,31.75,EST_FILTERED,31.75,EST_ANGLE,31.76,EST_FILTER,ON,EST_FILTER_TYPE,MOVING_AVERAGE,EST_MA_WINDOW,1,EST_FILTER_STRENGTH,0.35
TM,EST_FUSION,ON,EST_GYRO_WEIGHT,0.98,EST_VALID,1
TM,SUN_L,3615,SUN_R,3251,SUN_NDV,0.0530,SUN_ANGLE,31.73
TM,MAG_X,-9.36,MAG_Y,2.94,MAG_Z,-18.32,MAG_HEADING,162.54
TM,GYRO_X,-0.945,GYRO_Y,-2.354,GYRO_Z,0.003,BODY_RATE,-0.003
TM,ADCS_MODE,MANUAL,ADCS_REFERENCE,SUN,TARGET,0.00,POINTING_ERROR,-31.76,SUN_ERROR,-31.70,MAG_ERROR,-161.84,GYRO_Z,-0.067,RW_CMD,0
TM,EST_RAW,31.70,EST_FILTERED,31.70,EST_ANGLE,31.76,EST_FILTER,ON,EST_FILTER_TYPE,MOVING_AVERAGE,EST_MA_WINDOW,1,EST_FILTER_STRENGTH,0.35
TM,EST_FUSION,ON,EST_GYRO_WEIGHT,0.98,EST_VALID,1
TM,SUN_L,3616,SUN_R,3251,SUN_NDV,0.0532,SUN_ANGLE,31.90
TM,MAG_X,-9.20,MAG_Y,3.09,MAG_Z,-18.34,MAG_HEADING,161.45
TM,GYRO_X,-1.146,GYRO_Y,-2.293,GYRO_Z,-0.015,BODY_RATE,0.015
TM,ADCS_MODE,MANUAL,ADCS_REFERENCE,SUN,TARGET,0.00,POINTING_ERROR,-31.77,SUN_ERROR,-31.68,MAG_ERROR,-162.57,GYRO_Z,-0.032,RW_CMD,0
TM,EST_RAW,31.68,EST_FILTERED,31.68,EST_ANGLE,31.77,EST_FILTER,ON,EST_FILTER_TYPE,MOVING_AVERAGE,EST_MA_WINDOW,1,EST_FILTER_STRENGTH,0.35
TM,EST_FUSION,ON,EST_GYRO_WEIGHT,0.98,EST_VALID,1
TM,SUN_L,3615,SUN_R,3251,SUN_NDV,0.0530,SUN_ANGLE,31.87
TM,MAG_X,-9.38,MAG_Y,2.94,MAG_Z,-17.87,MAG_HEADING,162.57
TM,GYRO_X,-1.278,GYRO_Y,-2.161,GYRO_Z,-0.023,BODY_RATE,0.023
TM,SUN_L,3615,SUN_R,3251,SUN_NDV,0.0530,SUN_ANGLE,31.85
TM,MAG_X,-9.20,MAG_Y,3.02,MAG_Z,-18.21,MAG_HEADING,161.80
TM,GYRO_X,-0.831,GYRO_Y,-2.362,GYRO_Z,0.160,BODY_RATE,-0.160
TM,ADCS_MODE,MANUAL,ADCS_REFERENCE,SUN,TARGET,0.00,POINTING_ERROR,-31.79,SUN_ERROR,-31.85,MAG_ERROR,-161.80,GYRO_Z,-0.076,RW_CMD,0
TM,EST_RAW,31.85,EST_FILTERED,31.85,EST_ANGLE,31.79,EST_FILTER,ON,EST_FILTER_TYPE,MOVING_AVERAGE,EST_MA_WINDOW,1,EST_FILTER_STRENGTH,0.35
TM,EST_FUSION,ON,EST_GYRO_WEIGHT,0.98,EST_VALID,1
TM,SUN_L,3615,SUN_R,3249,SUN_NDV,0.0533,SUN_ANGLE,31.82
TM,MAG_X,-9.26,MAG_Y,3.04,MAG_Z,-18.40,MAG_HEADING,161.83
TM,GYRO_X,-1.024,GYRO_Y,-2.231,GYRO_Z,0.082,BODY_RATE,-0.082
TM,ADCS_MODE,MANUAL,ADCS_REFERENCE,SUN,TARGET,0.00,POINTING_ERROR,-31.82,SUN_ERROR,-31.92,MAG_ERROR,-162.42,GYRO_Z,-0.093,RW_CMD,0
TM,EST_RAW,31.92,EST_FILTERED,31.92,EST_ANGLE,31.82,EST_FILTER,ON,EST_FILTER_TYPE,MOVING_AVERAGE,EST_MA_WINDOW,1,EST_FILTER_STRENGTH,0.35
TM,EST_FUSION,ON,EST_GYRO_WEIGHT,0.98,EST_VALID,1
TM,SUN_L,3616,SUN_R,3251,SUN_NDV,0.0532,SUN_ANGLE,31.79
TM,MAG_X,-9.26,MAG_Y,3.06,MAG_Z,-18.34,MAG_HEADING,161.74
TM,GYRO_X,-0.892,GYRO_Y,-2.231,GYRO_Z,0.020,BODY_RATE,-0.020
TM,ADCS_MODE,MANUAL,ADCS_REFERENCE,SUN,TARGET,0.00,POINTING_ERROR,-31.83,SUN_ERROR,-31.87,MAG_ERROR,-161.74,GYRO_Z,0.029,RW_CMD,0
TM,EST_RAW,31.87,EST_FILTERED,31.87,EST_ANGLE,31.83,EST_FILTER,ON,EST_FILTER_TYPE,MOVING_AVERAGE,EST_MA_WINDOW,1,EST_FILTER_STRENGTH,0.35
TM,EST_FUSION,ON,EST_GYRO_WEIGHT,0.98,EST_VALID,1
TM,SUN_L,3614,SUN_R,3250,SUN_NDV,0.0530,SUN_ANGLE,31.94
TM,MAG_X,-9.31,MAG_Y,3.09,MAG_Z,-18.42,MAG_HEADING,161.65
TM,GYRO_X,-1.085,GYRO_Y,-2.336,GYRO_Z,-0.085,BODY_RATE,0.085
TM,ADCS_MODE,MANUAL,ADCS_REFERENCE,SUN,TARGET,0.00,POINTING_ERROR,-31.83,SUN_ERROR,-31.92,MAG_ERROR,-161.80,GYRO_Z,0.064,RW_CMD,0
TM,EST_RAW,31.92,EST_FILTERED,31.92,EST_ANGLE,31.83,EST_FILTER,ON,EST_FILTER_TYPE,MOVING_AVERAGE,EST_MA_WINDOW,1,EST_FILTER_STRENGTH,0.35
TM,EST_FUSION,ON,EST_GYRO_WEIGHT,0.98,EST_VALID,1
TM,SUN_L,3613,SUN_R,3251,SUN_NDV,0.0527,SUN_ANGLE,31.89
TM,MAG_X,-9.30,MAG_Y,3.06,MAG_Z,-18.27,MAG_HEADING,161.80
TM,GYRO_X,-0.779,GYRO_Y,-2.389,GYRO_Z,-0.155,BODY_RATE,0.155
TM,SUN_L,3614,SUN_R,3248,SUN_NDV,0.0533,SUN_ANGLE,31.86
TM,MAG_X,-9.22,MAG_Y,2.99,MAG_Z,-18.38,MAG_HEADING,162.01
TM,GYRO_X,-0.647,GYRO_Y,-2.520,GYRO_Z,-0.111,BODY_RATE,0.111
TM,ADCS_MODE,MANUAL,ADCS_REFERENCE,SUN,TARGET,0.00,POINTING_ERROR,-31.86,SUN_ERROR,-31.86,MAG_ERROR,-162.01,GYRO_Z,-0.111,RW_CMD,0
TM,EST_RAW,31.86,EST_FILTERED,31.86,EST_ANGLE,31.86,EST_FILTER,ON,EST_FILTER_TYPE,MOVING_AVERAGE,EST_MA_WINDOW,1,EST_FILTER_STRENGTH,0.35
TM,EST_FUSION,ON,EST_GYRO_WEIGHT,0.98,EST_VALID,1
TM,SUN_L,3614,SUN_R,3248,SUN_NDV,0.0533,SUN_ANGLE,31.85
TM,MAG_X,-9.34,MAG_Y,2.94,MAG_Z,-18.38,MAG_HEADING,162.51
TM,GYRO_X,-0.788,GYRO_Y,-2.503,GYRO_Z,-0.163,BODY_RATE,0.163
TM,ADCS_MODE,MANUAL,ADCS_REFERENCE,SUN,TARGET,0.00,POINTING_ERROR,-31.86,SUN_ERROR,-31.86,MAG_ERROR,-162.51,GYRO_Z,-0.146,RW_CMD,0
TM,EST_RAW,31.86,EST_FILTERED,31.86,EST_ANGLE,31.86,EST_FILTER,ON,EST_FILTER_TYPE,MOVING_AVERAGE,EST_MA_WINDOW,1,EST_FILTER_STRENGTH,0.35
TM,EST_FUSION,ON,EST_GYRO_WEIGHT,0.98,EST_VALID,1
TM,SUN_L,3614,SUN_R,3250,SUN_NDV,0.0530,SUN_ANGLE,31.84
TM,MAG_X,-9.14,MAG_Y,3.07,MAG_Z,-18.67,MAG_HEADING,161.41
TM,GYRO_X,-1.067,GYRO_Y,-2.126,GYRO_Z,0.143,BODY_RATE,-0.143
TM,ADCS_MODE,MANUAL,ADCS_REFERENCE,SUN,TARGET,0.00,POINTING_ERROR,-31.86,SUN_ERROR,-31.85,MAG_ERROR,-162.20,GYRO_Z,0.213,RW_CMD,0
TM,EST_RAW,31.85,EST_FILTERED,31.85,EST_ANGLE,31.86,EST_FILTER,ON,EST_FILTER_TYPE,MOVING_AVERAGE,EST_MA_WINDOW,1,EST_FILTER_STRENGTH,0.35
TM,EST_FUSION,ON,EST_GYRO_WEIGHT,0.98,EST_VALID,1
TM,SUN_L,3614,SUN_R,3249,SUN_NDV,0.0532,SUN_ANGLE,31.82
TM,MAG_X,-9.17,MAG_Y,2.94,MAG_Z,-18.34,MAG_HEADING,162.20
TM,GYRO_X,-1.085,GYRO_Y,-2.275,GYRO_Z,-0.032,BODY_RATE,0.032
TM,ADCS_MODE,MANUAL,ADCS_REFERENCE,SUN,TARGET,0.00,POINTING_ERROR,-31.86,SUN_ERROR,-31.64,MAG_ERROR,-162.39,GYRO_Z,0.125,RW_CMD,0
TM,EST_RAW,31.64,EST_FILTERED,31.64,EST_ANGLE,31.86,EST_FILTER,ON,EST_FILTER_TYPE,MOVING_AVERAGE,EST_MA_WINDOW,1,EST_FILTER_STRENGTH,0.35
TM,EST_FUSION,ON,EST_GYRO_WEIGHT,0.98,EST_VALID,1
TM,SUN_L,3613,SUN_R,3250,SUN_NDV,0.0529,SUN_ANGLE,31.82
TM,MAG_X,-9.31,MAG_Y,2.99,MAG_Z,-18.32,MAG_HEADING,162.19
TM,GYRO_X,-1.094,GYRO_Y,-2.406,GYRO_Z,-0.251,BODY_RATE,0.251
TM,SUN_L,3614,SUN_R,3250,SUN_NDV,0.0530,SUN_ANGLE,31.90
TM,MAG_X,-9.38,MAG_Y,2.88,MAG_Z,-18.34,MAG_HEADING,162.92
TM,GYRO_X,-0.962,GYRO_Y,-2.450,GYRO_Z,0.169,BODY_RATE,-0.169
TM,ADCS_MODE,MANUAL,ADCS_REFERENCE,SUN,TARGET,0.00,POINTING_ERROR,-31.83,SUN_ERROR,-31.90,MAG_ERROR,-162.92,GYRO_Z,0.143,RW_CMD,0
TM,EST_RAW,31.90,EST_FILTERED,31.90,EST_ANGLE,31.83,EST_FILTER,ON,EST_FILTER_TYPE,MOVING_AVERAGE,EST_MA_WINDOW,1,EST_FILTER_STRENGTH,0.35
TM,EST_FUSION,ON,EST_GYRO_WEIGHT,0.98,EST_VALID,1
TM,SUN_L,3613,SUN_R,3250,SUN_NDV,0.0529,SUN_ANGLE,31.90
TM,MAG_X,-9.39,MAG_Y,3.06,MAG_Z,-18.26,MAG_HEADING,161.98
TM,GYRO_X,-1.138,GYRO_Y,-2.109,GYRO_Z,-0.041,BODY_RATE,0.041
TM,ADCS_MODE,MANUAL,ADCS_REFERENCE,SUN,TARGET,0.00,POINTING_ERROR,-31.83,SUN_ERROR,-31.79,MAG_ERROR,-161.36,GYRO_Z,0.152,RW_CMD,0
TM,EST_RAW,31.79,EST_FILTERED,31.79,EST_ANGLE,31.83,EST_FILTER,ON,EST_FILTER_TYPE,MOVING_AVERAGE,EST_MA_WINDOW,1,EST_FILTER_STRENGTH,0.35
TM,EST_FUSION,ON,EST_GYRO_WEIGHT,0.98,EST_VALID,1
TM,SUN_L,3614,SUN_R,3251,SUN_NDV,0.0529,SUN_ANGLE,31.71
TM,MAG_X,-9.25,MAG_Y,3.12,MAG_Z,-18.48,MAG_HEADING,161.36
TM,GYRO_X,-1.120,GYRO_Y,-2.257,GYRO_Z,0.265,BODY_RATE,-0.265
TM,ADCS_MODE,MANUAL,ADCS_REFERENCE,SUN,TARGET,0.00,POINTING_ERROR,-31.81,SUN_ERROR,-31.63,MAG_ERROR,-162.25,GYRO_Z,0.090,RW_CMD,0
TM,EST_RAW,31.63,EST_FILTERED,31.63,EST_ANGLE,31.81,EST_FILTER,ON,EST_FILTER_TYPE,MOVING_AVERAGE,EST_MA_WINDOW,1,EST_FILTER_STRENGTH,0.35
TM,EST_FUSION,ON,EST_GYRO_WEIGHT,0.98,EST_VALID,1
TM,SUN_L,3616,SUN_R,3251,SUN_NDV,0.0532,SUN_ANGLE,31.76
TM,MAG_X,-9.25,MAG_Y,2.96,MAG_Z,-18.46,MAG_HEADING,162.25
TM,GYRO_X,-1.383,GYRO_Y,-2.091,GYRO_Z,-0.041,BODY_RATE,0.041
TM,ADCS_MODE,MANUAL,ADCS_REFERENCE,SUN,TARGET,0.00,POINTING_ERROR,-31.81,SUN_ERROR,-31.71,MAG_ERROR,-162.10,GYRO_Z,-0.120,RW_CMD,0
TM,EST_RAW,31.71,EST_FILTERED,31.71,EST_ANGLE,31.81,EST_FILTER,ON,EST_FILTER_TYPE,MOVING_AVERAGE,EST_MA_WINDOW,1,EST_FILTER_STRENGTH,0.35
TM,EST_FUSION,ON,EST_GYRO_WEIGHT,0.98,EST_VALID,1
TM,SUN_L,3614,SUN_R,3251,SUN_NDV,0.0529,SUN_ANGLE,31.93
TM,MAG_X,-9.36,MAG_Y,3.02,MAG_Z,-18.37,MAG_HEADING,162.10
TM,GYRO_X,-0.884,GYRO_Y,-2.476,GYRO_Z,0.020,BODY_RATE,-0.020
TM,SUN_L,3615,SUN_R,3250,SUN_NDV,0.0532,SUN_ANGLE,31.77
TM,MAG_X,-9.28,MAG_Y,2.96,MAG_Z,-18.40,MAG_HEADING,162.31
TM,GYRO_X,-0.726,GYRO_Y,-2.476,GYRO_Z,0.090,BODY_RATE,-0.090
TM,ADCS_MODE,MANUAL,ADCS_REFERENCE,SUN,TARGET,0.00,POINTING_ERROR,-31.81,SUN_ERROR,-31.78,MAG_ERROR,-162.31,GYRO_Z,0.327,RW_CMD,0
TM,EST_RAW,31.78,EST_FILTERED,31.78,EST_ANGLE,31.81,EST_FILTER,ON,EST_FILTER_TYPE,MOVING_AVERAGE,EST_MA_WINDOW,1,EST_FILTER_STRENGTH,0.35
TM,EST_FUSION,ON,EST_GYRO_WEIGHT,0.98,EST_VALID,1
TM,SUN_L,3615,SUN_R,3249,SUN_NDV,0.0533,SUN_ANGLE,31.91
TM,MAG_X,-9.33,MAG_Y,2.94,MAG_Z,-18.27,MAG_HEADING,162.48
TM,GYRO_X,-1.164,GYRO_Y,-2.301,GYRO_Z,-0.015,BODY_RATE,0.015
TM,ADCS_MODE,MANUAL,ADCS_REFERENCE,SUN,TARGET,0.00,POINTING_ERROR,-31.81,SUN_ERROR,-31.91,MAG_ERROR,-162.48,GYRO_Z,0.178,RW_CMD,0
TM,EST_RAW,31.91,EST_FILTERED,31.91,EST_ANGLE,31.81,EST_FILTER,ON,EST_FILTER_TYPE,MOVING_AVERAGE,EST_MA_WINDOW,1,EST_FILTER_STRENGTH,0.35
TM,EST_FUSION,ON,EST_GYRO_WEIGHT,0.98,EST_VALID,1
TM,SUN_L,3614,SUN_R,3252,SUN_NDV,0.0527,SUN_ANGLE,31.83
TM,MAG_X,-9.25,MAG_Y,3.01,MAG_Z,-18.24,MAG_HEADING,161.98
TM,GYRO_X,-1.015,GYRO_Y,-2.240,GYRO_Z,0.055,BODY_RATE,-0.055
TM,ADCS_MODE,MANUAL,ADCS_REFERENCE,SUN,TARGET,0.00,POINTING_ERROR,-31.82,SUN_ERROR,-31.84,MAG_ERROR,-161.98,GYRO_Z,0.073,RW_CMD,0
TM,EST_RAW,31.84,EST_FILTERED,31.84,EST_ANGLE,31.82,EST_FILTER,ON,EST_FILTER_TYPE,MOVING_AVERAGE,EST_MA_WINDOW,1,EST_FILTER_STRENGTH,0.35
TM,EST_FUSION,ON,EST_GYRO_WEIGHT,0.98,EST_VALID,1
TM,SUN_L,3617,SUN_R,3252,SUN_NDV,0.0531,SUN_ANGLE,31.92
TM,MAG_X,-9.54,MAG_Y,2.91,MAG_Z,-18.18,MAG_HEADING,163.02
TM,GYRO_X,-1.024,GYRO_Y,-2.039,GYRO_Z,0.152,BODY_RATE,-0.152
TM,ADCS_MODE,MANUAL,ADCS_REFERENCE,SUN,TARGET,0.00,POINTING_ERROR,-31.82,SUN_ERROR,-31.81,MAG_ERROR,-162.33,GYRO_Z,-0.207,RW_CMD,0
TM,EST_RAW,31.81,EST_FILTERED,31.81,EST_ANGLE,31.82,EST_FILTER,ON,EST_FILTER_TYPE,MOVING_AVERAGE,EST_MA_WINDOW,1,EST_FILTER_STRENGTH,0.35
TM,EST_FUSION,ON,EST_GYRO_WEIGHT,0.98,EST_VALID,1
TM,SUN_L,3616,SUN_R,3252,SUN_NDV,0.0530,SUN_ANGLE,31.80
TM,MAG_X,-9.39,MAG_Y,2.99,MAG_Z,-18.24,MAG_HEADING,162.33
TM,GYRO_X,-1.129,GYRO_Y,-2.275,GYRO_Z,-0.023,BODY_RATE,0.023
TM,SUN_L,3614,SUN_R,3249,SUN_NDV,0.0532,SUN_ANGLE,31.89
TM,MAG_X,-9.57,MAG_Y,2.85,MAG_Z,-18.40,MAG_HEADING,163.42
TM,GYRO_X,-0.858,GYRO_Y,-2.345,GYRO_Z,0.012,BODY_RATE,-0.012
TM,ADCS_MODE,MANUAL,ADCS_REFERENCE,SUN,TARGET,0.00,POINTING_ERROR,-31.84,SUN_ERROR,-31.89,MAG_ERROR,-163.42,GYRO_Z,0.012,RW_CMD,0
TM,EST_RAW,31.89,EST_FILTERED,31.89,EST_ANGLE,31.84,EST_FILTER,ON,EST_FILTER_TYPE,MOVING_AVERAGE,EST_MA_WINDOW,1,EST_FILTER_STRENGTH,0.35
TM,EST_FUSION,ON,EST_GYRO_WEIGHT,0.98,EST_VALID,1
TM,SUN_L,3614,SUN_R,3250,SUN_NDV,0.0530,SUN_ANGLE,31.91
TM,MAG_X,-9.38,MAG_Y,3.02,MAG_Z,-18.27,MAG_HEADING,162.12
TM,GYRO_X,-1.207,GYRO_Y,-2.231,GYRO_Z,-0.076,BODY_RATE,0.076
TM,ADCS_MODE,MANUAL,ADCS_REFERENCE,SUN,TARGET,0.00,POINTING_ERROR,-31.85,SUN_ERROR,-31.91,MAG_ERROR,-162.12,GYRO_Z,0.178,RW_CMD,0
TM,EST_RAW,31.91,EST_FILTERED,31.91,EST_ANGLE,31.85,EST_FILTER,ON,EST_FILTER_TYPE,MOVING_AVERAGE,EST_MA_WINDOW,1,EST_FILTER_STRENGTH,0.35
TM,EST_FUSION,ON,EST_GYRO_WEIGHT,0.98,EST_VALID,1
TM,SUN_L,3615,SUN_R,3251,SUN_NDV,0.0530,SUN_ANGLE,31.87
TM,MAG_X,-9.41,MAG_Y,3.06,MAG_Z,-18.43,MAG_HEADING,162.00
TM,GYRO_X,-0.892,GYRO_Y,-2.389,GYRO_Z,0.020,BODY_RATE,-0.020
TM,ADCS_MODE,MANUAL,ADCS_REFERENCE,SUN,TARGET,0.00,POINTING_ERROR,-31.83,SUN_ERROR,-31.73,MAG_ERROR,-162.24,GYRO_Z,0.309,RW_CMD,0
TM,EST_RAW,31.73,EST_FILTERED,31.73,EST_ANGLE,31.83,EST_FILTER,ON,EST_FILTER_TYPE,MOVING_AVERAGE,EST_MA_WINDOW,1,EST_FILTER_STRENGTH,0.35
TM,EST_FUSION,ON,EST_GYRO_WEIGHT,0.98,EST_VALID,1
TM,SUN_L,3615,SUN_R,3250,SUN_NDV,0.0532,SUN_ANGLE,31.92
TM,MAG_X,-9.18,MAG_Y,3.02,MAG_Z,-18.32,MAG_HEADING,161.77
TM,GYRO_X,-1.041,GYRO_Y,-2.188,GYRO_Z,-0.347,BODY_RATE,0.347
TM,ADCS_MODE,MANUAL,ADCS_REFERENCE,SUN,TARGET,0.00,POINTING_ERROR,-31.84,SUN_ERROR,-31.87,MAG_ERROR,-162.37,GYRO_Z,-0.172,RW_CMD,0
TM,EST_RAW,31.87,EST_FILTERED,31.87,EST_ANGLE,31.84,EST_FILTER,ON,EST_FILTER_TYPE,MOVING_AVERAGE,EST_MA_WINDOW,1,EST_FILTER_STRENGTH,0.35
TM,EST_FUSION,ON,EST_GYRO_WEIGHT,0.98,EST_VALID,1
TM,SUN_L,3614,SUN_R,3250,SUN_NDV,0.0530,SUN_ANGLE,31.80
TM,MAG_X,-9.26,MAG_Y,2.94,MAG_Z,-18.29,MAG_HEADING,162.37
TM,GYRO_X,-0.840,GYRO_Y,-2.546,GYRO_Z,0.099,BODY_RATE,-0.099
TM,SUN_L,3616,SUN_R,3250,SUN_NDV,0.0533,SUN_ANGLE,31.81
TM,MAG_X,-9.28,MAG_Y,2.94,MAG_Z,-18.50,MAG_HEADING,162.40
TM,GYRO_X,-1.006,GYRO_Y,-2.275,GYRO_Z,-0.050,BODY_RATE,0.050
TM,ADCS_MODE,MANUAL,ADCS_REFERENCE,SUN,TARGET,0.00,POINTING_ERROR,-31.84,SUN_ERROR,-31.81,MAG_ERROR,-162.40,GYRO_Z,-0.093,RW_CMD,0
TM,EST_RAW,31.81,EST_FILTERED,31.81,EST_ANGLE,31.84,EST_FILTER,ON,EST_FILTER_TYPE,MOVING_AVERAGE,EST_MA_WINDOW,1,EST_FILTER_STRENGTH,0.35
TM,EST_FUSION,ON,EST_GYRO_WEIGHT,0.98,EST_VALID,1
TM,SUN_L,3612,SUN_R,3249,SUN_NDV,0.0529,SUN_ANGLE,31.91
TM,MAG_X,-9.25,MAG_Y,2.93,MAG_Z,-18.29,MAG_HEADING,162.43
TM,GYRO_X,-0.998,GYRO_Y,-2.362,GYRO_Z,-0.093,BODY_RATE,0.093
TM,ADCS_MODE,MANUAL,ADCS_REFERENCE,SUN,TARGET,0.00,POINTING_ERROR,-31.85,SUN_ERROR,-31.91,MAG_ERROR,-162.65,GYRO_Z,0.012,RW_CMD,0
TM,EST_RAW,31.91,EST_FILTERED,31.91,EST_ANGLE,31.85,EST_FILTER,ON,EST_FILTER_TYPE,MOVING_AVERAGE,EST_MA_WINDOW,1,EST_FILTER_STRENGTH,0.35
TM,EST_FUSION,ON,EST_GYRO_WEIGHT,0.98,EST_VALID,1
TM,SUN_L,3614,SUN_R,3250,SUN_NDV,0.0530,SUN_ANGLE,31.81
TM,MAG_X,-9.30,MAG_Y,3.04,MAG_Z,-18.40,MAG_HEADING,161.89
TM,GYRO_X,-0.875,GYRO_Y,-2.152,GYRO_Z,0.029,BODY_RATE,-0.029
TM,ADCS_MODE,MANUAL,ADCS_REFERENCE,SUN,TARGET,0.00,POINTING_ERROR,-31.85,SUN_ERROR,-31.84,MAG_ERROR,-161.89,GYRO_Z,-0.050,RW_CMD,0
TM,EST_RAW,31.84,EST_FILTERED,31.84,EST_ANGLE,31.85,EST_FILTER,ON,EST_FILTER_TYPE,MOVING_AVERAGE,EST_MA_WINDOW,1,EST_FILTER_STRENGTH,0.35
TM,EST_FUSION,ON,EST_GYRO_WEIGHT,0.98,EST_VALID,1
TM,SUN_L,3613,SUN_R,3251,SUN_NDV,0.0527,SUN_ANGLE,31.71
TM,MAG_X,-9.38,MAG_Y,3.14,MAG_Z,-18.43,MAG_HEADING,161.51
TM,GYRO_X,-1.120,GYRO_Y,-2.179,GYRO_Z,-0.067,BODY_RATE,0.067
TM,ADCS_MODE,MANUAL,ADCS_REFERENCE,SUN,TARGET,0.00,POINTING_ERROR,-31.84,SUN_ERROR,-31.93,MAG_ERROR,-161.68,GYRO_Z,0.064,RW_CMD,0
TM,EST_RAW,31.93,EST_FILTERED,31.93,EST_ANGLE,31.84,EST_FILTER,ON,EST_FILTER_TYPE,MOVING_AVERAGE,EST_MA_WINDOW,1,EST_FILTER_STRENGTH,0.35
TM,EST_FUSION,ON,EST_GYRO_WEIGHT,0.98,EST_VALID,1
TM,SUN_L,3615,SUN_R,3251,SUN_NDV,0.0530,SUN_ANGLE,31.75
TM,MAG_X,-9.23,MAG_Y,3.06,MAG_Z,-18.42,MAG_HEADING,161.68
TM,GYRO_X,-1.067,GYRO_Y,-2.152,GYRO_Z,0.335,BODY_RATE,-0.335
TM,SUN_L,3616,SUN_R,3251,SUN_NDV,0.0532,SUN_ANGLE,31.82
TM,MAG_X,-9.18,MAG_Y,2.93,MAG_Z,-18.34,MAG_HEADING,162.32
TM,GYRO_X,-1.015,GYRO_Y,-2.310,GYRO_Z,0.020,BODY_RATE,-0.020
TM,ADCS_MODE,MANUAL,ADCS_REFERENCE,SUN,TARGET,0.00,POINTING_ERROR,-31.82,SUN_ERROR,-31.82,MAG_ERROR,-162.32,GYRO_Z,0.020,RW_CMD,0
TM,EST_RAW,31.82,EST_FILTERED,31.82,EST_ANGLE,31.82,EST_FILTER,ON,EST_FILTER_TYPE,MOVING_AVERAGE,EST_MA_WINDOW,1,EST_FILTER_STRENGTH,0.35
TM,EST_FUSION,ON,EST_GYRO_WEIGHT,0.98,EST_VALID,1
TM,SUN_L,3615,SUN_R,3250,SUN_NDV,0.0532,SUN_ANGLE,31.70
TM,MAG_X,-9.25,MAG_Y,2.96,MAG_Z,-18.24,MAG_HEADING,162.25
TM,GYRO_X,-1.015,GYRO_Y,-2.249,GYRO_Z,-0.128,BODY_RATE,0.128
TM,ADCS_MODE,MANUAL,ADCS_REFERENCE,SUN,TARGET,0.00,POINTING_ERROR,-31.83,SUN_ERROR,-31.75,MAG_ERROR,-162.25,GYRO_Z,-0.128,RW_CMD,0
TM,EST_RAW,31.75,EST_FILTERED,31.75,EST_ANGLE,31.83,EST_FILTER,ON,EST_FILTER_TYPE,MOVING_AVERAGE,EST_MA_WINDOW,1,EST_FILTER_STRENGTH,0.35
TM,EST_FUSION,ON,EST_GYRO_WEIGHT,0.98,EST_VALID,1
TM,SUN_L,3615,SUN_R,3251,SUN_NDV,0.0530,SUN_ANGLE,31.77
TM,MAG_X,-9.42,MAG_Y,2.93,MAG_Z,-18.35,MAG_HEADING,162.74
TM,GYRO_X,-1.050,GYRO_Y,-2.293,GYRO_Z,0.108,BODY_RATE,-0.108
TM,ADCS_MODE,MANUAL,ADCS_REFERENCE,SUN,TARGET,0.00,POINTING_ERROR,-31.81,SUN_ERROR,-31.84,MAG_ERROR,-162.18,GYRO_Z,-0.251,RW_CMD,0
TM,EST_RAW,31.84,EST_FILTERED,31.84,EST_ANGLE,31.81,EST_FILTER,ON,EST_FILTER_TYPE,MOVING_AVERAGE,EST_MA_WINDOW,1,EST_FILTER_STRENGTH,0.35
TM,EST_FUSION,ON,EST_GYRO_WEIGHT,0.98,EST_VALID,1
TM,SUN_L,3615,SUN_R,3251,SUN_NDV,0.0530,SUN_ANGLE,31.91
TM,MAG_X,-9.46,MAG_Y,3.04,MAG_Z,-18.40,MAG_HEADING,162.18
TM,GYRO_X,-0.892,GYRO_Y,-2.433,GYRO_Z,0.125,BODY_RATE,-0.125
TM,ADCS_MODE,MANUAL,ADCS_REFERENCE,SUN,TARGET,0.00,POINTING_ERROR,-31.82,SUN_ERROR,-31.73,MAG_ERROR,-162.35,GYRO_Z,-0.041,RW_CMD,0
TM,EST_RAW,31.73,EST_FILTERED,31.73,EST_ANGLE,31.82,EST_FILTER,ON,EST_FILTER_TYPE,MOVING_AVERAGE,EST_MA_WINDOW,1,EST_FILTER_STRENGTH,0.35
TM,EST_FUSION,ON,EST_GYRO_WEIGHT,0.98,EST_VALID,1
TM,SUN_L,3615,SUN_R,3252,SUN_NDV,0.0529,SUN_ANGLE,31.69
TM,MAG_X,-9.26,MAG_Y,2.98,MAG_Z,-18.29,MAG_HEADING,162.19
TM,GYRO_X,-0.875,GYRO_Y,-2.240,GYRO_Z,0.099,BODY_RATE,-0.099
TM,SUN_L,3616,SUN_R,3253,SUN_NDV,0.0528,SUN_ANGLE,31.73
TM,MAG_X,-9.26,MAG_Y,3.04,MAG_Z,-18.38,MAG_HEADING,161.83
TM,GYRO_X,-0.892,GYRO_Y,-2.310,GYRO_Z,-0.137,BODY_RATE,0.137
TM,ADCS_MODE,MANUAL,ADCS_REFERENCE,SUN,TARGET,0.00,POINTING_ERROR,-31.81,SUN_ERROR,-31.73,MAG_ERROR,-161.83,GYRO_Z,-0.146,RW_CMD,0
TM,EST_RAW,31.73,EST_FILTERED,31.73,EST_ANGLE,31.81,EST_FILTER,ON,EST_FILTER_TYPE,MOVING_AVERAGE,EST_MA_WINDOW,1,EST_FILTER_STRENGTH,0.35
TM,EST_FUSION,ON,EST_GYRO_WEIGHT,0.98,EST_VALID,1
TM,SUN_L,3616,SUN_R,3252,SUN_NDV,0.0530,SUN_ANGLE,31.68
TM,MAG_X,-9.33,MAG_Y,2.98,MAG_Z,-18.19,MAG_HEADING,162.31
TM,GYRO_X,-0.761,GYRO_Y,-2.266,GYRO_Z,0.055,BODY_RATE,-0.055
TM,ADCS_MODE,MANUAL,ADCS_REFERENCE,SUN,TARGET,0.00,POINTING_ERROR,-31.80,SUN_ERROR,-31.96,MAG_ERROR,-162.31,GYRO_Z,0.169,RW_CMD,0
TM,EST_RAW,31.96,EST_FILTERED,31.96,EST_ANGLE,31.80,EST_FILTER,ON,EST_FILTER_TYPE,MOVING_AVERAGE,EST_MA_WINDOW,1,EST_FILTER_STRENGTH,0.35
TM,EST_FUSION,ON,EST_GYRO_WEIGHT,0.98,EST_VALID,1
TM,SUN_L,3615,SUN_R,3253,SUN_NDV,0.0527,SUN_ANGLE,31.70
TM,MAG_X,-9.39,MAG_Y,2.91,MAG_Z,-18.48,MAG_HEADING,162.77
TM,GYRO_X,-0.971,GYRO_Y,-2.301,GYRO_Z,-0.067,BODY_RATE,0.067
TM,ADCS_MODE,MANUAL,ADCS_REFERENCE,SUN,TARGET,0.00,POINTING_ERROR,-31.78,SUN_ERROR,-31.65,MAG_ERROR,-162.07,GYRO_Z,0.082,RW_CMD,0
TM,EST_RAW,31.65,EST_FILTERED,31.65,EST_ANGLE,31.78,EST_FILTER,ON,EST_FILTER_TYPE,MOVING_AVERAGE,EST_MA_WINDOW,1,EST_FILTER_STRENGTH,0.35
TM,EST_FUSION,ON,EST_GYRO_WEIGHT,0.98,EST_VALID,1
TM,SUN_L,3618,SUN_R,3253,SUN_NDV,0.0531,SUN_ANGLE,31.73
TM,MAG_X,-9.33,MAG_Y,3.07,MAG_Z,-18.40,MAG_HEADING,161.77
TM,GYRO_X,-0.831,GYRO_Y,-2.214,GYRO_Z,-0.146,BODY_RATE,0.146
TM,ADCS_MODE,MANUAL,ADCS_REFERENCE,SUN,TARGET,0.00,POINTING_ERROR,-31.77,SUN_ERROR,-31.67,MAG_ERROR,-162.30,GYRO_Z,-0.076,RW_CMD,0
TM,EST_RAW,31.67,EST_FILTERED,31.67,EST_ANGLE,31.77,EST_FILTER,ON,EST_FILTER_TYPE,MOVING_AVERAGE,EST_MA_WINDOW,1,EST_FILTER_STRENGTH,0.35
TM,EST_FUSION,ON,EST_GYRO_WEIGHT,0.98,EST_VALID,1
TM,SUN_L,3615,SUN_R,3253,SUN_NDV,0.0527,SUN_ANGLE,31.65
TM,MAG_X,-9.38,MAG_Y,2.99,MAG_Z,-18.26,MAG_HEADING,162.30
TM,GYRO_X,-1.120,GYRO_Y,-2.328,GYRO_Z,0.047,BODY_RATE,-0.047
TM,SUN_L,3617,SUN_R,3252,SUN_NDV,0.0531,SUN_ANGLE,31.73
TM,MAG_X,-9.30,MAG_Y,3.07,MAG_Z,-18.50,MAG_HEADING,161.71
TM,GYRO_X,-1.138,GYRO_Y,-2.161,GYRO_Z,-0.023,BODY_RATE,0.023
TM,ADCS_MODE,MANUAL,ADCS_REFERENCE,SUN,TARGET,0.00,POINTING_ERROR,-31.76,SUN_ERROR,-31.73,MAG_ERROR,-161.71,GYRO_Z,-0.023,RW_CMD,0
TM,EST_RAW,31.73,EST_FILTERED,31.73,EST_ANGLE,31.76,EST_FILTER,ON,EST_FILTER_TYPE,MOVING_AVERAGE,EST_MA_WINDOW,1,EST_FILTER_STRENGTH,0.35
TM,EST_FUSION,ON,EST_GYRO_WEIGHT,0.98,EST_VALID,1
TM,SUN_L,3614,SUN_R,3253,SUN_NDV,0.0526,SUN_ANGLE,31.64
TM,MAG_X,-9.42,MAG_Y,2.99,MAG_Z,-18.40,MAG_HEADING,162.39
TM,GYRO_X,-1.216,GYRO_Y,-2.240,GYRO_Z,0.108,BODY_RATE,-0.108
TM,ADCS_MODE,MANUAL,ADCS_REFERENCE,SUN,TARGET,0.00,POINTING_ERROR,-31.74,SUN_ERROR,-31.67,MAG_ERROR,-161.86,GYRO_Z,-0.137,RW_CMD,0
TM,EST_RAW,31.67,EST_FILTERED,31.67,EST_ANGLE,31.74,EST_FILTER,ON,EST_FILTER_TYPE,MOVING_AVERAGE,EST_MA_WINDOW,1,EST_FILTER_STRENGTH,0.35
TM,EST_FUSION,ON,EST_GYRO_WEIGHT,0.98,EST_VALID,1
TM,SUN_L,3615,SUN_R,3254,SUN_NDV,0.0526,SUN_ANGLE,31.62
TM,MAG_X,-9.39,MAG_Y,2.94,MAG_Z,-18.50,MAG_HEADING,162.60
TM,GYRO_X,-0.980,GYRO_Y,-2.135,GYRO_Z,-0.163,BODY_RATE,0.163
TM,ADCS_MODE,MANUAL,ADCS_REFERENCE,SUN,TARGET,0.00,POINTING_ERROR,-31.72,SUN_ERROR,-31.64,MAG_ERROR,-162.60,GYRO_Z,-0.093,RW_CMD,0
TM,EST_RAW,31.64,EST_FILTERED,31.64,EST_ANGLE,31.72,EST_FILTER,ON,EST_FILTER_TYPE,MOVING_AVERAGE,EST_MA_WINDOW,1,EST_FILTER_STRENGTH,0.35
TM,EST_FUSION,ON,EST_GYRO_WEIGHT,0.98,EST_VALID,1
TM,SUN_L,3616,SUN_R,3253,SUN_NDV,0.0528,SUN_ANGLE,31.80
TM,MAG_X,-9.30,MAG_Y,3.01,MAG_Z,-18.38,MAG_HEADING,162.07
TM,GYRO_X,-0.936,GYRO_Y,-2.152,GYRO_Z,-0.067,BODY_RATE,0.067
TM,ADCS_MODE,MANUAL,ADCS_REFERENCE,SUN,TARGET,0.00,POINTING_ERROR,-31.70,SUN_ERROR,-31.58,MAG_ERROR,-162.04,GYRO_Z,0.335,RW_CMD,0
TM,EST_RAW,31.58,EST_FILTERED,31.58,EST_ANGLE,31.70,EST_FILTER,ON,EST_FILTER_TYPE,MOVING_AVERAGE,EST_MA_WINDOW,1,EST_FILTER_STRENGTH,0.35
TM,EST_FUSION,ON,EST_GYRO_WEIGHT,0.98,EST_VALID,1
TM,SUN_L,3615,SUN_R,3254,SUN_NDV,0.0526,SUN_ANGLE,31.67
TM,MAG_X,-9.33,MAG_Y,3.02,MAG_Z,-18.35,MAG_HEADING,162.04
TM,GYRO_X,-0.928,GYRO_Y,-2.293,GYRO_Z,0.073,BODY_RATE,-0.073
TM,SUN_L,3615,SUN_R,3253,SUN_NDV,0.0527,SUN_ANGLE,31.71
TM,MAG_X,-9.34,MAG_Y,2.99,MAG_Z,-18.50,MAG_HEADING,162.24
TM,GYRO_X,-1.076,GYRO_Y,-2.152,GYRO_Z,-0.102,BODY_RATE,0.102
TM,ADCS_MODE,MANUAL,ADCS_REFERENCE,SUN,TARGET,0.00,POINTING_ERROR,-31.69,SUN_ERROR,-31.71,MAG_ERROR,-162.24,GYRO_Z,-0.102,RW_CMD,0
TM,EST_RAW,31.71,EST_FILTERED,31.71,EST_ANGLE,31.69,EST_FILTER,ON,EST_FILTER_TYPE,MOVING_AVERAGE,EST_MA_WINDOW,1,EST_FILTER_STRENGTH,0.35
TM,EST_FUSION,ON,EST_GYRO_WEIGHT,0.98,EST_VALID,1
TM,SUN_L,3616,SUN_R,3253,SUN_NDV,0.0528,SUN_ANGLE,31.61
TM,MAG_X,-9.38,MAG_Y,2.98,MAG_Z,-18.29,MAG_HEADING,162.39
TM,GYRO_X,-0.831,GYRO_Y,-2.433,GYRO_Z,-0.198,BODY_RATE,0.198
TM,ADCS_MODE,MANUAL,ADCS_REFERENCE,SUN,TARGET,0.00,POINTING_ERROR,-31.69,SUN_ERROR,-31.82,MAG_ERROR,-162.39,GYRO_Z,-0.093,RW_CMD,0
TM,EST_RAW,31.82,EST_FILTERED,31.82,EST_ANGLE,31.69,EST_FILTER,ON,EST_FILTER_TYPE,MOVING_AVERAGE,EST_MA_WINDOW,1,EST_FILTER_STRENGTH,0.35
TM,EST_FUSION,ON,EST_GYRO_WEIGHT,0.98,EST_VALID,1
TM,SUN_L,3616,SUN_R,3254,SUN_NDV,0.0527,SUN_ANGLE,31.71
TM,MAG_X,-9.34,MAG_Y,3.06,MAG_Z,-18.45,MAG_HEADING,161.89
TM,GYRO_X,-1.216,GYRO_Y,-2.520,GYRO_Z,0.055,BODY_RATE,-0.055
TM,ADCS_MODE,MANUAL,ADCS_REFERENCE,SUN,TARGET,0.00,POINTING_ERROR,-31.68,SUN_ERROR,-31.65,MAG_ERROR,-162.28,GYRO_Z,-0.085,RW_CMD,0
TM,EST_RAW,31.65,EST_FILTERED,31.65,EST_ANGLE,31.68,EST_FILTER,ON,EST_FILTER_TYPE,MOVING_AVERAGE,EST_MA_WINDOW,1,EST_FILTER_STRENGTH,0.35
TM,EST_FUSION,ON,EST_GYRO_WEIGHT,0.98,EST_VALID,1
TM,SUN_L,3616,SUN_R,3253,SUN_NDV,0.0528,SUN_ANGLE,31.67
TM,MAG_X,-9.31,MAG_Y,2.98,MAG_Z,-18.62,MAG_HEADING,162.28
TM,GYRO_X,-1.190,GYRO_Y,-2.074,GYRO_Z,0.073,BODY_RATE,-0.073
TM,ADCS_MODE,MANUAL,ADCS_REFERENCE,SUN,TARGET,0.00,POINTING_ERROR,-31.69,SUN_ERROR,-31.63,MAG_ERROR,-162.37,GYRO_Z,0.160,RW_CMD,0
TM,EST_RAW,31.63,EST_FILTERED,31.63,EST_ANGLE,31.69,EST_FILTER,ON,EST_FILTER_TYPE,MOVING_AVERAGE,EST_MA_WINDOW,1,EST_FILTER_STRENGTH,0.35
TM,EST_FUSION,ON,EST_GYRO_WEIGHT,0.98,EST_VALID,1
TM,SUN_L,3615,SUN_R,3254,SUN_NDV,0.0526,SUN_ANGLE,31.66
TM,MAG_X,-9.44,MAG_Y,3.01,MAG_Z,-18.26,MAG_HEADING,162.33
TM,GYRO_X,-1.085,GYRO_Y,-2.380,GYRO_Z,-0.102,BODY_RATE,0.102
TM,SUN_L,3616,SUN_R,3254,SUN_NDV,0.0527,SUN_ANGLE,31.52
TM,MAG_X,-9.34,MAG_Y,2.93,MAG_Z,-18.26,MAG_HEADING,162.60
TM,GYRO_X,-0.971,GYRO_Y,-2.039,GYRO_Z,0.195,BODY_RATE,-0.195
TM,ADCS_MODE,MANUAL,ADCS_REFERENCE,SUN,TARGET,0.00,POINTING_ERROR,-31.67,SUN_ERROR,-31.52,MAG_ERROR,-162.60,GYRO_Z,0.195,RW_CMD,0
TM,EST_RAW,31.52,EST_FILTERED,31.52,EST_ANGLE,31.67,EST_FILTER,ON,EST_FILTER_TYPE,MOVING_AVERAGE,EST_MA_WINDOW,1,EST_FILTER_STRENGTH,0.35
TM,EST_FUSION,ON,EST_GYRO_WEIGHT,0.98,EST_VALID,1
TM,SUN_L,3615,SUN_R,3254,SUN_NDV,0.0526,SUN_ANGLE,31.68
TM,MAG_X,-9.31,MAG_Y,2.93,MAG_Z,-18.14,MAG_HEADING,162.55
TM,GYRO_X,-0.910,GYRO_Y,-2.415,GYRO_Z,-0.172,BODY_RATE,0.172
TM,ADCS_MODE,MANUAL,ADCS_REFERENCE,SUN,TARGET,0.00,POINTING_ERROR,-31.68,SUN_ERROR,-31.63,MAG_ERROR,-162.37,GYRO_Z,0.073,RW_CMD,0
TM,EST_RAW,31.63,EST_FILTERED,31.63,EST_ANGLE,31.68,EST_FILTER,ON,EST_FILTER_TYPE,MOVING_AVERAGE,EST_MA_WINDOW,1,EST_FILTER_STRENGTH,0.35
TM,EST_FUSION,ON,EST_GYRO_WEIGHT,0.98,EST_VALID,1
TM,SUN_L,3614,SUN_R,3253,SUN_NDV,0.0526,SUN_ANGLE,31.55
TM,MAG_X,-9.22,MAG_Y,2.93,MAG_Z,-18.38,MAG_HEADING,162.37
TM,GYRO_X,-0.752,GYRO_Y,-2.362,GYRO_Z,0.029,BODY_RATE,-0.029
TM,ADCS_MODE,MANUAL,ADCS_REFERENCE,SUN,TARGET,0.00,POINTING_ERROR,-31.66,SUN_ERROR,-31.57,MAG_ERROR,-162.63,GYRO_Z,-0.163,RW_CMD,0
TM,EST_RAW,31.57,EST_FILTERED,31.57,EST_ANGLE,31.66,EST_FILTER,ON,EST_FILTER_TYPE,MOVING_AVERAGE,EST_MA_WINDOW,1,EST_FILTER_STRENGTH,0.35
TM,EST_FUSION,ON,EST_GYRO_WEIGHT,0.98,EST_VALID,1
TM,SUN_L,3615,SUN_R,3253,SUN_NDV,0.0527,SUN_ANGLE,31.66
TM,MAG_X,-9.15,MAG_Y,2.88,MAG_Z,-18.24,MAG_HEADING,162.53
TM,GYRO_X,-0.998,GYRO_Y,-2.572,GYRO_Z,-0.023,BODY_RATE,0.023
TM,ADCS_MODE,MANUAL,ADCS_REFERENCE,SUN,TARGET,0.00,POINTING_ERROR,-31.66,SUN_ERROR,-31.55,MAG_ERROR,-162.92,GYRO_Z,-0.146,RW_CMD,0
TM,EST_RAW,31.55,EST_FILTERED,31.55,EST_ANGLE,31.66,EST_FILTER,ON,EST_FILTER_TYPE,MOVING_AVERAGE,EST_MA_WINDOW,1,EST_FILTER_STRENGTH,0.35
TM,EST_FUSION,ON,EST_GYRO_WEIGHT,0.98,EST_VALID,1
TM,SUN_L,3613,SUN_R,3255,SUN_NDV,0.0521,SUN_ANGLE,31.55
TM,MAG_X,-9.22,MAG_Y,2.83,MAG_Z,-18.10,MAG_HEADING,162.92
TM,GYRO_X,-0.884,GYRO_Y,-2.152,GYRO_Z,0.029,BODY_RATE,-0.029
TM,SUN_L,3615,SUN_R,3252,SUN_NDV,0.0529,SUN_ANGLE,31.52
TM,MAG_X,-9.23,MAG_Y,2.80,MAG_Z,-18.18,MAG_HEADING,163.13
TM,GYRO_X,-1.129,GYRO_Y,-2.144,GYRO_Z,-0.058,BODY_RATE,0.058
TM,ADCS_MODE,MANUAL,ADCS_REFERENCE,SUN,TARGET,0.00,POINTING_ERROR,-31.63,SUN_ERROR,-31.52,MAG_ERROR,-163.13,GYRO_Z,-0.058,RW_CMD,0
TM,EST_RAW,31.52,EST_FILTERED,31.52,EST_ANGLE,31.63,EST_FILTER,ON,EST_FILTER_TYPE,MOVING_AVERAGE,EST_MA_WINDOW,1,EST_FILTER_STRENGTH,0.35
TM,EST_FUSION,ON,EST_GYRO_WEIGHT,0.98,EST_VALID,1
TM,SUN_L,3614,SUN_R,3254,SUN_NDV,0.0524,SUN_ANGLE,31.54
TM,MAG_X,-9.17,MAG_Y,2.77,MAG_Z,-17.87,MAG_HEADING,163.20
TM,GYRO_X,-0.788,GYRO_Y,-2.380,GYRO_Z,0.108,BODY_RATE,-0.108
TM,ADCS_MODE,MANUAL,ADCS_REFERENCE,SUN,TARGET,0.00,POINTING_ERROR,-31.61,SUN_ERROR,-31.62,MAG_ERROR,-163.20,GYRO_Z,0.029,RW_CMD,0
TM,EST_RAW,31.62,EST_FILTERED,31.62,EST_ANGLE,31.61,EST_FILTER,ON,EST_FILTER_TYPE,MOVING_AVERAGE,EST_MA_WINDOW,1,EST_FILTER_STRENGTH,0.35
TM,EST_FUSION,ON,EST_GYRO_WEIGHT,0.98,EST_VALID,1
TM,SUN_L,3613,SUN_R,3253,SUN_NDV,0.0524,SUN_ANGLE,31.63
TM,MAG_X,-9.36,MAG_Y,2.64,MAG_Z,-18.14,MAG_HEADING,164.25
TM,GYRO_X,-1.164,GYRO_Y,-2.441,GYRO_Z,-0.120,BODY_RATE,0.120
TM,ADCS_MODE,MANUAL,ADCS_REFERENCE,SUN,TARGET,0.00,POINTING_ERROR,-31.59,SUN_ERROR,-31.52,MAG_ERROR,-164.25,GYRO_Z,-0.268,RW_CMD,0
TM,EST_RAW,31.52,EST_FILTERED,31.52,EST_ANGLE,31.59,EST_FILTER,ON,EST_FILTER_TYPE,MOVING_AVERAGE,EST_MA_WINDOW,1,EST_FILTER_STRENGTH,0.35
TM,EST_FUSION,ON,EST_GYRO_WEIGHT,0.98,EST_VALID,1
TM,SUN_L,3613,SUN_R,3252,SUN_NDV,0.0526,SUN_ANGLE,31.58
TM,MAG_X,-9.15,MAG_Y,2.82,MAG_Z,-18.02,MAG_HEADING,162.90
TM,GYRO_X,-1.225,GYRO_Y,-2.118,GYRO_Z,-0.067,BODY_RATE,0.067
TM,ADCS_MODE,MANUAL,ADCS_REFERENCE,SUN,TARGET,0.00,POINTING_ERROR,-31.58,SUN_ERROR,-31.52,MAG_ERROR,-162.83,GYRO_Z,0.318,RW_CMD,0
TM,EST_RAW,31.52,EST_FILTERED,31.52,EST_ANGLE,31.58,EST_FILTER,ON,EST_FILTER_TYPE,MOVING_AVERAGE,EST_MA_WINDOW,1,EST_FILTER_STRENGTH,0.35
TM,EST_FUSION,ON,EST_GYRO_WEIGHT,0.98,EST_VALID,1
TM,SUN_L,3615,SUN_R,3253,SUN_NDV,0.0527,SUN_ANGLE,31.63
TM,MAG_X,-9.17,MAG_Y,2.83,MAG_Z,-17.86,MAG_HEADING,162.83
TM,GYRO_X,-0.805,GYRO_Y,-2.599,GYRO_Z,0.012,BODY_RATE,-0.012
TM,SUN_L,3613,SUN_R,3253,SUN_NDV,0.0524,SUN_ANGLE,31.51
TM,MAG_X,-9.07,MAG_Y,2.67,MAG_Z,-18.08,MAG_HEADING,163.59
TM,GYRO_X,-0.919,GYRO_Y,-2.424,GYRO_Z,-0.146,BODY_RATE,0.146
TM,ADCS_MODE,MANUAL,ADCS_REFERENCE,SUN,TARGET,0.00,POINTING_ERROR,-31.58,SUN_ERROR,-31.65,MAG_ERROR,-163.59,GYRO_Z,-0.146,RW_CMD,0
TM,EST_RAW,31.65,EST_FILTERED,31.65,EST_ANGLE,31.58,EST_FILTER,ON,EST_FILTER_TYPE,MOVING_AVERAGE,EST_MA_WINDOW,1,EST_FILTER_STRENGTH,0.35
TM,EST_FUSION,ON,EST_GYRO_WEIGHT,0.98,EST_VALID,1
TM,SUN_L,3614,SUN_R,3253,SUN_NDV,0.0526,SUN_ANGLE,31.66
TM,MAG_X,-9.15,MAG_Y,2.74,MAG_Z,-17.92,MAG_HEADING,163.36
TM,GYRO_X,-1.129,GYRO_Y,-2.266,GYRO_Z,-0.128,BODY_RATE,0.128
TM,ADCS_MODE,MANUAL,ADCS_REFERENCE,SUN,TARGET,0.00,POINTING_ERROR,-31.58,SUN_ERROR,-31.50,MAG_ERROR,-163.36,GYRO_Z,-0.006,RW_CMD,0
TM,EST_RAW,31.50,EST_FILTERED,31.50,EST_ANGLE,31.58,EST_FILTER,ON,EST_FILTER_TYPE,MOVING_AVERAGE,EST_MA_WINDOW,1,EST_FILTER_STRENGTH,0.35
TM,EST_FUSION,ON,EST_GYRO_WEIGHT,0.98,EST_VALID,1
TM,SUN_L,3616,SUN_R,3254,SUN_NDV,0.0527,SUN_ANGLE,31.63
TM,MAG_X,-9.01,MAG_Y,2.75,MAG_Z,-17.82,MAG_HEADING,163.01
TM,GYRO_X,-1.111,GYRO_Y,-2.266,GYRO_Z,-0.050,BODY_RATE,0.050
TM,ADCS_MODE,MANUAL,ADCS_REFERENCE,SUN,TARGET,0.00,POINTING_ERROR,-31.59,SUN_ERROR,-31.54,MAG_ERROR,-163.64,GYRO_Z,0.090,RW_CMD,0
TM,EST_RAW,31.54,EST_FILTERED,31.54,EST_ANGLE,31.59,EST_FILTER,ON,EST_FILTER_TYPE,MOVING_AVERAGE,EST_MA_WINDOW,1,EST_FILTER_STRENGTH,0.35
TM,EST_FUSION,ON,EST_GYRO_WEIGHT,0.98,EST_VALID,1
TM,SUN_L,3612,SUN_R,3253,SUN_NDV,0.0523,SUN_ANGLE,31.61
TM,MAG_X,-9.10,MAG_Y,2.70,MAG_Z,-17.94,MAG_HEADING,163.46
TM,GYRO_X,-0.735,GYRO_Y,-2.310,GYRO_Z,-0.023,BODY_RATE,0.023
TM,ADCS_MODE,MANUAL,ADCS_REFERENCE,SUN,TARGET,0.00,POINTING_ERROR,-31.58,SUN_ERROR,-31.56,MAG_ERROR,-163.10,GYRO_Z,0.125,RW_CMD,0
TM,EST_RAW,31.56,EST_FILTERED,31.56,EST_ANGLE,31.58,EST_FILTER,ON,EST_FILTER_TYPE,MOVING_AVERAGE,EST_MA_WINDOW,1,EST_FILTER_STRENGTH,0.35
TM,EST_FUSION,ON,EST_GYRO_WEIGHT,0.98,EST_VALID,1
TM,SUN_L,3615,SUN_R,3253,SUN_NDV,0.0527,SUN_ANGLE,31.50
TM,MAG_X,-9.01,MAG_Y,2.74,MAG_Z,-17.95,MAG_HEADING,163.10
TM,GYRO_X,-1.225,GYRO_Y,-2.082,GYRO_Z,0.082,BODY_RATE,-0.082
TM,SUN_L,3614,SUN_R,3253,SUN_NDV,0.0526,SUN_ANGLE,31.63
TM,MAG_X,-9.01,MAG_Y,2.61,MAG_Z,-17.86,MAG_HEADING,163.85
TM,GYRO_X,-1.085,GYRO_Y,-2.100,GYRO_Z,0.213,BODY_RATE,-0.213
TM,ADCS_MODE,MANUAL,ADCS_REFERENCE,SUN,TARGET,0.00,POINTING_ERROR,-31.58,SUN_ERROR,-31.63,MAG_ERROR,-163.85,GYRO_Z,0.213,RW_CMD,0
TM,EST_RAW,31.63,EST_FILTERED,31.63,EST_ANGLE,31.58,EST_FILTER,ON,EST_FILTER_TYPE,MOVING_AVERAGE,EST_MA_WINDOW,1,EST_FILTER_STRENGTH,0.35
TM,EST_FUSION,ON,EST_GYRO_WEIGHT,0.98,EST_VALID,1
TM,SUN_L,3614,SUN_R,3254,SUN_NDV,0.0524,SUN_ANGLE,31.59
TM,MAG_X,-8.99,MAG_Y,2.66,MAG_Z,-17.86,MAG_HEADING,163.54
TM,GYRO_X,-0.998,GYRO_Y,-2.223,GYRO_Z,-0.155,BODY_RATE,0.155
TM,ADCS_MODE,MANUAL,ADCS_REFERENCE,SUN,TARGET,0.00,POINTING_ERROR,-31.58,SUN_ERROR,-31.58,MAG_ERROR,-163.69,GYRO_Z,0.265,RW_CMD,0
TM,EST_RAW,31.58,EST_FILTERED,31.58,EST_ANGLE,31.58,EST_FILTER,ON,EST_FILTER_TYPE,MOVING_AVERAGE,EST_MA_WINDOW,1,EST_FILTER_STRENGTH,0.35
TM,EST_FUSION,ON,EST_GYRO_WEIGHT,0.98,EST_VALID,1
TM,SUN_L,3614,SUN_R,3253,SUN_NDV,0.0526,SUN_ANGLE,31.60
TM,MAG_X,-9.10,MAG_Y,2.66,MAG_Z,-17.54,MAG_HEADING,163.74
TM,GYRO_X,-1.041,GYRO_Y,-2.354,GYRO_Z,-0.233,BODY_RATE,0.233
TM,ADCS_MODE,MANUAL,ADCS_REFERENCE,SUN,TARGET,0.00,POINTING_ERROR,-31.59,SUN_ERROR,-31.60,MAG_ERROR,-163.74,GYRO_Z,-0.032,RW_CMD,0
TM,EST_RAW,31.60,EST_FILTERED,31.60,EST_ANGLE,31.59,EST_FILTER,ON,EST_FILTER_TYPE,MOVING_AVERAGE,EST_MA_WINDOW,1,EST_FILTER_STRENGTH,0.35
TM,EST_FUSION,ON,EST_GYRO_WEIGHT,0.98,EST_VALID,1
TM,SUN_L,3614,SUN_R,3253,SUN_NDV,0.0526,SUN_ANGLE,31.64
TM,MAG_X,-8.85,MAG_Y,2.72,MAG_Z,-17.87,MAG_HEADING,162.91
TM,GYRO_X,-0.647,GYRO_Y,-2.424,GYRO_Z,-0.058,BODY_RATE,0.058
TM,ADCS_MODE,MANUAL,ADCS_REFERENCE,SUN,TARGET,0.00,POINTING_ERROR,-31.59,SUN_ERROR,-31.65,MAG_ERROR,-165.26,GYRO_Z,0.064,RW_CMD,0
TM,EST_RAW,31.65,EST_FILTERED,31.65,EST_ANGLE,31.59,EST_FILTER,ON,EST_FILTER_TYPE,MOVING_AVERAGE,EST_MA_WINDOW,1,EST_FILTER_STRENGTH,0.35
TM,EST_FUSION,ON,EST_GYRO_WEIGHT,0.98,EST_VALID,1
TM,SUN_L,3615,SUN_R,3254,SUN_NDV,0.0526,SUN_ANGLE,31.50
TM,MAG_X,-9.18,MAG_Y,2.42,MAG_Z,-17.86,MAG_HEADING,165.26
TM,GYRO_X,-0.613,GYRO_Y,-2.231,GYRO_Z,-0.120,BODY_RATE,0.120
TM,SUN_L,3615,SUN_R,3254,SUN_NDV,0.0526,SUN_ANGLE,31.56
TM,MAG_X,-8.94,MAG_Y,2.62,MAG_Z,-17.62,MAG_HEADING,163.65
TM,GYRO_X,-0.796,GYRO_Y,-2.713,GYRO_Z,-0.067,BODY_RATE,0.067
TM,ADCS_MODE,MANUAL,ADCS_REFERENCE,SUN,TARGET,0.00,POINTING_ERROR,-31.57,SUN_ERROR,-31.56,MAG_ERROR,-163.65,GYRO_Z,-0.067,RW_CMD,0
TM,EST_RAW,31.56,EST_FILTERED,31.56,EST_ANGLE,31.57,EST_FILTER,ON,EST_FILTER_TYPE,MOVING_AVERAGE,EST_MA_WINDOW,1,EST_FILTER_STRENGTH,0.35
TM,EST_FUSION,ON,EST_GYRO_WEIGHT,0.98,EST_VALID,1
TM,SUN_L,3613,SUN_R,3254,SUN_NDV,0.0523,SUN_ANGLE,31.57
TM,MAG_X,-8.94,MAG_Y,2.56,MAG_Z,-17.70,MAG_HEADING,164.03
TM,GYRO_X,-1.234,GYRO_Y,-2.074,GYRO_Z,-0.347,BODY_RATE,0.347
TM,ADCS_MODE,MANUAL,ADCS_REFERENCE,SUN,TARGET,0.00,POINTING_ERROR,-31.57,SUN_ERROR,-31.55,MAG_ERROR,-164.03,GYRO_Z,-0.015,RW_CMD,0
TM,EST_RAW,31.55,EST_FILTERED,31.55,EST_ANGLE,31.57,EST_FILTER,ON,EST_FILTER_TYPE,MOVING_AVERAGE,EST_MA_WINDOW,1,EST_FILTER_STRENGTH,0.35
TM,EST_FUSION,ON,EST_GYRO_WEIGHT,0.98,EST_VALID,1
TM,SUN_L,3613,SUN_R,3253,SUN_NDV,0.0524,SUN_ANGLE,31.58
TM,MAG_X,-8.98,MAG_Y,2.54,MAG_Z,-17.66,MAG_HEADING,164.18
TM,GYRO_X,-0.840,GYRO_Y,-2.450,GYRO_Z,-0.128,BODY_RATE,0.128
TM,ADCS_MODE,MANUAL,ADCS_REFERENCE,SUN,TARGET,0.00,POINTING_ERROR,-31.59,SUN_ERROR,-31.68,MAG_ERROR,-165.07,GYRO_Z,0.160,RW_CMD,0
TM,EST_RAW,31.68,EST_FILTERED,31.68,EST_ANGLE,31.59,EST_FILTER,ON,EST_FILTER_TYPE,MOVING_AVERAGE,EST_MA_WINDOW,1,EST_FILTER_STRENGTH,0.35
TM,EST_FUSION,ON,EST_GYRO_WEIGHT,0.98,EST_VALID,1
TM,SUN_L,3613,SUN_R,3254,SUN_NDV,0.0523,SUN_ANGLE,31.61
TM,MAG_X,-8.94,MAG_Y,2.38,MAG_Z,-17.58,MAG_HEADING,165.07
TM,GYRO_X,-1.173,GYRO_Y,-2.205,GYRO_Z,0.038,BODY_RATE,-0.038
TM,ADCS_MODE,MANUAL,ADCS_REFERENCE,SUN,TARGET,0.00,POINTING_ERROR,-31.57,SUN_ERROR,-31.58,MAG_ERROR,-164.62,GYRO_Z,0.038,RW_CMD,0
TM,EST_RAW,31.58,EST_FILTERED,31.58,EST_ANGLE,31.57,EST_FILTER,ON,EST_FILTER_TYPE,MOVING_AVERAGE,EST_MA_WINDOW,1,EST_FILTER_STRENGTH,0.35
TM,EST_FUSION,ON,EST_GYRO_WEIGHT,0.98,EST_VALID,1
TM,SUN_L,3615,SUN_R,3254,SUN_NDV,0.0526,SUN_ANGLE,31.50
TM,MAG_X,-9.02,MAG_Y,2.58,MAG_Z,-17.63,MAG_HEADING,164.07
TM,GYRO_X,-1.033,GYRO_Y,-2.091,GYRO_Z,0.090,BODY_RATE,-0.090
TM,SUN_L,3614,SUN_R,3253,SUN_NDV,0.0526,SUN_ANGLE,31.52
TM,MAG_X,-8.98,MAG_Y,2.64,MAG_Z,-17.73,MAG_HEADING,163.61
TM,GYRO_X,-0.910,GYRO_Y,-2.091,GYRO_Z,0.125,BODY_RATE,-0.125
TM,ADCS_MODE,MANUAL,ADCS_REFERENCE,SUN,TARGET,0.00,POINTING_ERROR,-31.56,SUN_ERROR,-31.52,MAG_ERROR,-163.61,GYRO_Z,0.125,RW_CMD,0
TM,EST_RAW,31.52,EST_FILTERED,31.52,EST_ANGLE,31.56,EST_FILTER,ON,EST_FILTER_TYPE,MOVING_AVERAGE,EST_MA_WINDOW,1,EST_FILTER_STRENGTH,0.35
TM,EST_FUSION,ON,EST_GYRO_WEIGHT,0.98,EST_VALID,1
TM,SUN_L,3615,SUN_R,3254,SUN_NDV,0.0526,SUN_ANGLE,31.48
TM,MAG_X,-8.94,MAG_Y,2.58,MAG_Z,-17.70,MAG_HEADING,163.93
TM,GYRO_X,-1.102,GYRO_Y,-2.293,GYRO_Z,0.178,BODY_RATE,-0.178
TM,ADCS_MODE,MANUAL,ADCS_REFERENCE,SUN,TARGET,0.00,POINTING_ERROR,-31.55,SUN_ERROR,-31.58,MAG_ERROR,-163.93,GYRO_Z,0.143,RW_CMD,0
TM,EST_RAW,31.58,EST_FILTERED,31.58,EST_ANGLE,31.55,EST_FILTER,ON,EST_FILTER_TYPE,MOVING_AVERAGE,EST_MA_WINDOW,1,EST_FILTER_STRENGTH,0.35
TM,EST_FUSION,ON,EST_GYRO_WEIGHT,0.98,EST_VALID,1
TM,SUN_L,3613,SUN_R,3254,SUN_NDV,0.0523,SUN_ANGLE,31.57
TM,MAG_X,-8.90,MAG_Y,2.50,MAG_Z,-17.65,MAG_HEADING,164.33
TM,GYRO_X,-1.111,GYRO_Y,-2.196,GYRO_Z,0.099,BODY_RATE,-0.099
TM,ADCS_MODE,MANUAL,ADCS_REFERENCE,SUN,TARGET,0.00,POINTING_ERROR,-31.55,SUN_ERROR,-31.58,MAG_ERROR,-164.40,GYRO_Z,0.125,RW_CMD,0
TM,EST_RAW,31.58,EST_FILTERED,31.58,EST_ANGLE,31.55,EST_FILTER,ON,EST_FILTER_TYPE,MOVING_AVERAGE,EST_MA_WINDOW,1,EST_FILTER_STRENGTH,0.35
TM,EST_FUSION,ON,EST_GYRO_WEIGHT,0.98,EST_VALID,1
TM,SUN_L,3615,SUN_R,3253,SUN_NDV,0.0527,SUN_ANGLE,31.49
TM,MAG_X,-8.88,MAG_Y,2.54,MAG_Z,-17.90,MAG_HEADING,164.01
TM,GYRO_X,-1.155,GYRO_Y,-2.205,GYRO_Z,0.020,BODY_RATE,-0.020
TM,ADCS_MODE,MANUAL,ADCS_REFERENCE,SUN,TARGET,0.00,POINTING_ERROR,-31.55,SUN_ERROR,-31.62,MAG_ERROR,-164.12,GYRO_Z,-0.303,RW_CMD,0
TM,EST_RAW,31.62,EST_FILTERED,31.62,EST_ANGLE,31.55,EST_FILTER,ON,EST_FILTER_TYPE,MOVING_AVERAGE,EST_MA_WINDOW,1,EST_FILTER_STRENGTH,0.35
TM,EST_FUSION,ON,EST_GYRO_WEIGHT,0.98,EST_VALID,1
TM,SUN_L,3614,SUN_R,3254,SUN_NDV,0.0524,SUN_ANGLE,31.50
TM,MAG_X,-8.94,MAG_Y,2.54,MAG_Z,-17.60,MAG_HEADING,164.12
TM,GYRO_X,-1.050,GYRO_Y,-2.249,GYRO_Z,0.099,BODY_RATE,-0.099
TM,SUN_L,3615,SUN_R,3253,SUN_NDV,0.0527,SUN_ANGLE,31.56
TM,MAG_X,-8.90,MAG_Y,2.54,MAG_Z,-17.55,MAG_HEADING,164.04
TM,GYRO_X,-1.146,GYRO_Y,-2.266,GYRO_Z,0.090,BODY_RATE,-0.090
TM,ADCS_MODE,MANUAL,ADCS_REFERENCE,SUN,TARGET,0.00,POINTING_ERROR,-31.55,SUN_ERROR,-31.56,MAG_ERROR,-164.04,GYRO_Z,0.090,RW_CMD,0
TM,EST_RAW,31.56,EST_FILTERED,31.56,EST_ANGLE,31.55,EST_FILTER,ON,EST_FILTER_TYPE,MOVING_AVERAGE,EST_MA_WINDOW,1,EST_FILTER_STRENGTH,0.35
TM,EST_FUSION,ON,EST_GYRO_WEIGHT,0.98,EST_VALID,1
TM,SUN_L,3614,SUN_R,3254,SUN_NDV,0.0524,SUN_ANGLE,31.66
TM,MAG_X,-9.26,MAG_Y,2.43,MAG_Z,-17.70,MAG_HEADING,165.29
TM,GYRO_X,-1.400,GYRO_Y,-2.380,GYRO_Z,0.607,BODY_RATE,-0.607
TM,ADCS_MODE,MANUAL,ADCS_REFERENCE,SUN,TARGET,0.00,POINTING_ERROR,-29.44,SUN_ERROR,-31.19,MAG_ERROR,-164.16,GYRO_Z,57.097,RW_CMD,0
TM,EST_RAW,31.19,EST_FILTERED,31.19,EST_ANGLE,29.44,EST_FILTER,ON,EST_FILTER_TYPE,MOVING_AVERAGE,EST_MA_WINDOW,1,EST_FILTER_STRENGTH,0.35
TM,EST_FUSION,ON,EST_GYRO_WEIGHT,0.98,EST_VALID,1
TM,SUN_L,3693,SUN_R,3490,SUN_NDV,0.0283,SUN_ANGLE,20.59
TM,MAG_X,-13.66,MAG_Y,9.15,MAG_Z,-15.31,MAG_HEADING,146.19
TM,GYRO_X,-18.358,GYRO_Y,-3.106,GYRO_Z,99.639,BODY_RATE,-99.639
TM,ADCS_MODE,MANUAL,ADCS_REFERENCE,SUN,TARGET,0.00,POINTING_ERROR,-5.13,SUN_ERROR,-8.83,MAG_ERROR,-146.19,GYRO_Z,129.835,RW_CMD,0
TM,EST_RAW,8.83,EST_FILTERED,8.83,EST_ANGLE,5.13,EST_FILTER,ON,EST_FILTER_TYPE,MOVING_AVERAGE,EST_MA_WINDOW,1,EST_FILTER_STRENGTH,0.35
TM,EST_FUSION,ON,EST_GYRO_WEIGHT,0.98,EST_VALID,1
TM,SUN_L,3666,SUN_R,3692,SUN_NDV,-0.0035,SUN_ANGLE,-4.16
TM,MAG_X,-16.93,MAG_Y,20.51,MAG_Z,-12.18,MAG_HEADING,129.53
TM,GYRO_X,-21.385,GYRO_Y,-3.308,GYRO_Z,116.885,BODY_RATE,-116.885
TM,ADCS_MODE,MANUAL,ADCS_REFERENCE,SUN,TARGET,0.00,POINTING_ERROR,24.26,SUN_ERROR,25.33,MAG_ERROR,-115.73,GYRO_Z,90.872,RW_CMD,0
TM,EST_RAW,-25.33,EST_FILTERED,-25.33,EST_ANGLE,-24.26,EST_FILTER,ON,EST_FILTER_TYPE,MOVING_AVERAGE,EST_MA_WINDOW,1,EST_FILTER_STRENGTH,0.35
TM,EST_FUSION,ON,EST_GYRO_WEIGHT,0.98,EST_VALID,1
TM,SUN_L,3460,SUN_R,3682,SUN_NDV,-0.0311,SUN_ANGLE,-29.70
TM,MAG_X,-15.86,MAG_Y,32.90,MAG_Z,-8.34,MAG_HEADING,115.73
TM,GYRO_X,-15.391,GYRO_Y,-3.378,GYRO_Z,85.639,BODY_RATE,-85.639
TM,SUN_L,3116,SUN_R,3575,SUN_NDV,-0.0686,SUN_ANGLE,-45.10
TM,MAG_X,-7.73,MAG_Y,48.38,MAG_Z,-4.18,MAG_HEADING,99.07
TM,GYRO_X,-8.409,GYRO_Y,-2.424,GYRO_Z,38.004,BODY_RATE,-38.004
TM,ADCS_MODE,MANUAL,ADCS_REFERENCE,SUN,TARGET,0.00,POINTING_ERROR,42.97,SUN_ERROR,45.69,MAG_ERROR,-99.07,GYRO_Z,28.449,RW_CMD,0
TM,EST_RAW,-45.69,EST_FILTERED,-45.69,EST_ANGLE,-42.97,EST_FILTER,ON,EST_FILTER_TYPE,MOVING_AVERAGE,EST_MA_WINDOW,1,EST_FILTER_STRENGTH,0.35
TM,EST_FUSION,ON,EST_GYRO_WEIGHT,0.98,EST_VALID,1
TM,SUN_L,3274,SUN_R,3631,SUN_NDV,-0.0517,SUN_ANGLE,-40.01
TM,MAG_X,-9.52,MAG_Y,45.90,MAG_Z,-4.69,MAG_HEADING,101.72
TM,GYRO_X,18.445,GYRO_Y,-1.461,GYRO_Z,-119.058,BODY_RATE,119.058
TM,ADCS_MODE,MANUAL,ADCS_REFERENCE,SUN,TARGET,0.00,POINTING_ERROR,26.33,SUN_ERROR,32.40,MAG_ERROR,-101.72,GYRO_Z,-142.963,RW_CMD,0
TM,EST_RAW,-32.40,EST_FILTERED,-32.40,EST_ANGLE,-26.33,EST_FILTER,ON,EST_FILTER_TYPE,MOVING_AVERAGE,EST_MA_WINDOW,1,EST_FILTER_STRENGTH,0.35
TM,EST_FUSION,ON,EST_GYRO_WEIGHT,0.98,EST_VALID,1
TM,SUN_L,3672,SUN_R,3687,SUN_NDV,-0.0020,SUN_ANGLE,-2.97
TM,MAG_X,-16.00,MAG_Y,32.83,MAG_Z,-8.27,MAG_HEADING,115.98
TM,GYRO_X,29.365,GYRO_Y,-1.181,GYRO_Z,-176.362,BODY_RATE,176.362
TM,ADCS_MODE,MANUAL,ADCS_REFERENCE,SUN,TARGET,0.00,POINTING_ERROR,-17.65,SUN_ERROR,-19.35,MAG_ERROR,-136.95,GYRO_Z,-175.890,RW_CMD,0
TM,EST_RAW,19.35,EST_FILTERED,19.35,EST_ANGLE,17.65,EST_FILTER,ON,EST_FILTER_TYPE,MOVING_AVERAGE,EST_MA_WINDOW,1,EST_FILTER_STRENGTH,0.35
TM,EST_FUSION,ON,EST_GYRO_WEIGHT,0.98,EST_VALID,1
TM,SUN_L,3627,SUN_R,3293,SUN_NDV,0.0483,SUN_ANGLE,29.83
TM,MAG_X,-15.81,MAG_Y,14.77,MAG_Z,-13.52,MAG_HEADING,136.95
TM,GYRO_X,21.350,GYRO_Y,-1.111,GYRO_Z,-132.087,BODY_RATE,132.087
TM,ADCS_MODE,MANUAL,ADCS_REFERENCE,SUN,TARGET,0.00,POINTING_ERROR,-38.71,SUN_ERROR,-41.03,MAG_ERROR,-169.73,GYRO_Z,-3.060,RW_CMD,0
TM,EST_RAW,41.03,EST_FILTERED,41.03,EST_ANGLE,38.71,EST_FILTER,ON,EST_FILTER_TYPE,MOVING_AVERAGE,EST_MA_WINDOW,1,EST_FILTER_STRENGTH,0.35
TM,EST_FUSION,ON,EST_GYRO_WEIGHT,0.98,EST_VALID,1
TM,SUN_L,3531,SUN_R,2982,SUN_NDV,0.0843,SUN_ANGLE,41.17
TM,MAG_X,-5.09,MAG_Y,-1.07,MAG_Z,-18.66,MAG_HEADING,191.90
TM,GYRO_X,-3.876,GYRO_Y,-2.879,GYRO_Z,13.609,BODY_RATE,-13.609
TM,SUN_L,3591,SUN_R,3175,SUN_NDV,0.0615,SUN_ANGLE,34.69
TM,MAG_X,-6.58,MAG_Y,0.32,MAG_Z,-18.45,MAG_HEADING,177.21
TM,GYRO_X,-6.939,GYRO_Y,-2.747,GYRO_Z,35.108,BODY_RATE,-35.108
TM,ADCS_MODE,MANUAL,ADCS_REFERENCE,SUN,TARGET,0.00,POINTING_ERROR,-32.94,SUN_ERROR,-34.69,MAG_ERROR,-177.21,GYRO_Z,35.939,RW_CMD,0
TM,EST_RAW,34.69,EST_FILTERED,34.69,EST_ANGLE,32.94,EST_FILTER,ON,EST_FILTER_TYPE,MOVING_AVERAGE,EST_MA_WINDOW,1,EST_FILTER_STRENGTH,0.35
TM,EST_FUSION,ON,EST_GYRO_WEIGHT,0.98,EST_VALID,1
TM,SUN_L,3645,SUN_R,3337,SUN_NDV,0.0441,SUN_ANGLE,28.09
TM,MAG_X,-9.36,MAG_Y,2.83,MAG_Z,-17.39,MAG_HEADING,163.17
TM,GYRO_X,-7.971,GYRO_Y,-2.783,GYRO_Z,32.220,BODY_RATE,-32.220
TM,ADCS_MODE,MANUAL,ADCS_REFERENCE,SUN,TARGET,0.00,POINTING_ERROR,-23.15,SUN_ERROR,-25.63,MAG_ERROR,-152.74,GYRO_Z,74.947,RW_CMD,0
TM,EST_RAW,25.63,EST_FILTERED,25.63,EST_ANGLE,23.15,EST_FILTER,ON,EST_FILTER_TYPE,MOVING_AVERAGE,EST_MA_WINDOW,1,EST_FILTER_STRENGTH,0.35
TM,EST_FUSION,ON,EST_GYRO_WEIGHT,0.98,EST_VALID,1
TM,SUN_L,3706,SUN_R,3620,SUN_NDV,0.0117,SUN_ANGLE,8.64
TM,MAG_X,-12.02,MAG_Y,18.48,MAG_Z,-12.74,MAG_HEADING,123.03
TM,GYRO_X,-22.452,GYRO_Y,-3.378,GYRO_Z,122.337,BODY_RATE,-122.337
TM,ADCS_MODE,MANUAL,ADCS_REFERENCE,SUN,TARGET,0.00,POINTING_ERROR,8.56,SUN_ERROR,3.60,MAG_ERROR,-132.96,GYRO_Z,133.327,RW_CMD,0
TM,EST_RAW,-3.60,EST_FILTERED,-3.60,EST_ANGLE,-8.56,EST_FILTER,ON,EST_FILTER_TYPE,MOVING_AVERAGE,EST_MA_WINDOW,1,EST_FILTER_STRENGTH,0.35
TM,EST_FUSION,ON,EST_GYRO_WEIGHT,0.98,EST_VALID,1
TM,SUN_L,3573,SUN_R,3703,SUN_NDV,-0.0179,SUN_ANGLE,-19.10
TM,MAG_X,-16.14,MAG_Y,31.76,MAG_Z,-8.46,MAG_HEADING,116.94
TM,GYRO_X,-25.051,GYRO_Y,-4.384,GYRO_Z,144.737,BODY_RATE,-144.737
TM,ADCS_MODE,MANUAL,ADCS_REFERENCE,SUN,TARGET,0.00,POINTING_ERROR,38.95,SUN_ERROR,41.44,MAG_ERROR,-103.31,GYRO_Z,99.805,RW_CMD,0
TM,EST_RAW,-41.44,EST_FILTERED,-41.44,EST_ANGLE,-38.95,EST_FILTER,ON,EST_FILTER_TYPE,MOVING_AVERAGE,EST_MA_WINDOW,1,EST_FILTER_STRENGTH,0.35
TM,EST_FUSION,ON,EST_GYRO_WEIGHT,0.98,EST_VALID,1
TM,SUN_L,3111,SUN_R,3574,SUN_NDV,-0.0693,SUN_ANGLE,-45.13
TM,MAG_X,-10.51,MAG_Y,44.43,MAG_Z,-5.04,MAG_HEADING,103.31
TM,GYRO_X,-17.343,GYRO_Y,-3.570,GYRO_Z,89.218,BODY_RATE,-89.218
TM,SUN_L,2991,SUN_R,3553,SUN_NDV,-0.0859,SUN_ANGLE,-47.71
TM,MAG_X,-4.96,MAG_Y,51.52,MAG_Z,-3.12,MAG_HEADING,95.50
TM,GYRO_X,18.970,GYRO_Y,-1.067,GYRO_Z,-140.233,BODY_RATE,140.233
TM,ADCS_MODE,MANUAL,ADCS_REFERENCE,SUN,TARGET,0.00,POINTING_ERROR,39.30,SUN_ERROR,45.55,MAG_ERROR,-95.50,GYRO_Z,-162.983,RW_CMD,0
TM,EST_RAW,-45.55,EST_FILTERED,-45.55,EST_ANGLE,-39.30,EST_FILTER,ON,EST_FILTER_TYPE,MOVING_AVERAGE,EST_MA_WINDOW,1,EST_FILTER_STRENGTH,0.35
TM,EST_FUSION,ON,EST_GYRO_WEIGHT,0.98,EST_VALID,1
TM,SUN_L,3661,SUN_R,3410,SUN_NDV,0.0355,SUN_ANGLE,23.47
TM,MAG_X,-11.65,MAG_Y,5.65,MAG_Z,-16.80,MAG_HEADING,154.13
TM,GYRO_X,67.882,GYRO_Y,0.455,GYRO_Z,-286.691,BODY_RATE,286.691
TM,ADCS_MODE,MANUAL,ADCS_REFERENCE,SUN,TARGET,0.00,POINTING_ERROR,-29.11,SUN_ERROR,-43.38,MAG_ERROR,-154.13,GYRO_Z,-286.691,RW_CMD,0
TM,EST_RAW,43.38,EST_FILTERED,43.38,EST_ANGLE,29.11,EST_FILTER,ON,EST_FILTER_TYPE,MOVING_AVERAGE,EST_MA_WINDOW,1,EST_FILTER_STRENGTH,0.35
TM,EST_FUSION,ON,EST_GYRO_WEIGHT,0.98,EST_VALID,1
TM,SUN_L,2980,SUN_R,2685,SUN_NDV,0.0521,SUN_ANGLE,15.42
TM,MAG_X,9.68,MAG_Y,-7.04,MAG_Z,-21.25,MAG_HEADING,323.97
TM,GYRO_X,-13.344,GYRO_Y,-3.264,GYRO_Z,68.244,BODY_RATE,-68.244
TM,ADCS_MODE,MANUAL,ADCS_REFERENCE,SUN,TARGET,0.00,POINTING_ERROR,-29.09,SUN_ERROR,-45.38,MAG_ERROR,70.74,GYRO_Z,98.895,RW_CMD,0
TM,EST_RAW,45.38,EST_FILTERED,45.38,EST_ANGLE,29.09,EST_FILTER,ON,EST_FILTER_TYPE,MOVING_AVERAGE,EST_MA_WINDOW,1,EST_FILTER_STRENGTH,0.35
TM,EST_FUSION,ON,EST_GYRO_WEIGHT,0.98,EST_VALID,1
TM,SUN_L,3464,SUN_R,2762,SUN_NDV,0.1128,SUN_ANGLE,45.47
TM,MAG_X,1.74,MAG_Y,-4.99,MAG_Z,-20.22,MAG_HEADING,289.26
TM,GYRO_X,-17.579,GYRO_Y,-2.529,GYRO_Z,91.134,BODY_RATE,-91.134
TM,ADCS_MODE,MANUAL,ADCS_REFERENCE,SUN,TARGET,0.00,POINTING_ERROR,-14.57,SUN_ERROR,-33.80,MAG_ERROR,177.50,GYRO_Z,62.994,RW_CMD,0
TM,EST_RAW,33.80,EST_FILTERED,33.80,EST_ANGLE,14.57,EST_FILTER,ON,EST_FILTER_TYPE,MOVING_AVERAGE,EST_MA_WINDOW,1,EST_FILTER_STRENGTH,0.35
TM,EST_FUSION,ON,EST_GYRO_WEIGHT,0.98,EST_VALID,1
TM,SUN_L,3630,SUN_R,3292,SUN_NDV,0.0488,SUN_ANGLE,30.33
TM,MAG_X,-5.86,MAG_Y,-0.26,MAG_Z,-18.77,MAG_HEADING,182.50
TM,GYRO_X,-11.594,GYRO_Y,-2.861,GYRO_Z,59.144,BODY_RATE,-59.144
TM,SUN_L,3682,SUN_R,3460,SUN_NDV,0.0311,SUN_ANGLE,22.17
TM,MAG_X,-13.14,MAG_Y,8.37,MAG_Z,-15.73,MAG_HEADING,147.50
TM,GYRO_X,-9.774,GYRO_Y,-2.494,GYRO_Z,48.907,BODY_RATE,-48.907
TM,ADCS_MODE,MANUAL,ADCS_REFERENCE,SUN,TARGET,0.00,POINTING_ERROR,-5.23,SUN_ERROR,-21.31,MAG_ERROR,-147.50,GYRO_Z,52.450,RW_CMD,0
TM,EST_RAW,21.31,EST_FILTERED,21.31,EST_ANGLE,5.23,EST_FILTER,ON,EST_FILTER_TYPE,MOVING_AVERAGE,EST_MA_WINDOW,1,EST_FILTER_STRENGTH,0.35
TM,EST_FUSION,ON,EST_GYRO_WEIGHT,0.98,EST_VALID,1
TM,SUN_L,3706,SUN_R,3611,SUN_NDV,0.0130,SUN_ANGLE,9.98
TM,MAG_X,-15.50,MAG_Y,13.50,MAG_Z,-14.21,MAG_HEADING,138.94
TM,GYRO_X,-16.642,GYRO_Y,-3.789,GYRO_Z,93.182,BODY_RATE,-93.182
TM,ADCS_MODE,MANUAL,ADCS_REFERENCE,SUN,TARGET,0.00,POINTING_ERROR,10.64,SUN_ERROR,-3.81,MAG_ERROR,-138.94,GYRO_Z,154.265,RW_CMD,0
TM,EST_RAW,3.81,EST_FILTERED,3.81,EST_ANGLE,-10.64,EST_FILTER,ON,EST_FILTER_TYPE,MOVING_AVERAGE,EST_MA_WINDOW,1,EST_FILTER_STRENGTH,0.35
TM,EST_FUSION,ON,EST_GYRO_WEIGHT,0.98,EST_VALID,1
TM,SUN_L,3525,SUN_R,3695,SUN_NDV,-0.0235,SUN_ANGLE,-24.37
TM,MAG_X,-17.02,MAG_Y,25.74,MAG_Z,-10.34,MAG_HEADING,123.48
TM,GYRO_X,-22.978,GYRO_Y,-3.876,GYRO_Z,124.638,BODY_RATE,-124.638
TM,ADCS_MODE,MANUAL,ADCS_REFERENCE,SUN,TARGET,0.00,POINTING_ERROR,40.03,SUN_ERROR,36.46,MAG_ERROR,-107.73,GYRO_Z,35.860,RW_CMD,0
TM,EST_RAW,-36.46,EST_FILTERED,-36.46,EST_ANGLE,-40.03,EST_FILTER,ON,EST_FILTER_TYPE,MOVING_AVERAGE,EST_MA_WINDOW,1,EST_FILTER_STRENGTH,0.35
TM,EST_FUSION,ON,EST_GYRO_WEIGHT,0.98,EST_VALID,1
TM,SUN_L,3355,SUN_R,3656,SUN_NDV,-0.0429,SUN_ANGLE,-36.53
TM,MAG_X,-11.86,MAG_Y,42.26,MAG_Z,-5.63,MAG_HEADING,105.67
TM,GYRO_X,4.095,GYRO_Y,-2.144,GYRO_Z,-41.306,BODY_RATE,41.306
TM,ADCS_MODE,MANUAL,ADCS_REFERENCE,SUN,TARGET,0.00,POINTING_ERROR,8.65,SUN_ERROR,2.70,MAG_ERROR,-132.20,GYRO_Z,-286.691,RW_CMD,0
TM,EST_RAW,-2.70,EST_FILTERED,-2.70,EST_ANGLE,-8.65,EST_FILTER,ON,EST_FILTER_TYPE,MOVING_AVERAGE,EST_MA_WINDOW,1,EST_FILTER_STRENGTH,0.35
TM,EST_FUSION,ON,EST_GYRO_WEIGHT,0.98,EST_VALID,1
TM,SUN_L,3698,SUN_R,3554,SUN_NDV,0.0199,SUN_ANGLE,14.56
TM,MAG_X,-16.62,MAG_Y,18.34,MAG_Z,-12.78,MAG_HEADING,132.20
TM,GYRO_X,69.930,GYRO_Y,-3.526,GYRO_Z,-286.691,BODY_RATE,286.691
TM,SUN_L,2952,SUN_R,2696,SUN_NDV,0.0453,SUN_ANGLE,10.08
TM,MAG_X,8.48,MAG_Y,-6.93,MAG_Z,-20.93,MAG_HEADING,320.75
TM,GYRO_X,-9.109,GYRO_Y,-2.940,GYRO_Z,42.335,BODY_RATE,-42.335
TM,ADCS_MODE,MANUAL,ADCS_REFERENCE,SUN,TARGET,0.00,POINTING_ERROR,-39.64,SUN_ERROR,-10.08,MAG_ERROR,39.25,GYRO_Z,63.817,RW_CMD,0
TM,EST_RAW,10.08,EST_FILTERED,10.08,EST_ANGLE,39.64,EST_FILTER,ON,EST_FILTER_TYPE,MOVING_AVERAGE,EST_MA_WINDOW,1,EST_FILTER_STRENGTH,0.35
TM,EST_FUSION,ON,EST_GYRO_WEIGHT,0.98,EST_VALID,1
TM,SUN_L,3391,SUN_R,2669,SUN_NDV,0.1191,SUN_ANGLE,46.16
TM,MAG_X,7.65,MAG_Y,-6.64,MAG_Z,-20.85,MAG_HEADING,319.04
TM,GYRO_X,-18.786,GYRO_Y,-2.993,GYRO_Z,103.244,BODY_RATE,-103.244
TM,ADCS_MODE,MANUAL,ADCS_REFERENCE,SUN,TARGET,0.00,POINTING_ERROR,-16.41,SUN_ERROR,-44.89,MAG_ERROR,137.58,GYRO_Z,93.855,RW_CMD,0
TM,EST_RAW,44.89,EST_FILTERED,44.89,EST_ANGLE,16.41,EST_FILTER,ON,EST_FILTER_TYPE,MOVING_AVERAGE,EST_MA_WINDOW,1,EST_FILTER_STRENGTH,0.35
TM,EST_FUSION,ON,EST_GYRO_WEIGHT,0.98,EST_VALID,1
TM,SUN_L,3613,SUN_R,3237,SUN_NDV,0.0549,SUN_ANGLE,32.54
TM,MAG_X,-8.72,MAG_Y,2.50,MAG_Z,-17.52,MAG_HEADING,164.03
TM,GYRO_X,-13.396,GYRO_Y,-2.791,GYRO_Z,65.715,BODY_RATE,-65.715
TM,ADCS_MODE,MANUAL,ADCS_REFERENCE,SUN,TARGET,0.00,POINTING_ERROR,-4.33,SUN_ERROR,-26.44,MAG_ERROR,-164.03,GYRO_Z,60.754,RW_CMD,0
TM,EST_RAW,26.44,EST_FILTERED,26.44,EST_ANGLE,4.33,EST_FILTER,ON,EST_FILTER_TYPE,MOVING_AVERAGE,EST_MA_WINDOW,1,EST_FILTER_STRENGTH,0.35
TM,EST_FUSION,ON,EST_GYRO_WEIGHT,0.98,EST_VALID,1
TM,SUN_L,3684,SUN_R,3453,SUN_NDV,0.0324,SUN_ANGLE,22.73
TM,MAG_X,-12.66,MAG_Y,7.25,MAG_Z,-15.86,MAG_HEADING,150.20
TM,GYRO_X,-9.065,GYRO_Y,-2.293,GYRO_Z,44.680,BODY_RATE,-44.680
TM,ADCS_MODE,MANUAL,ADCS_REFERENCE,SUN,TARGET,0.00,POINTING_ERROR,-4.26,SUN_ERROR,-20.92,MAG_ERROR,-145.07,GYRO_Z,-31.313,RW_CMD,0
TM,EST_RAW,20.92,EST_FILTERED,20.92,EST_ANGLE,4.26,EST_FILTER,ON,EST_FILTER_TYPE,MOVING_AVERAGE,EST_MA_WINDOW,1,EST_FILTER_STRENGTH,0.35
TM,EST_FUSION,ON,EST_GYRO_WEIGHT,0.98,EST_VALID,1
TM,SUN_L,3686,SUN_R,3465,SUN_NDV,0.0309,SUN_ANGLE,22.03
TM,MAG_X,-13.90,MAG_Y,9.71,MAG_Z,-14.96,MAG_HEADING,145.07
TM,GYRO_X,6.729,GYRO_Y,-1.776,GYRO_Z,-49.435,BODY_RATE,49.435
TM,SUN_L,3612,SUN_R,3247,SUN_NDV,0.0532,SUN_ANGLE,31.92
TM,MAG_X,-11.87,MAG_Y,6.11,MAG_Z,-16.27,MAG_HEADING,152.76
TM,GYRO_X,8.313,GYRO_Y,-2.161,GYRO_Z,-55.183,BODY_RATE,55.183
TM,ADCS_MODE,MANUAL,ADCS_REFERENCE,SUN,TARGET,0.00,POINTING_ERROR,-23.02,SUN_ERROR,-33.14,MAG_ERROR,-172.47,GYRO_Z,-45.033,RW_CMD,0
TM,EST_RAW,33.14,EST_FILTERED,33.14,EST_ANGLE,23.02,EST_FILTER,ON,EST_FILTER_TYPE,MOVING_AVERAGE,EST_MA_WINDOW,1,EST_FILTER_STRENGTH,0.35
TM,EST_FUSION,ON,EST_GYRO_WEIGHT,0.98,EST_VALID,1
TM,SUN_L,3580,SUN_R,3162,SUN_NDV,0.0620,SUN_ANGLE,34.77
TM,MAG_X,-7.09,MAG_Y,0.74,MAG_Z,-18.18,MAG_HEADING,174.07
TM,GYRO_X,-3.894,GYRO_Y,-2.783,GYRO_Z,13.723,BODY_RATE,-13.723
TM,ADCS_MODE,MANUAL,ADCS_REFERENCE,SUN,TARGET,0.00,POINTING_ERROR,-25.44,SUN_ERROR,-34.66,MAG_ERROR,-174.07,GYRO_Z,7.668,RW_CMD,0
TM,EST_RAW,34.66,EST_FILTERED,34.66,EST_ANGLE,25.44,EST_FILTER,ON,EST_FILTER_TYPE,MOVING_AVERAGE,EST_MA_WINDOW,1,EST_FILTER_STRENGTH,0.35
TM,EST_FUSION,ON,EST_GYRO_WEIGHT,0.98,EST_VALID,1
TM,SUN_L,3595,SUN_R,3191,SUN_NDV,0.0595,SUN_ANGLE,34.20
TM,MAG_X,-7.98,MAG_Y,1.10,MAG_Z,-17.92,MAG_HEADING,172.13
TM,GYRO_X,-0.928,GYRO_Y,-2.118,GYRO_Z,-2.876,BODY_RATE,2.876
TM,ADCS_MODE,MANUAL,ADCS_REFERENCE,SUN,TARGET,0.00,POINTING_ERROR,-27.51,SUN_ERROR,-34.60,MAG_ERROR,-173.07,GYRO_Z,-0.898,RW_CMD,0
TM,EST_RAW,34.60,EST_FILTERED,34.60,EST_ANGLE,27.51,EST_FILTER,ON,EST_FILTER_TYPE,MOVING_AVERAGE,EST_MA_WINDOW,1,EST_FILTER_STRENGTH,0.35
TM,EST_FUSION,ON,EST_GYRO_WEIGHT,0.98,EST_VALID,1
TM,SUN_L,3594,SUN_R,3183,SUN_NDV,0.0606,SUN_ANGLE,34.63
TM,MAG_X,-7.63,MAG_Y,0.93,MAG_Z,-18.10,MAG_HEADING,173.07
TM,GYRO_X,-1.487,GYRO_Y,-2.328,GYRO_Z,1.613,BODY_RATE,-1.613
TM,ADCS_MODE,MANUAL,ADCS_REFERENCE,SUN,TARGET,0.00,POINTING_ERROR,-28.85,SUN_ERROR,-34.56,MAG_ERROR,-172.00,GYRO_Z,-0.583,RW_CMD,0
TM,EST_RAW,34.56,EST_FILTERED,34.56,EST_ANGLE,28.85,EST_FILTER,ON,EST_FILTER_TYPE,MOVING_AVERAGE,EST_MA_WINDOW,1,EST_FILTER_STRENGTH,0.35
TM,EST_FUSION,ON,EST_GYRO_WEIGHT,0.98,EST_VALID,1
TM,SUN_L,3594,SUN_R,3185,SUN_NDV,0.0603,SUN_ANGLE,34.43
TM,MAG_X,-7.71,MAG_Y,1.18,MAG_Z,-18.00,MAG_HEADING,171.27
TM,GYRO_X,-0.989,GYRO_Y,-2.249,GYRO_Z,-0.452,BODY_RATE,0.452
TM,SUN_L,3595,SUN_R,3186,SUN_NDV,0.0603,SUN_ANGLE,34.53
TM,MAG_X,-7.73,MAG_Y,1.18,MAG_Z,-17.94,MAG_HEADING,171.29
TM,GYRO_X,-0.866,GYRO_Y,-2.284,GYRO_Z,-0.443,BODY_RATE,0.443
TM,ADCS_MODE,MANUAL,ADCS_REFERENCE,SUN,TARGET,0.00,POINTING_ERROR,-30.06,SUN_ERROR,-34.55,MAG_ERROR,-171.29,GYRO_Z,-0.505,RW_CMD,0
TM,EST_RAW,34.55,EST_FILTERED,34.55,EST_ANGLE,30.06,EST_FILTER,ON,EST_FILTER_TYPE,MOVING_AVERAGE,EST_MA_WINDOW,1,EST_FILTER_STRENGTH,0.35
TM,EST_FUSION,ON,EST_GYRO_WEIGHT,0.98,EST_VALID,1
TM,SUN_L,3594,SUN_R,3186,SUN_NDV,0.0602,SUN_ANGLE,34.40
TM,MAG_X,-7.66,MAG_Y,1.07,MAG_Z,-18.03,MAG_HEADING,172.04
TM,GYRO_X,-1.155,GYRO_Y,-2.047,GYRO_Z,0.274,BODY_RATE,-0.274
TM,ADCS_MODE,MANUAL,ADCS_REFERENCE,SUN,TARGET,0.00,POINTING_ERROR,-30.99,SUN_ERROR,-34.34,MAG_ERROR,-172.04,GYRO_Z,0.020,RW_CMD,0
TM,EST_RAW,34.34,EST_FILTERED,34.34,EST_ANGLE,30.99,EST_FILTER,ON,EST_FILTER_TYPE,MOVING_AVERAGE,EST_MA_WINDOW,1,EST_FILTER_STRENGTH,0.35
TM,EST_FUSION,ON,EST_GYRO_WEIGHT,0.98,EST_VALID,1
TM,SUN_L,3594,SUN_R,3186,SUN_NDV,0.0602,SUN_ANGLE,34.45
TM,MAG_X,-7.81,MAG_Y,1.02,MAG_Z,-17.98,MAG_HEADING,172.53
TM,GYRO_X,-1.085,GYRO_Y,-2.144,GYRO_Z,-0.172,BODY_RATE,0.172
TM,ADCS_MODE,MANUAL,ADCS_REFERENCE,SUN,TARGET,0.00,POINTING_ERROR,-31.73,SUN_ERROR,-34.35,MAG_ERROR,-171.62,GYRO_Z,0.029,RW_CMD,0
TM,EST_RAW,34.35,EST_FILTERED,34.35,EST_ANGLE,31.73,EST_FILTER,ON,EST_FILTER_TYPE,MOVING_AVERAGE,EST_MA_WINDOW,1,EST_FILTER_STRENGTH,0.35
TM,EST_FUSION,ON,EST_GYRO_WEIGHT,0.98,EST_VALID,1
TM,SUN_L,3594,SUN_R,3186,SUN_NDV,0.0602,SUN_ANGLE,34.45
TM,MAG_X,-7.76,MAG_Y,1.04,MAG_Z,-17.98,MAG_HEADING,172.37
TM,GYRO_X,-1.164,GYRO_Y,-2.275,GYRO_Z,0.117,BODY_RATE,-0.117
TM,ADCS_MODE,MANUAL,ADCS_REFERENCE,SUN,TARGET,0.00,POINTING_ERROR,-32.31,SUN_ERROR,-34.41,MAG_ERROR,-172.64,GYRO_Z,0.012,RW_CMD,0
TM,EST_RAW,34.41,EST_FILTERED,34.41,EST_ANGLE,32.31,EST_FILTER,ON,EST_FILTER_TYPE,MOVING_AVERAGE,EST_MA_WINDOW,1,EST_FILTER_STRENGTH,0.35
TM,EST_FUSION,ON,EST_GYRO_WEIGHT,0.98,EST_VALID,1
TM,SUN_L,3592,SUN_R,3185,SUN_NDV,0.0601,SUN_ANGLE,34.45
TM,MAG_X,-7.68,MAG_Y,0.99,MAG_Z,-17.84,MAG_HEADING,172.64
TM,GYRO_X,-0.831,GYRO_Y,-2.328,GYRO_Z,0.125,BODY_RATE,-0.125
TM,SUN_L,3594,SUN_R,3184,SUN_NDV,0.0605,SUN_ANGLE,34.51
TM,MAG_X,-7.78,MAG_Y,1.10,MAG_Z,-17.98,MAG_HEADING,171.92
TM,GYRO_X,-0.954,GYRO_Y,-2.319,GYRO_Z,-0.093,BODY_RATE,0.093
TM,ADCS_MODE,MANUAL,ADCS_REFERENCE,SUN,TARGET,0.00,POINTING_ERROR,-32.77,SUN_ERROR,-34.43,MAG_ERROR,-171.92,GYRO_Z,0.055,RW_CMD,0
TM,EST_RAW,34.43,EST_FILTERED,34.43,EST_ANGLE,32.77,EST_FILTER,ON,EST_FILTER_TYPE,MOVING_AVERAGE,EST_MA_WINDOW,1,EST_FILTER_STRENGTH,0.35
TM,EST_FUSION,ON,EST_GYRO_WEIGHT,0.98,EST_VALID,1
TM,SUN_L,3594,SUN_R,3186,SUN_NDV,0.0602,SUN_ANGLE,34.42
TM,MAG_X,-7.65,MAG_Y,1.25,MAG_Z,-17.92,MAG_HEADING,170.73
TM,GYRO_X,-0.928,GYRO_Y,-2.275,GYRO_Z,-0.295,BODY_RATE,0.295
TM,ADCS_MODE,MANUAL,ADCS_REFERENCE,SUN,TARGET,0.00,POINTING_ERROR,-33.14,SUN_ERROR,-34.57,MAG_ERROR,-171.54,GYRO_Z,-0.032,RW_CMD,0
TM,EST_RAW,34.57,EST_FILTERED,34.57,EST_ANGLE,33.14,EST_FILTER,ON,EST_FILTER_TYPE,MOVING_AVERAGE,EST_MA_WINDOW,1,EST_FILTER_STRENGTH,0.35
TM,EST_FUSION,ON,EST_GYRO_WEIGHT,0.98,EST_VALID,1
TM,SUN_L,3596,SUN_R,3186,SUN_NDV,0.0605,SUN_ANGLE,34.46
TM,MAG_X,-7.62,MAG_Y,1.25,MAG_Z,-18.00,MAG_HEADING,170.69
TM,GYRO_X,-1.033,GYRO_Y,-2.433,GYRO_Z,-0.260,BODY_RATE,0.260
TM,ADCS_MODE,MANUAL,ADCS_REFERENCE,SUN,TARGET,0.00,POINTING_ERROR,-33.42,SUN_ERROR,-34.35,MAG_ERROR,-170.69,GYRO_Z,0.003,RW_CMD,0
TM,EST_RAW,34.35,EST_FILTERED,34.35,EST_ANGLE,33.42,EST_FILTER,ON,EST_FILTER_TYPE,MOVING_AVERAGE,EST_MA_WINDOW,1,EST_FILTER_STRENGTH,0.35
TM,EST_FUSION,ON,EST_GYRO_WEIGHT,0.98,EST_VALID,1
TM,SUN_L,3594,SUN_R,3185,SUN_NDV,0.0603,SUN_ANGLE,34.37
TM,MAG_X,-7.79,MAG_Y,1.15,MAG_Z,-18.00,MAG_HEADING,171.59
TM,GYRO_X,-0.945,GYRO_Y,-2.441,GYRO_Z,-0.006,BODY_RATE,0.006
TM,ADCS_MODE,MANUAL,ADCS_REFERENCE,SUN,TARGET,0.00,POINTING_ERROR,-33.65,SUN_ERROR,-34.46,MAG_ERROR,-172.07,GYRO_Z,-0.233,RW_CMD,0
TM,EST_RAW,34.46,EST_FILTERED,34.46,EST_ANGLE,33.65,EST_FILTER,ON,EST_FILTER_TYPE,MOVING_AVERAGE,EST_MA_WINDOW,1,EST_FILTER_STRENGTH,0.35
TM,EST_FUSION,ON,EST_GYRO_WEIGHT,0.98,EST_VALID,1
TM,SUN_L,3595,SUN_R,3185,SUN_NDV,0.0605,SUN_ANGLE,34.47
TM,MAG_X,-7.81,MAG_Y,1.09,MAG_Z,-17.95,MAG_HEADING,172.07
TM,GYRO_X,-0.814,GYRO_Y,-2.118,GYRO_Z,-0.268,BODY_RATE,0.268
TM,SUN_L,3593,SUN_R,3186,SUN_NDV,0.0600,SUN_ANGLE,34.42
TM,MAG_X,-7.74,MAG_Y,1.26,MAG_Z,-18.21,MAG_HEADING,170.73
TM,GYRO_X,-0.919,GYRO_Y,-2.223,GYRO_Z,-0.111,BODY_RATE,0.111
TM,ADCS_MODE,MANUAL,ADCS_REFERENCE,SUN,TARGET,0.00,POINTING_ERROR,-33.82,SUN_ERROR,-34.42,MAG_ERROR,-170.73,GYRO_Z,0.020,RW_CMD,0
TM,EST_RAW,34.42,EST_FILTERED,34.42,EST_ANGLE,33.82,EST_FILTER,ON,EST_FILTER_TYPE,MOVING_AVERAGE,EST_MA_WINDOW,1,EST_FILTER_STRENGTH,0.35
TM,EST_FUSION,ON,EST_GYRO_WEIGHT,0.98,EST_VALID,1
TM,SUN_L,3595,SUN_R,3187,SUN_NDV,0.0602,SUN_ANGLE,34.44
TM,MAG_X,-7.71,MAG_Y,1.09,MAG_Z,-18.06,MAG_HEADING,171.97
TM,GYRO_X,-0.735,GYRO_Y,-2.301,GYRO_Z,0.003,BODY_RATE,-0.003
TM,ADCS_MODE,MANUAL,ADCS_REFERENCE,SUN,TARGET,0.00,POINTING_ERROR,-33.96,SUN_ERROR,-34.44,MAG_ERROR,-171.97,GYRO_Z,0.029,RW_CMD,0
TM,EST_RAW,34.44,EST_FILTERED,34.44,EST_ANGLE,33.96,EST_FILTER,ON,EST_FILTER_TYPE,MOVING_AVERAGE,EST_MA_WINDOW,1,EST_FILTER_STRENGTH,0.35
TM,EST_FUSION,ON,EST_GYRO_WEIGHT,0.98,EST_VALID,1
TM,SUN_L,3594,SUN_R,3188,SUN_NDV,0.0599,SUN_ANGLE,34.41
TM,MAG_X,-7.74,MAG_Y,1.14,MAG_Z,-18.14,MAG_HEADING,171.65
TM,GYRO_X,-0.945,GYRO_Y,-2.275,GYRO_Z,0.082,BODY_RATE,-0.082
TM,ADCS_MODE,MANUAL,ADCS_REFERENCE,SUN,TARGET,0.00,POINTING_ERROR,-34.06,SUN_ERROR,-34.38,MAG_ERROR,-171.06,GYRO_Z,-0.286,RW_CMD,0
TM,EST_RAW,34.38,EST_FILTERED,34.38,EST_ANGLE,34.06,EST_FILTER,ON,EST_FILTER_TYPE,MOVING_AVERAGE,EST_MA_WINDOW,1,EST_FILTER_STRENGTH,0.35
TM,EST_FUSION,ON,EST_GYRO_WEIGHT,0.98,EST_VALID,1
TM,SUN_L,3594,SUN_R,3187,SUN_NDV,0.0600,SUN_ANGLE,34.43
TM,MAG_X,-7.73,MAG_Y,1.22,MAG_Z,-18.13,MAG_HEADING,171.06
TM,GYRO_X,-0.971,GYRO_Y,-2.406,GYRO_Z,0.152,BODY_RATE,-0.152
TM,ADCS_MODE,MANUAL,ADCS_REFERENCE,SUN,TARGET,0.00,POINTING_ERROR,-34.13,SUN_ERROR,-34.44,MAG_ERROR,-171.22,GYRO_Z,-0.041,RW_CMD,0
TM,EST_RAW,34.44,EST_FILTERED,34.44,EST_ANGLE,34.13,EST_FILTER,ON,EST_FILTER_TYPE,MOVING_AVERAGE,EST_MA_WINDOW,1,EST_FILTER_STRENGTH,0.35
TM,EST_FUSION,ON,EST_GYRO_WEIGHT,0.98,EST_VALID,1
TM,SUN_L,3596,SUN_R,3187,SUN_NDV,0.0603,SUN_ANGLE,34.39
TM,MAG_X,-7.98,MAG_Y,1.18,MAG_Z,-18.30,MAG_HEADING,171.56
TM,GYRO_X,-0.971,GYRO_Y,-2.126,GYRO_Z,-0.032,BODY_RATE,0.032
TM,SUN_L,3594,SUN_R,3185,SUN_NDV,0.0603,SUN_ANGLE,34.33
TM,MAG_X,-7.87,MAG_Y,1.15,MAG_Z,-18.26,MAG_HEADING,171.67
TM,GYRO_X,-0.980,GYRO_Y,-2.336,GYRO_Z,0.108,BODY_RATE,-0.108
TM,ADCS_MODE,MANUAL,ADCS_REFERENCE,SUN,TARGET,0.00,POINTING_ERROR,-34.19,SUN_ERROR,-34.33,MAG_ERROR,-171.67,GYRO_Z,-0.067,RW_CMD,0
TM,EST_RAW,34.33,EST_FILTERED,34.33,EST_ANGLE,34.19,EST_FILTER,ON,EST_FILTER_TYPE,MOVING_AVERAGE,EST_MA_WINDOW,1,EST_FILTER_STRENGTH,0.35
TM,EST_FUSION,ON,EST_GYRO_WEIGHT,0.98,EST_VALID,1
TM,SUN_L,3595,SUN_R,3186,SUN_NDV,0.0603,SUN_ANGLE,34.51
TM,MAG_X,-7.73,MAG_Y,1.25,MAG_Z,-18.27,MAG_HEADING,170.83
TM,GYRO_X,-1.199,GYRO_Y,-1.916,GYRO_Z,-0.015,BODY_RATE,0.015
TM,ADCS_MODE,MANUAL,ADCS_REFERENCE,SUN,TARGET,0.00,POINTING_ERROR,-34.24,SUN_ERROR,-34.48,MAG_ERROR,-170.33,GYRO_Z,0.152,RW_CMD,0
TM,EST_RAW,34.48,EST_FILTERED,34.48,EST_ANGLE,34.24,EST_FILTER,ON,EST_FILTER_TYPE,MOVING_AVERAGE,EST_MA_WINDOW,1,EST_FILTER_STRENGTH,0.35
TM,EST_FUSION,ON,EST_GYRO_WEIGHT,0.98,EST_VALID,1
TM,SUN_L,3594,SUN_R,3186,SUN_NDV,0.0602,SUN_ANGLE,34.38
TM,MAG_X,-7.76,MAG_Y,1.30,MAG_Z,-18.02,MAG_HEADING,170.52
TM,GYRO_X,-1.059,GYRO_Y,-2.240,GYRO_Z,0.073,BODY_RATE,-0.073
TM,ADCS_MODE,MANUAL,ADCS_REFERENCE,SUN,TARGET,0.00,POINTING_ERROR,-34.29,SUN_ERROR,-34.47,MAG_ERROR,-170.52,GYRO_Z,-0.111,RW_CMD,0
TM,EST_RAW,34.47,EST_FILTERED,34.47,EST_ANGLE,34.29,EST_FILTER,ON,EST_FILTER_TYPE,MOVING_AVERAGE,EST_MA_WINDOW,1,EST_FILTER_STRENGTH,0.35
TM,EST_FUSION,ON,EST_GYRO_WEIGHT,0.98,EST_VALID,1
TM,SUN_L,3595,SUN_R,3186,SUN_NDV,0.0603,SUN_ANGLE,34.42
TM,MAG_X,-7.87,MAG_Y,1.25,MAG_Z,-18.14,MAG_HEADING,170.99
TM,GYRO_X,-1.006,GYRO_Y,-2.109,GYRO_Z,0.099,BODY_RATE,-0.099
TM,ADCS_MODE,MANUAL,ADCS_REFERENCE,SUN,TARGET,0.00,POINTING_ERROR,-34.32,SUN_ERROR,-34.48,MAG_ERROR,-170.46,GYRO_Z,-0.058,RW_CMD,0
TM,EST_RAW,34.48,EST_FILTERED,34.48,EST_ANGLE,34.32,EST_FILTER,ON,EST_FILTER_TYPE,MOVING_AVERAGE,EST_MA_WINDOW,1,EST_FILTER_STRENGTH,0.35
TM,EST_FUSION,ON,EST_GYRO_WEIGHT,0.98,EST_VALID,1
TM,SUN_L,3595,SUN_R,3187,SUN_NDV,0.0602,SUN_ANGLE,34.41
TM,MAG_X,-7.81,MAG_Y,1.31,MAG_Z,-18.22,MAG_HEADING,170.46
TM,GYRO_X,-1.024,GYRO_Y,-2.205,GYRO_Z,-0.321,BODY_RATE,0.321
TM,SUN_L,3595,SUN_R,3187,SUN_NDV,0.0602,SUN_ANGLE,34.36
TM,MAG_X,-7.84,MAG_Y,1.22,MAG_Z,-18.35,MAG_HEADING,171.18
TM,GYRO_X,-0.744,GYRO_Y,-2.275,GYRO_Z,0.125,BODY_RATE,-0.125
TM,ADCS_MODE,MANUAL,ADCS_REFERENCE,SUN,TARGET,0.00,POINTING_ERROR,-34.33,SUN_ERROR,-34.36,MAG_ERROR,-171.18,GYRO_Z,0.125,RW_CMD,0
TM,EST_RAW,34.36,EST_FILTERED,34.36,EST_ANGLE,34.33,EST_FILTER,ON,EST_FILTER_TYPE,MOVING_AVERAGE,EST_MA_WINDOW,1,EST_FILTER_STRENGTH,0.35
TM,EST_FUSION,ON,EST_GYRO_WEIGHT,0.98,EST_VALID,1
TM,SUN_L,3592,SUN_R,3186,SUN_NDV,0.0599,SUN_ANGLE,34.44
TM,MAG_X,-7.94,MAG_Y,1.31,MAG_Z,-18.26,MAG_HEADING,170.61
TM,GYRO_X,-1.024,GYRO_Y,-2.564,GYRO_Z,-0.093,BODY_RATE,0.093
TM,ADCS_MODE,MANUAL,ADCS_REFERENCE,SUN,TARGET,0.00,POINTING_ERROR,-34.34,SUN_ERROR,-34.39,MAG_ERROR,-170.61,GYRO_Z,-0.216,RW_CMD,0
TM,EST_RAW,34.39,EST_FILTERED,34.39,EST_ANGLE,34.34,EST_FILTER,ON,EST_FILTER_TYPE,MOVING_AVERAGE,EST_MA_WINDOW,1,EST_FILTER_STRENGTH,0.35
TM,EST_FUSION,ON,EST_GYRO_WEIGHT,0.98,EST_VALID,1
TM,SUN_L,3594,SUN_R,3187,SUN_NDV,0.0600,SUN_ANGLE,34.34
TM,MAG_X,-7.70,MAG_Y,1.30,MAG_Z,-18.21,MAG_HEADING,170.44
TM,GYRO_X,-0.866,GYRO_Y,-2.398,GYRO_Z,0.012,BODY_RATE,-0.012
TM,ADCS_MODE,MANUAL,ADCS_REFERENCE,SUN,TARGET,0.00,POINTING_ERROR,-34.36,SUN_ERROR,-34.39,MAG_ERROR,-171.25,GYRO_Z,-0.085,RW_CMD,0
TM,EST_RAW,34.39,EST_FILTERED,34.39,EST_ANGLE,34.36,EST_FILTER,ON,EST_FILTER_TYPE,MOVING_AVERAGE,EST_MA_WINDOW,1,EST_FILTER_STRENGTH,0.35
TM,EST_FUSION,ON,EST_GYRO_WEIGHT,0.98,EST_VALID,1
TM,SUN_L,3594,SUN_R,3186,SUN_NDV,0.0602,SUN_ANGLE,34.48
TM,MAG_X,-7.90,MAG_Y,1.22,MAG_Z,-18.27,MAG_HEADING,171.25
TM,GYRO_X,-1.076,GYRO_Y,-2.336,GYRO_Z,0.012,BODY_RATE,-0.012
TM,ADCS_MODE,MANUAL,ADCS_REFERENCE,SUN,TARGET,0.00,POINTING_ERROR,-34.38,SUN_ERROR,-34.34,MAG_ERROR,-170.21,GYRO_Z,-0.076,RW_CMD,0
TM,EST_RAW,34.34,EST_FILTERED,34.34,EST_ANGLE,34.38,EST_FILTER,ON,EST_FILTER_TYPE,MOVING_AVERAGE,EST_MA_WINDOW,1,EST_FILTER_STRENGTH,0.35
TM,EST_FUSION,ON,EST_GYRO_WEIGHT,0.98,EST_VALID,1
TM,SUN_L,3593,SUN_R,3185,SUN_NDV,0.0602,SUN_ANGLE,34.52
TM,MAG_X,-7.79,MAG_Y,1.34,MAG_Z,-18.35,MAG_HEADING,170.21
TM,GYRO_X,-1.015,GYRO_Y,-2.196,GYRO_Z,0.318,BODY_RATE,-0.318
TM,SUN_L,3594,SUN_R,3188,SUN_NDV,0.0599,SUN_ANGLE,34.36
TM,MAG_X,-7.90,MAG_Y,1.28,MAG_Z,-18.26,MAG_HEADING,170.80
TM,GYRO_X,-0.866,GYRO_Y,-2.223,GYRO_Z,0.204,BODY_RATE,-0.204
TM,ADCS_MODE,MANUAL,ADCS_REFERENCE,SUN,TARGET,0.00,POINTING_ERROR,-34.38,SUN_ERROR,-34.36,MAG_ERROR,-170.80,GYRO_Z,0.169,RW_CMD,0
TM,EST_RAW,34.36,EST_FILTERED,34.36,EST_ANGLE,34.38,EST_FILTER,ON,EST_FILTER_TYPE,MOVING_AVERAGE,EST_MA_WINDOW,1,EST_FILTER_STRENGTH,0.35
TM,EST_FUSION,ON,EST_GYRO_WEIGHT,0.98,EST_VALID,1
TM,SUN_L,3593,SUN_R,3187,SUN_NDV,0.0599,SUN_ANGLE,34.42
TM,MAG_X,-8.10,MAG_Y,1.28,MAG_Z,-18.29,MAG_HEADING,171.02
TM,GYRO_X,-0.796,GYRO_Y,-2.467,GYRO_Z,-0.076,BODY_RATE,0.076
TM,ADCS_MODE,MANUAL,ADCS_REFERENCE,SUN,TARGET,0.00,POINTING_ERROR,-34.38,SUN_ERROR,-34.44,MAG_ERROR,-171.02,GYRO_Z,0.152,RW_CMD,0
TM,EST_RAW,34.44,EST_FILTERED,34.44,EST_ANGLE,34.38,EST_FILTER,ON,EST_FILTER_TYPE,MOVING_AVERAGE,EST_MA_WINDOW,1,EST_FILTER_STRENGTH,0.35
TM,EST_FUSION,ON,EST_GYRO_WEIGHT,0.98,EST_VALID,1
TM,SUN_L,3595,SUN_R,3185,SUN_NDV,0.0605,SUN_ANGLE,34.42
TM,MAG_X,-7.81,MAG_Y,1.38,MAG_Z,-18.26,MAG_HEADING,170.01
TM,GYRO_X,-0.709,GYRO_Y,-2.293,GYRO_Z,-0.128,BODY_RATE,0.128
TM,ADCS_MODE,MANUAL,ADCS_REFERENCE,SUN,TARGET,0.00,POINTING_ERROR,-34.42,SUN_ERROR,-34.39,MAG_ERROR,-170.35,GYRO_Z,0.064,RW_CMD,0
TM,EST_RAW,34.39,EST_FILTERED,34.39,EST_ANGLE,34.42,EST_FILTER,ON,EST_FILTER_TYPE,MOVING_AVERAGE,EST_MA_WINDOW,1,EST_FILTER_STRENGTH,0.35
TM,EST_FUSION,ON,EST_GYRO_WEIGHT,0.98,EST_VALID,1
TM,SUN_L,3594,SUN_R,3187,SUN_NDV,0.0600,SUN_ANGLE,34.34
TM,MAG_X,-7.87,MAG_Y,1.31,MAG_Z,-18.24,MAG_HEADING,170.54
TM,GYRO_X,-1.164,GYRO_Y,-2.380,GYRO_Z,0.204,BODY_RATE,-0.204
TM,ADCS_MODE,MANUAL,ADCS_REFERENCE,SUN,TARGET,0.00,POINTING_ERROR,-34.41,SUN_ERROR,-34.44,MAG_ERROR,-170.96,GYRO_Z,-0.050,RW_CMD,0
TM,EST_RAW,34.44,EST_FILTERED,34.44,EST_ANGLE,34.41,EST_FILTER,ON,EST_FILTER_TYPE,MOVING_AVERAGE,EST_MA_WINDOW,1,EST_FILTER_STRENGTH,0.35
TM,EST_FUSION,ON,EST_GYRO_WEIGHT,0.98,EST_VALID,1
TM,SUN_L,3595,SUN_R,3187,SUN_NDV,0.0602,SUN_ANGLE,34.39
TM,MAG_X,-7.84,MAG_Y,1.25,MAG_Z,-18.21,MAG_HEADING,170.96
TM,GYRO_X,-1.190,GYRO_Y,-2.249,GYRO_Z,-0.032,BODY_RATE,0.032
TM,SUN_L,3594,SUN_R,3187,SUN_NDV,0.0600,SUN_ANGLE,34.38
TM,MAG_X,-7.82,MAG_Y,1.15,MAG_Z,-18.30,MAG_HEADING,171.62
TM,GYRO_X,-1.041,GYRO_Y,-2.249,GYRO_Z,-0.085,BODY_RATE,0.085
TM,ADCS_MODE,MANUAL,ADCS_REFERENCE,SUN,TARGET,0.00,POINTING_ERROR,-34.40,SUN_ERROR,-34.38,MAG_ERROR,-171.62,GYRO_Z,-0.085,RW_CMD,0
TM,EST_RAW,34.38,EST_FILTERED,34.38,EST_ANGLE,34.40,EST_FILTER,ON,EST_FILTER_TYPE,MOVING_AVERAGE,EST_MA_WINDOW,1,EST_FILTER_STRENGTH,0.35
TM,EST_FUSION,ON,EST_GYRO_WEIGHT,0.98,EST_VALID,1
TM,SUN_L,3594,SUN_R,3187,SUN_NDV,0.0600,SUN_ANGLE,34.36
TM,MAG_X,-7.82,MAG_Y,1.20,MAG_Z,-18.22,MAG_HEADING,171.28
TM,GYRO_X,-0.901,GYRO_Y,-2.520,GYRO_Z,-0.050,BODY_RATE,0.050
TM,ADCS_MODE,MANUAL,ADCS_REFERENCE,SUN,TARGET,0.00,POINTING_ERROR,-34.39,SUN_ERROR,-34.67,MAG_ERROR,-170.71,GYRO_Z,0.125,RW_CMD,0
TM,EST_RAW,34.67,EST_FILTERED,34.67,EST_ANGLE,34.39,EST_FILTER,ON,EST_FILTER_TYPE,MOVING_AVERAGE,EST_MA_WINDOW,1,EST_FILTER_STRENGTH,0.35
TM,EST_FUSION,ON,EST_GYRO_WEIGHT,0.98,EST_VALID,1
TM,SUN_L,3595,SUN_R,3185,SUN_NDV,0.0605,SUN_ANGLE,34.40
TM,MAG_X,-7.81,MAG_Y,1.31,MAG_Z,-18.26,MAG_HEADING,170.46
TM,GYRO_X,-0.840,GYRO_Y,-2.152,GYRO_Z,0.248,BODY_RATE,-0.248
TM,ADCS_MODE,MANUAL,ADCS_REFERENCE,SUN,TARGET,0.00,POINTING_ERROR,-34.38,SUN_ERROR,-34.38,MAG_ERROR,-170.46,GYRO_Z,0.029,RW_CMD,0
TM,EST_RAW,34.38,EST_FILTERED,34.38,EST_ANGLE,34.38,EST_FILTER,ON,EST_FILTER_TYPE,MOVING_AVERAGE,EST_MA_WINDOW,1,EST_FILTER_STRENGTH,0.35
TM,EST_FUSION,ON,EST_GYRO_WEIGHT,0.98,EST_VALID,1
TM,SUN_L,3595,SUN_R,3186,SUN_NDV,0.0603,SUN_ANGLE,34.32
TM,MAG_X,-7.87,MAG_Y,1.25,MAG_Z,-18.27,MAG_HEADING,170.99
TM,GYRO_X,-0.989,GYRO_Y,-2.047,GYRO_Z,-0.023,BODY_RATE,0.023
TM,ADCS_MODE,MANUAL,ADCS_REFERENCE,SUN,TARGET,0.00,POINTING_ERROR,-34.38,SUN_ERROR,-34.43,MAG_ERROR,-170.79,GYRO_Z,-0.321,RW_CMD,0
TM,EST_RAW,34.43,EST_FILTERED,34.43,EST_ANGLE,34.38,EST_FILTER,ON,EST_FILTER_TYPE,MOVING_AVERAGE,EST_MA_WINDOW,1,EST_FILTER_STRENGTH,0.35
TM,EST_FUSION,ON,EST_GYRO_WEIGHT,0.98,EST_VALID,1
TM,SUN_L,3594,SUN_R,3186,SUN_NDV,0.0602,SUN_ANGLE,34.43
TM,MAG_X,-7.70,MAG_Y,1.25,MAG_Z,-18.29,MAG_HEADING,170.79
TM,GYRO_X,-0.998,GYRO_Y,-2.091,GYRO_Z,-0.181,BODY_RATE,0.181
TM,SUN_L,3593,SUN_R,3187,SUN_NDV,0.0599,SUN_ANGLE,34.43
TM,MAG_X,-7.79,MAG_Y,1.39,MAG_Z,-18.35,MAG_HEADING,169.87
TM,GYRO_X,-0.945,GYRO_Y,-2.284,GYRO_Z,0.012,BODY_RATE,-0.012
TM,ADCS_MODE,MANUAL,ADCS_REFERENCE,SUN,TARGET,0.00,POINTING_ERROR,-34.39,SUN_ERROR,-34.42,MAG_ERROR,-169.87,GYRO_Z,0.012,RW_CMD,0
TM,EST_RAW,34.42,EST_FILTERED,34.42,EST_ANGLE,34.39,EST_FILTER,ON,EST_FILTER_TYPE,MOVING_AVERAGE,EST_MA_WINDOW,1,EST_FILTER_STRENGTH,0.35
TM,EST_FUSION,ON,EST_GYRO_WEIGHT,0.98,EST_VALID,1
TM,SUN_L,3594,SUN_R,3187,SUN_NDV,0.0600,SUN_ANGLE,34.39
TM,MAG_X,-7.78,MAG_Y,1.31,MAG_Z,-18.34,MAG_HEADING,170.42
TM,GYRO_X,-0.954,GYRO_Y,-2.336,GYRO_Z,0.012,BODY_RATE,-0.012
TM,ADCS_MODE,MANUAL,ADCS_REFERENCE,SUN,TARGET,0.00,POINTING_ERROR,-34.38,SUN_ERROR,-34.38,MAG_ERROR,-170.42,GYRO_Z,0.222,RW_CMD,0
TM,EST_RAW,34.38,EST_FILTERED,34.38,EST_ANGLE,34.38,EST_FILTER,ON,EST_FILTER_TYPE,MOVING_AVERAGE,EST_MA_WINDOW,1,EST_FILTER_STRENGTH,0.35
TM,EST_FUSION,ON,EST_GYRO_WEIGHT,0.98,EST_VALID,1
TM,SUN_L,3594,SUN_R,3188,SUN_NDV,0.0599,SUN_ANGLE,34.38
TM,MAG_X,-7.92,MAG_Y,1.26,MAG_Z,-18.27,MAG_HEADING,170.93
TM,GYRO_X,-0.744,GYRO_Y,-2.642,GYRO_Z,0.099,BODY_RATE,-0.099
TM,ADCS_MODE,MANUAL,ADCS_REFERENCE,SUN,TARGET,0.00,POINTING_ERROR,-34.38,SUN_ERROR,-34.43,MAG_ERROR,-171.29,GYRO_Z,-0.198,RW_CMD,0
TM,EST_RAW,34.43,EST_FILTERED,34.43,EST_ANGLE,34.38,EST_FILTER,ON,EST_FILTER_TYPE,MOVING_AVERAGE,EST_MA_WINDOW,1,EST_FILTER_STRENGTH,0.35
TM,EST_FUSION,ON,EST_GYRO_WEIGHT,0.98,EST_VALID,1
TM,SUN_L,3594,SUN_R,3187,SUN_NDV,0.0600,SUN_ANGLE,34.38
TM,MAG_X,-8.14,MAG_Y,1.25,MAG_Z,-18.34,MAG_HEADING,171.29
TM,GYRO_X,-1.015,GYRO_Y,-2.249,GYRO_Z,0.222,BODY_RATE,-0.222
TM,ADCS_MODE,MANUAL,ADCS_REFERENCE,SUN,TARGET,0.00,POINTING_ERROR,-34.40,SUN_ERROR,-34.35,MAG_ERROR,-170.58,GYRO_Z,-0.015,RW_CMD,0
TM,EST_RAW,34.35,EST_FILTERED,34.35,EST_ANGLE,34.40,EST_FILTER,ON,EST_FILTER_TYPE,MOVING_AVERAGE,EST_MA_WINDOW,1,EST_FILTER_STRENGTH,0.35
TM,EST_FUSION,ON,EST_GYRO_WEIGHT,0.98,EST_VALID,1
TM,SUN_L,3594,SUN_R,3187,SUN_NDV,0.0600,SUN_ANGLE,34.47
TM,MAG_X,-7.90,MAG_Y,1.34,MAG_Z,-18.38,MAG_HEADING,170.35
TM,GYRO_X,-1.006,GYRO_Y,-2.231,GYRO_Z,0.125,BODY_RATE,-0.125
TM,SUN_L,3593,SUN_R,3184,SUN_NDV,0.0604,SUN_ANGLE,34.38
TM,MAG_X,-7.81,MAG_Y,1.20,MAG_Z,-18.35,MAG_HEADING,171.26
TM,GYRO_X,-0.971,GYRO_Y,-2.301,GYRO_Z,-0.102,BODY_RATE,0.102
TM,ADCS_MODE,MANUAL,ADCS_REFERENCE,SUN,TARGET,0.00,POINTING_ERROR,-34.40,SUN_ERROR,-34.38,MAG_ERROR,-171.26,GYRO_Z,-0.102,RW_CMD,0
TM,EST_RAW,34.38,EST_FILTERED,34.38,EST_ANGLE,34.40,EST_FILTER,ON,EST_FILTER_TYPE,MOVING_AVERAGE,EST_MA_WINDOW,1,EST_FILTER_STRENGTH,0.35
TM,EST_FUSION,ON,EST_GYRO_WEIGHT,0.98,EST_VALID,1
TM,SUN_L,3595,SUN_R,3186,SUN_NDV,0.0603,SUN_ANGLE,34.40
TM,MAG_X,-7.76,MAG_Y,1.36,MAG_Z,-18.24,MAG_HEADING,170.06
TM,GYRO_X,-1.094,GYRO_Y,-2.240,GYRO_Z,0.152,BODY_RATE,-0.152
TM,ADCS_MODE,MANUAL,ADCS_REFERENCE,SUN,TARGET,0.00,POINTING_ERROR,-34.41,SUN_ERROR,-34.45,MAG_ERROR,-170.06,GYRO_Z,0.117,RW_CMD,0
TM,EST_RAW,34.45,EST_FILTERED,34.45,EST_ANGLE,34.41,EST_FILTER,ON,EST_FILTER_TYPE,MOVING_AVERAGE,EST_MA_WINDOW,1,EST_FILTER_STRENGTH,0.35
TM,EST_FUSION,ON,EST_GYRO_WEIGHT,0.98,EST_VALID,1
TM,SUN_L,3594,SUN_R,3184,SUN_NDV,0.0605,SUN_ANGLE,34.47
TM,MAG_X,-7.79,MAG_Y,1.33,MAG_Z,-18.40,MAG_HEADING,170.33
TM,GYRO_X,-0.998,GYRO_Y,-2.223,GYRO_Z,0.020,BODY_RATE,-0.020
TM,ADCS_MODE,MANUAL,ADCS_REFERENCE,SUN,TARGET,0.00,POINTING_ERROR,-34.43,SUN_ERROR,-34.45,MAG_ERROR,-170.14,GYRO_Z,0.073,RW_CMD,0
TM,EST_RAW,34.45,EST_FILTERED,34.45,EST_ANGLE,34.43,EST_FILTER,ON,EST_FILTER_TYPE,MOVING_AVERAGE,EST_MA_WINDOW,1,EST_FILTER_STRENGTH,0.35
TM,EST_FUSION,ON,EST_GYRO_WEIGHT,0.98,EST_VALID,1
TM,SUN_L,3594,SUN_R,3187,SUN_NDV,0.0600,SUN_ANGLE,34.40
TM,MAG_X,-7.82,MAG_Y,1.25,MAG_Z,-18.30,MAG_HEADING,170.94
TM,GYRO_X,-1.085,GYRO_Y,-2.336,GYRO_Z,-0.023,BODY_RATE,0.023
TM,ADCS_MODE,MANUAL,ADCS_REFERENCE,SUN,TARGET,0.00,POINTING_ERROR,-34.42,SUN_ERROR,-34.36,MAG_ERROR,-170.79,GYRO_Z,0.047,RW_CMD,0
TM,EST_RAW,34.36,EST_FILTERED,34.36,EST_ANGLE,34.42,EST_FILTER,ON,EST_FILTER_TYPE,MOVING_AVERAGE,EST_MA_WINDOW,1,EST_FILTER_STRENGTH,0.35
TM,EST_FUSION,ON,EST_GYRO_WEIGHT,0.98,EST_VALID,1
TM,SUN_L,3592,SUN_R,3185,SUN_NDV,0.0601,SUN_ANGLE,34.41
TM,MAG_X,-7.79,MAG_Y,1.26,MAG_Z,-18.43,MAG_HEADING,170.79
TM,GYRO_X,-1.050,GYRO_Y,-2.240,GYRO_Z,-0.111,BODY_RATE,0.111
TM,SUN_L,3596,SUN_R,3188,SUN_NDV,0.0601,SUN_ANGLE,34.37
TM,MAG_X,-7.92,MAG_Y,1.25,MAG_Z,-18.45,MAG_HEADING,171.05
TM,GYRO_X,-1.146,GYRO_Y,-2.389,GYRO_Z,-0.356,BODY_RATE,0.356
TM,ADCS_MODE,MANUAL,ADCS_REFERENCE,SUN,TARGET,0.00,POINTING_ERROR,-34.43,SUN_ERROR,-34.50,MAG_ERROR,-171.05,GYRO_Z,-0.321,RW_CMD,0
TM,EST_RAW,34.50,EST_FILTERED,34.50,EST_ANGLE,34.43,EST_FILTER,ON,EST_FILTER_TYPE,MOVING_AVERAGE,EST_MA_WINDOW,1,EST_FILTER_STRENGTH,0.35
TM,EST_FUSION,ON,EST_GYRO_WEIGHT,0.98,EST_VALID,1
TM,SUN_L,3595,SUN_R,3189,SUN_NDV,0.0598,SUN_ANGLE,34.34
TM,MAG_X,-7.81,MAG_Y,1.36,MAG_Z,-18.27,MAG_HEADING,170.12
TM,GYRO_X,-0.980,GYRO_Y,-1.951,GYRO_Z,-0.321,BODY_RATE,0.321
TM,ADCS_MODE,MANUAL,ADCS_REFERENCE,SUN,TARGET,0.00,POINTING_ERROR,-34.42,SUN_ERROR,-34.39,MAG_ERROR,-170.88,GYRO_Z,-0.890,RW_CMD,0
TM,EST_RAW,34.39,EST_FILTERED,34.39,EST_ANGLE,34.42,EST_FILTER,ON,EST_FILTER_TYPE,MOVING_AVERAGE,EST_MA_WINDOW,1,EST_FILTER_STRENGTH,0.35
TM,EST_FUSION,ON,EST_GYRO_WEIGHT,0.98,EST_VALID,1
TM,SUN_L,3595,SUN_R,3187,SUN_NDV,0.0602,SUN_ANGLE,34.33
TM,MAG_X,-7.78,MAG_Y,1.36,MAG_Z,-18.16,MAG_HEADING,170.08
TM,GYRO_X,-1.111,GYRO_Y,-2.249,GYRO_Z,0.475,BODY_RATE,-0.475
TM,ADCS_MODE,MANUAL,ADCS_REFERENCE,SUN,TARGET,0.00,POINTING_ERROR,-34.39,SUN_ERROR,-34.48,MAG_ERROR,-170.08,GYRO_Z,-0.207,RW_CMD,0
TM,EST_RAW,34.48,EST_FILTERED,34.48,EST_ANGLE,34.39,EST_FILTER,ON,EST_FILTER_TYPE,MOVING_AVERAGE,EST_MA_WINDOW,1,EST_FILTER_STRENGTH,0.35
TM,EST_FUSION,ON,EST_GYRO_WEIGHT,0.98,EST_VALID,1
TM,SUN_L,3594,SUN_R,3187,SUN_NDV,0.0600,SUN_ANGLE,34.26
TM,MAG_X,-7.95,MAG_Y,1.26,MAG_Z,-18.26,MAG_HEADING,170.97
TM,GYRO_X,-1.199,GYRO_Y,-2.205,GYRO_Z,-0.093,BODY_RATE,0.093
TM,ADCS_MODE,MANUAL,ADCS_REFERENCE,SUN,TARGET,0.00,POINTING_ERROR,-34.39,SUN_ERROR,-34.49,MAG_ERROR,-170.73,GYRO_Z,-0.111,RW_CMD,0
TM,EST_RAW,34.49,EST_FILTERED,34.49,EST_ANGLE,34.39,EST_FILTER,ON,EST_FILTER_TYPE,MOVING_AVERAGE,EST_MA_WINDOW,1,EST_FILTER_STRENGTH,0.35
TM,EST_FUSION,ON,EST_GYRO_WEIGHT,0.98,EST_VALID,1
TM,SUN_L,3592,SUN_R,3186,SUN_NDV,0.0599,SUN_ANGLE,34.55
TM,MAG_X,-7.94,MAG_Y,1.30,MAG_Z,-18.38,MAG_HEADING,170.73
TM,GYRO_X,-1.094,GYRO_Y,-2.406,GYRO_Z,-0.093,BODY_RATE,0.093
TM,SUN_L,3595,SUN_R,3188,SUN_NDV,0.0600,SUN_ANGLE,34.39
TM,MAG_X,-7.76,MAG_Y,1.20,MAG_Z,-18.34,MAG_HEADING,171.21
TM,GYRO_X,-0.962,GYRO_Y,-2.485,GYRO_Z,-0.041,BODY_RATE,0.041
TM,ADCS_MODE,MANUAL,ADCS_REFERENCE,SUN,TARGET,0.00,POINTING_ERROR,-34.39,SUN_ERROR,-34.39,MAG_ERROR,-171.21,GYRO_Z,-0.041,RW_CMD,0
TM,EST_RAW,34.39,EST_FILTERED,34.39,EST_ANGLE,34.39,EST_FILTER,ON,EST_FILTER_TYPE,MOVING_AVERAGE,EST_MA_WINDOW,1,EST_FILTER_STRENGTH,0.35
TM,EST_FUSION,ON,EST_GYRO_WEIGHT,0.98,EST_VALID,1
TM,SUN_L,3595,SUN_R,3188,SUN_NDV,0.0600,SUN_ANGLE,34.37
TM,MAG_X,-7.82,MAG_Y,1.25,MAG_Z,-18.45,MAG_HEADING,170.94
TM,GYRO_X,-1.242,GYRO_Y,-2.328,GYRO_Z,0.178,BODY_RATE,-0.178
TM,ADCS_MODE,MANUAL,ADCS_REFERENCE,SUN,TARGET,0.00,POINTING_ERROR,-34.38,SUN_ERROR,-34.33,MAG_ERROR,-170.94,GYRO_Z,0.055,RW_CMD,0
TM,EST_RAW,34.33,EST_FILTERED,34.33,EST_ANGLE,34.38,EST_FILTER,ON,EST_FILTER_TYPE,MOVING_AVERAGE,EST_MA_WINDOW,1,EST_FILTER_STRENGTH,0.35
TM,EST_FUSION,ON,EST_GYRO_WEIGHT,0.98,EST_VALID,1
TM,SUN_L,3595,SUN_R,3187,SUN_NDV,0.0602,SUN_ANGLE,34.31
TM,MAG_X,-7.86,MAG_Y,1.30,MAG_Z,-18.21,MAG_HEADING,170.63
TM,GYRO_X,-0.936,GYRO_Y,-2.450,GYRO_Z,0.432,BODY_RATE,-0.432
TM,ADCS_MODE,MANUAL,ADCS_REFERENCE,SUN,TARGET,0.00,POINTING_ERROR,-34.37,SUN_ERROR,-34.32,MAG_ERROR,-170.41,GYRO_Z,-0.137,RW_CMD,0
TM,EST_RAW,34.32,EST_FILTERED,34.32,EST_ANGLE,34.37,EST_FILTER,ON,EST_FILTER_TYPE,MOVING_AVERAGE,EST_MA_WINDOW,1,EST_FILTER_STRENGTH,0.35
TM,EST_FUSION,ON,EST_GYRO_WEIGHT,0.98,EST_VALID,1
TM,SUN_L,3594,SUN_R,3187,SUN_NDV,0.0600,SUN_ANGLE,34.34
TM,MAG_X,-7.86,MAG_Y,1.33,MAG_Z,-18.18,MAG_HEADING,170.41
TM,GYRO_X,-1.155,GYRO_Y,-1.925,GYRO_Z,0.230,BODY_RATE,-0.230
TM,ADCS_MODE,MANUAL,ADCS_REFERENCE,SUN,TARGET,0.00,POINTING_ERROR,-34.37,SUN_ERROR,-34.42,MAG_ERROR,-171.09,GYRO_Z,-0.006,RW_CMD,0
TM,EST_RAW,34.42,EST_FILTERED,34.42,EST_ANGLE,34.37,EST_FILTER,ON,EST_FILTER_TYPE,MOVING_AVERAGE,EST_MA_WINDOW,1,EST_FILTER_STRENGTH,0.35
TM,EST_FUSION,ON,EST_GYRO_WEIGHT,0.98,EST_VALID,1
TM,SUN_L,3595,SUN_R,3188,SUN_NDV,0.0600,SUN_ANGLE,34.31
TM,MAG_X,-7.82,MAG_Y,1.31,MAG_Z,-18.46,MAG_HEADING,170.48
TM,GYRO_X,-0.989,GYRO_Y,-2.223,GYRO_Z,0.012,BODY_RATE,-0.012
TM,SUN_L,3595,SUN_R,3185,SUN_NDV,0.0605,SUN_ANGLE,34.31
TM,MAG_X,-7.81,MAG_Y,1.15,MAG_Z,-18.42,MAG_HEADING,171.61
TM,GYRO_X,-1.173,GYRO_Y,-2.240,GYRO_Z,0.213,BODY_RATE,-0.213
TM,ADCS_MODE,MANUAL,ADCS_REFERENCE,SUN,TARGET,0.00,POINTING_ERROR,-34.38,SUN_ERROR,-34.38,MAG_ERROR,-171.61,GYRO_Z,0.213,RW_CMD,0
TM,EST_RAW,34.38,EST_FILTERED,34.38,EST_ANGLE,34.38,EST_FILTER,ON,EST_FILTER_TYPE,MOVING_AVERAGE,EST_MA_WINDOW,1,EST_FILTER_STRENGTH,0.35
TM,EST_FUSION,ON,EST_GYRO_WEIGHT,0.98,EST_VALID,1
TM,SUN_L,3595,SUN_R,3187,SUN_NDV,0.0602,SUN_ANGLE,34.31
TM,MAG_X,-7.86,MAG_Y,1.12,MAG_Z,-18.43,MAG_HEADING,171.89
TM,GYRO_X,-0.954,GYRO_Y,-2.179,GYRO_Z,0.108,BODY_RATE,-0.108
TM,ADCS_MODE,MANUAL,ADCS_REFERENCE,SUN,TARGET,0.00,POINTING_ERROR,-34.36,SUN_ERROR,-34.33,MAG_ERROR,-170.88,GYRO_Z,0.047,RW_CMD,0
TM,EST_RAW,34.33,EST_FILTERED,34.33,EST_ANGLE,34.36,EST_FILTER,ON,EST_FILTER_TYPE,MOVING_AVERAGE,EST_MA_WINDOW,1,EST_FILTER_STRENGTH,0.35
TM,EST_FUSION,ON,EST_GYRO_WEIGHT,0.98,EST_VALID,1
TM,SUN_L,3595,SUN_R,3188,SUN_NDV,0.0600,SUN_ANGLE,34.34
TM,MAG_X,-7.87,MAG_Y,1.34,MAG_Z,-18.18,MAG_HEADING,170.31
TM,GYRO_X,-0.866,GYRO_Y,-2.196,GYRO_Z,0.265,BODY_RATE,-0.265
TM,ADCS_MODE,MANUAL,ADCS_REFERENCE,SUN,TARGET,0.00,POINTING_ERROR,-34.36,SUN_ERROR,-34.32,MAG_ERROR,-170.31,GYRO_Z,-0.076,RW_CMD,0
TM,EST_RAW,34.32,EST_FILTERED,34.32,EST_ANGLE,34.36,EST_FILTER,ON,EST_FILTER_TYPE,MOVING_AVERAGE,EST_MA_WINDOW,1,EST_FILTER_STRENGTH,0.35
TM,EST_FUSION,ON,EST_GYRO_WEIGHT,0.98,EST_VALID,1
TM,SUN_L,3595,SUN_R,3188,SUN_NDV,0.0600,SUN_ANGLE,34.32
TM,MAG_X,-7.74,MAG_Y,1.30,MAG_Z,-18.53,MAG_HEADING,170.50
TM,GYRO_X,-0.770,GYRO_Y,-2.293,GYRO_Z,0.055,BODY_RATE,-0.055
TM,ADCS_MODE,MANUAL,ADCS_REFERENCE,SUN,TARGET,0.00,POINTING_ERROR,-34.36,SUN_ERROR,-34.30,MAG_ERROR,-169.78,GYRO_Z,-0.085,RW_CMD,0
TM,EST_RAW,34.30,EST_FILTERED,34.30,EST_ANGLE,34.36,EST_FILTER,ON,EST_FILTER_TYPE,MOVING_AVERAGE,EST_MA_WINDOW,1,EST_FILTER_STRENGTH,0.35
TM,EST_FUSION,ON,EST_GYRO_WEIGHT,0.98,EST_VALID,1
TM,SUN_L,3596,SUN_R,3187,SUN_NDV,0.0603,SUN_ANGLE,34.31
TM,MAG_X,-7.81,MAG_Y,1.41,MAG_Z,-18.46,MAG_HEADING,169.78
TM,GYRO_X,-1.164,GYRO_Y,-2.144,GYRO_Z,0.152,BODY_RATE,-0.152
TM,SUN_L,3595,SUN_R,3187,SUN_NDV,0.0602,SUN_ANGLE,34.41
TM,MAG_X,-7.86,MAG_Y,1.25,MAG_Z,-18.42,MAG_HEADING,170.97
TM,GYRO_X,-0.875,GYRO_Y,-2.398,GYRO_Z,-0.050,BODY_RATE,0.050
TM,ADCS_MODE,MANUAL,ADCS_REFERENCE,SUN,TARGET,0.00,POINTING_ERROR,-34.36,SUN_ERROR,-34.41,MAG_ERROR,-170.97,GYRO_Z,-0.050,RW_CMD,0
TM,EST_RAW,34.41,EST_FILTERED,34.41,EST_ANGLE,34.36,EST_FILTER,ON,EST_FILTER_TYPE,MOVING_AVERAGE,EST_MA_WINDOW,1,EST_FILTER_STRENGTH,0.35
TM,EST_FUSION,ON,EST_GYRO_WEIGHT,0.98,EST_VALID,1
TM,SUN_L,3595,SUN_R,3187,SUN_NDV,0.0602,SUN_ANGLE,34.32
TM,MAG_X,-7.89,MAG_Y,1.31,MAG_Z,-18.53,MAG_HEADING,170.56
TM,GYRO_X,-1.050,GYRO_Y,-2.371,GYRO_Z,-0.041,BODY_RATE,0.041
TM,ADCS_MODE,MANUAL,ADCS_REFERENCE,SUN,TARGET,0.00,POINTING_ERROR,-34.38,SUN_ERROR,-34.35,MAG_ERROR,-170.56,GYRO_Z,0.029,RW_CMD,0
TM,EST_RAW,34.35,EST_FILTERED,34.35,EST_ANGLE,34.38,EST_FILTER,ON,EST_FILTER_TYPE,MOVING_AVERAGE,EST_MA_WINDOW,1,EST_FILTER_STRENGTH,0.35
TM,EST_FUSION,ON,EST_GYRO_WEIGHT,0.98,EST_VALID,1
TM,SUN_L,3594,SUN_R,3185,SUN_NDV,0.0603,SUN_ANGLE,34.50
TM,MAG_X,-7.94,MAG_Y,1.54,MAG_Z,-18.48,MAG_HEADING,169.05
TM,GYRO_X,-1.059,GYRO_Y,-2.424,GYRO_Z,-0.181,BODY_RATE,0.181
TM,ADCS_MODE,MANUAL,ADCS_REFERENCE,SUN,TARGET,0.00,POINTING_ERROR,-34.38,SUN_ERROR,-34.42,MAG_ERROR,-169.65,GYRO_Z,0.283,RW_CMD,0
TM,EST_RAW,34.42,EST_FILTERED,34.42,EST_ANGLE,34.38,EST_FILTER,ON,EST_FILTER_TYPE,MOVING_AVERAGE,EST_MA_WINDOW,1,EST_FILTER_STRENGTH,0.35
TM,EST_FUSION,ON,EST_GYRO_WEIGHT,0.98,EST_VALID,1
TM,SUN_L,3595,SUN_R,3187,SUN_NDV,0.0602,SUN_ANGLE,34.45
TM,MAG_X,-7.89,MAG_Y,1.44,MAG_Z,-18.58,MAG_HEADING,169.65
TM,GYRO_X,-0.656,GYRO_Y,-2.240,GYRO_Z,0.029,BODY_RATE,-0.029
TM,ADCS_MODE,MANUAL,ADCS_REFERENCE,SUN,TARGET,0.00,POINTING_ERROR,-34.38,SUN_ERROR,-34.31,MAG_ERROR,-170.01,GYRO_Z,-0.006,RW_CMD,0
TM,EST_RAW,34.31,EST_FILTERED,34.31,EST_ANGLE,34.38,EST_FILTER,ON,EST_FILTER_TYPE,MOVING_AVERAGE,EST_MA_WINDOW,1,EST_FILTER_STRENGTH,0.35
TM,EST_FUSION,ON,EST_GYRO_WEIGHT,0.98,EST_VALID,1
TM,SUN_L,3594,SUN_R,3187,SUN_NDV,0.0600,SUN_ANGLE,34.44
TM,MAG_X,-7.90,MAG_Y,1.39,MAG_Z,-18.56,MAG_HEADING,170.01
TM,GYRO_X,-1.041,GYRO_Y,-2.362,GYRO_Z,-0.093,BODY_RATE,0.093
TM,SUN_L,3596,SUN_R,3188,SUN_NDV,0.0601,SUN_ANGLE,34.37
TM,MAG_X,-7.78,MAG_Y,1.42,MAG_Z,-18.59,MAG_HEADING,169.62
TM,GYRO_X,-0.822,GYRO_Y,-2.249,GYRO_Z,0.038,BODY_RATE,-0.038
TM,ADCS_MODE,MANUAL,ADCS_REFERENCE,SUN,TARGET,0.00,POINTING_ERROR,-34.38,SUN_ERROR,-34.33,MAG_ERROR,-169.62,GYRO_Z,0.012,RW_CMD,0
TM,EST_RAW,34.33,EST_FILTERED,34.33,EST_ANGLE,34.38,EST_FILTER,ON,EST_FILTER_TYPE,MOVING_AVERAGE,EST_MA_WINDOW,1,EST_FILTER_STRENGTH,0.35
TM,EST_FUSION,ON,EST_GYRO_WEIGHT,0.98,EST_VALID,1
TM,SUN_L,3595,SUN_R,3188,SUN_NDV,0.0600,SUN_ANGLE,34.33
TM,MAG_X,-7.94,MAG_Y,1.47,MAG_Z,-18.59,MAG_HEADING,169.49
TM,GYRO_X,-1.207,GYRO_Y,-2.371,GYRO_Z,-0.102,BODY_RATE,0.102
TM,ADCS_MODE,MANUAL,ADCS_REFERENCE,SUN,TARGET,0.00,POINTING_ERROR,-34.36,SUN_ERROR,-34.39,MAG_ERROR,-169.49,GYRO_Z,-0.225,RW_CMD,0
TM,EST_RAW,34.39,EST_FILTERED,34.39,EST_ANGLE,34.36,EST_FILTER,ON,EST_FILTER_TYPE,MOVING_AVERAGE,EST_MA_WINDOW,1,EST_FILTER_STRENGTH,0.35
TM,EST_FUSION,ON,EST_GYRO_WEIGHT,0.98,EST_VALID,1
TM,SUN_L,3594,SUN_R,3186,SUN_NDV,0.0602,SUN_ANGLE,34.32
TM,MAG_X,-7.97,MAG_Y,1.34,MAG_Z,-18.48,MAG_HEADING,170.43
TM,GYRO_X,-0.971,GYRO_Y,-2.362,GYRO_Z,-0.006,BODY_RATE,0.006
TM,ADCS_MODE,MANUAL,ADCS_REFERENCE,SUN,TARGET,0.00,POINTING_ERROR,-34.36,SUN_ERROR,-34.35,MAG_ERROR,-168.91,GYRO_Z,0.152,RW_CMD,0
TM,EST_RAW,34.35,EST_FILTERED,34.35,EST_ANGLE,34.36,EST_FILTER,ON,EST_FILTER_TYPE,MOVING_AVERAGE,EST_MA_WINDOW,1,EST_FILTER_STRENGTH,0.35
TM,EST_FUSION,ON,EST_GYRO_WEIGHT,0.98,EST_VALID,1
TM,SUN_L,3594,SUN_R,3186,SUN_NDV,0.0602,SUN_ANGLE,34.32
TM,MAG_X,-7.90,MAG_Y,1.46,MAG_Z,-18.43,MAG_HEADING,169.56
TM,GYRO_X,-1.085,GYRO_Y,-2.301,GYRO_Z,-0.260,BODY_RATE,0.260
TM,ADCS_MODE,MANUAL,ADCS_REFERENCE,SUN,TARGET,0.00,POINTING_ERROR,-34.37,SUN_ERROR,-34.28,MAG_ERROR,-170.20,GYRO_Z,-0.225,RW_CMD,0
TM,EST_RAW,34.28,EST_FILTERED,34.28,EST_ANGLE,34.37,EST_FILTER,ON,EST_FILTER_TYPE,MOVING_AVERAGE,EST_MA_WINDOW,1,EST_FILTER_STRENGTH,0.35
TM,EST_FUSION,ON,EST_GYRO_WEIGHT,0.98,EST_VALID,1
TM,SUN_L,3594,SUN_R,3187,SUN_NDV,0.0600,SUN_ANGLE,34.20
TM,MAG_X,-7.97,MAG_Y,1.38,MAG_Z,-18.50,MAG_HEADING,170.20
TM,GYRO_X,-1.067,GYRO_Y,-2.004,GYRO_Z,0.204,BODY_RATE,-0.204
TM,SUN_L,3594,SUN_R,3186,SUN_NDV,0.0602,SUN_ANGLE,34.32
TM,MAG_X,-7.87,MAG_Y,1.28,MAG_Z,-18.61,MAG_HEADING,170.76
TM,GYRO_X,-1.059,GYRO_Y,-2.380,GYRO_Z,0.055,BODY_RATE,-0.055
TM,ADCS_MODE,MANUAL,ADCS_REFERENCE,SUN,TARGET,0.00,POINTING_ERROR,-34.37,SUN_ERROR,-34.32,MAG_ERROR,-170.76,GYRO_Z,0.055,RW_CMD,0
TM,EST_RAW,34.32,EST_FILTERED,34.32,EST_ANGLE,34.37,EST_FILTER,ON,EST_FILTER_TYPE,MOVING_AVERAGE,EST_MA_WINDOW,1,EST_FILTER_STRENGTH,0.35
TM,EST_FUSION,ON,EST_GYRO_WEIGHT,0.98,EST_VALID,1
TM,SUN_L,3595,SUN_R,3187,SUN_NDV,0.0602,SUN_ANGLE,34.34
TM,MAG_X,-7.94,MAG_Y,1.34,MAG_Z,-18.54,MAG_HEADING,170.39
TM,GYRO_X,-1.251,GYRO_Y,-2.293,GYRO_Z,-0.006,BODY_RATE,0.006
TM,ADCS_MODE,MANUAL,ADCS_REFERENCE,SUN,TARGET,0.00,POINTING_ERROR,-34.35,SUN_ERROR,-34.35,MAG_ERROR,-170.50,GYRO_Z,0.038,RW_CMD,0
TM,EST_RAW,34.35,EST_FILTERED,34.35,EST_ANGLE,34.35,EST_FILTER,ON,EST_FILTER_TYPE,MOVING_AVERAGE,EST_MA_WINDOW,1,EST_FILTER_STRENGTH,0.35
TM,EST_FUSION,ON,EST_GYRO_WEIGHT,0.98,EST_VALID,1
TM,SUN_L,3595,SUN_R,3188,SUN_NDV,0.0600,SUN_ANGLE,34.41
TM,MAG_X,-7.79,MAG_Y,1.39,MAG_Z,-18.54,MAG_HEADING,169.87
TM,GYRO_X,-1.111,GYRO_Y,-2.065,GYRO_Z,0.187,BODY_RATE,-0.187
TM,ADCS_MODE,MANUAL,ADCS_REFERENCE,SUN,TARGET,0.00,POINTING_ERROR,-34.36,SUN_ERROR,-34.38,MAG_ERROR,-169.87,GYRO_Z,-0.050,RW_CMD,0
TM,EST_RAW,34.38,EST_FILTERED,34.38,EST_ANGLE,34.36,EST_FILTER,ON,EST_FILTER_TYPE,MOVING_AVERAGE,EST_MA_WINDOW,1,EST_FILTER_STRENGTH,0.35
TM,EST_FUSION,ON,EST_GYRO_WEIGHT,0.98,EST_VALID,1
TM,SUN_L,3593,SUN_R,3186,SUN_NDV,0.0600,SUN_ANGLE,34.43
TM,MAG_X,-7.82,MAG_Y,1.30,MAG_Z,-18.40,MAG_HEADING,170.59
TM,GYRO_X,-1.067,GYRO_Y,-2.135,GYRO_Z,0.213,BODY_RATE,-0.213
TM,ADCS_MODE,MANUAL,ADCS_REFERENCE,SUN,TARGET,0.00,POINTING_ERROR,-34.37,SUN_ERROR,-34.41,MAG_ERROR,-170.08,GYRO_Z,-0.076,RW_CMD,0
TM,EST_RAW,34.41,EST_FILTERED,34.41,EST_ANGLE,34.37,EST_FILTER,ON,EST_FILTER_TYPE,MOVING_AVERAGE,EST_MA_WINDOW,1,EST_FILTER_STRENGTH,0.35
TM,EST_FUSION,ON,EST_GYRO_WEIGHT,0.98,EST_VALID,1
TM,SUN_L,3594,SUN_R,3188,SUN_NDV,0.0599,SUN_ANGLE,34.41
TM,MAG_X,-7.78,MAG_Y,1.36,MAG_Z,-18.48,MAG_HEADING,170.08
TM,GYRO_X,-0.796,GYRO_Y,-2.546,GYRO_Z,-0.058,BODY_RATE,0.058
TM,SUN_L,3594,SUN_R,3187,SUN_NDV,0.0600,SUN_ANGLE,34.36
TM,MAG_X,-8.03,MAG_Y,1.34,MAG_Z,-18.24,MAG_HEADING,170.50
TM,GYRO_X,-1.006,GYRO_Y,-2.275,GYRO_Z,-0.102,BODY_RATE,0.102
TM,ADCS_MODE,MANUAL,ADCS_REFERENCE,SUN,TARGET,0.00,POINTING_ERROR,-34.39,SUN_ERROR,-34.36,MAG_ERROR,-171.73,GYRO_Z,-0.102,RW_CMD,0
TM,EST_RAW,34.36,EST_FILTERED,34.36,EST_ANGLE,34.39,EST_FILTER,ON,EST_FILTER_TYPE,MOVING_AVERAGE,EST_MA_WINDOW,1,EST_FILTER_STRENGTH,0.35
TM,EST_FUSION,ON,EST_GYRO_WEIGHT,0.98,EST_VALID,1
TM,SUN_L,3596,SUN_R,3187,SUN_NDV,0.0603,SUN_ANGLE,34.38
TM,MAG_X,-7.87,MAG_Y,1.22,MAG_Z,-18.35,MAG_HEADING,171.22
TM,GYRO_X,-0.892,GYRO_Y,-2.415,GYRO_Z,0.029,BODY_RATE,-0.029
TM,ADCS_MODE,MANUAL,ADCS_REFERENCE,SUN,TARGET,0.00,POINTING_ERROR,-34.38,SUN_ERROR,-34.38,MAG_ERROR,-171.22,GYRO_Z,-0.093,RW_CMD,0
TM,EST_RAW,34.38,EST_FILTERED,34.38,EST_ANGLE,34.38,EST_FILTER,ON,EST_FILTER_TYPE,MOVING_AVERAGE,EST_MA_WINDOW,1,EST_FILTER_STRENGTH,0.35
TM,EST_FUSION,ON,EST_GYRO_WEIGHT,0.98,EST_VALID,1
TM,SUN_L,3596,SUN_R,3188,SUN_NDV,0.0601,SUN_ANGLE,34.45
TM,MAG_X,-7.89,MAG_Y,1.31,MAG_Z,-18.54,MAG_HEADING,170.56
TM,GYRO_X,-1.015,GYRO_Y,-2.310,GYRO_Z,0.090,BODY_RATE,-0.090
TM,ADCS_MODE,MANUAL,ADCS_REFERENCE,SUN,TARGET,0.00,POINTING_ERROR,-34.38,SUN_ERROR,-34.34,MAG_ERROR,-170.25,GYRO_Z,-0.041,RW_CMD,0
TM,EST_RAW,34.34,EST_FILTERED,34.34,EST_ANGLE,34.38,EST_FILTER,ON,EST_FILTER_TYPE,MOVING_AVERAGE,EST_MA_WINDOW,1,EST_FILTER_STRENGTH,0.35
TM,EST_FUSION,ON,EST_GYRO_WEIGHT,0.98,EST_VALID,1
TM,SUN_L,3595,SUN_R,3187,SUN_NDV,0.0602,SUN_ANGLE,34.39
TM,MAG_X,-7.82,MAG_Y,1.34,MAG_Z,-18.54,MAG_HEADING,170.25
TM,GYRO_X,-0.919,GYRO_Y,-2.249,GYRO_Z,-0.155,BODY_RATE,0.155
TM,ADCS_MODE,MANUAL,ADCS_REFERENCE,SUN,TARGET,0.00,POINTING_ERROR,-34.38,SUN_ERROR,-34.39,MAG_ERROR,-170.09,GYRO_Z,0.082,RW_CMD,0
TM,EST_RAW,34.39,EST_FILTERED,34.39,EST_ANGLE,34.38,EST_FILTER,ON,EST_FILTER_TYPE,MOVING_AVERAGE,EST_MA_WINDOW,1,EST_FILTER_STRENGTH,0.35
TM,EST_FUSION,ON,EST_GYRO_WEIGHT,0.98,EST_VALID,1
TM,SUN_L,3595,SUN_R,3188,SUN_NDV,0.0600,SUN_ANGLE,34.35
TM,MAG_X,-7.87,MAG_Y,1.36,MAG_Z,-18.62,MAG_HEADING,170.20
TM,GYRO_X,-0.945,GYRO_Y,-2.389,GYRO_Z,-0.216,BODY_RATE,0.216
TM,SUN_L,3595,SUN_R,3188,SUN_NDV,0.0600,SUN_ANGLE,34.45
TM,MAG_X,-7.92,MAG_Y,1.34,MAG_Z,-18.48,MAG_HEADING,170.37
TM,GYRO_X,-0.892,GYRO_Y,-2.406,GYRO_Z,-0.015,BODY_RATE,0.015
TM,ADCS_MODE,MANUAL,ADCS_REFERENCE,SUN,TARGET,0.00,POINTING_ERROR,-34.38,SUN_ERROR,-34.45,MAG_ERROR,-170.37,GYRO_Z,-0.015,RW_CMD,0
TM,EST_RAW,34.45,EST_FILTERED,34.45,EST_ANGLE,34.38,EST_FILTER,ON,EST_FILTER_TYPE,MOVING_AVERAGE,EST_MA_WINDOW,1,EST_FILTER_STRENGTH,0.35
TM,EST_FUSION,ON,EST_GYRO_WEIGHT,0.98,EST_VALID,1
TM,SUN_L,3595,SUN_R,3189,SUN_NDV,0.0598,SUN_ANGLE,34.37
TM,MAG_X,-7.87,MAG_Y,1.36,MAG_Z,-18.46,MAG_HEADING,170.20
TM,GYRO_X,-0.586,GYRO_Y,-2.555,GYRO_Z,-0.015,BODY_RATE,0.015
TM,ADCS_MODE,MANUAL,ADCS_REFERENCE,SUN,TARGET,0.00,POINTING_ERROR,-34.37,SUN_ERROR,-34.43,MAG_ERROR,-170.20,GYRO_Z,0.029,RW_CMD,0
TM,EST_RAW,34.43,EST_FILTERED,34.43,EST_ANGLE,34.37,EST_FILTER,ON,EST_FILTER_TYPE,MOVING_AVERAGE,EST_MA_WINDOW,1,EST_FILTER_STRENGTH,0.35
TM,EST_FUSION,ON,EST_GYRO_WEIGHT,0.98,EST_VALID,1
TM,SUN_L,3594,SUN_R,3186,SUN_NDV,0.0602,SUN_ANGLE,34.40
TM,MAG_X,-7.89,MAG_Y,1.44,MAG_Z,-18.43,MAG_HEADING,169.65
TM,GYRO_X,-0.971,GYRO_Y,-2.275,GYRO_Z,-0.093,BODY_RATE,0.093
TM,ADCS_MODE,MANUAL,ADCS_REFERENCE,SUN,TARGET,0.00,POINTING_ERROR,-34.37,SUN_ERROR,-34.38,MAG_ERROR,-170.74,GYRO_Z,-0.023,RW_CMD,0
TM,EST_RAW,34.38,EST_FILTERED,34.38,EST_ANGLE,34.37,EST_FILTER,ON,EST_FILTER_TYPE,MOVING_AVERAGE,EST_MA_WINDOW,1,EST_FILTER_STRENGTH,0.35
TM,EST_FUSION,ON,EST_GYRO_WEIGHT,0.98,EST_VALID,1
TM,SUN_L,3595,SUN_R,3186,SUN_NDV,0.0603,SUN_ANGLE,34.45
TM,MAG_X,-7.97,MAG_Y,1.46,MAG_Z,-18.34,MAG_HEADING,169.64
TM,GYRO_X,-1.076,GYRO_Y,-2.074,GYRO_Z,-0.023,BODY_RATE,0.023
TM,ADCS_MODE,MANUAL,ADCS_REFERENCE,SUN,TARGET,0.00,POINTING_ERROR,-34.37,SUN_ERROR,-34.42,MAG_ERROR,-170.16,GYRO_Z,0.090,RW_CMD,0
TM,EST_RAW,34.42,EST_FILTERED,34.42,EST_ANGLE,34.37,EST_FILTER,ON,EST_FILTER_TYPE,MOVING_AVERAGE,EST_MA_WINDOW,1,EST_FILTER_STRENGTH,0.35
TM,EST_FUSION,ON,EST_GYRO_WEIGHT,0.98,EST_VALID,1
TM,SUN_L,3594,SUN_R,3186,SUN_NDV,0.0602,SUN_ANGLE,34.36
TM,MAG_X,-7.94,MAG_Y,1.38,MAG_Z,-18.48,MAG_HEADING,170.16
TM,GYRO_X,-0.709,GYRO_Y,-2.494,GYRO_Z,-0.102,BODY_RATE,0.102
TM,SUN_L,3594,SUN_R,3185,SUN_NDV,0.0603,SUN_ANGLE,34.17
TM,MAG_X,-7.74,MAG_Y,1.46,MAG_Z,-18.66,MAG_HEADING,169.35
TM,GYRO_X,-1.033,GYRO_Y,-2.039,GYRO_Z,-0.076,BODY_RATE,0.076
TM,ADCS_MODE,MANUAL,ADCS_REFERENCE,SUN,TARGET,0.00,POINTING_ERROR,-34.40,SUN_ERROR,-34.43,MAG_ERROR,-169.35,GYRO_Z,-0.190,RW_CMD,0
TM,EST_RAW,34.43,EST_FILTERED,34.43,EST_ANGLE,34.40,EST_FILTER,ON,EST_FILTER_TYPE,MOVING_AVERAGE,EST_MA_WINDOW,1,EST_FILTER_STRENGTH,0.35
TM,EST_FUSION,ON,EST_GYRO_WEIGHT,0.98,EST_VALID,1
TM,SUN_L,3595,SUN_R,3188,SUN_NDV,0.0600,SUN_ANGLE,34.35
TM,MAG_X,-8.08,MAG_Y,1.28,MAG_Z,-18.27,MAG_HEADING,171.00
TM,GYRO_X,-0.919,GYRO_Y,-2.398,GYRO_Z,0.055,BODY_RATE,-0.055
TM,ADCS_MODE,MANUAL,ADCS_REFERENCE,SUN,TARGET,0.00,POINTING_ERROR,-34.40,SUN_ERROR,-34.40,MAG_ERROR,-171.00,GYRO_Z,0.064,RW_CMD,0
TM,EST_RAW,34.40,EST_FILTERED,34.40,EST_ANGLE,34.40,EST_FILTER,ON,EST_FILTER_TYPE,MOVING_AVERAGE,EST_MA_WINDOW,1,EST_FILTER_STRENGTH,0.35
TM,EST_FUSION,ON,EST_GYRO_WEIGHT,0.98,EST_VALID,1
TM,SUN_L,3595,SUN_R,3187,SUN_NDV,0.0602,SUN_ANGLE,34.44
TM,MAG_X,-7.84,MAG_Y,1.38,MAG_Z,-18.46,MAG_HEADING,170.05
TM,GYRO_X,-0.945,GYRO_Y,-2.257,GYRO_Z,0.187,BODY_RATE,-0.187
TM,ADCS_MODE,MANUAL,ADCS_REFERENCE,SUN,TARGET,0.00,POINTING_ERROR,-34.40,SUN_ERROR,-34.43,MAG_ERROR,-170.05,GYRO_Z,0.012,RW_CMD,0
TM,EST_RAW,34.43,EST_FILTERED,34.43,EST_ANGLE,34.40,EST_FILTER,ON,EST_FILTER_TYPE,MOVING_AVERAGE,EST_MA_WINDOW,1,EST_FILTER_STRENGTH,0.35
TM,EST_FUSION,ON,EST_GYRO_WEIGHT,0.98,EST_VALID,1
TM,SUN_L,3595,SUN_R,3186,SUN_NDV,0.0603,SUN_ANGLE,34.44
TM,MAG_X,-7.84,MAG_Y,1.41,MAG_Z,-18.51,MAG_HEADING,169.82
TM,GYRO_X,-1.321,GYRO_Y,-1.977,GYRO_Z,0.274,BODY_RATE,-0.274
TM,ADCS_MODE,MANUAL,ADCS_REFERENCE,SUN,TARGET,0.00,POINTING_ERROR,-34.40,SUN_ERROR,-34.37,MAG_ERROR,-170.44,GYRO_Z,-0.137,RW_CMD,0
TM,EST_RAW,34.37,EST_FILTERED,34.37,EST_ANGLE,34.40,EST_FILTER,ON,EST_FILTER_TYPE,MOVING_AVERAGE,EST_MA_WINDOW,1,EST_FILTER_STRENGTH,0.35
TM,EST_FUSION,ON,EST_GYRO_WEIGHT,0.98,EST_VALID,1
TM,SUN_L,3594,SUN_R,3187,SUN_NDV,0.0600,SUN_ANGLE,34.35
TM,MAG_X,-7.79,MAG_Y,1.31,MAG_Z,-18.43,MAG_HEADING,170.44
TM,GYRO_X,-0.822,GYRO_Y,-2.205,GYRO_Z,0.029,BODY_RATE,-0.029
TM,SUN_L,3594,SUN_R,3186,SUN_NDV,0.0602,SUN_ANGLE,34.31
TM,MAG_X,-7.90,MAG_Y,1.38,MAG_Z,-18.43,MAG_HEADING,170.12
TM,GYRO_X,-1.216,GYRO_Y,-2.126,GYRO_Z,-0.181,BODY_RATE,0.181
TM,ADCS_MODE,MANUAL,ADCS_REFERENCE,SUN,TARGET,0.00,POINTING_ERROR,-34.39,SUN_ERROR,-34.31,MAG_ERROR,-170.12,GYRO_Z,0.344,RW_CMD,0
TM,EST_RAW,34.31,EST_FILTERED,34.31,EST_ANGLE,34.39,EST_FILTER,ON,EST_FILTER_TYPE,MOVING_AVERAGE,EST_MA_WINDOW,1,EST_FILTER_STRENGTH,0.35
TM,EST_FUSION,ON,EST_GYRO_WEIGHT,0.98,EST_VALID,1
TM,SUN_L,3595,SUN_R,3187,SUN_NDV,0.0602,SUN_ANGLE,34.48
TM,MAG_X,-7.73,MAG_Y,1.28,MAG_Z,-18.46,MAG_HEADING,170.60
TM,GYRO_X,-1.076,GYRO_Y,-2.152,GYRO_Z,-0.172,BODY_RATE,0.172
TM,ADCS_MODE,MANUAL,ADCS_REFERENCE,SUN,TARGET,0.00,POINTING_ERROR,-34.41,SUN_ERROR,-34.37,MAG_ERROR,-170.60,GYRO_Z,-0.041,RW_CMD,0
TM,EST_RAW,34.37,EST_FILTERED,34.37,EST_ANGLE,34.41,EST_FILTER,ON,EST_FILTER_TYPE,MOVING_AVERAGE,EST_MA_WINDOW,1,EST_FILTER_STRENGTH,0.35
TM,EST_FUSION,ON,EST_GYRO_WEIGHT,0.98,EST_VALID,1
TM,SUN_L,3595,SUN_R,3187,SUN_NDV,0.0602,SUN_ANGLE,34.39
TM,MAG_X,-7.78,MAG_Y,1.20,MAG_Z,-18.40,MAG_HEADING,171.23
TM,GYRO_X,-1.216,GYRO_Y,-2.520,GYRO_Z,0.020,BODY_RATE,-0.020
TM,ADCS_MODE,MANUAL,ADCS_REFERENCE,SUN,TARGET,0.00,POINTING_ERROR,-34.40,SUN_ERROR,-34.33,MAG_ERROR,-170.33,GYRO_Z,-0.277,RW_CMD,0
TM,EST_RAW,34.33,EST_FILTERED,34.33,EST_ANGLE,34.40,EST_FILTER,ON,EST_FILTER_TYPE,MOVING_AVERAGE,EST_MA_WINDOW,1,EST_FILTER_STRENGTH,0.35
TM,EST_FUSION,ON,EST_GYRO_WEIGHT,0.98,EST_VALID,1
TM,SUN_L,3594,SUN_R,3187,SUN_NDV,0.0600,SUN_ANGLE,34.40
TM,MAG_X,-7.79,MAG_Y,1.33,MAG_Z,-18.32,MAG_HEADING,170.33
TM,GYRO_X,-0.998,GYRO_Y,-1.995,GYRO_Z,-0.023,BODY_RATE,0.023
TM,ADCS_MODE,MANUAL,ADCS_REFERENCE,SUN,TARGET,0.00,POINTING_ERROR,-34.40,SUN_ERROR,-34.45,MAG_ERROR,-170.76,GYRO_Z,-0.058,RW_CMD,0
TM,EST_RAW,34.45,EST_FILTERED,34.45,EST_ANGLE,34.40,EST_FILTER,ON,EST_FILTER_TYPE,MOVING_AVERAGE,EST_MA_WINDOW,1,EST_FILTER_STRENGTH,0.35
TM,EST_FUSION,ON,EST_GYRO_WEIGHT,0.98,EST_VALID,1
TM,SUN_L,3594,SUN_R,3186,SUN_NDV,0.0602,SUN_ANGLE,34.45
TM,MAG_X,-7.70,MAG_Y,1.25,MAG_Z,-18.38,MAG_HEADING,170.79
TM,GYRO_X,-0.892,GYRO_Y,-2.634,GYRO_Z,0.055,BODY_RATE,-0.055
TM,SUN_L,3593,SUN_R,3187,SUN_NDV,0.0599,SUN_ANGLE,34.38
TM,MAG_X,-7.82,MAG_Y,1.38,MAG_Z,-18.14,MAG_HEADING,170.03
TM,GYRO_X,-1.076,GYRO_Y,-1.969,GYRO_Z,-0.207,BODY_RATE,0.207
TM,ADCS_MODE,MANUAL,ADCS_REFERENCE,SUN,TARGET,0.00,POINTING_ERROR,-34.40,SUN_ERROR,-34.38,MAG_ERROR,-170.03,GYRO_Z,-0.207,RW_CMD,0
TM,EST_RAW,34.38,EST_FILTERED,34.38,EST_ANGLE,34.40,EST_FILTER,ON,EST_FILTER_TYPE,MOVING_AVERAGE,EST_MA_WINDOW,1,EST_FILTER_STRENGTH,0.35
TM,EST_FUSION,ON,EST_GYRO_WEIGHT,0.98,EST_VALID,1
TM,SUN_L,3594,SUN_R,3186,SUN_NDV,0.0602,SUN_ANGLE,34.46
TM,MAG_X,-7.78,MAG_Y,1.30,MAG_Z,-18.58,MAG_HEADING,170.54
TM,GYRO_X,-0.822,GYRO_Y,-2.380,GYRO_Z,-0.050,BODY_RATE,0.050
TM,ADCS_MODE,MANUAL,ADCS_REFERENCE,SUN,TARGET,0.00,POINTING_ERROR,-34.41,SUN_ERROR,-34.45,MAG_ERROR,-171.39,GYRO_Z,-0.330,RW_CMD,0
TM,EST_RAW,34.45,EST_FILTERED,34.45,EST_ANGLE,34.41,EST_FILTER,ON,EST_FILTER_TYPE,MOVING_AVERAGE,EST_MA_WINDOW,1,EST_FILTER_STRENGTH,0.35
TM,EST_FUSION,ON,EST_GYRO_WEIGHT,0.98,EST_VALID,1
TM,SUN_L,3595,SUN_R,3187,SUN_NDV,0.0602,SUN_ANGLE,34.41
TM,MAG_X,-7.73,MAG_Y,1.17,MAG_Z,-18.22,MAG_HEADING,171.41
TM,GYRO_X,-0.936,GYRO_Y,-2.257,GYRO_Z,-0.286,BODY_RATE,0.286
TM,ADCS_MODE,MANUAL,ADCS_REFERENCE,SUN,TARGET,0.00,POINTING_ERROR,-34.43,SUN_ERROR,-34.40,MAG_ERROR,-171.41,GYRO_Z,0.012,RW_CMD,0
TM,EST_RAW,34.40,EST_FILTERED,34.40,EST_ANGLE,34.43,EST_FILTER,ON,EST_FILTER_TYPE,MOVING_AVERAGE,EST_MA_WINDOW,1,EST_FILTER_STRENGTH,0.35
TM,EST_FUSION,ON,EST_GYRO_WEIGHT,0.98,EST_VALID,1
TM,SUN_L,3595,SUN_R,3188,SUN_NDV,0.0600,SUN_ANGLE,34.38
TM,MAG_X,-7.97,MAG_Y,1.22,MAG_Z,-18.34,MAG_HEADING,171.32
TM,GYRO_X,-1.006,GYRO_Y,-2.109,GYRO_Z,0.265,BODY_RATE,-0.265
TM,ADCS_MODE,MANUAL,ADCS_REFERENCE,SUN,TARGET,0.00,POINTING_ERROR,-34.44,SUN_ERROR,-34.36,MAG_ERROR,-169.86,GYRO_Z,-0.085,RW_CMD,0
TM,EST_RAW,34.36,EST_FILTERED,34.36,EST_ANGLE,34.44,EST_FILTER,ON,EST_FILTER_TYPE,MOVING_AVERAGE,EST_MA_WINDOW,1,EST_FILTER_STRENGTH,0.35
TM,EST_FUSION,ON,EST_GYRO_WEIGHT,0.98,EST_VALID,1
TM,SUN_L,3594,SUN_R,3187,SUN_NDV,0.0600,SUN_ANGLE,34.46
TM,MAG_X,-7.70,MAG_Y,1.38,MAG_Z,-18.32,MAG_HEADING,169.86
TM,GYRO_X,-1.374,GYRO_Y,-2.021,GYRO_Z,0.029,BODY_RATE,-0.029
TM,SUN_L,3593,SUN_R,3187,SUN_NDV,0.0599,SUN_ANGLE,34.38
TM,MAG_X,-7.74,MAG_Y,1.26,MAG_Z,-18.27,MAG_HEADING,170.73
TM,GYRO_X,-0.998,GYRO_Y,-2.118,GYRO_Z,-0.111,BODY_RATE,0.111
TM,ADCS_MODE,MANUAL,ADCS_REFERENCE,SUN,TARGET,0.00,POINTING_ERROR,-34.45,SUN_ERROR,-34.44,MAG_ERROR,-170.73,GYRO_Z,0.020,RW_CMD,0
TM,EST_RAW,34.44,EST_FILTERED,34.44,EST_ANGLE,34.45,EST_FILTER,ON,EST_FILTER_TYPE,MOVING_AVERAGE,EST_MA_WINDOW,1,EST_FILTER_STRENGTH,0.35
TM,EST_FUSION,ON,EST_GYRO_WEIGHT,0.98,EST_VALID,1
TM,SUN_L,3594,SUN_R,3186,SUN_NDV,0.0602,SUN_ANGLE,34.57
TM,MAG_X,-7.78,MAG_Y,1.15,MAG_Z,-18.35,MAG_HEADING,171.57
TM,GYRO_X,-1.199,GYRO_Y,-2.328,GYRO_Z,0.047,BODY_RATE,-0.047
TM,ADCS_MODE,MANUAL,ADCS_REFERENCE,SUN,TARGET,0.00,POINTING_ERROR,-34.45,SUN_ERROR,-34.36,MAG_ERROR,-171.57,GYRO_Z,-0.111,RW_CMD,0
TM,EST_RAW,34.36,EST_FILTERED,34.36,EST_ANGLE,34.45,EST_FILTER,ON,EST_FILTER_TYPE,MOVING_AVERAGE,EST_MA_WINDOW,1,EST_FILTER_STRENGTH,0.35
TM,EST_FUSION,ON,EST_GYRO_WEIGHT,0.98,EST_VALID,1
TM,SUN_L,3594,SUN_R,3187,SUN_NDV,0.0600,SUN_ANGLE,34.36
TM,MAG_X,-7.78,MAG_Y,1.34,MAG_Z,-18.40,MAG_HEADING,170.19
TM,GYRO_X,-0.840,GYRO_Y,-2.301,GYRO_Z,0.160,BODY_RATE,-0.160
TM,ADCS_MODE,MANUAL,ADCS_REFERENCE,SUN,TARGET,0.00,POINTING_ERROR,-34.44,SUN_ERROR,-34.35,MAG_ERROR,-170.90,GYRO_Z,-0.146,RW_CMD,0
TM,EST_RAW,34.35,EST_FILTERED,34.35,EST_ANGLE,34.44,EST_FILTER,ON,EST_FILTER_TYPE,MOVING_AVERAGE,EST_MA_WINDOW,1,EST_FILTER_STRENGTH,0.35
TM,EST_FUSION,ON,EST_GYRO_WEIGHT,0.98,EST_VALID,1
TM,SUN_L,3594,SUN_R,3186,SUN_NDV,0.0602,SUN_ANGLE,34.48
TM,MAG_X,-7.79,MAG_Y,1.25,MAG_Z,-18.35,MAG_HEADING,170.90
TM,GYRO_X,-1.181,GYRO_Y,-2.161,GYRO_Z,0.169,BODY_RATE,-0.169
TM,ADCS_MODE,MANUAL,ADCS_REFERENCE,SUN,TARGET,0.00,POINTING_ERROR,-34.44,SUN_ERROR,-34.31,MAG_ERROR,-171.29,GYRO_Z,0.239,RW_CMD,0
TM,EST_RAW,34.31,EST_FILTERED,34.31,EST_ANGLE,34.44,EST_FILTER,ON,EST_FILTER_TYPE,MOVING_AVERAGE,EST_MA_WINDOW,1,EST_FILTER_STRENGTH,0.35
TM,EST_FUSION,ON,EST_GYRO_WEIGHT,0.98,EST_VALID,1
TM,SUN_L,3594,SUN_R,3187,SUN_NDV,0.0600,SUN_ANGLE,34.41
TM,MAG_X,-7.73,MAG_Y,1.18,MAG_Z,-18.42,MAG_HEADING,171.29
TM,GYRO_X,-1.050,GYRO_Y,-2.196,GYRO_Z,0.152,BODY_RATE,-0.152
TM,SUN_L,3595,SUN_R,3186,SUN_NDV,0.0603,SUN_ANGLE,34.33
TM,MAG_X,-7.84,MAG_Y,1.25,MAG_Z,-18.03,MAG_HEADING,170.96
TM,GYRO_X,-1.138,GYRO_Y,-2.231,GYRO_Z,0.423,BODY_RATE,-0.423
TM,ADCS_MODE,MANUAL,ADCS_REFERENCE,SUN,TARGET,0.00,POINTING_ERROR,-34.41,SUN_ERROR,-34.33,MAG_ERROR,-170.96,GYRO_Z,0.423,RW_CMD,0
TM,EST_RAW,34.33,EST_FILTERED,34.33,EST_ANGLE,34.41,EST_FILTER,ON,EST_FILTER_TYPE,MOVING_AVERAGE,EST_MA_WINDOW,1,EST_FILTER_STRENGTH,0.35
TM,EST_FUSION,ON,EST_GYRO_WEIGHT,0.98,EST_VALID,1
TM,SUN_L,3595,SUN_R,3188,SUN_NDV,0.0600,SUN_ANGLE,34.47
TM,MAG_X,-7.62,MAG_Y,1.18,MAG_Z,-18.35,MAG_HEADING,171.16
TM,GYRO_X,-0.604,GYRO_Y,-2.293,GYRO_Z,-0.163,BODY_RATE,0.163
TM,ADCS_MODE,MANUAL,ADCS_REFERENCE,SUN,TARGET,0.00,POINTING_ERROR,-34.39,SUN_ERROR,-34.45,MAG_ERROR,-171.16,GYRO_Z,0.099,RW_CMD,0
TM,EST_RAW,34.45,EST_FILTERED,34.45,EST_ANGLE,34.39,EST_FILTER,ON,EST_FILTER_TYPE,MOVING_AVERAGE,EST_MA_WINDOW,1,EST_FILTER_STRENGTH,0.35
TM,EST_FUSION,ON,EST_GYRO_WEIGHT,0.98,EST_VALID,1
TM,SUN_L,3595,SUN_R,3188,SUN_NDV,0.0600,SUN_ANGLE,34.33
TM,MAG_X,-7.86,MAG_Y,1.20,MAG_Z,-18.38,MAG_HEADING,171.32
TM,GYRO_X,-1.024,GYRO_Y,-2.362,GYRO_Z,0.064,BODY_RATE,-0.064
TM,ADCS_MODE,MANUAL,ADCS_REFERENCE,SUN,TARGET,0.00,POINTING_ERROR,-34.39,SUN_ERROR,-34.37,MAG_ERROR,-171.49,GYRO_Z,0.064,RW_CMD,0
TM,EST_RAW,34.37,EST_FILTERED,34.37,EST_ANGLE,34.39,EST_FILTER,ON,EST_FILTER_TYPE,MOVING_AVERAGE,EST_MA_WINDOW,1,EST_FILTER_STRENGTH,0.35
TM,EST_FUSION,ON,EST_GYRO_WEIGHT,0.98,EST_VALID,1
TM,SUN_L,3595,SUN_R,3188,SUN_NDV,0.0600,SUN_ANGLE,34.34
TM,MAG_X,-7.74,MAG_Y,1.36,MAG_Z,-18.10,MAG_HEADING,170.04
TM,GYRO_X,-1.102,GYRO_Y,-2.223,GYRO_Z,-0.128,BODY_RATE,0.128
TM,ADCS_MODE,MANUAL,ADCS_REFERENCE,SUN,TARGET,0.00,POINTING_ERROR,-34.36,SUN_ERROR,-34.32,MAG_ERROR,-171.77,GYRO_Z,0.195,RW_CMD,0
TM,EST_RAW,34.32,EST_FILTERED,34.32,EST_ANGLE,34.36,EST_FILTER,ON,EST_FILTER_TYPE,MOVING_AVERAGE,EST_MA_WINDOW,1,EST_FILTER_STRENGTH,0.35
TM,EST_FUSION,ON,EST_GYRO_WEIGHT,0.98,EST_VALID,1
TM,SUN_L,3596,SUN_R,3188,SUN_NDV,0.0601,SUN_ANGLE,34.34
TM,MAG_X,-7.74,MAG_Y,1.12,MAG_Z,-18.37,MAG_HEADING,171.77
TM,GYRO_X,-0.928,GYRO_Y,-2.196,GYRO_Z,-0.163,BODY_RATE,0.163
TM,SUN_L,3594,SUN_R,3186,SUN_NDV,0.0602,SUN_ANGLE,34.35
TM,MAG_X,-7.73,MAG_Y,1.34,MAG_Z,-18.26,MAG_HEADING,170.13
TM,GYRO_X,-1.216,GYRO_Y,-2.275,GYRO_Z,-0.093,BODY_RATE,0.093
TM,ADCS_MODE,MANUAL,ADCS_REFERENCE,SUN,TARGET,0.00,POINTING_ERROR,-34.37,SUN_ERROR,-34.35,MAG_ERROR,-170.13,GYRO_Z,-0.093,RW_CMD,0
TM,EST_RAW,34.35,EST_FILTERED,34.35,EST_ANGLE,34.37,EST_FILTER,ON,EST_FILTER_TYPE,MOVING_AVERAGE,EST_MA_WINDOW,1,EST_FILTER_STRENGTH,0.35
TM,EST_FUSION,ON,EST_GYRO_WEIGHT,0.98,EST_VALID,1
TM,SUN_L,3595,SUN_R,3187,SUN_NDV,0.0602,SUN_ANGLE,34.39
TM,MAG_X,-7.73,MAG_Y,1.25,MAG_Z,-18.32,MAG_HEADING,170.83
TM,GYRO_X,-1.067,GYRO_Y,-2.074,GYRO_Z,-0.172,BODY_RATE,0.172
TM,ADCS_MODE,MANUAL,ADCS_REFERENCE,SUN,TARGET,0.00,POINTING_ERROR,-34.38,SUN_ERROR,-34.41,MAG_ERROR,-171.29,GYRO_Z,0.047,RW_CMD,0
TM,EST_RAW,34.41,EST_FILTERED,34.41,EST_ANGLE,34.38,EST_FILTER,ON,EST_FILTER_TYPE,MOVING_AVERAGE,EST_MA_WINDOW,1,EST_FILTER_STRENGTH,0.35
TM,EST_FUSION,ON,EST_GYRO_WEIGHT,0.98,EST_VALID,1
TM,SUN_L,3595,SUN_R,3188,SUN_NDV,0.0600,SUN_ANGLE,34.39
TM,MAG_X,-7.76,MAG_Y,1.30,MAG_Z,-18.40,MAG_HEADING,170.52
TM,GYRO_X,-1.050,GYRO_Y,-2.284,GYRO_Z,-0.137,BODY_RATE,0.137
TM,ADCS_MODE,MANUAL,ADCS_REFERENCE,SUN,TARGET,0.00,POINTING_ERROR,-34.38,SUN_ERROR,-34.38,MAG_ERROR,-170.52,GYRO_Z,-0.233,RW_CMD,0
TM,EST_RAW,34.38,EST_FILTERED,34.38,EST_ANGLE,34.38,EST_FILTER,ON,EST_FILTER_TYPE,MOVING_AVERAGE,EST_MA_WINDOW,1,EST_FILTER_STRENGTH,0.35
TM,EST_FUSION,ON,EST_GYRO_WEIGHT,0.98,EST_VALID,1
TM,SUN_L,3596,SUN_R,3186,SUN_NDV,0.0605,SUN_ANGLE,34.34
TM,MAG_X,-7.78,MAG_Y,1.17,MAG_Z,-18.02,MAG_HEADING,171.46
TM,GYRO_X,-0.726,GYRO_Y,-2.415,GYRO_Z,-0.015,BODY_RATE,0.015
TM,ADCS_MODE,MANUAL,ADCS_REFERENCE,SUN,TARGET,0.00,POINTING_ERROR,-34.40,SUN_ERROR,-34.44,MAG_ERROR,-171.04,GYRO_Z,-0.085,RW_CMD,0
TM,EST_RAW,34.44,EST_FILTERED,34.44,EST_ANGLE,34.40,EST_FILTER,ON,EST_FILTER_TYPE,MOVING_AVERAGE,EST_MA_WINDOW,1,EST_FILTER_STRENGTH,0.35
TM,EST_FUSION,ON,EST_GYRO_WEIGHT,0.98,EST_VALID,1
TM,SUN_L,3595,SUN_R,3188,SUN_NDV,0.0600,SUN_ANGLE,34.37
TM,MAG_X,-7.71,MAG_Y,1.22,MAG_Z,-18.24,MAG_HEADING,171.04
TM,GYRO_X,-0.919,GYRO_Y,-2.179,GYRO_Z,-0.041,BODY_RATE,0.041
TM,SUN_L,3594,SUN_R,3187,SUN_NDV,0.0600,SUN_ANGLE,34.30
TM,MAG_X,-7.76,MAG_Y,1.34,MAG_Z,-18.02,MAG_HEADING,170.17
TM,GYRO_X,-0.980,GYRO_Y,-2.476,GYRO_Z,0.274,BODY_RATE,-0.274
TM,ADCS_MODE,MANUAL,ADCS_REFERENCE,SUN,TARGET,0.00,POINTING_ERROR,-34.40,SUN_ERROR,-34.40,MAG_ERROR,-170.17,GYRO_Z,-0.015,RW_CMD,0
TM,EST_RAW,34.40,EST_FILTERED,34.40,EST_ANGLE,34.40,EST_FILTER,ON,EST_FILTER_TYPE,MOVING_AVERAGE,EST_MA_WINDOW,1,EST_FILTER_STRENGTH,0.35
TM,EST_FUSION,ON,EST_GYRO_WEIGHT,0.98,EST_VALID,1
TM,SUN_L,3595,SUN_R,3188,SUN_NDV,0.0600,SUN_ANGLE,34.36
TM,MAG_X,-7.74,MAG_Y,1.12,MAG_Z,-18.18,MAG_HEADING,171.77
TM,GYRO_X,-0.962,GYRO_Y,-2.161,GYRO_Z,0.055,BODY_RATE,-0.055
TM,ADCS_MODE,MANUAL,ADCS_REFERENCE,SUN,TARGET,0.00,POINTING_ERROR,-34.41,SUN_ERROR,-34.31,MAG_ERROR,-171.77,GYRO_Z,-0.032,RW_CMD,0
TM,EST_RAW,34.31,EST_FILTERED,34.31,EST_ANGLE,34.41,EST_FILTER,ON,EST_FILTER_TYPE,MOVING_AVERAGE,EST_MA_WINDOW,1,EST_FILTER_STRENGTH,0.35
TM,EST_FUSION,ON,EST_GYRO_WEIGHT,0.98,EST_VALID,1
TM,SUN_L,3595,SUN_R,3188,SUN_NDV,0.0600,SUN_ANGLE,34.42
TM,MAG_X,-7.70,MAG_Y,1.20,MAG_Z,-18.26,MAG_HEADING,171.14
TM,GYRO_X,-1.164,GYRO_Y,-2.214,GYRO_Z,0.283,BODY_RATE,-0.283
TM,ADCS_MODE,MANUAL,ADCS_REFERENCE,SUN,TARGET,0.00,POINTING_ERROR,-34.40,SUN_ERROR,-34.38,MAG_ERROR,-170.83,GYRO_Z,0.047,RW_CMD,0
TM,EST_RAW,34.38,EST_FILTERED,34.38,EST_ANGLE,34.40,EST_FILTER,ON,EST_FILTER_TYPE,MOVING_AVERAGE,EST_MA_WINDOW,1,EST_FILTER_STRENGTH,0.35
TM,EST_FUSION,ON,EST_GYRO_WEIGHT,0.98,EST_VALID,1
TM,SUN_L,3595,SUN_R,3187,SUN_NDV,0.0602,SUN_ANGLE,34.38
TM,MAG_X,-7.63,MAG_Y,1.23,MAG_Z,-18.29,MAG_HEADING,170.83
TM,GYRO_X,-1.094,GYRO_Y,-2.056,GYRO_Z,0.020,BODY_RATE,-0.020
TM,ADCS_MODE,MANUAL,ADCS_REFERENCE,SUN,TARGET,0.00,POINTING_ERROR,-34.39,SUN_ERROR,-34.42,MAG_ERROR,-170.71,GYRO_Z,-0.006,RW_CMD,0
TM,EST_RAW,34.42,EST_FILTERED,34.42,EST_ANGLE,34.39,EST_FILTER,ON,EST_FILTER_TYPE,MOVING_AVERAGE,EST_MA_WINDOW,1,EST_FILTER_STRENGTH,0.35
TM,EST_FUSION,ON,EST_GYRO_WEIGHT,0.98,EST_VALID,1
TM,SUN_L,3594,SUN_R,3187,SUN_NDV,0.0600,SUN_ANGLE,34.37
TM,MAG_X,-7.73,MAG_Y,1.26,MAG_Z,-18.14,MAG_HEADING,170.71
TM,GYRO_X,-0.788,GYRO_Y,-2.362,GYRO_Z,0.064,BODY_RATE,-0.064
TM,SUN_L,3593,SUN_R,3186,SUN_NDV,0.0600,SUN_ANGLE,34.37
TM,MAG_X,-7.66,MAG_Y,1.15,MAG_Z,-18.16,MAG_HEADING,171.45
TM,GYRO_X,-0.901,GYRO_Y,-2.345,GYRO_Z,-0.076,BODY_RATE,0.076
TM,ADCS_MODE,MANUAL,ADCS_REFERENCE,SUN,TARGET,0.00,POINTING_ERROR,-34.38,SUN_ERROR,-34.37,MAG_ERROR,-171.45,GYRO_Z,-0.076,RW_CMD,0
TM,EST_RAW,34.37,EST_FILTERED,34.37,EST_ANGLE,34.38,EST_FILTER,ON,EST_FILTER_TYPE,MOVING_AVERAGE,EST_MA_WINDOW,1,EST_FILTER_STRENGTH,0.35
TM,EST_FUSION,ON,EST_GYRO_WEIGHT,0.98,EST_VALID,1
TM,SUN_L,3594,SUN_R,3186,SUN_NDV,0.0602,SUN_ANGLE,34.39
TM,MAG_X,-7.74,MAG_Y,1.15,MAG_Z,-18.27,MAG_HEADING,171.54
TM,GYRO_X,-0.928,GYRO_Y,-2.362,GYRO_Z,-0.076,BODY_RATE,0.076
TM,ADCS_MODE,MANUAL,ADCS_REFERENCE,SUN,TARGET,0.00,POINTING_ERROR,-34.39,SUN_ERROR,-34.39,MAG_ERROR,-171.24,GYRO_Z,-0.146,RW_CMD,0
TM,EST_RAW,34.39,EST_FILTERED,34.39,EST_ANGLE,34.39,EST_FILTER,ON,EST_FILTER_TYPE,MOVING_AVERAGE,EST_MA_WINDOW,1,EST_FILTER_STRENGTH,0.35
TM,EST_FUSION,ON,EST_GYRO_WEIGHT,0.98,EST_VALID,1
TM,SUN_L,3593,SUN_R,3188,SUN_NDV,0.0597,SUN_ANGLE,34.39
TM,MAG_X,-7.68,MAG_Y,1.18,MAG_Z,-18.22,MAG_HEADING,171.24
TM,GYRO_X,-1.067,GYRO_Y,-2.293,GYRO_Z,0.029,BODY_RATE,-0.029
TM,ADCS_MODE,MANUAL,ADCS_REFERENCE,SUN,TARGET,0.00,POINTING_ERROR,-34.39,SUN_ERROR,-34.32,MAG_ERROR,-171.62,GYRO_Z,0.152,RW_CMD,0
TM,EST_RAW,34.32,EST_FILTERED,34.32,EST_ANGLE,34.39,EST_FILTER,ON,EST_FILTER_TYPE,MOVING_AVERAGE,EST_MA_WINDOW,1,EST_FILTER_STRENGTH,0.35
TM,EST_FUSION,ON,EST_GYRO_WEIGHT,0.98,EST_VALID,1
TM,SUN_L,3595,SUN_R,3187,SUN_NDV,0.0602,SUN_ANGLE,34.41
TM,MAG_X,-7.73,MAG_Y,1.25,MAG_Z,-18.22,MAG_HEADING,170.83
TM,GYRO_X,-1.015,GYRO_Y,-2.415,GYRO_Z,0.090,BODY_RATE,-0.090
TM,ADCS_MODE,MANUAL,ADCS_REFERENCE,SUN,TARGET,0.00,POINTING_ERROR,-34.40,SUN_ERROR,-34.36,MAG_ERROR,-171.82,GYRO_Z,0.055,RW_CMD,0
TM,EST_RAW,34.36,EST_FILTERED,34.36,EST_ANGLE,34.40,EST_FILTER,ON,EST_FILTER_TYPE,MOVING_AVERAGE,EST_MA_WINDOW,1,EST_FILTER_STRENGTH,0.35
TM,EST_FUSION,ON,EST_GYRO_WEIGHT,0.98,EST_VALID,1
TM,SUN_L,3595,SUN_R,3188,SUN_NDV,0.0600,SUN_ANGLE,34.34
TM,MAG_X,-7.57,MAG_Y,1.09,MAG_Z,-18.37,MAG_HEADING,171.82
TM,GYRO_X,-1.033,GYRO_Y,-2.109,GYRO_Z,0.344,BODY_RATE,-0.344
TM,SUN_L,3595,SUN_R,3187,SUN_NDV,0.0602,SUN_ANGLE,34.40
TM,MAG_X,-7.62,MAG_Y,1.22,MAG_Z,-18.18,MAG_HEADING,170.93
TM,GYRO_X,-1.076,GYRO_Y,-2.179,GYRO_Z,-0.076,BODY_RATE,0.076
TM,ADCS_MODE,MANUAL,ADCS_REFERENCE,SUN,TARGET,0.00,POINTING_ERROR,-34.39,SUN_ERROR,-34.32,MAG_ERROR,-170.93,GYRO_Z,-0.076,RW_CMD,0
TM,EST_RAW,34.32,EST_FILTERED,34.32,EST_ANGLE,34.39,EST_FILTER,ON,EST_FILTER_TYPE,MOVING_AVERAGE,EST_MA_WINDOW,1,EST_FILTER_STRENGTH,0.35
TM,EST_FUSION,ON,EST_GYRO_WEIGHT,0.98,EST_VALID,1
TM,SUN_L,3594,SUN_R,3187,SUN_NDV,0.0600,SUN_ANGLE,34.39
TM,MAG_X,-7.71,MAG_Y,1.20,MAG_Z,-18.16,MAG_HEADING,171.16
TM,GYRO_X,-1.102,GYRO_Y,-2.205,GYRO_Z,0.274,BODY_RATE,-0.274
TM,ADCS_MODE,MANUAL,ADCS_REFERENCE,SUN,TARGET,0.00,POINTING_ERROR,-34.38,SUN_ERROR,-34.36,MAG_ERROR,-171.16,GYRO_Z,-0.137,RW_CMD,0
TM,EST_RAW,34.36,EST_FILTERED,34.36,EST_ANGLE,34.38,EST_FILTER,ON,EST_FILTER_TYPE,MOVING_AVERAGE,EST_MA_WINDOW,1,EST_FILTER_STRENGTH,0.35
TM,EST_FUSION,ON,EST_GYRO_WEIGHT,0.98,EST_VALID,1
TM,SUN_L,3596,SUN_R,3188,SUN_NDV,0.0601,SUN_ANGLE,34.44
TM,MAG_X,-7.81,MAG_Y,1.15,MAG_Z,-18.26,MAG_HEADING,171.61
TM,GYRO_X,-0.980,GYRO_Y,-2.257,GYRO_Z,0.222,BODY_RATE,-0.222
TM,ADCS_MODE,MANUAL,ADCS_REFERENCE,SUN,TARGET,0.00,POINTING_ERROR,-34.39,SUN_ERROR,-34.40,MAG_ERROR,-171.61,GYRO_Z,0.012,RW_CMD,0
TM,EST_RAW,34.40,EST_FILTERED,34.40,EST_ANGLE,34.39,EST_FILTER,ON,EST_FILTER_TYPE,MOVING_AVERAGE,EST_MA_WINDOW,1,EST_FILTER_STRENGTH,0.35
TM,EST_FUSION,ON,EST_GYRO_WEIGHT,0.98,EST_VALID,1
TM,SUN_L,3595,SUN_R,3187,SUN_NDV,0.0602,SUN_ANGLE,34.41
TM,MAG_X,-7.74,MAG_Y,1.15,MAG_Z,-18.29,MAG_HEADING,171.54
TM,GYRO_X,-0.910,GYRO_Y,-2.205,GYRO_Z,-0.050,BODY_RATE,0.050
TM,ADCS_MODE,MANUAL,ADCS_REFERENCE,SUN,TARGET,0.00,POINTING_ERROR,-34.38,SUN_ERROR,-34.33,MAG_ERROR,-170.97,GYRO_Z,0.055,RW_CMD,0
TM,EST_RAW,34.33,EST_FILTERED,34.33,EST_ANGLE,34.38,EST_FILTER,ON,EST_FILTER_TYPE,MOVING_AVERAGE,EST_MA_WINDOW,1,EST_FILTER_STRENGTH,0.35
TM,EST_FUSION,ON,EST_GYRO_WEIGHT,0.98,EST_VALID,1
TM,SUN_L,3592,SUN_R,3184,SUN_NDV,0.0602,SUN_ANGLE,34.51
TM,MAG_X,-7.65,MAG_Y,1.22,MAG_Z,-18.32,MAG_HEADING,170.97
TM,GYRO_X,-1.050,GYRO_Y,-2.293,GYRO_Z,0.134,BODY_RATE,-0.134
TM,SUN_L,3594,SUN_R,3185,SUN_NDV,0.0603,SUN_ANGLE,34.48
TM,MAG_X,-7.63,MAG_Y,1.12,MAG_Z,-18.18,MAG_HEADING,171.65
TM,GYRO_X,-0.875,GYRO_Y,-2.467,GYRO_Z,-0.225,BODY_RATE,0.225
TM,ADCS_MODE,MANUAL,ADCS_REFERENCE,SUN,TARGET,0.00,POINTING_ERROR,-34.41,SUN_ERROR,-34.48,MAG_ERROR,-171.65,GYRO_Z,-0.225,RW_CMD,0
TM,EST_RAW,34.48,EST_FILTERED,34.48,EST_ANGLE,34.41,EST_FILTER,ON,EST_FILTER_TYPE,MOVING_AVERAGE,EST_MA_WINDOW,1,EST_FILTER_STRENGTH,0.35
TM,EST_FUSION,ON,EST_GYRO_WEIGHT,0.98,EST_VALID,1
TM,SUN_L,3594,SUN_R,3184,SUN_NDV,0.0605,SUN_ANGLE,34.49
TM,MAG_X,-7.66,MAG_Y,1.20,MAG_Z,-18.18,MAG_HEADING,171.10
TM,GYRO_X,-0.849,GYRO_Y,-2.371,GYRO_Z,-0.146,BODY_RATE,0.146
TM,ADCS_MODE,MANUAL,ADCS_REFERENCE,SUN,TARGET,0.00,POINTING_ERROR,-34.41,SUN_ERROR,-34.61,MAG_ERROR,-171.10,GYRO_Z,-0.023,RW_CMD,0
TM,EST_RAW,34.61,EST_FILTERED,34.61,EST_ANGLE,34.41,EST_FILTER,ON,EST_FILTER_TYPE,MOVING_AVERAGE,EST_MA_WINDOW,1,EST_FILTER_STRENGTH,0.35
TM,EST_FUSION,ON,EST_GYRO_WEIGHT,0.98,EST_VALID,1
TM,SUN_L,3593,SUN_R,3184,SUN_NDV,0.0604,SUN_ANGLE,34.47
TM,MAG_X,-7.65,MAG_Y,1.07,MAG_Z,-18.38,MAG_HEADING,172.02
TM,GYRO_X,-1.120,GYRO_Y,-2.249,GYRO_Z,0.073,BODY_RATE,-0.073
TM,ADCS_MODE,MANUAL,ADCS_REFERENCE,SUN,TARGET,0.00,POINTING_ERROR,-34.41,SUN_ERROR,-34.37,MAG_ERROR,-171.23,GYRO_Z,0.134,RW_CMD,0
TM,EST_RAW,34.37,EST_FILTERED,34.37,EST_ANGLE,34.41,EST_FILTER,ON,EST_FILTER_TYPE,MOVING_AVERAGE,EST_MA_WINDOW,1,EST_FILTER_STRENGTH,0.35
TM,EST_FUSION,ON,EST_GYRO_WEIGHT,0.98,EST_VALID,1
TM,SUN_L,3593,SUN_R,3186,SUN_NDV,0.0600,SUN_ANGLE,34.54
TM,MAG_X,-7.57,MAG_Y,1.17,MAG_Z,-18.42,MAG_HEADING,171.23
TM,GYRO_X,-1.190,GYRO_Y,-2.118,GYRO_Z,-0.085,BODY_RATE,0.085
TM,ADCS_MODE,MANUAL,ADCS_REFERENCE,SUN,TARGET,0.00,POINTING_ERROR,-34.43,SUN_ERROR,-34.44,MAG_ERROR,-171.64,GYRO_Z,-0.076,RW_CMD,0
TM,EST_RAW,34.44,EST_FILTERED,34.44,EST_ANGLE,34.43,EST_FILTER,ON,EST_FILTER_TYPE,MOVING_AVERAGE,EST_MA_WINDOW,1,EST_FILTER_STRENGTH,0.35
TM,EST_FUSION,ON,EST_GYRO_WEIGHT,0.98,EST_VALID,1
TM,SUN_L,3593,SUN_R,3185,SUN_NDV,0.0602,SUN_ANGLE,34.42
TM,MAG_X,-7.68,MAG_Y,1.15,MAG_Z,-18.13,MAG_HEADING,171.47
TM,GYRO_X,-0.779,GYRO_Y,-2.590,GYRO_Z,0.248,BODY_RATE,-0.248
TM,SUN_L,3594,SUN_R,3187,SUN_NDV,0.0600,SUN_ANGLE,34.45
TM,MAG_X,-7.71,MAG_Y,1.07,MAG_Z,-18.29,MAG_HEADING,172.09
TM,GYRO_X,-1.006,GYRO_Y,-2.240,GYRO_Z,-0.198,BODY_RATE,0.198
TM,ADCS_MODE,MANUAL,ADCS_REFERENCE,SUN,TARGET,0.00,POINTING_ERROR,-34.44,SUN_ERROR,-34.45,MAG_ERROR,-172.09,GYRO_Z,-0.198,RW_CMD,0
TM,EST_RAW,34.45,EST_FILTERED,34.45,EST_ANGLE,34.44,EST_FILTER,ON,EST_FILTER_TYPE,MOVING_AVERAGE,EST_MA_WINDOW,1,EST_FILTER_STRENGTH,0.35
TM,EST_FUSION,ON,EST_GYRO_WEIGHT,0.98,EST_VALID,1
TM,SUN_L,3594,SUN_R,3186,SUN_NDV,0.0602,SUN_ANGLE,34.44
TM,MAG_X,-7.71,MAG_Y,1.33,MAG_Z,-18.35,MAG_HEADING,170.23
TM,GYRO_X,-1.260,GYRO_Y,-2.424,GYRO_Z,0.003,BODY_RATE,-0.003
TM,ADCS_MODE,MANUAL,ADCS_REFERENCE,SUN,TARGET,0.00,POINTING_ERROR,-34.44,SUN_ERROR,-34.51,MAG_ERROR,-171.32,GYRO_Z,0.099,RW_CMD,0
TM,EST_RAW,34.51,EST_FILTERED,34.51,EST_ANGLE,34.44,EST_FILTER,ON,EST_FILTER_TYPE,MOVING_AVERAGE,EST_MA_WINDOW,1,EST_FILTER_STRENGTH,0.35
TM,EST_FUSION,ON,EST_GYRO_WEIGHT,0.98,EST_VALID,1
TM,SUN_L,3592,SUN_R,3184,SUN_NDV,0.0602,SUN_ANGLE,34.51
TM,MAG_X,-7.76,MAG_Y,1.15,MAG_Z,-18.27,MAG_HEADING,171.56
TM,GYRO_X,-1.278,GYRO_Y,-2.284,GYRO_Z,-0.023,BODY_RATE,0.023
TM,ADCS_MODE,MANUAL,ADCS_REFERENCE,SUN,TARGET,0.00,POINTING_ERROR,-34.45,SUN_ERROR,-34.56,MAG_ERROR,-171.56,GYRO_Z,0.187,RW_CMD,0
TM,EST_RAW,34.56,EST_FILTERED,34.56,EST_ANGLE,34.45,EST_FILTER,ON,EST_FILTER_TYPE,MOVING_AVERAGE,EST_MA_WINDOW,1,EST_FILTER_STRENGTH,0.35
TM,EST_FUSION,ON,EST_GYRO_WEIGHT,0.98,EST_VALID,1
TM,SUN_L,3593,SUN_R,3187,SUN_NDV,0.0599,SUN_ANGLE,34.42
TM,MAG_X,-7.65,MAG_Y,1.15,MAG_Z,-18.30,MAG_HEADING,171.43
TM,GYRO_X,-0.954,GYRO_Y,-2.091,GYRO_Z,-0.058,BODY_RATE,0.058
TM,ADCS_MODE,MANUAL,ADCS_REFERENCE,SUN,TARGET,0.00,POINTING_ERROR,-34.44,SUN_ERROR,-34.44,MAG_ERROR,-171.62,GYRO_Z,0.082,RW_CMD,0
TM,EST_RAW,34.44,EST_FILTERED,34.44,EST_ANGLE,34.44,EST_FILTER,ON,EST_FILTER_TYPE,MOVING_AVERAGE,EST_MA_WINDOW,1,EST_FILTER_STRENGTH,0.35
TM,EST_FUSION,ON,EST_GYRO_WEIGHT,0.98,EST_VALID,1
TM,SUN_L,3593,SUN_R,3185,SUN_NDV,0.0602,SUN_ANGLE,34.46
TM,MAG_X,-7.71,MAG_Y,1.14,MAG_Z,-18.26,MAG_HEADING,171.62
TM,GYRO_X,-0.866,GYRO_Y,-2.354,GYRO_Z,-0.076,BODY_RATE,0.076
TM,SUN_L,3594,SUN_R,3184,SUN_NDV,0.0605,SUN_ANGLE,34.57
TM,MAG_X,-7.66,MAG_Y,1.23,MAG_Z,-18.10,MAG_HEADING,170.87
TM,GYRO_X,-0.805,GYRO_Y,-2.319,GYRO_Z,-0.076,BODY_RATE,0.076
TM,ADCS_MODE,MANUAL,ADCS_REFERENCE,SUN,TARGET,0.00,POINTING_ERROR,-34.43,SUN_ERROR,-34.57,MAG_ERROR,-170.87,GYRO_Z,0.239,RW_CMD,0
TM,EST_RAW,34.57,EST_FILTERED,34.57,EST_ANGLE,34.43,EST_FILTER,ON,EST_FILTER_TYPE,MOVING_AVERAGE,EST_MA_WINDOW,1,EST_FILTER_STRENGTH,0.35
TM,EST_FUSION,ON,EST_GYRO_WEIGHT,0.98,EST_VALID,1
TM,SUN_L,3594,SUN_R,3186,SUN_NDV,0.0602,SUN_ANGLE,34.44
TM,MAG_X,-7.66,MAG_Y,1.18,MAG_Z,-18.29,MAG_HEADING,171.22
TM,GYRO_X,-0.761,GYRO_Y,-2.380,GYRO_Z,0.108,BODY_RATE,-0.108
TM,ADCS_MODE,MANUAL,ADCS_REFERENCE,SUN,TARGET,0.00,POINTING_ERROR,-34.43,SUN_ERROR,-34.42,MAG_ERROR,-171.22,GYRO_Z,-0.006,RW_CMD,0
TM,EST_RAW,34.42,EST_FILTERED,34.42,EST_ANGLE,34.43,EST_FILTER,ON,EST_FILTER_TYPE,MOVING_AVERAGE,EST_MA_WINDOW,1,EST_FILTER_STRENGTH,0.35
TM,EST_FUSION,ON,EST_GYRO_WEIGHT,0.98,EST_VALID,1
TM,SUN_L,3594,SUN_R,3186,SUN_NDV,0.0602,SUN_ANGLE,34.38
TM,MAG_X,-7.54,MAG_Y,0.98,MAG_Z,-18.27,MAG_HEADING,172.62
TM,GYRO_X,-0.770,GYRO_Y,-2.205,GYRO_Z,0.047,BODY_RATE,-0.047
TM,ADCS_MODE,MANUAL,ADCS_REFERENCE,SUN,TARGET,0.00,POINTING_ERROR,-34.44,SUN_ERROR,-34.41,MAG_ERROR,-171.99,GYRO_Z,-0.102,RW_CMD,0
TM,EST_RAW,34.41,EST_FILTERED,34.41,EST_ANGLE,34.44,EST_FILTER,ON,EST_FILTER_TYPE,MOVING_AVERAGE,EST_MA_WINDOW,1,EST_FILTER_STRENGTH,0.35
TM,EST_FUSION,ON,EST_GYRO_WEIGHT,0.98,EST_VALID,1
TM,SUN_L,3594,SUN_R,3187,SUN_NDV,0.0600,SUN_ANGLE,34.32
TM,MAG_X,-7.73,MAG_Y,1.09,MAG_Z,-18.40,MAG_HEADING,171.99
TM,GYRO_X,-0.910,GYRO_Y,-2.249,GYRO_Z,0.055,BODY_RATE,-0.055
TM,ADCS_MODE,MANUAL,ADCS_REFERENCE,SUN,TARGET,0.00,POINTING_ERROR,-34.46,SUN_ERROR,-34.41,MAG_ERROR,-170.56,GYRO_Z,-0.251,RW_CMD,0
TM,EST_RAW,34.41,EST_FILTERED,34.41,EST_ANGLE,34.46,EST_FILTER,ON,EST_FILTER_TYPE,MOVING_AVERAGE,EST_MA_WINDOW,1,EST_FILTER_STRENGTH,0.35
TM,EST_FUSION,ON,EST_GYRO_WEIGHT,0.98,EST_VALID,1
TM,SUN_L,3594,SUN_R,3187,SUN_NDV,0.0600,SUN_ANGLE,34.36
TM,MAG_X,-7.65,MAG_Y,1.18,MAG_Z,-18.06,MAG_HEADING,171.20
TM,GYRO_X,-0.962,GYRO_Y,-2.380,GYRO_Z,0.082,BODY_RATE,-0.082
TM,SUN_L,3594,SUN_R,3187,SUN_NDV,0.0600,SUN_ANGLE,34.39
TM,MAG_X,-7.81,MAG_Y,1.28,MAG_Z,-18.32,MAG_HEADING,170.69
TM,GYRO_X,-0.928,GYRO_Y,-2.310,GYRO_Z,-0.085,BODY_RATE,0.085
TM,ADCS_MODE,MANUAL,ADCS_REFERENCE,SUN,TARGET,0.00,POINTING_ERROR,-34.46,SUN_ERROR,-34.39,MAG_ERROR,-170.69,GYRO_Z,-0.085,RW_CMD,0
TM,EST_RAW,34.39,EST_FILTERED,34.39,EST_ANGLE,34.46,EST_FILTER,ON,EST_FILTER_TYPE,MOVING_AVERAGE,EST_MA_WINDOW,1,EST_FILTER_STRENGTH,0.35
TM,EST_FUSION,ON,EST_GYRO_WEIGHT,0.98,EST_VALID,1
TM,SUN_L,3595,SUN_R,3187,SUN_NDV,0.0602,SUN_ANGLE,34.36
TM,MAG_X,-7.84,MAG_Y,1.33,MAG_Z,-18.22,MAG_HEADING,170.39
TM,GYRO_X,-1.015,GYRO_Y,-2.362,GYRO_Z,-0.076,BODY_RATE,0.076
TM,ADCS_MODE,MANUAL,ADCS_REFERENCE,SUN,TARGET,0.00,POINTING_ERROR,-34.44,SUN_ERROR,-34.41,MAG_ERROR,-170.39,GYRO_Z,-0.146,RW_CMD,0
TM,EST_RAW,34.41,EST_FILTERED,34.41,EST_ANGLE,34.44,EST_FILTER,ON,EST_FILTER_TYPE,MOVING_AVERAGE,EST_MA_WINDOW,1,EST_FILTER_STRENGTH,0.35
TM,EST_FUSION,ON,EST_GYRO_WEIGHT,0.98,EST_VALID,1
TM,SUN_L,3594,SUN_R,3186,SUN_NDV,0.0602,SUN_ANGLE,34.35
TM,MAG_X,-7.95,MAG_Y,1.15,MAG_Z,-18.58,MAG_HEADING,171.76
TM,GYRO_X,-1.138,GYRO_Y,-2.275,GYRO_Z,-0.067,BODY_RATE,0.067
TM,ADCS_MODE,MANUAL,ADCS_REFERENCE,SUN,TARGET,0.00,POINTING_ERROR,-34.43,SUN_ERROR,-34.42,MAG_ERROR,-171.84,GYRO_Z,0.204,RW_CMD,0
TM,EST_RAW,34.42,EST_FILTERED,34.42,EST_ANGLE,34.43,EST_FILTER,ON,EST_FILTER_TYPE,MOVING_AVERAGE,EST_MA_WINDOW,1,EST_FILTER_STRENGTH,0.35
TM,EST_FUSION,ON,EST_GYRO_WEIGHT,0.98,EST_VALID,1
TM,SUN_L,3594,SUN_R,3186,SUN_NDV,0.0602,SUN_ANGLE,34.41
TM,MAG_X,-7.57,MAG_Y,1.22,MAG_Z,-18.27,MAG_HEADING,170.87
TM,GYRO_X,-1.225,GYRO_Y,-2.275,GYRO_Z,0.108,BODY_RATE,-0.108
TM,ADCS_MODE,MANUAL,ADCS_REFERENCE,SUN,TARGET,0.00,POINTING_ERROR,-34.42,SUN_ERROR,-34.42,MAG_ERROR,-171.50,GYRO_Z,0.195,RW_CMD,0
TM,EST_RAW,34.42,EST_FILTERED,34.42,EST_ANGLE,34.42,EST_FILTER,ON,EST_FILTER_TYPE,MOVING_AVERAGE,EST_MA_WINDOW,1,EST_FILTER_STRENGTH,0.35
TM,EST_FUSION,ON,EST_GYRO_WEIGHT,0.98,EST_VALID,1
TM,SUN_L,3594,SUN_R,3187,SUN_NDV,0.0600,SUN_ANGLE,34.51
TM,MAG_X,-7.71,MAG_Y,1.15,MAG_Z,-18.29,MAG_HEADING,171.50
TM,GYRO_X,-1.173,GYRO_Y,-2.415,GYRO_Z,0.213,BODY_RATE,-0.213
TM,SUN_L,3594,SUN_R,3186,SUN_NDV,0.0602,SUN_ANGLE,34.35
TM,MAG_X,-7.78,MAG_Y,1.30,MAG_Z,-18.18,MAG_HEADING,170.54
TM,GYRO_X,-0.875,GYRO_Y,-2.275,GYRO_Z,0.204,BODY_RATE,-0.204
TM,ADCS_MODE,MANUAL,ADCS_REFERENCE,SUN,TARGET,0.00,POINTING_ERROR,-34.42,SUN_ERROR,-34.47,MAG_ERROR,-170.54,GYRO_Z,-0.137,RW_CMD,0
TM,EST_RAW,34.47,EST_FILTERED,34.47,EST_ANGLE,34.42,EST_FILTER,ON,EST_FILTER_TYPE,MOVING_AVERAGE,EST_MA_WINDOW,1,EST_FILTER_STRENGTH,0.35
TM,EST_FUSION,ON,EST_GYRO_WEIGHT,0.98,EST_VALID,1
TM,SUN_L,3595,SUN_R,3188,SUN_NDV,0.0600,SUN_ANGLE,34.31
TM,MAG_X,-7.66,MAG_Y,1.28,MAG_Z,-18.40,MAG_HEADING,170.52
TM,GYRO_X,-1.033,GYRO_Y,-2.257,GYRO_Z,-0.172,BODY_RATE,0.172
TM,ADCS_MODE,MANUAL,ADCS_REFERENCE,SUN,TARGET,0.00,POINTING_ERROR,-34.40,SUN_ERROR,-34.38,MAG_ERROR,-171.71,GYRO_Z,-0.076,RW_CMD,0
TM,EST_RAW,34.38,EST_FILTERED,34.38,EST_ANGLE,34.40,EST_FILTER,ON,EST_FILTER_TYPE,MOVING_AVERAGE,EST_MA_WINDOW,1,EST_FILTER_STRENGTH,0.35
TM,EST_FUSION,ON,EST_GYRO_WEIGHT,0.98,EST_VALID,1
TM,SUN_L,3593,SUN_R,3187,SUN_NDV,0.0599,SUN_ANGLE,34.38
TM,MAG_X,-7.82,MAG_Y,1.26,MAG_Z,-18.42,MAG_HEADING,170.82
TM,GYRO_X,-0.901,GYRO_Y,-2.100,GYRO_Z,0.064,BODY_RATE,-0.064
TM,ADCS_MODE,MANUAL,ADCS_REFERENCE,SUN,TARGET,0.00,POINTING_ERROR,-34.39,SUN_ERROR,-34.38,MAG_ERROR,-170.82,GYRO_Z,0.239,RW_CMD,0
TM,EST_RAW,34.38,EST_FILTERED,34.38,EST_ANGLE,34.39,EST_FILTER,ON,EST_FILTER_TYPE,MOVING_AVERAGE,EST_MA_WINDOW,1,EST_FILTER_STRENGTH,0.35
TM,EST_FUSION,ON,EST_GYRO_WEIGHT,0.98,EST_VALID,1
TM,SUN_L,3595,SUN_R,3188,SUN_NDV,0.0600,SUN_ANGLE,34.30
TM,MAG_X,-7.71,MAG_Y,1.18,MAG_Z,-18.40,MAG_HEADING,171.27
TM,GYRO_X,-1.024,GYRO_Y,-2.118,GYRO_Z,0.090,BODY_RATE,-0.090
TM,ADCS_MODE,MANUAL,ADCS_REFERENCE,SUN,TARGET,0.00,POINTING_ERROR,-34.39,SUN_ERROR,-34.38,MAG_ERROR,-170.31,GYRO_Z,-0.163,RW_CMD,0
TM,EST_RAW,34.38,EST_FILTERED,34.38,EST_ANGLE,34.39,EST_FILTER,ON,EST_FILTER_TYPE,MOVING_AVERAGE,EST_MA_WINDOW,1,EST_FILTER_STRENGTH,0.35
TM,EST_FUSION,ON,EST_GYRO_WEIGHT,0.98,EST_VALID,1
TM,SUN_L,3594,SUN_R,3187,SUN_NDV,0.0600,SUN_ANGLE,34.41
TM,MAG_X,-7.87,MAG_Y,1.34,MAG_Z,-18.37,MAG_HEADING,170.31
TM,GYRO_X,-0.945,GYRO_Y,-2.354,GYRO_Z,-0.006,BODY_RATE,0.006
TM,SUN_L,3594,SUN_R,3185,SUN_NDV,0.0603,SUN_ANGLE,34.38
TM,MAG_X,-7.76,MAG_Y,1.22,MAG_Z,-18.38,MAG_HEADING,171.09
TM,GYRO_X,-0.744,GYRO_Y,-4.419,GYRO_Z,0.090,BODY_RATE,-0.090
TM,ADCS_MODE,MANUAL,ADCS_REFERENCE,SUN,TARGET,0.00,POINTING_ERROR,-34.38,SUN_ERROR,-34.38,MAG_ERROR,-171.09,GYRO_Z,-0.041,RW_CMD,0
TM,EST_RAW,34.38,EST_FILTERED,34.38,EST_ANGLE,34.38,EST_FILTER,ON,EST_FILTER_TYPE,MOVING_AVERAGE,EST_MA_WINDOW,1,EST_FILTER_STRENGTH,0.35
TM,EST_FUSION,ON,EST_GYRO_WEIGHT,0.98,EST_VALID,1
TM,SUN_L,3594,SUN_R,3187,SUN_NDV,0.0600,SUN_ANGLE,34.24
TM,MAG_X,-7.79,MAG_Y,1.22,MAG_Z,-18.19,MAG_HEADING,171.13
TM,GYRO_X,-1.225,GYRO_Y,-2.275,GYRO_Z,-0.251,BODY_RATE,0.251
TM,ADCS_MODE,MANUAL,ADCS_REFERENCE,SUN,TARGET,0.00,POINTING_ERROR,-34.36,SUN_ERROR,-34.30,MAG_ERROR,-171.13,GYRO_Z,0.055,RW_CMD,0
TM,EST_RAW,34.30,EST_FILTERED,34.30,EST_ANGLE,34.36,EST_FILTER,ON,EST_FILTER_TYPE,MOVING_AVERAGE,EST_MA_WINDOW,1,EST_FILTER_STRENGTH,0.35
TM,EST_FUSION,ON,EST_GYRO_WEIGHT,0.98,EST_VALID,1
TM,SUN_L,3594,SUN_R,3187,SUN_NDV,0.0600,SUN_ANGLE,34.37
TM,MAG_X,-7.71,MAG_Y,1.17,MAG_Z,-18.61,MAG_HEADING,171.39
TM,GYRO_X,-1.050,GYRO_Y,-2.362,GYRO_Z,0.012,BODY_RATE,-0.012
TM,ADCS_MODE,MANUAL,ADCS_REFERENCE,SUN,TARGET,0.00,POINTING_ERROR,-34.36,SUN_ERROR,-34.43,MAG_ERROR,-171.05,GYRO_Z,0.108,RW_CMD,0
TM,EST_RAW,34.43,EST_FILTERED,34.43,EST_ANGLE,34.36,EST_FILTER,ON,EST_FILTER_TYPE,MOVING_AVERAGE,EST_MA_WINDOW,1,EST_FILTER_STRENGTH,0.35
TM,EST_FUSION,ON,EST_GYRO_WEIGHT,0.98,EST_VALID,1
TM,SUN_L,3594,SUN_R,3188,SUN_NDV,0.0599,SUN_ANGLE,34.30
TM,MAG_X,-7.82,MAG_Y,1.23,MAG_Z,-18.45,MAG_HEADING,171.05
TM,GYRO_X,-0.998,GYRO_Y,-2.205,GYRO_Z,0.082,BODY_RATE,-0.082
TM,ADCS_MODE,MANUAL,ADCS_REFERENCE,SUN,TARGET,0.00,POINTING_ERROR,-34.36,SUN_ERROR,-34.38,MAG_ERROR,-170.48,GYRO_Z,0.038,RW_CMD,0
TM,EST_RAW,34.38,EST_FILTERED,34.38,EST_ANGLE,34.36,EST_FILTER,ON,EST_FILTER_TYPE,MOVING_AVERAGE,EST_MA_WINDOW,1,EST_FILTER_STRENGTH,0.35
TM,EST_FUSION,ON,EST_GYRO_WEIGHT,0.98,EST_VALID,1
TM,SUN_L,3594,SUN_R,3186,SUN_NDV,0.0602,SUN_ANGLE,34.29
TM,MAG_X,-7.87,MAG_Y,1.14,MAG_Z,-18.29,MAG_HEADING,171.79
TM,GYRO_X,-1.033,GYRO_Y,-1.951,GYRO_Z,-0.076,BODY_RATE,0.076
TM,SUN_L,3593,SUN_R,3187,SUN_NDV,0.0599,SUN_ANGLE,34.35
TM,MAG_X,-7.84,MAG_Y,1.36,MAG_Z,-18.38,MAG_HEADING,170.16
TM,GYRO_X,-1.199,GYRO_Y,-2.179,GYRO_Z,0.274,BODY_RATE,-0.274
TM,ADCS_MODE,MANUAL,ADCS_REFERENCE,SUN,TARGET,0.00,POINTING_ERROR,-34.36,SUN_ERROR,-34.35,MAG_ERROR,-170.16,GYRO_Z,0.274,RW_CMD,0
TM,EST_RAW,34.35,EST_FILTERED,34.35,EST_ANGLE,34.36,EST_FILTER,ON,EST_FILTER_TYPE,MOVING_AVERAGE,EST_MA_WINDOW,1,EST_FILTER_STRENGTH,0.35
TM,EST_FUSION,ON,EST_GYRO_WEIGHT,0.98,EST_VALID,1
TM,SUN_L,3594,SUN_R,3187,SUN_NDV,0.0600,SUN_ANGLE,34.34
TM,MAG_X,-7.78,MAG_Y,1.28,MAG_Z,-18.19,MAG_HEADING,170.65
TM,GYRO_X,-0.884,GYRO_Y,-2.082,GYRO_Z,0.257,BODY_RATE,-0.257
TM,ADCS_MODE,MANUAL,ADCS_REFERENCE,SUN,TARGET,0.00,POINTING_ERROR,-34.37,SUN_ERROR,-34.35,MAG_ERROR,-170.93,GYRO_Z,0.003,RW_CMD,0
TM,EST_RAW,34.35,EST_FILTERED,34.35,EST_ANGLE,34.37,EST_FILTER,ON,EST_FILTER_TYPE,MOVING_AVERAGE,EST_MA_WINDOW,1,EST_FILTER_STRENGTH,0.35
TM,EST_FUSION,ON,EST_GYRO_WEIGHT,0.98,EST_VALID,1
TM,SUN_L,3594,SUN_R,3186,SUN_NDV,0.0602,SUN_ANGLE,34.35
TM,MAG_X,-7.92,MAG_Y,1.26,MAG_Z,-18.40,MAG_HEADING,170.93
TM,GYRO_X,-1.199,GYRO_Y,-2.030,GYRO_Z,0.125,BODY_RATE,-0.125
TM,ADCS_MODE,MANUAL,ADCS_REFERENCE,SUN,TARGET,0.00,POINTING_ERROR,-34.36,SUN_ERROR,-34.38,MAG_ERROR,-170.99,GYRO_Z,0.169,RW_CMD,0
TM,EST_RAW,34.38,EST_FILTERED,34.38,EST_ANGLE,34.36,EST_FILTER,ON,EST_FILTER_TYPE,MOVING_AVERAGE,EST_MA_WINDOW,1,EST_FILTER_STRENGTH,0.35
TM,EST_FUSION,ON,EST_GYRO_WEIGHT,0.98,EST_VALID,1
TM,SUN_L,3594,SUN_R,3186,SUN_NDV,0.0602,SUN_ANGLE,34.38
TM,MAG_X,-7.78,MAG_Y,1.12,MAG_Z,-18.35,MAG_HEADING,171.80
TM,GYRO_X,-0.866,GYRO_Y,-2.336,GYRO_Z,-0.163,BODY_RATE,0.163
TM,ADCS_MODE,MANUAL,ADCS_REFERENCE,SUN,TARGET,0.00,POINTING_ERROR,-34.36,SUN_ERROR,-34.32,MAG_ERROR,-170.71,GYRO_Z,-0.023,RW_CMD,0
TM,EST_RAW,34.32,EST_FILTERED,34.32,EST_ANGLE,34.36,EST_FILTER,ON,EST_FILTER_TYPE,MOVING_AVERAGE,EST_MA_WINDOW,1,EST_FILTER_STRENGTH,0.35
TM,EST_FUSION,ON,EST_GYRO_WEIGHT,0.98,EST_VALID,1
TM,SUN_L,3595,SUN_R,3187,SUN_NDV,0.0602,SUN_ANGLE,34.40
TM,MAG_X,-7.82,MAG_Y,1.28,MAG_Z,-18.22,MAG_HEADING,170.71
TM,GYRO_X,-1.251,GYRO_Y,-1.995,GYRO_Z,-0.058,BODY_RATE,0.058
TM,SUN_L,3595,SUN_R,3188,SUN_NDV,0.0600,SUN_ANGLE,34.39
TM,MAG_X,-7.74,MAG_Y,1.26,MAG_Z,-18.24,MAG_HEADING,170.73
TM,GYRO_X,-1.181,GYRO_Y,-2.091,GYRO_Z,-0.032,BODY_RATE,0.032
TM,ADCS_MODE,MANUAL,ADCS_REFERENCE,SUN,TARGET,0.00,POINTING_ERROR,-34.38,SUN_ERROR,-34.39,MAG_ERROR,-170.73,GYRO_Z,0.064,RW_CMD,0
TM,EST_RAW,34.39,EST_FILTERED,34.39,EST_ANGLE,34.38,EST_FILTER,ON,EST_FILTER_TYPE,MOVING_AVERAGE,EST_MA_WINDOW,1,EST_FILTER_STRENGTH,0.35
TM,EST_FUSION,ON,EST_GYRO_WEIGHT,0.98,EST_VALID,1
TM,SUN_L,3594,SUN_R,3188,SUN_NDV,0.0599,SUN_ANGLE,34.45
TM,MAG_X,-7.74,MAG_Y,1.20,MAG_Z,-18.18,MAG_HEADING,171.19
TM,GYRO_X,-0.866,GYRO_Y,-2.293,GYRO_Z,-0.172,BODY_RATE,0.172
TM,ADCS_MODE,MANUAL,ADCS_REFERENCE,SUN,TARGET,0.00,POINTING_ERROR,-34.37,SUN_ERROR,-34.37,MAG_ERROR,-171.19,GYRO_Z,-0.093,RW_CMD,0
TM,EST_RAW,34.37,EST_FILTERED,34.37,EST_ANGLE,34.37,EST_FILTER,ON,EST_FILTER_TYPE,MOVING_AVERAGE,EST_MA_WINDOW,1,EST_FILTER_STRENGTH,0.35
TM,EST_FUSION,ON,EST_GYRO_WEIGHT,0.98,EST_VALID,1
TM,SUN_L,3594,SUN_R,3187,SUN_NDV,0.0600,SUN_ANGLE,34.38
TM,MAG_X,-7.82,MAG_Y,1.23,MAG_Z,-18.27,MAG_HEADING,171.05
TM,GYRO_X,-0.998,GYRO_Y,-2.214,GYRO_Z,-0.251,BODY_RATE,0.251
TM,ADCS_MODE,MANUAL,ADCS_REFERENCE,SUN,TARGET,0.00,POINTING_ERROR,-34.38,SUN_ERROR,-34.33,MAG_ERROR,-171.05,GYRO_Z,-0.163,RW_CMD,0
TM,EST_RAW,34.33,EST_FILTERED,34.33,EST_ANGLE,34.38,EST_FILTER,ON,EST_FILTER_TYPE,MOVING_AVERAGE,EST_MA_WINDOW,1,EST_FILTER_STRENGTH,0.35
TM,EST_FUSION,ON,EST_GYRO_WEIGHT,0.98,EST_VALID,1
TM,SUN_L,3595,SUN_R,3187,SUN_NDV,0.0602,SUN_ANGLE,34.40
TM,MAG_X,-7.76,MAG_Y,1.31,MAG_Z,-18.30,MAG_HEADING,170.40
TM,GYRO_X,-1.164,GYRO_Y,-2.301,GYRO_Z,-0.006,BODY_RATE,0.006
TM,ADCS_MODE,MANUAL,ADCS_REFERENCE,SUN,TARGET,0.00,POINTING_ERROR,-34.39,SUN_ERROR,-34.39,MAG_ERROR,-171.32,GYRO_Z,-0.023,RW_CMD,0
TM,EST_RAW,34.39,EST_FILTERED,34.39,EST_ANGLE,34.39,EST_FILTER,ON,EST_FILTER_TYPE,MOVING_AVERAGE,EST_MA_WINDOW,1,EST_FILTER_STRENGTH,0.35
TM,EST_FUSION,ON,EST_GYRO_WEIGHT,0.98,EST_VALID,1
TM,SUN_L,3595,SUN_R,3187,SUN_NDV,0.0602,SUN_ANGLE,34.32
TM,MAG_X,-7.86,MAG_Y,1.20,MAG_Z,-18.14,MAG_HEADING,171.32
TM,GYRO_X,-0.998,GYRO_Y,-2.170,GYRO_Z,0.187,BODY_RATE,-0.187
TM,SUN_L,3595,SUN_R,3186,SUN_NDV,0.0603,SUN_ANGLE,34.27
TM,MAG_X,-7.71,MAG_Y,1.22,MAG_Z,-18.35,MAG_HEADING,171.04
TM,GYRO_X,-1.076,GYRO_Y,-2.310,GYRO_Z,0.239,BODY_RATE,-0.239
TM,ADCS_MODE,MANUAL,ADCS_REFERENCE,SUN,TARGET,0.00,POINTING_ERROR,-34.36,SUN_ERROR,-34.43,MAG_ERROR,-171.04,GYRO_Z,0.090,RW_CMD,0
TM,EST_RAW,34.43,EST_FILTERED,34.43,EST_ANGLE,34.36,EST_FILTER,ON,EST_FILTER_TYPE,MOVING_AVERAGE,EST_MA_WINDOW,1,EST_FILTER_STRENGTH,0.35
TM,EST_FUSION,ON,EST_GYRO_WEIGHT,0.98,EST_VALID,1
TM,SUN_L,3595,SUN_R,3187,SUN_NDV,0.0602,SUN_ANGLE,34.42
TM,MAG_X,-7.76,MAG_Y,1.28,MAG_Z,-18.45,MAG_HEADING,170.63
TM,GYRO_X,-0.998,GYRO_Y,-2.301,GYRO_Z,0.064,BODY_RATE,-0.064
TM,ADCS_MODE,MANUAL,ADCS_REFERENCE,SUN,TARGET,0.00,POINTING_ERROR,-34.37,SUN_ERROR,-34.38,MAG_ERROR,-170.63,GYRO_Z,0.082,RW_CMD,0
TM,EST_RAW,34.38,EST_FILTERED,34.38,EST_ANGLE,34.37,EST_FILTER,ON,EST_FILTER_TYPE,MOVING_AVERAGE,EST_MA_WINDOW,1,EST_FILTER_STRENGTH,0.35
TM,EST_FUSION,ON,EST_GYRO_WEIGHT,0.98,EST_VALID,1
TM,SUN_L,3595,SUN_R,3188,SUN_NDV,0.0600,SUN_ANGLE,34.38
TM,MAG_X,-7.78,MAG_Y,1.26,MAG_Z,-18.27,MAG_HEADING,170.77
TM,GYRO_X,-0.718,GYRO_Y,-2.485,GYRO_Z,-0.058,BODY_RATE,0.058
TM,ADCS_MODE,MANUAL,ADCS_REFERENCE,SUN,TARGET,0.00,POINTING_ERROR,-34.39,SUN_ERROR,-34.44,MAG_ERROR,-170.58,GYRO_Z,-0.295,RW_CMD,0
TM,EST_RAW,34.44,EST_FILTERED,34.44,EST_ANGLE,34.39,EST_FILTER,ON,EST_FILTER_TYPE,MOVING_AVERAGE,EST_MA_WINDOW,1,EST_FILTER_STRENGTH,0.35
TM,EST_FUSION,ON,EST_GYRO_WEIGHT,0.98,EST_VALID,1
TM,SUN_L,3595,SUN_R,3187,SUN_NDV,0.0602,SUN_ANGLE,34.33
TM,MAG_X,-7.82,MAG_Y,1.17,MAG_Z,-18.21,MAG_HEADING,171.51
TM,GYRO_X,-1.102,GYRO_Y,-2.380,GYRO_Z,-0.058,BODY_RATE,0.058
TM,ADCS_MODE,MANUAL,ADCS_REFERENCE,SUN,TARGET,0.00,POINTING_ERROR,-34.38,SUN_ERROR,-34.45,MAG_ERROR,-171.26,GYRO_Z,-0.111,RW_CMD,0
TM,EST_RAW,34.45,EST_FILTERED,34.45,EST_ANGLE,34.38,EST_FILTER,ON,EST_FILTER_TYPE,MOVING_AVERAGE,EST_MA_WINDOW,1,EST_FILTER_STRENGTH,0.35
TM,EST_FUSION,ON,EST_GYRO_WEIGHT,0.98,EST_VALID,1
TM,SUN_L,3596,SUN_R,3187,SUN_NDV,0.0603,SUN_ANGLE,34.35
TM,MAG_X,-7.81,MAG_Y,1.20,MAG_Z,-18.16,MAG_HEADING,171.26
TM,GYRO_X,-1.006,GYRO_Y,-2.520,GYRO_Z,-0.067,BODY_RATE,0.067
TM,SUN_L,3594,SUN_R,3187,SUN_NDV,0.0600,SUN_ANGLE,34.31
TM,MAG_X,-7.81,MAG_Y,1.18,MAG_Z,-18.22,MAG_HEADING,171.38
TM,GYRO_X,-1.076,GYRO_Y,-2.004,GYRO_Z,0.204,BODY_RATE,-0.204
TM,ADCS_MODE,MANUAL,ADCS_REFERENCE,SUN,TARGET,0.00,POINTING_ERROR,-34.37,SUN_ERROR,-34.31,MAG_ERROR,-171.38,GYRO_Z,0.204,RW_CMD,0
TM,EST_RAW,34.31,EST_FILTERED,34.31,EST_ANGLE,34.37,EST_FILTER,ON,EST_FILTER_TYPE,MOVING_AVERAGE,EST_MA_WINDOW,1,EST_FILTER_STRENGTH,0.35
TM,EST_FUSION,ON,EST_GYRO_WEIGHT,0.98,EST_VALID,1
TM,SUN_L,3594,SUN_R,3188,SUN_NDV,0.0599,SUN_ANGLE,34.42
TM,MAG_X,-7.68,MAG_Y,1.17,MAG_Z,-18.14,MAG_HEADING,171.35
TM,GYRO_X,-0.849,GYRO_Y,-2.354,GYRO_Z,0.134,BODY_RATE,-0.134
TM,ADCS_MODE,MANUAL,ADCS_REFERENCE,SUN,TARGET,0.00,POINTING_ERROR,-34.37,SUN_ERROR,-34.40,MAG_ERROR,-170.77,GYRO_Z,0.047,RW_CMD,0
TM,EST_RAW,34.40,EST_FILTERED,34.40,EST_ANGLE,34.37,EST_FILTER,ON,EST_FILTER_TYPE,MOVING_AVERAGE,EST_MA_WINDOW,1,EST_FILTER_STRENGTH,0.35
TM,EST_FUSION,ON,EST_GYRO_WEIGHT,0.98,EST_VALID,1
TM,SUN_L,3595,SUN_R,3187,SUN_NDV,0.0602,SUN_ANGLE,34.27
TM,MAG_X,-7.79,MAG_Y,1.23,MAG_Z,-18.26,MAG_HEADING,171.02
TM,GYRO_X,-0.822,GYRO_Y,-2.441,GYRO_Z,-0.067,BODY_RATE,0.067
TM,ADCS_MODE,MANUAL,ADCS_REFERENCE,SUN,TARGET,0.00,POINTING_ERROR,-34.36,SUN_ERROR,-34.42,MAG_ERROR,-171.02,GYRO_Z,0.134,RW_CMD,0
TM,EST_RAW,34.42,EST_FILTERED,34.42,EST_ANGLE,34.36,EST_FILTER,ON,EST_FILTER_TYPE,MOVING_AVERAGE,EST_MA_WINDOW,1,EST_FILTER_STRENGTH,0.35
TM,EST_FUSION,ON,EST_GYRO_WEIGHT,0.98,EST_VALID,1
TM,SUN_L,3595,SUN_R,3187,SUN_NDV,0.0602,SUN_ANGLE,34.32
TM,MAG_X,-7.84,MAG_Y,1.25,MAG_Z,-18.26,MAG_HEADING,170.96
TM,GYRO_X,-1.330,GYRO_Y,-2.362,GYRO_Z,-0.076,BODY_RATE,0.076
TM,ADCS_MODE,MANUAL,ADCS_REFERENCE,SUN,TARGET,0.00,POINTING_ERROR,-34.35,SUN_ERROR,-34.25,MAG_ERROR,-171.47,GYRO_Z,-0.023,RW_CMD,0
TM,EST_RAW,34.25,EST_FILTERED,34.25,EST_ANGLE,34.35,EST_FILTER,ON,EST_FILTER_TYPE,MOVING_AVERAGE,EST_MA_WINDOW,1,EST_FILTER_STRENGTH,0.35
TM,EST_FUSION,ON,EST_GYRO_WEIGHT,0.98,EST_VALID,1
TM,SUN_L,3595,SUN_R,3187,SUN_NDV,0.0602,SUN_ANGLE,34.31
TM,MAG_X,-7.79,MAG_Y,1.17,MAG_Z,-18.37,MAG_HEADING,171.47
TM,GYRO_X,-1.067,GYRO_Y,-2.380,GYRO_Z,-0.067,BODY_RATE,0.067
TM,SUN_L,3595,SUN_R,3188,SUN_NDV,0.0600,SUN_ANGLE,34.34
TM,MAG_X,-7.66,MAG_Y,1.28,MAG_Z,-18.45,MAG_HEADING,170.52
TM,GYRO_X,-0.971,GYRO_Y,-2.293,GYRO_Z,-0.198,BODY_RATE,0.198
TM,ADCS_MODE,MANUAL,ADCS_REFERENCE,SUN,TARGET,0.00,POINTING_ERROR,-34.36,SUN_ERROR,-34.34,MAG_ERROR,-170.52,GYRO_Z,-0.198,RW_CMD,0
TM,EST_RAW,34.34,EST_FILTERED,34.34,EST_ANGLE,34.36,EST_FILTER,ON,EST_FILTER_TYPE,MOVING_AVERAGE,EST_MA_WINDOW,1,EST_FILTER_STRENGTH,0.35
TM,EST_FUSION,ON,EST_GYRO_WEIGHT,0.98,EST_VALID,1
TM,SUN_L,3594,SUN_R,3187,SUN_NDV,0.0600,SUN_ANGLE,34.43
TM,MAG_X,-7.87,MAG_Y,1.23,MAG_Z,-18.18,MAG_HEADING,171.11
TM,GYRO_X,-1.006,GYRO_Y,-2.371,GYRO_Z,-0.032,BODY_RATE,0.032
TM,ADCS_MODE,MANUAL,ADCS_REFERENCE,SUN,TARGET,0.00,POINTING_ERROR,-34.36,SUN_ERROR,-34.40,MAG_ERROR,-171.11,GYRO_Z,0.222,RW_CMD,0
TM,EST_RAW,34.40,EST_FILTERED,34.40,EST_ANGLE,34.36,EST_FILTER,ON,EST_FILTER_TYPE,MOVING_AVERAGE,EST_MA_WINDOW,1,EST_FILTER_STRENGTH,0.35
TM,EST_FUSION,ON,EST_GYRO_WEIGHT,0.98,EST_VALID,1
TM,SUN_L,3595,SUN_R,3187,SUN_NDV,0.0602,SUN_ANGLE,34.35
TM,MAG_X,-7.92,MAG_Y,1.36,MAG_Z,-18.26,MAG_HEADING,170.26
TM,GYRO_X,-0.989,GYRO_Y,-2.126,GYRO_Z,0.230,BODY_RATE,-0.230
TM,ADCS_MODE,MANUAL,ADCS_REFERENCE,SUN,TARGET,0.00,POINTING_ERROR,-34.35,SUN_ERROR,-34.51,MAG_ERROR,-171.36,GYRO_Z,-0.041,RW_CMD,0
TM,EST_RAW,34.51,EST_FILTERED,34.51,EST_ANGLE,34.35,EST_FILTER,ON,EST_FILTER_TYPE,MOVING_AVERAGE,EST_MA_WINDOW,1,EST_FILTER_STRENGTH,0.35
TM,EST_FUSION,ON,EST_GYRO_WEIGHT,0.98,EST_VALID,1
TM,SUN_L,3594,SUN_R,3185,SUN_NDV,0.0603,SUN_ANGLE,34.48
TM,MAG_X,-8.00,MAG_Y,1.22,MAG_Z,-18.11,MAG_HEADING,171.36
TM,GYRO_X,-1.190,GYRO_Y,-2.275,GYRO_Z,0.082,BODY_RATE,-0.082
TM,ADCS_MODE,MANUAL,ADCS_REFERENCE,SUN,TARGET,0.00,POINTING_ERROR,-34.37,SUN_ERROR,-34.45,MAG_ERROR,-170.61,GYRO_Z,-0.050,RW_CMD,0
TM,EST_RAW,34.45,EST_FILTERED,34.45,EST_ANGLE,34.37,EST_FILTER,ON,EST_FILTER_TYPE,MOVING_AVERAGE,EST_MA_WINDOW,1,EST_FILTER_STRENGTH,0.35
TM,EST_FUSION,ON,EST_GYRO_WEIGHT,0.98,EST_VALID,1
TM,SUN_L,3594,SUN_R,3187,SUN_NDV,0.0600,SUN_ANGLE,34.46
TM,MAG_X,-7.86,MAG_Y,1.33,MAG_Z,-18.48,MAG_HEADING,170.41
TM,GYRO_X,-0.962,GYRO_Y,-2.476,GYRO_Z,-0.050,BODY_RATE,0.050
TM,SUN_L,3594,SUN_R,3186,SUN_NDV,0.0602,SUN_ANGLE,34.49
TM,MAG_X,-7.78,MAG_Y,1.31,MAG_Z,-18.46,MAG_HEADING,170.42
TM,GYRO_X,-1.138,GYRO_Y,-2.161,GYRO_Z,-0.207,BODY_RATE,0.207
TM,ADCS_MODE,MANUAL,ADCS_REFERENCE,SUN,TARGET,0.00,POINTING_ERROR,-34.40,SUN_ERROR,-34.49,MAG_ERROR,-170.42,GYRO_Z,-0.207,RW_CMD,0
TM,EST_RAW,34.49,EST_FILTERED,34.49,EST_ANGLE,34.40,EST_FILTER,ON,EST_FILTER_TYPE,MOVING_AVERAGE,EST_MA_WINDOW,1,EST_FILTER_STRENGTH,0.35
TM,EST_FUSION,ON,EST_GYRO_WEIGHT,0.98,EST_VALID,1
TM,SUN_L,3594,SUN_R,3185,SUN_NDV,0.0603,SUN_ANGLE,34.53
TM,MAG_X,-7.82,MAG_Y,1.28,MAG_Z,-18.32,MAG_HEADING,170.71
TM,GYRO_X,-1.164,GYRO_Y,-2.056,GYRO_Z,0.169,BODY_RATE,-0.169
TM,ADCS_MODE,MANUAL,ADCS_REFERENCE,SUN,TARGET,0.00,POINTING_ERROR,-34.40,SUN_ERROR,-34.42,MAG_ERROR,-170.71,GYRO_Z,0.082,RW_CMD,0
TM,EST_RAW,34.42,EST_FILTERED,34.42,EST_ANGLE,34.40,EST_FILTER,ON,EST_FILTER_TYPE,MOVING_AVERAGE,EST_MA_WINDOW,1,EST_FILTER_STRENGTH,0.35
TM,EST_FUSION,ON,EST_GYRO_WEIGHT,0.98,EST_VALID,1
TM,SUN_L,3595,SUN_R,3184,SUN_NDV,0.0606,SUN_ANGLE,34.53
TM,MAG_X,-7.81,MAG_Y,1.39,MAG_Z,-18.40,MAG_HEADING,169.89
TM,GYRO_X,-0.945,GYRO_Y,-2.004,GYRO_Z,0.160,BODY_RATE,-0.160
TM,ADCS_MODE,MANUAL,ADCS_REFERENCE,SUN,TARGET,0.00,POINTING_ERROR,-34.42,SUN_ERROR,-34.48,MAG_ERROR,-169.54,GYRO_Z,0.108,RW_CMD,0
TM,EST_RAW,34.48,EST_FILTERED,34.48,EST_ANGLE,34.42,EST_FILTER,ON,EST_FILTER_TYPE,MOVING_AVERAGE,EST_MA_WINDOW,1,EST_FILTER_STRENGTH,0.35
TM,EST_FUSION,ON,EST_GYRO_WEIGHT,0.98,EST_VALID,1
TM,SUN_L,3595,SUN_R,3185,SUN_NDV,0.0605,SUN_ANGLE,34.41
TM,MAG_X,-7.87,MAG_Y,1.18,MAG_Z,-18.48,MAG_HEADING,171.45
TM,GYRO_X,-1.024,GYRO_Y,-2.188,GYRO_Z,0.204,BODY_RATE,-0.204
TM,ADCS_MODE,MANUAL,ADCS_REFERENCE,SUN,TARGET,0.00,POINTING_ERROR,-34.42,SUN_ERROR,-34.44,MAG_ERROR,-171.15,GYRO_Z,0.204,RW_CMD,0
TM,EST_RAW,34.44,EST_FILTERED,34.44,EST_ANGLE,34.42,EST_FILTER,ON,EST_FILTER_TYPE,MOVING_AVERAGE,EST_MA_WINDOW,1,EST_FILTER_STRENGTH,0.35
TM,EST_FUSION,ON,EST_GYRO_WEIGHT,0.98,EST_VALID,1
TM,SUN_L,3594,SUN_R,3186,SUN_NDV,0.0602,SUN_ANGLE,34.56
TM,MAG_X,-7.81,MAG_Y,1.22,MAG_Z,-18.69,MAG_HEADING,171.15
TM,GYRO_X,-1.041,GYRO_Y,-2.004,GYRO_Z,-0.102,BODY_RATE,0.102
TM,SUN_L,3593,SUN_R,3184,SUN_NDV,0.0604,SUN_ANGLE,34.62
TM,MAG_X,-7.94,MAG_Y,1.20,MAG_Z,-18.54,MAG_HEADING,171.40
TM,GYRO_X,-1.129,GYRO_Y,-2.275,GYRO_Z,0.195,BODY_RATE,-0.195
TM,ADCS_MODE,MANUAL,ADCS_REFERENCE,SUN,TARGET,0.00,POINTING_ERROR,-34.45,SUN_ERROR,-34.64,MAG_ERROR,-171.40,GYRO_Z,0.090,RW_CMD,0
TM,EST_RAW,34.64,EST_FILTERED,34.64,EST_ANGLE,34.45,EST_FILTER,ON,EST_FILTER_TYPE,MOVING_AVERAGE,EST_MA_WINDOW,1,EST_FILTER_STRENGTH,0.35
TM,EST_FUSION,ON,EST_GYRO_WEIGHT,0.98,EST_VALID,1
TM,SUN_L,3594,SUN_R,3183,SUN_NDV,0.0606,SUN_ANGLE,34.66
TM,MAG_X,-7.87,MAG_Y,1.14,MAG_Z,-18.48,MAG_HEADING,171.79
TM,GYRO_X,-0.744,GYRO_Y,-2.713,GYRO_Z,-0.102,BODY_RATE,0.102
TM,ADCS_MODE,MANUAL,ADCS_REFERENCE,SUN,TARGET,0.00,POINTING_ERROR,-34.48,SUN_ERROR,-34.56,MAG_ERROR,-170.95,GYRO_Z,-0.076,RW_CMD,0
TM,EST_RAW,34.56,EST_FILTERED,34.56,EST_ANGLE,34.48,EST_FILTER,ON,EST_FILTER_TYPE,MOVING_AVERAGE,EST_MA_WINDOW,1,EST_FILTER_STRENGTH,0.35
TM,EST_FUSION,ON,EST_GYRO_WEIGHT,0.98,EST_VALID,1
TM,SUN_L,3593,SUN_R,3181,SUN_NDV,0.0608,SUN_ANGLE,34.66
TM,MAG_X,-7.87,MAG_Y,1.18,MAG_Z,-18.35,MAG_HEADING,171.45
TM,GYRO_X,-1.207,GYRO_Y,-2.152,GYRO_Z,0.012,BODY_RATE,-0.012
TM,ADCS_MODE,MANUAL,ADCS_REFERENCE,SUN,TARGET,0.00,POINTING_ERROR,-34.51,SUN_ERROR,-34.63,MAG_ERROR,-171.45,GYRO_Z,-0.172,RW_CMD,0
TM,EST_RAW,34.63,EST_FILTERED,34.63,EST_ANGLE,34.51,EST_FILTER,ON,EST_FILTER_TYPE,MOVING_AVERAGE,EST_MA_WINDOW,1,EST_FILTER_STRENGTH,0.35
TM,EST_FUSION,ON,EST_GYRO_WEIGHT,0.98,EST_VALID,1
TM,SUN_L,3594,SUN_R,3180,SUN_NDV,0.0611,SUN_ANGLE,34.65
TM,MAG_X,-7.81,MAG_Y,1.09,MAG_Z,-18.32,MAG_HEADING,172.07
TM,GYRO_X,-0.989,GYRO_Y,-2.310,GYRO_Z,0.038,BODY_RATE,-0.038
TM,ADCS_MODE,MANUAL,ADCS_REFERENCE,SUN,TARGET,0.00,POINTING_ERROR,-34.55,SUN_ERROR,-34.59,MAG_ERROR,-170.70,GYRO_Z,-0.286,RW_CMD,0
TM,EST_RAW,34.59,EST_FILTERED,34.59,EST_ANGLE,34.55,EST_FILTER,ON,EST_FILTER_TYPE,MOVING_AVERAGE,EST_MA_WINDOW,1,EST_FILTER_STRENGTH,0.35
TM,EST_FUSION,ON,EST_GYRO_WEIGHT,0.98,EST_VALID,1
TM,SUN_L,3592,SUN_R,3181,SUN_NDV,0.0607,SUN_ANGLE,34.80
TM,MAG_X,-8.02,MAG_Y,1.31,MAG_Z,-18.46,MAG_HEADING,170.70
TM,GYRO_X,-1.024,GYRO_Y,-2.205,GYRO_Z,0.125,BODY_RATE,-0.125
TM,SUN_L,3593,SUN_R,3179,SUN_NDV,0.0611,SUN_ANGLE,34.70
TM,MAG_X,-8.18,MAG_Y,0.72,MAG_Z,-18.51,MAG_HEADING,174.97
TM,GYRO_X,-0.919,GYRO_Y,-2.599,GYRO_Z,-0.015,BODY_RATE,0.015
TM,ADCS_MODE,MANUAL,ADCS_REFERENCE,SUN,TARGET,0.00,POINTING_ERROR,-34.59,SUN_ERROR,-34.70,MAG_ERROR,-174.97,GYRO_Z,-0.015,RW_CMD,0
TM,EST_RAW,34.70,EST_FILTERED,34.70,EST_ANGLE,34.59,EST_FILTER,ON,EST_FILTER_TYPE,MOVING_AVERAGE,EST_MA_WINDOW,1,EST_FILTER_STRENGTH,0.35
TM,EST_FUSION,ON,EST_GYRO_WEIGHT,0.98,EST_VALID,1
TM,SUN_L,3593,SUN_R,3177,SUN_NDV,0.0614,SUN_ANGLE,35.00
TM,MAG_X,-8.13,MAG_Y,0.74,MAG_Z,-18.56,MAG_HEADING,174.83
TM,GYRO_X,-0.840,GYRO_Y,-2.354,GYRO_Z,0.029,BODY_RATE,-0.029
TM,ADCS_MODE,MANUAL,ADCS_REFERENCE,SUN,TARGET,0.00,POINTING_ERROR,-34.68,SUN_ERROR,-34.66,MAG_ERROR,-174.83,GYRO_Z,-0.531,RW_CMD,0
TM,EST_RAW,34.66,EST_FILTERED,34.66,EST_ANGLE,34.68,EST_FILTER,ON,EST_FILTER_TYPE,MOVING_AVERAGE,EST_MA_WINDOW,1,EST_FILTER_STRENGTH,0.35
TM,EST_FUSION,ON,EST_GYRO_WEIGHT,0.98,EST_VALID,1
TM,SUN_L,3589,SUN_R,3171,SUN_NDV,0.0618,SUN_ANGLE,34.86
TM,MAG_X,-8.03,MAG_Y,0.62,MAG_Z,-18.37,MAG_HEADING,175.56
TM,GYRO_X,-1.164,GYRO_Y,-2.021,GYRO_Z,0.362,BODY_RATE,-0.362
TM,ADCS_MODE,MANUAL,ADCS_REFERENCE,SUN,TARGET,0.00,POINTING_ERROR,-34.60,SUN_ERROR,-34.37,MAG_ERROR,-175.70,GYRO_Z,1.228,RW_CMD,0
TM,EST_RAW,34.37,EST_FILTERED,34.37,EST_ANGLE,34.60,EST_FILTER,ON,EST_FILTER_TYPE,MOVING_AVERAGE,EST_MA_WINDOW,1,EST_FILTER_STRENGTH,0.35
TM,EST_FUSION,ON,EST_GYRO_WEIGHT,0.98,EST_VALID,1
TM,SUN_L,3589,SUN_R,3176,SUN_NDV,0.0610,SUN_ANGLE,34.59
TM,MAG_X,-7.87,MAG_Y,0.59,MAG_Z,-18.43,MAG_HEADING,175.70
TM,GYRO_X,-1.120,GYRO_Y,-1.102,GYRO_Z,-0.356,BODY_RATE,0.356
TM,ADCS_MODE,MANUAL,ADCS_REFERENCE,SUN,TARGET,0.00,POINTING_ERROR,-34.73,SUN_ERROR,-34.94,MAG_ERROR,-174.76,GYRO_Z,-1.485,RW_CMD,0
TM,EST_RAW,34.94,EST_FILTERED,34.94,EST_ANGLE,34.73,EST_FILTER,ON,EST_FILTER_TYPE,MOVING_AVERAGE,EST_MA_WINDOW,1,EST_FILTER_STRENGTH,0.35
TM,EST_FUSION,ON,EST_GYRO_WEIGHT,0.98,EST_VALID,1
TM,SUN_L,3585,SUN_R,3175,SUN_NDV,0.0607,SUN_ANGLE,34.55
TM,MAG_X,-7.71,MAG_Y,0.75,MAG_Z,-18.54,MAG_HEADING,174.43
TM,GYRO_X,-0.892,GYRO_Y,-1.820,GYRO_Z,-0.925,BODY_RATE,0.925
TM,SUN_L,3602,SUN_R,3192,SUN_NDV,0.0603,SUN_ANGLE,34.63
TM,MAG_X,-7.90,MAG_Y,0.86,MAG_Z,-18.51,MAG_HEADING,173.76
TM,GYRO_X,-0.656,GYRO_Y,-3.045,GYRO_Z,-0.023,BODY_RATE,0.023
TM,ADCS_MODE,MANUAL,ADCS_REFERENCE,SUN,TARGET,0.00,POINTING_ERROR,-34.48,SUN_ERROR,-34.63,MAG_ERROR,-173.76,GYRO_Z,-0.023,RW_CMD,0
TM,EST_RAW,34.63,EST_FILTERED,34.63,EST_ANGLE,34.48,EST_FILTER,ON,EST_FILTER_TYPE,MOVING_AVERAGE,EST_MA_WINDOW,1,EST_FILTER_STRENGTH,0.35
TM,EST_FUSION,ON,EST_GYRO_WEIGHT,0.98,EST_VALID,1
TM,SUN_L,3593,SUN_R,3173,SUN_NDV,0.0621,SUN_ANGLE,35.15
TM,MAG_X,-7.89,MAG_Y,0.91,MAG_Z,-18.48,MAG_HEADING,173.40
TM,GYRO_X,-0.210,GYRO_Y,-2.266,GYRO_Z,-6.621,BODY_RATE,6.621
TM,ADCS_MODE,MANUAL,ADCS_REFERENCE,SUN,TARGET,0.00,POINTING_ERROR,-35.60,SUN_ERROR,-35.44,MAG_ERROR,-176.06,GYRO_Z,-1.143,RW_CMD,0
TM,EST_RAW,35.44,EST_FILTERED,35.44,EST_ANGLE,35.60,EST_FILTER,ON,EST_FILTER_TYPE,MOVING_AVERAGE,EST_MA_WINDOW,1,EST_FILTER_STRENGTH,0.35
TM,EST_FUSION,ON,EST_GYRO_WEIGHT,0.98,EST_VALID,1
TM,SUN_L,3596,SUN_R,3175,SUN_NDV,0.0622,SUN_ANGLE,35.18
TM,MAG_X,-7.54,MAG_Y,0.58,MAG_Z,-18.45,MAG_HEADING,175.63
TM,GYRO_X,-0.971,GYRO_Y,-2.590,GYRO_Z,0.388,BODY_RATE,-0.388
TM,ADCS_MODE,MANUAL,ADCS_REFERENCE,SUN,TARGET,0.00,POINTING_ERROR,-35.31,SUN_ERROR,-35.26,MAG_ERROR,-175.63,GYRO_Z,-1.082,RW_CMD,0
TM,EST_RAW,35.26,EST_FILTERED,35.26,EST_ANGLE,35.31,EST_FILTER,ON,EST_FILTER_TYPE,MOVING_AVERAGE,EST_MA_WINDOW,1,EST_FILTER_STRENGTH,0.35
TM,EST_FUSION,ON,EST_GYRO_WEIGHT,0.98,EST_VALID,1
TM,SUN_L,3594,SUN_R,3173,SUN_NDV,0.0622,SUN_ANGLE,35.35
TM,MAG_X,-7.60,MAG_Y,0.53,MAG_Z,-18.53,MAG_HEADING,176.03
TM,GYRO_X,-0.962,GYRO_Y,-2.345,GYRO_Z,-1.187,BODY_RATE,1.187
TM,ADCS_MODE,MANUAL,ADCS_REFERENCE,SUN,TARGET,0.00,POINTING_ERROR,-35.38,SUN_ERROR,-35.27,MAG_ERROR,-177.10,GYRO_Z,1.237,RW_CMD,0
TM,EST_RAW,35.27,EST_FILTERED,35.27,EST_ANGLE,35.38,EST_FILTER,ON,EST_FILTER_TYPE,MOVING_AVERAGE,EST_MA_WINDOW,1,EST_FILTER_STRENGTH,0.35
TM,EST_FUSION,ON,EST_GYRO_WEIGHT,0.98,EST_VALID,1
TM,SUN_L,3597,SUN_R,3175,SUN_NDV,0.0623,SUN_ANGLE,35.08
TM,MAG_X,-7.58,MAG_Y,0.38,MAG_Z,-18.50,MAG_HEADING,177.10
TM,GYRO_X,-1.374,GYRO_Y,-2.047,GYRO_Z,0.484,BODY_RATE,-0.484
TM,SUN_L,3594,SUN_R,3175,SUN_NDV,0.0619,SUN_ANGLE,35.13
TM,MAG_X,-7.55,MAG_Y,0.53,MAG_Z,-18.59,MAG_HEADING,176.00
TM,GYRO_X,-1.024,GYRO_Y,-2.196,GYRO_Z,0.082,BODY_RATE,-0.082
TM,ADCS_MODE,MANUAL,ADCS_REFERENCE,SUN,TARGET,0.00,POINTING_ERROR,-35.30,SUN_ERROR,-35.13,MAG_ERROR,-176.00,GYRO_Z,0.082,RW_CMD,0
TM,EST_RAW,35.13,EST_FILTERED,35.13,EST_ANGLE,35.30,EST_FILTER,ON,EST_FILTER_TYPE,MOVING_AVERAGE,EST_MA_WINDOW,1,EST_FILTER_STRENGTH,0.35
TM,EST_FUSION,ON,EST_GYRO_WEIGHT,0.98,EST_VALID,1
TM,SUN_L,3595,SUN_R,3176,SUN_NDV,0.0619,SUN_ANGLE,35.16
TM,MAG_X,-7.66,MAG_Y,0.45,MAG_Z,-18.48,MAG_HEADING,176.65
TM,GYRO_X,-1.102,GYRO_Y,-2.354,GYRO_Z,-0.190,BODY_RATE,0.190
TM,ADCS_MODE,MANUAL,ADCS_REFERENCE,SUN,TARGET,0.00,POINTING_ERROR,-35.26,SUN_ERROR,-35.08,MAG_ERROR,-176.65,GYRO_Z,-0.128,RW_CMD,0
TM,EST_RAW,35.08,EST_FILTERED,35.08,EST_ANGLE,35.26,EST_FILTER,ON,EST_FILTER_TYPE,MOVING_AVERAGE,EST_MA_WINDOW,1,EST_FILTER_STRENGTH,0.35
TM,EST_FUSION,ON,EST_GYRO_WEIGHT,0.98,EST_VALID,1
TM,SUN_L,3595,SUN_R,3176,SUN_NDV,0.0619,SUN_ANGLE,35.04
TM,MAG_X,-7.60,MAG_Y,0.53,MAG_Z,-18.37,MAG_HEADING,176.03
TM,GYRO_X,-1.199,GYRO_Y,-2.030,GYRO_Z,0.082,BODY_RATE,-0.082
TM,ADCS_MODE,MANUAL,ADCS_REFERENCE,SUN,TARGET,0.00,POINTING_ERROR,-35.24,SUN_ERROR,-35.13,MAG_ERROR,-175.09,GYRO_Z,0.099,RW_CMD,0
TM,EST_RAW,35.13,EST_FILTERED,35.13,EST_ANGLE,35.24,EST_FILTER,ON,EST_FILTER_TYPE,MOVING_AVERAGE,EST_MA_WINDOW,1,EST_FILTER_STRENGTH,0.35
TM,EST_FUSION,ON,EST_GYRO_WEIGHT,0.98,EST_VALID,1
TM,SUN_L,3595,SUN_R,3177,SUN_NDV,0.0617,SUN_ANGLE,35.14
TM,MAG_X,-7.63,MAG_Y,0.66,MAG_Z,-18.56,MAG_HEADING,175.09
TM,GYRO_X,-0.849,GYRO_Y,-2.328,GYRO_Z,-0.216,BODY_RATE,0.216
TM,ADCS_MODE,MANUAL,ADCS_REFERENCE,SUN,TARGET,0.00,POINTING_ERROR,-35.21,SUN_ERROR,-35.08,MAG_ERROR,-176.27,GYRO_Z,0.038,RW_CMD,0
TM,EST_RAW,35.08,EST_FILTERED,35.08,EST_ANGLE,35.21,EST_FILTER,ON,EST_FILTER_TYPE,MOVING_AVERAGE,EST_MA_WINDOW,1,EST_FILTER_STRENGTH,0.35
TM,EST_FUSION,ON,EST_GYRO_WEIGHT,0.98,EST_VALID,1
TM,SUN_L,3595,SUN_R,3176,SUN_NDV,0.0619,SUN_ANGLE,35.02
TM,MAG_X,-7.62,MAG_Y,0.50,MAG_Z,-18.51,MAG_HEADING,176.27
TM,GYRO_X,-0.954,GYRO_Y,-2.293,GYRO_Z,-0.058,BODY_RATE,0.058
TM,SUN_L,3593,SUN_R,3177,SUN_NDV,0.0614,SUN_ANGLE,35.10
TM,MAG_X,-7.57,MAG_Y,0.51,MAG_Z,-18.51,MAG_HEADING,176.13
TM,GYRO_X,-1.041,GYRO_Y,-2.328,GYRO_Z,-0.111,BODY_RATE,0.111
TM,ADCS_MODE,MANUAL,ADCS_REFERENCE,SUN,TARGET,0.00,POINTING_ERROR,-35.21,SUN_ERROR,-35.07,MAG_ERROR,-176.13,GYRO_Z,-0.207,RW_CMD,0
TM,EST_RAW,35.07,EST_FILTERED,35.07,EST_ANGLE,35.21,EST_FILTER,ON,EST_FILTER_TYPE,MOVING_AVERAGE,EST_MA_WINDOW,1,EST_FILTER_STRENGTH,0.35
TM,EST_FUSION,ON,EST_GYRO_WEIGHT,0.98,EST_VALID,1
TM,SUN_L,3595,SUN_R,3177,SUN_NDV,0.0617,SUN_ANGLE,35.06
TM,MAG_X,-7.58,MAG_Y,0.59,MAG_Z,-18.46,MAG_HEADING,175.54
TM,GYRO_X,-1.111,GYRO_Y,-2.301,GYRO_Z,0.152,BODY_RATE,-0.152
TM,ADCS_MODE,MANUAL,ADCS_REFERENCE,SUN,TARGET,0.00,POINTING_ERROR,-35.17,SUN_ERROR,-35.12,MAG_ERROR,-175.54,GYRO_Z,-0.190,RW_CMD,0
TM,EST_RAW,35.12,EST_FILTERED,35.12,EST_ANGLE,35.17,EST_FILTER,ON,EST_FILTER_TYPE,MOVING_AVERAGE,EST_MA_WINDOW,1,EST_FILTER_STRENGTH,0.35
TM,EST_FUSION,ON,EST_GYRO_WEIGHT,0.98,EST_VALID,1
TM,SUN_L,3595,SUN_R,3177,SUN_NDV,0.0617,SUN_ANGLE,35.06
TM,MAG_X,-7.57,MAG_Y,0.66,MAG_Z,-18.48,MAG_HEADING,175.05
TM,GYRO_X,-1.067,GYRO_Y,-2.257,GYRO_Z,-0.041,BODY_RATE,0.041
TM,ADCS_MODE,MANUAL,ADCS_REFERENCE,SUN,TARGET,0.00,POINTING_ERROR,-35.16,SUN_ERROR,-35.05,MAG_ERROR,-176.02,GYRO_Z,-0.198,RW_CMD,0
TM,EST_RAW,35.05,EST_FILTERED,35.05,EST_ANGLE,35.16,EST_FILTER,ON,EST_FILTER_TYPE,MOVING_AVERAGE,EST_MA_WINDOW,1,EST_FILTER_STRENGTH,0.35
TM,EST_FUSION,ON,EST_GYRO_WEIGHT,0.98,EST_VALID,1
TM,SUN_L,3595,SUN_R,3178,SUN_NDV,0.0616,SUN_ANGLE,35.10
TM,MAG_X,-7.50,MAG_Y,0.53,MAG_Z,-18.38,MAG_HEADING,175.98
TM,GYRO_X,-1.120,GYRO_Y,-1.864,GYRO_Z,0.073,BODY_RATE,-0.073
TM,ADCS_MODE,MANUAL,ADCS_REFERENCE,SUN,TARGET,0.00,POINTING_ERROR,-35.15,SUN_ERROR,-35.16,MAG_ERROR,-175.23,GYRO_Z,-0.023,RW_CMD,0
TM,EST_RAW,35.16,EST_FILTERED,35.16,EST_ANGLE,35.15,EST_FILTER,ON,EST_FILTER_TYPE,MOVING_AVERAGE,EST_MA_WINDOW,1,EST_FILTER_STRENGTH,0.35
TM,EST_FUSION,ON,EST_GYRO_WEIGHT,0.98,EST_VALID,1
TM,SUN_L,3595,SUN_R,3178,SUN_NDV,0.0616,SUN_ANGLE,35.04
TM,MAG_X,-7.66,MAG_Y,0.64,MAG_Z,-18.51,MAG_HEADING,175.23
TM,GYRO_X,-1.094,GYRO_Y,-2.371,GYRO_Z,-0.128,BODY_RATE,0.128
TM,SUN_L,3597,SUN_R,3179,SUN_NDV,0.0617,SUN_ANGLE,34.99
TM,MAG_X,-7.58,MAG_Y,0.58,MAG_Z,-18.48,MAG_HEADING,175.66
TM,GYRO_X,-0.919,GYRO_Y,-2.310,GYRO_Z,0.152,BODY_RATE,-0.152
TM,ADCS_MODE,MANUAL,ADCS_REFERENCE,SUN,TARGET,0.00,POINTING_ERROR,-35.13,SUN_ERROR,-34.99,MAG_ERROR,-175.66,GYRO_Z,0.152,RW_CMD,0
TM,EST_RAW,34.99,EST_FILTERED,34.99,EST_ANGLE,35.13,EST_FILTER,ON,EST_FILTER_TYPE,MOVING_AVERAGE,EST_MA_WINDOW,1,EST_FILTER_STRENGTH,0.35
TM,EST_FUSION,ON,EST_GYRO_WEIGHT,0.98,EST_VALID,1
TM,SUN_L,3596,SUN_R,3179,SUN_NDV,0.0615,SUN_ANGLE,35.09
TM,MAG_X,-7.52,MAG_Y,0.50,MAG_Z,-18.45,MAG_HEADING,176.23
TM,GYRO_X,-1.146,GYRO_Y,-2.231,GYRO_Z,0.082,BODY_RATE,-0.082
TM,ADCS_MODE,MANUAL,ADCS_REFERENCE,SUN,TARGET,0.00,POINTING_ERROR,-35.11,SUN_ERROR,-35.06,MAG_ERROR,-176.05,GYRO_Z,0.152,RW_CMD,0
TM,EST_RAW,35.06,EST_FILTERED,35.06,EST_ANGLE,35.11,EST_FILTER,ON,EST_FILTER_TYPE,MOVING_AVERAGE,EST_MA_WINDOW,1,EST_FILTER_STRENGTH,0.35
TM,EST_FUSION,ON,EST_GYRO_WEIGHT,0.98,EST_VALID,1
TM,SUN_L,3595,SUN_R,3179,SUN_NDV,0.0614,SUN_ANGLE,35.09
TM,MAG_X,-7.54,MAG_Y,0.59,MAG_Z,-18.48,MAG_HEADING,175.51
TM,GYRO_X,-1.164,GYRO_Y,-2.362,GYRO_Z,0.178,BODY_RATE,-0.178
TM,ADCS_MODE,MANUAL,ADCS_REFERENCE,SUN,TARGET,0.00,POINTING_ERROR,-35.11,SUN_ERROR,-35.07,MAG_ERROR,-175.51,GYRO_Z,0.108,RW_CMD,0
TM,EST_RAW,35.07,EST_FILTERED,35.07,EST_ANGLE,35.11,EST_FILTER,ON,EST_FILTER_TYPE,MOVING_AVERAGE,EST_MA_WINDOW,1,EST_FILTER_STRENGTH,0.35
TM,EST_FUSION,ON,EST_GYRO_WEIGHT,0.98,EST_VALID,1
TM,SUN_L,3596,SUN_R,3179,SUN_NDV,0.0615,SUN_ANGLE,35.05
TM,MAG_X,-7.55,MAG_Y,0.40,MAG_Z,-18.69,MAG_HEADING,176.97
TM,GYRO_X,-0.945,GYRO_Y,-2.398,GYRO_Z,0.029,BODY_RATE,-0.029
TM,ADCS_MODE,MANUAL,ADCS_REFERENCE,SUN,TARGET,0.00,POINTING_ERROR,-35.11,SUN_ERROR,-35.06,MAG_ERROR,-176.70,GYRO_Z,0.012,RW_CMD,0
TM,EST_RAW,35.06,EST_FILTERED,35.06,EST_ANGLE,35.11,EST_FILTER,ON,EST_FILTER_TYPE,MOVING_AVERAGE,EST_MA_WINDOW,1,EST_FILTER_STRENGTH,0.35
TM,EST_FUSION,ON,EST_GYRO_WEIGHT,0.98,EST_VALID,1
TM,SUN_L,3596,SUN_R,3178,SUN_NDV,0.0617,SUN_ANGLE,34.87
TM,MAG_X,-7.49,MAG_Y,0.43,MAG_Z,-18.34,MAG_HEADING,176.70
TM,GYRO_X,-0.919,GYRO_Y,-2.231,GYRO_Z,0.125,BODY_RATE,-0.125
TM,SUN_L,3596,SUN_R,3178,SUN_NDV,0.0617,SUN_ANGLE,35.17
TM,MAG_X,-7.63,MAG_Y,0.53,MAG_Z,-18.45,MAG_HEADING,176.04
TM,GYRO_X,-0.788,GYRO_Y,-2.214,GYRO_Z,-0.207,BODY_RATE,0.207
TM,ADCS_MODE,MANUAL,ADCS_REFERENCE,SUN,TARGET,0.00,POINTING_ERROR,-35.11,SUN_ERROR,-35.17,MAG_ERROR,-176.04,GYRO_Z,-0.207,RW_CMD,0
TM,EST_RAW,35.17,EST_FILTERED,35.17,EST_ANGLE,35.11,EST_FILTER,ON,EST_FILTER_TYPE,MOVING_AVERAGE,EST_MA_WINDOW,1,EST_FILTER_STRENGTH,0.35
TM,EST_FUSION,ON,EST_GYRO_WEIGHT,0.98,EST_VALID,1
TM,SUN_L,3596,SUN_R,3178,SUN_NDV,0.0617,SUN_ANGLE,35.07
TM,MAG_X,-7.33,MAG_Y,0.38,MAG_Z,-18.24,MAG_HEADING,177.00
TM,GYRO_X,-0.936,GYRO_Y,-2.249,GYRO_Z,-0.067,BODY_RATE,0.067
TM,ADCS_MODE,MANUAL,ADCS_REFERENCE,SUN,TARGET,0.00,POINTING_ERROR,-35.11,SUN_ERROR,-35.13,MAG_ERROR,-177.00,GYRO_Z,0.020,RW_CMD,0
TM,EST_RAW,35.13,EST_FILTERED,35.13,EST_ANGLE,35.11,EST_FILTER,ON,EST_FILTER_TYPE,MOVING_AVERAGE,EST_MA_WINDOW,1,EST_FILTER_STRENGTH,0.35
TM,EST_FUSION,ON,EST_GYRO_WEIGHT,0.98,EST_VALID,1
TM,SUN_L,3597,SUN_R,3178,SUN_NDV,0.0618,SUN_ANGLE,35.14
TM,MAG_X,-7.31,MAG_Y,0.50,MAG_Z,-18.06,MAG_HEADING,176.12
TM,GYRO_X,-1.094,GYRO_Y,-2.231,GYRO_Z,-0.216,BODY_RATE,0.216
TM,ADCS_MODE,MANUAL,ADCS_REFERENCE,SUN,TARGET,0.00,POINTING_ERROR,-35.11,SUN_ERROR,-34.99,MAG_ERROR,-176.73,GYRO_Z,-0.172,RW_CMD,0
TM,EST_RAW,34.99,EST_FILTERED,34.99,EST_ANGLE,35.11,EST_FILTER,ON,EST_FILTER_TYPE,MOVING_AVERAGE,EST_MA_WINDOW,1,EST_FILTER_STRENGTH,0.35
TM,EST_FUSION,ON,EST_GYRO_WEIGHT,0.98,EST_VALID,1
TM,SUN_L,3596,SUN_R,3178,SUN_NDV,0.0617,SUN_ANGLE,35.04
TM,MAG_X,-7.28,MAG_Y,0.42,MAG_Z,-18.19,MAG_HEADING,176.73
TM,GYRO_X,-1.041,GYRO_Y,-2.223,GYRO_Z,-0.102,BODY_RATE,0.102
TM,ADCS_MODE,MANUAL,ADCS_REFERENCE,SUN,TARGET,0.00,POINTING_ERROR,-35.10,SUN_ERROR,-35.05,MAG_ERROR,-176.88,GYRO_Z,-0.006,RW_CMD,0
TM,EST_RAW,35.05,EST_FILTERED,35.05,EST_ANGLE,35.10,EST_FILTER,ON,EST_FILTER_TYPE,MOVING_AVERAGE,EST_MA_WINDOW,1,EST_FILTER_STRENGTH,0.35
TM,EST_FUSION,ON,EST_GYRO_WEIGHT,0.98,EST_VALID,1
TM,SUN_L,3597,SUN_R,3178,SUN_NDV,0.0618,SUN_ANGLE,35.02
TM,MAG_X,-7.33,MAG_Y,0.29,MAG_Z,-18.18,MAG_HEADING,177.75
TM,GYRO_X,-1.138,GYRO_Y,-2.345,GYRO_Z,-0.032,BODY_RATE,0.032
TM,SUN_L,3595,SUN_R,3179,SUN_NDV,0.0614,SUN_ANGLE,35.11
TM,MAG_X,-7.23,MAG_Y,0.22,MAG_Z,-18.00,MAG_HEADING,178.23
TM,GYRO_X,-0.910,GYRO_Y,-2.328,GYRO_Z,-0.041,BODY_RATE,0.041
TM,ADCS_MODE,MANUAL,ADCS_REFERENCE,SUN,TARGET,0.00,POINTING_ERROR,-35.10,SUN_ERROR,-35.21,MAG_ERROR,-178.23,GYRO_Z,-0.041,RW_CMD,0
TM,EST_RAW,35.21,EST_FILTERED,35.21,EST_ANGLE,35.10,EST_FILTER,ON,EST_FILTER_TYPE,MOVING_AVERAGE,EST_MA_WINDOW,1,EST_FILTER_STRENGTH,0.35
TM,EST_FUSION,ON,EST_GYRO_WEIGHT,0.98,EST_VALID,1
TM,SUN_L,3596,SUN_R,3178,SUN_NDV,0.0617,SUN_ANGLE,35.06
TM,MAG_X,-7.25,MAG_Y,0.26,MAG_Z,-18.08,MAG_HEADING,177.98
TM,GYRO_X,-0.971,GYRO_Y,-2.310,GYRO_Z,-0.050,BODY_RATE,0.050
TM,ADCS_MODE,MANUAL,ADCS_REFERENCE,SUN,TARGET,0.00,POINTING_ERROR,-35.10,SUN_ERROR,-35.09,MAG_ERROR,-177.98,GYRO_Z,0.029,RW_CMD,0
TM,EST_RAW,35.09,EST_FILTERED,35.09,EST_ANGLE,35.10,EST_FILTER,ON,EST_FILTER_TYPE,MOVING_AVERAGE,EST_MA_WINDOW,1,EST_FILTER_STRENGTH,0.35
TM,EST_FUSION,ON,EST_GYRO_WEIGHT,0.98,EST_VALID,1
TM,SUN_L,3597,SUN_R,3178,SUN_NDV,0.0618,SUN_ANGLE,35.08
TM,MAG_X,-7.34,MAG_Y,0.38,MAG_Z,-17.79,MAG_HEADING,177.01
TM,GYRO_X,-1.076,GYRO_Y,-2.170,GYRO_Z,0.125,BODY_RATE,-0.125
TM,ADCS_MODE,MANUAL,ADCS_REFERENCE,SUN,TARGET,0.00,POINTING_ERROR,-35.10,SUN_ERROR,-35.16,MAG_ERROR,-178.51,GYRO_Z,0.160,RW_CMD,0
TM,EST_RAW,35.16,EST_FILTERED,35.16,EST_ANGLE,35.10,EST_FILTER,ON,EST_FILTER_TYPE,MOVING_AVERAGE,EST_MA_WINDOW,1,EST_FILTER_STRENGTH,0.35
TM,EST_FUSION,ON,EST_GYRO_WEIGHT,0.98,EST_VALID,1
TM,SUN_L,3597,SUN_R,3178,SUN_NDV,0.0618,SUN_ANGLE,35.11
TM,MAG_X,-7.41,MAG_Y,0.30,MAG_Z,-18.05,MAG_HEADING,177.65
TM,GYRO_X,-0.796,GYRO_Y,-2.415,GYRO_Z,-0.032,BODY_RATE,0.032
TM,ADCS_MODE,MANUAL,ADCS_REFERENCE,SUN,TARGET,0.00,POINTING_ERROR,-35.11,SUN_ERROR,-35.08,MAG_ERROR,-178.25,GYRO_Z,0.108,RW_CMD,0
TM,EST_RAW,35.08,EST_FILTERED,35.08,EST_ANGLE,35.11,EST_FILTER,ON,EST_FILTER_TYPE,MOVING_AVERAGE,EST_MA_WINDOW,1,EST_FILTER_STRENGTH,0.35
TM,EST_FUSION,ON,EST_GYRO_WEIGHT,0.98,EST_VALID,1
TM,SUN_L,3598,SUN_R,3179,SUN_NDV,0.0618,SUN_ANGLE,35.19
TM,MAG_X,-7.31,MAG_Y,0.22,MAG_Z,-17.95,MAG_HEADING,178.25
TM,GYRO_X,-0.971,GYRO_Y,-2.362,GYRO_Z,0.073,BODY_RATE,-0.073
TM,SUN_L,3595,SUN_R,3177,SUN_NDV,0.0617,SUN_ANGLE,35.10
TM,MAG_X,-7.36,MAG_Y,0.19,MAG_Z,-18.06,MAG_HEADING,178.51
TM,GYRO_X,-1.024,GYRO_Y,-2.266,GYRO_Z,-0.015,BODY_RATE,0.015
TM,ADCS_MODE,MANUAL,ADCS_REFERENCE,SUN,TARGET,0.00,POINTING_ERROR,-35.09,SUN_ERROR,-35.10,MAG_ERROR,-178.51,GYRO_Z,0.020,RW_CMD,0
TM,EST_RAW,35.10,EST_FILTERED,35.10,EST_ANGLE,35.09,EST_FILTER,ON,EST_FILTER_TYPE,MOVING_AVERAGE,EST_MA_WINDOW,1,EST_FILTER_STRENGTH,0.35
TM,EST_FUSION,ON,EST_GYRO_WEIGHT,0.98,EST_VALID,1
TM,SUN_L,3596,SUN_R,3178,SUN_NDV,0.0617,SUN_ANGLE,35.04
TM,MAG_X,-7.38,MAG_Y,0.26,MAG_Z,-18.10,MAG_HEADING,178.01
TM,GYRO_X,-0.901,GYRO_Y,-2.450,GYRO_Z,0.195,BODY_RATE,-0.195
TM,ADCS_MODE,MANUAL,ADCS_REFERENCE,SUN,TARGET,0.00,POINTING_ERROR,-35.10,SUN_ERROR,-35.03,MAG_ERROR,-178.01,GYRO_Z,0.020,RW_CMD,0
TM,EST_RAW,35.03,EST_FILTERED,35.03,EST_ANGLE,35.10,EST_FILTER,ON,EST_FILTER_TYPE,MOVING_AVERAGE,EST_MA_WINDOW,1,EST_FILTER_STRENGTH,0.35
TM,EST_FUSION,ON,EST_GYRO_WEIGHT,0.98,EST_VALID,1
TM,SUN_L,3595,SUN_R,3177,SUN_NDV,0.0617,SUN_ANGLE,35.09
TM,MAG_X,-7.58,MAG_Y,0.34,MAG_Z,-18.16,MAG_HEADING,177.46
TM,GYRO_X,-0.892,GYRO_Y,-2.441,GYRO_Z,0.152,BODY_RATE,-0.152
TM,ADCS_MODE,MANUAL,ADCS_REFERENCE,SUN,TARGET,0.00,POINTING_ERROR,-35.08,SUN_ERROR,-35.09,MAG_ERROR,-177.46,GYRO_Z,0.187,RW_CMD,0
TM,EST_RAW,35.09,EST_FILTERED,35.09,EST_ANGLE,35.08,EST_FILTER,ON,EST_FILTER_TYPE,MOVING_AVERAGE,EST_MA_WINDOW,1,EST_FILTER_STRENGTH,0.35
TM,EST_FUSION,ON,EST_GYRO_WEIGHT,0.98,EST_VALID,1
TM,SUN_L,3596,SUN_R,3178,SUN_NDV,0.0617,SUN_ANGLE,35.10
TM,MAG_X,-7.28,MAG_Y,0.40,MAG_Z,-18.13,MAG_HEADING,176.86
TM,GYRO_X,-1.234,GYRO_Y,-2.328,GYRO_Z,0.055,BODY_RATE,-0.055
TM,ADCS_MODE,MANUAL,ADCS_REFERENCE,SUN,TARGET,0.00,POINTING_ERROR,-35.09,SUN_ERROR,-35.04,MAG_ERROR,-177.30,GYRO_Z,-0.120,RW_CMD,0
TM,EST_RAW,35.04,EST_FILTERED,35.04,EST_ANGLE,35.09,EST_FILTER,ON,EST_FILTER_TYPE,MOVING_AVERAGE,EST_MA_WINDOW,1,EST_FILTER_STRENGTH,0.35
TM,EST_FUSION,ON,EST_GYRO_WEIGHT,0.98,EST_VALID,1
TM,SUN_L,3596,SUN_R,3178,SUN_NDV,0.0617,SUN_ANGLE,35.04
TM,MAG_X,-7.47,MAG_Y,0.35,MAG_Z,-18.24,MAG_HEADING,177.30
TM,GYRO_X,-0.761,GYRO_Y,-2.406,GYRO_Z,-0.128,BODY_RATE,0.128
TM,SUN_L,3595,SUN_R,3178,SUN_NDV,0.0616,SUN_ANGLE,35.17
TM,MAG_X,-7.54,MAG_Y,0.51,MAG_Z,-18.27,MAG_HEADING,176.11
TM,GYRO_X,-1.067,GYRO_Y,-2.380,GYRO_Z,-0.155,BODY_RATE,0.155
TM,ADCS_MODE,MANUAL,ADCS_REFERENCE,SUN,TARGET,0.00,POINTING_ERROR,-35.10,SUN_ERROR,-35.17,MAG_ERROR,-176.11,GYRO_Z,-0.155,RW_CMD,0
TM,EST_RAW,35.17,EST_FILTERED,35.17,EST_ANGLE,35.10,EST_FILTER,ON,EST_FILTER_TYPE,MOVING_AVERAGE,EST_MA_WINDOW,1,EST_FILTER_STRENGTH,0.35
TM,EST_FUSION,ON,EST_GYRO_WEIGHT,0.98,EST_VALID,1
TM,SUN_L,3596,SUN_R,3178,SUN_NDV,0.0617,SUN_ANGLE,35.14
TM,MAG_X,-7.46,MAG_Y,0.48,MAG_Z,-18.42,MAG_HEADING,176.32
TM,GYRO_X,-1.138,GYRO_Y,-2.389,GYRO_Z,-0.041,BODY_RATE,0.041
TM,ADCS_MODE,MANUAL,ADCS_REFERENCE,SUN,TARGET,0.00,POINTING_ERROR,-35.08,SUN_ERROR,-35.11,MAG_ERROR,-176.32,GYRO_Z,-0.032,RW_CMD,0
TM,EST_RAW,35.11,EST_FILTERED,35.11,EST_ANGLE,35.08,EST_FILTER,ON,EST_FILTER_TYPE,MOVING_AVERAGE,EST_MA_WINDOW,1,EST_FILTER_STRENGTH,0.35
TM,EST_FUSION,ON,EST_GYRO_WEIGHT,0.98,EST_VALID,1
TM,SUN_L,3596,SUN_R,3177,SUN_NDV,0.0619,SUN_ANGLE,35.10
TM,MAG_X,-7.63,MAG_Y,0.56,MAG_Z,-18.30,MAG_HEADING,175.80
TM,GYRO_X,-1.076,GYRO_Y,-2.362,GYRO_Z,-0.111,BODY_RATE,0.111
TM,ADCS_MODE,MANUAL,ADCS_REFERENCE,SUN,TARGET,0.00,POINTING_ERROR,-35.08,SUN_ERROR,-35.10,MAG_ERROR,-176.11,GYRO_Z,0.012,RW_CMD,0
TM,EST_RAW,35.10,EST_FILTERED,35.10,EST_ANGLE,35.08,EST_FILTER,ON,EST_FILTER_TYPE,MOVING_AVERAGE,EST_MA_WINDOW,1,EST_FILTER_STRENGTH,0.35
TM,EST_FUSION,ON,EST_GYRO_WEIGHT,0.98,EST_VALID,1
TM,SUN_L,3597,SUN_R,3178,SUN_NDV,0.0618,SUN_ANGLE,35.14
TM,MAG_X,-7.52,MAG_Y,0.51,MAG_Z,-18.32,MAG_HEADING,176.11
TM,GYRO_X,-0.928,GYRO_Y,-2.354,GYRO_Z,-0.093,BODY_RATE,0.093
TM,ADCS_MODE,MANUAL,ADCS_REFERENCE,SUN,TARGET,0.00,POINTING_ERROR,-35.09,SUN_ERROR,-35.11,MAG_ERROR,-176.23,GYRO_Z,-0.172,RW_CMD,0
TM,EST_RAW,35.11,EST_FILTERED,35.11,EST_ANGLE,35.09,EST_FILTER,ON,EST_FILTER_TYPE,MOVING_AVERAGE,EST_MA_WINDOW,1,EST_FILTER_STRENGTH,0.35
TM,EST_FUSION,ON,EST_GYRO_WEIGHT,0.98,EST_VALID,1
TM,SUN_L,3596,SUN_R,3178,SUN_NDV,0.0617,SUN_ANGLE,35.17
TM,MAG_X,-7.55,MAG_Y,0.51,MAG_Z,-18.40,MAG_HEADING,176.12
TM,GYRO_X,-1.111,GYRO_Y,-2.223,GYRO_Z,0.029,BODY_RATE,-0.029
TM,SUN_L,3595,SUN_R,3177,SUN_NDV,0.0617,SUN_ANGLE,35.11
TM,MAG_X,-7.44,MAG_Y,0.50,MAG_Z,-18.45,MAG_HEADING,176.19
TM,GYRO_X,-1.041,GYRO_Y,-2.118,GYRO_Z,0.090,BODY_RATE,-0.090
TM,ADCS_MODE,MANUAL,ADCS_REFERENCE,SUN,TARGET,0.00,POINTING_ERROR,-35.09,SUN_ERROR,-35.08,MAG_ERROR,-176.19,GYRO_Z,-0.102,RW_CMD,0
TM,EST_RAW,35.08,EST_FILTERED,35.08,EST_ANGLE,35.09,EST_FILTER,ON,EST_FILTER_TYPE,MOVING_AVERAGE,EST_MA_WINDOW,1,EST_FILTER_STRENGTH,0.35
TM,EST_FUSION,ON,EST_GYRO_WEIGHT,0.98,EST_VALID,1
TM,SUN_L,3595,SUN_R,3177,SUN_NDV,0.0617,SUN_ANGLE,35.15
TM,MAG_X,-7.49,MAG_Y,0.50,MAG_Z,-18.40,MAG_HEADING,176.21
TM,GYRO_X,-1.111,GYRO_Y,-2.293,GYRO_Z,0.003,BODY_RATE,-0.003
TM,ADCS_MODE,MANUAL,ADCS_REFERENCE,SUN,TARGET,0.00,POINTING_ERROR,-35.11,SUN_ERROR,-35.13,MAG_ERROR,-176.57,GYRO_Z,0.003,RW_CMD,0
TM,EST_RAW,35.13,EST_FILTERED,35.13,EST_ANGLE,35.11,EST_FILTER,ON,EST_FILTER_TYPE,MOVING_AVERAGE,EST_MA_WINDOW,1,EST_FILTER_STRENGTH,0.35
TM,EST_FUSION,ON,EST_GYRO_WEIGHT,0.98,EST_VALID,1
TM,SUN_L,3596,SUN_R,3177,SUN_NDV,0.0619,SUN_ANGLE,35.09
TM,MAG_X,-7.42,MAG_Y,0.56,MAG_Z,-18.38,MAG_HEADING,175.69
TM,GYRO_X,-1.102,GYRO_Y,-2.126,GYRO_Z,0.012,BODY_RATE,-0.012
TM,ADCS_MODE,MANUAL,ADCS_REFERENCE,SUN,TARGET,0.00,POINTING_ERROR,-35.12,SUN_ERROR,-35.10,MAG_ERROR,-175.69,GYRO_Z,0.169,RW_CMD,0
TM,EST_RAW,35.10,EST_FILTERED,35.10,EST_ANGLE,35.12,EST_FILTER,ON,EST_FILTER_TYPE,MOVING_AVERAGE,EST_MA_WINDOW,1,EST_FILTER_STRENGTH,0.35
TM,EST_FUSION,ON,EST_GYRO_WEIGHT,0.98,EST_VALID,1
TM,SUN_L,3594,SUN_R,3177,SUN_NDV,0.0616,SUN_ANGLE,35.13
TM,MAG_X,-7.47,MAG_Y,0.53,MAG_Z,-18.38,MAG_HEADING,175.96
TM,GYRO_X,-1.059,GYRO_Y,-2.328,GYRO_Z,-0.006,BODY_RATE,0.006
TM,ADCS_MODE,MANUAL,ADCS_REFERENCE,SUN,TARGET,0.00,POINTING_ERROR,-35.13,SUN_ERROR,-35.06,MAG_ERROR,-176.90,GYRO_Z,-0.225,RW_CMD,0
TM,EST_RAW,35.06,EST_FILTERED,35.06,EST_ANGLE,35.13,EST_FILTER,ON,EST_FILTER_TYPE,MOVING_AVERAGE,EST_MA_WINDOW,1,EST_FILTER_STRENGTH,0.35
TM,EST_FUSION,ON,EST_GYRO_WEIGHT,0.98,EST_VALID,1
TM,SUN_L,3595,SUN_R,3176,SUN_NDV,0.0619,SUN_ANGLE,35.09
TM,MAG_X,-7.68,MAG_Y,0.42,MAG_Z,-18.24,MAG_HEADING,176.90
TM,GYRO_X,-0.910,GYRO_Y,-2.441,GYRO_Z,0.073,BODY_RATE,-0.073
TM,SUN_L,3595,SUN_R,3177,SUN_NDV,0.0617,SUN_ANGLE,35.09
TM,MAG_X,-7.47,MAG_Y,0.38,MAG_Z,-18.16,MAG_HEADING,177.06
TM,GYRO_X,-0.954,GYRO_Y,-2.275,GYRO_Z,-0.286,BODY_RATE,0.286
TM,ADCS_MODE,MANUAL,ADCS_REFERENCE,SUN,TARGET,0.00,POINTING_ERROR,-35.10,SUN_ERROR,-35.09,MAG_ERROR,-177.06,GYRO_Z,0.152,RW_CMD,0
TM,EST_RAW,35.09,EST_FILTERED,35.09,EST_ANGLE,35.10,EST_FILTER,ON,EST_FILTER_TYPE,MOVING_AVERAGE,EST_MA_WINDOW,1,EST_FILTER_STRENGTH,0.35
TM,EST_FUSION,ON,EST_GYRO_WEIGHT,0.98,EST_VALID,1
TM,SUN_L,3595,SUN_R,3176,SUN_NDV,0.0619,SUN_ANGLE,35.03
TM,MAG_X,-7.55,MAG_Y,0.32,MAG_Z,-18.00,MAG_HEADING,177.57
TM,GYRO_X,-0.892,GYRO_Y,-2.476,GYRO_Z,-0.067,BODY_RATE,0.067
TM,ADCS_MODE,MANUAL,ADCS_REFERENCE,SUN,TARGET,0.00,POINTING_ERROR,-35.11,SUN_ERROR,-35.16,MAG_ERROR,-177.57,GYRO_Z,-0.128,RW_CMD,0
TM,EST_RAW,35.16,EST_FILTERED,35.16,EST_ANGLE,35.11,EST_FILTER,ON,EST_FILTER_TYPE,MOVING_AVERAGE,EST_MA_WINDOW,1,EST_FILTER_STRENGTH,0.35
TM,EST_FUSION,ON,EST_GYRO_WEIGHT,0.98,EST_VALID,1
TM,SUN_L,3595,SUN_R,3177,SUN_NDV,0.0617,SUN_ANGLE,35.11
TM,MAG_X,-7.44,MAG_Y,0.38,MAG_Z,-18.18,MAG_HEADING,177.05
TM,GYRO_X,-0.919,GYRO_Y,-2.266,GYRO_Z,0.047,BODY_RATE,-0.047
TM,ADCS_MODE,MANUAL,ADCS_REFERENCE,SUN,TARGET,0.00,POINTING_ERROR,-35.11,SUN_ERROR,-35.14,MAG_ERROR,-176.28,GYRO_Z,-0.006,RW_CMD,0
TM,EST_RAW,35.14,EST_FILTERED,35.14,EST_ANGLE,35.11,EST_FILTER,ON,EST_FILTER_TYPE,MOVING_AVERAGE,EST_MA_WINDOW,1,EST_FILTER_STRENGTH,0.35
TM,EST_FUSION,ON,EST_GYRO_WEIGHT,0.98,EST_VALID,1
TM,SUN_L,3595,SUN_R,3177,SUN_NDV,0.0617,SUN_ANGLE,35.15
TM,MAG_X,-7.39,MAG_Y,0.48,MAG_Z,-18.18,MAG_HEADING,176.28
TM,GYRO_X,-1.033,GYRO_Y,-2.275,GYRO_Z,0.012,BODY_RATE,-0.012
TM,ADCS_MODE,MANUAL,ADCS_REFERENCE,SUN,TARGET,0.00,POINTING_ERROR,-35.11,SUN_ERROR,-35.07,MAG_ERROR,-177.73,GYRO_Z,0.064,RW_CMD,0
TM,EST_RAW,35.07,EST_FILTERED,35.07,EST_ANGLE,35.11,EST_FILTER,ON,EST_FILTER_TYPE,MOVING_AVERAGE,EST_MA_WINDOW,1,EST_FILTER_STRENGTH,0.35
TM,EST_FUSION,ON,EST_GYRO_WEIGHT,0.98,EST_VALID,1
TM,SUN_L,3594,SUN_R,3177,SUN_NDV,0.0616,SUN_ANGLE,35.07
TM,MAG_X,-7.28,MAG_Y,0.29,MAG_Z,-18.30,MAG_HEADING,177.73
TM,GYRO_X,-0.875,GYRO_Y,-2.082,GYRO_Z,-0.015,BODY_RATE,0.015
TM,SUN_L,3594,SUN_R,3177,SUN_NDV,0.0616,SUN_ANGLE,35.08
TM,MAG_X,-7.38,MAG_Y,0.26,MAG_Z,-18.21,MAG_HEADING,178.01
TM,GYRO_X,-1.120,GYRO_Y,-2.581,GYRO_Z,-0.076,BODY_RATE,0.076
TM,ADCS_MODE,MANUAL,ADCS_REFERENCE,SUN,TARGET,0.00,POINTING_ERROR,-35.11,SUN_ERROR,-35.07,MAG_ERROR,-178.01,GYRO_Z,-0.050,RW_CMD,0
TM,EST_RAW,35.07,EST_FILTERED,35.07,EST_ANGLE,35.11,EST_FILTER,ON,EST_FILTER_TYPE,MOVING_AVERAGE,EST_MA_WINDOW,1,EST_FILTER_STRENGTH,0.35
TM,EST_FUSION,ON,EST_GYRO_WEIGHT,0.98,EST_VALID,1
TM,SUN_L,3596,SUN_R,3177,SUN_NDV,0.0619,SUN_ANGLE,35.15
TM,MAG_X,-7.44,MAG_Y,0.37,MAG_Z,-18.37,MAG_HEADING,177.17
TM,GYRO_X,-1.059,GYRO_Y,-2.293,GYRO_Z,0.169,BODY_RATE,-0.169
TM,ADCS_MODE,MANUAL,ADCS_REFERENCE,SUN,TARGET,0.00,POINTING_ERROR,-35.13,SUN_ERROR,-35.11,MAG_ERROR,-177.17,GYRO_Z,-0.006,RW_CMD,0
TM,EST_RAW,35.11,EST_FILTERED,35.11,EST_ANGLE,35.13,EST_FILTER,ON,EST_FILTER_TYPE,MOVING_AVERAGE,EST_MA_WINDOW,1,EST_FILTER_STRENGTH,0.35
TM,EST_FUSION,ON,EST_GYRO_WEIGHT,0.98,EST_VALID,1
TM,SUN_L,3596,SUN_R,3178,SUN_NDV,0.0617,SUN_ANGLE,35.06
TM,MAG_X,-7.38,MAG_Y,0.24,MAG_Z,-18.13,MAG_HEADING,178.14
TM,GYRO_X,-1.242,GYRO_Y,-2.179,GYRO_Z,-0.076,BODY_RATE,0.076
TM,ADCS_MODE,MANUAL,ADCS_REFERENCE,SUN,TARGET,0.00,POINTING_ERROR,-35.12,SUN_ERROR,-35.11,MAG_ERROR,-176.38,GYRO_Z,0.055,RW_CMD,0
TM,EST_RAW,35.11,EST_FILTERED,35.11,EST_ANGLE,35.12,EST_FILTER,ON,EST_FILTER_TYPE,MOVING_AVERAGE,EST_MA_WINDOW,1,EST_FILTER_STRENGTH,0.35
TM,EST_FUSION,ON,EST_GYRO_WEIGHT,0.98,EST_VALID,1
TM,SUN_L,3595,SUN_R,3178,SUN_NDV,0.0616,SUN_ANGLE,35.10
TM,MAG_X,-7.34,MAG_Y,0.34,MAG_Z,-18.11,MAG_HEADING,177.38
TM,GYRO_X,-1.164,GYRO_Y,-2.293,GYRO_Z,0.029,BODY_RATE,-0.029
TM,ADCS_MODE,MANUAL,ADCS_REFERENCE,SUN,TARGET,0.00,POINTING_ERROR,-35.12,SUN_ERROR,-35.10,MAG_ERROR,-176.77,GYRO_Z,-0.023,RW_CMD,0
TM,EST_RAW,35.10,EST_FILTERED,35.10,EST_ANGLE,35.12,EST_FILTER,ON,EST_FILTER_TYPE,MOVING_AVERAGE,EST_MA_WINDOW,1,EST_FILTER_STRENGTH,0.35
TM,EST_FUSION,ON,EST_GYRO_WEIGHT,0.98,EST_VALID,1
TM,SUN_L,3595,SUN_R,3179,SUN_NDV,0.0614,SUN_ANGLE,35.09
TM,MAG_X,-7.38,MAG_Y,0.42,MAG_Z,-18.30,MAG_HEADING,176.77
TM,GYRO_X,-0.936,GYRO_Y,-2.223,GYRO_Z,-0.251,BODY_RATE,0.251
TM,SUN_L,3596,SUN_R,3178,SUN_NDV,0.0617,SUN_ANGLE,35.06
TM,MAG_X,-7.50,MAG_Y,0.42,MAG_Z,-18.13,MAG_HEADING,176.83
TM,GYRO_X,-0.884,GYRO_Y,-2.503,GYRO_Z,-0.233,BODY_RATE,0.233
TM,ADCS_MODE,MANUAL,ADCS_REFERENCE,SUN,TARGET,0.00,POINTING_ERROR,-35.12,SUN_ERROR,-35.06,MAG_ERROR,-176.83,GYRO_Z,-0.067,RW_CMD,0
TM,EST_RAW,35.06,EST_FILTERED,35.06,EST_ANGLE,35.12,EST_FILTER,ON,EST_FILTER_TYPE,MOVING_AVERAGE,EST_MA_WINDOW,1,EST_FILTER_STRENGTH,0.35
TM,EST_FUSION,ON,EST_GYRO_WEIGHT,0.98,EST_VALID,1
TM,SUN_L,3595,SUN_R,3178,SUN_NDV,0.0616,SUN_ANGLE,35.11
TM,MAG_X,-7.62,MAG_Y,0.29,MAG_Z,-18.35,MAG_HEADING,177.83
TM,GYRO_X,-1.111,GYRO_Y,-2.240,GYRO_Z,0.134,BODY_RATE,-0.134
TM,ADCS_MODE,MANUAL,ADCS_REFERENCE,SUN,TARGET,0.00,POINTING_ERROR,-35.10,SUN_ERROR,-35.04,MAG_ERROR,-176.56,GYRO_Z,0.012,RW_CMD,0
TM,EST_RAW,35.04,EST_FILTERED,35.04,EST_ANGLE,35.10,EST_FILTER,ON,EST_FILTER_TYPE,MOVING_AVERAGE,EST_MA_WINDOW,1,EST_FILTER_STRENGTH,0.35
TM,EST_FUSION,ON,EST_GYRO_WEIGHT,0.98,EST_VALID,1
TM,SUN_L,3596,SUN_R,3178,SUN_NDV,0.0617,SUN_ANGLE,35.06
TM,MAG_X,-7.46,MAG_Y,0.50,MAG_Z,-18.19,MAG_HEADING,176.19
TM,GYRO_X,-0.892,GYRO_Y,-2.266,GYRO_Z,-0.015,BODY_RATE,0.015
TM,ADCS_MODE,MANUAL,ADCS_REFERENCE,SUN,TARGET,0.00,POINTING_ERROR,-35.11,SUN_ERROR,-35.04,MAG_ERROR,-176.19,GYRO_Z,-0.006,RW_CMD,0
TM,EST_RAW,35.04,EST_FILTERED,35.04,EST_ANGLE,35.11,EST_FILTER,ON,EST_FILTER_TYPE,MOVING_AVERAGE,EST_MA_WINDOW,1,EST_FILTER_STRENGTH,0.35
TM,EST_FUSION,ON,EST_GYRO_WEIGHT,0.98,EST_VALID,1
TM,SUN_L,3595,SUN_R,3178,SUN_NDV,0.0616,SUN_ANGLE,35.02
TM,MAG_X,-7.44,MAG_Y,0.48,MAG_Z,-18.22,MAG_HEADING,176.31
TM,GYRO_X,-1.076,GYRO_Y,-2.021,GYRO_Z,-0.041,BODY_RATE,0.041
TM,ADCS_MODE,MANUAL,ADCS_REFERENCE,SUN,TARGET,0.00,POINTING_ERROR,-35.11,SUN_ERROR,-35.12,MAG_ERROR,-175.95,GYRO_Z,-0.111,RW_CMD,0
TM,EST_RAW,35.12,EST_FILTERED,35.12,EST_ANGLE,35.11,EST_FILTER,ON,EST_FILTER_TYPE,MOVING_AVERAGE,EST_MA_WINDOW,1,EST_FILTER_STRENGTH,0.35
TM,EST_FUSION,ON,EST_GYRO_WEIGHT,0.98,EST_VALID,1
TM,SUN_L,3596,SUN_R,3178,SUN_NDV,0.0617,SUN_ANGLE,35.07
TM,MAG_X,-7.46,MAG_Y,0.53,MAG_Z,-18.35,MAG_HEADING,175.95
TM,GYRO_X,-1.138,GYRO_Y,-2.074,GYRO_Z,0.012,BODY_RATE,-0.012
TM,SUN_L,3595,SUN_R,3178,SUN_NDV,0.0616,SUN_ANGLE,35.04
TM,MAG_X,-7.47,MAG_Y,0.38,MAG_Z,-18.27,MAG_HEADING,177.06
TM,GYRO_X,-1.015,GYRO_Y,-2.223,GYRO_Z,0.012,BODY_RATE,-0.012
TM,ADCS_MODE,MANUAL,ADCS_REFERENCE,SUN,TARGET,0.00,POINTING_ERROR,-35.09,SUN_ERROR,-35.04,MAG_ERROR,-176.19,GYRO_Z,0.012,RW_CMD,0
TM,EST_RAW,35.04,EST_FILTERED,35.04,EST_ANGLE,35.09,EST_FILTER,ON,EST_FILTER_TYPE,MOVING_AVERAGE,EST_MA_WINDOW,1,EST_FILTER_STRENGTH,0.35
TM,EST_FUSION,ON,EST_GYRO_WEIGHT,0.98,EST_VALID,1
TM,SUN_L,3596,SUN_R,3178,SUN_NDV,0.0617,SUN_ANGLE,35.04
TM,MAG_X,-7.49,MAG_Y,0.34,MAG_Z,-18.45,MAG_HEADING,177.43
TM,GYRO_X,-0.901,GYRO_Y,-2.371,GYRO_Z,0.012,BODY_RATE,-0.012
TM,ADCS_MODE,MANUAL,ADCS_REFERENCE,SUN,TARGET,0.00,POINTING_ERROR,-35.08,SUN_ERROR,-35.10,MAG_ERROR,-177.43,GYRO_Z,-0.128,RW_CMD,0
TM,EST_RAW,35.10,EST_FILTERED,35.10,EST_ANGLE,35.08,EST_FILTER,ON,EST_FILTER_TYPE,MOVING_AVERAGE,EST_MA_WINDOW,1,EST_FILTER_STRENGTH,0.35
TM,EST_FUSION,ON,EST_GYRO_WEIGHT,0.98,EST_VALID,1
TM,SUN_L,3596,SUN_R,3178,SUN_NDV,0.0617,SUN_ANGLE,35.13
TM,MAG_X,-7.50,MAG_Y,0.45,MAG_Z,-18.42,MAG_HEADING,176.58
TM,GYRO_X,-1.015,GYRO_Y,-2.082,GYRO_Z,-0.111,BODY_RATE,0.111
TM,ADCS_MODE,MANUAL,ADCS_REFERENCE,SUN,TARGET,0.00,POINTING_ERROR,-35.10,SUN_ERROR,-35.11,MAG_ERROR,-175.99,GYRO_Z,-0.050,RW_CMD,0
TM,EST_RAW,35.11,EST_FILTERED,35.11,EST_ANGLE,35.10,EST_FILTER,ON,EST_FILTER_TYPE,MOVING_AVERAGE,EST_MA_WINDOW,1,EST_FILTER_STRENGTH,0.35
TM,EST_FUSION,ON,EST_GYRO_WEIGHT,0.98,EST_VALID,1
TM,SUN_L,3595,SUN_R,3178,SUN_NDV,0.0616,SUN_ANGLE,35.09
TM,MAG_X,-7.54,MAG_Y,0.53,MAG_Z,-18.48,MAG_HEADING,175.99
TM,GYRO_X,-1.181,GYRO_Y,-2.231,GYRO_Z,0.178,BODY_RATE,-0.178
TM,ADCS_MODE,MANUAL,ADCS_REFERENCE,SUN,TARGET,0.00,POINTING_ERROR,-35.11,SUN_ERROR,-35.13,MAG_ERROR,-175.71,GYRO_Z,-0.216,RW_CMD,0
TM,EST_RAW,35.13,EST_FILTERED,35.13,EST_ANGLE,35.11,EST_FILTER,ON,EST_FILTER_TYPE,MOVING_AVERAGE,EST_MA_WINDOW,1,EST_FILTER_STRENGTH,0.35
TM,EST_FUSION,ON,EST_GYRO_WEIGHT,0.98,EST_VALID,1
TM,SUN_L,3595,SUN_R,3178,SUN_NDV,0.0616,SUN_ANGLE,35.07
TM,MAG_X,-7.42,MAG_Y,0.56,MAG_Z,-18.51,MAG_HEADING,175.69
TM,GYRO_X,-1.111,GYRO_Y,-2.223,GYRO_Z,0.143,BODY_RATE,-0.143
TM,SUN_L,3595,SUN_R,3177,SUN_NDV,0.0617,SUN_ANGLE,35.09
TM,MAG_X,-7.60,MAG_Y,0.50,MAG_Z,-18.38,MAG_HEADING,176.27
TM,GYRO_X,-1.076,GYRO_Y,-2.284,GYRO_Z,0.248,BODY_RATE,-0.248
TM,ADCS_MODE,MANUAL,ADCS_REFERENCE,SUN,TARGET,0.00,POINTING_ERROR,-35.10,SUN_ERROR,-35.09,MAG_ERROR,-176.27,GYRO_Z,0.195,RW_CMD,0
TM,EST_RAW,35.09,EST_FILTERED,35.09,EST_ANGLE,35.10,EST_FILTER,ON,EST_FILTER_TYPE,MOVING_AVERAGE,EST_MA_WINDOW,1,EST_FILTER_STRENGTH,0.35
TM,EST_FUSION,ON,EST_GYRO_WEIGHT,0.98,EST_VALID,1
TM,SUN_L,3596,SUN_R,3177,SUN_NDV,0.0619,SUN_ANGLE,35.13
TM,MAG_X,-7.41,MAG_Y,0.53,MAG_Z,-18.46,MAG_HEADING,175.92
TM,GYRO_X,-1.059,GYRO_Y,-2.091,GYRO_Z,0.020,BODY_RATE,-0.020
TM,ADCS_MODE,MANUAL,ADCS_REFERENCE,SUN,TARGET,0.00,POINTING_ERROR,-35.11,SUN_ERROR,-35.06,MAG_ERROR,-176.15,GYRO_Z,-0.023,RW_CMD,0
TM,EST_RAW,35.06,EST_FILTERED,35.06,EST_ANGLE,35.11,EST_FILTER,ON,EST_FILTER_TYPE,MOVING_AVERAGE,EST_MA_WINDOW,1,EST_FILTER_STRENGTH,0.35
TM,EST_FUSION,ON,EST_GYRO_WEIGHT,0.98,EST_VALID,1
TM,SUN_L,3595,SUN_R,3178,SUN_NDV,0.0616,SUN_ANGLE,35.06
TM,MAG_X,-7.62,MAG_Y,0.51,MAG_Z,-18.59,MAG_HEADING,176.15
TM,GYRO_X,-1.041,GYRO_Y,-2.380,GYRO_Z,-0.277,BODY_RATE,0.277
TM,ADCS_MODE,MANUAL,ADCS_REFERENCE,SUN,TARGET,0.00,POINTING_ERROR,-35.10,SUN_ERROR,-35.18,MAG_ERROR,-176.58,GYRO_Z,0.108,RW_CMD,0
TM,EST_RAW,35.18,EST_FILTERED,35.18,EST_ANGLE,35.10,EST_FILTER,ON,EST_FILTER_TYPE,MOVING_AVERAGE,EST_MA_WINDOW,1,EST_FILTER_STRENGTH,0.35
TM,EST_FUSION,ON,EST_GYRO_WEIGHT,0.98,EST_VALID,1
TM,SUN_L,3594,SUN_R,3178,SUN_NDV,0.0614,SUN_ANGLE,35.09
TM,MAG_X,-7.63,MAG_Y,0.61,MAG_Z,-18.48,MAG_HEADING,175.45
TM,GYRO_X,-0.989,GYRO_Y,-2.188,GYRO_Z,0.082,BODY_RATE,-0.082
TM,ADCS_MODE,MANUAL,ADCS_REFERENCE,SUN,TARGET,0.00,POINTING_ERROR,-35.10,SUN_ERROR,-35.04,MAG_ERROR,-176.19,GYRO_Z,0.108,RW_CMD,0
TM,EST_RAW,35.04,EST_FILTERED,35.04,EST_ANGLE,35.10,EST_FILTER,ON,EST_FILTER_TYPE,MOVING_AVERAGE,EST_MA_WINDOW,1,EST_FILTER_STRENGTH,0.35
TM,EST_FUSION,ON,EST_GYRO_WEIGHT,0.98,EST_VALID,1
TM,SUN_L,3595,SUN_R,3178,SUN_NDV,0.0616,SUN_ANGLE,35.15
TM,MAG_X,-7.46,MAG_Y,0.50,MAG_Z,-18.56,MAG_HEADING,176.19
TM,GYRO_X,-1.006,GYRO_Y,-2.284,GYRO_Z,-0.023,BODY_RATE,0.023
TM,SUN_L,3596,SUN_R,3178,SUN_NDV,0.0617,SUN_ANGLE,35.01
TM,MAG_X,-7.49,MAG_Y,0.48,MAG_Z,-18.42,MAG_HEADING,176.33
TM,GYRO_X,-1.067,GYRO_Y,-2.371,GYRO_Z,-0.015,BODY_RATE,0.015
TM,ADCS_MODE,MANUAL,ADCS_REFERENCE,SUN,TARGET,0.00,POINTING_ERROR,-35.09,SUN_ERROR,-35.08,MAG_ERROR,-176.33,GYRO_Z,-0.015,RW_CMD,0
TM,EST_RAW,35.08,EST_FILTERED,35.08,EST_ANGLE,35.09,EST_FILTER,ON,EST_FILTER_TYPE,MOVING_AVERAGE,EST_MA_WINDOW,1,EST_FILTER_STRENGTH,0.35
TM,EST_FUSION,ON,EST_GYRO_WEIGHT,0.98,EST_VALID,1
TM,SUN_L,3595,SUN_R,3177,SUN_NDV,0.0617,SUN_ANGLE,35.13
TM,MAG_X,-7.47,MAG_Y,0.54,MAG_Z,-18.51,MAG_HEADING,175.84
TM,GYRO_X,-0.910,GYRO_Y,-2.398,GYRO_Z,0.248,BODY_RATE,-0.248
TM,ADCS_MODE,MANUAL,ADCS_REFERENCE,SUN,TARGET,0.00,POINTING_ERROR,-35.09,SUN_ERROR,-35.08,MAG_ERROR,-175.84,GYRO_Z,0.029,RW_CMD,0
TM,EST_RAW,35.08,EST_FILTERED,35.08,EST_ANGLE,35.09,EST_FILTER,ON,EST_FILTER_TYPE,MOVING_AVERAGE,EST_MA_WINDOW,1,EST_FILTER_STRENGTH,0.35
TM,EST_FUSION,ON,EST_GYRO_WEIGHT,0.98,EST_VALID,1
TM,SUN_L,3595,SUN_R,3179,SUN_NDV,0.0614,SUN_ANGLE,35.09
TM,MAG_X,-7.42,MAG_Y,0.56,MAG_Z,-18.42,MAG_HEADING,175.69
TM,GYRO_X,-0.971,GYRO_Y,-2.424,GYRO_Z,-0.067,BODY_RATE,0.067
TM,ADCS_MODE,MANUAL,ADCS_REFERENCE,SUN,TARGET,0.00,POINTING_ERROR,-35.11,SUN_ERROR,-35.03,MAG_ERROR,-175.69,GYRO_Z,0.108,RW_CMD,0
TM,EST_RAW,35.03,EST_FILTERED,35.03,EST_ANGLE,35.11,EST_FILTER,ON,EST_FILTER_TYPE,MOVING_AVERAGE,EST_MA_WINDOW,1,EST_FILTER_STRENGTH,0.35
TM,EST_FUSION,ON,EST_GYRO_WEIGHT,0.98,EST_VALID,1
TM,SUN_L,3595,SUN_R,3178,SUN_NDV,0.0616,SUN_ANGLE,35.10
TM,MAG_X,-7.44,MAG_Y,0.53,MAG_Z,-18.45,MAG_HEADING,175.94
TM,GYRO_X,-0.788,GYRO_Y,-2.380,GYRO_Z,-0.050,BODY_RATE,0.050
TM,ADCS_MODE,MANUAL,ADCS_REFERENCE,SUN,TARGET,0.00,POINTING_ERROR,-35.11,SUN_ERROR,-35.08,MAG_ERROR,-176.09,GYRO_Z,-0.015,RW_CMD,0
TM,EST_RAW,35.08,EST_FILTERED,35.08,EST_ANGLE,35.11,EST_FILTER,ON,EST_FILTER_TYPE,MOVING_AVERAGE,EST_MA_WINDOW,1,EST_FILTER_STRENGTH,0.35
TM,EST_FUSION,ON,EST_GYRO_WEIGHT,0.98,EST_VALID,1
TM,SUN_L,3595,SUN_R,3178,SUN_NDV,0.0616,SUN_ANGLE,35.04
TM,MAG_X,-7.49,MAG_Y,0.51,MAG_Z,-18.40,MAG_HEADING,176.09
TM,GYRO_X,-0.761,GYRO_Y,-2.581,GYRO_Z,0.204,BODY_RATE,-0.204
TM,SUN_L,3596,SUN_R,3178,SUN_NDV,0.0617,SUN_ANGLE,35.02
TM,MAG_X,-7.42,MAG_Y,0.56,MAG_Z,-18.40,MAG_HEADING,175.69
TM,GYRO_X,-0.954,GYRO_Y,-2.188,GYRO_Z,0.003,BODY_RATE,-0.003
TM,ADCS_MODE,MANUAL,ADCS_REFERENCE,SUN,TARGET,0.00,POINTING_ERROR,-35.12,SUN_ERROR,-35.02,MAG_ERROR,-175.69,GYRO_Z,-0.400,RW_CMD,0
TM,EST_RAW,35.02,EST_FILTERED,35.02,EST_ANGLE,35.12,EST_FILTER,ON,EST_FILTER_TYPE,MOVING_AVERAGE,EST_MA_WINDOW,1,EST_FILTER_STRENGTH,0.35
TM,EST_FUSION,ON,EST_GYRO_WEIGHT,0.98,EST_VALID,1
TM,SUN_L,3595,SUN_R,3178,SUN_NDV,0.0616,SUN_ANGLE,35.07
TM,MAG_X,-7.38,MAG_Y,0.48,MAG_Z,-18.38,MAG_HEADING,176.28
TM,GYRO_X,-0.910,GYRO_Y,-2.231,GYRO_Z,-0.242,BODY_RATE,0.242
TM,ADCS_MODE,MANUAL,ADCS_REFERENCE,SUN,TARGET,0.00,POINTING_ERROR,-35.12,SUN_ERROR,-35.06,MAG_ERROR,-176.28,GYRO_Z,0.055,RW_CMD,0
TM,EST_RAW,35.06,EST_FILTERED,35.06,EST_ANGLE,35.12,EST_FILTER,ON,EST_FILTER_TYPE,MOVING_AVERAGE,EST_MA_WINDOW,1,EST_FILTER_STRENGTH,0.35
TM,EST_FUSION,ON,EST_GYRO_WEIGHT,0.98,EST_VALID,1
TM,SUN_L,3595,SUN_R,3177,SUN_NDV,0.0617,SUN_ANGLE,35.16
TM,MAG_X,-7.44,MAG_Y,0.50,MAG_Z,-18.45,MAG_HEADING,176.19
TM,GYRO_X,-0.928,GYRO_Y,-2.398,GYRO_Z,0.222,BODY_RATE,-0.222
TM,ADCS_MODE,MANUAL,ADCS_REFERENCE,SUN,TARGET,0.00,POINTING_ERROR,-35.12,SUN_ERROR,-35.09,MAG_ERROR,-176.85,GYRO_Z,-0.338,RW_CMD,0
TM,EST_RAW,35.09,EST_FILTERED,35.09,EST_ANGLE,35.12,EST_FILTER,ON,EST_FILTER_TYPE,MOVING_AVERAGE,EST_MA_WINDOW,1,EST_FILTER_STRENGTH,0.35
TM,EST_FUSION,ON,EST_GYRO_WEIGHT,0.98,EST_VALID,1
TM,SUN_L,3595,SUN_R,3178,SUN_NDV,0.0616,SUN_ANGLE,35.13
TM,MAG_X,-7.55,MAG_Y,0.42,MAG_Z,-18.38,MAG_HEADING,176.85
TM,GYRO_X,-0.980,GYRO_Y,-2.362,GYRO_Z,-0.015,BODY_RATE,0.015
TM,ADCS_MODE,MANUAL,ADCS_REFERENCE,SUN,TARGET,0.00,POINTING_ERROR,-35.13,SUN_ERROR,-35.11,MAG_ERROR,-177.05,GYRO_Z,-0.111,RW_CMD,0
TM,EST_RAW,35.11,EST_FILTERED,35.11,EST_ANGLE,35.13,EST_FILTER,ON,EST_FILTER_TYPE,MOVING_AVERAGE,EST_MA_WINDOW,1,EST_FILTER_STRENGTH,0.35
TM,EST_FUSION,ON,EST_GYRO_WEIGHT,0.98,EST_VALID,1
TM,SUN_L,3595,SUN_R,3175,SUN_NDV,0.0620,SUN_ANGLE,35.01
TM,MAG_X,-7.47,MAG_Y,0.46,MAG_Z,-18.43,MAG_HEADING,176.45
TM,GYRO_X,-1.076,GYRO_Y,-2.152,GYRO_Z,0.134,BODY_RATE,-0.134
TM,SUN_L,3594,SUN_R,3177,SUN_NDV,0.0616,SUN_ANGLE,35.10
TM,MAG_X,-7.54,MAG_Y,0.53,MAG_Z,-18.27,MAG_HEADING,175.99
TM,GYRO_X,-0.814,GYRO_Y,-2.459,GYRO_Z,0.055,BODY_RATE,-0.055
TM,ADCS_MODE,MANUAL,ADCS_REFERENCE,SUN,TARGET,0.00,POINTING_ERROR,-35.11,SUN_ERROR,-35.14,MAG_ERROR,-175.99,GYRO_Z,0.134,RW_CMD,0
TM,EST_RAW,35.14,EST_FILTERED,35.14,EST_ANGLE,35.11,EST_FILTER,ON,EST_FILTER_TYPE,MOVING_AVERAGE,EST_MA_WINDOW,1,EST_FILTER_STRENGTH,0.35
TM,EST_FUSION,ON,EST_GYRO_WEIGHT,0.98,EST_VALID,1
TM,SUN_L,3595,SUN_R,3177,SUN_NDV,0.0617,SUN_ANGLE,35.10
TM,MAG_X,-7.68,MAG_Y,0.51,MAG_Z,-18.21,MAG_HEADING,176.19
TM,GYRO_X,-1.216,GYRO_Y,-2.082,GYRO_Z,0.038,BODY_RATE,-0.038
TM,ADCS_MODE,MANUAL,ADCS_REFERENCE,SUN,TARGET,0.00,POINTING_ERROR,-35.12,SUN_ERROR,-35.13,MAG_ERROR,-176.83,GYRO_Z,0.038,RW_CMD,0
TM,EST_RAW,35.13,EST_FILTERED,35.13,EST_ANGLE,35.12,EST_FILTER,ON,EST_FILTER_TYPE,MOVING_AVERAGE,EST_MA_WINDOW,1,EST_FILTER_STRENGTH,0.35
TM,EST_FUSION,ON,EST_GYRO_WEIGHT,0.98,EST_VALID,1
TM,SUN_L,3594,SUN_R,3178,SUN_NDV,0.0614,SUN_ANGLE,35.11
TM,MAG_X,-7.54,MAG_Y,0.42,MAG_Z,-18.32,MAG_HEADING,176.84
TM,GYRO_X,-0.849,GYRO_Y,-2.406,GYRO_Z,0.239,BODY_RATE,-0.239
TM,ADCS_MODE,MANUAL,ADCS_REFERENCE,SUN,TARGET,0.00,POINTING_ERROR,-35.12,SUN_ERROR,-35.15,MAG_ERROR,-176.84,GYRO_Z,0.125,RW_CMD,0
TM,EST_RAW,35.15,EST_FILTERED,35.15,EST_ANGLE,35.12,EST_FILTER,ON,EST_FILTER_TYPE,MOVING_AVERAGE,EST_MA_WINDOW,1,EST_FILTER_STRENGTH,0.35
TM,EST_FUSION,ON,EST_GYRO_WEIGHT,0.98,EST_VALID,1
TM,SUN_L,3593,SUN_R,3177,SUN_NDV,0.0614,SUN_ANGLE,35.07
TM,MAG_X,-7.49,MAG_Y,0.45,MAG_Z,-18.46,MAG_HEADING,176.58
TM,GYRO_X,-1.085,GYRO_Y,-2.398,GYRO_Z,0.265,BODY_RATE,-0.265
TM,ADCS_MODE,MANUAL,ADCS_REFERENCE,SUN,TARGET,0.00,POINTING_ERROR,-35.12,SUN_ERROR,-35.08,MAG_ERROR,-175.91,GYRO_Z,-0.172,RW_CMD,0
TM,EST_RAW,35.08,EST_FILTERED,35.08,EST_ANGLE,35.12,EST_FILTER,ON,EST_FILTER_TYPE,MOVING_AVERAGE,EST_MA_WINDOW,1,EST_FILTER_STRENGTH,0.35
TM,EST_FUSION,ON,EST_GYRO_WEIGHT,0.98,EST_VALID,1
TM,SUN_L,3595,SUN_R,3177,SUN_NDV,0.0617,SUN_ANGLE,35.00
TM,MAG_X,-7.39,MAG_Y,0.53,MAG_Z,-18.48,MAG_HEADING,175.91
TM,GYRO_X,-0.980,GYRO_Y,-2.257,GYRO_Z,0.318,BODY_RATE,-0.318
TM,SUN_L,3595,SUN_R,3177,SUN_NDV,0.0617,SUN_ANGLE,35.07
TM,MAG_X,-7.60,MAG_Y,0.51,MAG_Z,-18.22,MAG_HEADING,176.15
TM,GYRO_X,-1.041,GYRO_Y,-2.196,GYRO_Z,0.222,BODY_RATE,-0.222
TM,ADCS_MODE,MANUAL,ADCS_REFERENCE,SUN,TARGET,0.00,POINTING_ERROR,-35.11,SUN_ERROR,-35.07,MAG_ERROR,-176.15,GYRO_Z,0.222,RW_CMD,0
TM,EST_RAW,35.07,EST_FILTERED,35.07,EST_ANGLE,35.11,EST_FILTER,ON,EST_FILTER_TYPE,MOVING_AVERAGE,EST_MA_WINDOW,1,EST_FILTER_STRENGTH,0.35
TM,EST_FUSION,ON,EST_GYRO_WEIGHT,0.98,EST_VALID,1
TM,SUN_L,3594,SUN_R,3177,SUN_NDV,0.0616,SUN_ANGLE,35.07
TM,MAG_X,-7.49,MAG_Y,0.35,MAG_Z,-18.35,MAG_HEADING,177.31
TM,GYRO_X,-1.102,GYRO_Y,-2.328,GYRO_Z,0.055,BODY_RATE,-0.055
TM,ADCS_MODE,MANUAL,ADCS_REFERENCE,SUN,TARGET,0.00,POINTING_ERROR,-35.10,SUN_ERROR,-35.15,MAG_ERROR,-177.31,GYRO_Z,0.038,RW_CMD,0
TM,EST_RAW,35.15,EST_FILTERED,35.15,EST_ANGLE,35.10,EST_FILTER,ON,EST_FILTER_TYPE,MOVING_AVERAGE,EST_MA_WINDOW,1,EST_FILTER_STRENGTH,0.35
TM,EST_FUSION,ON,EST_GYRO_WEIGHT,0.98,EST_VALID,1
TM,SUN_L,3595,SUN_R,3177,SUN_NDV,0.0617,SUN_ANGLE,35.04
TM,MAG_X,-7.44,MAG_Y,0.50,MAG_Z,-18.34,MAG_HEADING,176.19
TM,GYRO_X,-1.015,GYRO_Y,-2.520,GYRO_Z,-0.102,BODY_RATE,0.102
TM,ADCS_MODE,MANUAL,ADCS_REFERENCE,SUN,TARGET,0.00,POINTING_ERROR,-35.10,SUN_ERROR,-35.11,MAG_ERROR,-176.27,GYRO_Z,-0.286,RW_CMD,0
TM,EST_RAW,35.11,EST_FILTERED,35.11,EST_ANGLE,35.10,EST_FILTER,ON,EST_FILTER_TYPE,MOVING_AVERAGE,EST_MA_WINDOW,1,EST_FILTER_STRENGTH,0.35
TM,EST_FUSION,ON,EST_GYRO_WEIGHT,0.98,EST_VALID,1
TM,SUN_L,3595,SUN_R,3178,SUN_NDV,0.0616,SUN_ANGLE,35.12
TM,MAG_X,-7.36,MAG_Y,0.48,MAG_Z,-18.40,MAG_HEADING,176.27
TM,GYRO_X,-0.928,GYRO_Y,-2.284,GYRO_Z,-0.093,BODY_RATE,0.093
TM,ADCS_MODE,MANUAL,ADCS_REFERENCE,SUN,TARGET,0.00,POINTING_ERROR,-35.11,SUN_ERROR,-34.98,MAG_ERROR,-176.69,GYRO_Z,0.047,RW_CMD,0
TM,EST_RAW,34.98,EST_FILTERED,34.98,EST_ANGLE,35.11,EST_FILTER,ON,EST_FILTER_TYPE,MOVING_AVERAGE,EST_MA_WINDOW,1,EST_FILTER_STRENGTH,0.35
TM,EST_FUSION,ON,EST_GYRO_WEIGHT,0.98,EST_VALID,1
TM,SUN_L,3595,SUN_R,3177,SUN_NDV,0.0617,SUN_ANGLE,35.03
TM,MAG_X,-7.57,MAG_Y,0.38,MAG_Z,-18.14,MAG_HEADING,177.10
TM,GYRO_X,-1.111,GYRO_Y,-2.214,GYRO_Z,-0.111,BODY_RATE,0.111
TM,SUN_L,3596,SUN_R,3178,SUN_NDV,0.0617,SUN_ANGLE,35.18
TM,MAG_X,-7.47,MAG_Y,0.56,MAG_Z,-18.46,MAG_HEADING,175.71
TM,GYRO_X,-0.849,GYRO_Y,-2.660,GYRO_Z,-0.006,BODY_RATE,0.006
TM,ADCS_MODE,MANUAL,ADCS_REFERENCE,SUN,TARGET,0.00,POINTING_ERROR,-35.10,SUN_ERROR,-35.06,MAG_ERROR,-175.71,GYRO_Z,0.125,RW_CMD,0
TM,EST_RAW,35.06,EST_FILTERED,35.06,EST_ANGLE,35.10,EST_FILTER,ON,EST_FILTER_TYPE,MOVING_AVERAGE,EST_MA_WINDOW,1,EST_FILTER_STRENGTH,0.35
TM,EST_FUSION,ON,EST_GYRO_WEIGHT,0.98,EST_VALID,1
TM,SUN_L,3595,SUN_R,3179,SUN_NDV,0.0614,SUN_ANGLE,35.03
TM,MAG_X,-7.57,MAG_Y,0.51,MAG_Z,-18.45,MAG_HEADING,176.13
TM,GYRO_X,-1.050,GYRO_Y,-2.406,GYRO_Z,-0.146,BODY_RATE,0.146
TM,ADCS_MODE,MANUAL,ADCS_REFERENCE,SUN,TARGET,0.00,POINTING_ERROR,-35.10,SUN_ERROR,-35.01,MAG_ERROR,-176.13,GYRO_Z,-0.058,RW_CMD,0
TM,EST_RAW,35.01,EST_FILTERED,35.01,EST_ANGLE,35.10,EST_FILTER,ON,EST_FILTER_TYPE,MOVING_AVERAGE,EST_MA_WINDOW,1,EST_FILTER_STRENGTH,0.35
TM,EST_FUSION,ON,EST_GYRO_WEIGHT,0.98,EST_VALID,1
TM,SUN_L,3595,SUN_R,3178,SUN_NDV,0.0616,SUN_ANGLE,35.10
TM,MAG_X,-7.44,MAG_Y,0.37,MAG_Z,-18.53,MAG_HEADING,177.17
TM,GYRO_X,-1.120,GYRO_Y,-2.345,GYRO_Z,0.187,BODY_RATE,-0.187
TM,ADCS_MODE,MANUAL,ADCS_REFERENCE,SUN,TARGET,0.00,POINTING_ERROR,-35.08,SUN_ERROR,-35.06,MAG_ERROR,-177.54,GYRO_Z,0.117,RW_CMD,0
TM,EST_RAW,35.06,EST_FILTERED,35.06,EST_ANGLE,35.08,EST_FILTER,ON,EST_FILTER_TYPE,MOVING_AVERAGE,EST_MA_WINDOW,1,EST_FILTER_STRENGTH,0.35
TM,EST_FUSION,ON,EST_GYRO_WEIGHT,0.98,EST_VALID,1
TM,SUN_L,3594,SUN_R,3178,SUN_NDV,0.0614,SUN_ANGLE,35.05
TM,MAG_X,-7.46,MAG_Y,0.51,MAG_Z,-18.51,MAG_HEADING,176.07
TM,GYRO_X,-0.892,GYRO_Y,-2.380,GYRO_Z,0.012,BODY_RATE,-0.012
TM,ADCS_MODE,MANUAL,ADCS_REFERENCE,SUN,TARGET,0.00,POINTING_ERROR,-35.09,SUN_ERROR,-35.08,MAG_ERROR,-175.39,GYRO_Z,0.082,RW_CMD,0
TM,EST_RAW,35.08,EST_FILTERED,35.08,EST_ANGLE,35.09,EST_FILTER,ON,EST_FILTER_TYPE,MOVING_AVERAGE,EST_MA_WINDOW,1,EST_FILTER_STRENGTH,0.35
TM,EST_FUSION,ON,EST_GYRO_WEIGHT,0.98,EST_VALID,1
TM,SUN_L,3595,SUN_R,3177,SUN_NDV,0.0617,SUN_ANGLE,35.08
TM,MAG_X,-7.54,MAG_Y,0.61,MAG_Z,-18.53,MAG_HEADING,175.39
TM,GYRO_X,-1.111,GYRO_Y,-2.188,GYRO_Z,0.152,BODY_RATE,-0.152
TM,SUN_L,3594,SUN_R,3178,SUN_NDV,0.0614,SUN_ANGLE,35.02
TM,MAG_X,-7.47,MAG_Y,0.53,MAG_Z,-18.53,MAG_HEADING,175.96
TM,GYRO_X,-0.954,GYRO_Y,-2.126,GYRO_Z,-0.085,BODY_RATE,0.085
TM,ADCS_MODE,MANUAL,ADCS_REFERENCE,SUN,TARGET,0.00,POINTING_ERROR,-35.06,SUN_ERROR,-35.02,MAG_ERROR,-175.96,GYRO_Z,-0.085,RW_CMD,0
TM,EST_RAW,35.02,EST_FILTERED,35.02,EST_ANGLE,35.06,EST_FILTER,ON,EST_FILTER_TYPE,MOVING_AVERAGE,EST_MA_WINDOW,1,EST_FILTER_STRENGTH,0.35
TM,EST_FUSION,ON,EST_GYRO_WEIGHT,0.98,EST_VALID,1
TM,SUN_L,3595,SUN_R,3177,SUN_NDV,0.0617,SUN_ANGLE,34.92
TM,MAG_X,-7.62,MAG_Y,0.54,MAG_Z,-18.72,MAG_HEADING,175.91
TM,GYRO_X,-0.831,GYRO_Y,-2.362,GYRO_Z,-0.085,BODY_RATE,0.085
TM,ADCS_MODE,MANUAL,ADCS_REFERENCE,SUN,TARGET,0.00,POINTING_ERROR,-35.09,SUN_ERROR,-35.09,MAG_ERROR,-176.27,GYRO_Z,0.090,RW_CMD,0
TM,EST_RAW,35.09,EST_FILTERED,35.09,EST_ANGLE,35.09,EST_FILTER,ON,EST_FILTER_TYPE,MOVING_AVERAGE,EST_MA_WINDOW,1,EST_FILTER_STRENGTH,0.35
TM,EST_FUSION,ON,EST_GYRO_WEIGHT,0.98,EST_VALID,1
TM,SUN_L,3594,SUN_R,3177,SUN_NDV,0.0616,SUN_ANGLE,35.04
TM,MAG_X,-7.44,MAG_Y,0.50,MAG_Z,-18.58,MAG_HEADING,176.19
TM,GYRO_X,-0.971,GYRO_Y,-2.188,GYRO_Z,-0.076,BODY_RATE,0.076
TM,ADCS_MODE,MANUAL,ADCS_REFERENCE,SUN,TARGET,0.00,POINTING_ERROR,-35.09,SUN_ERROR,-35.18,MAG_ERROR,-176.19,GYRO_Z,-0.093,RW_CMD,0
TM,EST_RAW,35.18,EST_FILTERED,35.18,EST_ANGLE,35.09,EST_FILTER,ON,EST_FILTER_TYPE,MOVING_AVERAGE,EST_MA_WINDOW,1,EST_FILTER_STRENGTH,0.35
TM,EST_FUSION,ON,EST_GYRO_WEIGHT,0.98,EST_VALID,1
TM,SUN_L,3593,SUN_R,3177,SUN_NDV,0.0614,SUN_ANGLE,35.09
TM,MAG_X,-7.50,MAG_Y,0.46,MAG_Z,-18.50,MAG_HEADING,176.46
TM,GYRO_X,-0.954,GYRO_Y,-2.231,GYRO_Z,-0.260,BODY_RATE,0.260
TM,ADCS_MODE,MANUAL,ADCS_REFERENCE,SUN,TARGET,0.00,POINTING_ERROR,-35.10,SUN_ERROR,-35.05,MAG_ERROR,-176.03,GYRO_Z,-0.006,RW_CMD,0
TM,EST_RAW,35.05,EST_FILTERED,35.05,EST_ANGLE,35.10,EST_FILTER,ON,EST_FILTER_TYPE,MOVING_AVERAGE,EST_MA_WINDOW,1,EST_FILTER_STRENGTH,0.35
TM,EST_FUSION,ON,EST_GYRO_WEIGHT,0.98,EST_VALID,1
TM,SUN_L,3594,SUN_R,3177,SUN_NDV,0.0616,SUN_ANGLE,35.05
TM,MAG_X,-7.60,MAG_Y,0.53,MAG_Z,-18.59,MAG_HEADING,176.03
TM,GYRO_X,-1.111,GYRO_Y,-2.161,GYRO_Z,-0.172,BODY_RATE,0.172
TM,SUN_L,3596,SUN_R,3178,SUN_NDV,0.0617,SUN_ANGLE,35.10
TM,MAG_X,-7.55,MAG_Y,0.51,MAG_Z,-18.27,MAG_HEADING,176.12
TM,GYRO_X,-1.085,GYRO_Y,-2.406,GYRO_Z,-0.163,BODY_RATE,0.163
TM,ADCS_MODE,MANUAL,ADCS_REFERENCE,SUN,TARGET,0.00,POINTING_ERROR,-35.09,SUN_ERROR,-35.07,MAG_ERROR,-176.12,GYRO_Z,-0.137,RW_CMD,0
TM,EST_RAW,35.07,EST_FILTERED,35.07,EST_ANGLE,35.09,EST_FILTER,ON,EST_FILTER_TYPE,MOVING_AVERAGE,EST_MA_WINDOW,1,EST_FILTER_STRENGTH,0.35
TM,EST_FUSION,ON,EST_GYRO_WEIGHT,0.98,EST_VALID,1
TM,SUN_L,3594,SUN_R,3177,SUN_NDV,0.0616,SUN_ANGLE,35.13
TM,MAG_X,-7.54,MAG_Y,0.59,MAG_Z,-18.43,MAG_HEADING,175.51
TM,GYRO_X,-1.181,GYRO_Y,-2.126,GYRO_Z,0.125,BODY_RATE,-0.125
TM,ADCS_MODE,MANUAL,ADCS_REFERENCE,SUN,TARGET,0.00,POINTING_ERROR,-35.09,SUN_ERROR,-35.08,MAG_ERROR,-175.51,GYRO_Z,0.195,RW_CMD,0
TM,EST_RAW,35.08,EST_FILTERED,35.08,EST_ANGLE,35.09,EST_FILTER,ON,EST_FILTER_TYPE,MOVING_AVERAGE,EST_MA_WINDOW,1,EST_FILTER_STRENGTH,0.35
TM,EST_FUSION,ON,EST_GYRO_WEIGHT,0.98,EST_VALID,1
TM,SUN_L,3593,SUN_R,3178,SUN_NDV,0.0613,SUN_ANGLE,35.11
TM,MAG_X,-7.49,MAG_Y,0.40,MAG_Z,-18.53,MAG_HEADING,176.94
TM,GYRO_X,-0.945,GYRO_Y,-2.249,GYRO_Z,-0.111,BODY_RATE,0.111
TM,ADCS_MODE,MANUAL,ADCS_REFERENCE,SUN,TARGET,0.00,POINTING_ERROR,-35.08,SUN_ERROR,-35.14,MAG_ERROR,-176.70,GYRO_Z,-0.172,RW_CMD,0
TM,EST_RAW,35.14,EST_FILTERED,35.14,EST_ANGLE,35.08,EST_FILTER,ON,EST_FILTER_TYPE,MOVING_AVERAGE,EST_MA_WINDOW,1,EST_FILTER_STRENGTH,0.35
TM,EST_FUSION,ON,EST_GYRO_WEIGHT,0.98,EST_VALID,1
TM,SUN_L,3594,SUN_R,3177,SUN_NDV,0.0616,SUN_ANGLE,35.05
TM,MAG_X,-7.49,MAG_Y,0.43,MAG_Z,-18.53,MAG_HEADING,176.70
TM,GYRO_X,-0.989,GYRO_Y,-2.336,GYRO_Z,-0.093,BODY_RATE,0.093
TM,ADCS_MODE,MANUAL,ADCS_REFERENCE,SUN,TARGET,0.00,POINTING_ERROR,-35.09,SUN_ERROR,-34.96,MAG_ERROR,-176.36,GYRO_Z,0.029,RW_CMD,0
TM,EST_RAW,34.96,EST_FILTERED,34.96,EST_ANGLE,35.09,EST_FILTER,ON,EST_FILTER_TYPE,MOVING_AVERAGE,EST_MA_WINDOW,1,EST_FILTER_STRENGTH,0.35
TM,EST_FUSION,ON,EST_GYRO_WEIGHT,0.98,EST_VALID,1
TM,SUN_L,3595,SUN_R,3175,SUN_NDV,0.0620,SUN_ANGLE,35.11
TM,MAG_X,-7.74,MAG_Y,0.42,MAG_Z,-18.46,MAG_HEADING,176.93
TM,GYRO_X,-0.936,GYRO_Y,-2.371,GYRO_Z,-0.067,BODY_RATE,0.067
TM,SUN_L,3594,SUN_R,3178,SUN_NDV,0.0614,SUN_ANGLE,35.02
TM,MAG_X,-7.47,MAG_Y,0.43,MAG_Z,-18.56,MAG_HEADING,176.69
TM,GYRO_X,-1.111,GYRO_Y,-2.310,GYRO_Z,-0.373,BODY_RATE,0.373
TM,ADCS_MODE,MANUAL,ADCS_REFERENCE,SUN,TARGET,0.00,POINTING_ERROR,-35.09,SUN_ERROR,-35.02,MAG_ERROR,-176.69,GYRO_Z,-0.242,RW_CMD,0
TM,EST_RAW,35.02,EST_FILTERED,35.02,EST_ANGLE,35.09,EST_FILTER,ON,EST_FILTER_TYPE,MOVING_AVERAGE,EST_MA_WINDOW,1,EST_FILTER_STRENGTH,0.35
TM,EST_FUSION,ON,EST_GYRO_WEIGHT,0.98,EST_VALID,1
TM,SUN_L,3595,SUN_R,3176,SUN_NDV,0.0619,SUN_ANGLE,35.07
TM,MAG_X,-7.49,MAG_Y,0.50,MAG_Z,-18.40,MAG_HEADING,176.21
TM,GYRO_X,-1.321,GYRO_Y,-2.082,GYRO_Z,-0.120,BODY_RATE,0.120
TM,ADCS_MODE,MANUAL,ADCS_REFERENCE,SUN,TARGET,0.00,POINTING_ERROR,-35.10,SUN_ERROR,-35.03,MAG_ERROR,-176.88,GYRO_Z,-0.102,RW_CMD,0
TM,EST_RAW,35.03,EST_FILTERED,35.03,EST_ANGLE,35.10,EST_FILTER,ON,EST_FILTER_TYPE,MOVING_AVERAGE,EST_MA_WINDOW,1,EST_FILTER_STRENGTH,0.35
TM,EST_FUSION,ON,EST_GYRO_WEIGHT,0.98,EST_VALID,1
TM,SUN_L,3593,SUN_R,3176,SUN_NDV,0.0616,SUN_ANGLE,35.03
TM,MAG_X,-7.33,MAG_Y,0.40,MAG_Z,-18.46,MAG_HEADING,176.88
TM,GYRO_X,-1.146,GYRO_Y,-2.223,GYRO_Z,0.064,BODY_RATE,-0.064
TM,ADCS_MODE,MANUAL,ADCS_REFERENCE,SUN,TARGET,0.00,POINTING_ERROR,-35.09,SUN_ERROR,-35.03,MAG_ERROR,-177.30,GYRO_Z,0.143,RW_CMD,0
TM,EST_RAW,35.03,EST_FILTERED,35.03,EST_ANGLE,35.09,EST_FILTER,ON,EST_FILTER_TYPE,MOVING_AVERAGE,EST_MA_WINDOW,1,EST_FILTER_STRENGTH,0.35
TM,EST_FUSION,ON,EST_GYRO_WEIGHT,0.98,EST_VALID,1
TM,SUN_L,3594,SUN_R,3176,SUN_NDV,0.0617,SUN_ANGLE,35.12
TM,MAG_X,-7.52,MAG_Y,0.48,MAG_Z,-18.32,MAG_HEADING,176.35
TM,GYRO_X,-1.164,GYRO_Y,-2.144,GYRO_Z,0.082,BODY_RATE,-0.082
TM,ADCS_MODE,MANUAL,ADCS_REFERENCE,SUN,TARGET,0.00,POINTING_ERROR,-35.09,SUN_ERROR,-34.97,MAG_ERROR,-177.11,GYRO_Z,-0.015,RW_CMD,0
TM,EST_RAW,34.97,EST_FILTERED,34.97,EST_ANGLE,35.09,EST_FILTER,ON,EST_FILTER_TYPE,MOVING_AVERAGE,EST_MA_WINDOW,1,EST_FILTER_STRENGTH,0.35
TM,EST_FUSION,ON,EST_GYRO_WEIGHT,0.98,EST_VALID,1
TM,SUN_L,3592,SUN_R,3175,SUN_NDV,0.0616,SUN_ANGLE,35.04
TM,MAG_X,-7.60,MAG_Y,0.38,MAG_Z,-18.34,MAG_HEADING,177.11
TM,GYRO_X,-0.954,GYRO_Y,-2.328,GYRO_Z,0.064,BODY_RATE,-0.064
TM,SUN_L,3592,SUN_R,3175,SUN_NDV,0.0616,SUN_ANGLE,35.00
TM,MAG_X,-7.50,MAG_Y,0.43,MAG_Z,-18.34,MAG_HEADING,176.71
TM,GYRO_X,-1.111,GYRO_Y,-2.144,GYRO_Z,0.160,BODY_RATE,-0.160
TM,ADCS_MODE,MANUAL,ADCS_REFERENCE,SUN,TARGET,0.00,POINTING_ERROR,-35.09,SUN_ERROR,-35.00,MAG_ERROR,-176.71,GYRO_Z,0.160,RW_CMD,0
TM,EST_RAW,35.00,EST_FILTERED,35.00,EST_ANGLE,35.09,EST_FILTER,ON,EST_FILTER_TYPE,MOVING_AVERAGE,EST_MA_WINDOW,1,EST_FILTER_STRENGTH,0.35
TM,EST_FUSION,ON,EST_GYRO_WEIGHT,0.98,EST_VALID,1
TM,SUN_L,3593,SUN_R,3175,SUN_NDV,0.0618,SUN_ANGLE,35.03
TM,MAG_X,-7.50,MAG_Y,0.43,MAG_Z,-18.18,MAG_HEADING,176.71
TM,GYRO_X,-1.129,GYRO_Y,-2.328,GYRO_Z,0.353,BODY_RATE,-0.353
TM,ADCS_MODE,MANUAL,ADCS_REFERENCE,SUN,TARGET,0.00,POINTING_ERROR,-35.09,SUN_ERROR,-35.05,MAG_ERROR,-176.71,GYRO_Z,0.047,RW_CMD,0
TM,EST_RAW,35.05,EST_FILTERED,35.05,EST_ANGLE,35.09,EST_FILTER,ON,EST_FILTER_TYPE,MOVING_AVERAGE,EST_MA_WINDOW,1,EST_FILTER_STRENGTH,0.35
TM,EST_FUSION,ON,EST_GYRO_WEIGHT,0.98,EST_VALID,1
TM,SUN_L,3594,SUN_R,3174,SUN_NDV,0.0621,SUN_ANGLE,35.08
TM,MAG_X,-7.36,MAG_Y,0.32,MAG_Z,-18.29,MAG_HEADING,177.51
TM,GYRO_X,-1.076,GYRO_Y,-2.301,GYRO_Z,-0.023,BODY_RATE,0.023
TM,ADCS_MODE,MANUAL,ADCS_REFERENCE,SUN,TARGET,0.00,POINTING_ERROR,-35.12,SUN_ERROR,-35.15,MAG_ERROR,-177.51,GYRO_Z,-0.181,RW_CMD,0
TM,EST_RAW,35.15,EST_FILTERED,35.15,EST_ANGLE,35.12,EST_FILTER,ON,EST_FILTER_TYPE,MOVING_AVERAGE,EST_MA_WINDOW,1,EST_FILTER_STRENGTH,0.35
TM,EST_FUSION,ON,EST_GYRO_WEIGHT,0.98,EST_VALID,1
TM,SUN_L,3594,SUN_R,3176,SUN_NDV,0.0617,SUN_ANGLE,35.08
TM,MAG_X,-7.44,MAG_Y,0.32,MAG_Z,-18.38,MAG_HEADING,177.54
TM,GYRO_X,-0.954,GYRO_Y,-2.424,GYRO_Z,0.020,BODY_RATE,-0.020
TM,ADCS_MODE,MANUAL,ADCS_REFERENCE,SUN,TARGET,0.00,POINTING_ERROR,-35.12,SUN_ERROR,-35.13,MAG_ERROR,-175.64,GYRO_Z,-0.242,RW_CMD,0
TM,EST_RAW,35.13,EST_FILTERED,35.13,EST_ANGLE,35.12,EST_FILTER,ON,EST_FILTER_TYPE,MOVING_AVERAGE,EST_MA_WINDOW,1,EST_FILTER_STRENGTH,0.35
TM,EST_FUSION,ON,EST_GYRO_WEIGHT,0.98,EST_VALID,1
TM,SUN_L,3594,SUN_R,3174,SUN_NDV,0.0621,SUN_ANGLE,35.04
TM,MAG_X,-7.34,MAG_Y,0.56,MAG_Z,-18.35,MAG_HEADING,175.64
TM,GYRO_X,-1.076,GYRO_Y,-2.284,GYRO_Z,-0.146,BODY_RATE,0.146
TM,SUN_L,3595,SUN_R,3174,SUN_NDV,0.0622,SUN_ANGLE,35.10
TM,MAG_X,-7.52,MAG_Y,0.45,MAG_Z,-18.35,MAG_HEADING,176.59
TM,GYRO_X,-1.059,GYRO_Y,-2.257,GYRO_Z,0.038,BODY_RATE,-0.038
TM,ADCS_MODE,MANUAL,ADCS_REFERENCE,SUN,TARGET,0.00,POINTING_ERROR,-35.13,SUN_ERROR,-35.10,MAG_ERROR,-176.59,GYRO_Z,-0.198,RW_CMD,0
TM,EST_RAW,35.10,EST_FILTERED,35.10,EST_ANGLE,35.13,EST_FILTER,ON,EST_FILTER_TYPE,MOVING_AVERAGE,EST_MA_WINDOW,1,EST_FILTER_STRENGTH,0.35
TM,EST_FUSION,ON,EST_GYRO_WEIGHT,0.98,EST_VALID,1
TM,SUN_L,3594,SUN_R,3176,SUN_NDV,0.0617,SUN_ANGLE,35.14
TM,MAG_X,-7.39,MAG_Y,0.45,MAG_Z,-18.19,MAG_HEADING,176.53
TM,GYRO_X,-1.260,GYRO_Y,-2.459,GYRO_Z,-0.058,BODY_RATE,0.058
TM,ADCS_MODE,MANUAL,ADCS_REFERENCE,SUN,TARGET,0.00,POINTING_ERROR,-35.12,SUN_ERROR,-35.15,MAG_ERROR,-176.53,GYRO_Z,0.335,RW_CMD,0
TM,EST_RAW,35.15,EST_FILTERED,35.15,EST_ANGLE,35.12,EST_FILTER,ON,EST_FILTER_TYPE,MOVING_AVERAGE,EST_MA_WINDOW,1,EST_FILTER_STRENGTH,0.35
TM,EST_FUSION,ON,EST_GYRO_WEIGHT,0.98,EST_VALID,1
TM,SUN_L,3594,SUN_R,3175,SUN_NDV,0.0619,SUN_ANGLE,35.11
TM,MAG_X,-7.49,MAG_Y,0.46,MAG_Z,-18.43,MAG_HEADING,176.45
TM,GYRO_X,-0.822,GYRO_Y,-0.219,GYRO_Z,0.047,BODY_RATE,-0.047
TM,ADCS_MODE,MANUAL,ADCS_REFERENCE,SUN,TARGET,0.00,POINTING_ERROR,-35.12,SUN_ERROR,-35.13,MAG_ERROR,-176.94,GYRO_Z,-0.041,RW_CMD,0
TM,EST_RAW,35.13,EST_FILTERED,35.13,EST_ANGLE,35.12,EST_FILTER,ON,EST_FILTER_TYPE,MOVING_AVERAGE,EST_MA_WINDOW,1,EST_FILTER_STRENGTH,0.35
TM,EST_FUSION,ON,EST_GYRO_WEIGHT,0.98,EST_VALID,1
TM,SUN_L,3594,SUN_R,3175,SUN_NDV,0.0619,SUN_ANGLE,35.11
TM,MAG_X,-7.50,MAG_Y,0.51,MAG_Z,-18.29,MAG_HEADING,176.10
TM,GYRO_X,-0.858,GYRO_Y,-2.319,GYRO_Z,0.073,BODY_RATE,-0.073
TM,ADCS_MODE,MANUAL,ADCS_REFERENCE,SUN,TARGET,0.00,POINTING_ERROR,-35.12,SUN_ERROR,-35.04,MAG_ERROR,-176.10,GYRO_Z,-0.260,RW_CMD,0
TM,EST_RAW,35.04,EST_FILTERED,35.04,EST_ANGLE,35.12,EST_FILTER,ON,EST_FILTER_TYPE,MOVING_AVERAGE,EST_MA_WINDOW,1,EST_FILTER_STRENGTH,0.35
TM,EST_FUSION,ON,EST_GYRO_WEIGHT,0.98,EST_VALID,1
TM,SUN_L,3592,SUN_R,3175,SUN_NDV,0.0616,SUN_ANGLE,34.85
TM,MAG_X,-7.57,MAG_Y,0.43,MAG_Z,-18.14,MAG_HEADING,176.73
TM,GYRO_X,-1.067,GYRO_Y,-2.056,GYRO_Z,-0.111,BODY_RATE,0.111
TM,SUN_L,3594,SUN_R,3177,SUN_NDV,0.0616,SUN_ANGLE,35.13
TM,MAG_X,-7.54,MAG_Y,0.50,MAG_Z,-18.32,MAG_HEADING,176.23
TM,GYRO_X,-1.295,GYRO_Y,-2.249,GYRO_Z,0.038,BODY_RATE,-0.038
TM,ADCS_MODE,MANUAL,ADCS_REFERENCE,SUN,TARGET,0.00,POINTING_ERROR,-35.12,SUN_ERROR,-35.04,MAG_ERROR,-176.23,GYRO_Z,-0.050,RW_CMD,0
TM,EST_RAW,35.04,EST_FILTERED,35.04,EST_ANGLE,35.12,EST_FILTER,ON,EST_FILTER_TYPE,MOVING_AVERAGE,EST_MA_WINDOW,1,EST_FILTER_STRENGTH,0.35
TM,EST_FUSION,ON,EST_GYRO_WEIGHT,0.98,EST_VALID,1
TM,SUN_L,3594,SUN_R,3175,SUN_NDV,0.0619,SUN_ANGLE,35.07
TM,MAG_X,-7.44,MAG_Y,0.50,MAG_Z,-18.35,MAG_HEADING,176.19
TM,GYRO_X,-0.998,GYRO_Y,-2.625,GYRO_Z,-0.120,BODY_RATE,0.120
TM,ADCS_MODE,MANUAL,ADCS_REFERENCE,SUN,TARGET,0.00,POINTING_ERROR,-35.12,SUN_ERROR,-35.13,MAG_ERROR,-177.04,GYRO_Z,0.055,RW_CMD,0
TM,EST_RAW,35.13,EST_FILTERED,35.13,EST_ANGLE,35.12,EST_FILTER,ON,EST_FILTER_TYPE,MOVING_AVERAGE,EST_MA_WINDOW,1,EST_FILTER_STRENGTH,0.35
TM,EST_FUSION,ON,EST_GYRO_WEIGHT,0.98,EST_VALID,1
TM,SUN_L,3595,SUN_R,3175,SUN_NDV,0.0620,SUN_ANGLE,35.13
TM,MAG_X,-7.47,MAG_Y,0.48,MAG_Z,-18.51,MAG_HEADING,176.32
TM,GYRO_X,-1.085,GYRO_Y,-2.336,GYRO_Z,0.003,BODY_RATE,-0.003
TM,ADCS_MODE,MANUAL,ADCS_REFERENCE,SUN,TARGET,0.00,POINTING_ERROR,-35.13,SUN_ERROR,-35.17,MAG_ERROR,-176.32,GYRO_Z,-0.023,RW_CMD,0
TM,EST_RAW,35.17,EST_FILTERED,35.17,EST_ANGLE,35.13,EST_FILTER,ON,EST_FILTER_TYPE,MOVING_AVERAGE,EST_MA_WINDOW,1,EST_FILTER_STRENGTH,0.35
TM,EST_FUSION,ON,EST_GYRO_WEIGHT,0.98,EST_VALID,1
TM,SUN_L,3591,SUN_R,3174,SUN_NDV,0.0616,SUN_ANGLE,35.06
TM,MAG_X,-7.39,MAG_Y,0.32,MAG_Z,-18.46,MAG_HEADING,177.52
TM,GYRO_X,-0.884,GYRO_Y,-2.494,GYRO_Z,0.099,BODY_RATE,-0.099
TM,ADCS_MODE,MANUAL,ADCS_REFERENCE,SUN,TARGET,0.00,POINTING_ERROR,-35.13,SUN_ERROR,-35.11,MAG_ERROR,-176.47,GYRO_Z,-0.041,RW_CMD,0
TM,EST_RAW,35.11,EST_FILTERED,35.11,EST_ANGLE,35.13,EST_FILTER,ON,EST_FILTER_TYPE,MOVING_AVERAGE,EST_MA_WINDOW,1,EST_FILTER_STRENGTH,0.35
TM,EST_FUSION,ON,EST_GYRO_WEIGHT,0.98,EST_VALID,1
TM,SUN_L,3594,SUN_R,3176,SUN_NDV,0.0617,SUN_ANGLE,35.15
TM,MAG_X,-7.52,MAG_Y,0.46,MAG_Z,-18.35,MAG_HEADING,176.47
TM,GYRO_X,-0.954,GYRO_Y,-2.152,GYRO_Z,-0.155,BODY_RATE,0.155
TM,SUN_L,3594,SUN_R,3175,SUN_NDV,0.0619,SUN_ANGLE,35.08
TM,MAG_X,-7.49,MAG_Y,0.50,MAG_Z,-18.42,MAG_HEADING,176.21
TM,GYRO_X,-0.901,GYRO_Y,-2.511,GYRO_Z,-0.190,BODY_RATE,0.190
TM,ADCS_MODE,MANUAL,ADCS_REFERENCE,SUN,TARGET,0.00,POINTING_ERROR,-35.13,SUN_ERROR,-35.08,MAG_ERROR,-176.21,GYRO_Z,-0.190,RW_CMD,0
TM,EST_RAW,35.08,EST_FILTERED,35.08,EST_ANGLE,35.13,EST_FILTER,ON,EST_FILTER_TYPE,MOVING_AVERAGE,EST_MA_WINDOW,1,EST_FILTER_STRENGTH,0.35
TM,EST_FUSION,ON,EST_GYRO_WEIGHT,0.98,EST_VALID,1
TM,SUN_L,3594,SUN_R,3175,SUN_NDV,0.0619,SUN_ANGLE,35.11
TM,MAG_X,-7.47,MAG_Y,0.50,MAG_Z,-18.35,MAG_HEADING,176.20
TM,GYRO_X,-1.085,GYRO_Y,-2.214,GYRO_Z,-0.058,BODY_RATE,0.058
TM,ADCS_MODE,MANUAL,ADCS_REFERENCE,SUN,TARGET,0.00,POINTING_ERROR,-35.13,SUN_ERROR,-35.00,MAG_ERROR,-176.20,GYRO_Z,0.020,RW_CMD,0
TM,EST_RAW,35.00,EST_FILTERED,35.00,EST_ANGLE,35.13,EST_FILTER,ON,EST_FILTER_TYPE,MOVING_AVERAGE,EST_MA_WINDOW,1,EST_FILTER_STRENGTH,0.35
TM,EST_FUSION,ON,EST_GYRO_WEIGHT,0.98,EST_VALID,1
TM,SUN_L,3594,SUN_R,3175,SUN_NDV,0.0619,SUN_ANGLE,35.12
TM,MAG_X,-7.44,MAG_Y,0.45,MAG_Z,-18.43,MAG_HEADING,176.55
TM,GYRO_X,-0.919,GYRO_Y,-2.406,GYRO_Z,-0.058,BODY_RATE,0.058
TM,ADCS_MODE,MANUAL,ADCS_REFERENCE,SUN,TARGET,0.00,POINTING_ERROR,-35.13,SUN_ERROR,-35.08,MAG_ERROR,-175.92,GYRO_Z,0.038,RW_CMD,0
TM,EST_RAW,35.08,EST_FILTERED,35.08,EST_ANGLE,35.13,EST_FILTER,ON,EST_FILTER_TYPE,MOVING_AVERAGE,EST_MA_WINDOW,1,EST_FILTER_STRENGTH,0.35
TM,EST_FUSION,ON,EST_GYRO_WEIGHT,0.98,EST_VALID,1
TM,SUN_L,3594,SUN_R,3174,SUN_NDV,0.0621,SUN_ANGLE,35.27
TM,MAG_X,-7.41,MAG_Y,0.53,MAG_Z,-18.27,MAG_HEADING,175.92
TM,GYRO_X,-1.094,GYRO_Y,-2.126,GYRO_Z,-0.198,BODY_RATE,0.198
TM,ADCS_MODE,MANUAL,ADCS_REFERENCE,SUN,TARGET,0.00,POINTING_ERROR,-35.15,SUN_ERROR,-35.16,MAG_ERROR,-176.31,GYRO_Z,-0.225,RW_CMD,0
TM,EST_RAW,35.16,EST_FILTERED,35.16,EST_ANGLE,35.15,EST_FILTER,ON,EST_FILTER_TYPE,MOVING_AVERAGE,EST_MA_WINDOW,1,EST_FILTER_STRENGTH,0.35
TM,EST_FUSION,ON,EST_GYRO_WEIGHT,0.98,EST_VALID,1
TM,SUN_L,3594,SUN_R,3175,SUN_NDV,0.0619,SUN_ANGLE,35.19
TM,MAG_X,-7.65,MAG_Y,0.38,MAG_Z,-18.45,MAG_HEADING,177.13
TM,GYRO_X,-1.015,GYRO_Y,-2.284,GYRO_Z,0.239,BODY_RATE,-0.239
TM,SUN_L,3595,SUN_R,3175,SUN_NDV,0.0620,SUN_ANGLE,35.08
TM,MAG_X,-7.42,MAG_Y,0.43,MAG_Z,-18.50,MAG_HEADING,176.67
TM,GYRO_X,-0.910,GYRO_Y,-2.424,GYRO_Z,0.064,BODY_RATE,-0.064
TM,ADCS_MODE,MANUAL,ADCS_REFERENCE,SUN,TARGET,0.00,POINTING_ERROR,-35.15,SUN_ERROR,-35.08,MAG_ERROR,-176.67,GYRO_Z,0.178,RW_CMD,0
TM,EST_RAW,35.08,EST_FILTERED,35.08,EST_ANGLE,35.15,EST_FILTER,ON,EST_FILTER_TYPE,MOVING_AVERAGE,EST_MA_WINDOW,1,EST_FILTER_STRENGTH,0.35
TM,EST_FUSION,ON,EST_GYRO_WEIGHT,0.98,EST_VALID,1
TM,SUN_L,3594,SUN_R,3175,SUN_NDV,0.0619,SUN_ANGLE,35.03
TM,MAG_X,-7.54,MAG_Y,0.53,MAG_Z,-18.34,MAG_HEADING,175.99
TM,GYRO_X,-1.041,GYRO_Y,-2.196,GYRO_Z,-0.015,BODY_RATE,0.015
TM,ADCS_MODE,MANUAL,ADCS_REFERENCE,SUN,TARGET,0.00,POINTING_ERROR,-35.16,SUN_ERROR,-35.13,MAG_ERROR,-175.99,GYRO_Z,0.055,RW_CMD,0
TM,EST_RAW,35.13,EST_FILTERED,35.13,EST_ANGLE,35.16,EST_FILTER,ON,EST_FILTER_TYPE,MOVING_AVERAGE,EST_MA_WINDOW,1,EST_FILTER_STRENGTH,0.35
TM,EST_FUSION,ON,EST_GYRO_WEIGHT,0.98,EST_VALID,1
TM,SUN_L,3594,SUN_R,3175,SUN_NDV,0.0619,SUN_ANGLE,35.11
TM,MAG_X,-7.55,MAG_Y,0.48,MAG_Z,-18.56,MAG_HEADING,176.36
TM,GYRO_X,-1.199,GYRO_Y,-2.126,GYRO_Z,0.073,BODY_RATE,-0.073
TM,ADCS_MODE,MANUAL,ADCS_REFERENCE,SUN,TARGET,0.00,POINTING_ERROR,-35.16,SUN_ERROR,-35.10,MAG_ERROR,-176.91,GYRO_Z,-0.006,RW_CMD,0
TM,EST_RAW,35.10,EST_FILTERED,35.10,EST_ANGLE,35.16,EST_FILTER,ON,EST_FILTER_TYPE,MOVING_AVERAGE,EST_MA_WINDOW,1,EST_FILTER_STRENGTH,0.35
TM,EST_FUSION,ON,EST_GYRO_WEIGHT,0.98,EST_VALID,1
TM,SUN_L,3595,SUN_R,3175,SUN_NDV,0.0620,SUN_ANGLE,35.15
TM,MAG_X,-7.50,MAG_Y,0.50,MAG_Z,-18.46,MAG_HEADING,176.22
TM,GYRO_X,-0.954,GYRO_Y,-2.310,GYRO_Z,0.020,BODY_RATE,-0.020
TM,ADCS_MODE,MANUAL,ADCS_REFERENCE,SUN,TARGET,0.00,POINTING_ERROR,-35.16,SUN_ERROR,-35.08,MAG_ERROR,-176.23,GYRO_Z,-0.076,RW_CMD,0
TM,EST_RAW,35.08,EST_FILTERED,35.08,EST_ANGLE,35.16,EST_FILTER,ON,EST_FILTER_TYPE,MOVING_AVERAGE,EST_MA_WINDOW,1,EST_FILTER_STRENGTH,0.35
TM,EST_FUSION,ON,EST_GYRO_WEIGHT,0.98,EST_VALID,1
TM,SUN_L,3593,SUN_R,3174,SUN_NDV,0.0619,SUN_ANGLE,35.05
TM,MAG_X,-7.54,MAG_Y,0.50,MAG_Z,-18.48,MAG_HEADING,176.23
TM,GYRO_X,-1.111,GYRO_Y,-2.310,GYRO_Z,0.152,BODY_RATE,-0.152
TM,SUN_L,3594,SUN_R,3175,SUN_NDV,0.0619,SUN_ANGLE,35.17
TM,MAG_X,-7.42,MAG_Y,0.46,MAG_Z,-18.42,MAG_HEADING,176.42
TM,GYRO_X,-0.971,GYRO_Y,-2.275,GYRO_Z,0.020,BODY_RATE,-0.020
TM,ADCS_MODE,MANUAL,ADCS_REFERENCE,SUN,TARGET,0.00,POINTING_ERROR,-35.18,SUN_ERROR,-35.27,MAG_ERROR,-176.42,GYRO_Z,0.020,RW_CMD,0
TM,EST_RAW,35.27,EST_FILTERED,35.27,EST_ANGLE,35.18,EST_FILTER,ON,EST_FILTER_TYPE,MOVING_AVERAGE,EST_MA_WINDOW,1,EST_FILTER_STRENGTH,0.35
TM,EST_FUSION,ON,EST_GYRO_WEIGHT,0.98,EST_VALID,1
TM,SUN_L,3594,SUN_R,3175,SUN_NDV,0.0619,SUN_ANGLE,35.17
TM,MAG_X,-7.57,MAG_Y,0.53,MAG_Z,-18.30,MAG_HEADING,176.01
TM,GYRO_X,-1.164,GYRO_Y,-2.266,GYRO_Z,-0.058,BODY_RATE,0.058
TM,ADCS_MODE,MANUAL,ADCS_REFERENCE,SUN,TARGET,0.00,POINTING_ERROR,-35.16,SUN_ERROR,-35.18,MAG_ERROR,-176.09,GYRO_Z,0.038,RW_CMD,0
TM,EST_RAW,35.18,EST_FILTERED,35.18,EST_ANGLE,35.16,EST_FILTER,ON,EST_FILTER_TYPE,MOVING_AVERAGE,EST_MA_WINDOW,1,EST_FILTER_STRENGTH,0.35
TM,EST_FUSION,ON,EST_GYRO_WEIGHT,0.98,EST_VALID,1
TM,SUN_L,3594,SUN_R,3175,SUN_NDV,0.0619,SUN_ANGLE,35.15
TM,MAG_X,-7.41,MAG_Y,0.59,MAG_Z,-18.43,MAG_HEADING,175.43
TM,GYRO_X,-0.945,GYRO_Y,-2.249,GYRO_Z,0.134,BODY_RATE,-0.134
TM,ADCS_MODE,MANUAL,ADCS_REFERENCE,SUN,TARGET,0.00,POINTING_ERROR,-35.17,SUN_ERROR,-35.09,MAG_ERROR,-175.43,GYRO_Z,-0.216,RW_CMD,0
TM,EST_RAW,35.09,EST_FILTERED,35.09,EST_ANGLE,35.17,EST_FILTER,ON,EST_FILTER_TYPE,MOVING_AVERAGE,EST_MA_WINDOW,1,EST_FILTER_STRENGTH,0.35
TM,EST_FUSION,ON,EST_GYRO_WEIGHT,0.98,EST_VALID,1
TM,SUN_L,3591,SUN_R,3175,SUN_NDV,0.0615,SUN_ANGLE,35.17
TM,MAG_X,-7.47,MAG_Y,0.45,MAG_Z,-18.38,MAG_HEADING,176.57
TM,GYRO_X,-1.067,GYRO_Y,-2.179,GYRO_Z,-0.076,BODY_RATE,0.076
TM,ADCS_MODE,MANUAL,ADCS_REFERENCE,SUN,TARGET,0.00,POINTING_ERROR,-35.16,SUN_ERROR,-35.07,MAG_ERROR,-176.10,GYRO_Z,0.073,RW_CMD,0
TM,EST_RAW,35.07,EST_FILTERED,35.07,EST_ANGLE,35.16,EST_FILTER,ON,EST_FILTER_TYPE,MOVING_AVERAGE,EST_MA_WINDOW,1,EST_FILTER_STRENGTH,0.35
TM,EST_FUSION,ON,EST_GYRO_WEIGHT,0.98,EST_VALID,1
TM,SUN_L,3594,SUN_R,3175,SUN_NDV,0.0619,SUN_ANGLE,35.07
TM,MAG_X,-7.50,MAG_Y,0.51,MAG_Z,-18.30,MAG_HEADING,176.10
TM,GYRO_X,-0.849,GYRO_Y,-2.240,GYRO_Z,-0.242,BODY_RATE,0.242
TM,SUN_L,3594,SUN_R,3175,SUN_NDV,0.0619,SUN_ANGLE,35.13
TM,MAG_X,-7.58,MAG_Y,0.43,MAG_Z,-18.53,MAG_HEADING,176.74
TM,GYRO_X,-0.936,GYRO_Y,-2.319,GYRO_Z,0.055,BODY_RATE,-0.055
TM,ADCS_MODE,MANUAL,ADCS_REFERENCE,SUN,TARGET,0.00,POINTING_ERROR,-35.16,SUN_ERROR,-35.13,MAG_ERROR,-176.74,GYRO_Z,-0.067,RW_CMD,0
TM,EST_RAW,35.13,EST_FILTERED,35.13,EST_ANGLE,35.16,EST_FILTER,ON,EST_FILTER_TYPE,MOVING_AVERAGE,EST_MA_WINDOW,1,EST_FILTER_STRENGTH,0.35
TM,EST_FUSION,ON,EST_GYRO_WEIGHT,0.98,EST_VALID,1
TM,SUN_L,3595,SUN_R,3176,SUN_NDV,0.0619,SUN_ANGLE,35.07
TM,MAG_X,-7.73,MAG_Y,0.40,MAG_Z,-18.21,MAG_HEADING,177.04
TM,GYRO_X,-1.024,GYRO_Y,-2.293,GYRO_Z,-0.181,BODY_RATE,0.181
TM,ADCS_MODE,MANUAL,ADCS_REFERENCE,SUN,TARGET,0.00,POINTING_ERROR,-35.15,SUN_ERROR,-35.17,MAG_ERROR,-177.04,GYRO_Z,0.117,RW_CMD,0
TM,EST_RAW,35.17,EST_FILTERED,35.17,EST_ANGLE,35.15,EST_FILTER,ON,EST_FILTER_TYPE,MOVING_AVERAGE,EST_MA_WINDOW,1,EST_FILTER_STRENGTH,0.35
TM,EST_FUSION,ON,EST_GYRO_WEIGHT,0.98,EST_VALID,1
TM,SUN_L,3594,SUN_R,3176,SUN_NDV,0.0617,SUN_ANGLE,35.18
TM,MAG_X,-7.55,MAG_Y,0.58,MAG_Z,-18.61,MAG_HEADING,175.64
TM,GYRO_X,-0.919,GYRO_Y,-2.581,GYRO_Z,0.152,BODY_RATE,-0.152
TM,ADCS_MODE,MANUAL,ADCS_REFERENCE,SUN,TARGET,0.00,POINTING_ERROR,-35.15,SUN_ERROR,-35.20,MAG_ERROR,-175.53,GYRO_Z,0.195,RW_CMD,0
TM,EST_RAW,35.20,EST_FILTERED,35.20,EST_ANGLE,35.15,EST_FILTER,ON,EST_FILTER_TYPE,MOVING_AVERAGE,EST_MA_WINDOW,1,EST_FILTER_STRENGTH,0.35
TM,EST_FUSION,ON,EST_GYRO_WEIGHT,0.98,EST_VALID,1
TM,SUN_L,3595,SUN_R,3175,SUN_NDV,0.0620,SUN_ANGLE,35.13
TM,MAG_X,-7.57,MAG_Y,0.59,MAG_Z,-18.45,MAG_HEADING,175.53
TM,GYRO_X,-1.102,GYRO_Y,-2.161,GYRO_Z,0.125,BODY_RATE,-0.125
TM,ADCS_MODE,MANUAL,ADCS_REFERENCE,SUN,TARGET,0.00,POINTING_ERROR,-35.13,SUN_ERROR,-35.08,MAG_ERROR,-176.28,GYRO_Z,-0.041,RW_CMD,0
TM,EST_RAW,35.08,EST_FILTERED,35.08,EST_ANGLE,35.13,EST_FILTER,ON,EST_FILTER_TYPE,MOVING_AVERAGE,EST_MA_WINDOW,1,EST_FILTER_STRENGTH,0.35
TM,EST_FUSION,ON,EST_GYRO_WEIGHT,0.98,EST_VALID,1
TM,SUN_L,3594,SUN_R,3175,SUN_NDV,0.0619,SUN_ANGLE,35.19
TM,MAG_X,-7.54,MAG_Y,0.70,MAG_Z,-18.56,MAG_HEADING,174.66
TM,GYRO_X,-0.884,GYRO_Y,-2.485,GYRO_Z,-0.207,BODY_RATE,0.207
TM,SUN_L,3594,SUN_R,3176,SUN_NDV,0.0617,SUN_ANGLE,35.11
TM,MAG_X,-7.62,MAG_Y,0.37,MAG_Z,-18.61,MAG_HEADING,177.23
TM,GYRO_X,-0.936,GYRO_Y,-2.188,GYRO_Z,0.318,BODY_RATE,-0.318
TM,ADCS_MODE,MANUAL,ADCS_REFERENCE,SUN,TARGET,0.00,POINTING_ERROR,-35.12,SUN_ERROR,-35.11,MAG_ERROR,-177.23,GYRO_Z,0.318,RW_CMD,0
TM,EST_RAW,35.11,EST_FILTERED,35.11,EST_ANGLE,35.12,EST_FILTER,ON,EST_FILTER_TYPE,MOVING_AVERAGE,EST_MA_WINDOW,1,EST_FILTER_STRENGTH,0.35
TM,EST_FUSION,ON,EST_GYRO_WEIGHT,0.98,EST_VALID,1
TM,SUN_L,3594,SUN_R,3175,SUN_NDV,0.0619,SUN_ANGLE,35.07
TM,MAG_X,-7.55,MAG_Y,0.40,MAG_Z,-18.38,MAG_HEADING,176.97
TM,GYRO_X,-1.111,GYRO_Y,-2.433,GYRO_Z,0.125,BODY_RATE,-0.125
TM,ADCS_MODE,MANUAL,ADCS_REFERENCE,SUN,TARGET,0.00,POINTING_ERROR,-35.12,SUN_ERROR,-35.13,MAG_ERROR,-175.84,GYRO_Z,-0.111,RW_CMD,0
TM,EST_RAW,35.13,EST_FILTERED,35.13,EST_ANGLE,35.12,EST_FILTER,ON,EST_FILTER_TYPE,MOVING_AVERAGE,EST_MA_WINDOW,1,EST_FILTER_STRENGTH,0.35
TM,EST_FUSION,ON,EST_GYRO_WEIGHT,0.98,EST_VALID,1
TM,SUN_L,3594,SUN_R,3175,SUN_NDV,0.0619,SUN_ANGLE,35.11
TM,MAG_X,-7.49,MAG_Y,0.54,MAG_Z,-18.46,MAG_HEADING,175.84
TM,GYRO_X,-0.866,GYRO_Y,-2.634,GYRO_Z,-0.085,BODY_RATE,0.085
TM,ADCS_MODE,MANUAL,ADCS_REFERENCE,SUN,TARGET,0.00,POINTING_ERROR,-35.11,SUN_ERROR,-35.06,MAG_ERROR,-176.97,GYRO_Z,-0.233,RW_CMD,0
TM,EST_RAW,35.06,EST_FILTERED,35.06,EST_ANGLE,35.11,EST_FILTER,ON,EST_FILTER_TYPE,MOVING_AVERAGE,EST_MA_WINDOW,1,EST_FILTER_STRENGTH,0.35
TM,EST_FUSION,ON,EST_GYRO_WEIGHT,0.98,EST_VALID,1
TM,SUN_L,3594,SUN_R,3176,SUN_NDV,0.0617,SUN_ANGLE,35.04
TM,MAG_X,-7.60,MAG_Y,0.59,MAG_Z,-18.48,MAG_HEADING,175.55
TM,GYRO_X,-1.033,GYRO_Y,-2.126,GYRO_Z,-0.067,BODY_RATE,0.067
TM,ADCS_MODE,MANUAL,ADCS_REFERENCE,SUN,TARGET,0.00,POINTING_ERROR,-35.11,SUN_ERROR,-35.04,MAG_ERROR,-176.24,GYRO_Z,-0.015,RW_CMD,0
TM,EST_RAW,35.04,EST_FILTERED,35.04,EST_ANGLE,35.11,EST_FILTER,ON,EST_FILTER_TYPE,MOVING_AVERAGE,EST_MA_WINDOW,1,EST_FILTER_STRENGTH,0.35
TM,EST_FUSION,ON,EST_GYRO_WEIGHT,0.98,EST_VALID,1
TM,SUN_L,3593,SUN_R,3174,SUN_NDV,0.0619,SUN_ANGLE,34.98
TM,MAG_X,-7.55,MAG_Y,0.50,MAG_Z,-18.46,MAG_HEADING,176.24
TM,GYRO_X,-0.788,GYRO_Y,-2.415,GYRO_Z,0.012,BODY_RATE,-0.012
TM,SUN_L,3593,SUN_R,3176,SUN_NDV,0.0616,SUN_ANGLE,35.01
TM,MAG_X,-7.52,MAG_Y,0.48,MAG_Z,-18.51,MAG_HEADING,176.35
TM,GYRO_X,-1.033,GYRO_Y,-2.109,GYRO_Z,-0.085,BODY_RATE,0.085
TM,ADCS_MODE,MANUAL,ADCS_REFERENCE,SUN,TARGET,0.00,POINTING_ERROR,-35.10,SUN_ERROR,-35.01,MAG_ERROR,-176.35,GYRO_Z,-0.085,RW_CMD,0
TM,EST_RAW,35.01,EST_FILTERED,35.01,EST_ANGLE,35.10,EST_FILTER,ON,EST_FILTER_TYPE,MOVING_AVERAGE,EST_MA_WINDOW,1,EST_FILTER_STRENGTH,0.35
TM,EST_FUSION,ON,EST_GYRO_WEIGHT,0.98,EST_VALID,1
TM,SUN_L,3595,SUN_R,3176,SUN_NDV,0.0619,SUN_ANGLE,35.10
TM,MAG_X,-7.46,MAG_Y,0.53,MAG_Z,-18.11,MAG_HEADING,175.95
TM,GYRO_X,-1.076,GYRO_Y,-2.135,GYRO_Z,-0.058,BODY_RATE,0.058
TM,ADCS_MODE,MANUAL,ADCS_REFERENCE,SUN,TARGET,0.00,POINTING_ERROR,-35.12,SUN_ERROR,-35.00,MAG_ERROR,-175.95,GYRO_Z,0.099,RW_CMD,0
TM,EST_RAW,35.00,EST_FILTERED,35.00,EST_ANGLE,35.12,EST_FILTER,ON,EST_FILTER_TYPE,MOVING_AVERAGE,EST_MA_WINDOW,1,EST_FILTER_STRENGTH,0.35
TM,EST_FUSION,ON,EST_GYRO_WEIGHT,0.98,EST_VALID,1
TM,SUN_L,3595,SUN_R,3177,SUN_NDV,0.0617,SUN_ANGLE,35.08
TM,MAG_X,-7.46,MAG_Y,0.48,MAG_Z,-18.34,MAG_HEADING,176.32
TM,GYRO_X,-1.286,GYRO_Y,-2.179,GYRO_Z,0.265,BODY_RATE,-0.265
TM,ADCS_MODE,MANUAL,ADCS_REFERENCE,SUN,TARGET,0.00,POINTING_ERROR,-35.11,SUN_ERROR,-35.11,MAG_ERROR,-176.32,GYRO_Z,-0.260,RW_CMD,0
TM,EST_RAW,35.11,EST_FILTERED,35.11,EST_ANGLE,35.11,EST_FILTER,ON,EST_FILTER_TYPE,MOVING_AVERAGE,EST_MA_WINDOW,1,EST_FILTER_STRENGTH,0.35
TM,EST_FUSION,ON,EST_GYRO_WEIGHT,0.98,EST_VALID,1
TM,SUN_L,3594,SUN_R,3177,SUN_NDV,0.0616,SUN_ANGLE,35.00
TM,MAG_X,-7.74,MAG_Y,0.48,MAG_Z,-18.32,MAG_HEADING,176.45
TM,GYRO_X,-0.954,GYRO_Y,-2.065,GYRO_Z,-0.260,BODY_RATE,0.260
TM,ADCS_MODE,MANUAL,ADCS_REFERENCE,SUN,TARGET,0.00,POINTING_ERROR,-35.11,SUN_ERROR,-35.06,MAG_ERROR,-176.19,GYRO_Z,0.125,RW_CMD,0
TM,EST_RAW,35.06,EST_FILTERED,35.06,EST_ANGLE,35.11,EST_FILTER,ON,EST_FILTER_TYPE,MOVING_AVERAGE,EST_MA_WINDOW,1,EST_FILTER_STRENGTH,0.35
TM,EST_FUSION,ON,EST_GYRO_WEIGHT,0.98,EST_VALID,1
TM,SUN_L,3593,SUN_R,3177,SUN_NDV,0.0614,SUN_ANGLE,35.05
TM,MAG_X,-7.46,MAG_Y,0.50,MAG_Z,-18.34,MAG_HEADING,176.19
TM,GYRO_X,-1.076,GYRO_Y,-2.328,GYRO_Z,0.029,BODY_RATE,-0.029
TM,SUN_L,3594,SUN_R,3177,SUN_NDV,0.0616,SUN_ANGLE,35.08
TM,MAG_X,-7.42,MAG_Y,0.48,MAG_Z,-18.42,MAG_HEADING,176.30
TM,GYRO_X,-0.770,GYRO_Y,-2.783,GYRO_Z,-0.076,BODY_RATE,0.076
TM,ADCS_MODE,MANUAL,ADCS_REFERENCE,SUN,TARGET,0.00,POINTING_ERROR,-35.10,SUN_ERROR,-35.11,MAG_ERROR,-176.30,GYRO_Z,-0.076,RW_CMD,0
TM,EST_RAW,35.11,EST_FILTERED,35.11,EST_ANGLE,35.10,EST_FILTER,ON,EST_FILTER_TYPE,MOVING_AVERAGE,EST_MA_WINDOW,1,EST_FILTER_STRENGTH,0.35
TM,EST_FUSION,ON,EST_GYRO_WEIGHT,0.98,EST_VALID,1
TM,SUN_L,3595,SUN_R,3179,SUN_NDV,0.0614,SUN_ANGLE,35.08
TM,MAG_X,-7.58,MAG_Y,0.56,MAG_Z,-18.27,MAG_HEADING,175.78
TM,GYRO_X,-1.041,GYRO_Y,-2.310,GYRO_Z,0.020,BODY_RATE,-0.020
TM,ADCS_MODE,MANUAL,ADCS_REFERENCE,SUN,TARGET,0.00,POINTING_ERROR,-35.11,SUN_ERROR,-35.11,MAG_ERROR,-175.78,GYRO_Z,0.090,RW_CMD,0
TM,EST_RAW,35.11,EST_FILTERED,35.11,EST_ANGLE,35.11,EST_FILTER,ON,EST_FILTER_TYPE,MOVING_AVERAGE,EST_MA_WINDOW,1,EST_FILTER_STRENGTH,0.35
TM,EST_FUSION,ON,EST_GYRO_WEIGHT,0.98,EST_VALID,1
TM,SUN_L,3594,SUN_R,3178,SUN_NDV,0.0614,SUN_ANGLE,35.07
TM,MAG_X,-7.52,MAG_Y,0.59,MAG_Z,-18.43,MAG_HEADING,175.50
TM,GYRO_X,-0.840,GYRO_Y,-2.389,GYRO_Z,-0.155,BODY_RATE,0.155
TM,ADCS_MODE,MANUAL,ADCS_REFERENCE,SUN,TARGET,0.00,POINTING_ERROR,-35.10,SUN_ERROR,-35.06,MAG_ERROR,-175.98,GYRO_Z,0.020,RW_CMD,0
TM,EST_RAW,35.06,EST_FILTERED,35.06,EST_ANGLE,35.10,EST_FILTER,ON,EST_FILTER_TYPE,MOVING_AVERAGE,EST_MA_WINDOW,1,EST_FILTER_STRENGTH,0.35
TM,EST_FUSION,ON,EST_GYRO_WEIGHT,0.98,EST_VALID,1
TM,SUN_L,3595,SUN_R,3178,SUN_NDV,0.0616,SUN_ANGLE,35.03
TM,MAG_X,-7.39,MAG_Y,0.37,MAG_Z,-18.19,MAG_HEADING,177.15
TM,GYRO_X,-1.251,GYRO_Y,-2.266,GYRO_Z,0.195,BODY_RATE,-0.195
TM,ADCS_MODE,MANUAL,ADCS_REFERENCE,SUN,TARGET,0.00,POINTING_ERROR,-35.12,SUN_ERROR,-35.04,MAG_ERROR,-177.15,GYRO_Z,0.012,RW_CMD,0
TM,EST_RAW,35.04,EST_FILTERED,35.04,EST_ANGLE,35.12,EST_FILTER,ON,EST_FILTER_TYPE,MOVING_AVERAGE,EST_MA_WINDOW,1,EST_FILTER_STRENGTH,0.35
TM,EST_FUSION,ON,EST_GYRO_WEIGHT,0.98,EST_VALID,1
TM,SUN_L,3596,SUN_R,3178,SUN_NDV,0.0617,SUN_ANGLE,35.09
TM,MAG_X,-7.55,MAG_Y,0.35,MAG_Z,-18.34,MAG_HEADING,177.33
TM,GYRO_X,-1.033,GYRO_Y,-4.384,GYRO_Z,0.055,BODY_RATE,-0.055
TM,SUN_L,3596,SUN_R,3178,SUN_NDV,0.0617,SUN_ANGLE,35.09
TM,MAG_X,-7.39,MAG_Y,0.27,MAG_Z,-18.48,MAG_HEADING,177.89
TM,GYRO_X,-0.998,GYRO_Y,-2.398,GYRO_Z,0.117,BODY_RATE,-0.117
TM,ADCS_MODE,MANUAL,ADCS_REFERENCE,SUN,TARGET,0.00,POINTING_ERROR,-35.11,SUN_ERROR,-35.09,MAG_ERROR,-177.89,GYRO_Z,0.082,RW_CMD,0
TM,EST_RAW,35.09,EST_FILTERED,35.09,EST_ANGLE,35.11,EST_FILTER,ON,EST_FILTER_TYPE,MOVING_AVERAGE,EST_MA_WINDOW,1,EST_FILTER_STRENGTH,0.35
TM,EST_FUSION,ON,EST_GYRO_WEIGHT,0.98,EST_VALID,1
TM,SUN_L,3595,SUN_R,3178,SUN_NDV,0.0616,SUN_ANGLE,34.99
TM,MAG_X,-7.54,MAG_Y,0.48,MAG_Z,-18.32,MAG_HEADING,176.36
TM,GYRO_X,-1.076,GYRO_Y,-2.126,GYRO_Z,-0.137,BODY_RATE,0.137
TM,ADCS_MODE,MANUAL,ADCS_REFERENCE,SUN,TARGET,0.00,POINTING_ERROR,-35.11,SUN_ERROR,-34.99,MAG_ERROR,-176.84,GYRO_Z,-0.146,RW_CMD,0
TM,EST_RAW,34.99,EST_FILTERED,34.99,EST_ANGLE,35.11,EST_FILTER,ON,EST_FILTER_TYPE,MOVING_AVERAGE,EST_MA_WINDOW,1,EST_FILTER_STRENGTH,0.35
TM,EST_FUSION,ON,EST_GYRO_WEIGHT,0.98,EST_VALID,1
TM,SUN_L,3597,SUN_R,3178,SUN_NDV,0.0618,SUN_ANGLE,35.21
TM,MAG_X,-7.50,MAG_Y,0.48,MAG_Z,-18.38,MAG_HEADING,176.34
TM,GYRO_X,-1.067,GYRO_Y,-2.371,GYRO_Z,0.143,BODY_RATE,-0.143
TM,ADCS_MODE,MANUAL,ADCS_REFERENCE,SUN,TARGET,0.00,POINTING_ERROR,-35.10,SUN_ERROR,-35.10,MAG_ERROR,-176.34,GYRO_Z,0.082,RW_CMD,0
TM,EST_RAW,35.10,EST_FILTERED,35.10,EST_ANGLE,35.10,EST_FILTER,ON,EST_FILTER_TYPE,MOVING_AVERAGE,EST_MA_WINDOW,1,EST_FILTER_STRENGTH,0.35
TM,EST_FUSION,ON,EST_GYRO_WEIGHT,0.98,EST_VALID,1
TM,SUN_L,3596,SUN_R,3178,SUN_NDV,0.0617,SUN_ANGLE,35.08
TM,MAG_X,-7.42,MAG_Y,0.45,MAG_Z,-18.46,MAG_HEADING,176.55
TM,GYRO_X,-1.269,GYRO_Y,-2.126,GYRO_Z,-0.155,BODY_RATE,0.155
TM,ADCS_MODE,MANUAL,ADCS_REFERENCE,SUN,TARGET,0.00,POINTING_ERROR,-35.12,SUN_ERROR,-35.11,MAG_ERROR,-175.28,GYRO_Z,-0.172,RW_CMD,0
TM,EST_RAW,35.11,EST_FILTERED,35.11,EST_ANGLE,35.12,EST_FILTER,ON,EST_FILTER_TYPE,MOVING_AVERAGE,EST_MA_WINDOW,1,EST_FILTER_STRENGTH,0.35
TM,EST_FUSION,ON,EST_GYRO_WEIGHT,0.98,EST_VALID,1
TM,SUN_L,3596,SUN_R,3178,SUN_NDV,0.0617,SUN_ANGLE,35.07
TM,MAG_X,-7.55,MAG_Y,0.62,MAG_Z,-18.27,MAG_HEADING,175.28
TM,GYRO_X,-1.067,GYRO_Y,-2.039,GYRO_Z,0.178,BODY_RATE,-0.178
TM,SUN_L,3595,SUN_R,3178,SUN_NDV,0.0616,SUN_ANGLE,35.06
TM,MAG_X,-7.52,MAG_Y,0.30,MAG_Z,-18.66,MAG_HEADING,177.69
TM,GYRO_X,-0.840,GYRO_Y,-2.485,GYRO_Z,-0.120,BODY_RATE,0.120
TM,ADCS_MODE,MANUAL,ADCS_REFERENCE,SUN,TARGET,0.00,POINTING_ERROR,-35.11,SUN_ERROR,-35.10,MAG_ERROR,-177.16,GYRO_Z,-0.251,RW_CMD,0
TM,EST_RAW,35.10,EST_FILTERED,35.10,EST_ANGLE,35.11,EST_FILTER,ON,EST_FILTER_TYPE,MOVING_AVERAGE,EST_MA_WINDOW,1,EST_FILTER_STRENGTH,0.35
TM,EST_FUSION,ON,EST_GYRO_WEIGHT,0.98,EST_VALID,1
TM,SUN_L,3596,SUN_R,3178,SUN_NDV,0.0617,SUN_ANGLE,35.01
TM,MAG_X,-7.52,MAG_Y,0.40,MAG_Z,-18.32,MAG_HEADING,176.96
TM,GYRO_X,-1.050,GYRO_Y,-2.319,GYRO_Z,-0.015,BODY_RATE,0.015
TM,ADCS_MODE,MANUAL,ADCS_REFERENCE,SUN,TARGET,0.00,POINTING_ERROR,-35.11,SUN_ERROR,-34.96,MAG_ERROR,-176.96,GYRO_Z,0.003,RW_CMD,0
TM,EST_RAW,34.96,EST_FILTERED,34.96,EST_ANGLE,35.11,EST_FILTER,ON,EST_FILTER_TYPE,MOVING_AVERAGE,EST_MA_WINDOW,1,EST_FILTER_STRENGTH,0.35
TM,EST_FUSION,ON,EST_GYRO_WEIGHT,0.98,EST_VALID,1
TM,SUN_L,3595,SUN_R,3178,SUN_NDV,0.0616,SUN_ANGLE,35.06
TM,MAG_X,-7.36,MAG_Y,0.35,MAG_Z,-18.24,MAG_HEADING,177.26
TM,GYRO_X,-1.059,GYRO_Y,-2.275,GYRO_Z,0.029,BODY_RATE,-0.029
TM,ADCS_MODE,MANUAL,ADCS_REFERENCE,SUN,TARGET,0.00,POINTING_ERROR,-35.12,SUN_ERROR,-35.09,MAG_ERROR,-178.25,GYRO_Z,-0.076,RW_CMD,0
TM,EST_RAW,35.09,EST_FILTERED,35.09,EST_ANGLE,35.12,EST_FILTER,ON,EST_FILTER_TYPE,MOVING_AVERAGE,EST_MA_WINDOW,1,EST_FILTER_STRENGTH,0.35
TM,EST_FUSION,ON,EST_GYRO_WEIGHT,0.98,EST_VALID,1
TM,SUN_L,3596,SUN_R,3178,SUN_NDV,0.0617,SUN_ANGLE,35.05
TM,MAG_X,-7.33,MAG_Y,0.22,MAG_Z,-18.24,MAG_HEADING,178.25
TM,GYRO_X,-1.006,GYRO_Y,-2.354,GYRO_Z,0.143,BODY_RATE,-0.143
TM,ADCS_MODE,MANUAL,ADCS_REFERENCE,SUN,TARGET,0.00,POINTING_ERROR,-35.11,SUN_ERROR,-35.05,MAG_ERROR,-177.39,GYRO_Z,0.169,RW_CMD,0
TM,EST_RAW,35.05,EST_FILTERED,35.05,EST_ANGLE,35.11,EST_FILTER,ON,EST_FILTER_TYPE,MOVING_AVERAGE,EST_MA_WINDOW,1,EST_FILTER_STRENGTH,0.35
TM,EST_FUSION,ON,EST_GYRO_WEIGHT,0.98,EST_VALID,1
TM,SUN_L,3596,SUN_R,3179,SUN_NDV,0.0615,SUN_ANGLE,35.02
TM,MAG_X,-7.30,MAG_Y,0.29,MAG_Z,-18.18,MAG_HEADING,177.74
TM,GYRO_X,-0.998,GYRO_Y,-2.415,GYRO_Z,0.064,BODY_RATE,-0.064
TM,SUN_L,3595,SUN_R,3178,SUN_NDV,0.0616,SUN_ANGLE,35.10
TM,MAG_X,-7.46,MAG_Y,0.32,MAG_Z,-18.26,MAG_HEADING,177.54
TM,GYRO_X,-0.718,GYRO_Y,-2.546,GYRO_Z,0.222,BODY_RATE,-0.222
TM,ADCS_MODE,MANUAL,ADCS_REFERENCE,SUN,TARGET,0.00,POINTING_ERROR,-35.08,SUN_ERROR,-35.10,MAG_ERROR,-177.54,GYRO_Z,0.222,RW_CMD,0
TM,EST_RAW,35.10,EST_FILTERED,35.10,EST_ANGLE,35.08,EST_FILTER,ON,EST_FILTER_TYPE,MOVING_AVERAGE,EST_MA_WINDOW,1,EST_FILTER_STRENGTH,0.35
TM,EST_FUSION,ON,EST_GYRO_WEIGHT,0.98,EST_VALID,1
TM,SUN_L,3597,SUN_R,3179,SUN_NDV,0.0617,SUN_ANGLE,35.03
TM,MAG_X,-7.49,MAG_Y,0.22,MAG_Z,-18.27,MAG_HEADING,178.29
TM,GYRO_X,-0.989,GYRO_Y,-2.257,GYRO_Z,0.178,BODY_RATE,-0.178
TM,ADCS_MODE,MANUAL,ADCS_REFERENCE,SUN,TARGET,0.00,POINTING_ERROR,-35.08,SUN_ERROR,-35.18,MAG_ERROR,-178.29,GYRO_Z,-0.120,RW_CMD,0
TM,EST_RAW,35.18,EST_FILTERED,35.18,EST_ANGLE,35.08,EST_FILTER,ON,EST_FILTER_TYPE,MOVING_AVERAGE,EST_MA_WINDOW,1,EST_FILTER_STRENGTH,0.35
TM,EST_FUSION,ON,EST_GYRO_WEIGHT,0.98,EST_VALID,1
TM,SUN_L,3597,SUN_R,3179,SUN_NDV,0.0617,SUN_ANGLE,35.08
TM,MAG_X,-7.38,MAG_Y,0.32,MAG_Z,-18.24,MAG_HEADING,177.52
TM,GYRO_X,-1.120,GYRO_Y,-2.056,GYRO_Z,-0.120,BODY_RATE,0.120
TM,ADCS_MODE,MANUAL,ADCS_REFERENCE,SUN,TARGET,0.00,POINTING_ERROR,-35.09,SUN_ERROR,-34.97,MAG_ERROR,-176.78,GYRO_Z,-0.058,RW_CMD,0
TM,EST_RAW,34.97,EST_FILTERED,34.97,EST_ANGLE,35.09,EST_FILTER,ON,EST_FILTER_TYPE,MOVING_AVERAGE,EST_MA_WINDOW,1,EST_FILTER_STRENGTH,0.35
TM,EST_FUSION,ON,EST_GYRO_WEIGHT,0.98,EST_VALID,1
TM,SUN_L,3595,SUN_R,3179,SUN_NDV,0.0614,SUN_ANGLE,35.04
TM,MAG_X,-7.34,MAG_Y,0.38,MAG_Z,-18.37,MAG_HEADING,177.01
TM,GYRO_X,-0.954,GYRO_Y,-2.537,GYRO_Z,-0.242,BODY_RATE,0.242
TM,ADCS_MODE,MANUAL,ADCS_REFERENCE,SUN,TARGET,0.00,POINTING_ERROR,-35.08,SUN_ERROR,-35.04,MAG_ERROR,-177.14,GYRO_Z,-0.085,RW_CMD,0
TM,EST_RAW,35.04,EST_FILTERED,35.04,EST_ANGLE,35.08,EST_FILTER,ON,EST_FILTER_TYPE,MOVING_AVERAGE,EST_MA_WINDOW,1,EST_FILTER_STRENGTH,0.35
TM,EST_FUSION,ON,EST_GYRO_WEIGHT,0.98,EST_VALID,1
TM,SUN_L,3596,SUN_R,3178,SUN_NDV,0.0617,SUN_ANGLE,35.09
TM,MAG_X,-7.38,MAG_Y,0.37,MAG_Z,-18.35,MAG_HEADING,177.14
TM,GYRO_X,-1.120,GYRO_Y,-2.223,GYRO_Z,0.152,BODY_RATE,-0.152
TM,SUN_L,3597,SUN_R,3179,SUN_NDV,0.0617,SUN_ANGLE,34.99
TM,MAG_X,-7.34,MAG_Y,0.34,MAG_Z,-18.37,MAG_HEADING,177.38
TM,GYRO_X,-1.207,GYRO_Y,-2.223,GYRO_Z,-0.207,BODY_RATE,0.207
TM,ADCS_MODE,MANUAL,ADCS_REFERENCE,SUN,TARGET,0.00,POINTING_ERROR,-35.09,SUN_ERROR,-35.03,MAG_ERROR,-177.38,GYRO_Z,-0.242,RW_CMD,0
TM,EST_RAW,35.03,EST_FILTERED,35.03,EST_ANGLE,35.09,EST_FILTER,ON,EST_FILTER_TYPE,MOVING_AVERAGE,EST_MA_WINDOW,1,EST_FILTER_STRENGTH,0.35
TM,EST_FUSION,ON,EST_GYRO_WEIGHT,0.98,EST_VALID,1
TM,SUN_L,3596,SUN_R,3178,SUN_NDV,0.0617,SUN_ANGLE,35.04
TM,MAG_X,-7.46,MAG_Y,0.37,MAG_Z,-18.16,MAG_HEADING,177.17
TM,GYRO_X,-0.840,GYRO_Y,-2.467,GYRO_Z,-0.172,BODY_RATE,0.172
TM,ADCS_MODE,MANUAL,ADCS_REFERENCE,SUN,TARGET,0.00,POINTING_ERROR,-35.08,SUN_ERROR,-35.04,MAG_ERROR,-177.51,GYRO_Z,-0.032,RW_CMD,0
TM,EST_RAW,35.04,EST_FILTERED,35.04,EST_ANGLE,35.08,EST_FILTER,ON,EST_FILTER_TYPE,MOVING_AVERAGE,EST_MA_WINDOW,1,EST_FILTER_STRENGTH,0.35
TM,EST_FUSION,ON,EST_GYRO_WEIGHT,0.98,EST_VALID,1
TM,SUN_L,3596,SUN_R,3178,SUN_NDV,0.0617,SUN_ANGLE,35.09
TM,MAG_X,-7.50,MAG_Y,0.38,MAG_Z,-18.38,MAG_HEADING,177.07
TM,GYRO_X,-1.076,GYRO_Y,-2.301,GYRO_Z,-0.303,BODY_RATE,0.303
TM,ADCS_MODE,MANUAL,ADCS_REFERENCE,SUN,TARGET,0.00,POINTING_ERROR,-35.10,SUN_ERROR,-35.07,MAG_ERROR,-177.07,GYRO_Z,-0.330,RW_CMD,0
TM,EST_RAW,35.07,EST_FILTERED,35.07,EST_ANGLE,35.10,EST_FILTER,ON,EST_FILTER_TYPE,MOVING_AVERAGE,EST_MA_WINDOW,1,EST_FILTER_STRENGTH,0.35
TM,EST_FUSION,ON,EST_GYRO_WEIGHT,0.98,EST_VALID,1
TM,SUN_L,3596,SUN_R,3178,SUN_NDV,0.0617,SUN_ANGLE,35.10
TM,MAG_X,-7.38,MAG_Y,0.51,MAG_Z,-18.24,MAG_HEADING,176.03
TM,GYRO_X,-0.814,GYRO_Y,-2.406,GYRO_Z,0.047,BODY_RATE,-0.047
TM,ADCS_MODE,MANUAL,ADCS_REFERENCE,SUN,TARGET,0.00,POINTING_ERROR,-35.10,SUN_ERROR,-35.06,MAG_ERROR,-175.72,GYRO_Z,0.160,RW_CMD,0
TM,EST_RAW,35.06,EST_FILTERED,35.06,EST_ANGLE,35.10,EST_FILTER,ON,EST_FILTER_TYPE,MOVING_AVERAGE,EST_MA_WINDOW,1,EST_FILTER_STRENGTH,0.35
TM,EST_FUSION,ON,EST_GYRO_WEIGHT,0.98,EST_VALID,1
TM,SUN_L,3595,SUN_R,3178,SUN_NDV,0.0616,SUN_ANGLE,35.00
TM,MAG_X,-7.49,MAG_Y,0.56,MAG_Z,-18.29,MAG_HEADING,175.72
TM,GYRO_X,-1.015,GYRO_Y,-2.310,GYRO_Z,-0.190,BODY_RATE,0.190
TM,SUN_L,3595,SUN_R,3178,SUN_NDV,0.0616,SUN_ANGLE,35.05
TM,MAG_X,-7.36,MAG_Y,0.37,MAG_Z,-18.43,MAG_HEADING,177.14
TM,GYRO_X,-0.989,GYRO_Y,-2.214,GYRO_Z,-0.146,BODY_RATE,0.146
TM,ADCS_MODE,MANUAL,ADCS_REFERENCE,SUN,TARGET,0.00,POINTING_ERROR,-35.09,SUN_ERROR,-35.05,MAG_ERROR,-177.14,GYRO_Z,-0.146,RW_CMD,0
TM,EST_RAW,35.05,EST_FILTERED,35.05,EST_ANGLE,35.09,EST_FILTER,ON,EST_FILTER_TYPE,MOVING_AVERAGE,EST_MA_WINDOW,1,EST_FILTER_STRENGTH,0.35
TM,EST_FUSION,ON,EST_GYRO_WEIGHT,0.98,EST_VALID,1
TM,SUN_L,3595,SUN_R,3178,SUN_NDV,0.0616,SUN_ANGLE,35.10
TM,MAG_X,-7.42,MAG_Y,0.40,MAG_Z,-18.26,MAG_HEADING,176.92
TM,GYRO_X,-0.849,GYRO_Y,-2.467,GYRO_Z,0.029,BODY_RATE,-0.029
TM,ADCS_MODE,MANUAL,ADCS_REFERENCE,SUN,TARGET,0.00,POINTING_ERROR,-35.10,SUN_ERROR,-35.08,MAG_ERROR,-176.92,GYRO_Z,-0.312,RW_CMD,0
TM,EST_RAW,35.08,EST_FILTERED,35.08,EST_ANGLE,35.10,EST_FILTER,ON,EST_FILTER_TYPE,MOVING_AVERAGE,EST_MA_WINDOW,1,EST_FILTER_STRENGTH,0.35
TM,EST_FUSION,ON,EST_GYRO_WEIGHT,0.98,EST_VALID,1
TM,SUN_L,3597,SUN_R,3178,SUN_NDV,0.0618,SUN_ANGLE,35.01
TM,MAG_X,-7.33,MAG_Y,0.34,MAG_Z,-18.38,MAG_HEADING,177.37
TM,GYRO_X,-1.102,GYRO_Y,-2.275,GYRO_Z,0.117,BODY_RATE,-0.117
TM,ADCS_MODE,MANUAL,ADCS_REFERENCE,SUN,TARGET,0.00,POINTING_ERROR,-35.09,SUN_ERROR,-35.02,MAG_ERROR,-176.71,GYRO_Z,0.003,RW_CMD,0
TM,EST_RAW,35.02,EST_FILTERED,35.02,EST_ANGLE,35.09,EST_FILTER,ON,EST_FILTER_TYPE,MOVING_AVERAGE,EST_MA_WINDOW,1,EST_FILTER_STRENGTH,0.35
TM,EST_FUSION,ON,EST_GYRO_WEIGHT,0.98,EST_VALID,1
TM,SUN_L,3596,SUN_R,3178,SUN_NDV,0.0617,SUN_ANGLE,35.12
TM,MAG_X,-7.52,MAG_Y,0.43,MAG_Z,-18.29,MAG_HEADING,176.71
TM,GYRO_X,-0.928,GYRO_Y,-2.126,GYRO_Z,0.292,BODY_RATE,-0.292
TM,ADCS_MODE,MANUAL,ADCS_REFERENCE,SUN,TARGET,0.00,POINTING_ERROR,-35.09,SUN_ERROR,-35.07,MAG_ERROR,-176.48,GYRO_Z,0.029,RW_CMD,0
TM,EST_RAW,35.07,EST_FILTERED,35.07,EST_ANGLE,35.09,EST_FILTER,ON,EST_FILTER_TYPE,MOVING_AVERAGE,EST_MA_WINDOW,1,EST_FILTER_STRENGTH,0.35
TM,EST_FUSION,ON,EST_GYRO_WEIGHT,0.98,EST_VALID,1
TM,SUN_L,3595,SUN_R,3178,SUN_NDV,0.0616,SUN_ANGLE,35.12
TM,MAG_X,-7.41,MAG_Y,0.42,MAG_Z,-18.26,MAG_HEADING,176.79
TM,GYRO_X,-1.015,GYRO_Y,-2.205,GYRO_Z,0.090,BODY_RATE,-0.090
TM,SUN_L,3595,SUN_R,3177,SUN_NDV,0.0617,SUN_ANGLE,35.13
TM,MAG_X,-7.28,MAG_Y,0.42,MAG_Z,-18.40,MAG_HEADING,176.73
TM,GYRO_X,-1.120,GYRO_Y,-2.144,GYRO_Z,0.117,BODY_RATE,-0.117
TM,ADCS_MODE,MANUAL,ADCS_REFERENCE,SUN,TARGET,0.00,POINTING_ERROR,-35.11,SUN_ERROR,-35.06,MAG_ERROR,-176.73,GYRO_Z,-0.242,RW_CMD,0
TM,EST_RAW,35.06,EST_FILTERED,35.06,EST_ANGLE,35.11,EST_FILTER,ON,EST_FILTER_TYPE,MOVING_AVERAGE,EST_MA_WINDOW,1,EST_FILTER_STRENGTH,0.35
TM,EST_FUSION,ON,EST_GYRO_WEIGHT,0.98,EST_VALID,1
TM,SUN_L,3595,SUN_R,3177,SUN_NDV,0.0617,SUN_ANGLE,35.09
TM,MAG_X,-7.26,MAG_Y,0.48,MAG_Z,-18.50,MAG_HEADING,176.22
TM,GYRO_X,-1.120,GYRO_Y,-2.354,GYRO_Z,-0.356,BODY_RATE,0.356
TM,ADCS_MODE,MANUAL,ADCS_REFERENCE,SUN,TARGET,0.00,POINTING_ERROR,-35.13,SUN_ERROR,-35.09,MAG_ERROR,-177.13,GYRO_Z,0.073,RW_CMD,0
TM,EST_RAW,35.09,EST_FILTERED,35.09,EST_ANGLE,35.13,EST_FILTER,ON,EST_FILTER_TYPE,MOVING_AVERAGE,EST_MA_WINDOW,1,EST_FILTER_STRENGTH,0.35
TM,EST_FUSION,ON,EST_GYRO_WEIGHT,0.98,EST_VALID,1
TM,SUN_L,3595,SUN_R,3177,SUN_NDV,0.0617,SUN_ANGLE,35.11
TM,MAG_X,-7.33,MAG_Y,0.37,MAG_Z,-18.21,MAG_HEADING,177.13
TM,GYRO_X,-0.989,GYRO_Y,-2.284,GYRO_Z,0.195,BODY_RATE,-0.195
TM,ADCS_MODE,MANUAL,ADCS_REFERENCE,SUN,TARGET,0.00,POINTING_ERROR,-35.12,SUN_ERROR,-35.10,MAG_ERROR,-177.26,GYRO_Z,-0.155,RW_CMD,0
TM,EST_RAW,35.10,EST_FILTERED,35.10,EST_ANGLE,35.12,EST_FILTER,ON,EST_FILTER_TYPE,MOVING_AVERAGE,EST_MA_WINDOW,1,EST_FILTER_STRENGTH,0.35
TM,EST_FUSION,ON,EST_GYRO_WEIGHT,0.98,EST_VALID,1
TM,SUN_L,3595,SUN_R,3178,SUN_NDV,0.0616,SUN_ANGLE,35.10
TM,MAG_X,-7.34,MAG_Y,0.35,MAG_Z,-18.21,MAG_HEADING,177.26
TM,GYRO_X,-1.041,GYRO_Y,-2.039,GYRO_Z,-0.172,BODY_RATE,0.172
TM,ADCS_MODE,MANUAL,ADCS_REFERENCE,SUN,TARGET,0.00,POINTING_ERROR,-35.11,SUN_ERROR,-35.11,MAG_ERROR,-176.96,GYRO_Z,0.047,RW_CMD,0
TM,EST_RAW,35.11,EST_FILTERED,35.11,EST_ANGLE,35.11,EST_FILTER,ON,EST_FILTER_TYPE,MOVING_AVERAGE,EST_MA_WINDOW,1,EST_FILTER_STRENGTH,0.35
TM,EST_FUSION,ON,EST_GYRO_WEIGHT,0.98,EST_VALID,1
TM,SUN_L,3594,SUN_R,3177,SUN_NDV,0.0616,SUN_ANGLE,35.07
TM,MAG_X,-7.23,MAG_Y,0.38,MAG_Z,-18.14,MAG_HEADING,176.96
TM,GYRO_X,-0.962,GYRO_Y,-2.266,GYRO_Z,-0.181,BODY_RATE,0.181
TM,SUN_L,3595,SUN_R,3177,SUN_NDV,0.0617,SUN_ANGLE,35.07
TM,MAG_X,-7.52,MAG_Y,0.30,MAG_Z,-18.16,MAG_HEADING,177.69
TM,GYRO_X,-1.041,GYRO_Y,-2.214,GYRO_Z,0.125,BODY_RATE,-0.125
TM,ADCS_MODE,MANUAL,ADCS_REFERENCE,SUN,TARGET,0.00,POINTING_ERROR,-35.11,SUN_ERROR,-35.07,MAG_ERROR,-177.69,GYRO_Z,0.178,RW_CMD,0
TM,EST_RAW,35.07,EST_FILTERED,35.07,EST_ANGLE,35.11,EST_FILTER,ON,EST_FILTER_TYPE,MOVING_AVERAGE,EST_MA_WINDOW,1,EST_FILTER_STRENGTH,0.35
TM,EST_FUSION,ON,EST_GYRO_WEIGHT,0.98,EST_VALID,1
TM,SUN_L,3596,SUN_R,3178,SUN_NDV,0.0617,SUN_ANGLE,35.09
TM,MAG_X,-7.15,MAG_Y,0.26,MAG_Z,-18.05,MAG_HEADING,177.95
TM,GYRO_X,-0.980,GYRO_Y,-2.249,GYRO_Z,-0.032,BODY_RATE,0.032
TM,ADCS_MODE,MANUAL,ADCS_REFERENCE,SUN,TARGET,0.00,POINTING_ERROR,-35.10,SUN_ERROR,-35.08,MAG_ERROR,-177.95,GYRO_Z,0.152,RW_CMD,0
TM,EST_RAW,35.08,EST_FILTERED,35.08,EST_ANGLE,35.10,EST_FILTER,ON,EST_FILTER_TYPE,MOVING_AVERAGE,EST_MA_WINDOW,1,EST_FILTER_STRENGTH,0.35
TM,EST_FUSION,ON,EST_GYRO_WEIGHT,0.98,EST_VALID,1
TM,SUN_L,3596,SUN_R,3178,SUN_NDV,0.0617,SUN_ANGLE,35.04
TM,MAG_X,-7.31,MAG_Y,0.26,MAG_Z,-17.84,MAG_HEADING,177.99
TM,GYRO_X,-0.814,GYRO_Y,-2.380,GYRO_Z,0.029,BODY_RATE,-0.029
TM,ADCS_MODE,MANUAL,ADCS_REFERENCE,SUN,TARGET,0.00,POINTING_ERROR,-35.10,SUN_ERROR,-35.11,MAG_ERROR,-178.72,GYRO_Z,0.090,RW_CMD,0
TM,EST_RAW,35.11,EST_FILTERED,35.11,EST_ANGLE,35.10,EST_FILTER,ON,EST_FILTER_TYPE,MOVING_AVERAGE,EST_MA_WINDOW,1,EST_FILTER_STRENGTH,0.35
TM,EST_FUSION,ON,EST_GYRO_WEIGHT,0.98,EST_VALID,1
TM,SUN_L,3595,SUN_R,3178,SUN_NDV,0.0616,SUN_ANGLE,35.03
TM,MAG_X,-7.14,MAG_Y,0.16,MAG_Z,-18.02,MAG_HEADING,178.72
TM,GYRO_X,-1.295,GYRO_Y,-1.951,GYRO_Z,0.064,BODY_RATE,-0.064
TM,ADCS_MODE,MANUAL,ADCS_REFERENCE,SUN,TARGET,0.00,POINTING_ERROR,-35.10,SUN_ERROR,-35.10,MAG_ERROR,-178.47,GYRO_Z,-0.041,RW_CMD,0
TM,EST_RAW,35.10,EST_FILTERED,35.10,EST_ANGLE,35.10,EST_FILTER,ON,EST_FILTER_TYPE,MOVING_AVERAGE,EST_MA_WINDOW,1,EST_FILTER_STRENGTH,0.35
TM,EST_FUSION,ON,EST_GYRO_WEIGHT,0.98,EST_VALID,1
TM,SUN_L,3595,SUN_R,3177,SUN_NDV,0.0617,SUN_ANGLE,35.00
TM,MAG_X,-7.18,MAG_Y,0.19,MAG_Z,-17.81,MAG_HEADING,178.47
TM,GYRO_X,-0.980,GYRO_Y,-2.328,GYRO_Z,0.038,BODY_RATE,-0.038
TM,SUN_L,3597,SUN_R,3178,SUN_NDV,0.0618,SUN_ANGLE,35.03
TM,MAG_X,-7.06,MAG_Y,0.27,MAG_Z,-18.08,MAG_HEADING,177.79
TM,GYRO_X,-0.884,GYRO_Y,-2.537,GYRO_Z,0.003,BODY_RATE,-0.003
TM,ADCS_MODE,MANUAL,ADCS_REFERENCE,SUN,TARGET,0.00,POINTING_ERROR,-35.10,SUN_ERROR,-35.06,MAG_ERROR,-177.79,GYRO_Z,0.195,RW_CMD,0
TM,EST_RAW,35.06,EST_FILTERED,35.06,EST_ANGLE,35.10,EST_FILTER,ON,EST_FILTER_TYPE,MOVING_AVERAGE,EST_MA_WINDOW,1,EST_FILTER_STRENGTH,0.35
TM,EST_FUSION,ON,EST_GYRO_WEIGHT,0.98,EST_VALID,1
TM,SUN_L,3596,SUN_R,3178,SUN_NDV,0.0617,SUN_ANGLE,35.09
TM,MAG_X,-7.07,MAG_Y,0.18,MAG_Z,-18.03,MAG_HEADING,178.57
TM,GYRO_X,-1.129,GYRO_Y,-2.257,GYRO_Z,-0.032,BODY_RATE,0.032
TM,ADCS_MODE,MANUAL,ADCS_REFERENCE,SUN,TARGET,0.00,POINTING_ERROR,-35.10,SUN_ERROR,-35.10,MAG_ERROR,-178.57,GYRO_Z,-0.478,RW_CMD,0
TM,EST_RAW,35.10,EST_FILTERED,35.10,EST_ANGLE,35.10,EST_FILTER,ON,EST_FILTER_TYPE,MOVING_AVERAGE,EST_MA_WINDOW,1,EST_FILTER_STRENGTH,0.35
TM,EST_FUSION,ON,EST_GYRO_WEIGHT,0.98,EST_VALID,1
TM,SUN_L,3596,SUN_R,3178,SUN_NDV,0.0617,SUN_ANGLE,35.06
TM,MAG_X,-7.12,MAG_Y,0.08,MAG_Z,-17.94,MAG_HEADING,179.36
TM,GYRO_X,-0.875,GYRO_Y,-2.371,GYRO_Z,-0.076,BODY_RATE,0.076
