timestamp,sun_l,sun_r,sun_ndv,sun_angle_deg,mag_x_uT,mag_y_uT,mag_z_uT,mag_heading_deg,gyro_x_dps,gyro_y_dps,gyro_z_dps,rw_cmd
2026-10-06 15:36:14,3565.0,3698.0,-0.0183,-19.4,-7.98,38.35,-11.57,101.76,-1.173,-2.24,0.135,0
2026-10-06 15:36:14,3565.0,3698.0,-0.0183,-19.4,-7.95,38.34,-11.47,101.72,-1.173,-2.24,0.135,0
2026-10-06 15:36:14,3565.0,3698.0,-0.0183,-19.4,-7.95,38.34,-11.47,101.72,-1.138,-2.433,-0.039,0
2026-10-06 15:36:14,3565.0,3698.0,-0.0183,-19.4,-7.95,38.34,-11.47,101.72,-1.138,-2.433,-0.075,0
2026-10-06 15:36:14,3565.0,3698.0,-0.0183,-19.4,-7.95,38.34,-11.47,101.72,-1.138,-2.433,-0.075,0
2026-10-06 15:36:14,3565.0,3698.0,-0.0183,-19.4,-7.95,38.34,-11.47,101.72,-1.138,-2.433,-0.075,0
2026-10-06 15:36:14,3562.0,3698.0,-0.0187,-19.9,-7.95,38.34,-11.47,101.72,-1.138,-2.433,-0.075,0
2026-10-06 15:36:14,3562.0,3698.0,-0.0187,-19.9,-7.97,38.26,-11.5,101.77,-1.138,-2.433,-0.075,0
2026-10-06 15:36:14,3562.0,3698.0,-0.0187,-19.9,-7.97,38.26,-11.5,101.77,-1.041,-2.074,-0.144,0
2026-10-06 15:36:14,3562.0,3698.0,-0.0187,-19.9,-7.97,38.26,-11.5,101.77,-1.041,-2.074,-0.136,0
2026-10-06 15:36:14,3562.0,3698.0,-0.0187,-19.9,-7.97,38.26,-11.5,101.77,-1.041,-2.074,-0.136,0
2026-10-06 15:36:14,3562.0,3698.0,-0.0187,-19.9,-7.97,38.26,-11.5,101.77,-1.041,-2.074,-0.136,0
2026-10-06 15:36:14,3560.0,3696.0,-0.0187,-20.16,-7.97,38.26,-11.5,101.77,-1.041,-2.074,-0.136,0
2026-10-06 15:36:14,3560.0,3696.0,-0.0187,-20.16,-7.95,38.38,-11.44,101.7,-1.041,-2.074,-0.136,0
2026-10-06 15:36:14,3560.0,3696.0,-0.0187,-20.16,-7.95,38.38,-11.44,101.7,-1.181,-2.266,0.154,0
2026-10-06 15:36:14,3559.0,3695.0,-0.0187,-19.91,-7.95,38.38,-11.44,101.7,-1.181,-2.266,0.154,0
2026-10-06 15:36:14,3559.0,3695.0,-0.0187,-19.91,-7.89,38.34,-11.52,101.63,-1.181,-2.266,0.154,0
2026-10-06 15:36:14,3559.0,3695.0,-0.0187,-19.91,-7.89,38.34,-11.52,101.63,-1.181,-2.284,0.101,0
2026-10-06 15:36:14,3559.0,3695.0,-0.0187,-19.91,-7.89,38.34,-11.52,101.63,-1.181,-2.284,0.17,0
2026-10-06 15:36:15,3559.0,3695.0,-0.0187,-19.91,-7.89,38.34,-11.52,101.63,-1.181,-2.284,0.17,0
2026-10-06 15:36:15,3559.0,3695.0,-0.0187,-19.91,-7.89,38.34,-11.52,101.63,-1.181,-2.284,0.17,0
2026-10-06 15:36:15,3562.0,3695.0,-0.0183,-19.42,-7.89,38.34,-11.52,101.63,-1.181,-2.284,0.17,0
2026-10-06 15:36:15,3562.0,3695.0,-0.0183,-19.42,-7.78,38.42,-11.71,101.44,-1.181,-2.284,0.17,0
2026-10-06 15:36:15,3562.0,3695.0,-0.0183,-19.42,-7.78,38.42,-11.71,101.44,-1.094,-2.467,-0.074,0
2026-10-06 15:36:15,3562.0,3695.0,-0.0183,-19.42,-7.78,38.42,-11.71,101.44,-1.094,-2.467,-0.04,0
2026-10-06 15:36:15,3562.0,3695.0,-0.0183,-19.42,-7.78,38.42,-11.71,101.44,-1.094,-2.467,-0.04,0
2026-10-06 15:36:15,3562.0,3695.0,-0.0183,-19.42,-7.78,38.42,-11.71,101.44,-1.094,-2.467,-0.04,0
2026-10-06 15:36:15,3563.0,3694.0,-0.0181,-19.27,-7.78,38.42,-11.71,101.44,-1.094,-2.467,-0.04,0
2026-10-06 15:36:15,3563.0,3694.0,-0.0181,-19.27,-7.81,38.43,-11.52,101.48,-1.094,-2.467,-0.04,0
2026-10-06 15:36:15,3563.0,3694.0,-0.0181,-19.27,-7.81,38.43,-11.52,101.48,-0.621,-3.421,-0.214,0
2026-10-06 15:36:15,3563.0,3694.0,-0.0181,-19.27,-7.81,38.43,-11.52,101.48,-0.621,-3.421,-0.154,0
2026-10-06 15:36:15,3563.0,3694.0,-0.0181,-19.27,-7.81,38.43,-11.52,101.48,-0.621,-3.421,-0.154,0
2026-10-06 15:36:15,3563.0,3694.0,-0.0181,-19.27,-7.81,38.43,-11.52,101.48,-0.621,-3.421,-0.154,0
2026-10-06 15:36:15,3564.0,3693.0,-0.0178,-19.36,-7.81,38.43,-11.52,101.48,-0.621,-3.421,-0.154,0
2026-10-06 15:36:15,3564.0,3693.0,-0.0178,-19.36,-7.71,38.32,-11.89,101.38,-0.621,-3.421,-0.154,0
2026-10-06 15:36:15,3564.0,3693.0,-0.0178,-19.36,-7.71,38.32,-11.89,101.38,-1.102,-2.398,0.04,0
2026-10-06 15:36:15,3564.0,3693.0,-0.0178,-19.36,-7.71,38.32,-11.89,101.38,-1.102,-2.398,0.03,0
2026-10-06 15:36:15,3564.0,3693.0,-0.0178,-19.36,-7.71,38.32,-11.89,101.38,-1.102,-2.398,0.03,0
2026-10-06 15:36:15,3564.0,3693.0,-0.0178,-19.36,-7.71,38.32,-11.89,101.38,-1.102,-2.398,0.03,0
2026-10-06 15:36:15,3563.0,3692.0,-0.0178,-19.09,-7.71,38.32,-11.89,101.38,-1.102,-2.398,0.03,0
2026-10-06 15:36:15,3563.0,3692.0,-0.0178,-19.09,-7.76,38.4,-11.63,101.42,-1.102,-2.398,0.03,0
2026-10-06 15:36:15,3563.0,3692.0,-0.0178,-19.09,-7.76,38.4,-11.63,101.42,-1.479,-2.546,-0.231,0
2026-10-06 15:36:15,3562.0,3692.0,-0.0179,-19.22,-7.76,38.4,-11.63,101.42,-1.479,-2.546,-0.231,0
2026-10-06 15:36:15,3562.0,3692.0,-0.0179,-19.22,-7.73,38.38,-11.74,101.38,-1.479,-2.546,-0.231,0
2026-10-06 15:36:15,3562.0,3692.0,-0.0179,-19.22,-7.73,38.38,-11.74,101.38,-0.928,-2.284,-0.03,0
2026-10-06 15:36:15,3562.0,3692.0,-0.0179,-19.22,-7.73,38.38,-11.74,101.38,-0.928,-2.284,-0.206,0
2026-10-06 15:36:15,3562.0,3692.0,-0.0179,-19.22,-7.73,38.38,-11.74,101.38,-0.928,-2.284,-0.206,0
2026-10-06 15:36:16,3562.0,3692.0,-0.0179,-19.22,-7.73,38.38,-11.74,101.38,-0.928,-2.284,-0.206,0
2026-10-06 15:36:16,3562.0,3691.0,-0.0178,-19.04,-7.73,38.38,-11.74,101.38,-0.928,-2.284,-0.206,0
2026-10-06 15:36:16,3562.0,3691.0,-0.0178,-19.04,-7.71,38.53,-11.89,101.32,-0.928,-2.284,-0.206,0
2026-10-06 15:36:16,3562.0,3691.0,-0.0178,-19.04,-7.71,38.53,-11.89,101.32,-1.164,-2.494,-0.091,0
2026-10-06 15:36:16,3562.0,3691.0,-0.0178,-19.04,-7.71,38.53,-11.89,101.32,-1.164,-2.494,0.179,0
2026-10-06 15:36:16,3562.0,3691.0,-0.0178,-19.04,-7.71,38.53,-11.89,101.32,-1.164,-2.494,0.179,0
2026-10-06 15:36:16,3562.0,3691.0,-0.0178,-19.04,-7.71,38.53,-11.89,101.32,-1.164,-2.494,0.179,0
2026-10-06 15:36:16,3562.0,3690.0,-0.0177,-19.12,-7.71,38.53,-11.89,101.32,-1.164,-2.494,0.179,0
2026-10-06 15:36:16,3562.0,3690.0,-0.0177,-19.12,-7.81,38.46,-11.78,101.47,-1.164,-2.494,0.179,0
2026-10-06 15:36:16,3562.0,3690.0,-0.0177,-19.12,-7.81,38.46,-11.78,101.47,-1.207,-2.433,-0.074,0
2026-10-06 15:36:16,3562.0,3690.0,-0.0177,-19.12,-7.81,38.46,-11.78,101.47,-1.207,-2.433,0.065,0
2026-10-06 15:36:16,3562.0,3690.0,-0.0177,-19.12,-7.81,38.46,-11.78,101.47,-1.207,-2.433,0.065,0
2026-10-06 15:36:16,3562.0,3690.0,-0.0177,-19.12,-7.81,38.46,-11.78,101.47,-1.207,-2.433,0.065,0
2026-10-06 15:36:16,3561.0,3689.0,-0.0177,-19.0,-7.81,38.46,-11.78,101.47,-1.207,-2.433,0.065,0
2026-10-06 15:36:16,3561.0,3689.0,-0.0177,-19.0,-7.86,38.3,-11.73,101.59,-1.207,-2.433,0.065,0
2026-10-06 15:36:16,3561.0,3689.0,-0.0177,-19.0,-7.86,38.3,-11.73,101.59,-1.015,-2.065,0.119,0
2026-10-06 15:36:16,3561.0,3689.0,-0.0177,-19.0,-7.86,38.3,-11.73,101.59,-1.015,-2.065,-0.224,0
2026-10-06 15:36:16,3561.0,3689.0,-0.0177,-19.0,-7.86,38.3,-11.73,101.59,-1.015,-2.065,-0.224,0
2026-10-06 15:36:16,3561.0,3689.0,-0.0177,-19.0,-7.86,38.3,-11.73,101.59,-1.015,-2.065,-0.224,0
2026-10-06 15:36:16,3560.0,3687.0,-0.0175,-18.98,-7.86,38.3,-11.73,101.59,-1.015,-2.065,-0.224,0
2026-10-06 15:36:16,3560.0,3687.0,-0.0175,-18.98,-7.68,38.21,-11.87,101.37,-1.015,-2.065,-0.224,0
2026-10-06 15:36:16,3560.0,3687.0,-0.0175,-18.98,-7.68,38.21,-11.87,101.37,-1.006,-2.433,-0.117,0
2026-10-06 15:36:16,3560.0,3684.0,-0.0171,-18.88,-7.68,38.21,-11.87,101.37,-1.006,-2.433,-0.117,0
2026-10-06 15:36:17,3560.0,3684.0,-0.0171,-18.88,-7.79,38.27,-11.78,101.51,-1.006,-2.433,-0.117,0
2026-10-06 15:36:17,3560.0,3684.0,-0.0171,-18.88,-7.79,38.27,-11.78,101.51,-1.041,-2.301,0.136,0
2026-10-06 15:36:17,3560.0,3684.0,-0.0171,-18.88,-7.79,38.27,-11.78,101.51,-1.041,-2.301,-0.014,0
2026-10-06 15:36:17,3560.0,3684.0,-0.0171,-18.88,-7.79,38.27,-11.78,101.51,-1.041,-2.301,-0.014,0
2026-10-06 15:36:17,3560.0,3684.0,-0.0171,-18.88,-7.79,38.27,-11.78,101.51,-1.041,-2.301,-0.014,0
2026-10-06 15:36:17,3558.0,3682.0,-0.0171,-18.78,-7.79,38.27,-11.78,101.51,-1.041,-2.301,-0.014,0
2026-10-06 15:36:17,3558.0,3682.0,-0.0171,-18.78,-7.76,38.4,-11.76,101.42,-1.041,-2.301,-0.014,0
2026-10-06 15:36:17,3558.0,3682.0,-0.0171,-18.78,-7.76,38.4,-11.76,101.42,-1.164,-2.161,0.031,0
2026-10-06 15:36:17,3558.0,3682.0,-0.0171,-18.78,-7.76,38.4,-11.76,101.42,-1.164,-2.161,-0.075,0
2026-10-06 15:36:17,3558.0,3682.0,-0.0171,-18.78,-7.76,38.4,-11.76,101.42,-1.164,-2.161,-0.075,0
2026-10-06 15:36:17,3558.0,3682.0,-0.0171,-18.78,-7.76,38.4,-11.76,101.42,-1.164,-2.161,-0.075,0
2026-10-06 15:36:17,3559.0,3681.0,-0.0169,-18.63,-7.76,38.4,-11.76,101.42,-1.164,-2.161,-0.075,0
2026-10-06 15:36:17,3559.0,3681.0,-0.0169,-18.63,-7.66,38.3,-11.73,101.31,-1.164,-2.161,-0.075,0
2026-10-06 15:36:17,3559.0,3681.0,-0.0169,-18.63,-7.66,38.3,-11.73,101.31,-1.102,-2.214,0.101,0
2026-10-06 15:36:17,3559.0,3681.0,-0.0169,-18.63,-7.66,38.3,-11.73,101.31,-1.102,-2.214,0.047,0
2026-10-06 15:36:17,3559.0,3681.0,-0.0169,-18.63,-7.66,38.3,-11.73,101.31,-1.102,-2.214,0.047,0
2026-10-06 15:36:17,3559.0,3681.0,-0.0169,-18.63,-7.66,38.3,-11.73,101.31,-1.102,-2.214,0.047,0
2026-10-06 15:36:17,3559.0,3681.0,-0.0169,-18.39,-7.66,38.3,-11.73,101.31,-1.102,-2.214,0.047,0
2026-10-06 15:36:17,3559.0,3681.0,-0.0169,-18.39,-7.78,38.4,-11.68,101.45,-1.102,-2.214,0.047,0
2026-10-06 15:36:17,3559.0,3681.0,-0.0169,-18.39,-7.78,38.4,-11.68,101.45,-1.19,-0.079,0.031,0
2026-10-06 15:36:17,3559.0,3681.0,-0.0169,-18.39,-7.78,38.4,-11.68,101.45,-1.19,-0.079,0.031,0
2026-10-06 15:36:17,3559.0,3681.0,-0.0169,-18.39,-7.78,38.4,-11.68,101.45,-1.19,-0.079,-0.276,-40
2026-10-06 15:36:17,3559.0,3681.0,-0.0169,-18.39,-7.78,38.4,-11.68,101.45,-1.19,-0.079,-0.276,-40
2026-10-06 15:36:17,3559.0,3681.0,-0.0169,-18.39,-7.78,38.4,-11.68,101.45,-1.19,-0.079,-0.276,-40
2026-10-06 15:36:17,3558.0,3678.0,-0.0166,-18.49,-7.78,38.4,-11.68,101.45,-1.19,-0.079,-0.276,-40
2026-10-06 15:36:17,3558.0,3678.0,-0.0166,-18.49,-7.63,38.42,-11.63,101.24,-1.19,-0.079,-0.276,-40
2026-10-06 15:36:17,3558.0,3678.0,-0.0166,-18.49,-7.63,38.42,-11.63,101.24,-1.383,-2.065,0.924,-40
2026-10-06 15:36:17,3551.0,3676.0,-0.0173,-19.1,-7.63,38.42,-11.63,101.24,-1.383,-2.065,0.924,-40
2026-10-06 15:36:17,3551.0,3676.0,-0.0173,-19.1,-7.74,38.66,-11.86,101.33,-1.383,-2.065,0.924,-40
2026-10-06 15:36:17,3551.0,3676.0,-0.0173,-19.1,-7.74,38.66,-11.86,101.33,-2.511,-2.616,7.329,-40
2026-10-06 15:36:17,3551.0,3676.0,-0.0173,-19.1,-7.74,38.66,-11.86,101.33,-2.511,-2.616,-8.431,-40
2026-10-06 15:36:18,3551.0,3676.0,-0.0173,-19.1,-7.74,38.66,-11.86,101.33,-2.511,-2.616,-8.431,-40
2026-10-06 15:36:18,3551.0,3676.0,-0.0173,-19.1,-7.74,38.66,-11.86,101.33,-2.511,-2.616,-8.431,-40
2026-10-06 15:36:18,3531.0,3671.0,-0.0194,-20.59,-7.74,38.66,-11.86,101.33,-2.511,-2.616,-8.431,-40
2026-10-06 15:36:18,3531.0,3671.0,-0.0194,-20.59,-7.07,39.62,-11.68,100.12,-2.511,-2.616,-8.431,-40
2026-10-06 15:36:18,3531.0,3671.0,-0.0194,-20.59,-7.07,39.62,-11.68,100.12,-3.509,-2.957,11.503,-40
2026-10-06 15:36:18,3531.0,3671.0,-0.0194,-20.59,-7.07,39.62,-11.68,100.12,-3.509,-2.957,-9.201,-40
2026-10-06 15:36:18,3531.0,3671.0,-0.0194,-20.59,-7.07,39.62,-11.68,100.12,-3.509,-2.957,-9.201,-40
2026-10-06 15:36:18,3531.0,3671.0,-0.0194,-20.59,-7.07,39.62,-11.68,100.12,-3.509,-2.957,-9.201,-40
2026-10-06 15:36:18,3510.0,3666.0,-0.0217,-23.01,-7.07,39.62,-11.68,100.12,-3.509,-2.957,-9.201,-40
2026-10-06 15:36:18,3510.0,3666.0,-0.0217,-23.01,-6.82,41.01,-11.42,99.44,-3.509,-2.957,-9.201,-40
2026-10-06 15:36:18,3510.0,3666.0,-0.0217,-23.01,-6.82,41.01,-11.42,99.44,-3.815,-2.852,14.679,-40
2026-10-06 15:36:18,3510.0,3666.0,-0.0217,-23.01,-6.82,41.01,-11.42,99.44,-3.815,-2.852,-19.701,-40
2026-10-06 15:36:18,3510.0,3666.0,-0.0217,-23.01,-6.82,41.01,-11.42,99.44,-3.815,-2.852,-19.701,-40
2026-10-06 15:36:18,3510.0,3666.0,-0.0217,-23.01,-6.82,41.01,-11.42,99.44,-3.815,-2.852,-19.701,-40
2026-10-06 15:36:18,3466.0,3647.0,-0.0254,-25.98,-6.82,41.01,-11.42,99.44,-3.815,-2.852,-19.701,-40
2026-10-06 15:36:18,3466.0,3647.0,-0.0254,-25.98,-4.0,44.7,-10.7,95.11,-3.815,-2.852,-19.701,-40
2026-10-06 15:36:18,3466.0,3647.0,-0.0254,-25.98,-4.0,44.7,-10.7,95.11,-5.548,-3.045,26.115,-40
2026-10-06 15:36:18,3466.0,3647.0,-0.0254,-25.98,-4.0,44.7,-10.7,95.11,-5.548,-3.045,-31.916,-40
2026-10-06 15:36:18,3466.0,3647.0,-0.0254,-25.98,-4.0,44.7,-10.7,95.11,-5.548,-3.045,-31.916,-40
2026-10-06 15:36:18,3466.0,3647.0,-0.0254,-25.98,-4.0,44.7,-10.7,95.11,-5.548,-3.045,-31.916,-40
2026-10-06 15:36:18,3368.0,3612.0,-0.035,-32.71,-4.0,44.7,-10.7,95.11,-5.548,-3.045,-31.916,-40
2026-10-06 15:36:18,3368.0,3612.0,-0.035,-32.71,-1.17,47.28,-9.66,91.42,-5.548,-3.045,-31.916,-40
2026-10-06 15:36:18,3368.0,3612.0,-0.035,-32.71,-1.17,47.28,-9.66,91.42,-6.545,-3.194,34.498,-40
2026-10-06 15:36:18,3206.0,3563.0,-0.0527,-40.69,-1.17,47.28,-9.66,91.42,-6.545,-3.194,34.498,-40
2026-10-06 15:36:18,3206.0,3563.0,-0.0527,-40.69,2.08,50.69,-8.51,87.65,-6.545,-3.194,34.498,-40
2026-10-06 15:36:18,3206.0,3563.0,-0.0527,-40.69,2.08,50.69,-8.51,87.65,-7.508,-2.371,36.79,-40
2026-10-06 15:36:18,3206.0,3563.0,-0.0527,-40.69,2.08,50.69,-8.51,87.65,-7.508,-2.371,-38.129,-40
2026-10-06 15:36:19,3206.0,3563.0,-0.0527,-40.69,2.08,50.69,-8.51,87.65,-7.508,-2.371,-38.129,-40
2026-10-06 15:36:19,3206.0,3563.0,-0.0527,-40.69,2.08,50.69,-8.51,87.65,-7.508,-2.371,-38.129,-40
2026-10-06 15:36:19,3108.0,3486.0,-0.0573,-42.37,2.08,50.69,-8.51,87.65,-7.508,-2.371,-38.129,-40
2026-10-06 15:36:19,3108.0,3486.0,-0.0573,-42.37,5.54,53.79,-8.11,84.12,-7.508,-2.371,-38.129,-40
2026-10-06 15:36:19,3108.0,3486.0,-0.0573,-42.37,5.54,53.79,-8.11,84.12,-9.188,-3.517,51.998,-40
2026-10-06 15:36:19,3108.0,3486.0,-0.0573,-42.37,5.54,53.79,-8.11,84.12,-9.188,-3.517,-55.918,-40
2026-10-06 15:36:19,3108.0,3486.0,-0.0573,-42.37,5.54,53.79,-8.11,84.12,-9.188,-3.517,-55.918,-40
2026-10-06 15:36:19,3108.0,3486.0,-0.0573,-42.37,5.54,53.79,-8.11,84.12,-9.188,-3.517,-55.918,-40
2026-10-06 15:36:19,3116.0,3324.0,-0.0323,-34.42,5.54,53.79,-8.11,84.12,-9.188,-3.517,-55.918,-40
2026-10-06 15:36:19,3116.0,3324.0,-0.0323,-34.42,17.74,60.27,-6.82,73.6,-9.188,-3.517,-55.918,-40
2026-10-06 15:36:19,3116.0,3324.0,-0.0323,-34.42,17.74,60.27,-6.82,73.6,-10.386,-3.631,60.126,-40
2026-10-06 15:36:19,3116.0,3324.0,-0.0323,-34.42,17.74,60.27,-6.82,73.6,-10.386,-3.631,-63.504,-40
2026-10-06 15:36:19,3116.0,3324.0,-0.0323,-34.42,17.74,60.27,-6.82,73.6,-10.386,-3.631,-63.504,-40
2026-10-06 15:36:19,3116.0,3324.0,-0.0323,-34.42,17.74,60.27,-6.82,73.6,-10.386,-3.631,-63.504,-40
2026-10-06 15:36:19,3122.0,3063.0,0.0095,-11.88,17.74,60.27,-6.82,73.6,-10.386,-3.631,-63.504,-40
2026-10-06 15:36:19,3122.0,3063.0,0.0095,-11.88,25.3,62.13,-6.05,67.85,-10.386,-3.631,-63.504,-40
2026-10-06 15:36:19,3122.0,3063.0,0.0095,-11.88,25.3,62.13,-6.05,67.85,-12.206,-3.316,69.813,-40
2026-10-06 15:36:19,3122.0,3063.0,0.0095,-11.88,25.3,62.13,-6.05,67.85,-12.206,-3.316,-80.015,-40
2026-10-06 15:36:19,3122.0,3063.0,0.0095,-11.88,25.3,62.13,-6.05,67.85,-12.206,-3.316,-80.015,-40
2026-10-06 15:36:19,3122.0,3063.0,0.0095,-11.88,25.3,62.13,-6.05,67.85,-12.206,-3.316,-80.015,-40
2026-10-06 15:36:19,3099.0,3089.0,0.0016,-17.1,25.3,62.13,-6.05,67.85,-12.206,-3.316,-80.015,-40
2026-10-06 15:36:19,3099.0,3089.0,0.0016,-17.1,34.53,63.01,-6.24,61.28,-12.206,-3.316,-80.015,-40
2026-10-06 15:36:19,3099.0,3089.0,0.0016,-17.1,34.53,63.01,-6.24,61.28,-13.842,-3.421,81.8,-40
2026-10-06 15:36:19,3033.0,3075.0,-0.0069,-23.58,34.53,63.01,-6.24,61.28,-13.842,-3.421,81.8,-40
2026-10-06 15:36:19,3033.0,3075.0,-0.0069,-23.58,52.78,58.29,-8.75,47.84,-13.842,-3.421,81.8,-40
2026-10-06 15:36:20,3033.0,3075.0,-0.0069,-23.58,52.78,58.29,-8.75,47.84,-15.418,-3.736,91.285,-40
2026-10-06 15:36:20,3033.0,3075.0,-0.0069,-23.58,52.78,58.29,-8.75,47.84,-15.418,-3.736,-91.854,-40
2026-10-06 15:36:20,3033.0,3075.0,-0.0069,-23.58,52.78,58.29,-8.75,47.84,-15.418,-3.736,-91.854,-40
2026-10-06 15:36:20,3033.0,3075.0,-0.0069,-23.58,52.78,58.29,-8.75,47.84,-15.418,-3.736,-91.854,-40
2026-10-06 15:36:20,3004.0,3034.0,-0.005,-23.19,52.78,58.29,-8.75,47.84,-15.418,-3.736,-91.854,-40
2026-10-06 15:36:20,3004.0,3034.0,-0.005,-23.19,61.07,51.46,-11.06,40.12,-15.418,-3.736,-91.854,-40
2026-10-06 15:36:20,3004.0,3034.0,-0.005,-23.19,61.07,51.46,-11.06,40.12,-16.503,-3.658,98.784,-40
2026-10-06 15:36:20,3004.0,3034.0,-0.005,-23.19,61.07,51.46,-11.06,40.12,-16.503,-3.658,-102.949,-40
2026-10-06 15:36:20,3004.0,3034.0,-0.005,-23.19,61.07,51.46,-11.06,40.12,-16.503,-3.658,-102.949,-40
2026-10-06 15:36:20,3004.0,3034.0,-0.005,-23.19,61.07,51.46,-11.06,40.12,-16.503,-3.658,-102.949,-40
2026-10-06 15:36:20,3092.0,2973.0,0.0196,-4.19,61.07,51.46,-11.06,40.12,-16.503,-3.658,-102.949,-40
2026-10-06 15:36:20,3092.0,2973.0,0.0196,-4.19,67.89,41.2,-13.98,31.25,-16.503,-3.658,-102.949,-40
2026-10-06 15:36:20,3092.0,2973.0,0.0196,-4.19,67.89,41.2,-13.98,31.25,-18.638,-3.308,111.288,-40
2026-10-06 15:36:20,3092.0,2973.0,0.0196,-4.19,67.89,41.2,-13.98,31.25,-18.638,-3.308,-118.288,-40
2026-10-06 15:36:20,3092.0,2973.0,0.0196,-4.19,67.89,41.2,-13.98,31.25,-18.638,-3.308,-118.288,-40
2026-10-06 15:36:20,3092.0,2973.0,0.0196,-4.19,67.89,41.2,-13.98,31.25,-18.638,-3.308,-118.288,-40
2026-10-06 15:36:20,3151.0,3046.0,0.0169,-4.14,67.89,41.2,-13.98,31.25,-18.638,-3.308,-118.288,-40
2026-10-06 15:36:20,3151.0,3046.0,0.0169,-4.14,70.69,28.45,-17.74,21.92,-18.638,-3.308,-118.288,-40
2026-10-06 15:36:20,3151.0,3046.0,0.0169,-4.14,70.69,28.45,-17.74,21.92,-20.108,-3.955,123.923,-40
2026-10-06 15:36:20,3151.0,3046.0,0.0169,-4.14,70.69,28.45,-17.74,21.92,-20.108,-3.955,-127.93,-40
2026-10-06 15:36:20,3151.0,3046.0,0.0169,-4.14,70.69,28.45,-17.74,21.92,-20.108,-3.955,-127.93,-40
2026-10-06 15:36:20,3151.0,3046.0,0.0169,-4.14,70.69,28.45,-17.74,21.92,-20.108,-3.955,-127.93,-40
2026-10-06 15:36:20,3181.0,3124.0,0.009,-9.86,70.69,28.45,-17.74,21.92,-20.108,-3.955,-127.93,-40
2026-10-06 15:36:20,3181.0,3124.0,0.009,-9.86,60.88,-0.5,-25.33,359.53,-20.108,-3.955,-127.93,-40
2026-10-06 15:36:20,3181.0,3124.0,0.009,-9.86,60.88,-0.5,-25.33,359.53,-21.534,-8.4,130.433,-40
2026-10-06 15:36:20,3158.0,3159.0,-0.0002,-16.5,60.88,-0.5,-25.33,359.53,-21.534,-8.4,130.433,-40
2026-10-06 15:36:20,3158.0,3159.0,-0.0002,-16.5,47.47,-12.13,-28.16,345.67,-21.534,-8.4,130.433,-40
2026-10-06 15:36:20,3158.0,3159.0,-0.0002,-16.5,47.47,-12.13,-28.16,345.67,-23.056,-4.034,143.286,-40
2026-10-06 15:36:21,3158.0,3159.0,-0.0002,-16.5,47.47,-12.13,-28.16,345.67,-23.056,-4.034,-144.284,-40
2026-10-06 15:36:21,3158.0,3159.0,-0.0002,-16.5,47.47,-12.13,-28.16,345.67,-23.056,-4.034,-144.284,-40
2026-10-06 15:36:21,3158.0,3159.0,-0.0002,-16.5,47.47,-12.13,-28.16,345.67,-23.056,-4.034,-144.284,-40
2026-10-06 15:36:21,3022.0,3125.0,-0.0168,-28.8,47.47,-12.13,-28.16,345.67,-23.056,-4.034,-144.284,-40
2026-10-06 15:36:21,3022.0,3125.0,-0.0168,-28.8,30.21,-19.23,-30.0,327.52,-23.056,-4.034,-144.284,-40
2026-10-06 15:36:21,3022.0,3125.0,-0.0168,-28.8,30.21,-19.23,-30.0,327.52,-25.13,-4.235,155.571,-40
2026-10-06 15:36:21,3022.0,3125.0,-0.0168,-28.8,30.21,-19.23,-30.0,327.52,-25.13,-4.235,-159.736,-40
2026-10-06 15:36:21,3022.0,3125.0,-0.0168,-28.8,30.21,-19.23,-30.0,327.52,-25.13,-4.235,-159.736,-40
2026-10-06 15:36:21,3022.0,3125.0,-0.0168,-28.8,30.21,-19.23,-30.0,327.52,-25.13,-4.235,-159.736,-40
2026-10-06 15:36:21,3519.0,3043.0,0.0725,37.44,30.21,-19.23,-30.0,327.52,-25.13,-4.235,-159.736,-40
2026-10-06 15:36:21,3519.0,3043.0,0.0725,37.44,11.49,-18.7,-29.18,301.56,-25.13,-4.235,-159.736,-40
2026-10-06 15:36:21,3519.0,3043.0,0.0725,37.44,11.49,-18.7,-29.18,301.56,-26.933,-3.447,166.754,-40
2026-10-06 15:36:21,3519.0,3043.0,0.0725,37.44,11.49,-18.7,-29.18,301.56,-26.933,-3.447,-172.704,-40
2026-10-06 15:36:21,3519.0,3043.0,0.0725,37.44,11.49,-18.7,-29.18,301.56,-26.933,-3.447,-172.704,-40
2026-10-06 15:36:21,3519.0,3043.0,0.0725,37.44,11.49,-18.7,-29.18,301.56,-26.933,-3.447,-172.704,-40
2026-10-06 15:36:21,3693.0,3580.0,0.0155,11.45,11.49,-18.7,-29.18,301.56,-26.933,-3.447,-172.704,-40
2026-10-06 15:36:21,3693.0,3580.0,0.0155,11.45,-13.17,7.79,-20.24,149.39,-26.933,-3.447,-172.704,-40
2026-10-06 15:36:21,3693.0,3580.0,0.0155,11.45,-13.17,7.79,-20.24,149.39,-28.07,-4.856,179.38,-40
2026-10-06 15:36:21,3693.0,3580.0,0.0155,11.45,-13.17,7.79,-20.24,149.39,-28.07,-4.856,-185.846,-40
2026-10-06 15:36:21,3693.0,3580.0,0.0155,11.45,-13.17,7.79,-20.24,149.39,-28.07,-4.856,-185.846,-40
2026-10-06 15:36:21,3693.0,3580.0,0.0155,11.45,-13.17,7.79,-20.24,149.39,-28.07,-4.856,-185.846,-40
2026-10-06 15:36:21,3557.0,3674.0,-0.0162,-18.0,-13.17,7.79,-20.24,149.39,-28.07,-4.856,-185.846,-40
2026-10-06 15:36:21,3557.0,3674.0,-0.0162,-18.0,-12.16,29.62,-14.29,112.32,-28.07,-4.856,-185.846,-40
2026-10-06 15:36:21,3557.0,3674.0,-0.0162,-18.0,-12.16,29.62,-14.29,112.32,-30.257,-5.329,187.885,-40
2026-10-06 15:36:21,3123.0,3378.0,-0.0392,-37.01,-12.16,29.62,-14.29,112.32,-30.257,-5.329,187.885,-40
2026-10-06 15:36:21,3123.0,3378.0,-0.0392,-37.01,0.26,49.63,-9.1,89.7,-30.257,-5.329,187.885,-40
2026-10-06 15:36:21,3123.0,3378.0,-0.0392,-37.01,0.26,49.63,-9.1,89.7,-30.896,-4.988,190.536,-40
2026-10-06 15:36:21,3123.0,3378.0,-0.0392,-37.01,0.26,49.63,-9.1,89.7,-30.896,-4.988,-191.219,-40
2026-10-06 15:36:22,3123.0,3378.0,-0.0392,-37.01,0.26,49.63,-9.1,89.7,-30.896,-4.988,-191.219,-40
2026-10-06 15:36:22,3123.0,3378.0,-0.0392,-37.01,0.26,49.63,-9.1,89.7,-30.896,-4.988,-191.219,-40
2026-10-06 15:36:22,3085.0,3094.0,-0.0015,-18.83,0.26,49.63,-9.1,89.7,-30.896,-4.988,-191.219,-40
2026-10-06 15:36:22,3085.0,3094.0,-0.0015,-18.83,45.39,60.98,-7.76,53.34,-30.896,-4.988,-191.219,-40
2026-10-06 15:36:22,3085.0,3094.0,-0.0015,-18.83,45.39,60.98,-7.76,53.34,-30.695,-5.049,197.204,-40
2026-10-06 15:36:22,3085.0,3094.0,-0.0015,-18.83,45.39,60.98,-7.76,53.34,-30.695,-5.049,-198.858,-40
2026-10-06 15:36:22,3085.0,3094.0,-0.0015,-18.83,45.39,60.98,-7.76,53.34,-30.695,-5.049,-198.858,-40
2026-10-06 15:36:22,3085.0,3094.0,-0.0015,-18.83,45.39,60.98,-7.76,53.34,-30.695,-5.049,-198.858,-40
2026-10-06 15:36:22,3052.0,2968.0,0.014,-11.06,45.39,60.98,-7.76,53.34,-30.695,-5.049,-198.858,-40
2026-10-06 15:36:22,3052.0,2968.0,0.014,-11.06,63.9,47.58,-12.27,36.67,-30.695,-5.049,-198.858,-40
2026-10-06 15:36:22,3052.0,2968.0,0.014,-11.06,63.9,47.58,-12.27,36.67,-31.273,-6.011,196.46,-40
2026-10-06 15:36:22,3052.0,2968.0,0.014,-11.06,63.9,47.58,-12.27,36.67,-31.273,-6.011,-199.811,-40
2026-10-06 15:36:22,3052.0,2968.0,0.014,-11.06,63.9,47.58,-12.27,36.67,-31.273,-6.011,-199.811,-40
2026-10-06 15:36:22,3052.0,2968.0,0.014,-11.06,63.9,47.58,-12.27,36.67,-31.273,-6.011,-199.811,-40
2026-10-06 15:36:22,3157.0,3065.0,0.0148,-5.21,63.9,47.58,-12.27,36.67,-31.273,-6.011,-199.811,-40
2026-10-06 15:36:22,3157.0,3065.0,0.0148,-5.21,70.4,25.81,-18.26,20.13,-31.273,-6.011,-199.811,-40
2026-10-06 15:36:22,3157.0,3065.0,0.0148,-5.21,70.4,25.81,-18.26,20.13,-31.666,-6.965,202.996,-40
2026-10-06 15:36:22,3157.0,3065.0,0.0148,-5.21,70.4,25.81,-18.26,20.13,-31.666,-6.965,-208.378,-40
2026-10-06 15:36:22,3157.0,3065.0,0.0148,-5.21,70.4,25.81,-18.26,20.13,-31.666,-6.965,-208.378,-40
2026-10-06 15:36:22,3157.0,3065.0,0.0148,-5.21,70.4,25.81,-18.26,20.13,-31.666,-6.965,-208.378,-40
2026-10-06 15:36:22,3170.0,3154.0,0.0025,-14.85,70.4,25.81,-18.26,20.13,-31.666,-6.965,-208.378,-40
2026-10-06 15:36:22,3170.0,3154.0,0.0025,-14.85,61.98,2.27,-24.88,2.1,-31.666,-6.965,-208.378,-40
2026-10-06 15:36:22,3170.0,3154.0,0.0025,-14.85,61.98,2.27,-24.88,2.1,-33.495,-5.224,210.504,-40
2026-10-06 15:36:23,3176.0,3089.0,0.0139,-5.32,61.98,2.27,-24.88,2.1,-33.495,-5.224,210.504,-40
2026-10-06 15:36:23,3176.0,3089.0,0.0139,-5.32,14.85,-19.12,-29.3,307.83,-33.495,-5.224,210.504,-40
2026-10-06 15:36:23,3176.0,3089.0,0.0139,-5.32,14.85,-19.12,-29.3,307.83,-34.632,-5.18,217.259,-40
2026-10-06 15:36:23,3176.0,3089.0,0.0139,-5.32,14.85,-19.12,-29.3,307.83,-34.632,-5.18,-217.075,-40
2026-10-06 15:36:23,3176.0,3089.0,0.0139,-5.32,14.85,-19.12,-29.3,307.83,-34.632,-5.18,-217.075,-40
2026-10-06 15:36:23,3176.0,3089.0,0.0139,-5.32,14.85,-19.12,-29.3,307.83,-34.632,-5.18,-217.075,-40
2026-10-06 15:36:23,3647.0,3408.0,0.0339,22.51,14.85,-19.12,-29.3,307.83,-34.632,-5.18,-217.075,-40
2026-10-06 15:36:23,3647.0,3408.0,0.0339,22.51,-6.3,-6.86,-24.75,227.44,-34.632,-5.18,-217.075,-40
2026-10-06 15:36:23,3647.0,3408.0,0.0339,22.51,-6.3,-6.86,-24.75,227.44,-35.499,-4.034,223.078,-40
2026-10-06 15:36:23,3647.0,3408.0,0.0339,22.51,-6.3,-6.86,-24.75,227.44,-35.499,-4.034,-225.318,-40
2026-10-06 15:36:23,3647.0,3408.0,0.0339,22.51,-6.3,-6.86,-24.75,227.44,-35.499,-4.034,-225.318,-40
2026-10-06 15:36:23,3647.0,3408.0,0.0339,22.51,-6.3,-6.86,-24.75,227.44,-35.499,-4.034,-225.318,-40
2026-10-06 15:36:23,3605.0,3683.0,-0.0107,-13.09,-6.3,-6.86,-24.75,227.44,-35.499,-4.034,-225.318,-40
2026-10-06 15:36:23,3605.0,3683.0,-0.0107,-13.09,-14.14,17.46,-17.39,129.02,-35.499,-4.034,-225.318,-40
2026-10-06 15:36:23,3605.0,3683.0,-0.0107,-13.09,-14.14,17.46,-17.39,129.02,-35.639,-4.568,230.078,-40
2026-10-06 15:36:23,3605.0,3683.0,-0.0107,-13.09,-14.14,17.46,-17.39,129.02,-35.639,-4.568,-231.171,-40
2026-10-06 15:36:23,3605.0,3683.0,-0.0107,-13.09,-14.14,17.46,-17.39,129.02,-35.639,-4.568,-231.171,-40
2026-10-06 15:36:23,3605.0,3683.0,-0.0107,-13.09,-14.14,17.46,-17.39,129.02,-35.639,-4.568,-231.171,-40
2026-10-06 15:36:23,3123.0,3401.0,-0.0426,-37.94,-14.14,17.46,-17.39,129.02,-35.639,-4.568,-231.171,-40
2026-10-06 15:36:23,3123.0,3401.0,-0.0426,-37.94,19.58,61.07,-6.7,72.22,-35.639,-4.568,-231.171,-40
2026-10-06 15:36:23,3123.0,3401.0,-0.0426,-37.94,19.58,61.07,-6.7,72.22,-36.111,-5.6,232.685,-40
2026-10-06 15:36:23,3123.0,3401.0,-0.0426,-37.94,19.58,61.07,-6.7,72.22,-36.111,-5.6,-235.546,-40
2026-10-06 15:36:23,3123.0,3401.0,-0.0426,-37.94,19.58,61.07,-6.7,72.22,-36.111,-5.6,-235.546,-40
2026-10-06 15:36:23,3123.0,3401.0,-0.0426,-37.94,19.58,61.07,-6.7,72.22,-36.111,-5.6,-235.546,-40
2026-10-06 15:36:23,3036.0,3078.0,-0.0069,-23.43,19.58,61.07,-6.7,72.22,-36.111,-5.6,-235.546,-40
2026-10-06 15:36:23,3036.0,3078.0,-0.0069,-23.43,48.1,60.7,-7.89,51.61,-36.111,-5.6,-235.546,-40
2026-10-06 15:36:23,3036.0,3078.0,-0.0069,-23.43,48.1,60.7,-7.89,51.61,-37.38,-4.83,236.421,-40
2026-10-06 15:36:23,3120.0,3002.0,0.0193,-3.74,48.1,60.7,-7.89,51.61,-37.38,-4.83,236.421,-40
2026-10-06 15:36:23,3120.0,3002.0,0.0193,-3.74,67.92,42.93,-13.17,32.29,-37.38,-4.83,236.421,-40
2026-10-06 15:36:23,3120.0,3002.0,0.0193,-3.74,67.92,42.93,-13.17,32.29,-35.656,-3.325,224.898,-40
2026-10-06 15:36:24,3120.0,3002.0,0.0193,-3.74,67.92,42.93,-13.17,32.29,-35.656,-3.325,-223.428,-7
2026-10-06 15:36:24,3120.0,3002.0,0.0193,-3.74,67.92,42.93,-13.17,32.29,-35.656,-3.325,-223.428,-7
2026-10-06 15:36:24,3120.0,3002.0,0.0193,-3.74,67.92,42.93,-13.17,32.29,-35.656,-3.325,-223.428,-7
2026-10-06 15:36:24,3183.0,3127.0,0.0089,-10.23,67.92,42.93,-13.17,32.29,-35.656,-3.325,-223.428,-7
2026-10-06 15:36:24,3183.0,3127.0,0.0089,-10.23,69.5,16.3,-20.9,13.2,-35.656,-3.325,-223.428,-7
2026-10-06 15:36:24,3183.0,3127.0,0.0089,-10.23,69.5,16.3,-20.9,13.2,-31.972,-7.481,207.205,-7
2026-10-06 15:36:24,3183.0,3127.0,0.0089,-10.23,69.5,16.3,-20.9,13.2,-31.972,-7.481,-204.843,-13
2026-10-06 15:36:24,3183.0,3127.0,0.0089,-10.23,69.5,16.3,-20.9,13.2,-31.972,-7.481,-204.843,-13
2026-10-06 15:36:24,3183.0,3127.0,0.0089,-10.23,69.5,16.3,-20.9,13.2,-31.972,-7.481,-204.843,-13
2026-10-06 15:36:24,3097.0,3156.0,-0.0094,-23.23,69.5,16.3,-20.9,13.2,-31.972,-7.481,-204.843,-13
2026-10-06 15:36:24,3097.0,3156.0,-0.0094,-23.23,31.98,-18.75,-29.78,329.62,-31.972,-7.481,-204.843,-13
2026-10-06 15:36:24,3097.0,3156.0,-0.0094,-23.23,31.98,-18.75,-29.78,329.62,-30.625,-7.359,195.27,-13
2026-10-06 15:36:24,3097.0,3156.0,-0.0094,-23.23,31.98,-18.75,-29.78,329.62,-30.625,-7.359,-190.151,-14
2026-10-06 15:36:24,3097.0,3156.0,-0.0094,-23.23,31.98,-18.75,-29.78,329.62,-30.625,-7.359,-190.151,-14
2026-10-06 15:36:24,3097.0,3156.0,-0.0094,-23.23,31.98,-18.75,-29.78,329.62,-30.625,-7.359,-190.151,-14
2026-10-06 15:36:24,3391.0,3014.0,0.0589,28.01,31.98,-18.75,-29.78,329.62,-30.625,-7.359,-190.151,-14
2026-10-06 15:36:24,3391.0,3014.0,0.0589,28.01,8.61,-17.42,-28.32,296.29,-30.625,-7.359,-190.151,-14
2026-10-06 15:36:24,3391.0,3014.0,0.0589,28.01,8.61,-17.42,-28.32,296.29,-28.691,-3.964,186.345,-14
2026-10-06 15:36:24,3391.0,3014.0,0.0589,28.01,8.61,-17.42,-28.32,296.29,-28.691,-3.964,-165.835,40
2026-10-06 15:36:24,3391.0,3014.0,0.0589,28.01,8.61,-17.42,-28.32,296.29,-28.691,-3.964,-165.835,40
2026-10-06 15:36:24,3391.0,3014.0,0.0589,28.01,8.61,-17.42,-28.32,296.29,-28.691,-3.964,-165.835,40
2026-10-06 15:36:24,3684.0,3524.0,0.0222,16.0,8.61,-17.42,-28.32,296.29,-28.691,-3.964,-165.835,40
2026-10-06 15:36:24,3684.0,3524.0,0.0222,16.0,-8.22,-4.51,-24.35,208.75,-28.691,-3.964,-165.835,40
2026-10-06 15:36:24,3684.0,3524.0,0.0222,16.0,-8.22,-4.51,-24.35,208.75,-25.445,-4.637,153.121,40
2026-10-06 15:36:24,3666.0,3682.0,-0.0022,-2.95,-8.22,-4.51,-24.35,208.75,-25.445,-4.637,153.121,40
2026-10-06 15:36:24,3666.0,3682.0,-0.0022,-2.95,-12.58,27.42,-14.77,114.64,-25.445,-4.637,153.121,40
2026-10-06 15:36:24,3666.0,3682.0,-0.0022,-2.95,-12.58,27.42,-14.77,114.64,-18.69,-4.121,110.343,40
2026-10-06 15:36:25,3666.0,3682.0,-0.0022,-2.95,-12.58,27.42,-14.77,114.64,-18.69,-4.121,-107.84,33
2026-10-06 15:36:25,3666.0,3682.0,-0.0022,-2.95,-12.58,27.42,-14.77,114.64,-18.69,-4.121,-107.84,33
2026-10-06 15:36:25,3666.0,3682.0,-0.0022,-2.95,-12.58,27.42,-14.77,114.64,-18.69,-4.121,-107.84,33
2026-10-06 15:36:25,3550.0,3674.0,-0.0172,-18.79,-12.58,27.42,-14.77,114.64,-18.69,-4.121,-107.84,33
2026-10-06 15:36:25,3550.0,3674.0,-0.0172,-18.79,-8.42,38.02,-12.21,102.48,-18.69,-4.121,-107.84,33
2026-10-06 15:36:25,3550.0,3674.0,-0.0172,-18.79,-8.42,38.02,-12.21,102.48,-12.793,-3.824,73.776,33
2026-10-06 15:36:25,3550.0,3674.0,-0.0172,-18.79,-8.42,38.02,-12.21,102.48,-12.793,-3.824,-65.665,15
2026-10-06 15:36:25,3550.0,3674.0,-0.0172,-18.79,-8.42,38.02,-12.21,102.48,-12.793,-3.824,-65.665,15
2026-10-06 15:36:25,3550.0,3674.0,-0.0172,-18.79,-8.42,38.02,-12.21,102.48,-12.793,-3.824,-65.665,15
2026-10-06 15:36:25,3402.0,3621.0,-0.0312,-30.24,-8.42,38.02,-12.21,102.48,-12.793,-3.824,-65.665,15
2026-10-06 15:36:25,3402.0,3621.0,-0.0312,-30.24,-3.28,44.88,-10.51,94.18,-12.793,-3.824,-65.665,15
2026-10-06 15:36:25,3402.0,3621.0,-0.0312,-30.24,-3.28,44.88,-10.51,94.18,-9.31,-2.739,46.826,15
2026-10-06 15:36:25,3402.0,3621.0,-0.0312,-30.24,-3.28,44.88,-10.51,94.18,-9.31,-2.739,-37.035,5
2026-10-06 15:36:25,3402.0,3621.0,-0.0312,-30.24,-3.28,44.88,-10.51,94.18,-9.31,-2.739,-37.035,5
2026-10-06 15:36:25,3402.0,3621.0,-0.0312,-30.24,-3.28,44.88,-10.51,94.18,-9.31,-2.739,-37.035,5
2026-10-06 15:36:25,3234.0,3570.0,-0.0494,-39.42,-3.28,44.88,-10.51,94.18,-9.31,-2.739,-37.035,5
2026-10-06 15:36:25,3234.0,3570.0,-0.0494,-39.42,0.74,49.46,-9.49,89.15,-9.31,-2.739,-37.035,5
2026-10-06 15:36:25,3234.0,3570.0,-0.0494,-39.42,0.74,49.46,-9.49,89.15,-6.178,-2.651,28.994,5
2026-10-06 15:36:25,3234.0,3570.0,-0.0494,-39.42,0.74,49.46,-9.49,89.15,-6.178,-2.651,-17.943,-2
2026-10-06 15:36:25,3234.0,3570.0,-0.0494,-39.42,0.74,49.46,-9.49,89.15,-6.178,-2.651,-17.943,-2
2026-10-06 15:36:25,3234.0,3570.0,-0.0494,-39.42,0.74,49.46,-9.49,89.15,-6.178,-2.651,-17.943,-2
2026-10-06 15:36:25,3119.0,3532.0,-0.0621,-43.54,0.74,49.46,-9.49,89.15,-6.178,-2.651,-17.943,-2
2026-10-06 15:36:25,3119.0,3532.0,-0.0621,-43.54,6.14,53.95,-8.38,83.5,-6.178,-2.651,-17.943,-2
2026-10-06 15:36:25,3119.0,3532.0,-0.0621,-43.54,6.14,53.95,-8.38,83.5,-3.719,-2.966,15.361,-2
2026-10-06 15:36:26,3101.0,3515.0,-0.0626,-43.73,6.14,53.95,-8.38,83.5,-3.719,-2.966,15.361,-2
2026-10-06 15:36:26,3101.0,3515.0,-0.0626,-43.73,7.33,54.64,-8.24,82.36,-3.719,-2.966,15.361,-2
2026-10-06 15:36:26,3101.0,3515.0,-0.0626,-43.73,7.33,54.64,-8.24,82.36,-2.485,-2.809,5.544,-2
2026-10-06 15:36:26,3101.0,3515.0,-0.0626,-43.73,7.33,54.64,-8.24,82.36,-2.485,-2.809,-4.013,-5
2026-10-06 15:36:26,3101.0,3515.0,-0.0626,-43.73,7.33,54.64,-8.24,82.36,-2.485,-2.809,-4.013,-5
2026-10-06 15:36:26,3101.0,3515.0,-0.0626,-43.73,7.33,54.64,-8.24,82.36,-2.485,-2.809,-4.013,-5
2026-10-06 15:36:26,3101.0,3514.0,-0.0624,-43.68,7.33,54.64,-8.24,82.36,-2.485,-2.809,-4.013,-5
2026-10-06 15:36:26,3101.0,3514.0,-0.0624,-43.68,7.54,54.8,-8.34,82.17,-2.485,-2.809,-4.013,-5
2026-10-06 15:36:26,3101.0,3514.0,-0.0624,-43.68,7.54,54.8,-8.34,82.17,-0.884,-3.098,-2.471,-5
2026-10-06 15:36:26,3101.0,3514.0,-0.0624,-43.68,7.54,54.8,-8.34,82.17,-0.884,-3.098,4.484,-7
2026-10-06 15:36:26,3101.0,3514.0,-0.0624,-43.68,7.54,54.8,-8.34,82.17,-0.884,-3.098,4.484,-7
2026-10-06 15:36:26,3101.0,3514.0,-0.0624,-43.68,7.54,54.8,-8.34,82.17,-0.884,-3.098,4.484,-7
2026-10-06 15:36:26,3104.0,3520.0,-0.0628,-43.8,7.54,54.8,-8.34,82.17,-0.884,-3.098,4.484,-7
2026-10-06 15:36:26,3104.0,3520.0,-0.0628,-43.8,7.31,54.67,-8.19,82.38,-0.884,-3.098,4.484,-7
2026-10-06 15:36:26,3104.0,3520.0,-0.0628,-43.8,7.31,54.67,-8.19,82.38,-0.525,-2.765,-6.907,-7
2026-10-06 15:36:26,3104.0,3520.0,-0.0628,-43.8,7.31,54.67,-8.19,82.38,-0.525,-2.765,6.969,1
2026-10-06 15:36:26,3104.0,3520.0,-0.0628,-43.8,7.31,54.67,-8.19,82.38,-0.525,-2.765,6.969,1
2026-10-06 15:36:26,3104.0,3520.0,-0.0628,-43.8,7.31,54.67,-8.19,82.38,-0.525,-2.765,6.969,1
2026-10-06 15:36:26,3119.0,3535.0,-0.0625,-43.62,7.31,54.67,-8.19,82.38,-0.525,-2.765,6.969,1
2026-10-06 15:36:26,3119.0,3535.0,-0.0625,-43.62,6.11,53.94,-8.4,83.53,-0.525,-2.765,6.969,1
2026-10-06 15:36:26,3119.0,3535.0,-0.0625,-43.62,6.11,53.94,-8.4,83.53,-1.173,-1.855,-6.102,1
2026-10-06 15:36:26,3119.0,3535.0,-0.0625,-43.62,6.11,53.94,-8.4,83.53,-1.173,-1.855,12.376,1
2026-10-06 15:36:26,3119.0,3535.0,-0.0625,-43.62,6.11,53.94,-8.4,83.53,-1.173,-1.855,12.376,1
2026-10-06 15:36:26,3119.0,3535.0,-0.0625,-43.62,6.11,53.94,-8.4,83.53,-1.173,-1.855,12.376,1
2026-10-06 15:36:26,3155.0,3548.0,-0.0586,-42.48,6.11,53.94,-8.4,83.53,-1.173,-1.855,12.376,1
2026-10-06 15:36:26,3155.0,3548.0,-0.0586,-42.48,5.04,53.23,-8.5,84.59,-1.173,-1.855,12.376,1
2026-10-06 15:36:26,3155.0,3548.0,-0.0586,-42.48,5.04,53.23,-8.5,84.59,0.289,-2.678,-11.869,1
2026-10-06 15:36:26,3229.0,3571.0,-0.0503,-39.83,5.04,53.23,-8.5,84.59,0.289,-2.678,-11.869,1
2026-10-06 15:36:26,3229.0,3571.0,-0.0503,-39.83,3.82,52.08,-8.59,85.8,0.289,-2.678,-11.869,1
2026-10-06 15:36:26,3229.0,3571.0,-0.0503,-39.83,3.82,52.08,-8.59,85.8,1.094,-2.161,-16.392,1
2026-10-06 15:36:27,3229.0,3571.0,-0.0503,-39.83,3.82,52.08,-8.59,85.8,1.094,-2.161,16.742,-1
2026-10-06 15:36:27,3229.0,3571.0,-0.0503,-39.83,3.82,52.08,-8.59,85.8,1.094,-2.161,16.742,-1
2026-10-06 15:36:27,3229.0,3571.0,-0.0503,-39.83,3.82,52.08,-8.59,85.8,1.094,-2.161,16.742,-1
2026-10-06 15:36:27,3316.0,3601.0,-0.0412,-36.07,3.82,52.08,-8.59,85.8,1.094,-2.161,16.742,-1
2026-10-06 15:36:27,3316.0,3601.0,-0.0412,-36.07,0.64,49.33,-9.34,89.26,1.094,-2.161,16.742,-1
2026-10-06 15:36:27,3316.0,3601.0,-0.0412,-36.07,0.64,49.33,-9.34,89.26,1.015,-2.214,-16.996,-1
2026-10-06 15:36:27,3316.0,3601.0,-0.0412,-36.07,0.64,49.33,-9.34,89.26,1.015,-2.214,17.014,2
2026-10-06 15:36:27,3316.0,3601.0,-0.0412,-36.07,0.64,49.33,-9.34,89.26,1.015,-2.214,17.014,2
2026-10-06 15:36:27,3316.0,3601.0,-0.0412,-36.07,0.64,49.33,-9.34,89.26,1.015,-2.214,17.014,2
2026-10-06 15:36:27,3388.0,3620.0,-0.0331,-31.24,0.64,49.33,-9.34,89.26,1.015,-2.214,17.014,2
2026-10-06 15:36:27,3388.0,3620.0,-0.0331,-31.24,-1.01,47.6,-9.44,91.21,1.015,-2.214,17.014,2
2026-10-06 15:36:27,3388.0,3620.0,-0.0331,-31.24,-1.01,47.6,-9.44,91.21,1.409,-2.082,-17.574,2
2026-10-06 15:36:27,3388.0,3620.0,-0.0331,-31.24,-1.01,47.6,-9.44,91.21,1.409,-2.082,18.387,1
2026-10-06 15:36:27,3388.0,3620.0,-0.0331,-31.24,-1.01,47.6,-9.44,91.21,1.409,-2.082,18.387,1
2026-10-06 15:36:27,3388.0,3620.0,-0.0331,-31.24,-1.01,47.6,-9.44,91.21,1.409,-2.082,18.387,1
2026-10-06 15:36:27,3443.0,3639.0,-0.0277,-27.72,-1.01,47.6,-9.44,91.21,1.409,-2.082,18.387,1
2026-10-06 15:36:27,3443.0,3639.0,-0.0277,-27.72,-2.43,46.14,-10.1,93.02,1.409,-2.082,18.387,1
2026-10-06 15:36:27,3443.0,3639.0,-0.0277,-27.72,-2.43,46.14,-10.1,93.02,1.391,-2.686,-17.932,1
2026-10-06 15:36:27,3443.0,3639.0,-0.0277,-27.72,-2.43,46.14,-10.1,93.02,1.391,-2.686,15.587,6
2026-10-06 15:36:27,3443.0,3639.0,-0.0277,-27.72,-2.43,46.14,-10.1,93.02,1.391,-2.686,15.587,6
2026-10-06 15:36:27,3443.0,3639.0,-0.0277,-27.72,-2.43,46.14,-10.1,93.02,1.391,-2.686,15.587,6
2026-10-06 15:36:27,3482.0,3652.0,-0.0238,-24.86,-2.43,46.14,-10.1,93.02,1.391,-2.686,15.587,6
2026-10-06 15:36:27,3482.0,3652.0,-0.0238,-24.86,-3.94,44.32,-10.51,95.08,1.391,-2.686,15.587,6
2026-10-06 15:36:27,3482.0,3652.0,-0.0238,-24.86,-3.94,44.32,-10.51,95.08,0.403,-2.336,-13.33,6
2026-10-06 15:36:27,3514.0,3663.0,-0.0208,-21.99,-3.94,44.32,-10.51,95.08,0.403,-2.336,-13.33,6
2026-10-06 15:36:27,3514.0,3663.0,-0.0208,-21.99,-6.19,41.04,-11.34,98.58,0.403,-2.336,-13.33,6
2026-10-06 15:36:27,3514.0,3663.0,-0.0208,-21.99,-6.19,41.04,-11.34,98.58,1.164,-2.38,-17.617,6
2026-10-06 15:36:27,3514.0,3663.0,-0.0208,-21.99,-6.19,41.04,-11.34,98.58,1.164,-2.38,17.442,2
2026-10-06 15:36:28,3514.0,3663.0,-0.0208,-21.99,-6.19,41.04,-11.34,98.58,1.164,-2.38,17.442,2
2026-10-06 15:36:28,3514.0,3663.0,-0.0208,-21.99,-6.19,41.04,-11.34,98.58,1.164,-2.38,17.442,2
2026-10-06 15:36:28,3546.0,3671.0,-0.0173,-19.04,-6.19,41.04,-11.34,98.58,1.164,-2.38,17.442,2
2026-10-06 15:36:28,3546.0,3671.0,-0.0173,-19.04,-7.36,39.34,-11.78,100.6,1.164,-2.38,17.442,2
2026-10-06 15:36:28,3546.0,3671.0,-0.0173,-19.04,-7.36,39.34,-11.78,100.6,0.639,-1.899,-16.384,2
2026-10-06 15:36:28,3546.0,3671.0,-0.0173,-19.04,-7.36,39.34,-11.78,100.6,0.639,-1.899,14.756,6
2026-10-06 15:36:28,3546.0,3671.0,-0.0173,-19.04,-7.36,39.34,-11.78,100.6,0.639,-1.899,14.756,6
2026-10-06 15:36:28,3546.0,3671.0,-0.0173,-19.04,-7.36,39.34,-11.78,100.6,0.639,-1.899,14.756,6
2026-10-06 15:36:28,3571.0,3677.0,-0.0146,-16.64,-7.36,39.34,-11.78,100.6,0.639,-1.899,14.756,6
2026-10-06 15:36:28,3571.0,3677.0,-0.0146,-16.64,-8.5,37.63,-12.29,102.72,0.639,-1.899,14.756,6
2026-10-06 15:36:28,3571.0,3677.0,-0.0146,-16.64,-8.5,37.63,-12.29,102.72,0.639,-2.651,-14.441,6
2026-10-06 15:36:28,3571.0,3677.0,-0.0146,-16.64,-8.5,37.63,-12.29,102.72,0.639,-2.651,9.629,15
2026-10-06 15:36:28,3571.0,3677.0,-0.0146,-16.64,-8.5,37.63,-12.29,102.72,0.639,-2.651,9.629,15
2026-10-06 15:36:28,3571.0,3677.0,-0.0146,-16.64,-8.5,37.63,-12.29,102.72,0.639,-2.651,9.629,15
2026-10-06 15:36:28,3592.0,3680.0,-0.0121,-14.62,-8.5,37.63,-12.29,102.72,0.639,-2.651,9.629,15
2026-10-06 15:36:28,3592.0,3680.0,-0.0121,-14.62,-9.1,36.38,-12.59,104.05,0.639,-2.651,9.629,15
2026-10-06 15:36:28,3592.0,3680.0,-0.0121,-14.62,-9.1,36.38,-12.59,104.05,-0.298,-2.511,-8.509,15
2026-10-06 15:36:28,3592.0,3680.0,-0.0121,-14.62,-9.1,36.38,-12.59,104.05,-0.298,-2.511,6.146,22
2026-10-06 15:36:28,3592.0,3680.0,-0.0121,-14.62,-9.1,36.38,-12.59,104.05,-0.298,-2.511,6.146,22
2026-10-06 15:36:28,3592.0,3680.0,-0.0121,-14.62,-9.1,36.38,-12.59,104.05,-0.298,-2.511,6.146,22
2026-10-06 15:36:28,3604.0,3683.0,-0.0108,-13.64,-9.1,36.38,-12.59,104.05,-0.298,-2.511,6.146,22
2026-10-06 15:36:28,3604.0,3683.0,-0.0108,-13.64,-10.26,34.38,-13.09,106.61,-0.298,-2.511,6.146,22
2026-10-06 15:36:28,3604.0,3683.0,-0.0108,-13.64,-10.26,34.38,-13.09,106.61,-1.05,-2.354,-4.807,22
2026-10-06 15:36:29,3608.0,3684.0,-0.0104,-13.2,-10.26,34.38,-13.09,106.61,-1.05,-2.354,-4.807,22
2026-10-06 15:36:29,3608.0,3684.0,-0.0104,-13.2,-10.59,34.06,-13.52,107.27,-1.05,-2.354,-4.807,22
2026-10-06 15:36:29,3608.0,3684.0,-0.0104,-13.2,-10.59,34.06,-13.52,107.27,-1.085,-2.161,-0.109,22
2026-10-06 15:36:29,3608.0,3684.0,-0.0104,-13.2,-10.59,34.06,-13.52,107.27,-1.085,-2.161,0.152,36
2026-10-06 15:36:29,3608.0,3684.0,-0.0104,-13.2,-10.59,34.06,-13.52,107.27,-1.085,-2.161,0.152,36
2026-10-06 15:36:29,3608.0,3684.0,-0.0104,-13.2,-10.59,34.06,-13.52,107.27,-1.085,-2.161,0.152,36
2026-10-06 15:36:29,3609.0,3684.0,-0.0103,-13.0,-10.59,34.06,-13.52,107.27,-1.085,-2.161,0.152,36
2026-10-06 15:36:29,3609.0,3684.0,-0.0103,-13.0,-11.12,34.24,-13.5,107.99,-1.085,-2.161,0.152,36
2026-10-06 15:36:29,3609.0,3684.0,-0.0103,-13.0,-11.12,34.24,-13.5,107.99,-0.884,-1.942,-2.06,36
2026-10-06 15:36:29,3609.0,3684.0,-0.0103,-13.0,-11.12,34.24,-13.5,107.99,-0.884,-1.942,3.39,33
2026-10-06 15:36:29,3609.0,3684.0,-0.0103,-13.0,-11.12,34.24,-13.5,107.99,-0.884,-1.942,3.39,33
2026-10-06 15:36:29,3609.0,3684.0,-0.0103,-13.0,-11.12,34.24,-13.5,107.99,-0.884,-1.942,3.39,33
2026-10-06 15:36:29,3613.0,3685.0,-0.0099,-12.64,-11.12,34.24,-13.5,107.99,-0.884,-1.942,3.39,33
2026-10-06 15:36:29,3613.0,3685.0,-0.0099,-12.64,-10.74,33.5,-13.41,107.77,-0.884,-1.942,3.39,33
2026-10-06 15:36:29,3613.0,3685.0,-0.0099,-12.64,-10.74,33.5,-13.41,107.77,-1.041,-2.476,-5.262,33
2026-10-06 15:36:29,3613.0,3685.0,-0.0099,-12.64,-10.74,33.5,-13.41,107.77,-1.041,-2.476,6.881,26
2026-10-06 15:36:29,3613.0,3685.0,-0.0099,-12.64,-10.74,33.5,-13.41,107.77,-1.041,-2.476,6.881,26
2026-10-06 15:36:29,3613.0,3685.0,-0.0099,-12.64,-10.74,33.5,-13.41,107.77,-1.041,-2.476,6.881,26
2026-10-06 15:36:29,3623.0,3685.0,-0.0085,-11.47,-10.74,33.5,-13.41,107.77,-1.041,-2.476,6.881,26
2026-10-06 15:36:29,3623.0,3685.0,-0.0085,-11.47,-10.83,32.48,-13.6,108.44,-1.041,-2.476,6.881,26
2026-10-06 15:36:29,3623.0,3685.0,-0.0085,-11.47,-10.83,32.48,-13.6,108.44,-1.138,-2.179,-3.994,26
2026-10-06 15:36:29,3623.0,3685.0,-0.0085,-11.47,-10.83,32.48,-13.6,108.44,-1.138,-2.179,2.296,37
2026-10-06 15:36:29,3623.0,3685.0,-0.0085,-11.47,-10.83,32.48,-13.6,108.44,-1.138,-2.179,2.296,37
2026-10-06 15:36:29,3623.0,3685.0,-0.0085,-11.47,-10.83,32.48,-13.6,108.44,-1.138,-2.179,2.296,37
2026-10-06 15:36:29,3625.0,3687.0,-0.0085,-11.0,-10.83,32.48,-13.6,108.44,-1.138,-2.179,2.296,37
2026-10-06 15:36:29,3625.0,3687.0,-0.0085,-11.0,-11.7,32.24,-13.73,109.94,-1.138,-2.179,2.296,37
2026-10-06 15:36:29,3625.0,3687.0,-0.0085,-11.0,-11.7,32.24,-13.73,109.94,-0.665,-2.572,-2.795,37
2026-10-06 15:36:29,3632.0,3686.0,-0.0074,-10.33,-11.7,32.24,-13.73,109.94,-0.665,-2.572,-2.795,37
2026-10-06 15:36:29,3632.0,3686.0,-0.0074,-10.33,-11.95,31.98,-14.02,110.49,-0.665,-2.572,-2.795,37
2026-10-06 15:36:29,3632.0,3686.0,-0.0074,-10.33,-11.95,31.98,-14.02,110.49,0.026,-2.599,-8.736,37
2026-10-06 15:36:30,3632.0,3686.0,-0.0074,-10.33,-11.95,31.98,-14.02,110.49,0.026,-2.599,8.062,25
2026-10-06 15:36:30,3632.0,3686.0,-0.0074,-10.33,-11.95,31.98,-14.02,110.49,0.026,-2.599,8.062,25
2026-10-06 15:36:30,3632.0,3686.0,-0.0074,-10.33,-11.95,31.98,-14.02,110.49,0.026,-2.599,8.062,25
2026-10-06 15:36:30,3639.0,3687.0,-0.0066,-9.05,-11.95,31.98,-14.02,110.49,0.026,-2.599,8.062,25
2026-10-06 15:36:30,3639.0,3687.0,-0.0066,-9.05,-11.81,30.5,-14.34,111.17,0.026,-2.599,8.062,25
2026-10-06 15:36:30,3639.0,3687.0,-0.0066,-9.05,-11.81,30.5,-14.34,111.17,-0.149,-2.634,-8.544,25
2026-10-06 15:36:30,3639.0,3687.0,-0.0066,-9.05,-11.81,30.5,-14.34,111.17,-0.149,-2.634,6.356,28
2026-10-06 15:36:30,3639.0,3687.0,-0.0066,-9.05,-11.81,30.5,-14.34,111.17,-0.149,-2.634,6.356,28
2026-10-06 15:36:30,3639.0,3687.0,-0.0066,-9.05,-11.81,30.5,-14.34,111.17,-0.149,-2.634,6.356,28
2026-10-06 15:36:30,3648.0,3688.0,-0.0055,-7.15,-11.81,30.5,-14.34,111.17,-0.149,-2.634,6.356,28
2026-10-06 15:36:30,3648.0,3688.0,-0.0055,-7.15,-11.94,29.6,-14.4,111.96,-0.149,-2.634,6.356,28
2026-10-06 15:36:30,3648.0,3688.0,-0.0055,-7.15,-11.94,29.6,-14.4,111.96,-0.507,-2.328,-7.249,28
2026-10-06 15:36:30,3648.0,3688.0,-0.0055,-7.15,-11.94,29.6,-14.4,111.96,-0.507,-2.328,2.244,35
2026-10-06 15:36:30,3648.0,3688.0,-0.0055,-7.15,-11.94,29.6,-14.4,111.96,-0.507,-2.328,2.244,35
2026-10-06 15:36:30,3648.0,3688.0,-0.0055,-7.15,-11.94,29.6,-14.4,111.96,-0.507,-2.328,2.244,35
2026-10-06 15:36:30,3655.0,3687.0,-0.0044,-5.66,-11.94,29.6,-14.4,111.96,-0.507,-2.328,2.244,35
2026-10-06 15:36:30,3655.0,3687.0,-0.0044,-5.66,-12.7,28.75,-14.59,113.84,-0.507,-2.328,2.244,35
2026-10-06 15:36:30,3655.0,3687.0,-0.0044,-5.66,-12.7,28.75,-14.59,113.84,-0.936,-2.424,-5.254,35
2026-10-06 15:36:30,3655.0,3687.0,-0.0044,-5.66,-12.7,28.75,-14.59,113.84,-0.936,-2.424,7.091,25
2026-10-06 15:36:30,3655.0,3687.0,-0.0044,-5.66,-12.7,28.75,-14.59,113.84,-0.936,-2.424,7.091,25
2026-10-06 15:36:30,3655.0,3687.0,-0.0044,-5.66,-12.7,28.75,-14.59,113.84,-0.936,-2.424,7.091,25
2026-10-06 15:36:30,3658.0,3686.0,-0.0038,-4.72,-12.7,28.75,-14.59,113.84,-0.936,-2.424,7.091,25
2026-10-06 15:36:30,3658.0,3686.0,-0.0038,-4.72,-12.69,28.42,-15.07,114.06,-0.936,-2.424,7.091,25
2026-10-06 15:36:30,3658.0,3686.0,-0.0038,-4.72,-12.69,28.42,-15.07,114.06,-0.805,-2.301,-6.776,25
2026-10-06 15:36:30,3669.0,3686.0,-0.0023,-3.28,-12.69,28.42,-15.07,114.06,-0.805,-2.301,-6.776,25
2026-10-06 15:36:30,3669.0,3686.0,-0.0023,-3.28,-13.01,26.34,-15.65,116.29,-0.805,-2.301,-6.776,25
2026-10-06 15:36:30,3669.0,3686.0,-0.0023,-3.28,-13.01,26.34,-15.65,116.29,0.14,-2.371,-10.801,25
2026-10-06 15:36:30,3669.0,3686.0,-0.0023,-3.28,-13.01,26.34,-15.65,116.29,0.14,-2.371,8.946,17
2026-10-06 15:36:30,3669.0,3686.0,-0.0023,-3.28,-13.01,26.34,-15.65,116.29,0.14,-2.371,8.946,17
2026-10-06 15:36:31,3669.0,3686.0,-0.0023,-3.28,-13.01,26.34,-15.65,116.29,0.14,-2.371,8.946,17
2026-10-06 15:36:31,3677.0,3700.0,-0.0031,-3.94,-13.01,26.34,-15.65,116.29,0.14,-2.371,8.946,17
2026-10-06 15:36:31,3677.0,3700.0,-0.0031,-3.94,-13.46,25.9,-15.94,117.45,0.14,-2.371,8.946,17
2026-10-06 15:36:31,3677.0,3700.0,-0.0031,-3.94,-13.46,25.9,-15.94,117.45,-1.304,-2.118,-0.205,17
2026-10-06 15:36:31,3677.0,3700.0,-0.0031,-3.94,-13.46,25.9,-15.94,117.45,-1.304,-2.118,0.082,35
2026-10-06 15:36:31,3677.0,3700.0,-0.0031,-3.94,-13.46,25.9,-15.94,117.45,-1.304,-2.118,0.082,35
2026-10-06 15:36:31,3677.0,3700.0,-0.0031,-3.94,-13.46,25.9,-15.94,117.45,-1.304,-2.118,0.082,35
2026-10-06 15:36:31,3685.0,3724.0,-0.0053,-5.32,-13.46,25.9,-15.94,117.45,-1.304,-2.118,0.082,35
2026-10-06 15:36:31,3685.0,3724.0,-0.0053,-5.32,-13.49,25.97,-15.66,117.45,-1.304,-2.118,0.082,35
2026-10-06 15:36:31,3685.0,3724.0,-0.0053,-5.32,-13.49,25.97,-15.66,117.45,-1.225,-2.205,-0.004,35
2026-10-06 15:36:31,3685.0,3724.0,-0.0053,-5.32,-13.49,25.97,-15.66,117.45,-1.225,-2.205,0.249,36
2026-10-06 15:36:31,3685.0,3724.0,-0.0053,-5.32,-13.49,25.97,-15.66,117.45,-1.225,-2.205,0.249,36
2026-10-06 15:36:31,3685.0,3724.0,-0.0053,-5.32,-13.49,25.97,-15.66,117.45,-1.225,-2.205,0.249,36
2026-10-06 15:36:31,3697.0,3741.0,-0.0059,-5.1,-13.49,25.97,-15.66,117.45,-1.225,-2.205,0.249,36
2026-10-06 15:36:31,3697.0,3741.0,-0.0059,-5.1,-13.71,26.02,-16.02,117.79,-1.225,-2.205,0.249,36
2026-10-06 15:36:31,3697.0,3741.0,-0.0059,-5.1,-13.71,26.02,-16.02,117.79,-0.98,-2.494,0.224,36
2026-10-06 15:36:31,3697.0,3741.0,-0.0059,-5.1,-13.71,26.02,-16.02,117.79,-0.98,-2.494,-0.075,38
2026-10-06 15:36:31,3697.0,3741.0,-0.0059,-5.1,-13.71,26.02,-16.02,117.79,-0.98,-2.494,-0.075,38
2026-10-06 15:36:31,3697.0,3741.0,-0.0059,-5.1,-13.71,26.02,-16.02,117.79,-0.98,-2.494,-0.075,38
2026-10-06 15:36:31,3709.0,3758.0,-0.0066,-5.65,-13.71,26.02,-16.02,117.79,-0.98,-2.494,-0.075,38
2026-10-06 15:36:31,3709.0,3758.0,-0.0066,-5.65,-13.36,25.76,-15.87,117.41,-0.98,-2.494,-0.075,38
2026-10-06 15:36:31,3709.0,3758.0,-0.0066,-5.65,-13.36,25.76,-15.87,117.41,-1.094,-2.214,0.031,38
2026-10-06 15:36:32,3709.0,3758.0,-0.0066,-5.63,-13.36,25.76,-15.87,117.41,-1.094,-2.214,0.031,38
2026-10-06 15:36:32,3709.0,3758.0,-0.0066,-5.63,-13.23,25.78,-15.66,117.17,-1.094,-2.214,0.031,38
2026-10-06 15:36:32,3709.0,3758.0,-0.0066,-5.63,-13.23,25.78,-15.66,117.17,-1.216,-2.188,0.023,38
2026-10-06 15:36:32,3709.0,3758.0,-0.0066,-5.63,-13.23,25.78,-15.66,117.17,-1.216,-2.188,-0.031,40
2026-10-06 15:36:32,3709.0,3758.0,-0.0066,-5.63,-13.23,25.78,-15.66,117.17,-1.216,-2.188,-0.031,40
2026-10-06 15:36:32,3709.0,3758.0,-0.0066,-5.63,-13.23,25.78,-15.66,117.17,-1.216,-2.188,-0.031,40
2026-10-06 15:36:32,3710.0,3758.0,-0.0064,-5.53,-13.23,25.78,-15.66,117.17,-1.216,-2.188,-0.031,40
2026-10-06 15:36:32,3710.0,3758.0,-0.0064,-5.53,-13.3,25.87,-15.6,117.2,-1.216,-2.188,-0.031,40
2026-10-06 15:36:32,3710.0,3758.0,-0.0064,-5.53,-13.3,25.87,-15.6,117.2,-1.085,-2.476,0.145,40
2026-10-06 15:36:32,3710.0,3758.0,-0.0064,-5.53,-13.3,25.87,-15.6,117.2,-1.085,-2.476,0.196,40
2026-10-06 15:36:32,3710.0,3758.0,-0.0064,-5.53,-13.3,25.87,-15.6,117.2,-1.085,-2.476,0.196,40
2026-10-06 15:36:32,3710.0,3758.0,-0.0064,-5.53,-13.3,25.87,-15.6,117.2,-1.085,-2.476,0.196,40
2026-10-06 15:36:32,3710.0,3756.0,-0.0062,-5.83,-13.3,25.87,-15.6,117.2,-1.085,-2.476,0.196,40
2026-10-06 15:36:32,3710.0,3756.0,-0.0062,-5.83,-13.98,25.81,-15.95,118.45,-1.085,-2.476,0.196,40
2026-10-06 15:36:32,3710.0,3756.0,-0.0062,-5.83,-13.98,25.81,-15.95,118.45,-1.225,-2.223,-0.135,40
2026-10-06 15:36:32,3710.0,3756.0,-0.0062,-5.83,-13.98,25.81,-15.95,118.45,-1.225,-2.223,0.082,40
2026-10-06 15:36:32,3710.0,3756.0,-0.0062,-5.83,-13.98,25.81,-15.95,118.45,-1.225,-2.223,0.082,40
2026-10-06 15:36:32,3710.0,3756.0,-0.0062,-5.83,-13.98,25.81,-15.95,118.45,-1.225,-2.223,0.082,40
2026-10-06 15:36:32,3709.0,3754.0,-0.006,-5.36,-13.98,25.81,-15.95,118.45,-1.225,-2.223,0.082,40
2026-10-06 15:36:32,3709.0,3754.0,-0.006,-5.36,-14.11,25.81,-15.97,118.67,-1.225,-2.223,0.082,40
2026-10-06 15:36:32,3709.0,3754.0,-0.006,-5.36,-14.11,25.81,-15.97,118.67,-1.181,-2.494,-0.214,40
2026-10-06 15:36:32,3709.0,3754.0,-0.006,-5.36,-14.11,25.81,-15.97,118.67,-1.181,-2.494,0.126,40
2026-10-06 15:36:32,3709.0,3754.0,-0.006,-5.36,-14.11,25.81,-15.97,118.67,-1.181,-2.494,0.126,40
2026-10-06 15:36:32,3709.0,3754.0,-0.006,-5.36,-14.11,25.81,-15.97,118.67,-1.181,-2.494,0.126,40
2026-10-06 15:36:32,3706.0,3750.0,-0.0059,-5.56,-14.11,25.81,-15.97,118.67,-1.181,-2.494,0.126,40
2026-10-06 15:36:32,3706.0,3750.0,-0.0059,-5.56,-13.65,25.94,-16.0,117.75,-1.181,-2.494,0.126,40
2026-10-06 15:36:32,3706.0,3750.0,-0.0059,-5.56,-13.65,25.94,-16.0,117.75,-1.26,-2.266,0.075,40
2026-10-06 15:36:32,3705.0,3750.0,-0.006,-5.49,-13.65,25.94,-16.0,117.75,-1.26,-2.266,0.075,40
2026-10-06 15:36:32,3705.0,3750.0,-0.006,-5.49,-13.46,25.82,-15.52,117.52,-1.26,-2.266,0.075,40
2026-10-06 15:36:32,3705.0,3750.0,-0.006,-5.49,-13.46,25.82,-15.52,117.52,-1.164,-2.406,-0.117,40
2026-10-06 15:36:33,3705.0,3750.0,-0.006,-5.49,-13.46,25.82,-15.52,117.52,-1.164,-2.406,0.319,40
2026-10-06 15:36:33,3705.0,3750.0,-0.006,-5.49,-13.46,25.82,-15.52,117.52,-1.164,-2.406,0.319,40
2026-10-06 15:36:33,3705.0,3750.0,-0.006,-5.49,-13.46,25.82,-15.52,117.52,-1.164,-2.406,0.319,40
2026-10-06 15:36:33,3705.0,3744.0,-0.0052,-4.9,-13.46,25.82,-15.52,117.52,-1.164,-2.406,0.319,40
2026-10-06 15:36:33,3705.0,3744.0,-0.0052,-4.9,-13.78,25.65,-15.76,118.24,-1.164,-2.406,0.319,40
2026-10-06 15:36:33,3705.0,3744.0,-0.0052,-4.9,-13.78,25.65,-15.76,118.24,-1.164,-2.188,-0.275,40
2026-10-06 15:36:33,3705.0,3744.0,-0.0052,-4.9,-13.78,25.65,-15.76,118.24,-1.164,-2.188,0.231,40
2026-10-06 15:36:33,3705.0,3744.0,-0.0052,-4.9,-13.78,25.65,-15.76,118.24,-1.164,-2.188,0.231,40
2026-10-06 15:36:33,3705.0,3744.0,-0.0052,-4.9,-13.78,25.65,-15.76,118.24,-1.164,-2.188,0.231,40
2026-10-06 15:36:33,3704.0,3748.0,-0.0059,-4.91,-13.78,25.65,-15.76,118.24,-1.164,-2.188,0.231,40
2026-10-06 15:36:33,3704.0,3748.0,-0.0059,-4.91,-14.27,25.74,-15.87,119.0,-1.164,-2.188,0.231,40
2026-10-06 15:36:33,3704.0,3748.0,-0.0059,-4.91,-14.27,25.74,-15.87,119.0,-1.461,-2.231,0.066,40
2026-10-06 15:36:33,3704.0,3748.0,-0.0059,-4.91,-14.27,25.74,-15.87,119.0,-1.461,-2.231,-0.32,40
2026-10-06 15:36:33,3704.0,3748.0,-0.0059,-4.91,-14.27,25.74,-15.87,119.0,-1.461,-2.231,-0.32,40
2026-10-06 15:36:33,3704.0,3748.0,-0.0059,-4.91,-14.27,25.74,-15.87,119.0,-1.461,-2.231,-0.32,40
2026-10-06 15:36:33,3706.0,3745.0,-0.0052,-5.12,-14.27,25.74,-15.87,119.0,-1.461,-2.231,-0.32,40
2026-10-06 15:36:33,3706.0,3745.0,-0.0052,-5.12,-13.78,25.71,-15.95,118.18,-1.461,-2.231,-0.32,40
2026-10-06 15:36:33,3706.0,3745.0,-0.0052,-5.12,-13.78,25.71,-15.95,118.18,-1.339,-2.223,0.066,40
2026-10-06 15:36:33,3706.0,3745.0,-0.0052,-5.12,-13.78,25.71,-15.95,118.18,-1.339,-2.223,0.17,40
2026-10-06 15:36:33,3706.0,3745.0,-0.0052,-5.12,-13.78,25.71,-15.95,118.18,-1.339,-2.223,0.17,40
2026-10-06 15:36:33,3706.0,3745.0,-0.0052,-5.12,-13.78,25.71,-15.95,118.18,-1.339,-2.223,0.17,40
2026-10-06 15:36:33,3706.0,3744.0,-0.0051,-5.25,-13.78,25.71,-15.95,118.18,-1.339,-2.223,0.17,40
2026-10-06 15:36:33,3706.0,3744.0,-0.0051,-5.25,-13.31,25.55,-15.73,117.52,-1.339,-2.223,0.17,40
2026-10-06 15:36:33,3706.0,3744.0,-0.0051,-5.25,-13.31,25.55,-15.73,117.52,-1.173,-2.354,-0.039,40
2026-10-06 15:36:33,3706.0,3748.0,-0.0056,-4.99,-13.31,25.55,-15.73,117.52,-1.173,-2.354,-0.039,40
2026-10-06 15:36:33,3706.0,3748.0,-0.0056,-4.99,-13.5,25.66,-15.49,117.75,-1.173,-2.354,-0.039,40
2026-10-06 15:36:33,3706.0,3748.0,-0.0056,-4.99,-13.5,25.66,-15.49,117.75,-1.181,-2.231,-0.047,40
2026-10-06 15:36:33,3706.0,3748.0,-0.0056,-4.99,-13.5,25.66,-15.49,117.75,-1.181,-2.231,-0.023,40
2026-10-06 15:36:34,3706.0,3748.0,-0.0056,-4.99,-13.5,25.66,-15.49,117.75,-1.181,-2.231,-0.023,40
2026-10-06 15:36:34,3706.0,3748.0,-0.0056,-4.99,-13.5,25.66,-15.49,117.75,-1.181,-2.231,-0.023,40
2026-10-06 15:36:34,3706.0,3748.0,-0.0056,-5.16,-13.5,25.66,-15.49,117.75,-1.181,-2.231,-0.023,40
2026-10-06 15:36:34,3706.0,3748.0,-0.0056,-5.16,-13.57,25.58,-15.44,117.94,-1.181,-2.231,-0.023,40
2026-10-06 15:36:34,3706.0,3748.0,-0.0056,-5.16,-13.57,25.58,-15.44,117.94,-1.391,-2.179,-0.091,40
2026-10-06 15:36:34,3706.0,3748.0,-0.0056,-5.16,-13.57,25.58,-15.44,117.94,-1.391,-2.179,0.091,40
2026-10-06 15:36:34,3706.0,3748.0,-0.0056,-5.16,-13.57,25.58,-15.44,117.94,-1.391,-2.179,0.091,40
2026-10-06 15:36:34,3706.0,3748.0,-0.0056,-5.16,-13.57,25.58,-15.44,117.94,-1.391,-2.179,0.091,40
2026-10-06 15:36:34,3705.0,3747.0,-0.0056,-4.72,-13.57,25.58,-15.44,117.94,-1.391,-2.179,0.091,40
2026-10-06 15:36:34,3705.0,3747.0,-0.0056,-4.72,-13.74,25.52,-15.71,118.31,-1.391,-2.179,0.091,40
2026-10-06 15:36:34,3705.0,3747.0,-0.0056,-4.72,-13.74,25.52,-15.71,118.31,-1.076,-1.96,-0.135,40
2026-10-06 15:36:34,3705.0,3747.0,-0.0056,-4.72,-13.74,25.52,-15.71,118.31,-1.076,-1.96,0.117,40
2026-10-06 15:36:34,3705.0,3747.0,-0.0056,-4.72,-13.74,25.52,-15.71,118.31,-1.076,-1.96,0.117,40
2026-10-06 15:36:34,3705.0,3747.0,-0.0056,-4.72,-13.74,25.52,-15.71,118.31,-1.076,-1.96,0.117,40
2026-10-06 15:36:34,3707.0,3748.0,-0.0055,-4.97,-13.74,25.52,-15.71,118.31,-1.076,-1.96,0.117,40
2026-10-06 15:36:34,3707.0,3748.0,-0.0055,-4.97,-13.97,25.63,-16.13,118.59,-1.076,-1.96,0.117,40
2026-10-06 15:36:34,3707.0,3748.0,-0.0055,-4.97,-13.97,25.63,-16.13,118.59,-1.138,-2.31,0.093,40
2026-10-06 15:36:34,3707.0,3748.0,-0.0055,-4.97,-13.97,25.63,-16.13,118.59,-1.138,-2.31,-0.128,40
2026-10-06 15:36:34,3707.0,3748.0,-0.0055,-4.97,-13.97,25.63,-16.13,118.59,-1.138,-2.31,-0.128,40
2026-10-06 15:36:34,3707.0,3748.0,-0.0055,-4.97,-13.97,25.63,-16.13,118.59,-1.138,-2.31,-0.128,40
2026-10-06 15:36:34,3709.0,3752.0,-0.0058,-5.1,-13.97,25.63,-16.13,118.59,-1.138,-2.31,-0.128,40
2026-10-06 15:36:34,3709.0,3752.0,-0.0058,-5.1,-13.66,25.63,-15.82,118.06,-1.138,-2.31,-0.128,40
2026-10-06 15:36:34,3709.0,3752.0,-0.0058,-5.1,-13.66,25.63,-15.82,118.06,-1.199,-2.24,-0.31,40
2026-10-06 15:36:35,3711.0,3756.0,-0.006,-4.81,-13.66,25.63,-15.82,118.06,-1.199,-2.24,-0.31,40
2026-10-06 15:36:35,3711.0,3756.0,-0.006,-4.81,-13.47,25.55,-15.6,117.8,-1.199,-2.24,-0.31,40
2026-10-06 15:36:35,3711.0,3756.0,-0.006,-4.81,-13.47,25.55,-15.6,117.8,-0.928,-2.52,0.11,40
2026-10-06 15:36:35,3711.0,3756.0,-0.006,-4.81,-13.47,25.55,-15.6,117.8,-0.928,-2.52,-0.023,40
2026-10-06 15:36:35,3711.0,3756.0,-0.006,-4.81,-13.47,25.55,-15.6,117.8,-0.928,-2.52,-0.023,40
2026-10-06 15:36:35,3711.0,3756.0,-0.006,-4.81,-13.47,25.55,-15.6,117.8,-0.928,-2.52,-0.023,40
2026-10-06 15:36:35,3711.0,3757.0,-0.0062,-5.47,-13.47,25.55,-15.6,117.8,-0.928,-2.52,-0.023,40
2026-10-06 15:36:35,3711.0,3757.0,-0.0062,-5.47,-13.44,25.55,-15.78,117.74,-0.928,-2.52,-0.023,40
2026-10-06 15:36:35,3711.0,3757.0,-0.0062,-5.47,-13.44,25.55,-15.78,117.74,-1.146,-2.17,0.005,40
2026-10-06 15:36:35,3711.0,3757.0,-0.0062,-5.47,-13.44,25.55,-15.78,117.74,-1.146,-2.17,0.1,40
2026-10-06 15:36:35,3711.0,3757.0,-0.0062,-5.47,-13.44,25.55,-15.78,117.74,-1.146,-2.17,0.1,40
2026-10-06 15:36:35,3711.0,3757.0,-0.0062,-5.47,-13.44,25.55,-15.78,117.74,-1.146,-2.17,0.1,40
2026-10-06 15:36:35,3712.0,3757.0,-0.006,-5.27,-13.44,25.55,-15.78,117.74,-1.146,-2.17,0.1,40
2026-10-06 15:36:35,3712.0,3757.0,-0.006,-5.27,-13.68,25.55,-15.97,118.16,-1.146,-2.17,0.1,40
2026-10-06 15:36:35,3712.0,3757.0,-0.006,-5.27,-13.68,25.55,-15.97,118.16,-1.05,-2.074,-0.231,40
2026-10-06 15:36:35,3712.0,3757.0,-0.006,-5.27,-13.68,25.55,-15.97,118.16,-1.05,-2.074,0.179,40
2026-10-06 15:36:35,3712.0,3757.0,-0.006,-5.27,-13.68,25.55,-15.97,118.16,-1.05,-2.074,0.179,40
2026-10-06 15:36:35,3712.0,3757.0,-0.006,-5.27,-13.68,25.55,-15.97,118.16,-1.05,-2.074,0.179,40
2026-10-06 15:36:35,3714.0,3758.0,-0.0059,-5.29,-13.68,25.55,-15.97,118.16,-1.05,-2.074,0.179,40
2026-10-06 15:36:35,3714.0,3758.0,-0.0059,-5.29,-13.71,25.63,-16.14,118.14,-1.05,-2.074,0.179,40
2026-10-06 15:36:35,3714.0,3758.0,-0.0059,-5.29,-13.71,25.63,-16.14,118.14,-1.155,-2.144,-0.94,40
2026-10-06 15:36:35,3714.0,3758.0,-0.0059,-5.29,-13.71,25.63,-16.14,118.14,-1.155,-2.144,0.607,40
2026-10-06 15:36:35,3714.0,3758.0,-0.0059,-5.29,-13.71,25.63,-16.14,118.14,-1.155,-2.144,0.607,40
2026-10-06 15:36:35,3714.0,3758.0,-0.0059,-5.29,-13.71,25.63,-16.14,118.14,-1.155,-2.144,0.607,40
2026-10-06 15:36:35,3714.0,3756.0,-0.0056,-4.9,-13.71,25.63,-16.14,118.14,-1.155,-2.144,0.607,40
2026-10-06 15:36:35,3714.0,3756.0,-0.0056,-4.9,-13.49,25.82,-16.0,117.58,-1.155,-2.144,0.607,40
2026-10-06 15:36:35,3714.0,3756.0,-0.0056,-4.9,-13.49,25.82,-16.0,117.58,-1.234,-2.319,0.101,40
2026-10-06 15:36:35,3712.0,3757.0,-0.006,-4.89,-13.49,25.82,-16.0,117.58,-1.234,-2.319,0.101,40
2026-10-06 15:36:35,3712.0,3757.0,-0.006,-4.89,-13.31,25.82,-15.84,117.27,-1.234,-2.319,0.101,40
2026-10-06 15:36:35,3712.0,3757.0,-0.006,-4.89,-13.31,25.82,-15.84,117.27,-1.278,-2.021,-0.126,40
2026-10-06 15:36:36,3712.0,3757.0,-0.006,-4.89,-13.31,25.82,-15.84,117.27,-1.278,-2.021,-0.101,40
2026-10-06 15:36:36,3712.0,3757.0,-0.006,-4.89,-13.31,25.82,-15.84,117.27,-1.278,-2.021,-0.101,40
2026-10-06 15:36:36,3712.0,3757.0,-0.006,-4.89,-13.31,25.82,-15.84,117.27,-1.278,-2.021,-0.101,40
2026-10-06 15:36:36,3714.0,3757.0,-0.0058,-5.14,-13.31,25.82,-15.84,117.27,-1.278,-2.021,-0.101,40
2026-10-06 15:36:36,3714.0,3757.0,-0.0058,-5.14,-13.47,25.82,-16.16,117.55,-1.278,-2.021,-0.101,40
2026-10-06 15:36:36,3714.0,3757.0,-0.0058,-5.14,-13.47,25.82,-16.16,117.55,-1.278,-2.039,0.145,40
2026-10-06 15:36:36,3714.0,3757.0,-0.0058,-5.14,-13.47,25.82,-16.16,117.55,-1.278,-2.039,0.966,40
2026-10-06 15:36:36,3714.0,3757.0,-0.0058,-5.14,-13.47,25.82,-16.16,117.55,-1.278,-2.039,0.966,40
2026-10-06 15:36:36,3714.0,3757.0,-0.0058,-5.14,-13.47,25.82,-16.16,117.55,-1.278,-2.039,0.966,40
2026-10-06 15:36:36,3716.0,3757.0,-0.0055,-4.86,-13.47,25.82,-16.16,117.55,-1.278,-2.039,0.966,40
2026-10-06 15:36:36,3716.0,3757.0,-0.0055,-4.86,-13.98,25.92,-16.37,118.35,-1.278,-2.039,0.966,40
2026-10-06 15:36:36,3716.0,3757.0,-0.0055,-4.86,-13.98,25.92,-16.37,118.35,-0.91,-2.581,-0.581,40
2026-10-06 15:36:36,3716.0,3757.0,-0.0055,-4.86,-13.98,25.92,-16.37,118.35,-0.91,-2.581,0.756,40
2026-10-06 15:36:36,3716.0,3757.0,-0.0055,-4.86,-13.98,25.92,-16.37,118.35,-0.91,-2.581,0.756,40
2026-10-06 15:36:36,3716.0,3757.0,-0.0055,-4.86,-13.98,25.92,-16.37,118.35,-0.91,-2.581,0.756,40
2026-10-06 15:36:36,3718.0,3757.0,-0.0052,-4.74,-13.98,25.92,-16.37,118.35,-0.91,-2.581,0.756,40
2026-10-06 15:36:36,3718.0,3757.0,-0.0052,-4.74,-13.78,25.9,-16.66,118.0,-0.91,-2.581,0.756,40
2026-10-06 15:36:36,3718.0,3757.0,-0.0052,-4.74,-13.78,25.9,-16.66,118.0,-1.085,-1.96,-1.01,40
2026-10-06 15:36:36,3718.0,3757.0,-0.0052,-4.74,-13.78,25.9,-16.66,118.0,-1.085,-1.96,1.535,40
2026-10-06 15:36:36,3718.0,3757.0,-0.0052,-4.74,-13.78,25.9,-16.66,118.0,-1.085,-1.96,1.535,40
2026-10-06 15:36:36,3718.0,3757.0,-0.0052,-4.74,-13.78,25.9,-16.66,118.0,-1.085,-1.96,1.535,40
2026-10-06 15:36:36,3718.0,3757.0,-0.0052,-4.5,-13.78,25.9,-16.66,118.0,-1.085,-1.96,1.535,40
2026-10-06 15:36:36,3718.0,3757.0,-0.0052,-4.5,-13.26,25.6,-16.19,117.39,-1.085,-1.96,1.535,40
2026-10-06 15:36:36,3718.0,3757.0,-0.0052,-4.5,-13.26,25.6,-16.19,117.39,-1.304,-1.951,-0.774,40
2026-10-06 15:36:36,3718.0,3757.0,-0.0052,-4.07,-13.26,25.6,-16.19,117.39,-1.304,-1.951,-0.774,40
2026-10-06 15:36:36,3718.0,3757.0,-0.0052,-4.07,-13.2,25.49,-16.35,117.38,-1.304,-1.951,-0.774,40
2026-10-06 15:36:36,3718.0,3757.0,-0.0052,-4.07,-13.2,25.49,-16.35,117.38,-0.875,-2.257,-0.152,40
2026-10-06 15:36:36,3718.0,3757.0,-0.0052,-4.07,-13.2,25.49,-16.35,117.38,-0.875,-2.257,1.036,40
2026-10-06 15:36:37,3718.0,3757.0,-0.0052,-4.07,-13.2,25.49,-16.35,117.38,-0.875,-2.257,1.036,40
2026-10-06 15:36:37,3718.0,3757.0,-0.0052,-4.07,-13.2,25.49,-16.35,117.38,-0.875,-2.257,1.036,40
2026-10-06 15:36:37,3721.0,3757.0,-0.0048,-4.09,-13.2,25.49,-16.35,117.38,-0.875,-2.257,1.036,40
2026-10-06 15:36:37,3721.0,3757.0,-0.0048,-4.09,-13.63,25.28,-16.5,118.34,-0.875,-2.257,1.036,40
2026-10-06 15:36:37,3721.0,3757.0,-0.0048,-4.09,-13.63,25.28,-16.5,118.34,-1.409,-2.59,-1.22,40
2026-10-06 15:36:37,3721.0,3757.0,-0.0048,-4.09,-13.63,25.28,-16.5,118.34,-1.409,-2.59,0.625,40
2026-10-06 15:36:37,3721.0,3757.0,-0.0048,-4.09,-13.63,25.28,-16.5,118.34,-1.409,-2.59,0.625,40
2026-10-06 15:36:37,3721.0,3757.0,-0.0048,-4.09,-13.63,25.28,-16.5,118.34,-1.409,-2.59,0.625,40
2026-10-06 15:36:37,3720.0,3756.0,-0.0048,-3.92,-13.63,25.28,-16.5,118.34,-1.409,-2.59,0.625,40
2026-10-06 15:36:37,3720.0,3756.0,-0.0048,-3.92,-13.73,25.1,-16.69,118.67,-1.409,-2.59,0.625,40
2026-10-06 15:36:37,3720.0,3756.0,-0.0048,-3.92,-13.73,25.1,-16.69,118.67,-0.709,-2.739,-3.626,40
2026-10-06 15:36:37,3720.0,3756.0,-0.0048,-3.92,-13.73,25.1,-16.69,118.67,-0.709,-2.739,3.6,40
2026-10-06 15:36:37,3720.0,3756.0,-0.0048,-3.92,-13.73,25.1,-16.69,118.67,-0.709,-2.739,3.6,40
2026-10-06 15:36:37,3720.0,3756.0,-0.0048,-3.92,-13.73,25.1,-16.69,118.67,-0.709,-2.739,3.6,40
2026-10-06 15:36:37,3725.0,3756.0,-0.0041,-3.21,-13.73,25.1,-16.69,118.67,-0.709,-2.739,3.6,40
2026-10-06 15:36:37,3725.0,3756.0,-0.0041,-3.21,-14.13,24.61,-16.94,119.86,-0.709,-2.739,3.6,40
2026-10-06 15:36:37,3725.0,3756.0,-0.0041,-3.21,-14.13,24.61,-16.94,119.86,-1.601,-3.342,-5.131,40
2026-10-06 15:36:37,3725.0,3756.0,-0.0041,-3.21,-14.13,24.61,-16.94,119.86,-1.601,-3.342,3.232,40
2026-10-06 15:36:37,3725.0,3756.0,-0.0041,-3.21,-14.13,24.61,-16.94,119.86,-1.601,-3.342,3.232,40
2026-10-06 15:36:37,3725.0,3756.0,-0.0041,-3.21,-14.13,24.61,-16.94,119.86,-1.601,-3.342,3.232,40
2026-10-06 15:36:37,3731.0,3755.0,-0.0032,-2.57,-14.13,24.61,-16.94,119.86,-1.601,-3.342,3.232,40
2026-10-06 15:36:37,3731.0,3755.0,-0.0032,-2.57,-13.86,24.11,-17.12,119.88,-1.601,-3.342,3.232,40
2026-10-06 15:36:37,3731.0,3755.0,-0.0032,-2.57,-13.86,24.11,-17.12,119.88,-0.822,-1.837,-4.125,40
2026-10-06 15:36:38,3735.0,3755.0,-0.0027,-2.36,-13.86,24.11,-17.12,119.88,-0.822,-1.837,-4.125,40
2026-10-06 15:36:38,3735.0,3755.0,-0.0027,-2.36,-13.73,23.44,-16.93,120.36,-0.822,-1.837,-4.125,40
2026-10-06 15:36:38,3735.0,3755.0,-0.0027,-2.36,-13.73,23.44,-16.93,120.36,-0.98,-2.818,-1.246,40
2026-10-06 15:36:38,3735.0,3755.0,-0.0027,-2.36,-13.73,23.44,-16.93,120.36,-0.98,-2.818,1.237,40
2026-10-06 15:36:38,3735.0,3755.0,-0.0027,-2.36,-13.73,23.44,-16.93,120.36,-0.98,-2.818,1.237,40
2026-10-06 15:36:38,3735.0,3755.0,-0.0027,-2.36,-13.73,23.44,-16.93,120.36,-0.98,-2.818,1.237,40
2026-10-06 15:36:38,3736.0,3755.0,-0.0025,-2.31,-13.73,23.44,-16.93,120.36,-0.98,-2.818,1.237,40
2026-10-06 15:36:38,3736.0,3755.0,-0.0025,-2.31,-14.26,23.15,-17.06,121.62,-0.98,-2.818,1.237,40
2026-10-06 15:36:38,3736.0,3755.0,-0.0025,-2.31,-14.26,23.15,-17.06,121.62,-1.619,-2.494,0.014,40
2026-10-06 15:36:38,3736.0,3755.0,-0.0025,-2.31,-14.26,23.15,-17.06,121.62,-1.619,-2.494,1.771,40
2026-10-06 15:36:38,3736.0,3755.0,-0.0025,-2.31,-14.26,23.15,-17.06,121.62,-1.619,-2.494,1.771,40
2026-10-06 15:36:38,3736.0,3755.0,-0.0025,-2.31,-14.26,23.15,-17.06,121.62,-1.619,-2.494,1.771,40
2026-10-06 15:36:38,3736.0,3755.0,-0.0025,-2.06,-14.26,23.15,-17.06,121.62,-1.619,-2.494,1.771,40
2026-10-06 15:36:38,3736.0,3755.0,-0.0025,-2.06,-14.61,23.06,-17.22,122.36,-1.619,-2.494,1.771,40
2026-10-06 15:36:38,3736.0,3755.0,-0.0025,-2.06,-14.61,23.06,-17.22,122.36,-0.919,-2.415,-2.716,40
2026-10-06 15:36:38,3736.0,3755.0,-0.0025,-2.06,-14.61,23.06,-17.22,122.36,-0.919,-2.415,5.157,40
2026-10-06 15:36:38,3736.0,3755.0,-0.0025,-2.06,-14.61,23.06,-17.22,122.36,-0.919,-2.415,5.157,40
2026-10-06 15:36:38,3736.0,3755.0,-0.0025,-2.06,-14.61,23.06,-17.22,122.36,-0.919,-2.415,5.157,40
2026-10-06 15:36:38,3739.0,3754.0,-0.002,-1.64,-14.61,23.06,-17.22,122.36,-0.919,-2.415,5.157,40
2026-10-06 15:36:38,3739.0,3754.0,-0.002,-1.64,-14.67,22.74,-17.3,122.83,-0.919,-2.415,5.157,40
2026-10-06 15:36:38,3739.0,3754.0,-0.002,-1.64,-14.67,22.74,-17.3,122.83,0.752,-2.31,-8.054,40
2026-10-06 15:36:38,3739.0,3754.0,-0.002,-1.64,-14.67,22.74,-17.3,122.83,0.752,-2.31,9.856,40
2026-10-06 15:36:38,3739.0,3754.0,-0.002,-1.64,-14.67,22.74,-17.3,122.83,0.752,-2.31,9.856,40
2026-10-06 15:36:38,3739.0,3754.0,-0.002,-1.64,-14.67,22.74,-17.3,122.83,0.752,-2.31,9.856,40
2026-10-06 15:36:38,3745.0,3750.0,-0.0007,-0.59,-14.67,22.74,-17.3,122.83,0.752,-2.31,9.856,40
2026-10-06 15:36:38,3745.0,3750.0,-0.0007,-0.59,-14.13,21.81,-17.54,122.94,0.752,-2.31,9.856,40
2026-10-06 15:36:38,3745.0,3750.0,-0.0007,-0.59,-14.13,21.81,-17.54,122.94,-0.341,-2.398,-11.352,40
2026-10-06 15:36:38,3753.0,3744.0,0.0012,0.95,-14.13,21.81,-17.54,122.94,-0.341,-2.398,-11.352,40
2026-10-06 15:36:39,3753.0,3744.0,0.0012,0.95,-14.24,19.46,-17.79,126.2,-0.341,-2.398,-11.352,40
2026-10-06 15:36:39,3753.0,3744.0,0.0012,0.95,-14.24,19.46,-17.79,126.2,-1.234,-3.001,-8.797,40
2026-10-06 15:36:39,3753.0,3744.0,0.0012,0.95,-14.24,19.46,-17.79,126.2,-1.234,-3.001,8.85,24
2026-10-06 15:36:39,3753.0,3744.0,0.0012,0.95,-14.24,19.46,-17.79,126.2,-1.234,-3.001,8.85,24
2026-10-06 15:36:39,3753.0,3744.0,0.0012,0.95,-14.24,19.46,-17.79,126.2,-1.234,-3.001,8.85,24
2026-10-06 15:36:39,3755.0,3740.0,0.002,1.84,-14.24,19.46,-17.79,126.2,-1.234,-3.001,8.85,24
2026-10-06 15:36:39,3755.0,3740.0,0.002,1.84,-14.29,18.26,-18.32,128.05,-1.234,-3.001,8.85,24
2026-10-06 15:36:39,3755.0,3740.0,0.002,1.84,-14.29,18.26,-18.32,128.05,-1.829,-2.686,-6.619,24
2026-10-06 15:36:39,3755.0,3740.0,0.002,1.84,-14.29,18.26,-18.32,128.05,-1.829,-2.686,6.041,26
2026-10-06 15:36:39,3755.0,3740.0,0.002,1.84,-14.29,18.26,-18.32,128.05,-1.829,-2.686,6.041,26
2026-10-06 15:36:39,3755.0,3740.0,0.002,1.84,-14.29,18.26,-18.32,128.05,-1.829,-2.686,6.041,26
2026-10-06 15:36:39,3758.0,3736.0,0.0029,2.67,-14.29,18.26,-18.32,128.05,-1.829,-2.686,6.041,26
2026-10-06 15:36:39,3758.0,3736.0,0.0029,2.67,-14.48,17.33,-18.27,129.88,-1.829,-2.686,6.041,26
2026-10-06 15:36:39,3758.0,3736.0,0.0029,2.67,-14.48,17.33,-18.27,129.88,-1.803,1.391,-4.764,26
2026-10-06 15:36:39,3758.0,3736.0,0.0029,2.67,-14.48,17.33,-18.27,129.88,-1.803,1.391,5.656,23
2026-10-06 15:36:39,3758.0,3736.0,0.0029,2.67,-14.48,17.33,-18.27,129.88,-1.803,1.391,5.656,23
2026-10-06 15:36:39,3758.0,3736.0,0.0029,2.67,-14.48,17.33,-18.27,129.88,-1.803,1.391,5.656,23
2026-10-06 15:36:39,3763.0,3733.0,0.004,3.3,-14.48,17.33,-18.27,129.88,-1.803,1.391,5.656,23
2026-10-06 15:36:39,3763.0,3733.0,0.004,3.3,-14.42,16.0,-18.86,132.02,-1.803,1.391,5.656,23
2026-10-06 15:36:39,3763.0,3733.0,0.004,3.3,-14.42,16.0,-18.86,132.02,1.759,-3.92,-6.645,23
2026-10-06 15:36:39,3763.0,3733.0,0.004,3.3,-14.42,16.0,-18.86,132.02,1.759,-3.92,5.621,19
2026-10-06 15:36:39,3763.0,3733.0,0.004,3.3,-14.42,16.0,-18.86,132.02,1.759,-3.92,5.621,19
2026-10-06 15:36:39,3763.0,3733.0,0.004,3.3,-14.42,16.0,-18.86,132.02,1.759,-3.92,5.621,19
2026-10-06 15:36:39,3766.0,3725.0,0.0055,4.0,-14.42,16.0,-18.86,132.02,1.759,-3.92,5.621,19
2026-10-06 15:36:39,3766.0,3725.0,0.0055,4.0,-14.42,15.33,-18.99,133.24,1.759,-3.92,5.621,19
2026-10-06 15:36:39,3766.0,3725.0,0.0055,4.0,-14.42,15.33,-18.99,133.24,0.437,-3.929,-5.166,19
2026-10-06 15:36:39,3767.0,3722.0,0.006,4.56,-14.42,15.33,-18.99,133.24,0.437,-3.929,-5.166,19
2026-10-06 15:36:39,3767.0,3722.0,0.006,4.56,-14.3,14.67,-19.09,134.27,0.437,-3.929,-5.166,19
2026-10-06 15:36:39,3767.0,3722.0,0.006,4.56,-14.3,14.67,-19.09,134.27,0.437,-2.03,-4.186,19
2026-10-06 15:36:39,3767.0,3722.0,0.006,4.56,-14.3,14.67,-19.09,134.27,0.437,-2.03,3.976,19
2026-10-06 15:36:40,3767.0,3722.0,0.006,4.56,-14.3,14.67,-19.09,134.27,0.437,-2.03,3.976,19
2026-10-06 15:36:40,3767.0,3722.0,0.006,4.56,-14.3,14.67,-19.09,134.27,0.437,-2.03,3.976,19
2026-10-06 15:36:40,3767.0,3716.0,0.0068,5.26,-14.3,14.67,-19.09,134.27,0.437,-2.03,3.976,19
2026-10-06 15:36:40,3767.0,3716.0,0.0068,5.26,-14.32,14.32,-19.12,135.0,0.437,-2.03,3.976,19
2026-10-06 15:36:40,3767.0,3716.0,0.0068,5.26,-14.32,14.32,-19.12,135.0,0.647,-2.914,-4.02,19
2026-10-06 15:36:40,3767.0,3716.0,0.0068,5.26,-14.32,14.32,-19.12,135.0,0.647,-2.914,1.797,21
2026-10-06 15:36:40,3767.0,3716.0,0.0068,5.26,-14.32,14.32,-19.12,135.0,0.647,-2.914,1.797,21
2026-10-06 15:36:40,3767.0,3716.0,0.0068,5.26,-14.32,14.32,-19.12,135.0,0.647,-2.914,1.797,21
2026-10-06 15:36:40,3769.0,3712.0,0.0076,6.26,-14.32,14.32,-19.12,135.0,0.647,-2.914,1.797,21
2026-10-06 15:36:40,3769.0,3712.0,0.0076,6.26,-14.3,13.46,-19.26,136.75,0.647,-2.914,1.797,21
2026-10-06 15:36:40,3769.0,3712.0,0.0076,6.26,-14.3,13.46,-19.26,136.75,1.024,0.201,-2.506,21
2026-10-06 15:36:40,3769.0,3712.0,0.0076,6.26,-14.3,13.46,-19.26,136.75,1.024,0.201,2.559,17
2026-10-06 15:36:40,3769.0,3712.0,0.0076,6.26,-14.3,13.46,-19.26,136.75,1.024,0.201,2.559,17
2026-10-06 15:36:40,3769.0,3712.0,0.0076,6.26,-14.3,13.46,-19.26,136.75,1.024,0.201,2.559,17
2026-10-06 15:36:40,3769.0,3710.0,0.0079,6.98,-14.3,13.46,-19.26,136.75,1.024,0.201,2.559,17
2026-10-06 15:36:40,3769.0,3710.0,0.0079,6.98,-14.26,13.07,-19.31,137.48,1.024,0.201,2.559,17
2026-10-06 15:36:40,3769.0,3710.0,0.0079,6.98,-14.26,13.07,-19.31,137.48,-1.654,-4.139,-2.147,17
2026-10-06 15:36:40,3769.0,3710.0,0.0079,6.98,-14.26,13.07,-19.31,137.48,-1.654,-4.139,0.389,19
2026-10-06 15:36:40,3769.0,3710.0,0.0079,6.98,-14.26,13.07,-19.31,137.48,-1.654,-4.139,0.389,19
2026-10-06 15:36:40,3769.0,3710.0,0.0079,6.98,-14.26,13.07,-19.31,137.48,-1.654,-4.139,0.389,19
2026-10-06 15:36:40,3769.0,3709.0,0.008,7.1,-14.26,13.07,-19.31,137.48,-1.654,-4.139,0.389,19
2026-10-06 15:36:40,3769.0,3709.0,0.008,7.1,-14.35,13.15,-19.42,137.5,-1.654,-4.139,0.389,19
2026-10-06 15:36:40,3769.0,3709.0,0.008,7.1,-14.35,13.15,-19.42,137.5,-3.22,-3.019,0.145,19
2026-10-06 15:36:41,3769.0,3708.0,0.0082,6.98,-14.35,13.15,-19.42,137.5,-3.22,-3.019,0.145,19
2026-10-06 15:36:41,3769.0,3708.0,0.0082,6.98,-14.18,12.88,-19.23,137.74,-3.22,-3.019,0.145,19
2026-10-06 15:36:41,3769.0,3708.0,0.0082,6.98,-14.18,12.88,-19.23,137.74,-2.467,-3.386,0.95,19
2026-10-06 15:36:41,3769.0,3708.0,0.0082,6.98,-14.18,12.88,-19.23,137.74,-2.467,-3.386,-0.25,18
2026-10-06 15:36:41,3769.0,3708.0,0.0082,6.98,-14.18,12.88,-19.23,137.74,-2.467,-3.386,-0.25,18
2026-10-06 15:36:41,3769.0,3708.0,0.0082,6.98,-14.18,12.88,-19.23,137.74,-2.467,-3.386,-0.25,18
2026-10-06 15:36:41,3769.0,3707.0,0.0083,7.29,-14.18,12.88,-19.23,137.74,-2.467,-3.386,-0.25,18
2026-10-06 15:36:41,3769.0,3707.0,0.0083,7.29,-14.13,12.78,-19.22,137.86,-2.467,-3.386,-0.25,18
2026-10-06 15:36:41,3769.0,3707.0,0.0083,7.29,-14.13,12.78,-19.22,137.86,-2.616,-3.027,0.941,18
2026-10-06 15:36:41,3769.0,3707.0,0.0083,7.29,-14.13,12.78,-19.22,137.86,-2.616,-3.027,0.8,14
2026-10-06 15:36:41,3769.0,3707.0,0.0083,7.29,-14.13,12.78,-19.22,137.86,-2.616,-3.027,0.8,14
2026-10-06 15:36:41,3769.0,3707.0,0.0083,7.29,-14.13,12.78,-19.22,137.86,-2.616,-3.027,0.8,14
2026-10-06 15:36:41,3770.0,3708.0,0.0083,6.83,-14.13,12.78,-19.22,137.86,-2.616,-3.027,0.8,14
2026-10-06 15:36:41,3770.0,3708.0,0.0083,6.83,-14.29,12.75,-19.22,138.25,-2.616,-3.027,0.8,14
2026-10-06 15:36:41,3770.0,3708.0,0.0083,6.83,-14.29,12.75,-19.22,138.25,-2.529,-1.811,0.941,14
2026-10-06 15:36:41,3770.0,3708.0,0.0083,6.83,-14.29,12.75,-19.22,138.25,-2.529,-1.811,-1.3,17
2026-10-06 15:36:41,3770.0,3708.0,0.0083,6.83,-14.29,12.75,-19.22,138.25,-2.529,-1.811,-1.3,17
2026-10-06 15:36:41,3770.0,3708.0,0.0083,6.83,-14.29,12.75,-19.22,138.25,-2.529,-1.811,-1.3,17
2026-10-06 15:36:41,3768.0,3709.0,0.0079,6.61,-14.29,12.75,-19.22,138.25,-2.529,-1.811,-1.3,17
2026-10-06 15:36:41,3768.0,3709.0,0.0079,6.61,-14.35,12.98,-19.36,137.88,-2.529,-1.811,-1.3,17
2026-10-06 15:36:41,3768.0,3709.0,0.0079,6.61,-14.35,12.98,-19.36,137.88,-0.892,-2.275,0.758,17
2026-10-06 15:36:41,3768.0,3709.0,0.0079,6.61,-14.35,12.98,-19.36,137.88,-0.892,-2.275,-0.696,14
2026-10-06 15:36:41,3768.0,3709.0,0.0079,6.61,-14.35,12.98,-19.36,137.88,-0.892,-2.275,-0.696,14
2026-10-06 15:36:41,3768.0,3709.0,0.0079,6.61,-14.35,12.98,-19.36,137.88,-0.892,-2.275,-0.696,14
2026-10-06 15:36:41,3768.0,3708.0,0.008,6.83,-14.35,12.98,-19.36,137.88,-0.892,-2.275,-0.696,14
2026-10-06 15:36:41,3768.0,3708.0,0.008,6.83,-14.32,13.31,-19.5,137.09,-0.892,-2.275,-0.696,14
2026-10-06 15:36:41,3768.0,3708.0,0.008,6.83,-14.32,13.31,-19.5,137.09,-0.647,-3.325,1.291,14
2026-10-06 15:36:41,3769.0,3711.0,0.0078,6.54,-14.32,13.31,-19.5,137.09,-0.647,-3.325,1.291,14
2026-10-06 15:36:41,3769.0,3711.0,0.0078,6.54,-14.32,13.47,-19.34,136.75,-0.647,-3.325,1.291,14
2026-10-06 15:36:41,3769.0,3711.0,0.0078,6.54,-14.32,13.47,-19.34,136.75,0.28,-2.328,0.626,14
2026-10-06 15:36:42,3769.0,3711.0,0.0078,6.54,-14.32,13.47,-19.34,136.75,0.28,-2.328,-1.055,13
2026-10-06 15:36:42,3769.0,3711.0,0.0078,6.54,-14.32,13.47,-19.34,136.75,0.28,-2.328,-1.055,13
2026-10-06 15:36:42,3769.0,3711.0,0.0078,6.54,-14.32,13.47,-19.34,136.75,0.28,-2.328,-1.055,13
2026-10-06 15:36:42,3770.0,3711.0,0.0079,6.38,-14.32,13.47,-19.34,136.75,0.28,-2.328,-1.055,13
2026-10-06 15:36:42,3770.0,3711.0,0.0079,6.38,-14.29,13.57,-19.36,136.48,0.28,-2.328,-1.055,13
2026-10-06 15:36:42,3770.0,3711.0,0.0079,6.38,-14.29,13.57,-19.36,136.48,-0.07,-2.249,0.88,13
2026-10-06 15:36:42,3770.0,3711.0,0.0079,6.38,-14.29,13.57,-19.36,136.48,-0.07,-2.249,-1.886,14
2026-10-06 15:36:42,3770.0,3711.0,0.0079,6.38,-14.29,13.57,-19.36,136.48,-0.07,-2.249,-1.886,14
2026-10-06 15:36:42,3770.0,3711.0,0.0079,6.38,-14.29,13.57,-19.36,136.48,-0.07,-2.249,-1.886,14
2026-10-06 15:36:42,3769.0,3714.0,0.0073,5.95,-14.29,13.57,-19.36,136.48,-0.07,-2.249,-1.886,14
2026-10-06 15:36:42,3769.0,3714.0,0.0073,5.95,-14.26,13.68,-19.55,136.18,-0.07,-2.249,-1.886,14
2026-10-06 15:36:42,3769.0,3714.0,0.0073,5.95,-14.26,13.68,-19.55,136.18,-0.201,-0.822,1.703,14
2026-10-06 15:36:42,3769.0,3714.0,0.0073,5.95,-14.26,13.68,-19.55,136.18,-0.201,-0.822,-1.064,12
2026-10-06 15:36:42,3769.0,3714.0,0.0073,5.95,-14.26,13.68,-19.55,136.18,-0.201,-0.822,-1.064,12
2026-10-06 15:36:42,3769.0,3714.0,0.0073,5.95,-14.26,13.68,-19.55,136.18,-0.201,-0.822,-1.064,12
2026-10-06 15:36:42,3769.0,3716.0,0.0071,5.45,-14.26,13.68,-19.55,136.18,-0.201,-0.822,-1.064,12
2026-10-06 15:36:42,3769.0,3716.0,0.0071,5.45,-14.21,14.13,-19.17,135.16,-0.201,-0.822,-1.064,12
2026-10-06 15:36:42,3769.0,3716.0,0.0071,5.45,-14.21,14.13,-19.17,135.16,-3.036,-4.812,1.186,12
2026-10-06 15:36:42,3769.0,3716.0,0.0071,5.45,-14.21,14.13,-19.17,135.16,-3.036,-4.812,-0.031,9
2026-10-06 15:36:42,3769.0,3716.0,0.0071,5.45,-14.21,14.13,-19.17,135.16,-3.036,-4.812,-0.031,9
2026-10-06 15:36:42,3769.0,3716.0,0.0071,5.45,-14.21,14.13,-19.17,135.16,-3.036,-4.812,-0.031,9
2026-10-06 15:36:42,3767.0,3717.0,0.0067,5.42,-14.21,14.13,-19.17,135.16,-3.036,-4.812,-0.031,9
2026-10-06 15:36:42,3767.0,3717.0,0.0067,5.42,-14.19,14.19,-19.2,135.0,-3.036,-4.812,-0.031,9
2026-10-06 15:36:42,3767.0,3717.0,0.0067,5.42,-14.19,14.19,-19.2,135.0,-3.22,-3.631,1.598,9
2026-10-06 15:36:42,3767.0,3718.0,0.0065,5.06,-14.19,14.19,-19.2,135.0,-3.22,-3.631,1.598,9
2026-10-06 15:36:42,3767.0,3718.0,0.0065,5.06,-14.26,14.08,-19.2,135.36,-3.22,-3.631,1.598,9
2026-10-06 15:36:42,3767.0,3718.0,0.0065,5.06,-14.26,14.08,-19.2,135.36,-2.503,-3.045,1.51,9
2026-10-06 15:36:42,3767.0,3718.0,0.0065,5.06,-14.26,14.08,-19.2,135.36,-2.503,-3.045,-2.306,12
2026-10-06 15:36:43,3767.0,3718.0,0.0065,5.06,-14.26,14.08,-19.2,135.36,-2.503,-3.045,-2.306,12
2026-10-06 15:36:43,3767.0,3718.0,0.0065,5.06,-14.26,14.08,-19.2,135.36,-2.503,-3.045,-2.306,12
2026-10-06 15:36:43,3769.0,3733.0,0.0048,4.09,-14.26,14.08,-19.2,135.36,-2.503,-3.045,-2.306,12
2026-10-06 15:36:43,3769.0,3733.0,0.0048,4.09,-14.26,14.62,-19.31,134.27,-2.503,-3.045,-2.306,12
2026-10-06 15:36:43,3769.0,3733.0,0.0048,4.09,-14.26,14.62,-19.31,134.27,-2.249,-1.768,2.823,12
2026-10-06 15:36:43,3769.0,3733.0,0.0048,4.09,-14.26,14.62,-19.31,134.27,-2.249,-1.768,-2.149,12
2026-10-06 15:36:43,3769.0,3733.0,0.0048,4.09,-14.26,14.62,-19.31,134.27,-2.249,-1.768,-2.149,12
2026-10-06 15:36:43,3769.0,3733.0,0.0048,4.09,-14.26,14.62,-19.31,134.27,-2.249,-1.768,-2.149,12
2026-10-06 15:36:43,3760.0,3755.0,0.0007,0.82,-14.26,14.62,-19.31,134.27,-2.249,-1.768,-2.149,12
2026-10-06 15:36:43,3760.0,3755.0,0.0007,0.82,-14.3,14.99,-19.09,133.65,-2.249,-1.768,-2.149,12
2026-10-06 15:36:43,3760.0,3755.0,0.0007,0.82,-14.3,14.99,-19.09,133.65,-0.376,-3.168,1.493,12
2026-10-06 15:36:43,3760.0,3755.0,0.0007,0.82,-14.3,14.99,-19.09,133.65,-0.376,-3.168,-1.615,12
2026-10-06 15:36:43,3760.0,3755.0,0.0007,0.82,-14.3,14.99,-19.09,133.65,-0.376,-3.168,-1.615,12
2026-10-06 15:36:43,3760.0,3755.0,0.0007,0.82,-14.3,14.99,-19.09,133.65,-0.376,-3.168,-1.615,12
2026-10-06 15:36:43,3756.0,3755.0,0.0001,0.19,-14.3,14.99,-19.09,133.65,-0.376,-3.168,-1.615,12
2026-10-06 15:36:43,3756.0,3755.0,0.0001,0.19,-14.29,15.1,-19.02,133.41,-0.376,-3.168,-1.615,12
2026-10-06 15:36:43,3756.0,3755.0,0.0001,0.19,-14.29,15.1,-19.02,133.41,-0.499,-2.17,1.256,12
2026-10-06 15:36:43,3756.0,3755.0,0.0001,0.19,-14.29,15.1,-19.02,133.41,-0.499,-2.17,-1.843,13
2026-10-06 15:36:43,3756.0,3755.0,0.0001,0.19,-14.29,15.1,-19.02,133.41,-0.499,-2.17,-1.843,13
2026-10-06 15:36:43,3756.0,3755.0,0.0001,0.19,-14.29,15.1,-19.02,133.41,-0.499,-2.17,-1.843,13
2026-10-06 15:36:43,3767.0,3762.0,0.0007,0.74,-14.29,15.1,-19.02,133.41,-0.499,-2.17,-1.843,13
2026-10-06 15:36:43,3767.0,3762.0,0.0007,0.74,-14.3,15.17,-19.09,133.32,-0.499,-2.17,-1.843,13
2026-10-06 15:36:43,3767.0,3762.0,0.0007,0.74,-14.3,15.17,-19.09,133.32,-1.129,-1.759,1.178,13
2026-10-06 15:36:44,3771.0,3753.0,0.0024,2.22,-14.3,15.17,-19.09,133.32,-1.129,-1.759,1.178,13
2026-10-06 15:36:44,3771.0,3753.0,0.0024,2.22,-14.35,15.63,-18.7,132.56,-1.129,-1.759,1.178,13
2026-10-06 15:36:44,3771.0,3753.0,0.0024,2.22,-14.35,15.63,-18.7,132.56,-2.082,-4.375,2.551,13
2026-10-06 15:36:44,3771.0,3753.0,0.0024,2.22,-14.35,15.63,-18.7,132.56,-2.082,-4.375,-2.07,15
2026-10-06 15:36:44,3771.0,3753.0,0.0024,2.22,-14.35,15.63,-18.7,132.56,-2.082,-4.375,-2.07,15
2026-10-06 15:36:44,3771.0,3753.0,0.0024,2.22,-14.35,15.63,-18.7,132.56,-2.082,-4.375,-2.07,15
2026-10-06 15:36:44,3767.0,3749.0,0.0024,1.96,-14.35,15.63,-18.7,132.56,-2.082,-4.375,-2.07,15
2026-10-06 15:36:44,3767.0,3749.0,0.0024,1.96,-14.26,15.97,-18.75,131.76,-2.082,-4.375,-2.07,15
2026-10-06 15:36:44,3767.0,3749.0,0.0024,1.96,-14.26,15.97,-18.75,131.76,-2.844,-1.934,1.816,15
2026-10-06 15:36:44,3767.0,3749.0,0.0024,1.96,-14.26,15.97,-18.75,131.76,-2.844,-1.934,-0.898,12
2026-10-06 15:36:44,3767.0,3749.0,0.0024,1.96,-14.26,15.97,-18.75,131.76,-2.844,-1.934,-0.898,12
2026-10-06 15:36:44,3767.0,3749.0,0.0024,1.96,-14.26,15.97,-18.75,131.76,-2.844,-1.934,-0.898,12
2026-10-06 15:36:44,3766.0,3750.0,0.0021,1.81,-14.26,15.97,-18.75,131.76,-2.844,-1.934,-0.898,12
2026-10-06 15:36:44,3766.0,3750.0,0.0021,1.81,-14.35,16.03,-18.74,131.84,-2.844,-1.934,-0.898,12
2026-10-06 15:36:44,3766.0,3750.0,0.0021,1.81,-14.35,16.03,-18.74,131.84,-0.752,-0.84,0.696,12
2026-10-06 15:36:44,3766.0,3750.0,0.0021,1.81,-14.35,16.03,-18.74,131.84,-0.752,-0.84,-1.029,13
2026-10-06 15:36:44,3766.0,3750.0,0.0021,1.81,-14.35,16.03,-18.74,131.84,-0.752,-0.84,-1.029,13
2026-10-06 15:36:44,3766.0,3750.0,0.0021,1.81,-14.35,16.03,-18.74,131.84,-0.752,-0.84,-1.029,13
2026-10-06 15:36:44,3768.0,3752.0,0.0021,1.84,-14.35,16.03,-18.74,131.84,-0.752,-0.84,-1.029,13
2026-10-06 15:36:44,3768.0,3752.0,0.0021,1.84,-14.19,16.1,-18.64,131.4,-0.752,-0.84,-1.029,13
2026-10-06 15:36:44,3768.0,3752.0,0.0021,1.84,-14.19,16.1,-18.64,131.4,-0.674,-2.091,0.67,13
2026-10-06 15:36:44,3768.0,3752.0,0.0021,1.84,-14.19,16.1,-18.64,131.4,-0.674,-2.091,-2.175,15
2026-10-06 15:36:44,3768.0,3752.0,0.0021,1.84,-14.19,16.1,-18.64,131.4,-0.674,-2.091,-2.175,15
2026-10-06 15:36:44,3768.0,3752.0,0.0021,1.84,-14.19,16.1,-18.64,131.4,-0.674,-2.091,-2.175,15
2026-10-06 15:36:44,3766.0,3752.0,0.0019,1.68,-14.19,16.1,-18.64,131.4,-0.674,-2.091,-2.175,15
2026-10-06 15:36:44,3766.0,3752.0,0.0019,1.68,-14.26,16.32,-18.67,131.14,-0.674,-2.091,-2.175,15
2026-10-06 15:36:44,3766.0,3752.0,0.0019,1.68,-14.26,16.32,-18.67,131.14,-2.537,-2.485,1.458,15
2026-10-06 15:36:44,3766.0,3751.0,0.002,1.6,-14.26,16.32,-18.67,131.14,-2.537,-2.485,1.458,15
2026-10-06 15:36:44,3766.0,3751.0,0.002,1.6,-14.42,16.72,-18.29,130.77,-2.537,-2.485,1.458,15
2026-10-06 15:36:44,3766.0,3751.0,0.002,1.6,-14.42,16.72,-18.29,130.77,-2.66,-3.509,1.965,15
2026-10-06 15:36:45,3766.0,3751.0,0.002,1.6,-14.42,16.72,-18.29,130.77,-2.66,-3.509,-1.554,14
2026-10-06 15:36:45,3766.0,3751.0,0.002,1.6,-14.42,16.72,-18.29,130.77,-2.66,-3.509,-1.554,14
2026-10-06 15:36:45,3766.0,3751.0,0.002,1.6,-14.42,16.72,-18.29,130.77,-2.66,-3.509,-1.554,14
2026-10-06 15:36:45,3765.0,3753.0,0.0016,1.59,-14.42,16.72,-18.29,130.77,-2.66,-3.509,-1.554,14
2026-10-06 15:36:45,3765.0,3753.0,0.0016,1.59,-14.4,16.74,-18.67,130.71,-2.66,-3.509,-1.554,14
2026-10-06 15:36:45,3765.0,3753.0,0.0016,1.59,-14.4,16.74,-18.67,130.71,-2.634,-1.671,1.79,14
2026-10-06 15:36:45,3765.0,3753.0,0.0016,1.59,-14.4,16.74,-18.67,130.71,-2.634,-1.671,-1.431,14
2026-10-06 15:36:45,3765.0,3753.0,0.0016,1.59,-14.4,16.74,-18.67,130.71,-2.634,-1.671,-1.431,14
2026-10-06 15:36:45,3765.0,3753.0,0.0016,1.59,-14.4,16.74,-18.67,130.71,-2.634,-1.671,-1.431,14
2026-10-06 15:36:45,3764.0,3754.0,0.0013,1.3,-14.4,16.74,-18.67,130.71,-2.634,-1.671,-1.431,14
2026-10-06 15:36:45,3764.0,3754.0,0.0013,1.3,-14.26,17.17,-18.22,129.71,-2.634,-1.671,-1.431,14
2026-10-06 15:36:45,3764.0,3754.0,0.0013,1.3,-14.26,17.17,-18.22,129.71,-0.131,-3.08,0.688,14
2026-10-06 15:36:45,3764.0,3754.0,0.0013,1.3,-14.26,17.17,-18.22,129.71,-0.131,-3.08,-0.941,13
2026-10-06 15:36:45,3764.0,3754.0,0.0013,1.3,-14.26,17.17,-18.22,129.71,-0.131,-3.08,-0.941,13
2026-10-06 15:36:45,3764.0,3754.0,0.0013,1.3,-14.26,17.17,-18.22,129.71,-0.131,-3.08,-0.941,13
2026-10-06 15:36:45,3764.0,3755.0,0.0012,1.18,-14.26,17.17,-18.22,129.71,-0.131,-3.08,-0.941,13
2026-10-06 15:36:45,3764.0,3755.0,0.0012,1.18,-14.22,17.31,-18.06,129.41,-0.131,-3.08,-0.941,13
2026-10-06 15:36:45,3764.0,3755.0,0.0012,1.18,-14.22,17.31,-18.06,129.41,-0.053,-1.951,0.644,13
2026-10-06 15:36:45,3764.0,3755.0,0.0012,1.18,-14.22,17.31,-18.06,129.41,-0.053,-1.951,-1.125,13
2026-10-06 15:36:45,3764.0,3755.0,0.0012,1.18,-14.22,17.31,-18.06,129.41,-0.053,-1.951,-1.125,13
2026-10-06 15:36:45,3764.0,3755.0,0.0012,1.18,-14.22,17.31,-18.06,129.41,-0.053,-1.951,-1.125,13
2026-10-06 15:36:45,3760.0,3754.0,0.0008,0.98,-14.22,17.31,-18.06,129.41,-0.053,-1.951,-1.125,13
2026-10-06 15:36:45,3760.0,3754.0,0.0008,0.98,-14.24,17.36,-17.84,129.36,-0.053,-1.951,-1.125,13
2026-10-06 15:36:45,3760.0,3754.0,0.0008,0.98,-14.24,17.36,-17.84,129.36,-2.616,-2.441,1.44,13
2026-10-06 15:36:45,3761.0,3755.0,0.0008,0.96,-14.24,17.36,-17.84,129.36,-2.616,-2.441,1.44,13
2026-10-06 15:36:45,3761.0,3755.0,0.0008,0.96,-14.37,17.3,-17.95,129.72,-2.616,-2.441,1.44,13
2026-10-06 15:36:45,3761.0,3755.0,0.0008,0.96,-14.37,17.3,-17.95,129.72,-2.957,-2.756,2.201,13
2026-10-06 15:36:46,3761.0,3755.0,0.0008,0.96,-14.37,17.3,-17.95,129.72,-2.957,-2.756,-2.184,12
2026-10-06 15:36:46,3761.0,3755.0,0.0008,0.96,-14.37,17.3,-17.95,129.72,-2.957,-2.756,-2.184,12
2026-10-06 15:36:46,3761.0,3755.0,0.0008,0.96,-14.37,17.3,-17.95,129.72,-2.957,-2.756,-2.184,12
2026-10-06 15:36:46,3761.0,3757.0,0.0005,0.63,-14.37,17.3,-17.95,129.72,-2.957,-2.756,-2.184,12
2026-10-06 15:36:46,3761.0,3757.0,0.0005,0.63,-14.3,17.78,-17.66,128.82,-2.957,-2.756,-2.184,12
2026-10-06 15:36:46,3761.0,3757.0,0.0005,0.63,-14.3,17.78,-17.66,128.82,-0.639,-4.13,1.536,12
2026-10-06 15:36:46,3761.0,3757.0,0.0005,0.63,-14.3,17.78,-17.66,128.82,-0.639,-4.13,-2.49,12
2026-10-06 15:36:46,3761.0,3757.0,0.0005,0.63,-14.3,17.78,-17.66,128.82,-0.639,-4.13,-2.49,12
2026-10-06 15:36:46,3761.0,3757.0,0.0005,0.63,-14.3,17.78,-17.66,128.82,-0.639,-4.13,-2.49,12
2026-10-06 15:36:46,3758.0,3758.0,0.0,0.37,-14.3,17.78,-17.66,128.82,-0.639,-4.13,-2.49,12
2026-10-06 15:36:46,3758.0,3758.0,0.0,0.37,-14.21,17.82,-17.57,128.56,-0.639,-4.13,-2.49,12
2026-10-06 15:36:46,3758.0,3758.0,0.0,0.37,-14.21,17.82,-17.57,128.56,-0.464,-3.246,1.729,12
2026-10-06 15:36:46,3758.0,3758.0,0.0,0.37,-14.21,17.82,-17.57,128.56,-0.464,-3.246,-1.431,12
2026-10-06 15:36:46,3758.0,3758.0,0.0,0.37,-14.21,17.82,-17.57,128.56,-0.464,-3.246,-1.431,12
2026-10-06 15:36:46,3758.0,3758.0,0.0,0.37,-14.21,17.82,-17.57,128.56,-0.464,-3.246,-1.431,12
2026-10-06 15:36:46,3759.0,3758.0,0.0001,0.27,-14.21,17.82,-17.57,128.56,-0.464,-3.246,-1.431,12
2026-10-06 15:36:46,3759.0,3758.0,0.0001,0.27,-14.16,18.13,-17.33,127.99,-0.464,-3.246,-1.431,12
2026-10-06 15:36:46,3759.0,3758.0,0.0001,0.27,-14.16,18.13,-17.33,127.99,-2.625,-2.888,2.42,12
2026-10-06 15:36:46,3759.0,3758.0,0.0001,0.27,-14.16,18.13,-17.33,127.99,-2.625,-2.888,0.747,12
2026-10-06 15:36:46,3759.0,3758.0,0.0001,0.27,-14.16,18.13,-17.33,127.99,-2.625,-2.888,0.747,12
2026-10-06 15:36:46,3759.0,3758.0,0.0001,0.27,-14.16,18.13,-17.33,127.99,-2.625,-2.888,0.747,12
2026-10-06 15:36:46,3758.0,3759.0,-0.0001,0.23,-14.16,18.13,-17.33,127.99,-2.625,-2.888,0.747,12
2026-10-06 15:36:46,3758.0,3759.0,-0.0001,0.23,-14.21,18.14,-17.18,128.06,-2.625,-2.888,0.747,12
2026-10-06 15:36:46,3758.0,3759.0,-0.0001,0.23,-14.21,18.14,-17.18,128.06,-2.03,-2.564,-0.284,12
2026-10-06 15:36:47,3759.0,3759.0,0.0,0.25,-14.21,18.14,-17.18,128.06,-2.03,-2.564,-0.284,12
2026-10-06 15:36:47,3759.0,3759.0,0.0,0.25,-14.29,18.27,-17.12,128.02,-2.03,-2.564,-0.284,12
2026-10-06 15:36:47,3759.0,3759.0,0.0,0.25,-14.29,18.27,-17.12,128.02,-0.192,-3.229,0.268,12
2026-10-06 15:36:47,3759.0,3759.0,0.0,0.25,-14.29,18.27,-17.12,128.02,-0.192,-3.229,0.109,12
2026-10-06 15:36:47,3759.0,3759.0,0.0,0.25,-14.29,18.27,-17.12,128.02,-0.192,-3.229,0.109,12
2026-10-06 15:36:47,3759.0,3759.0,0.0,0.25,-14.29,18.27,-17.12,128.02,-0.192,-3.229,0.109,12
2026-10-06 15:36:47,3761.0,3759.0,0.0003,0.22,-14.29,18.27,-17.12,128.02,-0.192,-3.229,0.109,12
2026-10-06 15:36:47,3761.0,3759.0,0.0003,0.22,-14.27,18.27,-17.33,127.99,-0.192,-3.229,0.109,12
2026-10-06 15:36:47,3761.0,3759.0,0.0003,0.22,-14.27,18.27,-17.33,127.99,-0.192,-1.776,-0.065,12
2026-10-06 15:36:47,3761.0,3759.0,0.0003,0.22,-14.27,18.27,-17.33,127.99,-0.192,-1.776,-0.189,12
2026-10-06 15:36:47,3761.0,3759.0,0.0003,0.22,-14.27,18.27,-17.33,127.99,-0.192,-1.776,-0.189,12
2026-10-06 15:36:47,3761.0,3759.0,0.0003,0.22,-14.27,18.27,-17.33,127.99,-0.192,-1.776,-0.189,12
2026-10-06 15:36:47,3759.0,3759.0,0.0,0.31,-14.27,18.27,-17.33,127.99,-0.192,-1.776,-0.189,12
2026-10-06 15:36:47,3759.0,3759.0,0.0,0.31,-14.06,18.05,-17.25,127.93,-0.192,-1.776,-0.189,12
2026-10-06 15:36:47,3759.0,3759.0,0.0,0.31,-14.06,18.05,-17.25,127.93,-2.161,-3.736,0.373,12
2026-10-06 15:36:47,3759.0,3759.0,0.0,0.31,-14.06,18.05,-17.25,127.93,-2.161,-3.736,-0.338,12
2026-10-06 15:36:47,3759.0,3759.0,0.0,0.31,-14.06,18.05,-17.25,127.93,-2.161,-3.736,-0.338,12
2026-10-06 15:36:47,3759.0,3759.0,0.0,0.31,-14.06,18.05,-17.25,127.93,-2.161,-3.736,-0.338,12
2026-10-06 15:36:47,3758.0,3761.0,-0.0004,0.08,-14.06,18.05,-17.25,127.93,-2.161,-3.736,-0.338,12
2026-10-06 15:36:47,3758.0,3761.0,-0.0004,0.08,-14.27,18.13,-16.99,128.21,-2.161,-3.736,-0.338,12
2026-10-06 15:36:47,3758.0,3761.0,-0.0004,0.08,-14.27,18.13,-16.99,128.21,-0.56,-1.881,0.443,12
2026-10-06 15:36:47,3758.0,3761.0,-0.0004,0.08,-14.27,18.13,-16.99,128.21,-0.56,-1.881,-0.224,12
2026-10-06 15:36:47,3758.0,3761.0,-0.0004,0.08,-14.27,18.13,-16.99,128.21,-0.56,-1.881,-0.224,12
2026-10-06 15:36:47,3758.0,3761.0,-0.0004,0.08,-14.27,18.13,-16.99,128.21,-0.56,-1.881,-0.224,12
2026-10-06 15:36:47,3758.0,3759.0,-0.0001,0.08,-14.27,18.13,-16.99,128.21,-0.56,-1.881,-0.224,12
2026-10-06 15:36:47,3758.0,3759.0,-0.0001,0.08,-14.24,18.08,-17.2,128.22,-0.56,-1.881,-0.224,12
2026-10-06 15:36:47,3758.0,3759.0,-0.0001,0.08,-14.24,18.08,-17.2,128.22,-0.674,-2.695,-0.214,12
2026-10-06 15:36:48,3759.0,3761.0,-0.0003,0.17,-14.24,18.08,-17.2,128.22,-0.674,-2.695,-0.214,12
2026-10-06 15:36:48,3759.0,3761.0,-0.0003,0.17,-14.27,18.18,-16.94,128.14,-0.674,-2.695,-0.214,12
2026-10-06 15:36:48,3759.0,3761.0,-0.0003,0.17,-14.27,18.18,-16.94,128.14,-1.785,-2.52,0.145,12
2026-10-06 15:36:48,3759.0,3761.0,-0.0003,0.17,-14.27,18.18,-16.94,128.14,-1.785,-2.52,0.144,12
2026-10-06 15:36:48,3759.0,3761.0,-0.0003,0.17,-14.27,18.18,-16.94,128.14,-1.785,-2.52,0.144,12
2026-10-06 15:36:48,3759.0,3761.0,-0.0003,0.17,-14.27,18.18,-16.94,128.14,-1.785,-2.52,0.144,12
2026-10-06 15:36:48,3759.0,3760.0,-0.0001,0.16,-14.27,18.18,-16.94,128.14,-1.785,-2.52,0.144,12
2026-10-06 15:36:48,3759.0,3760.0,-0.0001,0.16,-14.21,18.18,-17.01,128.01,-1.785,-2.52,0.144,12
2026-10-06 15:36:48,3759.0,3760.0,-0.0001,0.16,-14.21,18.18,-17.01,128.01,-1.811,-1.12,0.233,12
2026-10-06 15:36:48,3759.0,3760.0,-0.0001,0.16,-14.21,18.18,-17.01,128.01,-1.811,-1.12,-0.136,12
2026-10-06 15:36:48,3759.0,3760.0,-0.0001,0.16,-14.21,18.18,-17.01,128.01,-1.811,-1.12,-0.136,12
2026-10-06 15:36:48,3759.0,3760.0,-0.0001,0.16,-14.21,18.18,-17.01,128.01,-1.811,-1.12,-0.136,12
2026-10-06 15:36:48,3762.0,3762.0,0.0,0.12,-14.21,18.18,-17.01,128.01,-1.811,-1.12,-0.136,12
2026-10-06 15:36:48,3762.0,3762.0,0.0,0.12,-14.21,18.06,-16.96,128.19,-1.811,-1.12,-0.136,12
2026-10-06 15:36:48,3762.0,3762.0,0.0,0.12,-14.21,18.06,-16.96,128.19,-0.507,-2.179,-0.319,12
2026-10-06 15:36:48,3762.0,3762.0,0.0,0.12,-14.21,18.06,-16.96,128.19,-0.507,-2.179,0.389,12
2026-10-06 15:36:48,3762.0,3762.0,0.0,0.12,-14.21,18.06,-16.96,128.19,-0.507,-2.179,0.389,12
2026-10-06 15:36:48,3762.0,3762.0,0.0,0.12,-14.21,18.06,-16.96,128.19,-0.507,-2.179,0.389,12
2026-10-06 15:36:48,3759.0,3765.0,-0.0008,-0.2,-14.21,18.06,-16.96,128.19,-0.507,-2.179,0.389,12
2026-10-06 15:36:48,3759.0,3765.0,-0.0008,-0.2,-14.29,18.1,-17.01,128.29,-0.507,-2.179,0.389,12
2026-10-06 15:36:48,3759.0,3765.0,-0.0008,-0.2,-14.29,18.1,-17.01,128.29,-1.864,-2.818,-0.047,12
2026-10-06 15:36:48,3759.0,3765.0,-0.0008,-0.2,-14.29,18.1,-17.01,128.29,-1.864,-2.818,0.485,12
2026-10-06 15:36:48,3759.0,3765.0,-0.0008,-0.2,-14.29,18.1,-17.01,128.29,-1.864,-2.818,0.485,12
2026-10-06 15:36:48,3759.0,3765.0,-0.0008,-0.2,-14.29,18.1,-17.01,128.29,-1.864,-2.818,0.485,12
2026-10-06 15:36:48,3742.0,3761.0,-0.0025,-2.05,-14.29,18.1,-17.01,128.29,-1.864,-2.818,0.485,12
2026-10-06 15:36:48,3742.0,3761.0,-0.0025,-2.05,-14.13,18.02,-17.12,128.1,-1.864,-2.818,0.485,12
2026-10-06 15:36:48,3742.0,3761.0,-0.0025,-2.05,-14.13,18.02,-17.12,128.1,-2.091,-1.523,0.119,12
2026-10-06 15:36:48,3736.0,3758.0,-0.0029,-2.43,-14.13,18.02,-17.12,128.1,-2.091,-1.523,0.119,12
2026-10-06 15:36:48,3736.0,3758.0,-0.0029,-2.43,-14.18,17.98,-16.85,128.25,-2.091,-1.523,0.119,12
2026-10-06 15:36:48,3736.0,3758.0,-0.0029,-2.43,-14.18,17.98,-16.85,128.25,-0.586,-2.459,-0.38,12
2026-10-06 15:36:48,3736.0,3758.0,-0.0029,-2.43,-14.18,17.98,-16.85,128.25,-0.586,-2.459,0.126,12
2026-10-06 15:36:49,3736.0,3758.0,-0.0029,-2.43,-14.18,17.98,-16.85,128.25,-0.586,-2.459,0.126,12
2026-10-06 15:36:49,3736.0,3758.0,-0.0029,-2.43,-14.18,17.98,-16.85,128.25,-0.586,-2.459,0.126,12
2026-10-06 15:36:49,3749.0,3766.0,-0.0023,-1.52,-14.18,17.98,-16.85,128.25,-0.586,-2.459,0.126,12
2026-10-06 15:36:49,3749.0,3766.0,-0.0023,-1.52,-14.32,18.14,-17.06,128.28,-0.586,-2.459,0.126,12
2026-10-06 15:36:49,3749.0,3766.0,-0.0023,-1.52,-14.32,18.14,-17.06,128.28,-1.89,-3.211,-0.187,12
2026-10-06 15:36:49,3749.0,3766.0,-0.0023,-1.52,-14.32,18.14,-17.06,128.28,-1.89,-3.211,0.607,12
2026-10-06 15:36:49,3749.0,3766.0,-0.0023,-1.52,-14.32,18.14,-17.06,128.28,-1.89,-3.211,0.607,12
2026-10-06 15:36:49,3749.0,3766.0,-0.0023,-1.52,-14.32,18.14,-17.06,128.28,-1.89,-3.211,0.607,12
2026-10-06 15:36:49,3764.0,3774.0,-0.0013,-0.55,-14.32,18.14,-17.06,128.28,-1.89,-3.211,0.607,12
2026-10-06 15:36:49,3764.0,3774.0,-0.0013,-0.55,-14.24,18.1,-16.96,128.2,-1.89,-3.211,0.607,12
2026-10-06 15:36:49,3764.0,3774.0,-0.0013,-0.55,-14.24,18.1,-16.96,128.2,-1.663,-1.846,0.276,12
2026-10-06 15:36:49,3764.0,3774.0,-0.0013,-0.55,-14.24,18.1,-16.96,128.2,-1.663,-1.846,-0.233,14
2026-10-06 15:36:49,3764.0,3774.0,-0.0013,-0.55,-14.24,18.1,-16.96,128.2,-1.663,-1.846,-0.233,14
2026-10-06 15:36:49,3764.0,3774.0,-0.0013,-0.55,-14.24,18.1,-16.96,128.2,-1.663,-1.846,-0.233,14
2026-10-06 15:36:49,3765.0,3773.0,-0.0011,-0.43,-14.24,18.1,-16.96,128.2,-1.663,-1.846,-0.233,14
2026-10-06 15:36:49,3765.0,3773.0,-0.0011,-0.43,-14.18,17.92,-17.06,128.35,-1.663,-1.846,-0.233,14
2026-10-06 15:36:49,3765.0,3773.0,-0.0011,-0.43,-14.18,17.92,-17.06,128.35,-0.481,-2.494,-0.739,14
2026-10-06 15:36:49,3765.0,3773.0,-0.0011,-0.43,-14.18,17.92,-17.06,128.35,-0.481,-2.494,-0.303,14
2026-10-06 15:36:49,3765.0,3773.0,-0.0011,-0.43,-14.18,17.92,-17.06,128.35,-0.481,-2.494,-0.303,14
2026-10-06 15:36:49,3765.0,3773.0,-0.0011,-0.43,-14.18,17.92,-17.06,128.35,-0.481,-2.494,-0.303,14
2026-10-06 15:36:49,3765.0,3770.0,-0.0007,-0.1,-14.18,17.92,-17.06,128.35,-0.481,-2.494,-0.303,14
2026-10-06 15:36:49,3765.0,3770.0,-0.0007,-0.1,-14.29,17.9,-16.77,128.59,-0.481,-2.494,-0.303,14
2026-10-06 15:36:49,3765.0,3770.0,-0.0007,-0.1,-14.29,17.9,-16.77,128.59,-2.021,-3.412,0.443,14
2026-10-06 15:36:50,3763.0,3766.0,-0.0004,0.27,-14.29,17.9,-16.77,128.59,-2.021,-3.412,0.443,14
2026-10-06 15:36:50,3763.0,3766.0,-0.0004,0.27,-14.38,17.92,-16.82,128.75,-2.021,-3.412,0.443,14
2026-10-06 15:36:50,3763.0,3766.0,-0.0004,0.27,-14.38,17.92,-16.82,128.75,-0.866,-1.706,-0.074,14
2026-10-06 15:36:50,3763.0,3766.0,-0.0004,0.27,-14.38,17.92,-16.82,128.75,-0.866,-1.706,-0.276,14
2026-10-06 15:36:50,3763.0,3766.0,-0.0004,0.27,-14.38,17.92,-16.82,128.75,-0.866,-1.706,-0.276,14
2026-10-06 15:36:50,3763.0,3766.0,-0.0004,0.27,-14.38,17.92,-16.82,128.75,-0.866,-1.706,-0.276,14
2026-10-06 15:36:50,3763.0,3760.0,0.0004,0.56,-14.38,17.92,-16.82,128.75,-0.866,-1.706,-0.276,14
2026-10-06 15:36:50,3763.0,3760.0,0.0004,0.56,-14.38,17.92,-17.01,128.75,-0.866,-1.706,-0.276,14
2026-10-06 15:36:50,3763.0,3760.0,0.0004,0.56,-14.38,17.92,-17.01,128.75,-0.026,-3.054,-0.082,14
2026-10-06 15:36:50,3763.0,3760.0,0.0004,0.56,-14.38,17.92,-17.01,128.75,-0.026,-3.054,-0.513,13
2026-10-06 15:36:50,3763.0,3760.0,0.0004,0.56,-14.38,17.92,-17.01,128.75,-0.026,-3.054,-0.513,13
2026-10-06 15:36:50,3763.0,3760.0,0.0004,0.56,-14.38,17.92,-17.01,128.75,-0.026,-3.054,-0.513,13
2026-10-06 15:36:50,3761.0,3755.0,0.0008,0.86,-14.38,17.92,-17.01,128.75,-0.026,-3.054,-0.513,13
2026-10-06 15:36:50,3761.0,3755.0,0.0008,0.86,-14.19,17.84,-17.1,128.5,-0.026,-3.054,-0.513,13
2026-10-06 15:36:50,3761.0,3755.0,0.0008,0.86,-14.19,17.84,-17.1,128.5,-1.82,-2.196,0.154,13
2026-10-06 15:36:50,3761.0,3755.0,0.0008,0.86,-14.19,17.84,-17.1,128.5,-1.82,-2.196,-0.093,13
2026-10-06 15:36:50,3761.0,3755.0,0.0008,0.86,-14.19,17.84,-17.1,128.5,-1.82,-2.196,-0.093,13
2026-10-06 15:36:50,3761.0,3755.0,0.0008,0.86,-14.19,17.84,-17.1,128.5,-1.82,-2.196,-0.093,13
2026-10-06 15:36:50,3759.0,3752.0,0.0009,1.05,-14.19,17.84,-17.1,128.5,-1.82,-2.196,-0.093,13
2026-10-06 15:36:50,3759.0,3752.0,0.0009,1.05,-14.37,17.92,-16.83,128.72,-1.82,-2.196,-0.093,13
2026-10-06 15:36:50,3759.0,3752.0,0.0009,1.05,-14.37,17.92,-16.83,128.72,-0.298,-1.645,-0.179,13
2026-10-06 15:36:50,3759.0,3752.0,0.0009,1.05,-14.37,17.92,-16.83,128.72,-0.298,-1.645,-0.101,13
2026-10-06 15:36:50,3759.0,3752.0,0.0009,1.05,-14.37,17.92,-16.83,128.72,-0.298,-1.645,-0.101,13
2026-10-06 15:36:50,3759.0,3752.0,0.0009,1.05,-14.37,17.92,-16.83,128.72,-0.298,-1.645,-0.101,13
2026-10-06 15:36:50,3757.0,3751.0,0.0008,0.95,-14.37,17.92,-16.83,128.72,-0.298,-1.645,-0.101,13
2026-10-06 15:36:50,3757.0,3751.0,0.0008,0.95,-14.26,17.62,-16.94,128.98,-0.298,-1.645,-0.101,13
2026-10-06 15:36:50,3757.0,3751.0,0.0008,0.95,-14.26,17.62,-16.94,128.98,-1.006,-1.531,-0.179,13
2026-10-06 15:36:50,3748.0,3741.0,0.0009,0.72,-14.26,17.62,-16.94,128.98,-1.006,-1.531,-0.179,13
2026-10-06 15:36:50,3748.0,3741.0,0.0009,0.72,-14.34,17.78,-16.69,128.89,-1.006,-1.531,-0.179,13
2026-10-06 15:36:50,3748.0,3741.0,0.0009,0.72,-14.34,17.78,-16.69,128.89,-2.17,-3.273,0.723,13
2026-10-06 15:36:51,3748.0,3741.0,0.0009,0.72,-14.34,17.78,-16.69,128.89,-2.17,-3.273,-0.714,13
2026-10-06 15:36:51,3748.0,3741.0,0.0009,0.72,-14.34,17.78,-16.69,128.89,-2.17,-3.273,-0.714,13
2026-10-06 15:36:51,3748.0,3741.0,0.0009,0.72,-14.34,17.78,-16.69,128.89,-2.17,-3.273,-0.714,13
2026-10-06 15:36:51,3736.0,3742.0,-0.0008,-0.84,-14.34,17.78,-16.69,128.89,-2.17,-3.273,-0.714,13
2026-10-06 15:36:51,3736.0,3742.0,-0.0008,-0.84,-14.21,17.73,-17.01,128.71,-2.17,-3.273,-0.714,13
2026-10-06 15:36:51,3736.0,3742.0,-0.0008,-0.84,-14.21,17.73,-17.01,128.71,-0.656,-2.73,-0.502,13
2026-10-06 15:36:51,3736.0,3742.0,-0.0008,-0.84,-14.21,17.73,-17.01,128.71,-0.656,-2.73,-0.32,13
2026-10-06 15:36:51,3736.0,3742.0,-0.0008,-0.84,-14.21,17.73,-17.01,128.71,-0.656,-2.73,-0.32,13
2026-10-06 15:36:51,3736.0,3742.0,-0.0008,-0.84,-14.21,17.73,-17.01,128.71,-0.656,-2.73,-0.32,13
2026-10-06 15:36:51,3750.0,3755.0,-0.0007,-0.23,-14.21,17.73,-17.01,128.71,-0.656,-2.73,-0.32,13
2026-10-06 15:36:51,3750.0,3755.0,-0.0007,-0.23,-14.08,17.71,-16.98,128.48,-0.656,-2.73,-0.32,13
2026-10-06 15:36:51,3750.0,3755.0,-0.0007,-0.23,-14.08,17.71,-16.98,128.48,-1.951,-3.281,0.381,13
2026-10-06 15:36:51,3750.0,3755.0,-0.0007,-0.23,-14.08,17.71,-16.98,128.48,-1.951,-3.281,-0.425,13
2026-10-06 15:36:51,3750.0,3755.0,-0.0007,-0.23,-14.08,17.71,-16.98,128.48,-1.951,-3.281,-0.425,13
2026-10-06 15:36:51,3750.0,3755.0,-0.0007,-0.23,-14.08,17.71,-16.98,128.48,-1.951,-3.281,-0.425,13
2026-10-06 15:36:51,3778.0,3773.0,0.0007,1.53,-14.08,17.71,-16.98,128.48,-1.951,-3.281,-0.425,13
2026-10-06 15:36:51,3778.0,3773.0,0.0007,1.53,-14.19,17.58,-16.93,128.91,-1.951,-3.281,-0.425,13
2026-10-06 15:36:51,3778.0,3773.0,0.0007,1.53,-14.19,17.58,-16.93,128.91,-2.301,-1.986,0.171,13
2026-10-06 15:36:51,3778.0,3773.0,0.0007,1.53,-14.19,17.58,-16.93,128.91,-2.301,-1.986,-0.408,13
2026-10-06 15:36:51,3778.0,3773.0,0.0007,1.53,-14.19,17.58,-16.93,128.91,-2.301,-1.986,-0.408,13
2026-10-06 15:36:51,3778.0,3773.0,0.0007,1.53,-14.19,17.58,-16.93,128.91,-2.301,-1.986,-0.408,13
2026-10-06 15:36:51,3785.0,3782.0,0.0004,0.79,-14.19,17.58,-16.93,128.91,-2.301,-1.986,-0.408,13
2026-10-06 15:36:51,3785.0,3782.0,0.0004,0.79,-14.03,17.73,-16.83,128.36,-2.301,-1.986,-0.408,13
2026-10-06 15:36:51,3785.0,3782.0,0.0004,0.79,-14.03,17.73,-16.83,128.36,-0.429,-2.056,-0.616,13
2026-10-06 15:36:51,3780.0,3787.0,-0.0009,0.17,-14.03,17.73,-16.83,128.36,-0.429,-2.056,-0.616,13
2026-10-06 15:36:51,3780.0,3787.0,-0.0009,0.17,-14.26,17.7,-16.82,128.86,-0.429,-2.056,-0.616,13
2026-10-06 15:36:51,3780.0,3787.0,-0.0009,0.17,-14.26,17.7,-16.82,128.86,-1.505,-2.301,0.46,13
2026-10-06 15:36:51,3780.0,3787.0,-0.0009,0.17,-14.26,17.7,-16.82,128.86,-1.505,-2.301,-0.136,13
2026-10-06 15:36:52,3780.0,3787.0,-0.0009,0.17,-14.26,17.7,-16.82,128.86,-1.505,-2.301,-0.136,13
2026-10-06 15:36:52,3780.0,3787.0,-0.0009,0.17,-14.26,17.7,-16.82,128.86,-1.505,-2.301,-0.136,13
2026-10-06 15:36:52,3775.0,3787.0,-0.0016,-0.69,-14.26,17.7,-16.82,128.86,-1.505,-2.301,-0.136,13
2026-10-06 15:36:52,3775.0,3787.0,-0.0016,-0.69,-14.21,17.73,-17.06,128.71,-1.505,-2.301,-0.136,13
2026-10-06 15:36:52,3775.0,3787.0,-0.0016,-0.69,-14.21,17.73,-17.06,128.71,-0.516,-1.444,-0.249,13
2026-10-06 15:36:52,3775.0,3787.0,-0.0016,-0.69,-14.21,17.73,-17.06,128.71,-0.516,-1.444,-0.206,13
2026-10-06 15:36:52,3775.0,3787.0,-0.0016,-0.69,-14.21,17.73,-17.06,128.71,-0.516,-1.444,-0.206,13
2026-10-06 15:36:52,3775.0,3787.0,-0.0016,-0.69,-14.21,17.73,-17.06,128.71,-0.516,-1.444,-0.206,13
2026-10-06 15:36:52,3770.0,3781.0,-0.0015,-0.64,-14.21,17.73,-17.06,128.71,-0.516,-1.444,-0.206,13
2026-10-06 15:36:52,3770.0,3781.0,-0.0015,-0.64,-14.14,17.7,-16.82,128.63,-0.516,-1.444,-0.206,13
2026-10-06 15:36:52,3770.0,3781.0,-0.0015,-0.64,-14.14,17.7,-16.82,128.63,-0.385,-2.494,0.031,13
2026-10-06 15:36:52,3770.0,3781.0,-0.0015,-0.64,-14.14,17.7,-16.82,128.63,-0.385,-2.494,-0.189,13
2026-10-06 15:36:52,3770.0,3781.0,-0.0015,-0.64,-14.14,17.7,-16.82,128.63,-0.385,-2.494,-0.189,13
2026-10-06 15:36:52,3770.0,3781.0,-0.0015,-0.64,-14.14,17.7,-16.82,128.63,-0.385,-2.494,-0.189,13
2026-10-06 15:36:52,3762.0,3771.0,-0.0012,-0.55,-14.14,17.7,-16.82,128.63,-0.385,-2.494,-0.189,13
2026-10-06 15:36:52,3762.0,3771.0,-0.0012,-0.55,-14.18,17.58,-16.88,128.88,-0.385,-2.494,-0.189,13
2026-10-06 15:36:52,3762.0,3771.0,-0.0012,-0.55,-14.18,17.58,-16.88,128.88,-1.855,-2.713,0.346,13
2026-10-06 15:36:52,3762.0,3771.0,-0.0012,-0.55,-14.18,17.58,-16.88,128.88,-1.855,-2.713,-0.128,13
2026-10-06 15:36:52,3762.0,3771.0,-0.0012,-0.55,-14.18,17.58,-16.88,128.88,-1.855,-2.713,-0.128,13
2026-10-06 15:36:52,3762.0,3771.0,-0.0012,-0.55,-14.18,17.58,-16.88,128.88,-1.855,-2.713,-0.128,13
2026-10-06 15:36:52,3763.0,3769.0,-0.0008,-0.12,-14.18,17.58,-16.88,128.88,-1.855,-2.713,-0.128,13
2026-10-06 15:36:52,3763.0,3769.0,-0.0008,-0.12,-14.16,17.73,-16.86,128.62,-1.855,-2.713,-0.128,13
2026-10-06 15:36:52,3763.0,3769.0,-0.0008,-0.12,-14.16,17.73,-16.86,128.62,-0.411,-2.354,-0.704,13
2026-10-06 15:36:53,3762.0,3767.0,-0.0007,-0.18,-14.16,17.73,-16.86,128.62,-0.411,-2.354,-0.704,13
2026-10-06 15:36:53,3762.0,3767.0,-0.0007,-0.18,-14.21,17.82,-17.02,128.56,-0.411,-2.354,-0.704,13
2026-10-06 15:36:53,3762.0,3767.0,-0.0007,-0.18,-14.21,17.82,-17.02,128.56,-1.619,-2.844,0.696,13
2026-10-06 15:36:53,3762.0,3767.0,-0.0007,-0.18,-14.21,17.82,-17.02,128.56,-1.619,-2.844,-0.311,13
2026-10-06 15:36:53,3762.0,3767.0,-0.0007,-0.18,-14.21,17.82,-17.02,128.56,-1.619,-2.844,-0.311,13
2026-10-06 15:36:53,3762.0,3767.0,-0.0007,-0.18,-14.21,17.82,-17.02,128.56,-1.619,-2.844,-0.311,13
2026-10-06 15:36:53,3760.0,3766.0,-0.0008,-0.22,-14.21,17.82,-17.02,128.56,-1.619,-2.844,-0.311,13
2026-10-06 15:36:53,3760.0,3766.0,-0.0008,-0.22,-14.22,17.7,-16.83,128.79,-1.619,-2.844,-0.311,13
2026-10-06 15:36:53,3760.0,3766.0,-0.0008,-0.22,-14.22,17.7,-16.83,128.79,-0.411,-1.759,-0.275,13
2026-10-06 15:36:53,3760.0,3766.0,-0.0008,-0.22,-14.22,17.7,-16.83,128.79,-0.411,-1.759,-0.154,13
2026-10-06 15:36:53,3760.0,3766.0,-0.0008,-0.22,-14.22,17.7,-16.83,128.79,-0.411,-1.759,-0.154,13
2026-10-06 15:36:53,3760.0,3766.0,-0.0008,-0.22,-14.22,17.7,-16.83,128.79,-0.411,-1.759,-0.154,13
2026-10-06 15:36:53,3759.0,3767.0,-0.0011,-0.46,-14.22,17.7,-16.83,128.79,-0.411,-1.759,-0.154,13
2026-10-06 15:36:53,3759.0,3767.0,-0.0011,-0.46,-14.16,17.65,-16.98,128.74,-0.411,-1.759,-0.154,13
2026-10-06 15:36:53,3759.0,3767.0,-0.0011,-0.46,-14.16,17.65,-16.98,128.74,-1.505,-1.514,-0.362,13
2026-10-06 15:36:53,3759.0,3767.0,-0.0011,-0.46,-14.16,17.65,-16.98,128.74,-1.505,-1.514,-0.241,13
2026-10-06 15:36:53,3759.0,3767.0,-0.0011,-0.46,-14.16,17.65,-16.98,128.74,-1.505,-1.514,-0.241,13
2026-10-06 15:36:53,3759.0,3767.0,-0.0011,-0.46,-14.16,17.65,-16.98,128.74,-1.505,-1.514,-0.241,13
2026-10-06 15:36:53,3760.0,3768.0,-0.0011,-0.48,-14.16,17.65,-16.98,128.74,-1.505,-1.514,-0.241,13
2026-10-06 15:36:53,3760.0,3768.0,-0.0011,-0.48,-14.21,17.89,-16.93,128.46,-1.505,-1.514,-0.241,13
2026-10-06 15:36:53,3760.0,3768.0,-0.0011,-0.48,-14.21,17.89,-16.93,128.46,-1.942,-2.87,0.539,13
2026-10-06 15:36:53,3760.0,3768.0,-0.0011,-0.48,-14.21,17.89,-16.93,128.46,-1.942,-2.87,-0.285,13
2026-10-06 15:36:53,3760.0,3768.0,-0.0011,-0.48,-14.21,17.89,-16.93,128.46,-1.942,-2.87,-0.285,13
2026-10-06 15:36:53,3760.0,3768.0,-0.0011,-0.48,-14.21,17.89,-16.93,128.46,-1.942,-2.87,-0.285,13
2026-10-06 15:36:53,3762.0,3770.0,-0.0011,-0.51,-14.21,17.89,-16.93,128.46,-1.942,-2.87,-0.285,13
2026-10-06 15:36:53,3762.0,3770.0,-0.0011,-0.51,-14.14,17.74,-17.1,128.56,-1.942,-2.87,-0.285,13
2026-10-06 15:36:53,3762.0,3770.0,-0.0011,-0.51,-14.14,17.74,-17.1,128.56,-0.14,-2.459,-0.52,13
2026-10-06 15:36:53,3760.0,3767.0,-0.0009,-0.5,-14.14,17.74,-17.1,128.56,-0.14,-2.459,-0.52,13
2026-10-06 15:36:54,3760.0,3767.0,-0.0009,-0.5,-14.18,17.76,-16.93,128.6,-0.14,-2.459,-0.52,13
2026-10-06 15:36:54,3760.0,3767.0,-0.0009,-0.5,-14.18,17.76,-16.93,128.6,-1.409,-2.686,0.189,13
2026-10-06 15:36:54,3760.0,3767.0,-0.0009,-0.5,-14.18,17.76,-16.93,128.6,-1.409,-2.686,-0.189,13
2026-10-06 15:36:54,3760.0,3767.0,-0.0009,-0.5,-14.18,17.76,-16.93,128.6,-1.409,-2.686,-0.189,13
2026-10-06 15:36:54,3760.0,3767.0,-0.0009,-0.5,-14.18,17.76,-16.93,128.6,-1.409,-2.686,-0.189,13
2026-10-06 15:36:54,3756.0,3764.0,-0.0011,-0.49,-14.18,17.76,-16.93,128.6,-1.409,-2.686,-0.189,13
2026-10-06 15:36:54,3756.0,3764.0,-0.0011,-0.49,-14.19,17.79,-17.01,128.58,-1.409,-2.686,-0.189,13
2026-10-06 15:36:54,3756.0,3764.0,-0.0011,-0.49,-14.19,17.79,-17.01,128.58,-0.971,-1.4,-0.109,13
2026-10-06 15:36:54,3756.0,3764.0,-0.0011,-0.49,-14.19,17.79,-17.01,128.58,-0.971,-1.4,-0.46,13
2026-10-06 15:36:54,3756.0,3764.0,-0.0011,-0.49,-14.19,17.79,-17.01,128.58,-0.971,-1.4,-0.46,13
2026-10-06 15:36:54,3756.0,3764.0,-0.0011,-0.49,-14.19,17.79,-17.01,128.58,-0.971,-1.4,-0.46,13
2026-10-06 15:36:54,3749.0,3756.0,-0.0009,-0.34,-14.19,17.79,-17.01,128.58,-0.971,-1.4,-0.46,13
2026-10-06 15:36:54,3749.0,3756.0,-0.0009,-0.34,-14.13,17.68,-16.86,128.63,-0.971,-1.4,-0.46,13
2026-10-06 15:36:54,3749.0,3756.0,-0.0009,-0.34,-14.13,17.68,-16.86,128.63,-1.523,-1.47,-0.406,13
2026-10-06 15:36:54,3749.0,3756.0,-0.0009,-0.34,-14.13,17.68,-16.86,128.63,-1.523,-1.47,-0.276,13
2026-10-06 15:36:54,3749.0,3756.0,-0.0009,-0.34,-14.13,17.68,-16.86,128.63,-1.523,-1.47,-0.276,13
2026-10-06 15:36:54,3749.0,3756.0,-0.0009,-0.34,-14.13,17.68,-16.86,128.63,-1.523,-1.47,-0.276,13
2026-10-06 15:36:54,3735.0,3742.0,-0.0009,-0.94,-14.13,17.68,-16.86,128.63,-1.523,-1.47,-0.276,13
2026-10-06 15:36:54,3735.0,3742.0,-0.0009,-0.94,-14.1,17.57,-17.02,128.74,-1.523,-1.47,-0.276,13
2026-10-06 15:36:54,3735.0,3742.0,-0.0009,-0.94,-14.1,17.57,-17.02,128.74,-2.021,-1.558,0.276,13
2026-10-06 15:36:54,3735.0,3742.0,-0.0009,-0.94,-14.1,17.57,-17.02,128.74,-2.021,-1.558,-0.338,13
2026-10-06 15:36:54,3735.0,3742.0,-0.0009,-0.94,-14.1,17.57,-17.02,128.74,-2.021,-1.558,-0.338,13
2026-10-06 15:36:54,3735.0,3742.0,-0.0009,-0.94,-14.1,17.57,-17.02,128.74,-2.021,-1.558,-0.338,13
2026-10-06 15:36:54,3742.0,3753.0,-0.0015,-1.17,-14.1,17.57,-17.02,128.74,-2.021,-1.558,-0.338,13
2026-10-06 15:36:54,3742.0,3753.0,-0.0015,-1.17,-14.18,17.31,-16.7,129.31,-2.021,-1.558,-0.338,13
2026-10-06 15:36:54,3742.0,3753.0,-0.0015,-1.17,-14.18,17.31,-16.7,129.31,-0.219,-2.783,-0.292,13
2026-10-06 15:36:54,3742.0,3752.0,-0.0013,-1.08,-14.18,17.31,-16.7,129.31,-0.219,-2.783,-0.292,13
2026-10-06 15:36:54,3742.0,3752.0,-0.0013,-1.08,-14.18,17.31,-16.5,129.31,-0.219,-2.783,-0.292,13
2026-10-06 15:36:54,3742.0,3752.0,-0.0013,-1.08,-14.18,17.31,-16.5,129.31,-2.074,-3.054,0.486,13
2026-10-06 15:36:54,3742.0,3752.0,-0.0013,-1.08,-14.18,17.31,-16.5,129.31,-2.074,-3.054,-0.521,15
2026-10-06 15:36:55,3742.0,3752.0,-0.0013,-1.08,-14.18,17.31,-16.5,129.31,-2.074,-3.054,-0.521,15
2026-10-06 15:36:55,3742.0,3752.0,-0.0013,-1.08,-14.18,17.31,-16.5,129.31,-2.074,-3.054,-0.521,15
2026-10-06 15:36:55,3723.0,3728.0,-0.0007,-0.74,-14.18,17.31,-16.5,129.31,-2.074,-3.054,-0.521,15
2026-10-06 15:36:55,3723.0,3728.0,-0.0007,-0.74,-14.22,17.26,-16.69,129.49,-2.074,-3.054,-0.521,15
2026-10-06 15:36:55,3723.0,3728.0,-0.0007,-0.74,-14.22,17.26,-16.69,129.49,-0.613,-3.5,-0.406,15
2026-10-06 15:36:55,3723.0,3728.0,-0.0007,-0.74,-14.22,17.26,-16.69,129.49,-0.613,-3.5,-0.381,15
2026-10-06 15:36:55,3723.0,3728.0,-0.0007,-0.74,-14.22,17.26,-16.69,129.49,-0.613,-3.5,-0.381,15
2026-10-06 15:36:55,3723.0,3728.0,-0.0007,-0.74,-14.22,17.26,-16.69,129.49,-0.613,-3.5,-0.381,15
2026-10-06 15:36:55,3711.0,3706.0,0.0007,-0.1,-14.22,17.26,-16.69,129.49,-0.613,-3.5,-0.381,15
2026-10-06 15:36:55,3711.0,3706.0,0.0007,-0.1,-14.08,17.18,-16.61,129.33,-0.613,-3.5,-0.381,15
2026-10-06 15:36:55,3711.0,3706.0,0.0007,-0.1,-14.08,17.18,-16.61,129.33,-1.54,-2.966,0.425,15
2026-10-06 15:36:55,3711.0,3706.0,0.0007,-0.1,-14.08,17.18,-16.61,129.33,-1.54,-2.966,-0.478,15
2026-10-06 15:36:55,3711.0,3706.0,0.0007,-0.1,-14.08,17.18,-16.61,129.33,-1.54,-2.966,-0.478,15
2026-10-06 15:36:55,3711.0,3706.0,0.0007,-0.1,-14.08,17.18,-16.61,129.33,-1.54,-2.966,-0.478,15
2026-10-06 15:36:55,3711.0,3705.0,0.0008,-0.13,-14.08,17.18,-16.61,129.33,-1.54,-2.966,-0.478,15
2026-10-06 15:36:55,3711.0,3705.0,0.0008,-0.13,-14.21,17.1,-16.58,129.72,-1.54,-2.966,-0.478,15
2026-10-06 15:36:55,3711.0,3705.0,0.0008,-0.13,-14.21,17.1,-16.58,129.72,-0.814,-1.864,0.128,15
2026-10-06 15:36:55,3711.0,3705.0,0.0008,-0.13,-14.21,17.1,-16.58,129.72,-0.814,-1.864,-0.513,13
2026-10-06 15:36:55,3711.0,3705.0,0.0008,-0.13,-14.21,17.1,-16.58,129.72,-0.814,-1.864,-0.513,13
2026-10-06 15:36:55,3711.0,3705.0,0.0008,-0.13,-14.21,17.1,-16.58,129.72,-0.814,-1.864,-0.513,13
2026-10-06 15:36:55,3726.0,3732.0,-0.0008,-0.65,-14.21,17.1,-16.58,129.72,-0.814,-1.864,-0.513,13
2026-10-06 15:36:55,3726.0,3732.0,-0.0008,-0.65,-14.22,17.25,-16.61,129.51,-0.814,-1.864,-0.513,13
2026-10-06 15:36:55,3726.0,3732.0,-0.0008,-0.65,-14.22,17.25,-16.61,129.51,-1.995,-1.995,-0.074,13
2026-10-06 15:36:56,3740.0,3752.0,-0.0016,-1.3,-14.22,17.25,-16.61,129.51,-1.995,-1.995,-0.074,13
2026-10-06 15:36:56,3740.0,3752.0,-0.0016,-1.3,-14.14,17.36,-16.35,129.17,-1.995,-1.995,-0.074,13
2026-10-06 15:36:56,3740.0,3752.0,-0.0016,-1.3,-14.14,17.36,-16.35,129.17,-1.251,-1.96,0.25,13
2026-10-06 15:36:56,3740.0,3752.0,-0.0016,-1.3,-14.14,17.36,-16.35,129.17,-1.251,-1.96,-0.206,15
2026-10-06 15:36:56,3740.0,3752.0,-0.0016,-1.3,-14.14,17.36,-16.35,129.17,-1.251,-1.96,-0.206,15
2026-10-06 15:36:56,3740.0,3752.0,-0.0016,-1.3,-14.14,17.36,-16.35,129.17,-1.251,-1.96,-0.206,15
2026-10-06 15:36:56,3749.0,3749.0,0.0,0.15,-14.14,17.36,-16.35,129.17,-1.251,-1.96,-0.206,15
2026-10-06 15:36:56,3749.0,3749.0,0.0,0.15,-13.89,17.28,-16.91,128.79,-1.251,-1.96,-0.206,15
2026-10-06 15:36:56,3749.0,3749.0,0.0,0.15,-13.89,17.28,-16.91,128.79,-0.359,-2.161,-0.861,15
2026-10-06 15:36:56,3749.0,3749.0,0.0,0.15,-13.89,17.28,-16.91,128.79,-0.359,-2.161,-0.425,15
2026-10-06 15:36:56,3749.0,3749.0,0.0,0.15,-13.89,17.28,-16.91,128.79,-0.359,-2.161,-0.425,15
2026-10-06 15:36:56,3749.0,3749.0,0.0,0.15,-13.89,17.28,-16.91,128.79,-0.359,-2.161,-0.425,15
2026-10-06 15:36:56,3756.0,3758.0,-0.0003,-0.05,-13.89,17.28,-16.91,128.79,-0.359,-2.161,-0.425,15
2026-10-06 15:36:56,3756.0,3758.0,-0.0003,-0.05,-14.26,16.98,-16.69,130.02,-0.359,-2.161,-0.425,15
2026-10-06 15:36:56,3756.0,3758.0,-0.0003,-0.05,-14.26,16.98,-16.69,130.02,-2.144,-2.721,0.618,15
2026-10-06 15:36:56,3756.0,3758.0,-0.0003,-0.05,-14.26,16.98,-16.69,130.02,-2.144,-2.721,-0.801,13
2026-10-06 15:36:56,3756.0,3758.0,-0.0003,-0.05,-14.26,16.98,-16.69,130.02,-2.144,-2.721,-0.801,13
2026-10-06 15:36:56,3756.0,3758.0,-0.0003,-0.05,-14.26,16.98,-16.69,130.02,-2.144,-2.721,-0.801,13
2026-10-06 15:36:56,3764.0,3771.0,-0.0009,-0.3,-14.26,16.98,-16.69,130.02,-2.144,-2.721,-0.801,13
2026-10-06 15:36:56,3764.0,3771.0,-0.0009,-0.3,-14.14,16.98,-16.64,129.8,-2.144,-2.721,-0.801,13
2026-10-06 15:36:56,3764.0,3771.0,-0.0009,-0.3,-14.14,16.98,-16.64,129.8,-0.262,-2.704,-0.275,13
2026-10-06 15:36:56,3764.0,3771.0,-0.0009,-0.3,-14.14,16.98,-16.64,129.8,-0.262,-2.704,0.424,13
2026-10-06 15:36:56,3764.0,3771.0,-0.0009,-0.3,-14.14,16.98,-16.64,129.8,-0.262,-2.704,0.424,13
2026-10-06 15:36:56,3764.0,3771.0,-0.0009,-0.3,-14.14,16.98,-16.64,129.8,-0.262,-2.704,0.424,13
2026-10-06 15:36:56,3769.0,3782.0,-0.0017,-0.72,-14.14,16.98,-16.64,129.8,-0.262,-2.704,0.424,13
2026-10-06 15:36:56,3769.0,3782.0,-0.0017,-0.72,-14.13,17.34,-16.67,129.17,-0.262,-2.704,0.424,13
2026-10-06 15:36:56,3769.0,3782.0,-0.0017,-0.72,-14.13,17.34,-16.67,129.17,-1.636,-3.447,-0.117,13
2026-10-06 15:36:56,3779.0,3785.0,-0.0008,0.07,-14.13,17.34,-16.67,129.17,-1.636,-3.447,-0.117,13
2026-10-06 15:36:56,3779.0,3785.0,-0.0008,0.07,-14.13,17.09,-16.66,129.58,-1.636,-3.447,-0.117,13
2026-10-06 15:36:56,3779.0,3785.0,-0.0008,0.07,-14.13,17.09,-16.66,129.58,-0.683,-1.663,-0.485,13
2026-10-06 15:36:57,3779.0,3785.0,-0.0008,0.07,-14.13,17.09,-16.66,129.58,-0.683,-1.663,0.091,14
2026-10-06 15:36:57,3779.0,3785.0,-0.0008,0.07,-14.13,17.09,-16.66,129.58,-0.683,-1.663,0.091,14
2026-10-06 15:36:57,3779.0,3785.0,-0.0008,0.07,-14.13,17.09,-16.66,129.58,-0.683,-1.663,0.091,14
2026-10-06 15:36:57,3783.0,3786.0,-0.0004,0.43,-14.13,17.09,-16.66,129.58,-0.683,-1.663,0.091,14
2026-10-06 15:36:57,3783.0,3786.0,-0.0004,0.43,-14.1,16.96,-16.67,129.73,-0.683,-1.663,0.091,14
2026-10-06 15:36:57,3783.0,3786.0,-0.0004,0.43,-14.1,16.96,-16.67,129.73,-2.476,-3.019,0.469,14
2026-10-06 15:36:57,3783.0,3786.0,-0.0004,0.43,-14.1,16.96,-16.67,129.73,-2.476,-3.019,0.126,13
2026-10-06 15:36:57,3783.0,3786.0,-0.0004,0.43,-14.1,16.96,-16.67,129.73,-2.476,-3.019,0.126,13
2026-10-06 15:36:57,3783.0,3786.0,-0.0004,0.43,-14.1,16.96,-16.67,129.73,-2.476,-3.019,0.126,13
2026-10-06 15:36:57,3776.0,3784.0,-0.0011,-0.12,-14.1,16.96,-16.67,129.73,-2.476,-3.019,0.126,13
2026-10-06 15:36:57,3776.0,3784.0,-0.0011,-0.12,-14.19,17.12,-16.7,129.66,-2.476,-3.019,0.126,13
2026-10-06 15:36:57,3776.0,3784.0,-0.0011,-0.12,-14.19,17.12,-16.7,129.66,-0.805,-2.082,0.066,13
2026-10-06 15:36:57,3776.0,3784.0,-0.0011,-0.12,-14.19,17.12,-16.7,129.66,-0.805,-2.082,0.161,13
2026-10-06 15:36:57,3776.0,3784.0,-0.0011,-0.12,-14.19,17.12,-16.7,129.66,-0.805,-2.082,0.161,13
2026-10-06 15:36:57,3776.0,3784.0,-0.0011,-0.12,-14.19,17.12,-16.7,129.66,-0.805,-2.082,0.161,13
2026-10-06 15:36:57,3773.0,3780.0,-0.0009,-0.19,-14.19,17.12,-16.7,129.66,-0.805,-2.082,0.161,13
2026-10-06 15:36:57,3773.0,3780.0,-0.0009,-0.19,-13.98,17.22,-16.67,129.09,-0.805,-2.082,0.161,13
2026-10-06 15:36:57,3773.0,3780.0,-0.0009,-0.19,-13.98,17.22,-16.67,129.09,-0.219,-2.45,-0.537,13
2026-10-06 15:36:57,3773.0,3780.0,-0.0009,-0.19,-13.98,17.22,-16.67,129.09,-0.219,-2.45,0.896,13
2026-10-06 15:36:57,3773.0,3780.0,-0.0009,-0.19,-13.98,17.22,-16.67,129.09,-0.219,-2.45,0.896,13
2026-10-06 15:36:57,3773.0,3780.0,-0.0009,-0.19,-13.98,17.22,-16.67,129.09,-0.219,-2.45,0.896,13
2026-10-06 15:36:57,3773.0,3777.0,-0.0005,0.17,-13.98,17.22,-16.67,129.09,-0.219,-2.45,0.896,13
2026-10-06 15:36:57,3773.0,3777.0,-0.0005,0.17,-14.18,17.01,-16.58,129.81,-0.219,-2.45,0.896,13
2026-10-06 15:36:57,3773.0,3777.0,-0.0005,0.17,-14.18,17.01,-16.58,129.81,-1.768,-2.581,0.189,13
2026-10-06 15:36:57,3771.0,3776.0,-0.0007,0.19,-14.18,17.01,-16.58,129.81,-1.768,-2.581,0.189,13
2026-10-06 15:36:57,3771.0,3776.0,-0.0007,0.19,-14.13,16.98,-16.62,129.77,-1.768,-2.581,0.189,13
2026-10-06 15:36:57,3771.0,3776.0,-0.0007,0.19,-14.13,16.98,-16.62,129.77,-0.368,-2.896,-0.319,13
2026-10-06 15:36:58,3771.0,3776.0,-0.0007,0.19,-14.13,16.98,-16.62,129.77,-0.368,-2.896,0.222,13
2026-10-06 15:36:58,3771.0,3776.0,-0.0007,0.19,-14.13,16.98,-16.62,129.77,-0.368,-2.896,0.222,13
2026-10-06 15:36:58,3771.0,3776.0,-0.0007,0.19,-14.13,16.98,-16.62,129.77,-0.368,-2.896,0.222,13
2026-10-06 15:36:58,3769.0,3775.0,-0.0008,-0.01,-14.13,16.98,-16.62,129.77,-0.368,-2.896,0.222,13
2026-10-06 15:36:58,3769.0,3775.0,-0.0008,-0.01,-14.18,17.1,-16.82,129.65,-0.368,-2.896,0.222,13
2026-10-06 15:36:58,3769.0,3775.0,-0.0008,-0.01,-14.18,17.1,-16.82,129.65,-1.925,-2.039,0.556,13
2026-10-06 15:36:58,3769.0,3775.0,-0.0008,-0.01,-14.18,17.1,-16.82,129.65,-1.925,-2.039,0.257,13
2026-10-06 15:36:58,3769.0,3775.0,-0.0008,-0.01,-14.18,17.1,-16.82,129.65,-1.925,-2.039,0.257,13
2026-10-06 15:36:58,3769.0,3775.0,-0.0008,-0.01,-14.18,17.1,-16.82,129.65,-1.925,-2.039,0.257,13
2026-10-06 15:36:58,3771.0,3775.0,-0.0005,0.17,-14.18,17.1,-16.82,129.65,-1.925,-2.039,0.257,13
2026-10-06 15:36:58,3771.0,3775.0,-0.0005,0.17,-14.06,16.96,-16.83,129.67,-1.925,-2.039,0.257,13
2026-10-06 15:36:58,3771.0,3775.0,-0.0005,0.17,-14.06,16.96,-16.83,129.67,-1.006,-1.654,-0.791,13
